cell,time,x,y,z,size,blot
ABa,1,202,239,15.0,50,461
ABa,2,201,266,15.0,50,-869
ABal,3,191,260,16.5,50,-651
ABal,4,181,253,18.0,50,-176
ABal,5,184,243,16.4,54,-356
ABal,6,191,231,15.3,64,-161
ABal,7,180,222,15.9,67,-380
ABal,8,170,224,16.6,70,322
ABal,9,169,232,18.2,71,-716
ABal,10,171,246,18.3,71,-936
ABal,11,160,235,18.3,73,-1384
ABal,12,151,227,18.0,78,-1118
ABal,13,149,211,16.4,79,-1200
ABal,14,155,211,15.1,81,-983
ABal,15,156,217,14.3,80,-615
ABal,16,155,217,13.2,78,-1004
ABal,17,157,237,12.3,67,-885
ABal,18,174,244,12.3,59,-129
ABala,19,154,271,14.1,43,-799
ABala,20,150,273,12.2,49,-758
ABala,21,152,267,11.7,55,-261
ABala,22,154,277,12.3,60,-530
ABala,23,151,284,11.3,61,-541
ABala,24,143,279,11.4,63,-1121
ABala,25,139,275,12.2,64,-391
ABala,26,142,277,12.0,64,-1021
ABala,27,139,274,12.2,61,-788
ABala,28,137,272,13.1,63,-829
ABala,29,136,273,13.5,62,-934
ABala,30,135,270,14.0,63,-535
ABala,31,135,281,13.2,65,-1266
ABala,32,139,293,13.3,66,-995
ABala,33,146,294,13.1,65,-746
ABala,34,154,296,12.3,65,-959
ABala,35,154,293,12.3,66,-1375
ABala,36,165,297,11.3,64,-153
ABala,37,175,290,11.8,60,-489
ABalaa,38,157,296,9.7,38,-1533
ABalaa,39,148,288,10.2,46,-346
ABalaa,40,138,282,11.1,52,-889
ABalaa,41,137,284,11.1,50,-80
ABalaa,42,134,284,11.1,50,-1577
ABalaa,43,129,273,11.2,52,-976
ABalaa,44,127,262,11.1,50,-1265
ABalaa,45,132,261,10.3,55,-48
ABalaa,46,135,257,10.1,55,-526
ABalaa,47,143,260,9.8,57,-704
ABalaa,48,143,263,10.0,56,-1010
ABalaa,49,136,266,11.0,54,68
ABalaa,50,135,265,11.2,57,-358
ABalaa,51,137,271,11.1,55,-863
ABalaa,52,133,260,11.2,59,-946
ABalaa,53,134,258,11.1,59,-593
ABalaa,54,135,257,10.9,57,694
ABalaa,55,136,263,10.9,58,-362
ABalaa,56,136,262,10.8,58,-793
ABalaa,57,133,263,11.0,59,62
ABalaa,58,134,262,10.8,58,-305
ABalaa,59,139,264,10.6,58,230
ABalaa,60,143,267,10.5,58,232
ABalaa,61,149,268,10.0,56,-269
ABalaa,62,151,275,10.0,56,-90
ABalaa,63,159,277,10.9,55,790
ABalaa,64,148,279,11.0,53,-896
ABalaaa,65,142,288,11.3,36,120
ABalaaa,66,140,283,11.9,49,490
ABalaaa,67,132,271,11.8,49,516
ABalaaa,68,127,274,11.3,47,1196
ABalaaa,69,123,260,12.0,49,604
ABalaaa,70,129,274,11.8,50,292
ABalaaa,71,125,276,11.5,48,1925
ABalaaa,72,126,273,11.8,50,-393
ABalaaa,73,132,275,11.0,51,1107
ABalaaa,74,130,279,11.8,51,995
ABalaaa,75,127,277,12.0,51,1697
ABalaaa,76,126,283,12.7,51,1147
ABalaaa,77,124,289,13.0,50,2683
ABalaaa,78,122,285,13.1,50,1312
ABalaaa,79,121,285,13.9,50,2708
ABalaaa,80,123,291,14.1,49,3305
ABalaaa,81,122,293,14.1,49,2544
ABalaaa,82,125,290,13.8,49,2834
ABalaaa,83,125,294,13.9,49,4203
ABalaaa,84,128,293,13.9,49,4457
ABalaaa,85,129,295,13.9,50,4524
ABalaaa,86,133,304,14.8,50,5942
ABalaaa,87,131,305,14.9,50,5766
ABalaaa,88,131,304,14.8,50,5197
ABalaaa,89,128,300,15.0,49,6080
ABalaaa,90,128,295,14.2,49,6085
ABalaaa,91,129,301,14.9,49,6829
ABalaaa,92,124,298,15.0,49,7541
ABalaaa,93,127,305,15.1,49,9589
ABalaaa,94,130,310,15.0,49,9109
ABalaaa,95,136,314,14.0,49,10627
ABalaaa,96,137,314,13.1,50,9920
ABalaaa,97,139,310,12.0,46,12044
ABalaaa,98,143,312,11.2,46,16356
ABalaaa,99,154,303,11.1,42,18154
ABalaaaa,100,150,289,9.2,29,16863
ABalaaaa,101,148,281,8.5,38,16232
ABalaaaa,102,146,276,9.0,40,11167
ABalaaaa,103,136,270,9.8,40,11217
ABalaaaa,104,136,256,9.1,41,14324
ABalaaaa,105,139,249,8.9,42,11500
ABalaaaa,106,141,249,8.1,40,11758
ABalaaaa,107,145,254,8.0,42,12623
ABalaaaa,108,151,256,7.9,42,13511
ABalaaaa,109,140,265,8.8,42,13788
ABalaaaa,110,135,275,9.8,42,14548
ABalaaaa,111,135,282,9.8,41,13185
ABalaaaa,112,135,288,10.1,42,17312
ABalaaaa,113,138,296,10.2,42,16630
ABalaaaa,114,135,307,11.2,42,17476
ABalaaaa,115,135,306,11.8,42,17072
ABalaaaa,116,129,308,12.9,42,18295
ABalaaaa,117,131,308,13.0,42,16904
ABalaaaa,118,129,308,13.8,42,17252
ABalaaaa,119,125,305,14.0,42,21374
ABalaaaa,120,123,301,14.9,42,22042
ABalaaaa,121,125,308,15.1,42,21146
ABalaaaa,122,126,310,15.8,42,22868
ABalaaaa,123,124,307,16.1,42,25210
ABalaaaa,124,125,304,16.1,42,22526
ABalaaaa,125,124,303,16.9,42,23415
ABalaaaa,126,127,298,16.9,42,22283
ABalaaaa,127,128,289,17.1,42,22022
ABalaaaa,128,135,280,18.9,42,23981
ABalaaaa,129,134,279,18.9,42,22979
ABalaaaa,130,137,270,19.0,42,24001
ABalaaaa,131,137,270,19.1,42,22636
ABalaaaa,132,138,269,19.9,42,23011
ABalaaaa,133,134,275,19.0,42,25853
ABalaaaa,134,132,271,18.1,45,25368
ABalaaaa,135,126,270,17.9,41,29968
ABalaaaa,136,126,287,17.3,43,25898
ABalaaaa,137,127,284,18.9,40,30206
ABalaaaa,138,131,272,18.1,43,27544
ABalaaaa,139,125,265,18.1,40,31878
ABalaaaa,140,119,254,17.1,41,37454
ABalaaaa,141,114,239,17.0,41,35562
ABalaaaa,142,108,232,16.3,41,33109
ABalaaaa,143,109,230,15.2,39,37658
ABalaaaa,144,114,221,14.4,39,39246
ABalaaaa,145,118,217,14.1,39,43584
ABalaaaa,146,118,221,13.3,36,53455
ABalaaaa,147,123,223,14.1,38,48933
ABalaaaa,148,131,225,14.0,38,50135
ABalaaaal,149,132,203,14.9,34,39401
ABalaaaal,150,128,194,14.9,34,34161
ABalaaaal,151,129,192,15.1,34,25374
ABalaaaal,152,130,190,15.8,34,30655
ABalaaaal,153,132,187,15.9,34,28059
ABalaaaal,154,134,179,15.8,34,30579
ABalaaaal,155,136,177,16.0,36,27217
ABalaaaal,156,136,180,15.9,34,30584
ABalaaaal,157,133,187,16.2,36,31050
ABalaaaal,158,131,186,15.3,36,29886
ABalaaaal,159,133,187,15.9,34,35167
ABalaaaal,160,136,188,15.1,36,34736
ABalaaaal,161,143,192,14.1,37,33316
ABalaaaal,162,137,193,14.4,37,34942
ABalaaaal,163,137,194,14.9,35,35412
ABalaaaal,164,134,193,14.2,37,33963
ABalaaaal,165,134,195,14.9,35,34155
ABalaaaal,166,135,196,14.1,35,36734
ABalaaaal,167,137,198,14.2,37,33912
ABalaaaal,168,139,199,14.1,37,37018
ABalaaaal,169,143,194,14.0,35,33172
ABalaaaal,170,144,194,14.1,37,34680
ABalaaaal,171,147,192,14.0,35,35486
ABalaaaal,172,150,189,14.1,37,37064
ABalaaaal,173,152,190,14.0,37,32405
ABalaaaal,174,144,193,14.1,35,37370
ABalaaaal,175,138,191,14.2,37,38781
ABalaaaal,176,141,197,14.2,37,43095
ABalaaaal,177,139,199,14.0,35,37064
ABalaaaal,178,140,201,13.2,37,33978
ABalaaaal,179,137,201,13.1,37,37948
ABalaaaal,180,134,200,14.0,35,36499
ABalaaaal,181,135,205,14.1,35,46116
ABalaaaal,182,138,197,14.1,34,43294
ABalaaaal,183,138,197,13.3,36,37146
ABalaaaal,184,132,199,13.2,35,41741
ABalaaaal,185,132,197,12.4,34,43862
ABalaaaal,186,131,203,13.3,35,40942
ABalaaaal,187,131,202,14.0,34,43842
ABalaaaal,188,126,203,13.3,31,48020
ABalaaaal,189,127,201,13.1,34,45381
ABalaaaal,190,129,202,13.3,31,46696
ABalaaaal,191,127,198,13.2,34,46721
ABalaaaal,192,125,191,13.2,31,49451
ABalaaaal,193,127,193,13.1,34,49850
ABalaaaal,194,128,191,13.1,31,48330
ABalaaaal,195,127,192,12.3,34,47394
ABalaaaal,196,133,181,11.3,31,41158
ABalaaaal,197,135,185,11.2,34,52972
ABalaaaal,198,136,186,10.4,31,53813
ABalaaaal,199,133,183,11.2,34,52355
ABalaaaal,200,138,179,10.4,31,46200
ABalaaaal,201,139,178,10.5,34,49312
ABalaaaal,202,143,179,10.4,31,57595
ABalaaaal,203,146,177,11.0,30,54365
ABalaaaal,204,142,182,11.1,32,55708
ABalaaaal,205,146,175,11.2,31,53267
ABalaaaala,206,139,188,12.0,32,34184
ABalaaaala,207,136,185,12.2,26,50789
ABalaaaala,208,135,186,12.3,26,44036
ABalaaaala,209,134,187,12.0,26,38749
ABalaaaala,210,132,189,11.7,26,34413
ABalaaaala,211,130,191,11.3,26,38618
ABalaaaala,212,128,193,11.0,26,44442
ABalaaaala,213,127,197,11.9,29,39539
ABalaaaala,214,126,205,10.3,32,34368
ABalaaaala,215,129,202,10.3,31,39161
ABalaaaala,216,130,202,10.3,32,37167
ABalaaaala,217,128,200,10.3,31,40563
ABalaaaala,218,131,197,10.5,32,38225
ABalaaaala,219,130,195,10.5,31,37438
ABalaaaala,220,132,197,10.3,32,35397
ABalaaaalp,206,153,165,11.1,30,42442
ABalaaaalp,207,168,154,11.9,29,43387
ABalaaaalp,208,168,154,11.9,30,35517
ABalaaaalp,209,162,153,11.3,26,53026
ABalaaaalp,210,163,151,11.2,26,45053
ABalaaaalp,211,164,149,11.4,31,36213
ABalaaaalp,212,170,147,11.1,34,36685
ABalaaaalp,213,162,153,11.0,26,52202
ABalaaaalp,214,162,153,11.0,26,42241
ABalaaaalp,215,162,156,10.3,31,41161
ABalaaaalp,216,158,162,10.9,30,40572
ABalaaaalp,217,160,164,10.5,31,41672
ABalaaaalp,218,161,159,10.3,26,46894
ABalaaaalp,219,163,155,10.4,31,41357
ABalaaaalp,220,163,158,10.9,30,43353
ABalaaaar,149,120,238,13.9,34,33067
ABalaaaar,150,116,241,13.9,34,39595
ABalaaaar,151,120,235,13.1,26,49265
ABalaaaar,152,119,238,13.2,38,32629
ABalaaaar,153,120,233,12.4,38,35090
ABalaaaar,154,116,231,13.3,26,36903
ABalaaaar,155,114,232,13.2,26,36580
ABalaaaar,156,113,229,13.2,26,39903
ABalaaaar,157,115,233,13.1,26,41078
ABalaaaar,158,113,238,13.1,26,45475
ABalaaaar,159,110,236,13.0,26,34360
ABalaaaar,160,108,237,12.3,26,35685
ABalaaaar,161,109,240,13.0,26,43303
ABalaaaar,162,112,248,13.0,39,35978
ABalaaaar,163,113,256,12.9,35,45283
ABalaaaar,164,111,256,13.0,26,40936
ABalaaaar,165,114,261,12.9,35,36783
ABalaaaar,166,112,251,13.0,37,36517
ABalaaaar,167,114,251,13.1,39,33670
ABalaaaar,168,112,248,13.1,35,37759
ABalaaaar,169,110,241,14.0,26,33047
ABalaaaar,170,115,240,13.2,35,42961
ABalaaaar,171,120,232,12.9,35,43908
ABalaaaar,172,118,235,12.4,37,52426
ABalaaaar,173,119,240,12.3,37,45220
ABalaaaar,174,117,243,13.0,35,45710
ABalaaaar,175,119,244,13.0,35,49576
ABalaaaar,176,119,242,13.0,37,44430
ABalaaaar,177,116,248,13.1,39,45266
ABalaaaar,178,114,249,13.0,39,46929
ABalaaaar,179,110,249,13.1,37,48094
ABalaaaar,180,112,250,14.0,35,52227
ABalaaaar,181,116,260,13.1,39,44639
ABalaaaar,182,114,249,14.0,26,43764
ABalaaaar,183,117,250,13.1,38,44259
ABalaaaar,184,118,255,13.0,37,38160
ABalaaaar,185,117,260,13.2,26,42878
ABalaaaar,186,115,264,13.1,35,47153
ABalaaaar,187,112,265,13.1,34,38739
ABalaaaar,188,111,269,13.2,31,50106
ABalaaaar,189,118,269,13.0,34,42342
ABalaaaar,190,118,269,13.0,34,28489
ABalaaaar,191,106,258,14.1,34,46665
ABalaaaar,192,104,251,13.4,31,48613
ABalaaaar,193,104,255,14.0,34,46597
ABalaaaar,194,104,255,14.0,31,39659
ABalaaaar,195,105,258,13.2,34,49055
ABalaaaar,196,108,258,13.1,31,42233
ABalaaaar,197,108,258,13.1,31,47213
ABalaaaar,198,108,254,13.1,31,47041
ABalaaaar,199,108,255,13.2,34,47096
ABalaaaar,200,106,245,13.1,31,50993
ABalaaaar,201,108,243,13.0,34,53729
ABalaaaar,202,111,244,12.3,31,66609
ABalaaaar,203,117,249,12.2,34,52780
ABalaaaar,204,118,253,13.0,34,50806
ABalaaaar,205,121,245,12.5,31,55111
ABalaaaarl,206,121,237,13.1,26,44214
ABalaaaarl,207,120,227,13.2,31,33598
ABalaaaarl,208,118,229,13.1,26,52492
ABalaaaarl,209,119,228,13.3,31,39595
ABalaaaarl,210,121,228,13.3,34,37594
ABalaaaarl,211,120,226,13.2,31,42851
ABalaaaarl,212,119,228,13.0,31,28566
ABalaaaarl,213,117,231,12.8,32,28958
ABalaaaarl,214,116,233,12.7,32,31178
ABalaaaarl,215,114,236,12.5,33,25543
ABalaaaarl,216,112,239,12.3,34,40841
ABalaaaarl,217,114,239,12.2,31,45253
ABalaaaarl,218,113,240,13.0,26,42078
ABalaaaarl,219,118,240,12.2,31,34873
ABalaaaarl,220,114,238,12.3,32,40791
ABalaaaarr,206,123,271,13.0,30,41980
ABalaaaarr,207,124,268,12.5,31,36634
ABalaaaarr,208,126,275,13.0,32,36697
ABalaaaarr,209,126,275,13.0,32,34356
ABalaaaarr,210,125,271,12.0,34,39184
ABalaaaarr,211,130,275,12.1,31,37636
ABalaaaarr,212,127,277,13.0,30,35946
ABalaaaarr,213,122,283,12.4,31,31088
ABalaaaarr,214,120,286,12.4,32,42935
ABalaaaarr,215,119,286,12.5,31,45208
ABalaaaarr,216,125,286,12.4,34,36632
ABalaaaarr,217,127,287,12.2,31,41244
ABalaaaarr,218,130,290,12.1,32,37047
ABalaaaarr,219,125,287,12.0,31,42249
ABalaaaarr,220,126,283,12.8,30,37573
ABalaaap,100,164,297,12.1,39,12619
ABalaaap,101,167,298,13.7,40,7882
ABalaaap,102,167,299,13.2,40,11449
ABalaaap,103,171,293,13.8,40,11209
ABalaaap,104,169,297,14.0,41,9991
ABalaaap,105,165,304,14.0,42,9093
ABalaaap,106,162,304,14.0,42,12376
ABalaaap,107,158,306,13.9,42,10917
ABalaaap,108,158,306,13.8,42,12205
ABalaaap,109,156,308,14.1,42,12784
ABalaaap,110,156,307,14.9,42,15275
ABalaaap,111,156,311,14.3,43,16593
ABalaaap,112,158,307,14.2,42,18430
ABalaaap,113,168,320,14.1,42,17996
ABalaaap,114,169,322,14.1,42,17423
ABalaaap,115,169,324,14.3,44,16214
ABalaaap,116,170,327,15.0,42,17046
ABalaaap,117,166,320,15.1,44,17520
ABalaaap,118,168,323,15.1,42,18705
ABalaaap,119,163,327,15.1,42,18958
ABalaaap,120,161,326,15.0,42,18338
ABalaaap,121,162,328,15.9,42,21117
ABalaaap,122,165,315,16.0,42,21052
ABalaaap,123,160,320,16.1,42,20434
ABalaaap,124,162,318,17.1,42,21313
ABalaaap,125,163,319,17.9,42,24358
ABalaaap,126,163,318,18.0,44,22712
ABalaaap,127,161,318,17.9,42,21597
ABalaaap,128,158,321,17.9,42,21981
ABalaaap,129,150,321,18.0,44,21060
ABalaaap,130,148,314,18.0,42,22866
ABalaaap,131,154,311,18.9,42,21870
ABalaaap,132,154,313,19.0,42,21081
ABalaaap,133,148,319,18.1,42,24876
ABalaaap,134,148,318,18.0,41,29161
ABalaaap,135,147,316,17.3,43,29511
ABalaaap,136,156,324,18.1,41,29133
ABalaaap,137,157,322,18.1,40,30182
ABalaaap,138,153,316,19.0,39,31474
ABalaaap,139,151,307,19.0,38,31557
ABalaaapa,140,133,292,18.9,37,18971
ABalaaapa,141,128,274,18.0,37,26100
ABalaaapa,142,126,264,18.0,37,26531
ABalaaapa,143,120,257,17.2,37,30244
ABalaaapa,144,110,250,16.2,39,29131
ABalaaapa,145,109,240,16.3,37,28793
ABalaaapa,146,102,238,16.5,36,28429
ABalaaapa,147,102,245,16.9,34,25394
ABalaaapa,148,101,246,17.1,34,26593
ABalaaapa,149,101,246,16.9,34,31255
ABalaaapa,150,105,236,17.2,38,31163
ABalaaapa,151,108,229,17.3,36,28730
ABalaaapa,152,112,228,17.4,36,28645
ABalaaapa,153,114,229,17.4,36,29309
ABalaaapa,154,114,228,18.1,36,30269
ABalaaapa,155,121,226,18.1,38,31284
ABalaaapa,156,125,222,18.2,36,30582
ABalaaapa,157,120,221,18.1,36,31775
ABalaaapa,158,115,224,17.2,38,29167
ABalaaapa,159,112,229,17.3,36,34587
ABalaaapa,160,113,225,17.2,36,32797
ABalaaapa,161,117,220,17.1,35,36068
ABalaaapa,162,116,231,17.1,37,33340
ABalaaapa,163,112,236,16.4,37,32896
ABalaaapa,164,114,235,16.8,35,29743
ABalaaapa,165,113,237,16.4,37,34414
ABalaaapa,166,115,228,17.1,37,33313
ABalaaapa,167,117,228,17.3,37,34597
ABalaaapa,168,117,223,17.3,39,31520
ABalaaapa,169,120,218,17.1,39,32167
ABalaaapa,170,119,221,17.0,39,31311
ABalaaapa,171,118,226,16.0,39,34100
ABalaaapa,172,113,233,15.1,37,39620
ABalaaapa,173,115,236,15.2,37,39895
ABalaaapa,174,116,238,16.1,37,43393
ABalaaapa,175,120,243,16.2,37,44429
ABalaaapa,176,119,240,16.2,37,42745
ABalaaapa,177,120,242,16.2,37,42284
ABalaaapa,178,116,240,16.2,39,40617
ABalaaapa,179,115,241,16.2,37,42881
ABalaaapa,180,115,242,16.2,39,44981
ABalaaapa,181,116,245,16.2,39,36499
ABalaaapa,182,118,238,17.0,36,40070
ABalaaapa,183,118,242,17.0,36,40127
ABalaaapa,184,117,238,16.1,37,37384
ABalaaapa,185,120,235,16.3,36,34356
ABalaaapa,186,118,236,16.3,35,36121
ABalaaapa,187,114,238,16.3,34,34680
ABalaaapa,188,115,232,17.1,31,40192
ABalaaapa,189,114,231,17.1,34,44234
ABalaaapa,190,113,233,17.2,31,41462
ABalaaapa,191,111,239,17.2,34,46444
ABalaaapa,192,111,241,17.1,31,57599
ABalaaapa,193,119,236,17.2,34,44143
ABalaaapa,194,119,234,17.1,31,42454
ABalaaapal,195,120,222,17.1,30,25363
ABalaaapal,196,119,209,16.1,31,34038
ABalaaapal,197,121,206,15.9,30,37826
ABalaaapal,198,122,205,15.1,26,37619
ABalaaapal,199,126,205,15.1,30,33818
ABalaaapal,200,132,201,14.2,31,27571
ABalaaapal,201,133,201,14.2,34,26401
ABalaaapal,202,134,197,14.0,29,30435
ABalaaapal,203,132,196,14.1,26,39166
ABalaaapal,204,130,199,14.1,26,23088
ABalaaapal,205,130,199,14.2,27,24636
ABalaaapal,206,129,198,14.2,29,32396
ABalaaapal,207,128,197,14.3,31,39639
ABalaaapal,208,127,199,14.3,34,34560
ABalaaapal,209,127,200,14.3,34,35849
ABalaaapal,210,126,201,14.3,34,25656
ABalaaapal,211,125,202,14.3,33,28572
ABalaaapal,212,124,204,14.2,33,37144
ABalaaapal,213,123,205,14.2,32,35091
ABalaaapal,214,122,206,14.2,32,37704
ABalaaapal,215,121,208,14.2,31,32836
ABalaaapal,216,121,209,14.3,34,32323
ABalaaapal,217,122,209,14.2,34,32839
ABalaaapal,218,123,209,14.2,33,36628
ABalaaapal,219,124,209,14.1,33,40827
ABalaaapal,220,126,208,14.0,32,30314
ABalaaapar,195,114,250,16.2,34,27026
ABalaaapar,196,117,253,16.1,31,41024
ABalaaapar,197,112,251,15.1,34,33881
ABalaaapar,198,116,249,16.2,31,39986
ABalaaapar,199,113,244,16.1,34,23206
ABalaaapar,200,109,234,16.2,31,34423
ABalaaapar,201,108,234,16.2,30,40740
ABalaaapar,202,107,234,16.1,28,32387
ABalaaapar,203,105,234,16.1,26,35055
ABalaaapar,204,103,236,16.3,26,34549
ABalaaapar,205,105,232,16.2,26,38872
ABalaaapar,206,105,235,16.2,34,42476
ABalaaapar,207,105,232,16.3,31,33911
ABalaaapar,208,107,233,16.2,34,37935
ABalaaapar,209,108,236,16.1,31,41695
ABalaaapar,210,109,235,15.2,26,39151
ABalaaapar,211,109,237,15.4,26,53598
ABalaaapar,212,109,240,15.5,27,69336
ABalaaapar,213,110,242,15.7,28,60862
ABalaaapar,214,110,245,15.8,29,69777
ABalaaapar,215,111,248,16.0,30,66033
ABalaaapar,216,111,248,16.0,30,67366
ABalaaapar,217,113,246,15.0,31,57060
ABalaaapar,218,111,247,15.6,32,54515
ABalaaapar,219,111,247,16.1,33,66669
ABalaaapar,220,111,246,16.1,34,74520
ABalaaapp,140,158,311,18.2,35,18023
ABalaaapp,141,156,313,18.1,37,21408
ABalaaapp,142,151,306,18.0,37,21978
ABalaaapp,143,144,301,18.1,39,22594
ABalaaapp,144,137,302,17.2,39,23204
ABalaaapp,145,139,296,17.1,39,23150
ABalaaapp,146,139,291,17.0,36,25207
ABalaaapp,147,137,289,17.1,36,22817
ABalaaapp,148,130,289,17.1,34,27661
ABalaaapp,149,130,283,17.0,34,25658
ABalaaapp,150,134,280,17.3,38,26146
ABalaaapp,151,133,278,17.3,36,24683
ABalaaapp,152,133,273,17.2,36,24080
ABalaaapp,153,136,273,17.1,38,24651
ABalaaapp,154,133,271,17.0,36,23388
ABalaaapp,155,123,268,16.3,36,27517
ABalaaapp,156,121,270,17.1,34,34660
ABalaaapp,157,119,269,16.4,36,32409
ABalaaapp,158,119,271,16.9,34,34602
ABalaaapp,159,118,273,16.9,34,31974
ABalaaapp,160,119,271,17.0,36,29388
ABalaaapp,161,119,272,16.9,35,36526
ABalaaapp,162,123,280,16.5,37,38173
ABalaaapp,163,124,281,16.4,37,34265
ABalaaapp,164,126,278,17.2,37,36162
ABalaaapp,165,124,281,17.0,37,35286
ABalaaapp,166,122,274,16.3,37,38507
ABalaaapp,167,127,280,17.0,37,36005
ABalaaapp,168,123,280,16.5,37,37233
ABalaaapp,169,120,279,16.3,37,42079
ABalaaapp,170,120,278,16.9,35,38941
ABalaaapp,171,119,281,16.1,37,38440
ABalaaapp,172,123,283,16.1,37,36623
ABalaaapp,173,124,286,16.2,37,40664
ABalaaapp,174,127,289,17.1,37,35408
ABalaaapp,175,130,294,16.2,37,37071
ABalaaapp,176,130,293,16.1,37,35055
ABalaaapp,177,130,299,16.2,37,37894
ABalaaapp,178,131,298,17.0,37,30624
ABalaaapp,179,129,298,17.0,35,34768
ABalaaapp,180,129,302,16.3,37,38692
ABalaaapp,181,131,303,17.0,35,35429
ABalaaapp,182,127,301,16.1,36,37887
ABalaaapp,183,127,298,16.1,34,40567
ABalaaapp,184,128,296,15.3,37,38776
ABalaaapp,185,129,294,15.3,36,35801
ABalaaapp,186,129,295,16.1,35,37006
ABalaaapp,187,128,297,16.1,34,40430
ABalaaapp,188,131,295,16.1,31,45813
ABalaaapp,189,132,296,16.0,34,42143
ABalaaapp,190,123,297,15.2,31,47133
ABalaaapp,191,118,298,15.4,34,37259
ABalaaapp,192,120,296,16.2,31,40238
ABalaaapp,193,121,289,16.3,34,39184
ABalaaapp,194,127,290,16.3,31,51790
ABalaaapp,195,126,290,16.2,34,44458
ABalaaappl,196,119,279,16.1,31,36255
ABalaaappl,197,115,273,15.3,26,44136
ABalaaappl,198,116,270,16.1,26,53465
ABalaaappl,199,115,268,16.0,26,43968
ABalaaappl,200,110,256,15.2,26,49091
ABalaaappl,201,108,249,15.1,34,40096
ABalaaappl,202,104,250,15.1,31,42536
ABalaaappl,203,104,257,15.2,26,37110
ABalaaappl,204,107,258,15.1,34,40587
ABalaaappl,205,107,261,16.1,31,38955
ABalaaappl,206,108,264,16.0,30,38875
ABalaaappl,207,111,261,16.0,31,33528
ABalaaappl,208,110,264,16.2,30,33533
ABalaaappl,209,110,266,16.1,31,37390
ABalaaappl,210,111,269,15.3,32,32506
ABalaaappl,211,114,267,15.3,31,32037
ABalaaappl,212,115,267,16.0,34,35720
ABalaaappl,213,118,274,16.1,31,36360
ABalaaappl,214,119,277,15.0,26,27799
ABalaaappl,215,121,277,16.1,26,37220
ABalaaappl,216,122,278,16.1,26,41307
ABalaaappl,217,122,278,16.1,26,35636
ABalaaappl,218,122,281,16.0,26,44856
ABalaaappl,219,123,280,16.1,31,39370
ABalaaappl,220,124,280,16.1,30,44976
ABalaaappr,196,125,303,15.4,31,24925
ABalaaappr,197,132,311,15.9,30,44568
ABalaaappr,198,130,311,15.1,31,30100
ABalaaappr,199,134,309,14.3,34,24643
ABalaaappr,200,129,302,14.4,31,31547
ABalaaappr,201,128,298,14.0,34,30431
ABalaaappr,202,127,297,13.4,31,27551
ABalaaappr,203,123,298,14.1,32,36707
ABalaaappr,204,127,297,14.8,30,31521
ABalaaappr,205,127,299,14.7,30,35912
ABalaaappr,206,128,301,14.5,30,41814
ABalaaappr,207,129,303,14.4,31,40805
ABalaaappr,208,127,310,14.3,34,37722
ABalaaappr,209,125,309,14.4,31,31373
ABalaaappr,210,127,309,14.1,34,38462
ABalaaappr,211,128,310,14.1,31,41046
ABalaaappr,212,130,310,14.1,34,36961
ABalaaappr,213,131,315,14.1,31,38861
ABalaaappr,214,134,311,14.2,34,32480
ABalaaappr,215,135,315,14.2,31,39276
ABalaaappr,216,137,315,14.2,34,36112
ABalaaappr,217,140,316,14.2,31,33990
ABalaaappr,218,140,316,14.2,34,39019
ABalaaappr,219,139,315,14.1,31,40745
ABalaaappr,220,140,317,14.2,34,36097
ABalaap,65,166,248,10.9,34,-52
ABalaap,66,174,244,9.3,43,-803
ABalaap,67,175,234,9.7,49,1724
ABalaap,68,177,235,9.0,49,369
ABalaap,69,184,223,8.9,49,429
ABalaap,70,185,209,8.1,50,214
ABalaap,71,184,204,7.6,48,1648
ABalaap,72,189,206,7.7,50,1401
ABalaap,73,191,212,7.7,51,1591
ABalaap,74,188,222,7.7,51,1121
ABalaap,75,185,226,7.2,51,1964
ABalaap,76,180,233,8.0,51,2335
ABalaap,77,172,243,7.9,50,2229
ABalaap,78,165,244,8.2,50,2666
ABalaap,79,160,243,8.3,50,2838
ABalaap,80,158,248,8.2,49,2581
ABalaap,81,162,255,8.8,49,3759
ABalaap,82,172,262,8.3,49,4564
ABalaap,83,176,268,8.9,49,3549
ABalaap,84,179,270,9.1,49,3299
ABalaap,85,182,265,9.2,50,3925
ABalaap,86,182,264,10.2,50,5865
ABalaap,87,185,268,10.9,50,5328
ABalaap,88,183,269,11.0,50,4953
ABalaap,89,182,271,11.3,49,5642
ABalaap,90,186,270,11.3,49,6075
ABalaap,91,182,272,11.8,49,5974
ABalaap,92,181,273,11.2,49,7617
ABalaap,93,184,273,11.1,49,7359
ABalaap,94,194,273,12.2,49,7704
ABalaap,95,206,269,12.9,49,9356
ABalaap,96,209,259,13.2,48,9074
ABalaap,97,213,256,13.9,46,8814
ABalaap,98,220,259,13.1,44,12628
ABalaap,99,215,258,12.0,42,14332
ABalaapa,100,208,261,11.2,41,9981
ABalaapa,101,207,264,11.0,34,16995
ABalaapa,102,204,266,11.2,36,12673
ABalaapa,103,195,255,11.0,40,12311
ABalaapa,104,193,248,11.0,41,9311
ABalaapa,105,189,257,11.2,42,13699
ABalaapa,106,186,263,11.1,42,10253
ABalaapa,107,189,268,11.8,42,10748
ABalaapa,108,191,272,11.9,42,12863
ABalaapa,109,189,276,12.2,42,12743
ABalaapa,110,189,293,13.0,42,10607
ABalaapa,111,191,301,13.1,41,14670
ABalaapa,112,195,301,13.8,42,13672
ABalaapa,113,202,303,13.8,42,14030
ABalaapa,114,201,306,13.0,42,15468
ABalaapa,115,203,313,13.1,42,17360
ABalaapa,116,206,321,13.8,42,17877
ABalaapa,117,207,327,14.0,42,16339
ABalaapa,118,208,335,14.1,42,18296
ABalaapa,119,202,335,14.1,42,21215
ABalaapa,120,199,337,14.9,42,18994
ABalaapa,121,201,340,14.9,42,19667
ABalaapa,122,198,338,15.1,42,18504
ABalaapa,123,196,333,14.2,42,19868
ABalaapa,124,191,334,14.1,42,21698
ABalaapa,125,184,329,14.0,42,23654
ABalaapa,126,183,329,14.1,42,25501
ABalaapa,127,183,329,14.1,42,26929
ABalaapa,128,183,331,14.8,42,26734
ABalaapa,129,177,336,14.9,42,26305
ABalaapa,130,174,337,15.0,42,28776
ABalaapa,131,179,338,14.3,44,24935
ABalaapa,132,180,340,15.1,42,26937
ABalaapa,133,178,340,15.3,44,29944
ABalaapa,134,176,343,15.2,43,31703
ABalaapa,135,171,344,15.2,45,29895
ABalaapa,136,178,355,15.3,45,28705
ABalaapa,137,186,360,16.0,42,29792
ABalaapa,138,182,362,16.1,43,32530
ABalaapa,139,176,354,15.4,42,29768
ABalaapa,140,170,353,15.4,41,31311
ABalaapa,141,163,346,15.0,41,35113
ABalaapa,142,160,336,14.3,41,34000
ABalaapa,143,155,333,14.3,39,38920
ABalaapa,144,154,325,14.2,39,43803
ABalaapa,145,155,316,13.3,39,36699
ABalaapa,146,156,310,14.2,36,45055
ABalaapa,147,161,307,14.0,36,56509
ABalaapa,148,158,311,15.0,34,47875
ABalaapa,149,163,310,14.9,34,53316
ABalaapaa,150,144,291,13.9,34,30045
ABalaapaa,151,136,291,14.0,34,32646
ABalaapaa,152,137,292,13.8,34,28175
ABalaapaa,153,137,294,13.9,34,36834
ABalaapaa,154,132,293,13.0,34,33755
ABalaapaa,155,126,291,13.1,34,34533
ABalaapaa,156,131,291,13.3,36,39382
ABalaapaa,157,128,294,13.2,36,34416
ABalaapaa,158,127,295,13.2,36,38332
ABalaapaa,159,131,293,13.1,34,37850
ABalaapaa,160,126,292,13.2,36,38738
ABalaapaa,161,126,298,13.3,37,42076
ABalaapaa,162,122,301,13.9,35,40640
ABalaapaa,163,127,309,14.1,37,35937
ABalaapaa,164,126,306,14.8,35,31053
ABalaapaa,165,128,314,14.1,35,39939
ABalaapaa,166,128,308,14.1,37,37796
ABalaapaa,167,127,308,14.1,35,41004
ABalaapaa,168,128,310,13.4,37,41818
ABalaapaa,169,128,305,13.9,35,40804
ABalaapaa,170,131,303,13.5,37,38383
ABalaapaa,171,128,302,13.2,37,47615
ABalaapaa,172,126,300,13.8,35,42573
ABalaapaa,173,126,303,13.1,37,42702
ABalaapaa,174,128,306,13.9,35,33649
ABalaapaa,175,132,308,13.0,35,48048
ABalaapaa,176,137,308,12.4,37,42193
ABalaapaa,177,138,310,12.9,35,45718
ABalaapaa,178,133,309,13.1,37,46848
ABalaapaa,179,136,309,13.1,37,41710
ABalaapaa,180,135,310,13.9,35,38360
ABalaapaa,181,135,314,13.9,35,39841
ABalaapaa,182,133,313,12.9,34,43536
ABalaapaa,183,134,309,12.2,36,44706
ABalaapaa,184,137,313,12.1,35,46245
ABalaapaa,185,136,314,12.1,36,46356
ABalaapaa,186,140,316,12.1,33,53632
ABalaapaa,187,139,315,11.3,32,45916
ABalaapaa,188,141,315,11.4,31,44386
ABalaapaa,189,145,320,11.0,32,48205
ABalaapaa,190,146,318,10.4,31,44294
ABalaapaa,191,141,315,11.1,34,42800
ABalaapaa,192,143,316,11.2,31,49463
ABalaapaa,193,141,317,12.1,34,47030
ABalaapaa,194,137,315,12.1,31,58077
ABalaapaa,195,134,319,11.4,34,49777
ABalaapaa,196,138,322,12.0,26,31595
ABalaapaa,197,138,322,12.0,26,27289
ABalaapaa,198,144,321,10.2,31,44948
ABalaapaa,199,145,319,10.2,34,55957
ABalaapaa,200,143,318,10.2,31,51303
ABalaapaa,201,141,312,10.1,32,53493
ABalaapaa,202,140,311,10.2,31,59723
ABalaapaa,203,143,313,10.9,30,66203
ABalaapaa,204,146,313,10.2,32,50797
ABalaapaa,205,148,311,10.2,31,60738
ABalaapaa,206,152,313,10.1,30,63189
ABalaapaaa,207,130,298,11.1,26,59002
ABalaapaaa,208,125,298,11.3,26,49315
ABalaapaaa,209,126,300,11.2,26,43267
ABalaapaaa,210,127,296,11.0,26,48965
ABalaapaaa,211,128,300,11.0,26,51044
ABalaapaaa,212,128,301,11.1,28,50069
ABalaapaaa,213,128,302,11.1,30,38350
ABalaapaaa,214,129,304,11.2,32,44296
ABalaapaaa,215,129,307,11.1,26,40390
ABalaapaaa,216,132,309,11.0,26,45463
ABalaapaaa,217,132,309,10.9,26,37489
ABalaapaaa,218,133,308,10.8,27,37875
ABalaapaaa,219,134,307,10.7,28,36174
ABalaapaaa,220,134,306,10.7,28,32483
ABalaapaap,207,153,330,11.0,27,47690
ABalaapaap,208,154,331,10.6,27,43656
ABalaapaap,209,156,332,10.1,26,43755
ABalaapaap,210,155,330,10.1,26,44204
ABalaapaap,211,158,334,9.4,31,34518
ABalaapaap,212,160,333,9.2,26,44089
ABalaapaap,213,160,333,9.2,26,45495
ABalaapaap,214,158,339,10.0,26,45382
ABalaapaap,215,160,337,9.3,26,38825
ABalaapaap,216,159,337,9.3,26,39425
ABalaapaap,217,157,335,9.4,26,37979
ABalaapaap,218,159,336,9.2,26,38542
ABalaapaap,219,160,334,9.3,26,38944
ABalaapaap,220,160,334,9.3,26,42944
ABalaapap,150,178,320,15.8,34,29324
ABalaapap,151,176,318,15.9,34,35858
ABalaapap,152,172,321,15.9,34,33918
ABalaapap,153,169,326,16.0,34,29538
ABalaapap,154,165,322,15.2,36,31485
ABalaapap,155,162,328,14.9,34,30899
ABalaapap,156,162,330,15.1,36,31716
ABalaapap,157,161,333,14.9,34,29468
ABalaapap,158,161,327,14.1,34,35557
ABalaapap,159,158,332,13.9,34,38147
ABalaapap,160,154,334,14.0,36,27712
ABalaapap,161,154,339,14.1,35,38798
ABalaapap,162,156,339,14.2,35,35283
ABalaapap,163,157,338,14.1,37,34166
ABalaapap,164,162,341,14.2,37,37086
ABalaapap,165,161,340,14.2,35,37912
ABalaapap,166,159,333,14.1,37,38601
ABalaapap,167,158,336,14.1,37,36181
ABalaapap,168,158,335,14.1,35,39241
ABalaapap,169,160,334,14.0,35,38215
ABalaapap,170,160,336,13.9,35,39332
ABalaapap,171,156,334,13.1,35,38048
ABalaapap,172,155,331,13.0,35,35355
ABalaapap,173,153,330,13.0,35,36502
ABalaapap,174,155,331,12.9,35,34534
ABalaapap,175,160,336,13.1,35,40545
ABalaapap,176,165,338,13.0,35,36491
ABalaapap,177,164,340,13.0,35,36210
ABalaapap,178,159,340,12.9,35,36879
ABalaapap,179,163,340,12.9,35,39800
ABalaapap,180,160,343,12.9,35,38047
ABalaapap,181,166,345,12.9,35,37797
ABalaapap,182,164,344,11.4,36,41789
ABalaapap,183,163,343,11.3,36,43719
ABalaapap,184,165,349,11.4,37,44374
ABalaapap,185,159,347,12.1,36,40620
ABalaapap,186,167,348,11.2,35,47180
ABalaapap,187,169,349,11.1,34,50185
ABalaapap,188,162,349,11.4,31,43700
ABalaapap,189,167,351,11.3,34,47246
ABalaapap,190,173,353,11.3,31,52125
ABalaapap,191,170,351,11.3,34,45736
ABalaapap,192,171,350,11.3,31,51197
ABalaapap,193,176,350,12.0,34,42850
ABalaapap,194,174,348,11.3,31,50688
ABalaapap,195,179,351,11.3,34,48475
ABalaapap,196,178,352,12.1,31,51138
ABalaapap,197,183,353,11.3,34,48374
ABalaapap,198,182,352,12.0,31,45899
ABalaapap,199,180,352,11.3,34,51630
ABalaapap,200,171,351,11.3,31,53946
ABalaapap,201,170,348,11.1,34,43907
ABalaapap,202,172,348,11.0,31,54417
ABalaapap,203,167,349,11.1,30,53527
ABalaapap,204,167,349,12.0,30,63055
ABalaapap,205,172,344,12.0,29,51723
ABalaapap,206,174,344,12.0,30,67020
ABalaapapa,207,168,345,11.1,27,49439
ABalaapapa,208,166,349,10.3,30,41151
ABalaapapa,209,163,351,10.5,31,38530
ABalaapapa,210,164,352,10.9,30,44158
ABalaapapa,211,168,354,11.0,29,50733
ABalaapapa,212,167,354,11.0,30,47688
ABalaapapa,213,166,351,10.5,31,42798
ABalaapapa,214,169,354,11.0,30,56968
ABalaapapa,215,167,354,11.0,29,51296
ABalaapapa,216,166,352,11.0,30,48765
ABalaapapa,217,165,353,11.0,29,50523
ABalaapapa,218,166,353,10.9,30,45795
ABalaapapa,219,163,351,10.9,29,52082
ABalaapapa,220,165,351,10.9,30,48276
ABalaapapp,207,196,348,12.1,29,42672
ABalaapapp,208,192,350,12.8,30,36429
ABalaapapp,209,194,345,11.5,31,27942
ABalaapapp,210,192,343,11.2,32,25936
ABalaapapp,211,194,345,11.4,31,28697
ABalaapapp,212,192,349,12.0,26,29019
ABalaapapp,213,198,350,11.3,31,29422
ABalaapapp,214,200,351,11.3,34,28250
ABalaapapp,215,195,352,12.0,31,29933
ABalaapapp,216,189,352,12.1,26,37795
ABalaapapp,217,192,351,11.4,31,26981
ABalaapapp,218,194,352,11.4,34,28247
ABalaapapp,219,193,351,11.2,31,29780
ABalaapapp,220,193,352,11.2,34,28293
ABalaapp,100,227,248,12.5,29,8034
ABalaapp,101,242,246,13.0,38,8139
ABalaapp,102,245,250,12.9,40,5938
ABalaapp,103,247,255,13.1,40,6774
ABalaapp,104,251,252,13.1,41,8510
ABalaapp,105,257,249,13.1,42,9198
ABalaapp,106,260,257,12.9,42,8613
ABalaapp,107,258,258,12.9,42,9196
ABalaapp,108,260,262,13.0,42,8001
ABalaapp,109,256,269,12.8,42,9190
ABalaapp,110,253,269,13.0,42,9007
ABalaapp,111,250,279,12.8,41,11629
ABalaapp,112,252,290,12.9,42,9270
ABalaapp,113,257,294,13.0,42,12259
ABalaapp,114,260,306,13.0,42,13620
ABalaapp,115,260,308,13.0,44,14409
ABalaapp,116,261,316,13.0,42,16563
ABalaapp,117,258,326,13.8,42,10946
ABalaapp,118,257,332,13.9,42,17618
ABalaapp,119,254,342,14.0,42,14828
ABalaapp,120,248,343,14.0,42,18935
ABalaapp,121,250,342,13.9,42,13330
ABalaapp,122,244,340,14.0,42,16541
ABalaapp,123,241,344,14.0,42,16695
ABalaapp,124,241,339,14.2,44,19563
ABalaapp,125,240,338,14.4,44,18113
ABalaapp,126,233,345,15.9,42,18832
ABalaapp,127,224,350,16.1,42,19675
ABalaapp,128,223,349,16.1,44,18603
ABalaapp,129,219,345,16.3,44,18885
ABalaapp,130,205,347,17.2,44,16707
ABalaapp,131,202,346,17.2,46,20390
ABalaapp,132,199,347,18.2,44,21834
ABalaapp,133,193,352,18.2,46,22349
ABalaapp,134,193,355,18.3,43,28560
ABalaapp,135,194,352,19.0,43,24160
ABalaapp,136,202,348,19.9,41,29113
ABalaapp,137,206,346,19.1,44,22973
ABalaapp,138,200,339,19.3,41,26903
ABalaapp,139,198,336,19.9,38,32834
ABalaapp,140,194,327,20.0,37,28824
ABalaapp,141,191,330,19.9,37,27863
ABalaapp,142,185,324,20.0,37,32873
ABalaapp,143,175,326,19.2,39,28442
ABalaappa,144,148,327,17.1,26,33793
ABalaappa,145,147,333,18.1,35,30971
ABalaappa,146,144,322,18.1,34,28615
ABalaappa,147,145,323,18.9,34,27046
ABalaappa,148,148,319,18.2,36,25228
ABalaappa,149,143,319,18.2,36,24053
ABalaappa,150,151,317,19.3,36,19499
ABalaappa,151,151,309,19.3,38,23941
ABalaappa,152,143,309,19.1,36,20736
ABalaappa,153,138,305,19.9,34,22808
ABalaappa,154,132,302,19.1,34,28282
ABalaappa,155,137,303,18.3,36,30078
ABalaappa,156,145,300,18.4,36,30680
ABalaappa,157,141,301,18.3,36,30327
ABalaappa,158,144,299,18.1,38,25975
ABalaappa,159,146,302,18.2,38,28645
ABalaappa,160,147,302,18.4,36,25689
ABalaappa,161,146,307,18.3,37,27844
ABalaappa,162,154,312,18.1,35,30841
ABalaappa,163,155,309,18.4,37,28393
ABalaappa,164,155,308,19.1,39,30114
ABalaappa,165,157,307,19.0,39,30123
ABalaappa,166,156,306,18.3,39,28629
ABalaappa,167,161,308,18.3,39,22321
ABalaappa,168,155,307,19.1,39,32418
ABalaappa,169,154,310,18.3,39,31811
ABalaappa,170,149,309,18.4,39,35584
ABalaappa,171,145,312,18.2,37,38114
ABalaappa,172,141,316,18.2,37,37954
ABalaappa,173,143,319,18.1,39,36390
ABalaappa,174,143,325,18.1,39,33315
ABalaappa,175,150,328,17.3,37,34993
ABalaappa,176,149,329,18.0,35,33041
ABalaappa,177,150,337,17.3,39,34441
ABalaappa,178,149,333,18.0,37,34894
ABalaappa,179,152,333,18.1,37,32256
ABalaappa,180,153,331,18.1,37,37402
ABalaappa,181,152,333,18.0,37,28751
ABalaappa,182,147,337,17.2,36,35785
ABalaappa,183,144,335,17.0,34,39662
ABalaappa,184,143,331,17.2,37,41799
ABalaappa,185,142,335,17.1,36,38108
ABalaappa,186,140,338,16.3,35,40496
ABalaappa,187,144,341,16.2,34,46311
ABalaappa,188,146,339,16.1,31,51557
ABalaappa,189,148,343,15.4,34,46299
ABalaappa,190,145,343,15.2,31,48266
ABalaappa,191,142,339,15.1,34,42103
ABalaappa,192,144,339,15.1,31,45773
ABalaappa,193,144,340,15.2,34,41101
ABalaappa,194,146,336,14.6,31,46131
ABalaappa,195,142,337,14.3,34,40265
ABalaappa,196,139,333,14.2,31,50834
ABalaappa,197,151,338,13.3,34,50568
ABalaappa,198,147,339,14.0,31,47591
ABalaappa,199,148,341,13.2,34,53779
ABalaappa,200,143,332,13.2,31,52445
ABalaappa,201,138,330,14.9,32,36448
ABalaappa,202,140,329,14.1,31,50808
ABalaappa,203,144,329,15.0,30,56067
ABalaappa,204,143,333,14.4,34,48405
ABalaappaa,205,128,317,14.2,31,43162
ABalaappaa,206,124,315,12.9,34,34434
ABalaappaa,207,125,318,12.7,33,41119
ABalaappaa,208,126,321,12.6,32,36062
ABalaappaa,209,128,324,12.4,31,40782
ABalaappaa,210,129,327,12.3,30,48335
ABalaappaa,211,131,330,12.1,29,52907
ABalaappaa,212,131,330,12.4,28,52916
ABalaappaa,213,131,331,12.7,26,59124
ABalaappaa,214,130,332,13.0,24,58588
ABalaappaa,215,132,332,12.5,31,57887
ABalaappaa,216,132,330,12.4,26,68481
ABalaappaa,217,133,330,12.5,26,63166
ABalaappaa,218,133,331,13.1,26,49403
ABalaappaa,219,133,332,13.2,26,57602
ABalaappaa,220,133,332,13.2,26,41246
ABalaappap,205,159,341,14.1,31,40335
ABalaappap,206,148,340,14.3,26,45293
ABalaappap,207,151,341,14.1,26,31846
ABalaappap,208,151,341,13.9,27,30914
ABalaappap,209,151,341,13.7,29,32001
ABalaappap,210,150,341,13.5,30,22989
ABalaappap,211,150,341,13.3,32,32989
ABalaappap,212,149,340,13.1,34,30371
ABalaappap,213,155,343,13.2,31,30362
ABalaappap,214,158,345,13.3,34,29027
ABalaappap,215,157,347,13.2,31,29986
ABalaappap,216,157,343,13.2,34,31937
ABalaappap,217,154,339,13.3,31,28118
ABalaappap,218,155,342,13.2,34,32266
ABalaappap,219,156,343,13.3,31,30181
ABalaappap,220,159,344,13.0,26,36693
ABalaappp,144,196,327,20.9,35,21326
ABalaappp,145,198,327,20.2,35,20131
ABalaappp,146,193,322,20.1,34,21591
ABalaappp,147,194,321,19.2,36,17236
ABalaappp,148,197,321,19.3,38,17641
ABalaappp,149,191,321,20.1,38,18361
ABalaappp,150,193,318,20.1,38,19276
ABalaappp,151,191,322,20.0,38,22182
ABalaappp,152,188,322,20.1,38,15785
ABalaappp,153,183,321,20.0,38,20360
ABalaappp,154,176,318,20.1,38,19469
ABalaappp,155,177,322,19.3,38,18407
ABalaappp,156,182,324,19.4,38,23765
ABalaappp,157,171,320,20.2,38,20786
ABalaappp,158,173,323,20.0,38,22995
ABalaappp,159,175,330,19.2,36,24342
ABalaappp,160,176,326,19.2,38,21716
ABalaappp,161,174,320,19.2,39,20789
ABalaappp,162,177,328,19.3,39,25868
ABalaappp,163,180,334,20.1,39,25280
ABalaappp,164,181,331,20.1,39,23549
ABalaappp,165,185,334,19.3,39,25145
ABalaappp,166,181,331,20.0,39,21905
ABalaappp,167,185,331,20.0,39,23653
ABalaappp,168,185,336,20.0,39,20180
ABalaappp,169,183,338,20.0,39,19330
ABalaappp,170,181,335,20.1,39,25417
ABalaappp,171,175,337,20.0,39,25876
ABalaappp,172,176,340,19.2,37,23706
ABalaappp,173,173,337,20.0,39,23989
ABalaappp,174,174,339,20.0,39,20920
ABalaappp,175,181,344,19.2,39,24055
ABalaappp,176,175,336,20.0,39,21231
ABalaappp,177,179,339,20.1,39,21797
ABalaappp,178,178,341,20.0,39,23400
ABalaappp,179,183,345,19.2,39,25790
ABalaappp,180,184,344,19.2,39,25324
ABalaappp,181,184,350,19.2,39,22861
ABalaappp,182,179,351,19.1,38,25668
ABalaappp,183,179,351,19.0,38,25889
ABalaappp,184,175,341,19.2,37,23840
ABalaappp,185,170,343,19.2,36,24029
ABalaappp,186,171,348,19.2,35,27973
ABalaappp,187,172,348,19.2,34,27962
ABalaappp,188,169,345,19.1,31,23654
ABalaappp,189,166,346,18.2,34,29745
ABalaappp,190,163,344,18.1,31,26141
ABalaappp,191,162,338,18.0,34,30290
ABalaappp,192,162,333,17.3,31,31966
ABalaappp,193,167,334,18.0,34,40801
ABalaappp,194,168,334,18.1,29,40860
ABalaappp,195,168,335,18.0,30,43167
ABalaapppa,196,147,323,17.0,29,35230
ABalaapppa,197,149,331,16.0,26,31925
ABalaapppa,198,150,335,16.1,26,36629
ABalaapppa,199,146,335,17.0,30,33168
ABalaapppa,200,140,327,17.0,31,30513
ABalaapppa,201,137,321,17.5,34,29759
ABalaapppa,202,136,322,17.0,34,35327
ABalaapppa,203,140,326,17.0,32,39852
ABalaapppa,204,137,321,17.2,34,27690
ABalaapppa,205,133,316,17.1,31,32374
ABalaapppa,206,138,315,17.2,34,32909
ABalaapppa,207,140,318,17.1,31,30795
ABalaapppa,208,141,319,16.2,34,30072
ABalaapppa,209,140,318,16.4,31,29496
ABalaapppa,210,140,319,16.1,34,30743
ABalaapppa,211,140,316,16.1,31,35259
ABalaapppa,212,145,316,16.3,34,30498
ABalaapppa,213,150,320,17.0,31,31099
ABalaapppa,214,155,321,17.1,34,24992
ABalaapppa,215,150,323,17.1,31,27441
ABalaapppa,216,151,321,17.2,34,31265
ABalaapppa,217,154,325,17.4,31,30460
ABalaapppa,218,155,321,17.2,34,26235
ABalaapppa,219,156,323,17.4,31,23083
ABalaapppa,220,158,324,17.3,34,23604
ABalaapppp,196,186,338,19.1,31,30533
ABalaapppp,197,186,340,19.2,32,23441
ABalaapppp,198,183,341,20.0,31,17318
ABalaapppp,199,184,340,20.0,34,21027
ABalaapppp,200,180,337,20.1,34,17971
ABalaapppp,201,175,334,20.1,34,21881
ABalaapppp,202,175,326,20.1,31,18708
ABalaapppp,203,177,327,20.1,34,19311
ABalaapppp,204,177,330,20.1,34,16658
ABalaapppp,205,169,327,20.0,26,16015
ABalaapppp,206,171,329,19.1,26,16928
ABalaapppp,207,170,332,18.6,26,22768
ABalaapppp,208,169,336,18.0,26,15760
ABalaapppp,209,168,339,17.5,26,15923
ABalaapppp,210,166,343,16.9,26,21379
ABalaapppp,211,166,342,16.9,26,24923
ABalaapppp,212,169,340,18.0,26,16430
ABalaapppp,213,174,341,19.1,26,10536
ABalaapppp,214,177,343,18.8,26,18153
ABalaapppp,215,177,343,18.8,26,13067
ABalaapppp,216,177,343,18.9,26,19072
ABalaapppp,217,176,342,18.9,26,23093
ABalaapppp,218,176,342,18.9,27,22012
ABalaapppp,219,175,341,18.9,27,26934
ABalaapppp,220,175,341,19.0,27,38453
ABalap,38,176,307,13.5,48,-928
ABalap,39,184,314,15.1,48,-238
ABalap,40,183,314,15.1,52,753
ABalap,41,184,317,14.2,50,-619
ABalap,42,188,317,16.0,50,-838
ABalap,43,188,324,16.2,50,697
ABalap,44,184,326,16.1,56,-501
ABalap,45,178,330,15.4,57,-512
ABalap,46,180,331,14.4,61,-477
ABalap,47,184,326,14.9,57,-177
ABalap,48,192,331,14.8,56,-1102
ABalap,49,188,333,15.1,56,-636
ABalap,50,185,324,15.1,59,-541
ABalap,51,180,329,15.1,61,-395
ABalap,52,174,320,15.2,59,533
ABalap,53,175,324,15.4,59,-153
ABalap,54,171,317,15.3,59,-285
ABalap,55,166,313,16.0,58,-178
ABalap,56,170,309,16.2,60,-151
ABalap,57,173,308,16.8,59,-539
ABalap,58,174,312,16.0,58,-888
ABalap,59,177,307,16.0,60,266
ABalap,60,182,303,16.7,58,-117
ABalap,61,184,301,16.0,56,515
ABalap,62,189,313,16.9,56,444
ABalap,63,198,321,16.7,55,1104
ABalapa,64,186,339,17.1,53,966
ABalapa,65,176,334,15.3,50,-580
ABalapa,66,174,336,15.2,49,128
ABalapa,67,159,332,15.8,49,-251
ABalapa,68,154,333,15.8,49,264
ABalapa,69,157,331,15.9,49,1215
ABalapa,70,169,317,17.1,50,507
ABalapa,71,170,312,16.9,50,2334
ABalapa,72,169,303,16.9,50,1441
ABalapa,73,166,309,15.9,51,2707
ABalapa,74,166,314,15.9,51,1354
ABalapa,75,162,318,15.2,51,791
ABalapa,76,160,319,16.2,51,3135
ABalapa,77,165,321,16.9,50,2082
ABalapa,78,169,328,16.9,50,3509
ABalapa,79,168,325,16.9,50,3221
ABalapa,80,170,324,17.2,49,3671
ABalapa,81,174,329,17.8,49,3193
ABalapa,82,175,327,17.9,49,4024
ABalapa,83,178,323,18.0,51,3503
ABalapa,84,176,327,18.0,49,4805
ABalapa,85,181,332,18.1,50,6724
ABalapa,86,185,330,19.0,50,4969
ABalapa,87,190,333,19.1,50,6398
ABalapa,88,190,336,19.0,50,7660
ABalapa,89,187,333,18.9,49,7864
ABalapa,90,181,339,18.1,49,9218
ABalapa,91,170,343,18.0,49,8866
ABalapa,92,170,343,17.9,49,10923
ABalapa,93,173,345,17.9,49,12722
ABalapa,94,182,351,17.1,49,10739
ABalapa,95,184,352,17.2,49,14457
ABalapa,96,177,349,17.0,48,15346
ABalapa,97,175,344,17.1,46,18182
ABalapa,98,183,346,16.1,42,21621
ABalapaa,99,169,341,15.2,44,16614
ABalapaa,100,164,338,15.8,41,11421
ABalapaa,101,156,342,16.0,40,15062
ABalapaa,102,154,339,16.9,40,16772
ABalapaa,103,154,337,17.0,40,14880
ABalapaa,104,148,337,17.1,41,19041
ABalapaa,105,145,338,17.2,42,16690
ABalapaa,106,146,338,17.1,42,19627
ABalapaa,107,154,340,17.2,42,16360
ABalapaa,108,162,336,17.8,42,18844
ABalapaa,109,161,333,18.0,42,20629
ABalapaa,110,167,335,18.2,42,18988
ABalapaa,111,170,335,18.9,41,24368
ABalapaa,112,169,335,18.2,42,23232
ABalapaa,113,175,335,18.2,42,20182
ABalapaa,114,179,333,19.0,42,25858
ABalapaa,115,182,327,19.0,42,24709
ABalapaa,116,184,320,19.0,42,24545
ABalapaa,117,185,314,19.9,42,24502
ABalapaa,118,186,306,19.9,42,27664
ABalapaa,119,185,302,20.1,44,25804
ABalapaa,120,182,298,20.1,42,25308
ABalapaa,121,187,296,20.1,42,26467
ABalapaa,122,189,293,20.9,42,30471
ABalapaa,123,189,286,20.9,42,25108
ABalapaa,124,193,281,20.9,42,25812
ABalapaa,125,192,264,20.9,42,25218
ABalapaa,126,195,262,20.2,44,24837
ABalapaa,127,195,258,20.9,42,21427
ABalapaa,128,193,253,21.0,42,25842
ABalapaa,129,188,242,21.1,42,29575
ABalapaa,130,188,239,21.9,42,25124
ABalapaa,131,188,233,21.2,44,25724
ABalapaa,132,187,234,21.3,44,25765
ABalapaa,133,182,233,22.0,42,28326
ABalapaa,134,177,224,21.1,45,29480
ABalapaa,135,171,226,21.1,43,35258
ABalapaa,136,165,229,21.1,43,38263
ABalapaa,137,163,229,21.2,42,40288
ABalapaa,138,162,223,20.3,41,41029
ABalapaa,139,165,222,20.1,42,42875
ABalapaa,140,168,221,19.1,41,47348
ABalapaa,141,170,221,19.2,41,55292
ABalapaa,142,169,214,19.1,41,58396
ABalapaa,143,167,210,19.2,39,62486
ABalapaa,144,160,208,19.1,37,61689
ABalapaaa,145,151,214,19.1,35,41197
ABalapaaa,146,149,209,19.0,34,55835
ABalapaaa,147,143,211,19.0,34,46333
ABalapaaa,148,142,212,19.0,34,47333
ABalapaaa,149,142,207,19.0,34,47422
ABalapaaa,150,148,204,19.1,34,46435
ABalapaaa,151,146,203,19.2,36,43038
ABalapaaa,152,152,203,19.1,36,44539
ABalapaaa,153,149,202,19.2,36,46232
ABalapaaa,154,153,196,19.0,34,52017
ABalapaaa,155,148,195,19.3,36,49933
ABalapaaa,156,152,190,19.2,36,47895
ABalapaaa,157,154,192,20.0,36,48351
ABalapaaa,158,150,194,19.1,34,52358
ABalapaaa,159,142,193,19.0,36,49957
ABalapaaa,160,145,192,18.3,36,53918
ABalapaaa,161,148,189,19.0,35,47978
ABalapaaa,162,148,196,18.9,37,52042
ABalapaaa,163,148,197,18.1,37,52593
ABalapaaa,164,149,193,18.1,37,50188
ABalapaaa,165,153,198,18.1,37,53202
ABalapaaa,166,154,192,18.3,37,53781
ABalapaaa,167,154,193,18.3,37,49877
ABalapaaa,168,152,191,19.2,37,50320
ABalapaaa,169,155,186,19.0,37,49729
ABalapaaa,170,151,190,19.2,37,57925
ABalapaaa,171,150,191,19.3,37,58871
ABalapaaa,172,150,192,19.1,37,57305
ABalapaaa,173,152,193,19.3,39,53137
ABalapaaa,174,149,197,19.3,37,61249
ABalapaaa,175,152,204,20.0,39,55694
ABalapaaa,176,154,201,20.0,37,56048
ABalapaaa,177,143,203,19.1,37,58685
ABalapaaa,178,144,199,18.2,37,59840
ABalapaaa,179,140,201,19.0,37,57420
ABalapaaa,180,147,209,20.2,37,60267
ABalapaaa,181,146,215,21.0,35,53550
ABalapaaa,182,144,215,21.0,36,59380
ABalapaaa,183,140,210,20.9,34,60017
ABalapaaa,184,141,213,20.1,37,62933
ABalapaaa,185,142,214,20.2,36,59609
ABalapaaa,186,140,212,20.1,35,68377
ABalapaaa,187,139,215,20.2,34,66527
ABalapaaa,188,138,212,20.1,31,72006
ABalapaaa,189,142,213,20.3,34,63521
ABalapaaa,190,144,211,21.0,31,62001
ABalapaaa,191,143,214,21.1,34,62882
ABalapaaa,192,141,215,21.0,31,55259
ABalapaaa,193,147,219,20.2,34,55412
ABalapaaa,194,148,215,20.2,31,57141
ABalapaaa,195,143,214,20.0,34,65796
ABalapaaa,196,137,212,20.1,31,64550
ABalapaaa,197,131,208,19.2,34,67391
ABalapaaa,198,130,206,19.2,31,72622
ABalapaaa,199,131,207,20.0,34,57740
ABalapaaa,200,138,203,19.2,31,68983
ABalapaaa,201,138,202,19.0,34,67867
ABalapaaa,202,139,206,18.3,31,71173
ABalapaaa,203,134,211,17.3,34,70462
ABalapaaa,204,133,207,18.1,34,67954
ABalapaaa,205,130,202,18.1,31,72943
ABalapaaa,206,130,202,18.1,30,67892
ABalapaaaa,207,134,200,18.2,31,95133
ABalapaaaa,208,119,206,17.1,30,58819
ABalapaaaa,209,114,208,17.2,31,60788
ABalapaaaa,210,113,208,17.3,34,53892
ABalapaaaa,211,110,209,17.2,31,56930
ABalapaaaa,212,118,208,16.2,34,55737
ABalapaaaa,213,113,212,17.2,31,59877
ABalapaaaa,214,112,214,16.9,30,68308
ABalapaaaa,215,111,218,17.1,31,65448
ABalapaaaa,216,110,218,17.2,32,64386
ABalapaaaa,217,116,217,17.1,31,69693
ABalapaaaa,218,117,213,16.2,34,61676
ABalapaaaa,219,118,216,16.3,31,71266
ABalapaaaa,220,119,213,16.2,34,68916
ABalapaaap,207,139,201,19.1,27,77908
ABalapaaap,208,149,200,20.0,24,72391
ABalapaaap,209,147,203,20.0,26,73040
ABalapaaap,210,147,205,20.2,34,52137
ABalapaaap,211,143,204,20.3,31,48458
ABalapaaap,212,144,204,20.1,32,57550
ABalapaaap,213,135,210,21.1,31,47810
ABalapaaap,214,138,214,20.2,34,41718
ABalapaaap,215,138,215,20.1,26,54143
ABalapaaap,216,140,213,19.3,34,46620
ABalapaaap,217,133,214,19.3,31,45148
ABalapaaap,218,134,214,19.1,34,50113
ABalapaaap,219,130,217,18.2,31,49200
ABalapaaap,220,132,214,18.1,34,54537
ABalapaap,145,175,190,20.2,26,66968
ABalapaap,146,184,172,20.9,34,37947
ABalapaap,147,179,174,20.0,34,42291
ABalapaap,148,175,171,19.1,34,42965
ABalapaap,149,179,165,19.1,36,39177
ABalapaap,150,186,164,18.4,36,42533
ABalapaap,151,189,153,18.3,36,43107
ABalapaap,152,195,156,18.2,38,40235
ABalapaap,153,190,159,18.2,38,40563
ABalapaap,154,194,150,18.2,38,42228
ABalapaap,155,190,156,18.3,38,43813
ABalapaap,156,193,161,18.1,38,42126
ABalapaap,157,186,161,18.1,38,46358
ABalapaap,158,185,158,19.0,38,47248
ABalapaap,159,179,161,18.1,38,44533
ABalapaap,160,179,161,18.1,38,46227
ABalapaap,161,180,160,18.0,37,46852
ABalapaap,162,179,163,18.0,39,42747
ABalapaap,163,177,172,19.0,39,42148
ABalapaap,164,183,165,18.0,39,38639
ABalapaap,165,180,166,18.1,39,42587
ABalapaap,166,180,164,18.2,39,48460
ABalapaap,167,181,168,18.2,37,45554
ABalapaap,168,181,167,18.1,39,41123
ABalapaap,169,178,164,18.2,39,43326
ABalapaap,170,176,161,18.2,39,45506
ABalapaap,171,177,168,18.1,37,44000
ABalapaap,172,176,167,18.1,37,44209
ABalapaap,173,173,173,18.0,37,44157
ABalapaap,174,171,175,17.4,39,49613
ABalapaap,175,174,178,19.0,37,45540
ABalapaap,176,175,179,20.1,39,40432
ABalapaap,177,168,185,19.2,37,45548
ABalapaap,178,168,185,19.2,39,49648
ABalapaap,179,167,181,19.2,37,56010
ABalapaap,180,171,181,19.1,39,47727
ABalapaap,181,169,184,19.1,39,48211
ABalapaap,182,168,182,19.1,38,52553
ABalapaap,183,165,182,19.0,36,54642
ABalapaap,184,158,183,18.3,37,58779
ABalapaap,185,159,182,19.1,36,58070
ABalapaap,186,158,184,18.2,35,58910
ABalapaap,187,158,182,18.3,34,60368
ABalapaap,188,158,183,19.1,31,66286
ABalapaap,189,158,182,18.3,34,58488
ABalapaap,190,155,183,18.2,31,63401
ABalapaap,191,157,187,18.2,34,59000
ABalapaap,192,159,189,18.2,31,57082
ABalapaap,193,158,187,19.0,34,54375
ABalapaap,194,163,182,19.0,31,55928
ABalapaap,195,158,182,18.1,34,59918
ABalapaap,196,155,181,18.2,31,59246
ABalapaap,197,154,177,18.1,34,59511
ABalapaap,198,150,182,18.2,31,64670
ABalapaap,199,149,181,18.1,34,70079
ABalapaap,200,156,173,17.1,31,66245
ABalapaap,201,155,169,18.0,30,74264
ABalapaapa,202,149,174,17.1,31,56237
ABalapaapa,203,137,178,16.1,30,69871
ABalapaapa,204,137,185,17.0,30,55440
ABalapaapa,205,136,174,16.1,31,64265
ABalapaapa,206,136,176,16.0,30,63610
ABalapaapa,207,139,167,16.2,31,67273
ABalapaapa,208,133,171,16.9,30,65695
ABalapaapa,209,129,179,17.1,31,65756
ABalapaapa,210,130,182,17.1,30,44959
ABalapaapa,211,132,180,17.4,31,49459
ABalapaapa,212,133,181,17.9,30,56165
ABalapaapa,213,133,183,18.2,31,56326
ABalapaapa,214,130,183,17.4,32,55515
ABalapaapa,215,130,182,17.4,31,54829
ABalapaapa,216,130,181,17.4,32,60544
ABalapaapa,217,128,179,17.3,31,58676
ABalapaapa,218,132,177,17.0,30,65260
ABalapaapa,219,134,179,17.3,31,56827
ABalapaapa,220,135,178,17.2,32,62529
ABalapaapp,202,166,162,18.0,26,53995
ABalapaapp,203,173,156,18.2,30,52492
ABalapaapp,204,174,159,18.1,30,54736
ABalapaapp,205,174,159,18.2,31,49723
ABalapaapp,206,171,165,18.3,34,43785
ABalapaapp,207,175,159,19.1,31,44873
ABalapaapp,208,176,164,18.3,34,43118
ABalapaapp,209,167,169,19.1,31,49735
ABalapaapp,210,166,167,19.1,34,43728
ABalapaapp,211,167,170,18.3,31,44047
ABalapaapp,212,165,169,18.1,34,41327
ABalapaapp,213,162,171,18.2,31,47233
ABalapaapp,214,160,171,18.1,34,38338
ABalapaapp,215,159,172,18.1,31,52060
ABalapaapp,216,158,169,18.1,34,43940
ABalapaapp,217,157,170,18.0,31,52006
ABalapaapp,218,161,168,18.1,34,47826
ABalapaapp,219,162,171,18.1,31,51070
ABalapaapp,220,165,171,18.1,34,42610
ABalapap,99,183,350,17.2,30,24766
ABalapap,100,190,353,18.1,41,7792
ABalapap,101,193,351,19.0,40,7190
ABalapap,102,198,355,18.9,40,11835
ABalapap,103,199,354,19.1,40,12813
ABalapap,104,206,347,19.9,41,10907
ABalapap,105,212,354,19.9,42,11402
ABalapap,106,211,358,20.9,42,9744
ABalapap,107,215,355,21.0,42,14924
ABalapap,108,219,356,20.9,42,15778
ABalapap,109,219,358,21.0,42,13646
ABalapap,110,218,356,21.1,42,15637
ABalapap,111,218,359,21.1,41,15349
ABalapap,112,220,358,20.9,42,18322
ABalapap,113,220,357,21.0,42,16782
ABalapap,114,225,350,21.2,42,13534
ABalapap,115,224,345,22.0,42,15704
ABalapap,116,218,339,22.0,42,19465
ABalapap,117,222,330,23.0,42,15495
ABalapap,118,220,318,22.2,46,16244
ABalapap,119,220,314,23.1,44,19195
ABalapap,120,217,306,22.2,46,16218
ABalapap,121,222,298,23.0,44,15399
ABalapap,122,222,297,23.1,44,20272
ABalapap,123,217,288,23.0,30,10136
ABalapap,124,219,285,23.1,30,16464
ABalapap,125,223,281,23.1,46,13233
ABalapap,126,223,268,23.1,46,14143
ABalapap,127,229,268,23.1,44,16647
ABalapap,128,232,262,23.0,42,14806
ABalapap,129,233,256,21.9,42,15785
ABalapap,130,238,251,21.0,42,18640
ABalapap,131,237,248,20.9,42,21554
ABalapap,132,238,242,21.0,42,20976
ABalapap,133,230,241,21.1,42,24814
ABalapap,134,226,241,21.0,41,25109
ABalapap,135,226,240,20.9,41,27594
ABalapap,136,227,237,20.0,41,27538
ABalapap,137,222,232,19.0,42,31216
ABalapap,138,222,224,19.0,39,35241
ABalapap,139,222,225,20.0,38,35280
ABalapap,140,226,228,19.0,35,46028
ABalapap,141,222,228,19.1,37,48135
ABalapap,142,224,225,19.9,37,45836
ABalapapa,143,209,222,18.9,35,33518
ABalapapa,144,199,219,19.1,35,39485
ABalapapa,145,202,218,19.1,35,34835
ABalapapa,146,197,211,19.1,34,38727
ABalapapa,147,190,207,19.9,34,33991
ABalapapa,148,184,202,19.8,34,29083
ABalapapa,149,184,197,19.2,36,39306
ABalapapa,150,187,196,20.0,34,32668
ABalapapa,151,190,192,19.2,36,34801
ABalapapa,152,195,190,19.9,34,34953
ABalapapa,153,195,193,20.0,34,36661
ABalapapa,154,197,192,20.1,36,37765
ABalapapa,155,197,196,20.0,34,30313
ABalapapa,156,201,195,20.1,36,36030
ABalapapa,157,207,191,19.2,36,32818
ABalapapa,158,207,193,19.2,36,38451
ABalapapa,159,203,196,19.2,36,40440
ABalapapa,160,202,191,19.2,36,43172
ABalapapa,161,198,187,20.0,35,41306
ABalapapa,162,196,187,20.2,39,41176
ABalapapa,163,193,192,21.0,37,41678
ABalapapa,164,194,194,21.0,37,37212
ABalapapa,165,195,197,21.0,37,36723
ABalapapa,166,196,199,21.0,37,37051
ABalapapa,167,197,202,21.0,37,36663
ABalapapa,168,196,204,21.1,39,35004
ABalapapa,169,192,202,21.2,39,37958
ABalapapa,170,191,205,21.2,37,39983
ABalapapa,171,193,208,21.1,37,41391
ABalapapa,172,190,200,21.4,37,40521
ABalapapa,173,187,198,22.0,39,42393
ABalapapa,174,182,210,22.0,37,44570
ABalapapa,175,186,214,22.1,39,40970
ABalapapa,176,193,216,22.1,26,41078
ABalapapa,177,189,214,22.1,39,39552
ABalapapa,178,186,211,22.1,39,44870
ABalapapa,179,188,209,22.0,39,42398
ABalapapa,180,192,209,22.1,39,36012
ABalapapa,181,187,215,22.1,39,39864
ABalapapa,182,187,216,22.1,38,43985
ABalapapa,183,180,214,21.4,36,48523
ABalapapa,184,179,210,21.1,37,52841
ABalapapa,185,180,209,21.1,36,49641
ABalapapa,186,181,203,21.1,35,46646
ABalapapa,187,183,206,20.3,34,51137
ABalapapa,188,184,206,20.1,31,54878
ABalapapa,189,186,206,20.2,34,53010
ABalapapa,190,184,205,20.0,31,52554
ABalapapa,191,183,204,20.1,34,56380
ABalapapa,192,179,204,20.2,31,56215
ABalapapa,193,181,207,21.1,34,50589
ABalapapa,194,179,206,20.3,31,52625
ABalapapa,195,179,201,20.2,34,55934
ABalapapa,196,183,199,20.1,31,54566
ABalapapa,197,181,198,19.3,34,58375
ABalapapa,198,177,195,19.4,31,55487
ABalapapa,199,173,200,20.9,30,58362
ABalapapa,200,174,202,21.0,29,55448
ABalapapa,201,177,199,21.0,32,66913
ABalapapaa,202,162,202,20.2,26,62610
ABalapapaa,203,154,198,19.3,34,51989
ABalapapaa,204,155,198,19.9,30,61815
ABalapapaa,205,156,198,20.9,29,63616
ABalapapaa,206,155,200,20.3,30,59013
ABalapapaa,207,158,200,20.4,31,59000
ABalapapaa,208,158,207,21.3,31,58798
ABalapapaa,209,159,214,22.1,31,66817
ABalapapaa,210,159,214,22.1,31,62091
ABalapapaa,211,160,216,22.1,26,61364
ABalapapaa,212,156,213,22.0,34,55683
ABalapapaa,213,160,218,22.0,31,44119
ABalapapaa,214,156,216,22.1,26,57276
ABalapapaa,215,154,218,22.0,31,46015
ABalapapaa,216,152,217,22.0,30,55098
ABalapapaa,217,151,217,21.2,26,65481
ABalapapaa,218,150,216,21.1,30,62957
ABalapapaa,219,147,222,21.2,31,45994
ABalapapaa,220,147,224,22.0,30,63478
ABalapapap,202,189,197,21.9,29,49976
ABalapapap,203,190,192,21.9,30,47691
ABalapapap,204,191,191,22.0,30,46826
ABalapapap,205,194,181,21.3,31,41017
ABalapapap,206,192,181,21.3,32,40106
ABalapapap,207,196,179,22.1,31,43954
ABalapapap,208,196,184,22.1,34,40792
ABalapapap,209,192,184,22.2,31,34803
ABalapapap,210,197,191,22.1,34,37395
ABalapapap,211,191,192,22.1,31,37162
ABalapapap,212,193,197,21.2,34,45341
ABalapapap,213,190,199,21.2,31,44799
ABalapapap,214,188,200,21.2,34,40573
ABalapapap,215,184,206,21.3,31,41337
ABalapapap,216,184,206,21.3,31,41294
ABalapapap,217,182,203,21.2,31,40288
ABalapapap,218,181,205,22.0,34,28306
ABalapapap,219,180,209,22.1,31,35432
ABalapapap,220,180,208,21.9,31,45300
ABalapapp,143,246,221,20.0,35,28373
ABalapapp,144,255,223,19.9,35,28607
ABalapapp,145,258,221,19.9,35,22489
ABalapapp,146,253,220,20.0,34,24436
ABalapapp,147,249,219,20.1,36,26125
ABalapapp,148,249,217,20.1,38,23559
ABalapapp,149,251,216,20.2,36,25163
ABalapapp,150,252,208,20.2,38,25286
ABalapapp,151,248,204,20.2,36,20981
ABalapapp,152,252,204,21.1,38,21694
ABalapapp,153,253,203,20.2,38,24413
ABalapapp,154,253,205,21.0,36,25524
ABalapapp,155,249,211,20.1,38,26190
ABalapapp,156,250,212,21.0,36,24026
ABalapapp,157,249,216,21.0,38,28248
ABalapapp,158,245,216,20.2,38,19381
ABalapapp,159,243,220,21.1,38,24707
ABalapapp,160,241,213,20.2,38,23979
ABalapapp,161,240,202,20.1,39,26928
ABalapapp,162,240,202,20.1,39,28498
ABalapapp,163,242,197,19.3,39,30689
ABalapapp,164,243,195,19.3,39,32537
ABalapapp,165,243,197,19.2,37,29235
ABalapapp,166,247,195,19.2,37,32194
ABalapapp,167,248,195,19.2,37,31718
ABalapapp,168,248,192,19.1,37,33913
ABalapapp,169,242,191,19.3,39,29723
ABalapapp,170,238,190,19.2,37,28686
ABalapapp,171,234,196,19.3,39,30210
ABalapapp,172,229,201,19.3,39,33688
ABalapapp,173,234,195,20.1,39,30519
ABalapapp,174,234,196,20.1,39,32439
ABalapapp,175,237,197,20.1,39,31153
ABalapapp,176,240,197,20.2,39,29099
ABalapapp,177,236,199,21.0,39,31291
ABalapapp,178,239,202,21.0,39,30266
ABalapapp,179,244,198,20.1,39,32791
ABalapapp,180,246,197,20.1,39,31895
ABalapapp,181,245,205,20.1,39,33753
ABalapapp,182,246,204,21.0,38,34143
ABalapapp,183,244,201,21.0,38,36299
ABalapapp,184,246,200,21.1,37,36353
ABalapapp,185,239,194,21.1,36,45115
ABalapapp,186,241,196,20.2,35,40411
ABalapapp,187,241,196,20.2,35,35636
ABalapapp,188,238,198,21.0,31,34594
ABalapapp,189,238,198,21.0,31,39969
ABalapapp,190,235,198,20.1,31,31064
ABalapapp,191,236,197,20.1,34,36740
ABalapapp,192,237,194,20.1,31,38340
ABalapapp,193,236,194,21.0,34,31185
ABalapapp,194,236,187,20.2,31,42926
ABalapapp,195,237,192,20.9,30,34054
ABalapappa,196,229,199,20.1,31,31104
ABalapappa,197,217,197,19.9,30,36815
ABalapappa,198,216,198,19.4,31,32606
ABalapappa,199,213,201,19.1,32,32255
ABalapappa,200,216,199,19.1,31,30288
ABalapappa,201,216,194,19.2,34,29644
ABalapappa,202,218,192,19.1,31,35433
ABalapappa,203,218,190,19.2,34,29410
ABalapappa,204,220,188,19.2,34,28551
ABalapappa,205,219,182,20.0,31,27345
ABalapappa,206,218,182,20.1,34,29557
ABalapappa,207,219,184,20.2,31,28411
ABalapappa,208,217,183,20.1,26,27869
ABalapappa,209,215,182,20.1,31,34534
ABalapappa,210,213,181,20.0,26,44656
ABalapappa,211,211,178,20.2,26,42043
ABalapappa,212,209,179,20.2,27,50817
ABalapappa,213,207,181,20.1,28,56442
ABalapappa,214,205,182,20.1,29,49626
ABalapappa,215,202,184,20.0,30,49459
ABalapappa,216,201,184,20.2,30,38470
ABalapappa,217,199,184,20.3,30,47172
ABalapappa,218,197,183,20.5,30,45914
ABalapappa,219,196,183,20.7,30,53305
ABalapappa,220,194,183,20.8,30,50890
ABalapappp,196,255,195,21.2,31,21545
ABalapappp,197,265,197,22.0,34,24672
ABalapappp,198,256,196,21.1,26,23951
ABalapappp,199,257,193,21.1,34,18276
ABalapappp,200,257,193,21.3,34,29556
ABalapappp,201,257,193,21.5,33,25675
ABalapappp,202,256,192,21.6,32,31230
ABalapappp,203,256,192,21.8,31,24975
ABalapappp,204,255,191,22.0,30,25809
ABalapappp,205,253,191,22.2,30,28413
ABalapappp,206,251,192,22.3,30,26706
ABalapappp,207,249,193,22.5,31,25272
ABalapappp,208,247,193,22.7,31,22102
ABalapappp,209,245,194,22.8,31,20502
ABalapappp,210,242,195,23.0,32,23715
ABalapappp,211,242,196,23.0,32,20210
ABalapappp,212,243,197,23.1,32,24260
ABalapappp,213,244,198,23.1,32,24437
ABalapappp,214,245,199,23.2,32,23470
ABalapappp,215,246,200,23.2,31,20716
ABalapappp,216,243,199,23.0,26,30736
ABalapappp,217,246,200,23.2,31,18725
ABalapappp,218,246,201,23.1,34,25048
ABalapappp,219,247,195,24.0,31,11613
ABalapappp,220,246,195,23.7,30,22276
ABalapp,64,209,298,15.9,35,3015
ABalapp,65,212,289,15.1,52,1823
ABalapp,66,217,286,14.8,49,1345
ABalapp,67,212,284,14.0,49,1006
ABalapp,68,217,276,13.1,49,1001
ABalapp,69,223,269,12.9,49,968
ABalapp,70,231,267,13.1,50,890
ABalapp,71,229,270,12.7,50,1282
ABalapp,72,231,265,12.1,50,1202
ABalapp,73,227,264,11.8,51,1910
ABalapp,74,225,269,11.9,51,1725
ABalapp,75,222,277,12.0,51,2738
ABalapp,76,216,284,12.2,51,2082
ABalapp,77,212,291,12.1,50,2118
ABalapp,78,214,287,12.0,50,2177
ABalapp,79,213,291,12.2,50,3005
ABalapp,80,211,295,12.2,49,3122
ABalapp,81,211,298,12.8,49,4131
ABalapp,82,218,300,12.3,49,4757
ABalapp,83,224,300,13.0,49,3233
ABalapp,84,228,300,13.0,51,3722
ABalapp,85,228,301,13.9,50,4448
ABalapp,86,230,304,14.0,50,4165
ABalapp,87,233,305,14.0,50,5283
ABalapp,88,233,306,14.1,50,6086
ABalapp,89,230,306,13.4,51,4785
ABalapp,90,233,309,14.2,51,6632
ABalapp,91,228,303,14.3,51,6242
ABalapp,92,229,302,15.0,49,7018
ABalapp,93,235,304,15.9,49,10069
ABalapp,94,239,313,16.2,49,9830
ABalapp,95,239,320,17.0,49,8645
ABalapp,96,232,324,17.0,48,11000
ABalapp,97,229,322,17.9,46,12010
ABalapp,98,233,308,17.0,44,14685
ABalapp,99,230,311,16.1,44,9725
ABalappa,100,212,311,16.0,37,12469
ABalappa,101,213,304,15.3,34,14823
ABalappa,102,213,309,16.0,40,10272
ABalappa,103,211,303,16.1,40,13696
ABalappa,104,206,306,15.9,41,15183
ABalappa,105,204,315,15.9,42,16496
ABalappa,106,199,314,16.0,42,17624
ABalappa,107,204,314,16.1,42,17559
ABalappa,108,207,320,16.1,42,20095
ABalappa,109,205,321,16.9,42,17338
ABalappa,110,210,327,17.0,42,18375
ABalappa,111,218,327,17.0,41,24426
ABalappa,112,223,328,16.9,42,22610
ABalappa,113,223,331,17.0,42,23381
ABalappa,114,226,327,17.1,42,21442
ABalappa,115,230,325,18.0,42,20140
ABalappa,116,236,327,18.0,42,22597
ABalappa,117,234,323,18.0,42,21199
ABalappa,118,235,322,18.1,42,25697
ABalappa,119,233,327,19.0,42,22687
ABalappa,120,232,323,18.9,42,26999
ABalappa,121,231,324,18.9,42,25710
ABalappa,122,232,322,19.0,42,26399
ABalappa,123,226,329,18.9,42,27462
ABalappa,124,223,332,18.3,44,23740
ABalappa,125,221,335,20.0,42,24656
ABalappa,126,222,332,21.0,42,26285
ABalappa,127,212,332,21.0,44,27103
ABalappa,128,210,329,21.1,44,31312
ABalappa,129,205,318,21.2,44,30988
ABalappa,130,202,310,22.0,42,30578
ABalappa,131,203,304,22.1,44,29414
ABalappa,132,202,298,22.2,44,27543
ABalappa,133,190,298,22.1,42,32690
ABalappa,134,188,291,21.2,43,35710
ABalappa,135,189,288,21.0,41,35529
ABalappa,136,199,286,21.0,41,41457
ABalappa,137,200,280,20.1,40,41331
ABalappa,138,199,276,21.0,39,39715
ABalappa,139,191,279,21.9,38,39396
ABalappa,140,184,275,21.2,39,45298
ABalappa,141,175,275,21.0,37,48825
ABalappa,142,178,265,21.0,37,42365
ABalappa,143,178,260,21.0,35,53078
ABalappaa,144,147,254,20.0,35,48139
ABalappaa,145,136,247,20.0,35,44875
ABalappaa,146,134,240,20.0,34,49792
ABalappaa,147,134,245,20.0,34,49806
ABalappaa,148,133,242,20.0,34,50131
ABalappaa,149,134,233,19.4,36,49296
ABalappaa,150,135,230,20.3,36,50146
ABalappaa,151,136,229,21.0,34,57581
ABalappaa,152,137,229,21.0,36,47564
ABalappaa,153,137,234,21.1,36,50877
ABalappaa,154,142,224,21.3,36,48735
ABalappaa,155,143,225,21.2,36,42678
ABalappaa,156,146,225,21.2,38,45501
ABalappaa,157,150,229,21.3,36,45023
ABalappaa,158,150,231,20.3,36,47361
ABalappaa,159,147,233,21.0,34,50439
ABalappaa,160,147,235,21.0,34,50829
ABalappaa,161,147,229,20.9,35,56696
ABalappaa,162,146,238,20.3,37,45504
ABalappaa,163,143,242,21.1,35,55192
ABalappaa,164,145,235,20.4,37,51286
ABalappaa,165,144,241,21.1,37,62055
ABalappaa,166,140,236,20.3,37,59514
ABalappaa,167,142,235,21.1,37,60495
ABalappaa,168,143,235,21.1,37,65186
ABalappaa,169,140,238,20.9,35,67784
ABalappaa,170,137,243,20.3,37,63763
ABalappaa,171,136,242,20.1,37,67474
ABalappaa,172,139,244,20.1,39,62836
ABalappaa,173,139,243,20.1,39,62741
ABalappaa,174,143,250,20.0,39,61870
ABalappaa,175,145,258,20.0,37,66362
ABalappaa,176,139,252,20.1,39,67488
ABalappaa,177,141,258,20.3,39,62196
ABalappaa,178,145,255,20.2,39,64151
ABalappaa,179,150,253,20.2,39,61334
ABalappaa,180,149,259,20.2,39,54543
ABalappaa,181,148,272,20.2,39,66949
ABalappaa,182,150,277,20.3,38,70747
ABalappaa,183,146,285,20.0,26,75999
ABalappaa,184,145,280,20.1,37,77459
ABalappaa,185,141,275,20.0,36,74677
ABalappaa,186,147,269,21.1,35,71805
ABalappaa,187,146,269,21.2,34,67881
ABalappaa,188,141,270,20.4,31,78104
ABalappaa,189,140,263,21.2,34,81946
ABalappaa,190,140,268,21.2,31,84431
ABalappaa,191,140,263,21.2,34,72066
ABalappaa,192,136,259,20.3,31,82481
ABalappaa,193,137,256,21.1,34,84745
ABalappaa,194,134,250,21.1,31,90666
ABalappaa,195,130,249,20.2,34,82714
ABalappaa,196,128,250,19.3,31,93390
ABalappaa,197,125,250,19.1,34,82576
ABalappaa,198,124,246,19.2,31,87024
ABalappaa,199,124,246,20.1,34,89060
ABalappaa,200,121,239,19.2,31,93390
ABalappaa,201,121,237,19.2,34,86294
ABalappaa,202,118,239,19.0,31,99292
ABalappaa,203,117,241,19.0,34,93832
ABalappaa,204,116,241,18.2,34,79353
ABalappaa,205,116,239,18.3,31,95941
ABalappaa,206,117,240,19.0,30,106842
ABalappaa,207,120,241,19.0,31,93866
ABalappaa,208,127,240,18.2,34,78947
ABalappaa,209,123,241,18.3,31,84484
ABalappaa,210,122,238,18.3,34,98405
ABalappaaa,211,113,239,17.1,31,84181
ABalappaaa,212,114,238,17.0,34,81806
ABalappaaa,213,115,241,18.0,31,88311
ABalappaaa,214,112,243,17.1,34,70358
ABalappaaa,215,113,245,18.0,31,90758
ABalappaaa,216,113,245,18.5,28,101408
ABalappaaa,217,114,247,18.1,31,89090
ABalappaaa,218,109,246,18.1,28,109701
ABalappaaa,219,111,246,19.2,31,78761
ABalappaaa,220,110,245,18.2,31,99380
ABalappaap,211,131,240,20.2,31,77184
ABalappaap,212,136,240,20.4,34,67066
ABalappaap,213,139,243,21.0,31,61368
ABalappaap,214,140,250,21.3,34,53949
ABalappaap,215,138,249,21.3,31,64457
ABalappaap,216,137,248,21.3,34,63249
ABalappaap,217,132,251,21.1,31,69388
ABalappaap,218,132,247,21.1,34,63607
ABalappaap,219,131,247,20.3,31,82069
ABalappaap,220,129,244,20.1,34,68573
ABalappap,144,188,272,21.0,35,33961
ABalappap,145,187,268,21.0,35,39364
ABalappap,146,183,261,20.9,34,31638
ABalappap,147,178,261,20.9,34,32395
ABalappap,148,178,264,20.2,36,29884
ABalappap,149,175,264,20.1,36,34507
ABalappap,150,174,262,20.1,36,36430
ABalappap,151,167,259,20.1,36,30311
ABalappap,152,166,262,19.3,36,29152
ABalappap,153,163,264,20.1,38,31177
ABalappap,154,156,264,20.2,38,32494
ABalappap,155,156,270,20.2,38,34326
ABalappap,156,155,274,21.1,38,34495
ABalappap,157,154,276,21.0,38,40936
ABalappap,158,158,279,20.2,38,34953
ABalappap,159,158,284,20.1,38,39997
ABalappap,160,163,283,20.1,38,37497
ABalappap,161,167,278,19.3,39,41745
ABalappap,162,163,285,20.2,39,36920
ABalappap,163,162,288,21.0,39,35707
ABalappap,164,166,283,21.3,39,42578
ABalappap,165,163,285,21.3,39,43993
ABalappap,166,163,275,21.2,39,40324
ABalappap,167,163,277,21.9,35,45490
ABalappap,168,159,276,21.3,39,48103
ABalappap,169,160,273,21.3,39,44861
ABalappap,170,156,274,21.3,39,50250
ABalappap,171,152,277,21.3,39,45729
ABalappap,172,151,281,21.3,39,53728
ABalappap,173,152,276,21.2,39,51185
ABalappap,174,153,280,21.3,39,57710
ABalappap,175,151,284,22.0,39,53867
ABalappap,176,152,284,21.3,39,58058
ABalappap,177,153,289,21.1,39,64000
ABalappap,178,154,287,21.2,39,60112
ABalappap,179,156,290,21.1,39,54031
ABalappap,180,153,288,21.3,39,58786
ABalappap,181,150,294,22.0,26,57464
ABalappap,182,149,303,22.0,38,63446
ABalappap,183,150,305,22.0,38,62938
ABalappap,184,153,294,22.0,37,66575
ABalappap,185,150,300,22.0,36,62077
ABalappap,186,149,306,21.2,35,60947
ABalappap,187,144,306,21.1,34,70735
ABalappap,188,143,307,21.0,31,61841
ABalappap,189,141,304,19.2,34,65366
ABalappap,190,140,304,20.0,31,67438
ABalappap,191,142,302,20.0,34,73354
ABalappap,192,141,299,20.2,31,77502
ABalappap,193,139,297,20.2,34,80738
ABalappap,194,137,298,20.1,31,75709
ABalappap,195,136,294,19.1,34,79114
ABalappap,196,134,299,20.1,31,85220
ABalappap,197,140,298,18.1,34,63239
ABalappap,198,137,297,19.1,31,82480
ABalappapa,199,128,289,19.1,34,49731
ABalappapa,200,119,276,17.3,31,63778
ABalappapa,201,118,272,17.3,32,63693
ABalappapa,202,115,276,17.1,31,68046
ABalappapa,203,122,278,17.3,34,57116
ABalappapa,204,126,283,17.2,34,57576
ABalappapa,205,128,282,17.2,31,65147
ABalappapa,206,131,282,17.3,34,52269
ABalappapa,207,131,284,17.3,31,60517
ABalappapa,208,132,288,17.3,34,59358
ABalappapa,209,127,290,17.3,31,66109
ABalappapa,210,125,286,17.2,34,66684
ABalappapa,211,126,283,17.4,31,70096
ABalappapa,212,130,284,17.4,34,62787
ABalappapa,213,129,286,18.0,31,64663
ABalappapa,214,132,289,18.0,34,68488
ABalappapa,215,131,290,18.1,31,80367
ABalappapa,216,129,293,18.0,34,72823
ABalappapa,217,130,295,17.4,31,69017
ABalappapa,218,127,295,17.2,34,72787
ABalappapa,219,128,297,17.3,31,77394
ABalappapa,220,127,292,17.1,34,68822
ABalappapp,199,137,299,20.0,30,63621
ABalappapp,200,137,302,20.8,29,68129
ABalappapp,201,136,302,20.9,30,70310
ABalappapp,202,136,303,20.2,26,62769
ABalappapp,203,140,302,20.2,32,53198
ABalappapp,204,141,303,21.0,34,52310
ABalappapp,205,136,300,21.1,31,57748
ABalappapp,206,141,305,21.2,34,51733
ABalappapp,207,145,306,21.0,31,61609
ABalappapp,208,144,309,21.1,34,59207
ABalappapp,209,144,310,20.2,31,54041
ABalappapp,210,139,309,20.2,34,57048
ABalappapp,211,137,308,19.3,31,58224
ABalappapp,212,142,308,20.1,34,58904
ABalappapp,213,140,313,20.2,31,69560
ABalappapp,214,141,310,20.2,34,64554
ABalappapp,215,141,307,20.3,31,65794
ABalappapp,216,142,306,21.0,34,64880
ABalappapp,217,143,308,20.2,31,62499
ABalappapp,218,138,303,20.2,34,61990
ABalappapp,219,139,305,20.2,31,74355
ABalappapp,220,138,304,20.1,34,61632
ABalappp,100,253,301,18.1,41,5402
ABalappp,101,258,297,18.1,40,6251
ABalappp,102,259,291,17.8,40,8708
ABalappp,103,258,287,18.1,40,8797
ABalappp,104,263,285,18.0,41,8645
ABalappp,105,257,288,18.1,42,8995
ABalappp,106,252,294,18.1,44,11377
ABalappp,107,257,300,18.0,42,11923
ABalappp,108,262,302,17.3,44,9993
ABalappp,109,263,303,17.9,42,12128
ABalappp,110,269,297,18.1,42,13331
ABalappp,111,268,298,18.1,43,11955
ABalappp,112,275,302,18.0,42,12293
ABalappp,113,278,299,18.0,42,15433
ABalappp,114,284,308,17.9,42,16388
ABalappp,115,289,304,17.1,42,17238
ABalappp,116,288,309,17.1,42,16413
ABalappp,117,289,308,17.1,42,19624
ABalappp,118,286,314,17.1,42,17571
ABalappp,119,286,320,17.9,42,19695
ABalappp,120,282,323,17.9,42,19698
ABalappp,121,280,324,17.2,44,19085
ABalappp,122,281,322,18.0,44,20687
ABalappp,123,275,323,17.9,42,22224
ABalappp,124,273,328,17.2,44,21109
ABalappp,125,268,326,17.3,46,16674
ABalappp,126,268,330,18.2,46,22227
ABalappp,127,263,332,18.2,46,20842
ABalappp,128,258,335,19.0,46,23521
ABalappp,129,255,331,18.3,46,22918
ABalappp,130,247,334,19.0,46,22709
ABalappp,131,246,333,19.1,44,23227
ABalappp,132,242,332,19.9,42,27159
ABalappp,133,239,330,20.0,44,30175
ABalappp,134,243,316,18.3,43,28839
ABalappp,135,251,315,19.1,45,33997
ABalappp,136,256,315,20.1,41,41950
ABalappp,137,255,305,20.1,36,36598
ABalappp,138,256,299,20.0,35,41144
ABalapppa,139,234,293,19.1,38,22882
ABalapppa,140,226,286,20.0,35,29605
ABalapppa,141,222,286,20.1,37,30799
ABalapppa,142,220,283,19.9,37,26762
ABalapppa,143,213,282,19.2,35,34295
ABalapppa,144,216,277,19.2,37,30708
ABalapppa,145,216,275,19.2,37,33130
ABalapppa,146,211,279,20.1,36,27471
ABalapppa,147,202,286,20.3,38,26331
ABalapppa,148,205,284,21.1,38,31229
ABalapppa,149,201,284,21.1,36,32757
ABalapppa,150,207,281,21.2,38,32477
ABalapppa,151,202,277,21.2,38,34308
ABalapppa,152,201,279,21.1,36,33720
ABalapppa,153,199,277,21.2,38,30138
ABalapppa,154,188,280,21.3,38,37253
ABalapppa,155,188,285,22.0,38,32581
ABalapppa,156,191,284,22.1,38,36495
ABalapppa,157,192,285,22.1,38,36592
ABalapppa,158,190,289,22.0,38,39263
ABalapppa,159,189,291,21.4,38,41566
ABalapppa,160,199,289,22.1,38,32335
ABalapppa,161,199,285,21.2,39,44346
ABalapppa,162,200,286,21.1,39,43314
ABalapppa,163,200,287,21.3,39,46303
ABalapppa,164,209,287,21.3,39,46743
ABalapppa,165,205,283,22.0,39,37263
ABalapppa,166,204,289,22.1,39,42709
ABalapppa,167,201,293,22.1,39,44827
ABalapppa,168,200,294,21.3,39,55742
ABalapppa,169,204,294,22.0,39,48874
ABalapppa,170,202,290,22.0,39,52880
ABalapppa,171,199,296,21.3,39,51242
ABalapppa,172,193,297,22.1,39,55737
ABalapppa,173,193,299,22.2,39,55990
ABalapppa,174,194,307,22.2,39,52758
ABalapppa,175,192,312,22.2,39,54224
ABalapppa,176,192,313,22.3,39,49897
ABalapppa,177,198,317,22.2,39,53546
ABalapppa,178,196,318,22.1,39,50339
ABalapppa,179,194,315,22.1,39,54403
ABalapppa,180,198,313,22.1,39,54942
ABalapppa,181,192,312,22.1,39,54650
ABalapppa,182,187,316,22.1,38,60266
ABalapppa,183,186,313,22.1,38,62942
ABalapppa,184,188,306,22.1,37,61661
ABalapppa,185,185,309,22.0,36,61920
ABalapppa,186,184,311,21.3,35,66301
ABalapppa,187,180,313,21.2,34,71174
ABalapppa,188,179,312,22.1,31,74913
ABalapppa,189,174,305,22.1,34,69039
ABalapppa,190,175,310,21.2,31,88766
ABalapppa,191,179,309,22.0,30,81498
ABalapppa,192,178,308,22.2,31,82805
ABalapppaa,193,166,302,22.1,32,71654
ABalapppaa,194,163,296,22.1,31,85368
ABalapppaa,195,160,294,22.1,34,60429
ABalapppaa,196,160,297,21.3,31,73779
ABalapppaa,197,161,295,21.2,32,74251
ABalapppaa,198,160,293,21.1,31,78231
ABalapppaa,199,158,297,21.1,34,76621
ABalapppaa,200,161,289,22.0,31,72064
ABalapppaa,201,158,279,21.3,34,68327
ABalapppaa,202,150,280,21.1,31,80912
ABalapppaa,203,152,269,21.1,34,61530
ABalapppaa,204,152,272,20.6,33,56456
ABalapppaa,205,153,275,20.1,31,76276
ABalapppaa,206,151,271,21.0,34,83146
ABalapppaa,207,150,273,20.2,31,86346
ABalapppaa,208,146,274,21.1,34,79438
ABalapppaa,209,145,276,21.0,31,87126
ABalapppaa,210,143,274,20.1,34,89699
ABalapppaa,211,143,275,20.2,31,89058
ABalapppaa,212,145,277,21.1,34,79339
ABalapppaa,213,151,283,20.2,31,84794
ABalapppaa,214,151,285,21.0,34,87754
ABalapppaa,215,156,285,21.1,31,100936
ABalapppaa,216,156,283,21.1,34,93968
ABalapppaa,217,153,282,21.2,31,87373
ABalapppaa,218,150,281,21.2,34,87365
ABalapppaa,219,148,281,21.3,31,100349
ABalapppaa,220,147,278,21.1,34,92321
ABalapppap,193,199,318,22.9,30,55376
ABalapppap,194,203,324,22.2,31,77554
ABalapppap,195,201,322,22.2,26,79775
ABalapppap,196,200,320,22.3,31,61033
ABalapppap,197,194,320,23.1,34,57889
ABalapppap,198,196,317,23.0,31,68192
ABalapppap,199,198,319,23.1,34,70398
ABalapppap,200,198,312,23.0,31,70629
ABalapppap,201,196,302,22.1,34,56247
ABalapppap,202,188,297,22.1,31,61601
ABalapppap,203,185,295,23.0,34,69397
ABalapppap,204,186,296,21.3,34,61017
ABalapppap,205,187,297,23.0,31,76250
ABalapppap,206,187,301,22.0,34,79218
ABalapppap,207,186,300,22.1,34,80531
ABalapppap,208,184,298,22.1,34,70457
ABalapppap,209,179,298,21.2,31,76149
ABalapppap,210,174,293,21.0,34,65567
ABalapppap,211,175,292,21.1,31,68442
ABalapppap,212,177,297,21.2,34,73076
ABalapppap,213,180,304,21.2,31,88776
ABalapppap,214,180,307,21.2,34,79543
ABalapppap,215,181,309,21.2,31,82504
ABalapppap,216,183,305,21.2,34,81944
ABalapppap,217,181,303,21.2,31,83071
ABalapppap,218,180,297,21.1,34,70922
ABalapppap,219,178,298,21.1,31,80262
ABalapppap,220,179,298,21.1,34,78011
ABalapppp,139,272,298,20.3,32,26226
ABalapppp,140,275,296,21.0,37,22585
ABalapppp,141,269,299,20.1,37,24213
ABalapppp,142,270,292,20.1,37,23352
ABalapppp,143,266,295,20.9,35,28423
ABalapppp,144,266,297,21.0,37,23623
ABalapppp,145,273,293,21.0,37,23384
ABalapppp,146,266,294,21.2,38,16412
ABalapppp,147,262,296,21.1,38,13234
ABalapppp,148,262,295,22.0,36,20123
ABalapppp,149,260,296,21.1,38,20420
ABalapppp,150,262,288,21.0,38,19654
ABalapppp,151,258,290,21.0,26,21757
ABalapppp,152,253,298,20.1,38,11061
ABalapppp,153,262,297,22.0,38,27218
ABalapppp,154,256,292,22.1,38,25647
ABalapppp,155,256,294,21.3,38,29951
ABalapppp,156,258,296,21.3,38,27853
ABalapppp,157,254,298,21.2,38,34002
ABalapppp,158,255,299,21.1,38,36986
ABalapppp,159,252,305,21.1,38,31953
ABalapppp,160,259,310,21.1,38,33319
ABalapppp,161,256,308,20.3,39,32624
ABalapppp,162,253,308,20.1,39,36233
ABalapppp,163,257,309,20.2,39,39121
ABalapppp,164,262,311,20.2,37,42238
ABalapppp,165,262,314,20.2,39,46521
ABalapppp,166,265,318,20.4,39,46612
ABalapppp,167,265,318,20.3,39,47942
ABalapppp,168,259,315,20.3,39,48917
ABalapppp,169,257,314,20.2,39,53047
ABalapppp,170,261,316,20.2,39,52786
ABalapppp,171,255,317,20.3,39,50554
ABalapppp,172,254,324,21.1,39,52634
ABalapppp,173,247,326,21.1,39,51726
ABalapppp,174,249,330,21.1,39,50096
ABalapppp,175,251,334,21.1,39,57632
ABalapppp,176,251,338,20.3,39,52599
ABalapppp,177,256,340,21.0,39,49110
ABalapppp,178,256,338,21.0,39,58207
ABalapppp,179,252,337,20.3,39,56362
ABalapppp,180,255,337,20.2,39,64595
ABalapppp,181,253,341,20.2,39,60117
ABalapppp,182,258,345,20.1,36,60730
ABalapppp,183,260,346,19.2,38,56406
ABalapppp,184,257,345,20.0,37,57212
ABalapppp,185,254,343,20.0,36,60306
ABalapppp,186,251,344,20.0,35,59853
ABalapppp,187,252,346,20.0,34,63072
ABalapppp,188,251,342,20.1,31,75326
ABalapppp,189,245,345,20.1,34,72512
ABalapppp,190,242,346,20.2,31,73404
ABalapppp,191,243,343,21.0,30,82614
ABalapppp,192,244,340,21.0,29,78011
ABalapppp,193,252,342,20.3,34,82140
ABalappppa,194,230,340,19.1,26,59966
ABalappppa,195,227,338,19.1,26,76152
ABalappppa,196,225,336,19.5,27,74925
ABalappppa,197,222,334,19.9,28,67938
ABalappppa,198,219,331,20.3,29,62850
ABalappppa,199,216,329,20.7,30,72095
ABalappppa,200,213,326,21.1,31,58238
ABalappppa,201,211,317,20.1,34,53100
ABalappppa,202,209,314,20.0,31,60593
ABalappppa,203,205,312,20.0,34,52682
ABalappppa,204,205,313,20.0,34,66554
ABalappppa,205,204,314,20.0,33,57444
ABalappppa,206,203,315,20.0,32,57623
ABalappppa,207,202,316,20.0,31,73267
ABalappppa,208,202,318,20.2,31,85089
ABalappppa,209,203,320,20.3,31,66817
ABalappppa,210,204,323,20.5,30,42688
ABalappppa,211,204,325,20.7,30,37543
ABalappppa,212,205,327,20.8,30,54904
ABalappppa,213,206,330,21.0,29,63838
ABalappppa,214,205,330,20.7,30,76694
ABalappppa,215,203,330,20.4,31,54700
ABalappppa,216,201,330,20.0,32,72972
ABalappppa,217,199,331,19.7,33,63124
ABalappppa,218,197,334,20.0,28,91379
ABalappppa,219,195,337,20.0,34,73032
ABalappppa,220,192,338,20.0,34,80865
ABalappppp,194,274,337,22.0,29,49741
ABalappppp,195,272,336,22.0,30,46959
ABalappppp,196,277,335,21.3,31,51359
ABalappppp,197,268,339,22.1,30,68299
ABalappppp,198,269,339,22.2,31,64225
ABalappppp,199,267,338,22.1,34,54571
ABalappppp,200,265,334,23.0,31,42851
ABalappppp,201,258,334,22.1,34,43826
ABalappppp,202,254,334,22.2,31,57147
ABalappppp,203,253,337,22.3,34,43669
ABalappppp,204,254,346,23.1,34,46836
ABalappppp,205,257,338,22.2,31,54527
ABalappppp,206,256,337,22.2,34,48880
ABalappppp,207,259,329,22.2,31,58821
ABalappppp,208,257,331,22.3,34,57172
ABalappppp,209,256,336,22.2,31,70250
ABalappppp,210,252,343,22.2,34,61437
ABalappppp,211,250,340,22.2,31,70009
ABalappppp,212,250,340,22.2,34,62560
ABalappppp,213,250,338,22.2,31,67621
ABalappppp,214,250,339,22.2,34,53806
ABalappppp,215,248,342,22.2,31,57716
ABalappppp,216,246,340,22.1,34,63380
ABalappppp,217,246,341,22.1,31,66814
ABalappppp,218,246,342,22.0,32,60115
ABalappppp,219,245,344,22.0,31,60230
ABalappppp,220,241,345,22.0,34,57952
ABalp,19,184,245,9.4,43,-512
ABalp,20,191,215,9.3,53,-240
ABalp,21,189,201,10.6,57,-735
ABalp,22,206,208,10.3,60,-488
ABalp,23,216,193,11.2,61,-871
ABalp,24,219,188,12.3,61,95
ABalp,25,209,184,15.7,60,-112
ABalp,26,193,177,16.1,62,-795
ABalp,27,191,168,17.1,61,-280
ABalp,28,187,169,17.1,63,-456
ABalp,29,186,163,17.0,62,-55
ABalp,30,190,163,17.2,63,-1351
ABalp,31,191,170,17.1,65,-615
ABalp,32,182,171,16.2,68,-401
ABalp,33,189,169,16.1,67,-1111
ABalp,34,187,165,15.1,69,-873
ABalp,35,193,165,14.8,64,-485
ABalp,36,202,164,13.6,62,-792
ABalp,37,215,178,13.2,56,-742
ABalpa,38,185,187,9.4,40,-695
ABalpa,39,168,182,12.2,48,-378
ABalpa,40,166,185,14.0,52,-993
ABalpa,41,167,181,13.1,50,-1411
ABalpa,42,160,174,13.2,50,-990
ABalpa,43,155,173,13.2,52,-1557
ABalpa,44,156,171,13.3,56,-668
ABalpa,45,154,173,14.1,57,215
ABalpa,46,149,180,15.1,61,-827
ABalpa,47,149,186,15.8,57,-636
ABalpa,48,148,184,16.2,60,-425
ABalpa,49,148,191,16.3,58,-50
ABalpa,50,151,187,16.2,59,-908
ABalpa,51,152,185,16.3,61,-731
ABalpa,52,160,173,15.3,61,128
ABalpa,53,163,172,16.1,61,-453
ABalpa,54,162,169,15.1,61,-941
ABalpa,55,163,172,15.0,62,-394
ABalpa,56,162,176,15.0,60,-1205
ABalpa,57,162,176,15.0,61,-423
ABalpa,58,161,183,15.0,62,-486
ABalpa,59,160,191,14.8,58,-801
ABalpa,60,160,192,14.9,58,249
ABalpa,61,159,192,14.1,58,8
ABalpa,62,157,199,13.9,56,-23
ABalpa,63,160,206,13.3,51,1422
ABalpaa,64,136,220,16.5,51,-200
ABalpaa,65,140,223,17.9,52,309
ABalpaa,66,143,232,16.9,49,-778
ABalpaa,67,141,236,17.1,49,341
ABalpaa,68,140,243,17.9,49,603
ABalpaa,69,135,238,18.0,49,-670
ABalpaa,70,140,237,18.0,50,734
ABalpaa,71,139,232,17.0,50,869
ABalpaa,72,139,229,16.8,50,1464
ABalpaa,73,137,230,16.1,51,2749
ABalpaa,74,130,233,16.2,51,1746
ABalpaa,75,125,233,16.2,51,1562
ABalpaa,76,124,230,16.3,51,2338
ABalpaa,77,123,235,16.9,50,3407
ABalpaa,78,128,234,16.9,50,2319
ABalpaa,79,125,223,16.2,50,2648
ABalpaa,80,126,221,16.2,51,2887
ABalpaa,81,128,227,16.8,49,3117
ABalpaa,82,128,229,16.0,51,2693
ABalpaa,83,125,232,15.9,49,2843
ABalpaa,84,128,231,15.1,49,3995
ABalpaa,85,126,235,15.2,50,3982
ABalpaa,86,129,239,15.9,50,4439
ABalpaa,87,130,239,15.9,50,5249
ABalpaa,88,130,234,16.1,50,4667
ABalpaa,89,133,234,15.5,51,5747
ABalpaa,90,133,230,16.1,49,5037
ABalpaa,91,130,230,16.1,49,5732
ABalpaa,92,135,227,16.1,51,5063
ABalpaa,93,130,231,16.1,49,9382
ABalpaa,94,146,246,15.9,49,7800
ABalpaa,95,145,251,15.9,49,6721
ABalpaaa,96,130,265,13.3,38,8423
ABalpaaa,97,124,261,12.1,42,8729
ABalpaaa,98,122,260,11.1,42,5737
ABalpaaa,99,120,259,11.1,42,9751
ABalpaaa,100,120,249,10.8,41,7617
ABalpaaa,101,116,251,11.8,40,7112
ABalpaaa,102,112,250,12.1,40,10639
ABalpaaa,103,112,250,12.8,40,11410
ABalpaaa,104,116,248,12.8,41,12273
ABalpaaa,105,112,253,12.9,42,10135
ABalpaaa,106,115,260,12.2,42,11469
ABalpaaa,107,116,258,12.1,42,13072
ABalpaaa,108,120,254,11.9,42,8475
ABalpaaa,109,118,251,12.8,42,8928
ABalpaaa,110,115,257,12.9,42,12077
ABalpaaa,111,120,252,11.9,41,13398
ABalpaaa,112,129,246,10.9,42,10086
ABalpaaa,113,136,252,9.9,42,11527
ABalpaaa,114,131,260,10.0,42,11992
ABalpaaa,115,132,263,10.1,42,14269
ABalpaaa,116,136,271,10.0,42,12707
ABalpaaa,117,143,272,9.2,42,11981
ABalpaaa,118,142,276,10.0,42,13724
ABalpaaa,119,137,273,10.0,42,13359
ABalpaaa,120,131,267,10.2,42,16317
ABalpaaa,121,127,274,11.0,42,16074
ABalpaaa,122,123,271,11.9,42,12648
ABalpaaa,123,120,267,12.0,42,16764
ABalpaaa,124,118,262,12.1,42,16666
ABalpaaa,125,121,262,12.1,42,16691
ABalpaaa,126,119,259,11.8,42,17045
ABalpaaa,127,118,259,11.8,42,14602
ABalpaaa,128,118,261,11.9,42,14457
ABalpaaa,129,121,259,11.0,42,18921
ABalpaaa,130,124,250,10.2,42,18464
ABalpaaa,131,120,257,10.9,42,19767
ABalpaaa,132,119,259,11.1,44,18022
ABalpaaa,133,120,257,11.1,42,18382
ABalpaaa,134,127,260,10.2,43,18802
ABalpaaa,135,125,260,10.2,43,20417
ABalpaaa,136,130,281,10.4,43,21601
ABalpaaa,137,128,287,11.1,42,25189
ABalpaaa,138,121,281,12.2,41,23993
ABalpaaa,139,125,277,12.1,40,18868
ABalpaaa,140,132,267,11.2,39,22920
ABalpaaaa,141,131,275,11.3,26,29419
ABalpaaaa,142,126,276,11.4,26,24893
ABalpaaaa,143,124,267,11.0,26,22264
ABalpaaaa,144,125,259,10.2,26,23218
ABalpaaaa,145,131,259,9.5,39,18932
ABalpaaaa,146,132,253,9.3,38,14428
ABalpaaaa,147,136,243,8.6,36,19763
ABalpaaaa,148,134,238,9.0,34,16765
ABalpaaaa,149,137,235,8.4,36,19088
ABalpaaaa,150,136,236,8.4,36,19406
ABalpaaaa,151,135,233,8.4,36,20754
ABalpaaaa,152,140,234,9.0,34,16225
ABalpaaaa,153,137,235,8.6,36,18962
ABalpaaaa,154,132,233,8.6,36,21651
ABalpaaaa,155,134,233,9.0,34,17292
ABalpaaaa,156,131,234,9.2,36,21760
ABalpaaaa,157,135,226,9.1,34,18715
ABalpaaaa,158,135,227,9.1,36,16957
ABalpaaaa,159,137,229,8.9,34,15097
ABalpaaaa,160,141,234,8.3,36,16316
ABalpaaaa,161,141,239,8.1,39,18875
ABalpaaaa,162,145,245,8.1,26,22696
ABalpaaaa,163,150,251,7.3,37,19180
ABalpaaaa,164,147,253,7.4,37,21604
ABalpaaaa,165,154,256,7.2,37,22393
ABalpaaaa,166,157,256,7.1,37,17470
ABalpaaaa,167,155,258,7.2,37,18399
ABalpaaaa,168,153,260,7.3,37,18991
ABalpaaaa,169,153,260,7.3,37,18191
ABalpaaaa,170,154,256,7.3,37,19089
ABalpaaaa,171,163,249,6.9,35,15249
ABalpaaaa,172,159,250,6.4,37,17476
ABalpaaaa,173,167,252,6.0,35,17270
ABalpaaaa,174,165,246,6.2,37,19163
ABalpaaaa,175,166,246,6.3,37,16869
ABalpaaaa,176,164,246,6.8,35,18983
ABalpaaaa,177,160,244,6.6,37,19573
ABalpaaaa,178,156,240,6.5,37,15432
ABalpaaaa,179,153,241,7.0,37,18842
ABalpaaaa,180,156,236,6.6,37,18610
ABalpaaaa,181,156,232,6.4,37,15909
ABalpaaaa,182,159,229,6.3,38,16813
ABalpaaaa,183,164,233,6.0,38,19647
ABalpaaaa,184,166,235,5.5,37,17677
ABalpaaaa,185,167,235,5.4,36,19896
ABalpaaaa,186,171,241,5.3,35,19077
ABalpaaaa,187,172,231,5.4,34,21624
ABalpaaaa,188,176,233,5.2,31,20913
ABalpaaaa,189,180,232,5.2,34,17903
ABalpaaaa,190,179,230,5.1,26,17525
ABalpaaaa,191,173,231,6.0,34,19646
ABalpaaaa,192,171,231,6.3,33,15460
ABalpaaaa,193,168,231,6.7,32,13642
ABalpaaaa,194,165,232,7.0,31,15584
ABalpaaaa,195,165,232,7.0,31,17060
ABalpaaaa,196,177,226,6.2,31,30398
ABalpaaaa,197,182,223,6.9,32,18619
ABalpaaaa,198,187,224,6.1,31,22568
ABalpaaaa,199,185,226,6.1,30,28027
ABalpaaaaa,200,171,221,7.0,29,17573
ABalpaaaaa,201,164,217,6.9,30,19418
ABalpaaaaa,202,165,216,6.9,29,19764
ABalpaaaaa,203,167,218,6.2,26,16494
ABalpaaaaa,204,167,218,6.1,26,15455
ABalpaaaaa,205,167,219,5.9,27,13357
ABalpaaaaa,206,168,220,5.8,28,17792
ABalpaaaaa,207,168,220,5.7,29,17007
ABalpaaaaa,208,168,221,5.5,30,13462
ABalpaaaaa,209,169,222,5.4,31,15211
ABalpaaaaa,210,169,223,5.3,32,15032
ABalpaaaaa,211,171,212,5.3,26,17179
ABalpaaaaa,212,173,218,5.2,34,13951
ABalpaaaaa,213,167,220,5.4,31,15193
ABalpaaaaa,214,170,225,5.3,32,12162
ABalpaaaaa,215,170,226,5.4,31,20268
ABalpaaaaa,216,168,223,5.4,32,17862
ABalpaaaaa,217,165,218,6.1,31,15614
ABalpaaaaa,218,171,221,5.4,34,15995
ABalpaaaaa,219,166,223,6.0,31,14831
ABalpaaaaa,220,172,219,5.5,32,18029
ABalpaaaap,200,203,228,5.2,26,19759
ABalpaaaap,201,204,229,5.0,26,18871
ABalpaaaap,202,205,230,4.8,26,20592
ABalpaaaap,203,206,231,4.6,26,11814
ABalpaaaap,204,207,232,4.4,26,16576
ABalpaaaap,205,207,229,5.0,26,18086
ABalpaaaap,206,212,226,5.0,24,16393
ABalpaaaap,207,211,227,5.0,24,20617
ABalpaaaap,208,209,228,5.0,24,8289
ABalpaaaap,209,207,229,5.0,24,16862
ABalpaaaap,210,205,230,5.1,25,16580
ABalpaaaap,211,203,231,5.1,25,15263
ABalpaaaap,212,201,232,5.1,25,14693
ABalpaaaap,213,199,234,5.1,26,14651
ABalpaaaap,214,199,234,5.1,26,15498
ABalpaaaap,215,199,235,5.1,26,9874
ABalpaaaap,216,199,236,5.1,27,15579
ABalpaaaap,217,200,237,5.0,27,15587
ABalpaaaap,218,200,238,5.0,28,15842
ABalpaaaap,219,201,239,5.0,29,12152
ABalpaaaap,220,201,239,5.0,29,15457
ABalpaaap,141,130,247,10.2,26,27298
ABalpaaap,142,134,238,9.4,26,24520
ABalpaaap,143,146,233,9.0,35,16746
ABalpaaap,144,155,228,8.0,35,15592
ABalpaaap,145,164,226,7.8,35,16305
ABalpaaap,146,173,219,7.1,34,17719
ABalpaaap,147,182,215,6.8,34,15111
ABalpaaap,148,180,217,6.1,34,13490
ABalpaaap,149,179,217,6.1,34,15813
ABalpaaap,150,179,216,6.1,34,13698
ABalpaaap,151,176,214,6.1,34,16726
ABalpaaap,152,173,211,6.8,34,15461
ABalpaaap,153,172,212,6.9,34,15576
ABalpaaap,154,171,212,7.2,34,14639
ABalpaaap,155,169,208,8.0,34,16643
ABalpaaap,156,167,206,7.5,36,17953
ABalpaaap,157,171,208,7.9,34,16768
ABalpaaap,158,172,208,8.0,34,15894
ABalpaaap,159,174,208,7.8,34,10595
ABalpaaap,160,174,211,7.8,34,17546
ABalpaaap,161,174,210,7.9,35,14822
ABalpaaap,162,171,211,7.3,37,17090
ABalpaaap,163,172,218,7.2,37,18716
ABalpaaap,164,170,221,7.4,37,16759
ABalpaaap,165,175,226,7.4,37,14433
ABalpaaap,166,177,228,7.2,37,13095
ABalpaaap,167,179,230,7.1,36,14599
ABalpaaap,168,181,233,6.9,35,16264
ABalpaaap,169,183,229,6.9,35,13300
ABalpaaap,170,185,231,7.0,35,15842
ABalpaaap,171,192,228,6.9,35,13059
ABalpaaap,172,194,224,7.1,37,15508
ABalpaaap,173,199,223,7.1,37,14331
ABalpaaap,174,201,223,7.8,35,13842
ABalpaaap,175,197,222,7.2,37,15786
ABalpaaap,176,199,220,7.1,35,16473
ABalpaaap,177,202,223,7.3,37,17904
ABalpaaap,178,203,221,7.1,35,15854
ABalpaaap,179,202,223,7.9,35,14934
ABalpaaap,180,202,218,7.8,35,14107
ABalpaaap,181,204,218,7.9,35,12160
ABalpaaap,182,209,217,8.1,34,16940
ABalpaaap,183,209,215,9.0,34,18361
ABalpaaap,184,208,216,8.2,37,22653
ABalpaaap,185,208,215,8.2,26,14943
ABalpaaap,186,209,214,8.3,35,18042
ABalpaaap,187,213,214,8.2,34,23609
ABalpaaap,188,213,215,8.2,34,21140
ABalpaaap,189,212,217,8.3,34,21170
ABalpaaap,190,211,219,8.3,34,21640
ABalpaaap,191,210,221,8.3,34,15919
ABalpaaap,192,211,221,9.2,31,19323
ABalpaaap,193,211,220,8.3,32,20729
ABalpaaap,194,211,220,8.3,32,20000
ABalpaaap,195,213,215,9.1,34,15179
ABalpaaap,196,216,215,9.1,31,21457
ABalpaaap,197,216,215,9.1,31,20156
ABalpaaap,198,218,212,9.5,29,19026
ABalpaaap,199,217,208,9.0,30,21633
ABalpaaapa,200,209,208,10.0,30,11685
ABalpaaapa,201,203,206,9.0,24,19709
ABalpaaapa,202,207,205,8.3,26,14437
ABalpaaapa,203,204,206,9.1,26,21989
ABalpaaapa,204,209,207,8.1,26,16581
ABalpaaapa,205,207,206,8.1,31,16951
ABalpaaapa,206,206,203,7.9,30,16689
ABalpaaapa,207,209,199,7.1,31,23848
ABalpaaapa,208,210,204,7.9,30,15244
ABalpaaapa,209,206,201,8.0,29,14232
ABalpaaapa,210,210,197,8.2,30,17148
ABalpaaapa,211,209,195,8.2,31,14855
ABalpaaapa,212,210,196,8.1,30,21439
ABalpaaapa,213,208,196,8.1,31,20169
ABalpaaapa,214,205,197,8.1,32,15293
ABalpaaapa,215,205,199,8.2,31,19730
ABalpaaapa,216,205,198,8.2,32,22135
ABalpaaapa,217,204,197,8.1,31,21330
ABalpaaapa,218,204,197,8.6,31,19226
ABalpaaapa,219,203,196,9.0,31,17471
ABalpaaapa,220,204,196,8.2,32,21436
ABalpaaapp,200,235,217,9.2,26,19174
ABalpaaapp,201,240,219,10.0,26,20642
ABalpaaapp,202,242,221,10.1,26,19977
ABalpaaapp,203,247,225,9.3,26,27426
ABalpaaapp,204,242,225,10.1,26,20981
ABalpaaapp,205,246,223,9.5,27,28101
ABalpaaapp,206,251,220,8.8,29,49778
ABalpaaapp,207,256,217,8.2,31,60468
ABalpaaapp,208,257,217,8.2,32,61464
ABalpaaapp,209,256,216,8.2,32,60786
ABalpaaapp,210,255,214,8.2,32,68913
ABalpaaapp,211,254,213,8.1,32,67987
ABalpaaapp,212,252,211,8.1,32,78581
ABalpaaapp,213,252,209,8.1,31,77547
ABalpaaapp,214,251,206,8.1,32,72111
ABalpaaapp,215,254,211,8.3,31,73323
ABalpaaapp,216,254,213,8.3,34,69176
ABalpaaapp,217,255,214,8.3,31,78936
ABalpaaapp,218,256,213,9.0,30,74269
ABalpaaapp,219,255,208,8.4,31,77223
ABalpaaapp,220,258,213,9.1,30,63754
ABalpaap,96,144,225,16.9,48,4368
ABalpaap,97,140,228,16.0,46,4438
ABalpaap,98,137,235,15.9,44,5547
ABalpaap,99,129,232,16.2,42,7806
ABalpaap,100,136,228,16.0,43,4997
ABalpaap,101,143,227,16.3,42,6747
ABalpaap,102,140,233,16.2,44,7172
ABalpaap,103,133,234,16.2,44,9077
ABalpaap,104,131,234,16.2,45,8739
ABalpaap,105,134,235,16.3,44,7466
ABalpaap,106,132,238,16.2,44,9492
ABalpaap,107,131,238,16.0,44,8895
ABalpaap,108,131,235,15.1,44,11117
ABalpaap,109,129,230,15.2,44,10725
ABalpaap,110,126,233,15.3,44,8791
ABalpaap,111,125,234,15.1,45,10615
ABalpaap,112,125,232,15.0,44,10622
ABalpaap,113,123,247,14.2,44,11164
ABalpaap,114,123,246,14.2,44,10257
ABalpaap,115,129,249,14.2,44,13069
ABalpaap,116,131,251,14.1,44,9963
ABalpaap,117,128,251,14.2,44,11233
ABalpaap,118,131,248,14.1,44,10904
ABalpaap,119,129,243,13.4,44,12794
ABalpaap,120,122,239,13.4,46,11216
ABalpaap,121,123,239,14.2,46,12899
ABalpaap,122,120,238,15.0,44,14083
ABalpaap,123,124,234,15.1,44,12069
ABalpaap,124,123,230,15.1,46,14457
ABalpaap,125,126,228,14.4,46,11787
ABalpaap,126,130,226,14.2,46,13085
ABalpaap,127,132,223,14.0,44,15468
ABalpaap,128,132,226,14.0,44,17510
ABalpaap,129,137,224,14.0,42,18027
ABalpaap,130,149,223,14.0,42,16989
ABalpaap,131,147,218,14.1,42,19217
ABalpaapa,132,134,238,15.0,34,15997
ABalpaapa,133,133,238,14.4,40,11098
ABalpaapa,134,134,236,14.1,39,11990
ABalpaapa,135,136,231,14.9,41,9750
ABalpaapa,136,134,250,15.0,41,8559
ABalpaapa,137,130,255,15.0,40,11382
ABalpaapa,138,128,251,15.2,41,13514
ABalpaapa,139,123,239,15.0,40,12906
ABalpaapa,140,119,226,14.3,41,12886
ABalpaapa,141,119,221,14.1,41,14788
ABalpaapa,142,121,219,13.2,41,13793
ABalpaapa,143,125,215,12.1,39,16146
ABalpaapa,144,130,211,11.2,39,15465
ABalpaapa,145,134,209,10.2,39,13908
ABalpaapa,146,138,205,9.4,38,12660
ABalpaapa,147,144,204,9.4,38,12858
ABalpaapa,148,149,203,9.4,38,11265
ABalpaapa,149,152,204,10.0,38,10413
ABalpaapa,150,148,205,10.2,38,10421
ABalpaapa,151,148,202,10.3,38,14785
ABalpaapa,152,145,201,11.1,38,11284
ABalpaapa,153,147,201,11.1,38,12112
ABalpaapa,154,149,200,11.2,38,12194
ABalpaapa,155,149,202,12.0,38,13058
ABalpaapa,156,146,201,11.3,38,15396
ABalpaapa,157,150,199,12.0,38,13956
ABalpaapa,158,145,196,11.4,38,17102
ABalpaapa,159,145,194,11.3,38,11713
ABalpaapa,160,147,196,11.1,38,14407
ABalpaapa,161,148,201,10.3,39,19597
ABalpaapa,162,142,206,10.4,39,13511
ABalpaapa,163,142,210,10.2,39,14048
ABalpaapa,164,142,209,10.3,39,16455
ABalpaapa,165,141,212,10.1,39,14710
ABalpaapa,166,145,212,10.1,39,12626
ABalpaapa,167,142,216,10.1,39,14918
ABalpaapa,168,143,214,9.3,37,12824
ABalpaapa,169,147,210,9.2,37,15705
ABalpaapa,170,149,211,9.2,39,13310
ABalpaapa,171,157,203,9.1,37,11723
ABalpaapa,172,157,205,9.1,39,13785
ABalpaapa,173,156,217,9.2,37,13952
ABalpaapa,174,150,215,10.0,35,19093
ABalpaapa,175,159,218,10.0,35,12246
ABalpaapaa,176,144,219,10.9,35,9559
ABalpaapaa,177,134,228,11.0,26,21527
ABalpaapaa,178,138,229,11.0,26,17404
ABalpaapaa,179,137,232,10.5,26,18797
ABalpaapaa,180,134,232,11.0,26,10829
ABalpaapaa,181,132,234,11.0,26,15937
ABalpaapaa,182,132,224,11.0,26,12938
ABalpaapaa,183,131,224,10.2,26,16335
ABalpaapaa,184,129,228,9.5,35,12258
ABalpaapaa,185,129,225,9.9,32,12537
ABalpaapaa,186,131,229,9.5,33,14079
ABalpaapaa,187,126,226,10.1,32,12404
ABalpaapaa,188,126,235,9.4,31,13278
ABalpaapaa,189,126,234,9.4,32,16952
ABalpaapaa,190,124,225,9.5,31,14123
ABalpaapaa,191,120,227,10.0,30,13140
ABalpaapaa,192,122,227,9.5,31,16798
ABalpaapaa,193,124,229,9.8,30,15317
ABalpaapaa,194,124,228,10.0,31,12233
ABalpaapaa,195,126,229,9.9,30,11163
ABalpaapaa,196,127,229,9.8,30,11457
ABalpaapaa,197,128,229,9.7,30,7534
ABalpaapaa,198,130,229,9.6,31,5193
ABalpaapaa,199,131,229,9.5,31,10394
ABalpaapaa,200,133,228,9.5,32,11393
ABalpaapaa,201,134,228,9.4,32,7762
ABalpaapaa,202,136,228,9.3,33,9711
ABalpaapaa,203,137,228,9.2,33,13426
ABalpaapaa,204,139,227,9.1,34,13181
ABalpaapaa,205,134,223,9.2,26,15466
ABalpaapaa,206,133,226,9.1,26,16808
ABalpaapaa,207,137,209,9.2,26,19765
ABalpaapaa,208,136,210,9.6,26,10309
ABalpaapaa,209,134,211,9.9,26,13057
ABalpaapaa,210,140,213,9.0,29,15251
ABalpaapaa,211,141,215,9.7,28,12869
ABalpaapaa,212,142,217,10.4,27,11597
ABalpaapaa,213,143,219,11.1,26,9281
ABalpaapaa,214,142,223,11.1,28,17478
ABalpaapaa,215,141,227,11.2,31,11999
ABalpaapaa,216,139,232,11.2,34,10414
ABalpaapaa,217,139,231,11.2,31,10959
ABalpaapaa,218,144,229,11.1,26,6212
ABalpaapaa,219,141,229,11.1,31,9848
ABalpaapaa,220,140,230,11.1,26,13727
ABalpaapap,176,169,204,9.9,35,11093
ABalpaapap,177,171,201,9.8,35,10097
ABalpaapap,178,179,201,9.1,35,10083
ABalpaapap,179,176,205,9.2,35,8763
ABalpaapap,180,174,203,10.0,35,8148
ABalpaapap,181,177,203,10.0,26,7877
ABalpaapap,182,181,209,8.4,36,9152
ABalpaapap,183,178,208,9.0,26,10065
ABalpaapap,184,173,208,9.0,37,7817
ABalpaapap,185,171,210,8.3,36,8187
ABalpaapap,186,169,212,8.0,35,7787
ABalpaapap,187,169,216,8.1,34,8876
ABalpaapap,188,170,222,8.1,31,11302
ABalpaapap,189,175,223,7.2,34,9292
ABalpaapap,190,176,229,8.1,31,9453
ABalpaapap,191,169,222,8.1,31,10982
ABalpaapap,192,172,229,8.1,31,8856
ABalpaapap,193,170,230,8.1,34,13180
ABalpaapap,194,167,224,9.0,31,7772
ABalpaapap,195,173,225,8.1,34,16236
ABalpaapap,196,174,224,8.4,34,14027
ABalpaapap,197,176,223,8.7,34,10154
ABalpaapap,198,178,222,8.9,34,8050
ABalpaapap,199,180,220,9.2,34,8892
ABalpaapap,200,177,217,9.3,31,10365
ABalpaapap,201,178,213,10.0,34,8176
ABalpaapap,202,181,211,9.2,31,6899
ABalpaapap,203,179,213,9.1,34,6577
ABalpaapap,204,182,212,9.1,34,10000
ABalpaapap,205,179,206,9.1,31,9721
ABalpaapap,206,178,205,8.3,34,7020
ABalpaapap,207,178,197,8.2,31,7132
ABalpaapap,208,175,202,8.2,34,8035
ABalpaapap,209,171,203,8.2,31,7924
ABalpaapap,210,180,202,8.3,34,7864
ABalpaapap,211,180,203,9.1,31,10883
ABalpaapap,212,183,210,8.3,34,7511
ABalpaapap,213,181,212,9.1,31,6371
ABalpaapap,214,184,218,8.3,34,7804
ABalpaapap,215,183,218,9.1,31,9506
ABalpaapap,216,185,218,9.2,34,9434
ABalpaapap,217,186,219,9.2,31,8436
ABalpaapap,218,190,220,9.1,34,7592
ABalpaapap,219,187,223,9.2,31,10321
ABalpaapap,220,190,221,9.2,34,7103
ABalpaapp,132,163,204,13.1,34,14708
ABalpaapp,133,169,206,12.2,40,7694
ABalpaapp,134,175,208,12.1,29,16736
ABalpaapp,135,180,210,12.0,39,12533
ABalpaapp,136,170,215,11.9,41,8549
ABalpaapp,137,165,218,11.2,40,12831
ABalpaapp,138,164,215,11.2,39,14239
ABalpaapp,139,172,216,10.9,38,13985
ABalpaapp,140,179,214,10.9,37,14243
ABalpaapp,141,183,213,10.8,37,15028
ABalpaapp,142,188,211,10.2,37,14549
ABalpaapp,143,193,217,10.1,35,16100
ABalpaapp,144,200,218,10.1,37,12202
ABalpaapp,145,203,213,10.1,39,12615
ABalpaapp,146,206,211,10.2,36,13345
ABalpaapp,147,205,214,10.3,36,15361
ABalpaapp,148,204,217,10.2,36,11441
ABalpaapp,149,201,217,10.1,36,14276
ABalpaapp,150,199,212,9.9,34,13692
ABalpaapp,151,197,209,9.5,36,16031
ABalpaapp,152,196,202,10.1,36,14786
ABalpaapp,153,194,202,10.1,36,15384
ABalpaapp,154,195,198,10.1,38,15989
ABalpaapp,155,196,196,10.2,36,14710
ABalpaapp,156,198,194,10.1,38,14145
ABalpaapp,157,199,190,10.0,38,17418
ABalpaapp,158,196,189,9.4,38,18795
ABalpaapp,159,198,188,9.4,38,18036
ABalpaapp,160,200,184,9.3,36,19939
ABalpaapp,161,202,185,9.1,37,19725
ABalpaapp,162,198,184,9.2,39,21199
ABalpaapp,163,195,185,9.3,39,21754
ABalpaapp,164,196,186,9.3,39,20113
ABalpaapp,165,192,187,10.0,39,15916
ABalpaapp,166,191,182,9.4,39,18916
ABalpaapp,167,186,181,9.4,39,20242
ABalpaapp,168,184,180,10.0,37,13372
ABalpaapp,169,188,181,10.0,37,20373
ABalpaapp,170,190,178,9.4,37,20863
ABalpaapp,171,194,173,9.3,39,20633
ABalpaapp,172,195,173,9.3,39,20600
ABalpaapp,173,194,173,9.3,39,23069
ABalpaapp,174,191,173,10.1,37,20795
ABalpaapp,175,189,172,10.2,39,21270
ABalpaapp,176,187,168,10.1,37,16719
ABalpaapp,177,190,162,10.0,37,19994
ABalpaapp,178,187,156,10.0,39,15786
ABalpaapp,179,185,161,10.1,39,15031
ABalpaapp,180,188,162,10.2,37,19087
ABalpaapp,181,186,164,10.2,37,19406
ABalpaapp,182,182,163,10.9,34,21545
ABalpaapp,183,179,164,10.1,36,20477
ABalpaapp,184,181,167,10.2,37,20990
ABalpaapp,185,184,166,10.0,32,22365
ABalpaapp,186,188,172,9.2,29,28600
ABalpaapp,187,184,175,10.0,30,30015
ABalpaappa,188,160,186,10.0,29,15980
ABalpaappa,189,155,181,10.0,30,19126
ABalpaappa,190,158,182,10.0,29,14023
ABalpaappa,191,156,177,9.8,30,9266
ABalpaappa,192,161,172,9.9,29,14546
ABalpaappa,193,159,178,9.9,30,13253
ABalpaappa,194,154,173,10.0,29,11950
ABalpaappa,195,155,170,9.3,32,17855
ABalpaappa,196,165,168,8.5,31,16684
ABalpaappa,197,169,171,8.4,34,11639
ABalpaappa,198,167,174,8.2,31,14868
ABalpaappa,199,166,170,8.8,30,9286
ABalpaappa,200,169,170,8.2,31,13321
ABalpaappa,201,171,168,8.1,30,12011
ABalpaappa,202,179,171,7.5,31,16328
ABalpaappa,203,173,173,7.4,32,14202
ABalpaappa,204,175,174,7.2,32,14242
ABalpaappa,205,173,170,7.2,29,19633
ABalpaappa,206,171,171,7.3,32,16995
ABalpaappa,207,182,166,7.1,31,13291
ABalpaappa,208,177,167,7.3,32,14452
ABalpaappa,209,172,169,7.3,31,12007
ABalpaappa,210,176,171,7.1,34,12955
ABalpaappa,211,169,172,7.3,31,12464
ABalpaappa,212,172,176,7.3,32,13135
ABalpaappa,213,168,173,7.9,29,14229
ABalpaappa,214,165,182,7.2,30,16762
ABalpaappa,215,163,184,7.3,31,11445
ABalpaappa,216,160,183,7.5,32,14038
ABalpaappa,217,160,184,7.6,31,14239
ABalpaappa,218,158,188,8.0,30,12976
ABalpaappa,219,155,188,8.2,31,14022
ABalpaappa,220,156,186,8.0,30,10215
ABalpaappp,188,198,171,9.9,29,18167
ABalpaappp,189,201,170,9.9,30,15244
ABalpaappp,190,201,167,9.9,29,12224
ABalpaappp,191,199,170,10.0,30,13767
ABalpaappp,192,200,170,10.0,29,14644
ABalpaappp,193,200,168,9.9,30,13671
ABalpaappp,194,198,171,9.4,31,12700
ABalpaappp,195,198,171,10.0,30,9173
ABalpaappp,196,196,169,9.9,29,11968
ABalpaappp,197,195,168,9.9,30,14984
ABalpaappp,198,195,171,9.2,31,15183
ABalpaappp,199,192,168,9.1,32,16112
ABalpaappp,200,197,172,9.0,31,12065
ABalpaappp,201,199,169,9.1,32,7258
ABalpaappp,202,202,168,9.2,31,12280
ABalpaappp,203,200,172,9.2,32,10603
ABalpaappp,204,199,177,9.2,30,4592
ABalpaappp,205,204,176,9.0,31,12339
ABalpaappp,206,203,173,9.2,34,12348
ABalpaappp,207,204,170,9.1,31,14679
ABalpaappp,208,201,173,9.0,30,16121
ABalpaappp,209,195,170,9.0,31,9729
ABalpaappp,210,197,164,8.9,30,13252
ABalpaappp,211,197,164,9.0,31,10553
ABalpaappp,212,202,169,8.4,34,8954
ABalpaappp,213,197,169,9.1,31,12234
ABalpaappp,214,193,173,8.4,32,12287
ABalpaappp,215,191,172,8.5,31,15968
ABalpaappp,216,189,171,8.4,32,6860
ABalpaappp,217,189,169,8.2,31,14894
ABalpaappp,218,187,173,8.2,26,16216
ABalpaappp,219,186,174,8.0,31,11113
ABalpaappp,220,185,172,7.4,26,19660
ABalpap,64,172,178,12.4,47,768
ABalpap,65,169,173,13.3,52,667
ABalpap,66,175,175,13.2,49,330
ABalpap,67,185,173,13.1,49,1108
ABalpap,68,199,166,12.7,49,1346
ABalpap,69,205,161,12.9,49,336
ABalpap,70,196,158,13.3,50,328
ABalpap,71,193,158,13.2,50,595
ABalpap,72,198,155,13.8,50,935
ABalpap,73,194,150,14.2,51,1541
ABalpap,74,189,155,14.0,51,1406
ABalpap,75,182,159,14.0,51,2100
ABalpap,76,185,158,13.9,51,1495
ABalpap,77,177,158,13.3,50,1055
ABalpap,78,184,149,13.8,50,2451
ABalpap,79,189,153,12.8,50,3119
ABalpap,80,193,152,12.0,49,2981
ABalpap,81,188,156,11.2,49,2361
ABalpap,82,188,160,10.3,51,3360
ABalpap,83,185,157,10.9,49,2914
ABalpap,84,186,168,11.1,51,4321
ABalpap,85,177,172,11.2,50,3777
ABalpap,86,175,171,11.1,50,4310
ABalpap,87,171,170,11.3,50,4626
ABalpap,88,176,167,11.0,50,5517
ABalpap,89,181,162,11.0,49,5805
ABalpap,90,181,165,11.3,51,5813
ABalpap,91,180,162,11.1,51,5757
ABalpap,92,175,169,11.2,51,6427
ABalpap,93,171,174,11.0,49,6446
ABalpap,94,172,192,12.0,49,6969
ABalpap,95,166,194,11.2,53,6128
ABalpapa,96,145,206,11.1,34,10790
ABalpapa,97,148,203,10.1,34,9082
ABalpapa,98,149,205,10.3,38,8259
ABalpapa,99,147,200,10.3,40,7965
ABalpapa,100,144,197,10.8,41,7392
ABalpapa,101,140,195,11.1,40,8932
ABalpapa,102,140,198,10.9,40,10326
ABalpapa,103,141,194,10.9,40,9585
ABalpapa,104,141,189,11.0,41,9122
ABalpapa,105,138,191,11.1,42,10973
ABalpapa,106,137,200,11.1,42,9667
ABalpapa,107,139,197,10.9,42,8509
ABalpapa,108,143,194,10.9,42,10609
ABalpapa,109,140,193,10.9,42,11376
ABalpapa,110,134,202,11.0,42,11364
ABalpapa,111,139,198,10.9,41,13845
ABalpapa,112,143,198,10.1,42,12330
ABalpapa,113,144,201,9.9,42,11684
ABalpapa,114,140,207,9.9,42,13537
ABalpapa,115,137,210,10.0,42,14859
ABalpapa,116,139,214,9.9,42,13911
ABalpapa,117,139,217,9.9,42,12374
ABalpapa,118,141,214,9.9,42,14456
ABalpapa,119,143,213,9.2,42,17144
ABalpapa,120,147,208,9.1,42,18096
ABalpapa,121,145,210,9.8,42,13939
ABalpapa,122,140,210,10.0,42,14633
ABalpapa,123,141,209,10.0,42,17215
ABalpapa,124,142,205,9.9,42,16407
ABalpapa,125,142,202,9.9,42,16683
ABalpapa,126,146,199,9.9,42,17803
ABalpapa,127,144,200,9.2,42,21173
ABalpapa,128,145,203,9.1,42,19708
ABalpapa,129,148,201,9.1,42,24350
ABalpapa,130,150,194,9.1,42,24318
ABalpapa,131,145,199,8.9,42,25802
ABalpapa,132,144,203,9.0,42,24706
ABalpapa,133,142,205,9.0,38,32637
ABalpapa,134,155,211,9.9,41,22788
ABalpapa,135,153,215,9.1,45,25680
ABalpapaa,136,131,239,10.1,35,27678
ABalpapaa,137,130,240,10.2,36,22404
ABalpapaa,138,123,236,10.2,37,21015
ABalpapaa,139,129,239,10.1,38,20466
ABalpapaa,140,129,228,10.0,37,21434
ABalpapaa,141,134,216,9.8,37,18933
ABalpapaa,142,141,207,8.8,37,21623
ABalpapaa,143,153,202,7.6,37,26211
ABalpapaa,144,161,196,7.3,37,23309
ABalpapaa,145,166,187,7.2,37,23535
ABalpapaa,146,173,179,7.2,34,25627
ABalpapaa,147,180,176,7.9,34,23618
ABalpapaa,148,182,176,7.3,36,23943
ABalpapaa,149,186,177,7.1,34,29560
ABalpapaa,150,188,178,6.5,36,28825
ABalpapaa,151,189,179,6.9,34,29982
ABalpapaa,152,189,180,6.8,34,27805
ABalpapaa,153,190,179,6.4,36,29243
ABalpapaa,154,188,182,7.1,36,24450
ABalpapaa,155,188,185,7.1,36,30465
ABalpapaa,156,184,181,7.1,36,30843
ABalpapaa,157,187,179,7.1,34,34754
ABalpapaa,158,187,183,6.5,36,34053
ABalpapaa,159,188,183,6.3,36,33390
ABalpapaa,160,191,184,6.2,36,33290
ABalpapaa,161,191,186,6.3,36,30077
ABalpapaa,162,190,188,6.3,36,31119
ABalpapaa,163,189,191,6.4,36,38194
ABalpapaa,164,189,193,6.4,36,36858
ABalpapaa,165,188,195,6.5,36,42254
ABalpapaa,166,187,198,6.5,37,36765
ABalpapaa,167,183,197,7.1,39,39065
ABalpapaa,168,188,194,7.1,37,36696
ABalpapaa,169,189,193,7.0,37,33064
ABalpapaa,170,191,192,6.9,37,39741
ABalpapaa,171,192,191,6.8,38,33804
ABalpapaa,172,194,190,6.7,38,28327
ABalpapaa,173,195,189,6.6,38,36253
ABalpapaa,174,197,187,6.5,39,39499
ABalpapaa,175,197,187,6.5,39,36845
ABalpapaa,176,191,183,6.4,39,38025
ABalpapaa,177,198,184,6.2,39,39762
ABalpapaa,178,202,181,6.2,39,42064
ABalpapaa,179,202,183,6.2,39,41159
ABalpapaa,180,205,177,6.3,39,39081
ABalpapaa,181,206,175,6.4,39,44470
ABalpapaa,182,208,174,6.4,36,47625
ABalpapaa,183,206,174,6.3,36,45011
ABalpapaa,184,199,175,6.4,37,43322
ABalpapaa,185,200,179,6.3,36,44451
ABalpapaa,186,205,185,6.2,35,49915
ABalpapaa,187,210,185,6.4,34,48890
ABalpapaa,188,212,187,6.4,31,53560
ABalpapaa,189,207,190,6.5,32,66911
ABalpapaa,190,207,194,7.0,29,56056
ABalpapaa,191,205,197,6.8,30,56227
ABalpapaaa,192,190,192,7.0,29,45234
ABalpapaaa,193,186,188,7.0,30,49963
ABalpapaaa,194,182,189,7.0,29,47268
ABalpapaaa,195,185,187,6.7,30,37472
ABalpapaaa,196,194,188,6.1,29,46892
ABalpapaaa,197,194,183,6.8,30,32864
ABalpapaaa,198,198,185,6.3,31,39638
ABalpapaaa,199,195,185,6.3,34,38748
ABalpapaaa,200,202,186,6.1,31,41182
ABalpapaaa,201,206,190,6.0,30,47615
ABalpapaaa,202,205,191,5.3,31,43444
ABalpapaaa,203,204,186,6.2,32,42803
ABalpapaaa,204,205,189,5.5,34,41535
ABalpapaaa,205,205,189,5.5,34,43911
ABalpapaaa,206,207,189,5.3,32,44708
ABalpapaaa,207,207,189,5.3,32,44022
ABalpapaaa,208,213,195,5.3,34,43509
ABalpapaaa,209,207,195,5.3,31,46203
ABalpapaaa,210,211,191,5.9,30,41573
ABalpapaaa,211,210,187,5.3,31,44515
ABalpapaaa,212,209,189,5.0,29,46788
ABalpapaaa,213,209,189,5.2,29,34600
ABalpapaaa,214,209,190,5.3,28,41367
ABalpapaaa,215,209,191,5.5,28,38683
ABalpapaaa,216,209,191,5.7,27,42326
ABalpapaaa,217,209,192,5.8,27,48116
ABalpapaaa,218,210,193,6.0,26,47942
ABalpapaaa,219,210,193,6.0,26,42676
ABalpapaaa,220,210,197,6.0,34,46661
ABalpapaap,192,223,200,6.9,29,38236
ABalpapaap,193,232,200,6.9,24,64950
ABalpapaap,194,230,202,7.0,26,56848
ABalpapaap,195,232,201,6.8,26,49384
ABalpapaap,196,234,200,6.6,27,48689
ABalpapaap,197,236,199,6.4,28,48893
ABalpapaap,198,238,198,6.2,29,54344
ABalpapaap,199,240,197,6.0,30,47867
ABalpapaap,200,244,199,5.3,31,47807
ABalpapaap,201,249,202,6.0,26,60933
ABalpapaap,202,247,204,5.1,31,44938
ABalpapaap,203,245,200,5.1,32,49793
ABalpapaap,204,246,201,5.2,32,48650
ABalpapaap,205,251,199,5.2,31,47488
ABalpapaap,206,251,199,5.3,32,42438
ABalpapaap,207,252,199,5.4,31,46084
ABalpapaap,208,249,202,5.9,30,59173
ABalpapaap,209,249,202,5.9,30,58592
ABalpapaap,210,250,205,7.1,32,58282
ABalpapaap,211,247,199,6.0,26,64229
ABalpapaap,212,247,199,6.0,26,50859
ABalpapaap,213,246,199,5.9,26,53857
ABalpapaap,214,246,200,5.9,27,65048
ABalpapaap,215,245,200,5.8,27,54128
ABalpapaap,216,244,201,5.8,28,62664
ABalpapaap,217,242,199,6.1,31,53709
ABalpapaap,218,248,196,6.2,32,50350
ABalpapaap,219,248,196,6.2,31,51886
ABalpapaap,220,251,196,7.0,26,51072
ABalpapap,136,165,213,8.0,35,21848
ABalpapap,137,162,215,7.5,34,22298
ABalpapap,138,160,215,7.4,28,27514
ABalpapap,139,164,213,8.0,38,19561
ABalpapap,140,175,208,7.9,37,18199
ABalpapap,141,186,196,7.2,37,20416
ABalpapap,142,194,196,7.0,37,19737
ABalpapap,143,206,196,6.4,37,18657
ABalpapap,144,211,194,6.9,35,21125
ABalpapap,145,216,189,6.9,35,19231
ABalpapap,146,222,189,7.0,34,21426
ABalpapap,147,225,192,7.1,36,18435
ABalpapap,148,226,195,7.2,36,24670
ABalpapap,149,230,199,7.2,36,23021
ABalpapap,150,231,201,7.2,36,21119
ABalpapap,151,232,201,7.9,34,20909
ABalpapap,152,234,200,7.8,34,23360
ABalpapap,153,230,201,7.1,36,24259
ABalpapap,154,230,203,7.1,36,26040
ABalpapap,155,228,202,7.1,36,22754
ABalpapap,156,222,199,6.4,38,24565
ABalpapap,157,228,199,6.3,36,29346
ABalpapap,158,227,200,6.4,36,29100
ABalpapap,159,227,202,6.3,38,24919
ABalpapap,160,230,202,7.1,38,28007
ABalpapap,161,232,201,7.8,35,26782
ABalpapap,162,232,198,7.3,39,28221
ABalpapap,163,234,198,7.4,39,32420
ABalpapap,164,233,199,7.3,39,31462
ABalpapap,165,230,194,7.1,39,28696
ABalpapap,166,230,194,7.3,39,33666
ABalpapap,167,225,191,7.1,37,31315
ABalpapap,168,229,191,7.2,37,34695
ABalpapap,169,230,190,7.1,37,33001
ABalpapap,170,233,188,6.5,37,32934
ABalpapap,171,239,185,6.5,37,35867
ABalpapap,172,241,182,6.4,37,33025
ABalpapap,173,236,181,6.4,37,34742
ABalpapap,174,238,180,7.0,37,34990
ABalpapap,175,235,179,6.4,37,36746
ABalpapap,176,240,177,6.9,35,28995
ABalpapap,177,242,178,6.2,37,38699
ABalpapap,178,245,173,6.2,35,40058
ABalpapap,179,247,170,5.5,39,31135
ABalpapap,180,251,170,5.6,39,34245
ABalpapap,181,253,167,6.3,39,34419
ABalpapap,182,255,165,7.1,36,36133
ABalpapap,183,251,170,6.9,34,40247
ABalpapap,184,250,175,6.3,37,42833
ABalpapap,185,252,175,6.1,36,43319
ABalpapap,186,258,182,6.2,31,60373
ABalpapap,187,259,171,6.9,30,46183
ABalpapap,188,270,175,6.9,29,52424
ABalpapapa,189,248,173,6.2,28,44780
ABalpapapa,190,243,168,5.9,29,44267
ABalpapapa,191,242,169,5.9,30,40730
ABalpapapa,192,245,171,5.3,31,39505
ABalpapapa,193,247,172,5.7,30,36249
ABalpapapa,194,247,172,5.7,30,29024
ABalpapapa,195,247,171,5.9,30,32715
ABalpapapa,196,250,164,5.9,31,41487
ABalpapapa,197,252,160,6.1,34,33085
ABalpapapa,198,254,157,5.5,31,40935
ABalpapapa,199,257,160,6.1,34,33430
ABalpapapa,200,254,160,6.4,31,37095
ABalpapapa,201,257,161,6.2,34,37086
ABalpapapa,202,264,161,5.4,31,39031
ABalpapapa,203,268,162,6.0,34,38079
ABalpapapa,204,268,158,6.0,34,36633
ABalpapapa,205,268,160,5.4,31,36587
ABalpapapa,206,263,157,5.3,34,38735
ABalpapapa,207,269,160,6.0,31,34097
ABalpapapa,208,268,162,5.3,34,38314
ABalpapapa,209,267,166,5.3,31,41463
ABalpapapa,210,268,162,5.3,34,45582
ABalpapapa,211,271,164,6.1,31,44207
ABalpapapa,212,272,169,6.0,26,52830
ABalpapapa,213,272,169,6.0,26,38369
ABalpapapa,214,265,168,6.0,34,45671
ABalpapapa,215,264,169,6.0,31,50099
ABalpapapa,216,264,169,6.0,31,50165
ABalpapapa,217,267,172,5.3,26,40346
ABalpapapa,218,268,167,6.0,26,49702
ABalpapapa,219,268,167,5.4,31,52157
ABalpapapa,220,268,168,5.3,31,44361
ABalpapapp,189,290,181,6.1,28,44291
ABalpapapp,190,289,183,6.0,29,38305
ABalpapapp,191,290,182,5.8,30,36504
ABalpapapp,192,289,185,5.9,29,37223
ABalpapapp,193,293,188,6.0,30,41690
ABalpapapp,194,290,188,5.3,26,37250
ABalpapapp,195,290,188,5.3,26,46059
ABalpapapp,196,292,180,5.3,31,38008
ABalpapapp,197,294,177,5.9,30,34178
ABalpapapp,198,295,170,5.9,29,37009
ABalpapapp,199,295,171,5.8,30,37498
ABalpapapp,200,297,172,5.2,31,33431
ABalpapapp,201,301,176,5.1,30,34769
ABalpapapp,202,307,175,5.1,29,40453
ABalpapapp,203,308,174,5.1,32,34678
ABalpapapp,204,307,177,4.6,32,37027
ABalpapapp,205,308,171,4.6,31,39957
ABalpapapp,206,310,170,4.5,32,39912
ABalpapapp,207,309,170,4.4,26,47152
ABalpapapp,208,305,174,5.3,32,46143
ABalpapapp,209,303,169,5.3,31,45993
ABalpapapp,210,303,165,5.2,32,44609
ABalpapapp,211,306,164,5.3,31,46056
ABalpapapp,212,306,165,5.2,26,55963
ABalpapapp,213,302,164,5.8,29,49096
ABalpapapp,214,303,164,5.2,30,47685
ABalpapapp,215,304,161,5.1,31,44193
ABalpapapp,216,304,160,5.2,30,53459
ABalpapapp,217,304,157,5.1,31,45877
ABalpapapp,218,303,153,5.3,32,45296
ABalpapapp,219,305,152,5.3,31,51950
ABalpapapp,220,306,153,5.2,32,47374
ABalpapp,96,191,177,10.1,32,12048
ABalpapp,97,201,174,10.8,46,7462
ABalpapp,98,201,172,10.9,44,5086
ABalpapp,99,197,163,10.9,42,6141
ABalpapp,100,202,155,11.8,41,5706
ABalpapp,101,206,157,11.8,40,6320
ABalpapp,102,200,161,11.8,40,7263
ABalpapp,103,201,157,12.0,42,6707
ABalpapp,104,201,155,12.1,41,5616
ABalpapp,105,201,158,12.0,42,6697
ABalpapp,106,199,154,12.1,42,7300
ABalpapp,107,199,154,12.1,42,8385
ABalpapp,108,197,156,12.2,42,10114
ABalpapp,109,201,159,11.9,42,7376
ABalpapp,110,202,157,11.1,42,9844
ABalpapp,111,206,158,11.1,43,11993
ABalpapp,112,210,161,11.0,42,9140
ABalpapp,113,207,164,10.3,44,9594
ABalpapp,114,199,168,10.5,44,12415
ABalpapp,115,195,171,10.3,44,10708
ABalpapp,116,196,174,9.4,44,10646
ABalpapp,117,192,173,9.3,44,11036
ABalpapp,118,189,175,9.3,44,13735
ABalpapp,119,192,175,9.9,42,11566
ABalpapp,120,195,171,9.2,44,12678
ABalpapp,121,196,175,8.9,42,14596
ABalpapp,122,196,183,8.3,44,12108
ABalpapp,123,198,183,8.2,44,12902
ABalpapp,124,204,181,7.5,44,13282
ABalpapp,125,204,183,7.3,44,13992
ABalpapp,126,204,192,7.3,46,14465
ABalpapp,127,207,193,7.9,42,15768
ABalpapp,128,205,195,7.3,44,16788
ABalpapp,129,204,202,8.0,42,18612
ABalpapp,130,209,202,8.0,42,16816
ABalpapp,131,204,209,8.0,36,27395
ABalpapp,132,201,213,8.1,34,25373
ABalpappa,133,186,220,7.5,32,23480
ABalpappa,134,193,220,7.3,35,13127
ABalpappa,135,195,222,7.2,35,17681
ABalpappa,136,199,229,7.4,35,15459
ABalpappa,137,199,228,8.0,36,18466
ABalpappa,138,194,224,7.8,39,13457
ABalpappa,139,196,216,7.0,36,21813
ABalpappa,140,204,214,6.8,37,15350
ABalpappa,141,209,215,6.1,26,26283
ABalpappa,142,219,214,6.3,26,26118
ABalpappa,143,228,218,7.0,35,16068
ABalpappa,144,234,219,6.9,35,20603
ABalpappa,145,232,218,6.9,35,21957
ABalpappa,146,234,221,6.9,34,23181
ABalpappa,147,233,228,6.8,34,21787
ABalpappa,148,235,229,5.5,36,26547
ABalpappa,149,239,230,5.7,34,23474
ABalpappa,150,238,234,5.2,34,28350
ABalpappa,151,236,237,5.4,36,25060
ABalpappa,152,235,236,5.3,36,26716
ABalpappa,153,238,237,5.4,38,27014
ABalpappa,154,239,236,5.9,34,27701
ABalpappa,155,243,239,5.4,36,30615
ABalpappa,156,241,234,5.5,36,29949
ABalpappa,157,243,238,6.1,36,29681
ABalpappa,158,240,239,6.2,36,30542
ABalpappa,159,241,238,6.0,36,35462
ABalpappa,160,240,233,5.4,38,33197
ABalpappa,161,239,233,6.0,39,31065
ABalpappa,162,237,233,5.4,39,33109
ABalpappa,163,235,233,5.4,39,35992
ABalpappa,164,232,234,5.4,39,38066
ABalpappa,165,230,230,5.5,37,39921
ABalpappa,166,230,230,6.0,35,34934
ABalpappa,167,229,229,5.5,37,40722
ABalpappa,168,232,230,5.5,37,41146
ABalpappa,169,230,229,5.5,39,37555
ABalpappa,170,232,231,5.5,37,42899
ABalpappa,171,237,225,5.4,39,42183
ABalpappa,172,235,222,5.4,39,44319
ABalpappa,173,239,222,5.3,37,46803
ABalpappa,174,240,218,5.4,39,44965
ABalpappa,175,236,217,5.4,37,48575
ABalpappa,176,237,215,5.4,39,48349
ABalpappa,177,236,220,5.4,39,49793
ABalpappa,178,239,217,5.5,37,51793
ABalpappa,179,239,219,6.0,35,56010
ABalpappa,180,236,218,6.0,35,52592
ABalpappa,181,241,216,6.1,31,59733
ABalpappaa,182,231,210,6.2,26,57151
ABalpappaa,183,224,207,6.9,24,59226
ABalpappaa,184,217,210,5.4,26,64845
ABalpappaa,185,218,215,6.1,26,53708
ABalpappaa,186,220,213,5.4,26,69316
ABalpappaa,187,216,214,6.0,26,57593
ABalpappaa,188,218,218,5.8,27,65117
ABalpappaa,189,220,222,5.6,29,56258
ABalpappaa,190,222,227,5.4,31,52193
ABalpappaa,191,223,226,5.2,30,55103
ABalpappaa,192,222,228,5.2,31,55723
ABalpappaa,193,214,226,5.8,30,48254
ABalpappaa,194,209,227,5.4,31,60076
ABalpappaa,195,214,226,5.8,30,54221
ABalpappaa,196,215,229,6.0,29,49648
ABalpappaa,197,217,229,5.9,30,64458
ABalpappaa,198,220,227,5.5,31,62687
ABalpappaa,199,220,226,5.3,32,63042
ABalpappaa,200,225,231,5.4,31,67282
ABalpappaa,201,221,232,5.2,34,38122
ABalpappaa,202,231,234,5.4,31,67462
ABalpappaa,203,233,228,6.0,30,72641
ABalpappaa,204,231,232,6.0,30,64345
ABalpappaa,205,229,235,5.9,29,56059
ABalpappaa,206,233,236,5.2,26,73757
ABalpappaa,207,232,234,5.4,31,65241
ABalpappaa,208,229,238,5.4,26,75887
ABalpappaa,209,229,236,5.4,31,74281
ABalpappaa,210,226,235,5.3,32,71043
ABalpappaa,211,224,236,5.3,31,69839
ABalpappaa,212,227,238,5.9,30,65570
ABalpappaa,213,227,237,6.0,31,69309
ABalpappaa,214,228,235,6.1,34,62790
ABalpappaa,215,230,234,6.1,31,71522
ABalpappaa,216,227,234,6.0,30,77061
ABalpappaa,217,229,234,6.0,29,79253
ABalpappaa,218,229,232,6.8,30,55181
ABalpappaa,219,229,232,6.9,29,69306
ABalpappaa,220,228,231,6.3,32,80369
ABalpappap,182,260,215,6.2,30,49742
ABalpappap,183,266,215,6.1,30,52507
ABalpappap,184,262,220,6.0,33,44682
ABalpappap,185,265,223,6.0,32,40776
ABalpappap,186,265,230,5.8,31,44115
ABalpappap,187,266,229,5.3,32,44681
ABalpappap,188,269,230,5.3,31,48823
ABalpappap,189,272,228,5.8,30,51251
ABalpappap,190,275,229,5.4,31,48247
ABalpappap,191,272,230,6.0,30,47539
ABalpappap,192,270,234,5.3,31,47259
ABalpappap,193,263,234,6.0,32,50958
ABalpappap,194,257,234,5.6,31,54813
ABalpappap,195,260,236,5.5,32,52198
ABalpappap,196,260,237,5.4,31,58194
ABalpappap,197,260,234,5.3,32,46175
ABalpappap,198,261,236,5.2,31,54683
ABalpappap,199,264,238,5.5,32,58220
ABalpappap,200,264,241,6.0,31,51152
ABalpappap,201,267,239,6.2,34,45392
ABalpappap,202,269,242,6.2,31,51432
ABalpappap,203,268,236,5.4,34,49564
ABalpappap,204,267,233,5.5,34,55552
ABalpappap,205,270,230,5.4,31,60830
ABalpappap,206,272,232,6.0,34,56648
ABalpappap,207,269,237,6.1,26,55120
ABalpappap,208,265,233,6.2,34,51653
ABalpappap,209,265,233,6.1,31,51957
ABalpappap,210,265,234,6.3,31,52648
ABalpappap,211,262,231,7.2,31,38342
ABalpappap,212,264,236,6.8,30,63234
ABalpappap,213,264,238,6.3,31,64137
ABalpappap,214,266,236,6.4,34,62263
ABalpappap,215,264,231,6.4,31,66258
ABalpappap,216,263,229,6.4,31,64804
ABalpappap,217,262,226,6.3,31,69979
ABalpappap,218,262,226,6.3,31,67577
ABalpappap,219,259,228,7.0,31,61671
ABalpappap,220,257,235,7.1,34,60474
ABalpappp,133,231,203,7.1,28,24856
ABalpappp,134,246,199,6.5,33,20277
ABalpappp,135,246,197,6.4,35,16632
ABalpappp,136,245,194,6.5,39,14156
ABalpappp,137,240,194,7.1,40,15105
ABalpappp,138,242,194,6.9,39,14105
ABalpappp,139,249,189,6.9,38,16266
ABalpappp,140,252,185,6.9,37,18177
ABalpappp,141,258,180,6.1,37,14240
ABalpappp,142,263,180,6.0,37,16709
ABalpappp,143,268,190,5.6,39,15743
ABalpappp,144,270,193,5.4,39,19197
ABalpappp,145,272,196,5.5,39,19923
ABalpappp,146,269,203,6.0,36,18305
ABalpappp,147,270,207,5.4,36,19297
ABalpappp,148,280,210,5.3,38,20182
ABalpappp,149,288,214,5.3,38,24290
ABalpappp,150,293,220,5.4,38,24089
ABalpappp,151,290,223,5.5,38,23175
ABalpappp,152,291,230,5.4,38,24705
ABalpappp,153,287,240,5.5,38,29432
ABalpappp,154,288,245,6.0,38,21963
ABalpappp,155,286,242,6.1,38,28080
ABalpappp,156,281,243,6.1,38,26317
ABalpappp,157,281,240,6.2,38,29967
ABalpappp,158,278,240,6.2,38,27948
ABalpappp,159,281,237,6.3,38,30787
ABalpappp,160,281,237,6.2,38,32305
ABalpappp,161,280,237,6.3,37,32044
ABalpappp,162,280,239,6.1,39,32124
ABalpappp,163,278,233,6.1,39,29557
ABalpappp,164,277,236,6.2,37,38462
ABalpappp,165,278,233,6.2,39,35144
ABalpappp,166,273,239,6.2,39,34632
ABalpappp,167,273,232,6.3,39,35637
ABalpappp,168,273,232,6.3,39,36664
ABalpappp,169,271,226,7.0,39,34081
ABalpappp,170,267,224,7.3,39,36377
ABalpappp,171,270,220,7.3,39,39406
ABalpappp,172,272,218,7.4,39,39902
ABalpappp,173,270,216,7.3,39,39618
ABalpappp,174,271,215,7.5,39,43639
ABalpappp,175,268,212,8.2,39,46875
ABalpappp,176,268,215,9.0,37,43601
ABalpappp,177,267,218,8.3,37,54855
ABalpappp,178,270,218,9.1,37,52329
ABalpappp,179,266,216,8.2,33,54391
ABalpappp,180,266,212,10.0,35,44337
ABalpapppa,181,249,209,10.1,35,40374
ABalpapppa,182,248,203,10.9,34,39905
ABalpapppa,183,243,205,10.8,34,38563
ABalpapppa,184,246,201,10.0,33,45962
ABalpapppa,185,247,200,10.0,32,46845
ABalpapppa,186,249,198,9.9,31,49421
ABalpapppa,187,245,192,9.8,30,52444
ABalpapppa,188,245,197,9.5,31,55221
ABalpapppa,189,247,195,9.2,30,55188
ABalpapppa,190,242,203,8.5,31,62493
ABalpapppa,191,242,205,8.9,30,54175
ABalpapppa,192,243,209,8.5,31,63158
ABalpapppa,193,243,207,9.2,30,56022
ABalpapppa,194,240,204,8.4,31,58006
ABalpapppa,195,243,207,8.3,26,58367
ABalpapppa,196,246,212,8.2,26,68272
ABalpapppa,197,244,210,8.1,26,73166
ABalpapppa,198,245,212,7.5,31,67857
ABalpapppa,199,244,212,7.8,30,59373
ABalpapppa,200,247,214,7.3,31,69301
ABalpapppa,201,254,213,7.4,32,70930
ABalpapppa,202,254,215,7.4,31,69435
ABalpapppa,203,252,215,7.4,34,60855
ABalpapppa,204,253,217,7.4,34,62036
ABalpapppa,205,256,215,8.1,31,66446
ABalpapppa,206,258,214,8.1,34,60287
ABalpapppa,207,242,229,9.4,31,22999
ABalpapppa,208,233,234,9.9,30,11831
ABalpapppa,209,227,231,9.2,26,18885
ABalpapppa,210,224,238,9.1,34,8876
ABalpapppa,211,225,231,9.2,31,12114
ABalpapppa,212,223,232,9.0,30,16122
ABalpapppa,213,222,230,9.0,31,13337
ABalpapppa,214,224,230,9.2,34,14669
ABalpapppa,215,224,232,9.2,31,16522
ABalpapppa,216,222,231,9.1,34,12738
ABalpapppa,217,223,231,9.1,31,17502
ABalpapppa,218,228,230,9.1,34,17751
ABalpapppa,219,225,224,9.2,31,16222
ABalpapppa,220,229,220,9.2,32,17353
ABalpapppp,181,292,216,9.1,35,35890
ABalpapppp,182,292,216,10.0,34,37754
ABalpapppp,183,289,211,10.1,34,35017
ABalpapppp,184,284,212,9.3,37,30830
ABalpapppp,185,283,214,9.1,34,37872
ABalpapppp,186,285,214,9.0,35,34507
ABalpapppp,187,283,212,9.1,34,32860
ABalpapppp,188,285,211,9.2,31,40125
ABalpapppp,189,288,212,9.1,34,38999
ABalpapppp,190,286,206,8.3,31,40567
ABalpapppp,191,286,206,8.3,31,38169
ABalpapppp,192,285,206,8.1,31,38606
ABalpapppp,193,284,203,7.3,34,39952
ABalpapppp,194,281,197,7.3,31,45516
ABalpapppp,195,286,198,7.2,34,40694
ABalpapppp,196,283,201,7.3,31,43629
ABalpapppp,197,287,202,7.1,34,41784
ABalpapppp,198,289,202,7.1,31,47922
ABalpapppp,199,289,202,7.1,31,43969
ABalpapppp,200,292,207,7.1,31,39717
ABalpapppp,201,291,208,7.2,34,46814
ABalpapppp,202,291,208,7.3,34,42450
ABalpapppp,203,292,209,7.5,33,38913
ABalpapppp,204,293,210,7.6,32,34932
ABalpapppp,205,294,210,7.7,32,43610
ABalpapppp,206,295,211,7.9,31,50847
ABalpapppp,207,296,212,8.0,30,52564
ABalpapppp,208,296,212,8.0,29,51504
ABalpapppp,209,297,213,8.1,28,40832
ABalpapppp,210,297,213,8.1,27,44622
ABalpapppp,211,298,214,8.1,26,40929
ABalpapppp,212,302,214,7.3,26,45111
ABalpapppp,213,297,214,8.1,31,51423
ABalpapppp,214,297,214,7.8,32,58878
ABalpapppp,215,297,214,7.6,33,51755
ABalpapppp,216,296,213,7.3,34,53683
ABalpapppp,217,295,213,7.3,33,50040
ABalpapppp,218,294,214,7.4,32,53930
ABalpapppp,219,293,215,7.4,31,61809
ABalpapppp,220,295,216,8.0,34,48942
ABalpp,38,218,170,16.1,46,243
ABalpp,39,211,172,19.0,36,-431
ABalpp,40,216,182,19.1,38,121
ABalpp,41,225,186,19.9,46,-1216
ABalpp,42,232,180,20.0,46,-487
ABalpp,43,231,179,21.1,48,1
ABalpp,44,231,189,22.1,50,418
ABalpp,45,227,191,22.2,53,230
ABalpp,46,220,196,22.9,55,381
ABalpp,47,217,199,22.9,57,-607
ABalpp,48,225,188,22.0,56,-574
ABalpp,49,220,180,22.1,56,-498
ABalpp,50,218,182,22.1,59,73
ABalpp,51,221,181,22.1,59,-759
ABalpp,52,223,172,22.0,61,-186
ABalpp,53,221,172,22.9,57,-650
ABalpp,54,223,171,22.0,63,156
ABalpp,55,224,172,21.1,62,-114
ABalpp,56,223,161,21.2,60,-180
ABalpp,57,224,164,21.9,59,-284
ABalpp,58,224,168,21.1,62,-442
ABalpp,59,227,171,20.9,58,-812
ABalpp,60,226,169,20.0,58,-446
ABalpp,61,229,173,20.1,60,462
ABalpp,62,223,178,20.9,56,-305
ABalpp,63,223,185,20.0,55,840
ABalppa,64,214,173,21.2,53,-43
ABalppa,65,206,171,21.8,52,-179
ABalppa,66,195,170,21.9,49,-413
ABalppa,67,199,165,21.9,49,-467
ABalppa,68,193,158,21.0,49,1041
ABalppa,69,187,161,21.1,49,761
ABalppa,70,188,163,21.2,50,487
ABalppa,71,187,169,21.9,50,734
ABalppa,72,188,168,21.1,50,1210
ABalppa,73,188,177,21.9,51,411
ABalppa,74,185,183,22.0,51,948
ABalppa,75,179,182,21.2,51,912
ABalppa,76,177,181,21.2,51,1592
ABalppa,77,173,178,20.9,50,2569
ABalppa,78,172,181,21.0,50,1895
ABalppa,79,174,174,20.0,50,1953
ABalppa,80,173,175,20.0,49,3363
ABalppa,81,167,176,20.0,49,2384
ABalppa,82,164,175,19.1,51,2644
ABalppa,83,162,178,18.2,49,4136
ABalppa,84,161,179,18.3,51,3667
ABalppa,85,157,182,18.2,50,3826
ABalppa,86,160,178,18.9,50,4137
ABalppa,87,161,180,19.0,50,4334
ABalppa,88,167,182,18.9,50,3554
ABalppa,89,163,176,19.1,49,4215
ABalppa,90,160,175,19.1,51,3603
ABalppa,91,162,175,19.0,49,5227
ABalppa,92,165,172,18.3,51,6288
ABalppa,93,164,174,19.1,49,7669
ABalppa,94,166,178,19.1,49,7700
ABalppa,95,166,180,19.1,49,7016
ABalppa,96,165,178,19.0,48,9075
ABalppa,97,153,180,17.9,46,8729
ABalppaa,98,130,195,18.0,34,9053
ABalppaa,99,127,195,18.1,34,7708
ABalppaa,100,125,202,18.9,41,6186
ABalppaa,101,128,191,18.9,40,7673
ABalppaa,102,124,191,18.0,40,6398
ABalppaa,103,122,191,18.1,40,6967
ABalppaa,104,125,190,18.1,41,10078
ABalppaa,105,124,193,18.9,42,8713
ABalppaa,106,122,199,19.0,42,10319
ABalppaa,107,120,202,18.8,42,8990
ABalppaa,108,118,203,18.1,42,9806
ABalppaa,109,122,204,19.1,42,13232
ABalppaa,110,123,199,18.9,42,11040
ABalppaa,111,119,203,19.0,41,11501
ABalppaa,112,119,208,18.9,42,13296
ABalppaa,113,114,210,17.8,42,13626
ABalppaa,114,112,209,17.8,42,12471
ABalppaa,115,113,216,17.8,42,11285
ABalppaa,116,113,217,17.0,42,15757
ABalppaa,117,115,213,17.1,42,14900
ABalppaa,118,115,214,17.0,42,14622
ABalppaa,119,114,212,16.9,42,16547
ABalppaa,120,119,206,17.0,42,15236
ABalppaa,121,120,201,17.1,42,17290
ABalppaa,122,126,196,17.0,42,16495
ABalppaa,123,133,185,17.0,42,17708
ABalppaa,124,136,179,16.1,42,19957
ABalppaa,125,137,175,16.1,42,17733
ABalppaa,126,140,174,15.9,42,16462
ABalppaa,127,144,166,15.1,42,21257
ABalppaa,128,144,170,14.8,42,18342
ABalppaa,129,148,167,14.1,42,19514
ABalppaa,130,151,161,14.1,42,18038
ABalppaa,131,147,162,14.0,42,20885
ABalppaa,132,150,160,14.0,42,23151
ABalppaa,133,151,162,13.9,42,19684
ABalppaa,134,155,163,13.2,43,20081
ABalppaa,135,154,163,13.2,41,22916
ABalppaa,136,141,176,13.9,41,21019
ABalppaa,137,134,183,13.3,42,21142
ABalppaa,138,135,178,13.1,41,22784
ABalppaa,139,143,176,12.2,40,27445
ABalppaa,140,150,171,12.1,39,26784
ABalppaa,141,155,165,12.3,39,27972
ABalppaa,142,162,166,12.0,39,28517
ABalppaa,143,177,169,12.0,35,23715
ABalppaa,144,177,168,11.2,39,21730
ABalppaaa,145,171,184,12.0,35,20126
ABalppaaa,146,172,184,12.0,34,19447
ABalppaaa,147,180,184,12.0,34,17827
ABalppaaa,148,181,184,12.0,34,17545
ABalppaaa,149,183,190,12.2,34,21905
ABalppaaa,150,183,188,12.1,34,19502
ABalppaaa,151,181,179,12.0,34,23088
ABalppaaa,152,182,171,11.9,34,18833
ABalppaaa,153,182,170,11.5,36,23062
ABalppaaa,154,180,163,12.0,34,25940
ABalppaaa,155,176,159,12.0,34,22886
ABalppaaa,156,181,163,12.3,36,26846
ABalppaaa,157,181,163,12.3,36,22761
ABalppaaa,158,174,153,12.8,34,26444
ABalppaaa,159,171,152,12.2,36,23379
ABalppaaa,160,170,152,12.1,36,21116
ABalppaaa,161,169,153,12.1,36,23917
ABalppaaa,162,168,154,12.0,37,18720
ABalppaaa,163,166,158,11.4,37,22598
ABalppaaa,164,168,157,11.3,37,20605
ABalppaaa,165,167,161,11.8,35,26000
ABalppaaa,166,165,164,12.2,35,22306
ABalppaaa,167,164,161,12.3,37,23566
ABalppaaa,168,167,156,12.4,39,23017
ABalppaaa,169,171,153,12.3,39,21232
ABalppaaa,170,167,155,12.3,37,22425
ABalppaaa,171,172,148,11.3,26,29224
ABalppaaa,172,178,145,11.3,26,23192
ABalppaaa,173,179,142,12.0,35,23822
ABalppaaa,174,177,146,12.0,35,22129
ABalppaaa,175,167,148,12.5,37,21161
ABalppaaa,176,165,156,13.0,35,24244
ABalppaaa,177,171,157,13.0,37,24767
ABalppaaa,178,169,157,13.1,35,26106
ABalppaaa,179,163,155,13.2,37,26069
ABalppaaa,180,163,152,13.9,35,24071
ABalppaaa,181,162,156,13.9,35,29389
ABalppaaa,182,168,154,13.3,36,23378
ABalppaaa,183,167,152,13.4,36,28003
ABalppaaa,184,164,155,14.0,35,28784
ABalppaaa,185,165,152,14.2,36,27796
ABalppaaa,186,162,155,14.1,35,25069
ABalppaaa,187,159,159,14.4,34,20304
ABalppaaa,188,153,166,14.0,31,28278
ABalppaaa,189,155,168,13.3,34,21369
ABalppaaa,190,156,165,14.0,31,27796
ABalppaaa,191,154,169,14.1,34,25434
ABalppaaa,192,155,164,14.1,31,30374
ABalppaaa,193,155,162,14.1,34,25821
ABalppaaa,194,152,161,13.5,31,30429
ABalppaaa,195,151,165,14.1,34,25898
ABalppaaa,196,148,165,14.1,31,30765
ABalppaaa,197,147,168,13.3,34,30657
ABalppaaa,198,150,167,13.1,31,36650
ABalppaaa,199,150,167,13.2,34,26180
ABalppaaa,200,157,162,13.9,29,38747
ABalppaaa,201,159,159,14.0,30,35815
ABalppaaaa,202,147,166,13.0,29,30453
ABalppaaaa,203,138,166,14.0,30,41758
ABalppaaaa,204,134,164,13.3,26,22038
ABalppaaaa,205,137,161,14.1,26,41552
ABalppaaaa,206,143,155,14.1,24,31165
ABalppaaaa,207,143,157,14.1,27,34376
ABalppaaaa,208,144,159,14.0,30,22004
ABalppaaaa,209,140,157,14.1,29,28870
ABalppaaaa,210,139,159,13.9,30,16740
ABalppaaaa,211,137,159,13.1,29,25108
ABalppaaaa,212,140,158,12.2,26,31385
ABalppaaaa,213,136,163,12.4,31,30445
ABalppaaaa,214,134,167,12.0,26,35631
ABalppaaaa,215,131,168,12.1,29,28413
ABalppaaaa,216,128,171,12.3,26,33874
ABalppaaaa,217,127,176,12.3,31,32832
ABalppaaaa,218,127,176,12.2,30,34265
ABalppaaaa,219,124,177,12.8,29,32001
ABalppaaaa,220,132,171,12.3,26,43193
ABalppaaap,202,174,150,13.2,31,18555
ABalppaaap,203,170,144,13.3,26,20834
ABalppaaap,204,167,154,14.0,34,20524
ABalppaaap,205,176,147,13.2,31,30273
ABalppaaap,206,178,144,14.0,34,31656
ABalppaaap,207,180,142,14.1,31,32160
ABalppaaap,208,177,145,14.0,34,33280
ABalppaaap,209,167,148,14.1,31,27058
ABalppaaap,210,164,147,14.2,34,22673
ABalppaaap,211,164,147,14.2,34,22607
ABalppaaap,212,163,153,13.1,34,22214
ABalppaaap,213,159,159,14.0,31,18326
ABalppaaap,214,156,159,13.2,34,15926
ABalppaaap,215,156,163,13.1,31,19111
ABalppaaap,216,150,164,13.1,34,20198
ABalppaaap,217,149,163,13.1,31,19029
ABalppaaap,218,155,160,12.0,34,29524
ABalppaaap,219,152,160,13.0,31,24437
ABalppaaap,220,153,164,13.2,34,19004
ABalppaap,145,199,145,12.0,35,20596
ABalppaap,146,201,143,11.9,34,24515
ABalppaap,147,199,141,11.3,38,16361
ABalppaap,148,206,144,12.2,36,17708
ABalppaap,149,206,138,12.2,36,21327
ABalppaap,150,207,135,11.6,36,22946
ABalppaap,151,213,135,11.2,36,19217
ABalppaap,152,210,136,11.1,34,19273
ABalppaap,153,209,135,10.9,34,21892
ABalppaap,154,205,136,10.2,34,19987
ABalppaap,155,201,137,10.0,34,17817
ABalppaap,156,203,137,10.2,34,22926
ABalppaap,157,200,139,10.0,34,22444
ABalppaap,158,194,136,11.0,26,17768
ABalppaap,159,199,141,10.4,36,20091
ABalppaap,160,196,142,11.0,34,17536
ABalppaap,161,195,142,10.2,37,19650
ABalppaap,162,193,142,11.0,37,16917
ABalppaap,163,193,143,10.9,35,19036
ABalppaap,164,196,141,11.1,37,19441
ABalppaap,165,191,137,11.1,35,23531
ABalppaap,166,188,142,11.3,37,24706
ABalppaap,167,188,143,11.3,37,22961
ABalppaap,168,187,143,11.1,26,27188
ABalppaap,169,190,143,11.2,26,30001
ABalppaap,170,191,143,11.9,35,31101
ABalppaap,171,200,137,12.1,35,26334
ABalppaap,172,202,137,12.9,35,24045
ABalppaap,173,206,136,12.3,37,29103
ABalppaap,174,202,132,13.1,37,22666
ABalppaap,175,193,131,13.1,35,23415
ABalppaap,176,194,129,12.3,37,23817
ABalppaap,177,198,130,12.4,37,27592
ABalppaap,178,194,131,12.4,39,22834
ABalppaap,179,191,135,12.9,35,29329
ABalppaap,180,195,133,12.5,37,26420
ABalppaap,181,190,131,13.3,37,26752
ABalppaap,182,194,129,13.3,36,25511
ABalppaap,183,193,129,13.2,36,24610
ABalppaap,184,193,130,13.2,37,30031
ABalppaap,185,193,132,13.2,36,26373
ABalppaap,186,196,136,12.4,35,27945
ABalppaap,187,186,140,12.3,34,29397
ABalppaap,188,185,145,12.2,31,30708
ABalppaap,189,180,139,13.0,34,34945
ABalppaap,190,178,139,13.1,31,27936
ABalppaap,191,175,141,13.2,34,26210
ABalppaap,192,179,137,13.3,31,30530
ABalppaap,193,180,139,13.1,34,30511
ABalppaap,194,177,137,13.2,31,31749
ABalppaap,195,180,137,13.3,34,29204
ABalppaap,196,180,135,13.4,31,33704
ABalppaap,197,179,134,14.0,34,30410
ABalppaap,198,182,133,13.2,31,29293
ABalppaap,199,189,133,13.1,32,28469
ABalppaap,200,193,133,13.1,31,42785
ABalppaap,201,197,136,13.1,30,34804
ABalppaap,202,202,139,13.0,29,35414
ABalppaap,203,197,137,12.3,34,34204
ABalppaapa,204,180,145,12.0,29,32439
ABalppaapa,205,180,142,12.0,29,29850
ABalppaapa,206,181,138,12.0,30,32722
ABalppaapa,207,191,134,11.4,31,28723
ABalppaapa,208,185,132,12.0,30,30495
ABalppaapa,209,180,131,12.3,26,31416
ABalppaapa,210,180,133,12.9,30,27742
ABalppaapa,211,178,132,13.0,29,26627
ABalppaapa,212,183,137,12.9,24,32251
ABalppaapa,213,176,140,13.0,29,32183
ABalppaapa,214,175,141,12.1,30,35089
ABalppaapa,215,175,140,12.1,29,35712
ABalppaapa,216,171,140,12.0,30,29952
ABalppaapa,217,173,138,11.9,29,32353
ABalppaapa,218,176,136,12.0,34,28295
ABalppaapa,219,173,136,12.0,31,27565
ABalppaapa,220,173,136,12.0,30,35541
ABalppaapp,204,212,128,13.2,26,26141
ABalppaapp,205,216,124,12.2,26,24648
ABalppaapp,206,215,123,12.5,26,24701
ABalppaapp,207,214,121,12.8,26,12266
ABalppaapp,208,213,119,13.1,26,18686
ABalppaapp,209,213,119,13.1,26,25450
ABalppaapp,210,203,125,13.0,26,25161
ABalppaapp,211,210,124,14.0,31,21459
ABalppaapp,212,210,124,14.0,31,27338
ABalppaapp,213,200,124,13.4,31,20252
ABalppaapp,214,194,127,13.1,34,22225
ABalppaapp,215,198,126,14.0,31,29201
ABalppaapp,216,194,128,13.3,34,19934
ABalppaapp,217,199,125,14.0,31,26472
ABalppaapp,218,198,127,13.1,34,26243
ABalppaapp,219,193,130,13.0,31,19244
ABalppaapp,220,195,128,13.1,26,32645
ABalppap,98,170,178,17.3,38,10668
ABalppap,99,169,177,18.9,42,5322
ABalppap,100,173,175,18.2,43,7475
ABalppap,101,180,163,17.9,40,6028
ABalppap,102,182,167,17.2,42,6788
ABalppap,103,182,164,18.0,44,8141
ABalppap,104,181,162,18.1,43,7454
ABalppap,105,179,165,18.1,42,8292
ABalppap,106,175,167,18.1,42,7927
ABalppap,107,168,166,17.9,42,8254
ABalppap,108,166,162,17.0,42,8908
ABalppap,109,162,160,16.1,42,11611
ABalppap,110,164,162,16.0,42,8594
ABalppap,111,161,171,14.3,45,9530
ABalppap,112,161,173,14.9,42,13697
ABalppap,113,155,176,14.1,42,12006
ABalppap,114,152,180,14.9,42,10911
ABalppap,115,153,186,14.9,42,11852
ABalppap,116,153,187,14.1,42,14215
ABalppap,117,157,187,14.0,44,12288
ABalppap,118,154,184,14.1,42,14034
ABalppap,119,153,180,14.3,44,13935
ABalppap,120,160,178,14.1,44,14211
ABalppap,121,161,178,14.0,42,11509
ABalppap,122,166,178,13.5,44,13507
ABalppap,123,170,177,13.3,44,14063
ABalppap,124,175,173,13.1,44,12459
ABalppap,125,179,167,12.3,44,14370
ABalppap,126,184,163,12.1,44,18183
ABalppap,127,188,159,12.1,44,15735
ABalppap,128,191,161,11.4,44,15868
ABalppap,129,192,151,11.2,44,17638
ABalppap,130,197,150,11.2,42,18176
ABalppap,131,196,155,11.1,42,18538
ABalppap,132,196,155,11.0,42,21435
ABalppap,133,198,156,10.8,42,20836
ABalppap,134,205,164,10.0,37,23875
ABalppap,135,206,163,9.1,37,29538
ABalppapa,136,179,178,10.4,35,17668
ABalppapa,137,171,182,10.1,34,19019
ABalppapa,138,174,175,9.3,35,14687
ABalppapa,139,176,174,9.2,34,17712
ABalppapa,140,184,166,9.9,37,15686
ABalppapa,141,188,160,10.0,37,12983
ABalppapa,142,192,159,9.8,37,15683
ABalppapa,143,203,156,8.9,35,16721
ABalppapa,144,206,157,8.5,37,18123
ABalppapa,145,214,155,8.5,37,16718
ABalppapa,146,216,154,8.9,34,19309
ABalppapa,147,217,152,9.0,34,21655
ABalppapa,148,218,157,9.0,38,18238
ABalppapa,149,223,159,9.1,38,15190
ABalppapa,150,222,163,9.1,36,18938
ABalppapa,151,226,169,9.2,34,19831
ABalppapa,152,228,163,9.0,36,15752
ABalppapa,153,228,163,9.0,34,16886
ABalppapa,154,226,165,8.9,34,17965
ABalppapa,155,228,161,8.3,36,19077
ABalppapa,156,229,159,8.8,34,18269
ABalppapa,157,234,160,9.1,36,17399
ABalppapa,158,236,166,9.3,38,20080
ABalppapa,159,240,171,9.3,38,19565
ABalppapa,160,237,164,9.4,38,18878
ABalppapa,161,237,157,9.2,39,21383
ABalppapa,162,234,158,9.2,37,21517
ABalppapa,163,234,162,9.3,39,19205
ABalppapa,164,230,164,9.1,37,20447
ABalppapa,165,226,164,9.1,35,20254
ABalppapa,166,220,161,8.4,39,20571
ABalppapa,167,218,156,8.3,37,18998
ABalppapa,168,219,155,8.9,35,20708
ABalppapa,169,222,153,8.9,35,20411
ABalppapa,170,224,155,8.4,37,20017
ABalppapa,171,227,151,9.1,37,19852
ABalppapa,172,226,146,8.4,39,20019
ABalppapa,173,220,146,8.4,37,23942
ABalppapa,174,215,151,9.0,35,19825
ABalppapa,175,213,150,9.0,39,19389
ABalppapa,176,216,149,9.1,35,29454
ABalppapa,177,219,146,8.4,39,23448
ABalppapa,178,219,145,9.2,37,25415
ABalppapa,179,217,149,9.1,37,22174
ABalppapa,180,222,146,10.0,35,23153
ABalppapa,181,219,139,10.0,35,21003
ABalppapa,182,218,135,10.1,34,23260
ABalppapa,183,216,137,10.1,34,24924
ABalppapa,184,216,138,9.8,33,33738
ABalppapa,185,220,139,9.2,30,34922
ABalppapa,186,219,142,9.2,29,40790
ABalppapaa,187,198,141,10.0,24,29304
ABalppapaa,188,198,141,10.0,24,25558
ABalppapaa,189,197,135,10.0,24,26590
ABalppapaa,190,202,131,10.0,29,23442
ABalppapaa,191,202,135,10.1,30,25189
ABalppapaa,192,209,129,10.0,31,20372
ABalppapaa,193,207,135,9.1,30,24999
ABalppapaa,194,205,135,9.3,31,27480
ABalppapaa,195,211,135,10.2,32,24050
ABalppapaa,196,211,136,10.2,31,19728
ABalppapaa,197,203,135,10.4,32,20846
ABalppapaa,198,204,136,10.1,31,21810
ABalppapaa,199,205,137,9.4,32,19681
ABalppapaa,200,204,139,9.5,31,23116
ABalppapaa,201,206,139,9.2,32,19875
ABalppapaa,202,206,141,9.2,32,25687
ABalppapaa,203,205,143,9.2,33,20911
ABalppapaa,204,204,145,9.2,34,18935
ABalppapaa,205,199,145,9.3,31,19236
ABalppapaa,206,200,143,9.2,34,21403
ABalppapaa,207,207,139,9.3,31,29465
ABalppapaa,208,205,140,9.3,34,21098
ABalppapaa,209,198,140,9.5,31,23627
ABalppapaa,210,200,142,10.2,34,21768
ABalppapaa,211,198,140,10.0,31,26351
ABalppapaa,212,199,143,9.4,34,19991
ABalppapaa,213,193,144,9.4,31,28370
ABalppapaa,214,192,148,10.0,34,21862
ABalppapaa,215,194,149,9.3,31,26636
ABalppapaa,216,191,149,9.2,26,23682
ABalppapaa,217,193,154,9.3,26,26429
ABalppapaa,218,190,152,10.1,34,24989
ABalppapaa,219,188,152,9.2,26,32891
ABalppapaa,220,189,154,9.3,34,20115
ABalppapap,187,228,142,8.8,30,20653
ABalppapap,188,238,142,8.4,31,28506
ABalppapap,189,239,146,8.9,30,20657
ABalppapap,190,239,146,9.1,29,24952
ABalppapap,191,236,152,9.1,26,26949
ABalppapap,192,240,156,9.2,31,25573
ABalppapap,193,242,160,8.3,34,19729
ABalppapap,194,241,161,8.4,33,18650
ABalppapap,195,240,162,8.5,32,22428
ABalppapap,196,239,163,8.6,31,22803
ABalppapap,197,238,164,8.8,30,11799
ABalppapap,198,237,165,8.9,29,21523
ABalppapap,199,236,166,9.0,28,13339
ABalppapap,200,235,167,9.1,27,26129
ABalppapap,201,233,169,9.2,26,25587
ABalppapap,202,233,168,9.0,26,15887
ABalppapap,203,234,167,8.7,26,16793
ABalppapap,204,234,166,8.5,26,18028
ABalppapap,205,235,165,8.2,26,20830
ABalppapap,206,235,165,8.2,26,16784
ABalppapap,207,240,166,7.4,26,24987
ABalppapap,208,234,165,8.0,30,17654
ABalppapap,209,230,166,7.3,31,17122
ABalppapap,210,230,165,8.0,26,18613
ABalppapap,211,231,163,7.5,31,16880
ABalppapap,212,230,160,7.3,32,14634
ABalppapap,213,226,161,7.3,31,14812
ABalppapap,214,226,158,7.9,30,14041
ABalppapap,215,226,158,7.3,31,20178
ABalppapap,216,220,155,8.1,26,13139
ABalppapap,217,222,154,7.5,31,16104
ABalppapap,218,222,154,7.4,34,19927
ABalppapap,219,223,155,7.3,31,21204
ABalppapap,220,225,156,7.1,26,23837
ABalppapp,136,214,157,8.4,29,25682
ABalppapp,137,210,151,9.1,28,20001
ABalppapp,138,217,157,8.3,35,18251
ABalppapp,139,226,152,8.2,38,17268
ABalppapp,140,233,143,8.8,37,10734
ABalppapp,141,244,151,8.8,37,15793
ABalppapp,142,250,152,8.3,39,14285
ABalppapp,143,261,156,8.6,37,16520
ABalppapp,144,259,160,9.2,37,14763
ABalppapp,145,265,160,9.1,35,17806
ABalppapp,146,267,153,9.2,36,13822
ABalppapp,147,266,154,8.5,36,13419
ABalppapp,148,266,149,8.0,26,23371
ABalppapp,149,263,149,7.5,36,16490
ABalppapp,150,261,152,7.5,36,19418
ABalppapp,151,268,157,8.1,36,15475
ABalppapp,152,267,152,7.4,36,17122
ABalppapp,153,265,149,7.3,38,15855
ABalppapp,154,264,146,7.4,36,16503
ABalppapp,155,265,145,7.9,34,14252
ABalppapp,156,265,143,7.9,34,15235
ABalppapp,157,265,143,7.9,34,12480
ABalppapp,158,263,143,7.3,36,21480
ABalppapp,159,260,144,7.2,38,15947
ABalppapp,160,256,147,7.4,38,20940
ABalppapp,161,260,143,7.1,26,22131
ABalppapp,162,251,145,7.1,37,22410
ABalppapp,163,256,144,7.2,39,19452
ABalppapp,164,256,145,7.1,39,19196
ABalppapp,165,251,147,7.3,39,20322
ABalppapp,166,250,144,7.4,37,20591
ABalppapp,167,248,144,8.1,37,21654
ABalppapp,168,250,144,8.0,37,16706
ABalppapp,169,254,144,8.0,37,19723
ABalppapp,170,257,144,7.3,37,19112
ABalppapp,171,263,143,8.1,37,18150
ABalppapp,172,263,142,8.1,39,20231
ABalppapp,173,258,142,8.1,39,21122
ABalppapp,174,258,142,8.1,39,20437
ABalppapp,175,250,138,8.0,37,19183
ABalppapp,176,250,138,8.0,37,21658
ABalppapp,177,256,140,8.1,39,21595
ABalppapp,178,256,136,8.2,39,22335
ABalppapp,179,257,136,8.4,39,21271
ABalppapp,180,259,137,8.7,38,20214
ABalppapp,181,260,137,8.9,37,21448
ABalppapp,182,262,138,9.1,36,21532
ABalppapp,183,261,137,9.0,34,30017
ABalppapp,184,261,137,9.0,34,14670
ABalppapp,185,260,145,8.7,32,30287
ABalppappa,186,248,148,8.0,31,19032
ABalppappa,187,250,138,7.3,26,23393
ABalppappa,188,255,132,7.0,29,27589
ABalppappa,189,256,133,7.0,26,24565
ABalppappa,190,251,136,7.2,26,25395
ABalppappa,191,250,135,7.4,32,24668
ABalppappa,192,250,135,7.4,32,15821
ABalppappa,193,246,137,7.2,26,24718
ABalppappa,194,247,132,7.2,31,20395
ABalppappa,195,245,134,8.1,30,21519
ABalppappa,196,243,131,8.2,31,20372
ABalppappa,197,242,132,8.4,32,21359
ABalppappa,198,241,132,8.2,31,21352
ABalppappa,199,241,133,8.1,30,25565
ABalppappa,200,241,132,8.1,31,23923
ABalppappa,201,239,136,8.0,32,20240
ABalppappa,202,245,138,7.4,31,19930
ABalppappa,203,242,141,7.8,30,25069
ABalppappa,204,239,138,7.3,32,22267
ABalppappa,205,240,137,7.2,26,24850
ABalppappa,206,240,137,7.2,26,24377
ABalppappa,207,248,132,7.4,31,15376
ABalppappa,208,243,136,7.3,26,30697
ABalppappa,209,237,135,7.2,26,28307
ABalppappa,210,237,135,7.3,26,17232
ABalppappa,211,237,135,7.4,26,24342
ABalppappa,212,237,135,7.5,26,31458
ABalppappa,213,238,134,7.7,26,23335
ABalppappa,214,238,134,7.8,26,24891
ABalppappa,215,238,134,7.9,26,26246
ABalppappa,216,239,133,8.0,26,21450
ABalppappa,217,242,134,7.1,26,26402
ABalppappa,218,242,134,7.1,26,28005
ABalppappa,219,241,134,7.1,27,24885
ABalppappa,220,241,135,7.0,28,23812
ABalppappp,186,289,149,8.1,31,20266
ABalppappp,187,292,144,8.2,26,22492
ABalppappp,188,295,145,8.1,26,18449
ABalppappp,189,297,149,7.2,26,16226
ABalppappp,190,296,148,6.3,31,18407
ABalppappp,191,294,145,6.2,32,18887
ABalppappp,192,294,147,5.4,31,19031
ABalppappp,193,290,150,5.4,32,13745
ABalppappp,194,289,143,5.4,31,12517
ABalppappp,195,283,138,6.2,34,12989
ABalppappp,196,281,135,6.3,31,18523
ABalppappp,197,283,134,6.2,34,18886
ABalppappp,198,285,133,6.2,31,20028
ABalppappp,199,284,130,6.3,34,16189
ABalppappp,200,283,133,6.3,31,16173
ABalppappp,201,284,133,6.3,31,21256
ABalppappp,202,285,133,6.3,31,17572
ABalppappp,203,286,133,6.3,31,18302
ABalppappp,204,287,133,6.3,31,18352
ABalppappp,205,288,133,6.3,31,20092
ABalppappp,206,289,133,6.3,31,15519
ABalppappp,207,290,132,6.3,31,19096
ABalppappp,208,283,134,6.4,34,20413
ABalppappp,209,276,134,6.5,31,24513
ABalppappp,210,275,134,7.0,26,22209
ABalppappp,211,280,133,7.0,31,16984
ABalppappp,212,281,135,7.0,34,18463
ABalppappp,213,283,137,7.1,31,18364
ABalppappp,214,276,137,7.0,26,15419
ABalppappp,215,274,135,6.5,31,19611
ABalppappp,216,274,136,6.6,31,20479
ABalppappp,217,274,137,6.7,31,17468
ABalppappp,218,275,138,6.8,31,20028
ABalppappp,219,275,139,6.9,31,21894
ABalppappp,220,276,140,7.0,30,16866
ABalppp,64,236,148,17.2,51,-41
ABalppp,65,246,148,17.1,52,-237
ABalppp,66,249,150,17.9,49,789
ABalppp,67,262,149,17.0,49,897
ABalppp,68,271,146,16.1,51,1288
ABalppp,69,273,144,16.9,49,911
ABalppp,70,279,141,17.0,50,1415
ABalppp,71,271,143,18.0,50,531
ABalppp,72,272,142,19.0,50,1917
ABalppp,73,265,142,19.2,51,721
ABalppp,74,250,138,19.0,51,1537
ABalppp,75,249,142,18.9,51,1286
ABalppp,76,248,142,18.9,51,1284
ABalppp,77,249,140,18.1,50,2152
ABalppp,78,248,144,18.0,50,1331
ABalppp,79,248,146,17.9,50,590
ABalppp,80,243,152,18.1,51,1831
ABalppp,81,236,158,18.0,49,1834
ABalppp,82,232,160,17.0,49,3395
ABalppp,83,231,164,16.3,51,3977
ABalppp,84,229,168,16.3,51,3257
ABalppp,85,232,172,16.2,50,4496
ABalppp,86,232,165,16.2,52,3164
ABalppp,87,233,167,16.9,50,3851
ABalppp,88,236,172,16.1,50,4858
ABalppp,89,234,173,16.0,49,5721
ABalppp,90,240,176,15.4,51,5215
ABalppp,91,234,181,15.3,51,4439
ABalppp,92,237,183,15.9,49,6127
ABalppp,93,227,177,15.0,49,6657
ABalppp,94,234,179,14.0,51,6440
ABalpppa,95,208,180,14.1,49,3966
ABalpppa,96,210,179,14.2,48,3251
ABalpppa,97,214,182,14.3,38,7548
ABalpppa,98,212,180,15.0,40,6853
ABalpppa,99,204,179,15.0,42,7307
ABalpppa,100,207,183,16.0,41,6603
ABalpppa,101,210,186,15.1,40,6825
ABalpppa,102,211,191,15.1,40,7323
ABalpppa,103,205,198,15.9,40,7906
ABalpppa,104,201,199,16.0,41,4916
ABalpppa,105,200,207,16.0,42,7729
ABalpppa,106,196,212,15.2,42,6083
ABalpppa,107,194,216,15.2,42,10064
ABalpppa,108,191,219,15.9,42,6408
ABalpppa,109,190,227,16.0,42,11025
ABalpppa,110,186,233,15.9,42,10360
ABalpppa,111,182,234,15.9,41,9163
ABalpppa,112,179,237,16.1,42,11886
ABalpppa,113,177,238,15.9,42,10848
ABalpppa,114,178,240,15.9,42,10663
ABalpppa,115,180,244,16.1,42,10605
ABalpppa,116,179,247,16.1,42,10235
ABalpppa,117,176,249,17.1,44,12816
ABalpppa,118,171,250,17.4,44,14082
ABalpppa,119,174,249,17.4,44,12449
ABalpppa,120,173,248,17.4,44,12724
ABalpppa,121,174,247,17.9,42,13368
ABalpppa,122,173,240,18.1,42,17298
ABalpppa,123,179,236,17.4,44,13705
ABalpppa,124,184,232,17.8,42,13694
ABalpppa,125,182,233,17.1,42,14646
ABalpppa,126,184,232,17.1,42,12467
ABalpppa,127,185,223,17.1,44,16013
ABalpppa,128,189,225,17.1,42,17610
ABalpppa,129,186,216,18.0,42,19368
ABalpppa,130,191,213,17.3,46,15840
ABalpppa,131,189,210,18.0,42,21310
ABalpppa,132,185,209,18.0,42,27402
ABalpppa,133,181,211,17.9,42,24109
ABalpppa,134,183,210,17.9,41,28877
ABalpppa,135,185,205,17.0,41,25200
ABalpppaa,136,163,221,17.0,29,32313
ABalpppaa,137,156,228,17.1,28,36083
ABalpppaa,138,159,224,16.2,28,31199
ABalpppaa,139,161,218,16.0,38,22308
ABalpppaa,140,160,213,16.0,26,32703
ABalpppaa,141,161,208,15.9,37,27081
ABalpppaa,142,160,204,15.9,37,31104
ABalpppaa,143,152,190,15.2,37,27550
ABalpppaa,144,147,182,15.2,39,27168
ABalpppaa,145,149,178,15.3,37,28537
ABalpppaa,146,156,182,15.9,34,29549
ABalpppaa,147,156,182,16.0,36,29401
ABalpppaa,148,155,183,15.4,36,28726
ABalpppaa,149,158,179,15.4,36,30265
ABalpppaa,150,162,174,15.3,36,26864
ABalpppaa,151,162,173,15.1,34,35079
ABalpppaa,152,168,176,15.2,36,31542
ABalpppaa,153,169,176,15.2,36,34756
ABalpppaa,154,175,173,14.3,36,33178
ABalpppaa,155,178,176,15.1,36,39124
ABalpppaa,156,186,175,15.1,36,39306
ABalpppaa,157,178,167,15.2,38,43192
ABalpppaa,158,177,163,16.1,36,42842
ABalpppaa,159,176,163,15.3,38,42450
ABalpppaa,160,178,159,16.1,36,48554
ABalpppaa,161,178,159,16.1,36,46297
ABalpppaa,162,179,158,16.1,26,41500
ABalpppaa,163,177,159,16.0,35,40725
ABalpppaa,164,181,150,16.1,37,42367
ABalpppaa,165,180,147,15.3,37,41259
ABalpppaa,166,184,145,15.2,37,43273
ABalpppaa,167,189,145,15.2,39,43103
ABalpppaa,168,191,142,15.3,37,42695
ABalpppaa,169,193,139,16.1,37,41755
ABalpppaa,170,192,138,15.4,37,43020
ABalpppaa,171,193,135,16.1,37,42368
ABalpppaa,172,191,133,16.2,39,46721
ABalpppaa,173,190,137,16.4,37,42721
ABalpppaa,174,187,137,17.2,39,47692
ABalpppaa,175,186,137,17.3,37,42348
ABalpppaa,176,187,136,18.0,37,51328
ABalpppaa,177,181,138,17.4,37,50261
ABalpppaa,178,186,137,17.9,35,53282
ABalpppaa,179,186,134,17.1,35,58028
ABalpppaa,180,186,137,17.3,37,53886
ABalpppaa,181,184,138,17.3,37,42787
ABalpppaa,182,182,138,18.0,34,59039
ABalpppaa,183,177,140,17.2,36,56254
ABalpppaa,184,181,141,17.3,37,54855
ABalpppaa,185,181,141,17.1,36,55328
ABalpppaa,186,185,139,17.2,33,54631
ABalpppaa,187,186,140,18.2,34,65706
ABalpppaa,188,183,141,18.1,31,51418
ABalpppaa,189,186,142,17.2,34,53022
ABalpppaa,190,188,144,18.0,31,55328
ABalpppaa,191,189,144,18.0,34,66624
ABalpppaa,192,193,141,17.4,31,60531
ABalpppaa,193,191,147,17.1,32,59627
ABalpppaa,194,191,144,17.1,29,71436
ABalpppaa,195,189,148,17.0,32,70000
ABalpppaaa,196,181,151,16.0,31,46601
ABalpppaaa,197,178,154,16.1,30,52974
ABalpppaaa,198,176,155,16.1,31,54128
ABalpppaaa,199,177,153,16.9,30,50282
ABalpppaaa,200,181,148,16.2,31,53145
ABalpppaaa,201,184,144,16.2,34,46777
ABalpppaaa,202,184,141,16.0,31,53533
ABalpppaaa,203,189,139,16.0,34,41545
ABalpppaaa,204,182,144,15.2,34,42160
ABalpppaaa,205,188,141,16.0,31,55560
ABalpppaaa,206,189,145,16.1,34,50499
ABalpppaaa,207,190,140,16.2,31,51437
ABalpppaaa,208,185,143,16.1,34,54781
ABalpppaaa,209,180,144,17.3,31,53451
ABalpppaaa,210,180,141,17.4,34,50302
ABalpppaaa,211,182,141,17.2,31,54537
ABalpppaaa,212,185,142,17.1,34,56178
ABalpppaaa,213,182,143,17.3,31,46676
ABalpppaaa,214,174,143,16.4,26,54038
ABalpppaaa,215,172,145,16.4,31,50367
ABalpppaaa,216,174,143,16.4,34,49279
ABalpppaaa,217,174,140,16.2,31,62758
ABalpppaaa,218,174,140,16.2,31,59352
ABalpppaaa,219,172,146,16.2,26,61964
ABalpppaaa,220,176,149,16.3,26,63043
ABalpppaap,196,210,142,17.9,29,48418
ABalpppaap,197,209,136,18.1,30,47775
ABalpppaap,198,207,134,17.1,31,48941
ABalpppaap,199,209,133,17.0,32,44905
ABalpppaap,200,212,131,18.1,31,46164
ABalpppaap,201,209,131,19.1,34,41040
ABalpppaap,202,215,126,19.2,31,41262
ABalpppaap,203,216,125,19.1,34,42244
ABalpppaap,204,209,129,19.1,34,41346
ABalpppaap,205,207,126,19.0,31,45141
ABalpppaap,206,206,127,18.3,34,49662
ABalpppaap,207,210,123,18.3,31,48659
ABalpppaap,208,207,124,18.2,32,54259
ABalpppaap,209,205,125,18.2,31,46609
ABalpppaap,210,207,125,18.2,34,39973
ABalpppaap,211,203,125,19.0,31,51155
ABalpppaap,212,203,125,18.2,34,47195
ABalpppaap,213,197,128,19.0,31,56565
ABalpppaap,214,192,134,19.1,34,57846
ABalpppaap,215,188,133,19.1,31,58155
ABalpppaap,216,189,135,19.0,34,56745
ABalpppaap,217,186,133,18.3,31,61638
ABalpppaap,218,187,134,18.1,34,53984
ABalpppaap,219,183,134,18.0,31,61599
ABalpppaap,220,186,132,17.3,34,48745
ABalpppap,136,190,198,17.0,41,9690
ABalpppap,137,189,194,16.2,28,26845
ABalpppap,138,193,190,15.9,39,16373
ABalpppap,139,195,191,16.1,38,17335
ABalpppap,140,196,180,16.1,39,20092
ABalpppap,141,203,174,16.2,39,16430
ABalpppap,142,201,166,16.0,26,22948
ABalpppap,143,193,157,16.1,37,22983
ABalpppap,144,187,155,17.1,37,25006
ABalpppap,145,190,155,16.2,39,24128
ABalpppap,146,189,152,15.3,38,26258
ABalpppap,147,189,151,15.2,38,25804
ABalpppap,148,190,152,15.2,38,24032
ABalpppap,149,191,153,15.2,38,27947
ABalpppap,150,199,146,15.1,38,29171
ABalpppap,151,205,142,15.2,38,31031
ABalpppap,152,209,141,15.2,38,30728
ABalpppap,153,211,140,15.3,38,29628
ABalpppap,154,216,139,15.1,38,32869
ABalpppap,155,216,135,15.1,38,30280
ABalpppap,156,219,138,15.2,38,32282
ABalpppap,157,215,135,15.3,38,32221
ABalpppap,158,219,134,16.1,38,30973
ABalpppap,159,216,138,15.3,38,32588
ABalpppap,160,218,136,15.2,38,34497
ABalpppap,161,219,134,15.0,39,34227
ABalpppap,162,216,136,15.0,39,32895
ABalpppap,163,215,139,14.5,39,30523
ABalpppap,164,221,138,15.0,39,32770
ABalpppap,165,215,129,15.1,39,34687
ABalpppap,166,218,130,15.2,39,37059
ABalpppap,167,224,128,15.2,39,40309
ABalpppap,168,226,129,15.2,39,35276
ABalpppap,169,226,131,15.2,39,41145
ABalpppap,170,228,130,15.2,39,38462
ABalpppap,171,227,128,16.1,39,41581
ABalpppap,172,226,128,16.0,39,39215
ABalpppap,173,224,128,15.2,39,38700
ABalpppap,174,221,130,16.1,39,38634
ABalpppap,175,219,130,17.0,39,40951
ABalpppap,176,220,132,16.4,39,39178
ABalpppap,177,223,138,16.2,39,44853
ABalpppap,178,223,138,16.2,39,39329
ABalpppap,179,220,137,16.2,37,39511
ABalpppap,180,223,133,16.1,37,43619
ABalpppap,181,225,130,17.0,37,42919
ABalpppap,182,224,135,17.1,36,40358
ABalpppap,183,219,134,17.1,38,43981
ABalpppap,184,225,133,16.9,33,47734
ABalpppap,185,227,137,16.3,36,43442
ABalpppap,186,229,133,17.1,35,37442
ABalpppapa,187,201,140,15.0,30,57202
ABalpppapa,188,201,140,14.2,26,55705
ABalpppapa,189,198,138,14.3,34,44618
ABalpppapa,190,201,131,15.0,26,45184
ABalpppapa,191,201,134,15.1,34,38976
ABalpppapa,192,203,135,14.2,31,44720
ABalpppapa,193,211,137,14.1,34,39535
ABalpppapa,194,212,136,13.4,31,35953
ABalpppapa,195,216,134,14.1,34,34786
ABalpppapa,196,216,132,14.1,31,42944
ABalpppapa,197,218,136,14.3,34,31800
ABalpppapa,198,213,132,15.0,31,43510
ABalpppapa,199,212,133,15.2,34,42721
ABalpppapa,200,212,133,15.2,34,27430
ABalpppapa,201,221,130,15.2,34,32460
ABalpppapa,202,224,129,15.2,31,43244
ABalpppapa,203,227,125,15.3,34,41653
ABalpppapa,204,223,123,16.0,34,42127
ABalpppapa,205,227,121,16.0,31,47862
ABalpppapa,206,224,122,16.0,34,48680
ABalpppapa,207,230,119,15.2,31,55384
ABalpppapa,208,227,121,16.0,26,48978
ABalpppapa,209,221,122,15.2,31,51905
ABalpppapa,210,223,129,15.3,34,41218
ABalpppapa,211,227,125,15.4,31,41689
ABalpppapa,212,221,126,15.1,34,43848
ABalpppapa,213,218,125,16.1,31,40061
ABalpppapa,214,214,124,15.2,34,42876
ABalpppapa,215,211,127,16.0,31,45762
ABalpppapa,216,215,127,16.0,26,53806
ABalpppapa,217,213,124,16.1,26,67039
ABalpppapa,218,214,126,16.1,34,48613
ABalpppapa,219,213,129,15.3,31,43920
ABalpppapa,220,213,126,15.3,34,48962
ABalpppapp,187,237,126,17.9,30,37758
ABalpppapp,188,235,128,17.5,31,36904
ABalpppapp,189,238,125,17.2,32,30719
ABalpppapp,190,237,126,17.2,31,35413
ABalpppapp,191,241,125,17.1,34,27877
ABalpppapp,192,245,126,16.0,31,20887
ABalpppapp,193,242,126,16.1,34,24957
ABalpppapp,194,241,122,16.4,31,35366
ABalpppapp,195,240,124,17.0,34,34455
ABalpppapp,196,242,125,17.1,31,39650
ABalpppapp,197,244,124,17.1,34,35072
ABalpppapp,198,243,122,16.1,31,24931
ABalpppapp,199,243,120,17.1,34,39026
ABalpppapp,200,247,121,17.1,31,38803
ABalpppapp,201,247,122,17.0,34,34591
ABalpppapp,202,251,120,17.0,31,35967
ABalpppapp,203,251,120,17.0,31,43006
ABalpppapp,204,247,121,17.0,34,39768
ABalpppapp,205,249,119,16.2,26,42226
ABalpppapp,206,249,119,16.1,34,30331
ABalpppapp,207,252,120,16.1,31,39026
ABalpppapp,208,250,119,17.2,34,31608
ABalpppapp,209,248,121,17.0,31,31139
ABalpppapp,210,248,123,17.1,34,32919
ABalpppapp,211,251,119,17.0,31,34914
ABalpppapp,212,248,121,17.0,34,35240
ABalpppapp,213,247,121,17.1,31,47383
ABalpppapp,214,242,121,17.1,34,45756
ABalpppapp,215,242,121,17.1,34,35024
ABalpppapp,216,237,123,17.0,34,41054
ABalpppapp,217,235,119,17.1,31,42690
ABalpppapp,218,235,120,18.0,34,45523
ABalpppapp,219,234,120,18.1,31,44737
ABalpppapp,220,238,123,17.1,34,43506
ABalpppp,95,258,179,13.3,47,5341
ABalpppp,96,264,178,13.2,46,3406
ABalpppp,97,265,179,13.1,40,8107
ABalpppp,98,264,183,13.8,44,3509
ABalpppp,99,267,187,13.1,42,6475
ABalpppp,100,268,181,13.1,43,5303
ABalpppp,101,275,184,13.1,42,6149
ABalpppp,102,277,182,14.1,40,6601
ABalpppp,103,273,180,15.1,42,7239
ABalpppp,104,271,182,15.1,43,6995
ABalpppp,105,272,187,15.4,44,6387
ABalpppp,106,267,185,16.1,42,5974
ABalpppp,107,261,188,16.0,42,6962
ABalpppp,108,258,186,16.1,44,7130
ABalpppp,109,253,185,16.1,42,6192
ABalpppp,110,247,183,15.3,44,8880
ABalpppp,111,243,189,15.1,45,7650
ABalpppp,112,237,192,15.1,44,8629
ABalpppp,113,234,195,14.4,44,10525
ABalpppp,114,232,202,14.2,44,11522
ABalpppp,115,232,199,14.2,44,10926
ABalpppp,116,233,203,13.2,42,9465
ABalpppp,117,236,204,13.2,44,10383
ABalpppp,118,232,205,14.1,44,10075
ABalpppp,119,226,203,14.3,46,9454
ABalpppp,120,223,202,14.3,44,12144
ABalpppp,121,220,196,15.1,44,11093
ABalpppp,122,221,193,15.2,44,10212
ABalpppp,123,224,193,15.1,44,12595
ABalpppp,124,222,189,17.1,46,11939
ABalpppp,125,219,184,17.1,46,13717
ABalpppp,126,223,184,17.2,44,14867
ABalpppp,127,228,182,17.2,44,13475
ABalpppp,128,225,179,17.9,42,14963
ABalpppp,129,227,176,18.0,44,17268
ABalpppp,130,231,175,18.0,42,19387
ABalpppp,131,237,183,17.1,38,17069
ABalppppa,132,227,188,17.2,40,10852
ABalppppa,133,219,191,18.2,38,11879
ABalppppa,134,220,184,18.9,41,13771
ABalppppa,135,220,183,18.1,41,12603
ABalppppa,136,224,182,18.1,41,15752
ABalppppa,137,219,173,18.0,40,17608
ABalppppa,138,216,167,17.9,39,19770
ABalppppa,139,215,163,18.0,38,17928
ABalppppa,140,219,160,17.3,26,23653
ABalppppa,141,227,160,18.1,39,22087
ABalppppa,142,223,161,18.2,41,23105
ABalppppa,143,218,164,18.3,37,25133
ABalppppa,144,211,169,19.1,39,22067
ABalppppa,145,218,169,19.0,39,19053
ABalppppa,146,221,163,18.3,36,22423
ABalppppa,147,217,161,19.0,36,21687
ABalppppa,148,221,159,19.0,38,25523
ABalppppa,149,224,156,19.1,36,30861
ABalppppa,150,225,151,18.4,36,28623
ABalppppa,151,224,148,18.3,38,30169
ABalppppa,152,232,152,19.1,36,34979
ABalppppa,153,230,155,19.1,38,29162
ABalppppa,154,235,156,18.3,38,32111
ABalppppa,155,233,152,18.3,38,33969
ABalppppa,156,238,161,18.1,36,33297
ABalppppa,157,238,167,18.1,36,37259
ABalppppa,158,236,170,18.1,36,33828
ABalppppa,159,231,173,18.0,38,30104
ABalppppa,160,233,170,18.1,38,32594
ABalppppa,161,231,164,17.2,39,41751
ABalppppa,162,225,163,18.1,37,43314
ABalppppa,163,223,160,18.2,39,44743
ABalppppa,164,226,162,18.1,39,44477
ABalppppa,165,223,162,18.3,39,44833
ABalppppa,166,221,164,18.2,39,40919
ABalppppa,167,219,161,18.3,37,47642
ABalppppa,168,222,160,19.0,39,47513
ABalppppa,169,221,161,19.1,39,50449
ABalppppa,170,216,162,19.1,39,49122
ABalppppa,171,220,164,18.2,39,51813
ABalppppa,172,216,162,18.2,39,53273
ABalppppa,173,216,159,18.3,37,56521
ABalppppa,174,211,167,18.2,39,58634
ABalppppa,175,216,166,19.1,37,59104
ABalppppa,176,213,168,18.3,37,63383
ABalppppa,177,206,173,19.1,37,58862
ABalppppa,178,212,174,19.1,37,62487
ABalppppa,179,212,170,19.1,37,72169
ABalppppa,180,217,168,19.1,35,82074
ABalppppa,181,214,173,20.0,35,61575
ABalppppa,182,213,170,20.0,34,74685
ABalppppa,183,208,171,19.9,34,85519
ABalppppaa,184,191,187,18.0,33,62339
ABalppppaa,185,191,180,18.1,32,69421
ABalppppaa,186,197,176,18.0,31,71640
ABalppppaa,187,202,174,18.0,30,66286
ABalppppaa,188,196,175,17.4,31,57820
ABalppppaa,189,199,180,17.3,34,57724
ABalppppaa,190,202,180,18.1,31,68823
ABalppppaa,191,203,175,18.3,34,60065
ABalppppaa,192,206,173,19.0,31,65302
ABalppppaa,193,203,173,19.1,30,56762
ABalppppaa,194,205,172,19.1,31,59175
ABalppppaa,195,201,178,19.2,34,64721
ABalppppaa,196,201,175,18.9,33,60557
ABalppppaa,197,201,171,18.6,32,80590
ABalppppaa,198,200,167,18.3,31,71784
ABalppppaa,199,203,166,18.2,34,71302
ABalppppaa,200,207,165,18.1,31,80184
ABalppppaa,201,206,162,18.1,34,80684
ABalppppaa,202,205,158,18.2,31,82361
ABalppppaa,203,213,157,18.2,34,81441
ABalppppaa,204,206,157,18.2,34,65860
ABalppppaa,205,206,156,18.2,31,85658
ABalppppaa,206,205,156,18.2,34,78987
ABalppppaa,207,207,153,19.1,31,81394
ABalppppaa,208,203,152,19.0,34,75161
ABalppppaa,209,202,151,19.2,31,80823
ABalppppaa,210,202,151,19.2,31,67525
ABalppppaa,211,205,151,19.0,31,89658
ABalppppaa,212,205,151,19.0,31,87281
ABalppppaa,213,206,155,19.0,31,87764
ABalppppaa,214,206,155,19.0,31,70720
ABalppppaa,215,197,159,18.3,31,95121
ABalppppaa,216,197,159,18.3,31,91620
ABalppppaa,217,197,158,19.0,31,89860
ABalppppaa,218,201,157,19.0,34,93664
ABalppppaa,219,201,157,19.0,34,80596
ABalppppaa,220,203,158,18.2,34,92951
ABalppppap,184,231,161,21.0,33,69095
ABalppppap,185,226,158,21.1,34,64894
ABalppppap,186,230,159,21.1,35,59895
ABalppppap,187,227,163,21.9,30,49775
ABalppppap,188,223,156,21.3,31,58830
ABalppppap,189,226,155,21.0,34,52437
ABalppppap,190,226,149,21.2,31,63930
ABalppppap,191,233,149,21.1,34,61710
ABalppppap,192,236,152,20.2,31,69923
ABalppppap,193,237,150,19.2,34,60812
ABalppppap,194,231,147,19.2,31,65543
ABalppppap,195,233,150,19.2,34,65469
ABalppppap,196,236,150,20.0,31,63852
ABalppppap,197,239,155,20.0,34,68357
ABalppppap,198,234,156,20.1,26,61667
ABalppppap,199,232,157,20.1,26,62506
ABalppppap,200,233,161,20.1,31,70780
ABalppppap,201,234,159,19.2,34,59294
ABalppppap,202,234,156,20.0,31,63118
ABalppppap,203,237,155,20.0,34,66737
ABalppppap,204,238,150,20.1,26,68903
ABalppppap,205,238,150,20.1,26,68422
ABalppppap,206,237,147,19.1,26,84477
ABalppppap,207,238,145,20.1,26,67394
ABalppppap,208,238,145,20.1,26,68312
ABalppppap,209,236,144,20.1,26,62709
ABalppppap,210,233,145,21.0,26,78009
ABalppppap,211,232,143,20.2,31,84123
ABalppppap,212,234,143,20.1,34,93021
ABalppppap,213,232,143,20.1,31,89414
ABalppppap,214,232,146,19.3,34,87058
ABalppppap,215,223,146,20.1,31,82775
ABalppppap,216,228,144,20.1,34,89645
ABalppppap,217,226,147,20.1,31,88826
ABalppppap,218,226,150,20.2,34,94049
ABalppppap,219,225,149,20.1,31,94912
ABalppppap,220,220,149,20.0,26,82867
ABalppppp,132,255,175,16.0,34,17504
ABalppppp,133,261,178,15.4,40,15477
ABalppppp,134,266,179,16.0,41,12617
ABalppppp,135,266,178,16.0,41,15008
ABalppppp,136,262,174,16.0,41,14661
ABalppppp,137,261,166,15.9,40,10333
ABalppppp,138,262,159,16.0,39,14957
ABalppppp,139,261,156,16.3,40,13857
ABalppppp,140,271,160,16.2,39,16787
ABalppppp,141,274,162,16.3,41,16828
ABalppppp,142,270,155,17.0,41,14322
ABalppppp,143,270,152,17.2,39,17413
ABalppppp,144,264,157,17.3,39,17442
ABalppppp,145,265,153,17.3,39,15896
ABalppppp,146,267,154,17.2,38,19293
ABalppppp,147,269,154,17.3,38,22355
ABalppppp,148,271,152,17.3,38,22490
ABalppppp,149,272,154,18.0,38,23154
ABalppppp,150,272,152,18.1,38,25417
ABalppppp,151,274,155,18.0,38,26923
ABalppppp,152,282,153,18.1,38,28610
ABalppppp,153,276,149,18.2,38,29807
ABalppppp,154,286,145,18.2,38,27025
ABalppppp,155,281,142,18.2,38,33070
ABalppppp,156,280,134,18.1,38,38204
ABalppppp,157,275,130,18.1,38,36124
ABalppppp,158,274,129,18.1,38,37117
ABalppppp,159,274,129,18.1,38,34144
ABalppppp,160,273,132,18.1,38,33957
ABalppppp,161,271,130,18.1,39,37099
ABalppppp,162,266,134,18.2,39,38498
ABalppppp,163,269,130,18.1,39,42170
ABalppppp,164,272,129,17.2,39,38348
ABalppppp,165,268,131,17.3,39,45799
ABalppppp,166,263,136,18.1,39,52344
ABalppppp,167,263,136,18.1,39,55305
ABalppppp,168,267,132,18.1,39,55272
ABalppppp,169,270,130,17.1,39,41575
ABalppppp,170,265,137,18.1,39,60340
ABalppppp,171,263,141,18.2,39,61896
ABalppppp,172,261,146,18.2,39,59088
ABalppppp,173,258,142,18.2,39,66113
ABalppppp,174,257,142,18.1,37,61212
ABalppppp,175,262,137,19.9,35,66567
ABalppppp,176,259,139,19.2,39,68422
ABalpppppa,177,233,143,18.1,26,64713
ABalpppppa,178,241,146,18.2,26,73736
ABalpppppa,179,243,148,19.1,35,54948
ABalpppppa,180,244,141,19.1,35,59047
ABalpppppa,181,244,143,19.1,35,54380
ABalpppppa,182,245,148,20.1,36,53030
ABalpppppa,183,240,150,21.0,34,53760
ABalpppppa,184,248,142,20.0,35,54647
ABalpppppa,185,251,142,20.0,34,62203
ABalpppppa,186,254,142,20.0,35,55098
ABalpppppa,187,260,147,20.1,34,58675
ABalpppppa,188,256,152,19.2,31,67181
ABalpppppa,189,254,152,18.3,34,61494
ABalpppppa,190,254,155,18.4,31,78989
ABalpppppa,191,256,151,18.1,34,73909
ABalpppppa,192,257,154,17.4,31,82683
ABalpppppa,193,256,157,18.0,32,86996
ABalpppppa,194,258,155,18.1,31,76118
ABalpppppa,195,257,163,18.2,32,76966
ABalpppppa,196,260,160,18.2,31,79901
ABalpppppa,197,258,161,18.1,26,86525
ABalpppppa,198,255,156,18.3,31,86126
ABalpppppa,199,254,155,18.2,34,72709
ABalpppppa,200,256,156,19.0,31,75515
ABalpppppa,201,259,157,18.2,32,85816
ABalpppppa,202,262,156,18.3,31,79565
ABalpppppa,203,261,155,18.2,34,79336
ABalpppppa,204,261,156,18.1,32,80693
ABalpppppa,205,263,154,18.1,31,82157
ABalpppppa,206,261,153,18.1,34,93910
ABalpppppa,207,262,158,18.3,31,92491
ABalpppppa,208,259,155,18.3,34,83808
ABalpppppa,209,257,156,18.3,31,86442
ABalpppppa,210,256,149,19.1,34,78579
ABalpppppa,211,259,146,18.2,31,84775
ABalpppppa,212,257,149,18.3,34,89314
ABalpppppa,213,258,151,18.2,31,94216
ABalpppppa,214,258,148,18.2,34,99497
ABalpppppa,215,254,146,18.3,31,92881
ABalpppppa,216,255,147,18.1,34,99169
ABalpppppa,217,254,145,18.2,31,104638
ABalpppppa,218,254,145,18.2,34,99735
ABalpppppa,219,252,147,18.2,31,118202
ABalpppppa,220,252,147,18.2,31,106200
ABalpppppp,177,283,139,20.0,35,50933
ABalpppppp,178,289,135,20.0,35,44822
ABalpppppp,179,294,136,20.0,35,42783
ABalpppppp,180,294,137,21.0,35,43834
ABalpppppp,181,297,140,21.1,35,46978
ABalpppppp,182,297,138,21.1,36,45281
ABalpppppp,183,290,139,21.1,38,45404
ABalpppppp,184,290,141,21.0,37,38885
ABalpppppp,185,291,141,20.1,36,47276
ABalpppppp,186,293,145,20.1,35,48847
ABalpppppp,187,296,146,20.1,34,42429
ABalpppppp,188,296,149,20.0,31,54788
ABalpppppp,189,292,151,19.1,34,52020
ABalpppppp,190,295,148,18.2,31,52068
ABalpppppp,191,297,148,18.2,34,53691
ABalpppppp,192,303,147,18.1,31,65700
ABalpppppp,193,302,147,18.0,34,59646
ABalpppppp,194,301,146,18.0,33,62232
ABalpppppp,195,300,145,18.1,32,64400
ABalpppppp,196,298,144,18.1,31,61830
ABalpppppp,197,296,141,19.1,34,59463
ABalpppppp,198,292,144,19.0,31,75141
ABalpppppp,199,291,143,19.0,34,62333
ABalpppppp,200,292,140,18.3,31,66350
ABalpppppp,201,293,141,18.2,34,69589
ABalpppppp,202,293,139,19.0,31,65939
ABalpppppp,203,297,140,19.1,34,65692
ABalpppppp,204,291,140,18.4,34,76402
ABalpppppp,205,294,138,19.0,31,64060
ABalpppppp,206,294,139,19.0,34,71996
ABalpppppp,207,291,139,19.2,31,70359
ABalpppppp,208,290,143,19.2,34,73149
ABalpppppp,209,288,146,19.3,31,70673
ABalpppppp,210,292,140,19.2,34,69849
ABalpppppp,211,291,140,20.0,31,60045
ABalpppppp,212,291,142,19.3,34,70034
ABalpppppp,213,289,142,20.0,31,67504
ABalpppppp,214,291,139,20.0,34,71235
ABalpppppp,215,289,135,19.1,31,57687
ABalpppppp,216,284,143,20.0,26,72403
ABalpppppp,217,284,143,20.0,26,64252
ABalpppppp,218,289,141,20.0,34,61970
ABalpppppp,219,288,140,19.9,26,62196
ABalpppppp,220,288,140,19.9,26,56236
ABar,3,203,276,12.5,50,-826
ABar,4,206,287,10.0,50,-541
ABar,5,207,292,10.1,62,-622
ABar,6,223,304,10.3,62,-274
ABar,7,227,321,10.5,67,29
ABar,8,232,339,9.7,70,-436
ABar,9,240,346,9.5,71,-1067
ABar,10,253,359,10.6,71,-895
ABar,11,263,361,11.7,73,-332
ABar,12,255,360,12.0,76,-648
ABar,13,243,357,12.3,79,-975
ABar,14,248,364,14.4,81,-716
ABar,15,260,377,16.2,80,157
ABar,16,267,373,16.4,78,-694
ABar,17,285,364,18.2,50,-28
ABar,18,297,340,15.4,59,-453
ABara,19,289,350,13.3,45,1018
ABara,20,293,340,11.3,45,-1548
ABara,21,292,333,9.9,51,-605
ABara,22,292,323,9.7,54,48
ABara,23,284,319,8.6,59,-732
ABara,24,273,319,8.1,61,-685
ABara,25,262,320,7.5,60,-418
ABara,26,258,302,7.5,60,-494
ABara,27,250,295,7.4,61,-693
ABara,28,242,313,7.4,59,-796
ABara,29,241,311,7.3,58,-1247
ABara,30,233,301,7.3,61,-439
ABara,31,238,304,7.2,63,-369
ABara,32,249,310,7.7,62,-973
ABara,33,251,307,7.1,63,-543
ABara,34,259,316,7.9,63,-415
ABara,35,262,319,7.9,64,-606
ABara,36,268,327,7.2,42,95
ABara,37,290,313,8.0,30,955
ABaraa,38,266,300,8.1,34,-1624
ABaraa,39,246,296,7.3,32,1174
ABaraa,40,237,289,7.3,48,-889
ABaraa,41,244,281,7.2,50,-225
ABaraa,42,246,283,6.2,50,-78
ABaraa,43,238,279,6.2,52,-726
ABaraa,44,238,277,7.1,54,-94
ABaraa,45,235,277,6.4,55,-159
ABaraa,46,233,271,7.1,57,-61
ABaraa,47,236,271,7.7,57,-73
ABaraa,48,228,280,7.2,56,-569
ABaraa,49,225,285,6.5,56,-417
ABaraa,50,224,280,6.4,57,-176
ABaraa,51,223,282,6.5,57,-546
ABaraa,52,221,287,7.0,57,-724
ABaraa,53,223,283,6.9,57,-385
ABaraa,54,226,287,7.1,59,-408
ABaraa,55,228,286,7.0,58,-314
ABaraa,56,231,285,7.0,58,118
ABaraa,57,230,291,6.8,59,-621
ABaraa,58,233,285,6.8,58,-292
ABaraa,59,232,289,7.6,58,-118
ABaraa,60,237,292,7.6,58,116
ABaraa,61,237,295,7.2,56,542
ABaraa,62,242,302,7.2,56,765
ABaraa,63,241,291,8.6,55,-279
ABaraaa,64,222,310,8.6,51,55
ABaraaa,65,216,316,8.9,52,945
ABaraaa,66,212,320,8.8,49,581
ABaraaa,67,212,323,8.8,49,735
ABaraaa,68,210,329,8.7,49,-15
ABaraaa,69,201,329,8.2,49,718
ABaraaa,70,206,325,8.3,50,-239
ABaraaa,71,201,322,8.1,50,523
ABaraaa,72,203,311,7.9,50,600
ABaraaa,73,199,315,7.7,51,531
ABaraaa,74,197,317,7.9,51,972
ABaraaa,75,191,318,7.8,51,1198
ABaraaa,76,187,325,8.8,51,350
ABaraaa,77,189,328,8.9,50,1731
ABaraaa,78,192,327,8.3,50,1397
ABaraaa,79,191,327,8.8,50,1921
ABaraaa,80,190,330,8.9,49,1807
ABaraaa,81,186,330,9.2,49,2390
ABaraaa,82,191,335,9.2,51,1791
ABaraaa,83,194,336,9.8,49,3131
ABaraaa,84,192,335,10.0,49,3386
ABaraaa,85,201,340,9.9,50,3607
ABaraaa,86,198,339,10.0,50,2714
ABaraaa,87,197,337,9.9,50,3211
ABaraaa,88,193,335,9.9,50,4321
ABaraaa,89,185,336,10.0,49,4998
ABaraaa,90,182,333,10.1,49,3371
ABaraaa,91,190,332,9.7,49,7156
ABaraaa,92,188,335,9.5,51,6211
ABaraaa,93,199,334,9.8,49,5199
ABaraaa,94,204,331,9.8,49,6835
ABaraaa,95,210,329,9.8,49,7227
ABaraaa,96,211,325,9.1,42,13926
ABaraaa,97,210,325,8.5,42,9957
ABaraaaa,98,199,316,8.1,34,10976
ABaraaaa,99,193,312,7.2,34,12939
ABaraaaa,100,196,306,6.7,41,6786
ABaraaaa,101,189,305,7.1,40,7989
ABaraaaa,102,180,308,8.1,40,6854
ABaraaaa,103,176,298,7.2,40,9176
ABaraaaa,104,173,292,7.2,41,9267
ABaraaaa,105,167,294,7.2,42,8779
ABaraaaa,106,170,293,7.2,42,10238
ABaraaaa,107,172,308,7.8,42,7002
ABaraaaa,108,172,313,8.0,42,9806
ABaraaaa,109,170,311,8.1,42,10658
ABaraaaa,110,170,318,8.9,42,10869
ABaraaaa,111,173,324,9.0,41,10256
ABaraaaa,112,176,321,9.0,42,10299
ABaraaaa,113,184,321,9.0,42,12687
ABaraaaa,114,182,322,9.1,42,13966
ABaraaaa,115,181,325,9.8,42,13009
ABaraaaa,116,178,326,10.0,42,14311
ABaraaaa,117,173,320,10.0,42,14582
ABaraaaa,118,172,323,10.0,42,14498
ABaraaaa,119,164,315,10.1,42,15982
ABaraaaa,120,161,311,10.0,42,14405
ABaraaaa,121,157,311,10.9,42,14974
ABaraaaa,122,153,308,10.2,42,13122
ABaraaaa,123,147,309,10.8,42,14082
ABaraaaa,124,145,309,10.9,42,13573
ABaraaaa,125,140,305,10.9,42,17121
ABaraaaa,126,140,307,11.1,42,18434
ABaraaaa,127,137,305,11.1,42,16903
ABaraaaa,128,141,308,11.0,42,16673
ABaraaaa,129,142,305,11.1,42,19073
ABaraaaa,130,140,299,11.1,42,18984
ABaraaaa,131,139,301,11.1,42,20563
ABaraaaa,132,141,298,11.9,42,16095
ABaraaaa,133,139,301,11.0,42,15492
ABaraaaa,134,145,303,11.0,41,17559
ABaraaaa,135,144,303,10.3,43,18078
ABaraaaa,136,151,312,11.1,43,21155
ABaraaaa,137,151,315,11.3,42,18017
ABaraaaa,138,147,319,12.1,43,18890
ABaraaaa,139,145,320,12.2,42,22343
ABaraaaa,140,135,311,12.0,41,22682
ABaraaaa,141,138,309,12.0,41,22274
ABaraaaa,142,139,307,11.3,41,21920
ABaraaaa,143,135,295,12.1,39,26597
ABaraaaa,144,142,288,11.2,39,27908
ABaraaaa,145,146,285,11.1,39,28709
ABaraaaa,146,150,278,11.0,34,35223
ABaraaaa,147,156,274,11.0,34,31849
ABaraaaa,148,156,274,10.3,36,34189
ABaraaaaa,149,140,260,12.0,34,21648
ABaraaaaa,150,136,256,12.0,34,24697
ABaraaaaa,151,135,253,12.1,34,22039
ABaraaaaa,152,137,254,12.0,34,22419
ABaraaaaa,153,138,252,11.5,36,21162
ABaraaaaa,154,136,248,12.3,36,17576
ABaraaaaa,155,135,251,12.4,38,15827
ABaraaaaa,156,132,252,12.4,36,19286
ABaraaaaa,157,134,254,12.2,36,15465
ABaraaaaa,158,134,250,12.0,36,14040
ABaraaaaa,159,134,248,12.2,36,14548
ABaraaaaa,160,136,245,12.2,36,11526
ABaraaaaa,161,134,255,12.0,37,17362
ABaraaaaa,162,135,261,11.3,37,19616
ABaraaaaa,163,135,268,11.0,37,18028
ABaraaaaa,164,134,264,11.2,37,18103
ABaraaaaa,165,139,270,11.2,37,16911
ABaraaaaa,166,135,265,11.1,37,18445
ABaraaaaa,167,135,266,11.1,37,18683
ABaraaaaa,168,132,262,10.6,37,21169
ABaraaaaa,169,131,255,11.3,37,20350
ABaraaaaa,170,132,261,11.2,37,21996
ABaraaaaa,171,139,253,10.9,35,21789
ABaraaaaa,172,137,253,10.2,37,22856
ABaraaaaa,173,139,259,10.0,35,19911
ABaraaaaa,174,136,257,10.0,35,20137
ABaraaaaa,175,141,259,10.1,35,21288
ABaraaaaa,176,140,256,10.2,37,20803
ABaraaaaa,177,139,261,11.1,37,20687
ABaraaaaa,178,140,260,11.1,39,19576
ABaraaaaa,179,137,262,11.1,37,23892
ABaraaaaa,180,133,265,10.5,37,14225
ABaraaaaa,181,131,267,10.6,37,25835
ABaraaaaa,182,132,258,11.0,36,22048
ABaraaaaa,183,131,256,10.4,36,24210
ABaraaaaa,184,131,260,10.4,35,23201
ABaraaaaa,185,133,261,11.2,36,20022
ABaraaaaa,186,133,266,11.0,35,25306
ABaraaaaa,187,128,268,11.1,34,25046
ABaraaaaa,188,127,270,10.5,31,20895
ABaraaaaa,189,127,271,10.4,34,27224
ABaraaaaa,190,121,268,11.1,31,25765
ABaraaaaa,191,117,264,12.0,34,26744
ABaraaaaa,192,119,264,11.3,31,24066
ABaraaaaa,193,118,264,11.3,34,21637
ABaraaaaa,194,118,264,12.2,31,19150
ABaraaaaa,195,128,269,11.1,34,20053
ABaraaaaa,196,126,273,10.4,31,17892
ABaraaaaa,197,128,278,10.4,34,21373
ABaraaaaa,198,129,276,11.1,31,18016
ABaraaaaa,199,130,271,11.2,34,19729
ABaraaaaa,200,128,271,11.1,31,19623
ABaraaaaa,201,132,269,10.3,34,24027
ABaraaaaa,202,136,271,10.4,31,23977
ABaraaaaa,203,138,272,10.1,34,23630
ABaraaaaa,204,139,278,10.0,34,22280
ABaraaaaa,205,141,273,10.1,31,28322
ABaraaaaa,206,142,276,9.4,32,32437
ABaraaaaaa,207,135,245,10.8,29,18601
ABaraaaaaa,208,132,248,10.0,30,20088
ABaraaaaaa,209,129,248,10.2,31,15909
ABaraaaaaa,210,131,243,9.9,30,18962
ABaraaaaaa,211,128,247,9.4,31,15448
ABaraaaaaa,212,126,246,9.8,30,15214
ABaraaaaaa,213,124,243,9.9,29,22019
ABaraaaaaa,214,125,247,9.8,30,12511
ABaraaaaaa,215,126,251,9.6,31,19648
ABaraaaaaa,216,125,250,9.4,32,18604
ABaraaaaaa,217,127,250,9.2,31,18495
ABaraaaaaa,218,126,249,9.4,32,15129
ABaraaaaaa,219,125,249,9.4,31,17534
ABaraaaaaa,220,130,245,9.8,30,16032
ABaraaaaap,207,140,279,10.1,29,21894
ABaraaaaap,208,140,282,10.1,30,16496
ABaraaaaap,209,136,282,9.5,31,20585
ABaraaaaap,210,140,279,9.2,30,20854
ABaraaaaap,211,146,280,9.1,26,17528
ABaraaaaap,212,145,282,8.4,26,19911
ABaraaaaap,213,146,284,9.2,31,14881
ABaraaaaap,214,144,286,9.1,26,23142
ABaraaaaap,215,150,289,9.1,31,13991
ABaraaaaap,216,144,282,8.4,32,14251
ABaraaaaap,217,145,281,8.4,31,16313
ABaraaaaap,218,145,282,8.5,32,17649
ABaraaaaap,219,148,286,8.5,31,16335
ABaraaaaap,220,148,284,8.9,30,13770
ABaraaaap,149,177,281,10.9,34,20263
ABaraaaap,150,178,275,11.0,34,17149
ABaraaaap,151,175,272,11.8,34,17486
ABaraaaap,152,173,271,11.2,34,19354
ABaraaaap,153,175,276,11.9,34,14035
ABaraaaap,154,179,272,12.1,36,17193
ABaraaaap,155,178,268,12.2,36,16979
ABaraaaap,156,175,267,12.1,36,15770
ABaraaaap,157,177,267,12.1,36,17040
ABaraaaap,158,174,267,11.4,36,17576
ABaraaaap,159,171,268,12.2,34,18082
ABaraaaap,160,175,268,12.4,36,17379
ABaraaaap,161,179,269,12.5,37,15840
ABaraaaap,162,179,269,12.4,37,19320
ABaraaaap,163,178,273,12.4,37,14902
ABaraaaap,164,174,276,12.4,37,16858
ABaraaaap,165,175,276,12.5,37,18562
ABaraaaap,166,176,269,13.2,39,15417
ABaraaaap,167,172,273,13.0,37,20104
ABaraaaap,168,165,278,13.1,39,18928
ABaraaaap,169,164,279,13.2,39,19499
ABaraaaap,170,168,278,13.1,39,18494
ABaraaaap,171,168,278,12.4,37,16744
ABaraaaap,172,168,279,12.5,37,19647
ABaraaaap,173,173,281,12.3,37,21214
ABaraaaap,174,171,276,13.0,39,21499
ABaraaaap,175,171,275,13.1,39,17916
ABaraaaap,176,168,270,13.0,37,20517
ABaraaaap,177,167,269,13.2,37,22082
ABaraaaap,178,167,272,13.1,37,20615
ABaraaaap,179,169,272,13.2,39,17518
ABaraaaap,180,166,272,13.1,39,17892
ABaraaaap,181,165,267,12.5,37,21876
ABaraaaap,182,164,267,12.4,36,18333
ABaraaaap,183,166,267,12.1,36,21866
ABaraaaap,184,166,268,12.0,37,20605
ABaraaaap,185,172,269,12.1,36,18737
ABaraaaap,186,171,271,12.3,35,22967
ABaraaaap,187,163,272,13.1,34,20236
ABaraaaap,188,163,273,12.3,31,25203
ABaraaaap,189,162,276,12.2,34,22038
ABaraaaap,190,160,268,13.2,31,19109
ABaraaaap,191,159,268,13.5,34,18398
ABaraaaap,192,156,261,14.2,31,20235
ABaraaaap,193,161,262,15.0,34,19460
ABaraaaap,194,167,263,15.0,31,18108
ABaraaaap,195,171,262,14.2,34,21326
ABaraaaap,196,170,260,14.2,31,20552
ABaraaaap,197,167,261,14.2,34,23689
ABaraaaap,198,161,262,14.1,31,18411
ABaraaaap,199,158,261,14.2,34,23477
ABaraaaap,200,157,258,13.4,31,17692
ABaraaaap,201,158,253,14.1,34,20837
ABaraaaap,202,159,252,14.0,31,17449
ABaraaaap,203,159,252,14.0,34,20713
ABaraaaap,204,161,254,14.1,34,18644
ABaraaaap,205,163,250,14.1,31,30896
ABaraaaap,206,163,254,13.3,34,22266
ABaraaaap,207,161,250,13.4,31,28978
ABaraaaap,208,159,251,13.3,32,21650
ABaraaaap,209,153,252,13.4,31,30032
ABaraaaap,210,158,250,13.4,34,26704
ABaraaaapa,211,145,249,12.4,31,15837
ABaraaaapa,212,143,252,12.2,30,17633
ABaraaaapa,213,141,256,12.5,31,18088
ABaraaaapa,214,141,260,12.3,34,13843
ABaraaaapa,215,141,262,13.0,31,12418
ABaraaaapa,216,142,263,12.4,34,10645
ABaraaaapa,217,147,260,12.3,31,15721
ABaraaaapa,218,143,258,12.2,34,9196
ABaraaaapa,219,143,260,12.4,31,17012
ABaraaaapa,220,147,259,12.2,34,12192
ABaraaaapp,211,168,242,15.2,31,18598
ABaraaaapp,212,172,243,15.3,32,16987
ABaraaaapp,213,173,248,15.3,31,17895
ABaraaaapp,214,170,249,15.8,30,19716
ABaraaaapp,215,170,251,16.0,31,16938
ABaraaaapp,216,172,252,16.0,30,18821
ABaraaaapp,217,177,249,15.4,31,17359
ABaraaaapp,218,174,250,16.0,30,19707
ABaraaaapp,219,176,251,15.5,31,15072
ABaraaaapp,220,175,251,15.4,32,18754
ABaraaap,98,233,336,10.1,36,8187
ABaraaap,99,228,331,10.2,38,9535
ABaraaap,100,232,326,10.0,41,7789
ABaraaap,101,232,323,10.9,40,4707
ABaraaap,102,236,329,10.3,42,5566
ABaraaap,103,230,326,11.0,42,7413
ABaraaap,104,224,323,10.4,43,6616
ABaraaap,105,219,324,10.9,42,6079
ABaraaap,106,219,323,10.9,42,7769
ABaraaap,107,227,325,10.5,44,5861
ABaraaap,108,226,327,11.0,42,7870
ABaraaap,109,226,329,11.1,44,7613
ABaraaap,110,226,334,11.2,44,7562
ABaraaap,111,231,338,11.2,45,11109
ABaraaap,112,230,342,10.9,42,10619
ABaraaap,113,233,343,10.4,44,8385
ABaraaap,114,231,345,10.4,44,9874
ABaraaap,115,235,347,10.4,46,8382
ABaraaap,116,233,346,10.1,44,9064
ABaraaap,117,227,340,9.4,44,10456
ABaraaap,118,220,336,9.4,44,9934
ABaraaap,119,208,334,9.3,44,9801
ABaraaap,120,203,332,9.1,44,11555
ABaraaap,121,195,329,9.0,42,11668
ABaraaap,122,191,326,8.3,44,10305
ABaraaap,123,192,326,8.1,44,10565
ABaraaap,124,190,327,8.0,44,9325
ABaraaap,125,184,324,8.3,46,9858
ABaraaap,126,180,327,8.4,44,9764
ABaraaap,127,179,327,9.0,46,12732
ABaraaap,128,185,326,9.0,46,13334
ABaraaap,129,184,327,9.0,46,12288
ABaraaap,130,176,326,9.1,46,15404
ABaraaap,131,177,330,9.2,44,15625
ABaraaap,132,177,329,10.1,46,15540
ABaraaap,133,182,326,10.1,46,14801
ABaraaap,134,189,327,10.1,45,16097
ABaraaap,135,193,326,10.2,43,18539
ABaraaap,136,194,327,11.0,39,15693
ABaraaap,137,210,336,11.0,40,20679
ABaraaap,138,195,334,11.9,39,19063
ABaraaapa,139,188,329,11.9,38,10922
ABaraaapa,140,173,327,11.1,35,18719
ABaraaapa,141,171,324,10.9,37,10085
ABaraaapa,142,175,322,10.1,37,12363
ABaraaapa,143,165,327,10.3,37,14533
ABaraaapa,144,170,319,10.1,39,12905
ABaraaapa,145,164,320,10.1,39,15467
ABaraaapa,146,162,324,10.1,38,15170
ABaraaapa,147,162,322,9.3,38,11197
ABaraaapa,148,166,325,9.3,36,16077
ABaraaapa,149,166,324,9.4,38,15182
ABaraaapa,150,166,321,9.5,36,14529
ABaraaapa,151,167,320,10.3,36,14077
ABaraaapa,152,164,316,10.3,38,13039
ABaraaapa,153,164,314,10.3,38,13912
ABaraaapa,154,164,308,10.2,38,15883
ABaraaapa,155,160,301,10.1,38,16584
ABaraaapa,156,158,303,10.2,38,14557
ABaraaapa,157,157,305,10.3,38,15873
ABaraaapa,158,154,306,10.0,38,16684
ABaraaapa,159,153,305,9.4,38,17449
ABaraaapa,160,155,305,10.0,38,14309
ABaraaapa,161,155,306,10.1,39,13083
ABaraaapa,162,161,308,10.1,39,14806
ABaraaapa,163,160,311,10.2,39,15975
ABaraaapa,164,158,310,10.3,39,14822
ABaraaapa,165,158,314,10.2,39,16035
ABaraaapa,166,157,310,10.2,39,15884
ABaraaapa,167,160,314,10.2,39,14572
ABaraaapa,168,159,313,10.1,39,14654
ABaraaapa,169,158,309,9.4,39,13938
ABaraaapa,170,159,309,9.5,39,16546
ABaraaapa,171,157,307,9.4,39,16505
ABaraaapa,172,158,305,9.4,39,13993
ABaraaapa,173,165,305,9.2,39,13006
ABaraaapa,174,163,301,9.1,39,13524
ABaraaapa,175,165,303,8.5,39,15636
ABaraaapa,176,164,298,8.3,39,13196
ABaraaapa,177,162,290,9.0,39,10498
ABaraaapa,178,161,289,8.4,39,16014
ABaraaapa,179,164,285,8.4,39,16434
ABaraaapa,180,165,282,8.2,39,17356
ABaraaapa,181,164,278,8.2,39,13822
ABaraaapa,182,159,276,7.5,38,14266
ABaraaapa,183,159,274,7.4,38,14091
ABaraaapa,184,161,276,8.0,37,16149
ABaraaapa,185,163,273,7.4,34,13779
ABaraaapa,186,167,279,8.1,35,21369
ABaraaapa,187,167,274,9.0,30,21602
ABaraaapa,188,160,278,9.0,31,25208
ABaraaapa,189,157,275,8.9,30,23109
ABaraaapaa,190,143,272,9.1,26,13954
ABaraaapaa,191,135,271,9.9,30,15440
ABaraaapaa,192,137,270,9.3,26,20998
ABaraaapaa,193,137,271,10.0,30,17348
ABaraaapaa,194,137,268,9.5,30,10309
ABaraaapaa,195,137,265,8.9,30,15979
ABaraaapaa,196,137,262,8.4,31,12762
ABaraaapaa,197,135,264,8.1,32,16075
ABaraaapaa,198,133,263,8.4,31,16546
ABaraaapaa,199,138,264,8.3,26,19306
ABaraaapaa,200,138,263,8.2,31,13964
ABaraaapaa,201,141,257,8.2,32,16565
ABaraaapaa,202,149,254,8.2,31,15989
ABaraaapaa,203,154,252,8.1,30,14198
ABaraaapaa,204,155,248,8.1,30,11293
ABaraaapaa,205,156,238,9.0,31,13574
ABaraaapaa,206,158,238,9.0,34,11685
ABaraaapaa,207,162,229,9.1,31,14176
ABaraaapaa,208,160,234,9.1,30,15137
ABaraaapaa,209,157,239,8.5,31,18847
ABaraaapaa,210,160,240,9.0,30,13734
ABaraaapaa,211,157,241,8.5,31,17665
ABaraaapaa,212,162,244,9.1,32,12703
ABaraaapaa,213,160,246,9.3,31,12895
ABaraaapaa,214,161,252,10.1,32,12112
ABaraaapaa,215,160,253,10.4,31,14940
ABaraaapaa,216,161,256,10.2,32,15037
ABaraaapaa,217,163,256,10.2,31,11424
ABaraaapaa,218,162,257,10.1,32,9720
ABaraaapaa,219,159,259,10.1,31,14356
ABaraaapaa,220,161,260,10.2,34,13213
ABaraaapap,190,172,279,8.0,29,12562
ABaraaapap,191,179,279,7.8,30,19619
ABaraaapap,192,175,279,7.3,31,12572
ABaraaapap,193,175,280,7.4,34,6964
ABaraaapap,194,170,274,8.0,31,9721
ABaraaapap,195,174,269,7.0,34,7144
ABaraaapap,196,173,271,6.3,31,8329
ABaraaapap,197,176,270,7.1,34,5856
ABaraaapap,198,176,267,7.3,31,6988
ABaraaapap,199,177,263,8.0,34,9442
ABaraaapap,200,177,262,7.4,31,13440
ABaraaapap,201,179,263,8.1,32,9796
ABaraaapap,202,184,265,8.1,31,11668
ABaraaapap,203,184,265,8.2,31,11744
ABaraaapap,204,184,265,8.4,31,11388
ABaraaapap,205,183,265,8.5,31,8595
ABaraaapap,206,183,265,8.7,31,9739
ABaraaapap,207,183,264,8.8,31,9291
ABaraaapap,208,182,264,9.0,31,9784
ABaraaapap,209,182,264,9.1,31,6708
ABaraaapap,210,182,264,9.3,31,7664
ABaraaapap,211,181,263,9.4,31,11098
ABaraaapap,212,183,267,9.3,34,14913
ABaraaapap,213,184,270,10.0,31,8904
ABaraaapap,214,184,274,10.0,34,12214
ABaraaapap,215,185,276,10.1,31,10695
ABaraaapap,216,186,277,10.1,34,10316
ABaraaapap,217,186,280,10.2,31,9283
ABaraaapap,218,184,279,10.1,34,11651
ABaraaapap,219,189,278,10.2,31,11133
ABaraaapap,220,188,281,10.1,34,13759
ABaraaapp,139,220,336,10.1,36,14097
ABaraaapp,140,224,342,10.1,37,15389
ABaraaapp,141,223,339,10.0,37,15009
ABaraaapp,142,228,345,10.0,37,12262
ABaraaapp,143,225,344,10.0,35,16370
ABaraaapp,144,226,345,9.4,37,12307
ABaraaapp,145,224,345,9.1,37,19030
ABaraaapp,146,225,345,9.2,36,18024
ABaraaapp,147,225,346,9.9,34,19712
ABaraaapp,148,228,342,9.2,36,16452
ABaraaapp,149,227,342,9.2,36,15332
ABaraaapp,150,223,347,9.4,38,14872
ABaraaapp,151,220,348,9.3,38,14630
ABaraaapp,152,217,342,9.2,38,15461
ABaraaapp,153,214,342,9.4,36,15113
ABaraaapp,154,212,345,9.5,36,16273
ABaraaapp,155,211,340,9.0,36,15311
ABaraaapp,156,204,337,8.3,36,17639
ABaraaapp,157,205,336,8.3,36,15414
ABaraaapp,158,201,336,8.1,38,14818
ABaraaapp,159,200,335,8.1,36,15317
ABaraaapp,160,199,333,7.5,36,15599
ABaraaapp,161,197,331,7.5,37,16300
ABaraaapp,162,201,332,7.6,39,18013
ABaraaapp,163,201,333,8.1,35,19175
ABaraaapp,164,198,334,8.2,37,15553
ABaraaapp,165,200,331,8.2,37,15248
ABaraaapp,166,198,328,8.2,37,15813
ABaraaapp,167,197,330,7.5,37,16911
ABaraaapp,168,198,327,7.4,37,17880
ABaraaapp,169,201,328,7.5,37,17223
ABaraaapp,170,201,329,7.6,37,17454
ABaraaapp,171,201,327,7.5,37,17609
ABaraaapp,172,200,325,7.4,39,15297
ABaraaapp,173,205,329,7.8,35,16447
ABaraaapp,174,205,327,7.3,37,20342
ABaraaapp,175,208,324,6.5,37,14589
ABaraaapp,176,206,322,6.5,37,15420
ABaraaapp,177,204,320,6.6,37,15289
ABaraaapp,178,200,317,7.1,37,14438
ABaraaapp,179,196,317,7.0,37,16187
ABaraaapp,180,192,317,7.0,37,15981
ABaraaapp,181,186,317,7.2,37,16172
ABaraaapp,182,186,315,7.2,36,16024
ABaraaapp,183,194,311,7.2,36,17263
ABaraaapp,184,197,313,7.1,37,17675
ABaraaapp,185,197,315,7.2,36,17646
ABaraaapp,186,198,320,7.2,35,18524
ABaraaapp,187,192,310,7.1,34,15648
ABaraaapp,188,195,308,7.2,31,21311
ABaraaapp,189,196,310,7.1,34,17799
ABaraaapp,190,198,311,7.1,31,19558
ABaraaapp,191,190,315,7.2,34,18808
ABaraaapp,192,180,317,7.1,31,18405
ABaraaapp,193,174,315,7.3,34,21187
ABaraaapp,194,167,307,8.1,31,21642
ABaraaapp,195,168,305,8.2,32,24983
ABaraaapp,196,176,307,8.0,29,23607
ABaraaapp,197,179,309,8.0,30,25407
ABaraaapp,198,182,308,8.0,29,28442
ABaraaapp,199,184,305,8.0,30,27878
ABaraaappa,200,170,300,7.9,29,17267
ABaraaappa,201,163,299,7.9,30,17304
ABaraaappa,202,162,297,7.9,29,16274
ABaraaappa,203,163,299,7.9,30,11304
ABaraaappa,204,160,299,8.0,30,20348
ABaraaappa,205,160,294,7.5,31,16121
ABaraaappa,206,164,299,7.8,30,15973
ABaraaappa,207,158,295,8.0,29,16423
ABaraaappa,208,157,298,7.9,30,15918
ABaraaappa,209,154,296,7.9,29,13719
ABaraaappa,210,155,295,7.8,30,15785
ABaraaappa,211,158,295,7.4,31,14342
ABaraaappa,212,159,297,7.4,32,15137
ABaraaappa,213,158,295,7.3,26,19572
ABaraaappa,214,155,299,7.5,32,16402
ABaraaappa,215,155,299,7.5,32,14617
ABaraaappa,216,158,300,7.3,32,14120
ABaraaappa,217,161,301,7.5,31,17766
ABaraaappa,218,164,300,7.2,30,17272
ABaraaappa,219,163,302,7.3,31,12275
ABaraaappa,220,160,302,7.5,32,15781
ABaraaappp,200,197,310,7.9,29,18514
ABaraaappp,201,199,309,7.9,30,16368
ABaraaappp,202,196,309,8.0,29,12433
ABaraaappp,203,196,310,7.8,30,14184
ABaraaappp,204,188,311,7.1,30,15766
ABaraaappp,205,190,308,7.2,31,17193
ABaraaappp,206,193,310,7.0,30,16256
ABaraaappp,207,188,308,7.4,31,17808
ABaraaappp,208,187,311,8.0,32,13054
ABaraaappp,209,184,304,7.4,31,14453
ABaraaappp,210,183,307,7.4,32,12164
ABaraaappp,211,187,302,7.4,31,12748
ABaraaappp,212,190,301,7.2,34,10467
ABaraaappp,213,188,301,7.1,31,12062
ABaraaappp,214,186,301,7.3,32,10609
ABaraaappp,215,190,300,7.5,31,16469
ABaraaappp,216,186,296,7.4,32,15259
ABaraaappp,217,190,299,7.3,31,12472
ABaraaappp,218,195,304,7.2,32,12885
ABaraaappp,219,192,304,7.1,31,10237
ABaraaappp,220,194,301,6.9,30,10875
ABaraap,64,245,277,8.1,35,-584
ABaraap,65,248,264,7.4,38,-338
ABaraap,66,252,266,7.7,49,-1008
ABaraap,67,258,269,7.3,49,536
ABaraap,68,267,263,7.8,49,955
ABaraap,69,274,257,7.2,49,1196
ABaraap,70,271,253,7.0,48,831
ABaraap,71,269,252,7.0,50,724
ABaraap,72,273,258,6.9,50,723
ABaraap,73,274,256,7.2,51,1542
ABaraap,74,268,257,7.1,51,1730
ABaraap,75,267,271,6.9,51,2044
ABaraap,76,257,286,6.9,51,1701
ABaraap,77,256,291,6.9,50,2009
ABaraap,78,253,293,6.9,50,481
ABaraap,79,252,295,6.9,50,1386
ABaraap,80,253,297,6.9,49,1406
ABaraap,81,252,302,7.1,49,3423
ABaraap,82,258,305,7.0,49,2563
ABaraap,83,256,304,6.8,49,2518
ABaraap,84,255,306,6.9,49,3471
ABaraap,85,256,305,6.9,50,3121
ABaraap,86,256,311,6.8,50,3377
ABaraap,87,250,312,6.8,50,4417
ABaraap,88,248,311,6.4,50,4837
ABaraap,89,243,311,6.8,49,4705
ABaraap,90,244,300,6.8,49,4741
ABaraap,91,243,297,6.8,49,5840
ABaraap,92,242,300,7.2,49,6822
ABaraap,93,246,292,7.2,49,6771
ABaraap,94,252,290,7.2,49,5957
ABaraap,95,253,288,7.1,49,8360
ABaraap,96,262,285,7.1,38,10068
ABaraapa,97,244,296,6.3,34,9480
ABaraapa,98,245,299,6.3,34,11303
ABaraapa,99,245,295,6.3,38,7093
ABaraapa,100,244,289,6.1,41,5253
ABaraapa,101,230,288,6.0,40,7033
ABaraapa,102,222,293,6.0,40,7971
ABaraapa,103,218,288,6.1,40,7903
ABaraapa,104,218,285,6.1,41,8444
ABaraapa,105,213,288,6.1,42,7011
ABaraapa,106,213,286,5.9,42,8631
ABaraapa,107,213,297,6.2,42,9023
ABaraapa,108,213,302,6.2,42,8641
ABaraapa,109,209,303,6.8,42,7857
ABaraapa,110,206,303,6.8,42,9228
ABaraapa,111,211,309,6.3,43,9100
ABaraapa,112,217,314,6.2,42,10788
ABaraapa,113,221,313,6.2,42,8979
ABaraapa,114,219,311,6.1,42,10976
ABaraapa,115,215,315,6.2,42,11650
ABaraapa,116,208,315,6.7,42,11509
ABaraapa,117,204,307,6.2,42,13515
ABaraapa,118,198,302,6.2,44,7599
ABaraapa,119,192,290,6.8,42,11529
ABaraapa,120,184,280,6.9,42,12614
ABaraapa,121,183,276,6.5,44,12679
ABaraapa,122,180,272,7.1,42,12741
ABaraapa,123,176,272,7.1,44,10401
ABaraapa,124,178,270,7.1,44,12114
ABaraapa,125,175,269,7.0,44,11111
ABaraapa,126,179,273,6.9,42,10474
ABaraapa,127,181,274,6.4,44,12293
ABaraapa,128,179,269,7.1,44,14577
ABaraapa,129,179,272,7.0,42,13112
ABaraapa,130,179,271,7.1,44,12714
ABaraapa,131,177,271,7.0,42,14098
ABaraapa,132,173,271,7.9,42,16112
ABaraapa,133,173,271,7.9,42,14008
ABaraapa,134,179,271,7.3,43,19139
ABaraapa,135,179,273,7.4,43,20306
ABaraapa,136,179,277,8.0,41,16824
ABaraapa,137,177,276,9.0,40,18672
ABaraapaa,138,160,288,9.7,39,13660
ABaraapaa,139,160,292,9.1,34,14482
ABaraapaa,140,162,284,8.9,37,14661
ABaraapaa,141,167,278,8.9,37,12297
ABaraapaa,142,167,279,8.4,35,13948
ABaraapaa,143,164,277,8.9,35,12571
ABaraapaa,144,165,275,8.3,37,14080
ABaraapaa,145,163,274,7.4,37,11387
ABaraapaa,146,166,270,7.2,36,14693
ABaraapaa,147,170,268,6.3,36,14608
ABaraapaa,148,169,269,6.9,34,16038
ABaraapaa,149,168,267,7.1,36,12107
ABaraapaa,150,161,271,7.4,36,15169
ABaraapaa,151,157,270,8.0,36,15620
ABaraapaa,152,157,269,8.0,36,13401
ABaraapaa,153,157,270,8.2,36,14222
ABaraapaa,154,158,265,8.2,34,16763
ABaraapaa,155,160,260,8.3,36,13093
ABaraapaa,156,158,257,9.0,34,13379
ABaraapaa,157,162,252,9.1,36,14964
ABaraapaa,158,165,250,9.1,36,14463
ABaraapaa,159,168,248,9.1,36,10979
ABaraapaa,160,168,247,9.3,36,13213
ABaraapaa,161,168,248,9.8,35,19031
ABaraapaa,162,170,243,10.0,39,12117
ABaraapaa,163,171,242,10.2,37,15289
ABaraapaa,164,168,243,10.1,37,16259
ABaraapaa,165,174,244,10.2,37,15797
ABaraapaa,166,174,246,10.4,37,14064
ABaraapaa,167,174,247,10.4,37,15375
ABaraapaa,168,169,247,10.3,39,15032
ABaraapaa,169,165,247,10.3,37,16249
ABaraapaa,170,171,243,10.5,39,16855
ABaraapaa,171,178,240,10.5,37,18653
ABaraapaa,172,173,241,10.4,39,17729
ABaraapaa,173,181,246,11.0,39,14082
ABaraapaa,174,181,246,10.3,37,14170
ABaraapaa,175,186,245,11.0,39,13421
ABaraapaa,176,186,245,10.4,39,14108
ABaraapaa,177,181,241,11.1,39,16214
ABaraapaa,178,182,242,11.1,39,13294
ABaraapaa,179,181,240,11.4,37,13999
ABaraapaa,180,179,239,11.5,37,13863
ABaraapaa,181,177,236,11.3,39,13324
ABaraapaa,182,173,228,11.5,38,16309
ABaraapaa,183,169,226,12.1,38,15139
ABaraapaa,184,160,230,12.1,37,19913
ABaraapaa,185,159,231,11.4,36,15883
ABaraapaa,186,158,237,11.3,35,15768
ABaraapaa,187,159,236,12.0,34,16979
ABaraapaa,188,159,237,11.4,31,17717
ABaraapaa,189,160,238,11.3,34,15712
ABaraapaa,190,159,233,11.3,31,19573
ABaraapaa,191,154,234,12.1,34,17175
ABaraapaa,192,154,232,12.1,31,21364
ABaraapaa,193,154,234,13.0,30,16673
ABaraapaa,194,154,231,13.0,29,28239
ABaraapaaa,195,143,232,12.0,30,16422
ABaraapaaa,196,135,227,11.1,29,22337
ABaraapaaa,197,139,230,11.1,30,13884
ABaraapaaa,198,141,229,11.1,29,17186
ABaraapaaa,199,139,226,11.2,30,13335
ABaraapaaa,200,140,225,11.0,29,17960
ABaraapaaa,201,143,220,11.8,30,17299
ABaraapaaa,202,143,220,11.1,31,14148
ABaraapaaa,203,144,222,11.1,30,11920
ABaraapaaa,204,147,222,11.2,32,14405
ABaraapaaa,205,151,221,11.2,31,14706
ABaraapaaa,206,151,220,11.0,34,10552
ABaraapaaa,207,154,210,11.4,31,15966
ABaraapaaa,208,152,214,11.2,34,10293
ABaraapaaa,209,154,217,11.1,31,11783
ABaraapaaa,210,156,213,10.4,34,10861
ABaraapaaa,211,158,215,11.3,31,17068
ABaraapaaa,212,161,217,11.4,34,7824
ABaraapaaa,213,161,222,12.3,31,13888
ABaraapaaa,214,160,227,12.3,34,11189
ABaraapaaa,215,159,227,12.4,31,11785
ABaraapaaa,216,159,230,12.3,34,11040
ABaraapaaa,217,164,227,12.1,31,15949
ABaraapaaa,218,163,230,12.1,34,10457
ABaraapaaa,219,162,231,12.0,31,9274
ABaraapaaa,220,164,227,12.3,34,9776
ABaraapaap,195,169,234,13.0,30,15266
ABaraapaap,196,176,230,12.1,29,13509
ABaraapaap,197,180,234,12.1,30,14918
ABaraapaap,198,183,232,12.2,31,11145
ABaraapaap,199,181,234,13.1,30,11059
ABaraapaap,200,184,234,12.4,31,10915
ABaraapaap,201,187,230,13.1,34,13346
ABaraapaap,202,186,224,13.1,31,10133
ABaraapaap,203,187,225,12.3,34,8721
ABaraapaap,204,188,227,12.3,32,12070
ABaraapaap,205,190,223,12.3,31,11801
ABaraapaap,206,191,223,12.2,34,8700
ABaraapaap,207,193,222,11.5,31,11715
ABaraapaap,208,191,225,12.0,32,8027
ABaraapaap,209,187,229,11.5,31,11666
ABaraapaap,210,191,229,11.6,34,7593
ABaraapaap,211,191,229,12.2,31,10106
ABaraapaap,212,192,227,12.2,32,8484
ABaraapaap,213,194,231,12.3,31,12485
ABaraapaap,214,192,228,12.4,32,13131
ABaraapaap,215,193,230,12.3,31,10044
ABaraapaap,216,194,230,13.1,34,8291
ABaraapaap,217,194,229,13.0,31,10550
ABaraapaap,218,193,231,12.3,34,9903
ABaraapaap,219,194,231,13.1,31,10333
ABaraapaap,220,195,232,13.1,34,12691
ABaraapap,138,181,272,8.1,28,24010
ABaraapap,139,188,262,8.0,34,15849
ABaraapap,140,190,255,7.1,35,15478
ABaraapap,141,190,251,7.1,37,12586
ABaraapap,142,196,251,7.0,37,15017
ABaraapap,143,200,250,7.0,37,11719
ABaraapap,144,209,248,6.6,37,12965
ABaraapap,145,210,246,7.0,35,13871
ABaraapap,146,210,247,7.3,36,13161
ABaraapap,147,212,250,7.3,36,13233
ABaraapap,148,211,246,7.3,36,12982
ABaraapap,149,211,249,6.6,36,13486
ABaraapap,150,205,252,6.4,38,13105
ABaraapap,151,201,249,6.6,36,16965
ABaraapap,152,202,247,7.1,38,14696
ABaraapap,153,199,249,7.2,36,11758
ABaraapap,154,203,248,7.1,36,15225
ABaraapap,155,205,247,7.3,36,13110
ABaraapap,156,205,243,7.5,36,12537
ABaraapap,157,206,242,8.1,36,10811
ABaraapap,158,208,245,9.1,36,11095
ABaraapap,159,210,245,9.2,36,11760
ABaraapap,160,212,245,9.3,38,13027
ABaraapap,161,216,247,10.2,39,12998
ABaraapap,162,217,244,10.2,39,13166
ABaraapap,163,214,242,10.4,39,12085
ABaraapap,164,210,243,11.0,39,12365
ABaraapap,165,212,246,11.3,39,15119
ABaraapap,166,211,247,11.2,39,15234
ABaraapap,167,212,248,11.2,39,13304
ABaraapap,168,209,248,11.2,39,12558
ABaraapap,169,206,245,11.3,39,12879
ABaraapap,170,212,245,11.2,39,15756
ABaraapap,171,217,241,11.3,39,15305
ABaraapap,172,215,239,11.3,39,17624
ABaraapap,173,222,239,12.0,39,14460
ABaraapap,174,222,241,12.2,39,15275
ABaraapap,175,220,243,13.0,39,10920
ABaraapap,176,215,243,12.2,39,15541
ABaraapap,177,220,238,12.2,37,16559
ABaraapap,178,219,233,12.1,39,15864
ABaraapap,179,218,228,12.1,39,13660
ABaraapap,180,217,227,12.1,39,13605
ABaraapap,181,214,225,12.2,39,12783
ABaraapap,182,215,228,13.1,38,12677
ABaraapap,183,212,229,12.3,36,14730
ABaraapap,184,208,232,12.3,37,14524
ABaraapap,185,206,227,12.3,36,14421
ABaraapap,186,204,227,12.3,35,14346
ABaraapap,187,206,224,13.0,30,21398
ABaraapap,188,212,223,12.2,31,21175
ABaraapap,189,215,220,13.0,30,18955
ABaraapap,190,220,219,13.0,29,21011
ABaraapapa,191,195,217,13.0,30,10815
ABaraapapa,192,193,214,13.0,29,15029
ABaraapapa,193,196,213,12.9,30,10845
ABaraapapa,194,201,216,12.2,31,12093
ABaraapapa,195,205,218,12.1,30,12033
ABaraapapa,196,206,213,12.2,31,9403
ABaraapapa,197,208,215,12.2,34,7763
ABaraapapa,198,209,215,12.2,31,10741
ABaraapapa,199,206,212,13.0,34,9976
ABaraapapa,200,210,213,13.1,31,9629
ABaraapapa,201,213,214,13.1,34,4290
ABaraapapa,202,213,214,12.4,31,7653
ABaraapapa,203,212,215,13.2,34,6186
ABaraapapa,204,217,211,13.3,34,5602
ABaraapapa,205,218,209,13.3,31,7002
ABaraapapa,206,215,212,13.3,34,6908
ABaraapapa,207,217,210,13.1,31,8473
ABaraapapa,208,215,211,13.2,34,2989
ABaraapapa,209,212,215,13.1,31,6860
ABaraapapa,210,215,212,13.2,34,9329
ABaraapapa,211,221,208,13.1,31,5446
ABaraapapa,212,223,209,13.0,34,6021
ABaraapapa,213,218,210,12.3,31,8179
ABaraapapa,214,220,210,13.0,34,7470
ABaraapapa,215,218,211,13.0,31,7101
ABaraapapa,216,220,210,13.1,34,4790
ABaraapapa,217,221,207,13.0,31,5610
ABaraapapa,218,221,206,13.0,34,6547
ABaraapapa,219,219,208,12.5,31,7441
ABaraapapa,220,223,208,13.1,34,8390
ABaraapapp,191,230,215,13.0,30,13314
ABaraapapp,192,234,213,12.9,29,17514
ABaraapapp,193,237,213,13.1,30,14682
ABaraapapp,194,240,211,13.3,31,6319
ABaraapapp,195,244,216,13.9,30,8445
ABaraapapp,196,244,216,14.0,29,11305
ABaraapapp,197,245,218,14.0,30,17870
ABaraapapp,198,244,213,13.5,31,10203
ABaraapapp,199,244,213,14.1,30,11704
ABaraapapp,200,245,211,14.1,31,8730
ABaraapapp,201,250,212,14.8,30,10391
ABaraapapp,202,251,213,14.3,31,8636
ABaraapapp,203,250,215,14.3,32,10682
ABaraapapp,204,252,212,14.9,30,10723
ABaraapapp,205,250,214,14.2,31,11133
ABaraapapp,206,252,218,14.2,32,10902
ABaraapapp,207,250,215,14.2,31,14848
ABaraapapp,208,249,218,14.4,32,12176
ABaraapapp,209,245,220,14.3,31,6668
ABaraapapp,210,246,223,14.3,32,9885
ABaraapapp,211,248,220,14.2,31,12925
ABaraapapp,212,247,221,14.3,34,8431
ABaraapapp,213,249,219,14.4,31,7843
ABaraapapp,214,248,218,14.3,34,10453
ABaraapapp,215,247,217,14.3,31,13353
ABaraapapp,216,249,220,14.3,32,12077
ABaraapapp,217,248,215,15.0,31,9294
ABaraapapp,218,250,219,14.3,32,7048
ABaraapapp,219,249,219,14.2,31,10586
ABaraapapp,220,251,225,14.2,32,8704
ABaraapp,97,285,277,7.3,34,9333
ABaraapp,98,290,274,7.3,34,8465
ABaraapp,99,292,274,7.3,38,8189
ABaraapp,100,290,265,8.1,41,6148
ABaraapp,101,296,269,7.7,40,5770
ABaraapp,102,304,269,7.2,40,4409
ABaraapp,103,295,280,7.0,40,5960
ABaraapp,104,291,289,6.3,41,6712
ABaraapp,105,286,290,6.0,42,5786
ABaraapp,106,285,297,5.9,42,7425
ABaraapp,107,281,300,6.0,42,6198
ABaraapp,108,279,305,6.0,42,8374
ABaraapp,109,272,306,6.0,42,9529
ABaraapp,110,267,300,5.7,42,6354
ABaraapp,111,274,301,5.8,41,7655
ABaraapp,112,275,299,5.8,42,8636
ABaraapp,113,282,291,5.8,42,7969
ABaraapp,114,281,293,5.8,42,7768
ABaraapp,115,280,288,5.9,42,11480
ABaraapp,116,274,285,5.9,42,11815
ABaraapp,117,266,287,6.0,42,10424
ABaraapp,118,267,284,5.9,42,10638
ABaraapp,119,257,281,6.0,42,11842
ABaraapp,120,249,274,6.0,42,10993
ABaraapp,121,245,269,5.8,42,11863
ABaraapp,122,241,264,5.4,44,10248
ABaraapp,123,234,259,5.4,44,11665
ABaraapp,124,234,251,5.4,44,12982
ABaraapp,125,232,251,5.8,42,9666
ABaraapp,126,231,255,5.9,42,11005
ABaraapp,127,235,258,5.9,42,10340
ABaraapp,128,235,261,5.9,42,8854
ABaraapp,129,235,264,6.0,42,13943
ABaraapp,130,234,266,5.9,42,12722
ABaraapp,131,243,263,6.1,42,15363
ABaraapp,132,240,271,6.1,42,13234
ABaraapp,133,239,268,6.3,44,13108
ABaraapp,134,244,266,6.9,41,15950
ABaraapp,135,240,268,6.0,35,20694
ABaraapp,136,244,265,7.0,35,19076
ABaraapp,137,244,263,7.0,44,17450
ABaraappa,138,225,268,7.0,33,14228
ABaraappa,139,231,265,7.0,32,15976
ABaraappa,140,236,262,6.2,35,16154
ABaraappa,141,238,261,6.9,37,13856
ABaraappa,142,235,263,6.5,35,9453
ABaraappa,143,232,269,6.5,37,13261
ABaraappa,144,237,270,7.2,35,15748
ABaraappa,145,229,271,8.1,35,14668
ABaraappa,146,229,277,8.9,34,11476
ABaraappa,147,233,278,8.9,34,9796
ABaraappa,148,234,281,8.8,34,11994
ABaraappa,149,232,283,8.2,36,14685
ABaraappa,150,227,289,8.1,36,15354
ABaraappa,151,224,290,8.2,34,16571
ABaraappa,152,218,287,8.1,36,13078
ABaraappa,153,218,286,7.9,34,15274
ABaraappa,154,215,284,8.1,36,12260
ABaraappa,155,216,283,8.1,36,15237
ABaraappa,156,213,282,8.4,36,15923
ABaraappa,157,213,282,8.5,36,15532
ABaraappa,158,212,287,9.2,36,16238
ABaraappa,159,214,288,9.1,36,15831
ABaraappa,160,213,288,9.1,36,15229
ABaraappa,161,209,289,9.2,39,17834
ABaraappa,162,210,286,9.2,39,13843
ABaraappa,163,210,289,9.3,37,14777
ABaraappa,164,210,287,9.3,39,14111
ABaraappa,165,213,289,9.4,37,15104
ABaraappa,166,215,290,9.4,37,15461
ABaraappa,167,213,291,9.4,37,15301
ABaraappa,168,209,289,9.4,37,16982
ABaraappa,169,209,283,9.3,37,16979
ABaraappa,170,211,290,10.0,37,17652
ABaraappa,171,214,286,10.1,37,16364
ABaraappa,172,210,285,10.2,37,19155
ABaraappa,173,214,286,10.3,37,14822
ABaraappa,174,210,284,11.1,39,14821
ABaraappa,175,209,285,11.1,37,13773
ABaraappa,176,209,282,10.3,37,14185
ABaraappa,177,207,281,10.4,39,16548
ABaraappa,178,207,279,10.3,37,14164
ABaraappa,179,207,277,10.2,39,20090
ABaraappa,180,206,275,10.1,39,18867
ABaraappa,181,205,274,10.4,37,16839
ABaraappa,182,200,273,10.4,36,17328
ABaraappa,183,200,270,10.4,36,13529
ABaraappa,184,202,267,10.2,37,20076
ABaraappa,185,210,263,9.2,36,14142
ABaraappa,186,206,258,9.3,35,16633
ABaraappa,187,202,261,10.2,34,18191
ABaraappa,188,199,266,11.2,31,20631
ABaraappa,189,196,265,11.1,34,22850
ABaraappa,190,189,264,11.3,31,23855
ABaraappa,191,192,271,11.1,30,19644
ABaraappa,192,188,266,11.9,29,24940
ABaraappa,193,192,270,12.0,30,29341
ABaraappa,194,208,269,12.0,29,18139
ABaraappaa,195,171,269,12.0,26,25417
ABaraappaa,196,171,269,12.0,26,22689
ABaraappaa,197,169,270,12.0,26,20161
ABaraappaa,198,170,274,11.2,31,13988
ABaraappaa,199,167,269,11.9,30,19192
ABaraappaa,200,168,268,11.1,31,18392
ABaraappaa,201,172,268,11.0,30,13680
ABaraappaa,202,178,264,10.3,31,13762
ABaraappaa,203,182,267,11.0,30,14119
ABaraappaa,204,184,266,11.0,30,10174
ABaraappaa,205,184,263,11.1,31,12357
ABaraappaa,206,189,262,11.1,30,14925
ABaraappaa,207,184,265,12.1,31,17042
ABaraappaa,208,180,269,12.1,34,12446
ABaraappaa,209,180,272,13.1,31,3920
ABaraappaa,210,179,273,12.5,34,12530
ABaraappaa,211,175,272,12.2,31,13938
ABaraappaa,212,173,273,12.2,32,15084
ABaraappaa,213,173,272,12.3,31,17715
ABaraappaa,214,172,272,13.1,32,15723
ABaraappaa,215,173,275,13.1,31,12259
ABaraappaa,216,173,279,13.1,34,11076
ABaraappaa,217,176,278,13.2,31,14300
ABaraappaa,218,176,283,13.2,34,13389
ABaraappaa,219,175,284,13.4,31,16223
ABaraappaa,220,177,282,13.4,34,11423
ABaraappap,195,211,270,12.0,30,15553
ABaraappap,196,211,270,12.0,29,12380
ABaraappap,197,212,275,11.9,30,13254
ABaraappap,198,210,274,11.5,31,10548
ABaraappap,199,209,271,12.2,32,10210
ABaraappap,200,208,274,12.2,31,10734
ABaraappap,201,210,271,12.0,30,13393
ABaraappap,202,210,267,11.4,31,12114
ABaraappap,203,211,268,11.4,34,11343
ABaraappap,204,215,266,11.3,34,10072
ABaraappap,205,217,266,11.3,31,12575
ABaraappap,206,219,261,11.1,26,15113
ABaraappap,207,217,258,11.3,31,11303
ABaraappap,208,216,263,11.3,32,10071
ABaraappap,209,210,261,11.2,31,11236
ABaraappap,210,210,264,12.0,34,9580
ABaraappap,211,207,263,12.1,31,13662
ABaraappap,212,205,265,12.1,34,11746
ABaraappap,213,202,268,12.2,31,12670
ABaraappap,214,202,266,12.3,34,12442
ABaraappap,215,202,263,13.2,31,9839
ABaraappap,216,202,266,13.2,34,11049
ABaraappap,217,205,265,13.1,31,12547
ABaraappap,218,204,268,13.2,34,14175
ABaraappap,219,205,272,12.3,31,13442
ABaraappap,220,209,275,12.2,34,11770
ABaraappp,138,265,265,7.1,35,15466
ABaraappp,139,273,261,7.1,34,14288
ABaraappp,140,273,256,7.1,35,14985
ABaraappp,141,278,261,7.7,37,9854
ABaraappp,142,277,265,7.1,37,13258
ABaraappp,143,279,266,7.1,35,15078
ABaraappp,144,280,267,7.0,35,12185
ABaraappp,145,271,264,7.0,35,13561
ABaraappp,146,268,268,7.1,34,14952
ABaraappp,147,274,272,7.1,36,13733
ABaraappp,148,274,272,7.1,36,12456
ABaraappp,149,273,275,7.2,36,14683
ABaraappp,150,269,276,7.8,34,14217
ABaraappp,151,265,277,7.4,36,12591
ABaraappp,152,263,275,7.4,36,12896
ABaraappp,153,262,276,8.1,34,18432
ABaraappp,154,259,279,9.0,34,14743
ABaraappp,155,259,282,9.1,36,15081
ABaraappp,156,255,285,9.1,36,13638
ABaraappp,157,256,283,9.1,36,14503
ABaraappp,158,254,281,9.3,36,16004
ABaraappp,159,256,282,9.3,36,16312
ABaraappp,160,255,278,9.2,36,12310
ABaraappp,161,255,279,9.1,37,12840
ABaraappp,162,252,278,9.1,35,15725
ABaraappp,163,252,281,9.3,37,16694
ABaraappp,164,249,278,9.1,37,14239
ABaraappp,165,251,274,9.1,37,16159
ABaraappp,166,250,278,9.0,37,13700
ABaraappp,167,249,276,9.1,37,14647
ABaraappp,168,245,273,9.9,35,13415
ABaraappp,169,246,265,9.9,35,14032
ABaraappp,170,247,269,10.0,35,13622
ABaraappp,171,248,266,9.6,37,14652
ABaraappp,172,244,271,10.1,37,15282
ABaraappp,173,249,274,10.9,35,12897
ABaraappp,174,245,274,10.3,37,16733
ABaraappp,175,245,273,10.4,37,14745
ABaraappp,176,248,270,10.4,37,14246
ABaraappp,177,245,271,11.0,37,16178
ABaraappp,178,245,268,11.1,39,11543
ABaraappp,179,246,265,11.1,39,14683
ABaraappp,180,242,266,11.2,39,16729
ABaraappp,181,240,265,11.4,39,14469
ABaraappp,182,236,262,11.2,36,14239
ABaraappp,183,238,262,11.1,36,19746
ABaraappp,184,242,263,11.4,37,16302
ABaraappp,185,242,263,11.4,36,14063
ABaraappp,186,242,257,12.1,35,15611
ABaraappp,187,240,257,12.0,30,20536
ABaraappp,188,246,259,11.9,29,20262
ABaraappp,189,249,261,12.0,30,22123
ABaraappp,190,254,263,12.0,29,20379
ABaraapppa,191,241,263,11.4,34,10955
ABaraapppa,192,226,255,12.0,29,14401
ABaraapppa,193,230,254,12.1,30,12293
ABaraapppa,194,235,252,12.0,29,15650
ABaraapppa,195,241,256,12.1,30,8181
ABaraapppa,196,240,258,12.2,31,10745
ABaraapppa,197,239,262,12.2,32,10687
ABaraapppa,198,239,258,12.2,31,9663
ABaraapppa,199,239,257,12.0,32,13548
ABaraapppa,200,239,258,12.2,31,8662
ABaraapppa,201,240,257,12.2,32,9852
ABaraapppa,202,239,258,12.2,31,10652
ABaraapppa,203,239,262,12.1,32,12990
ABaraapppa,204,242,259,12.2,34,10285
ABaraapppa,205,243,261,12.1,31,8712
ABaraapppa,206,244,263,12.2,30,12337
ABaraapppa,207,244,258,12.3,31,10949
ABaraapppa,208,242,265,12.2,34,9194
ABaraapppa,209,238,263,12.1,31,12598
ABaraapppa,210,237,263,12.1,34,11770
ABaraapppa,211,236,264,12.1,31,14901
ABaraapppa,212,236,267,11.4,34,11340
ABaraapppa,213,237,267,11.2,31,13862
ABaraapppa,214,237,264,11.2,34,12071
ABaraapppa,215,237,267,12.0,31,13161
ABaraapppa,216,238,271,12.1,32,16951
ABaraapppa,217,238,271,12.0,31,10571
ABaraapppa,218,238,275,12.0,32,12008
ABaraapppa,219,241,276,11.2,31,11969
ABaraapppa,220,242,275,12.0,32,14814
ABaraapppp,191,260,267,12.0,24,13006
ABaraapppp,192,265,274,13.0,29,16436
ABaraapppp,193,266,275,13.1,30,13452
ABaraapppp,194,274,273,12.9,29,13367
ABaraapppp,195,279,278,13.1,30,12268
ABaraapppp,196,276,278,13.3,31,10700
ABaraapppp,197,280,274,13.9,30,6718
ABaraapppp,198,277,277,13.3,31,7754
ABaraapppp,199,275,278,13.8,30,7228
ABaraapppp,200,273,276,13.1,31,7927
ABaraapppp,201,270,278,13.2,30,11011
ABaraapppp,202,269,281,13.2,31,14133
ABaraapppp,203,270,286,13.1,30,13307
ABaraapppp,204,273,287,13.3,32,10728
ABaraapppp,205,270,288,13.3,31,14104
ABaraapppp,206,273,291,13.1,30,11195
ABaraapppp,207,267,295,12.5,31,10466
ABaraapppp,208,266,299,13.0,32,14783
ABaraapppp,209,262,301,13.1,31,13450
ABaraapppp,210,264,302,13.0,34,14254
ABaraapppp,211,265,296,13.2,31,14402
ABaraapppp,212,267,295,13.4,34,12265
ABaraapppp,213,271,296,14.1,29,11323
ABaraapppp,214,273,297,13.9,30,13982
ABaraapppp,215,272,296,13.6,31,13692
ABaraapppp,216,271,297,13.8,30,15994
ABaraapppp,217,271,296,13.4,31,16160
ABaraapppp,218,269,300,13.4,32,12656
ABaraapppp,219,270,303,13.3,31,15144
ABaraapppp,220,270,302,14.1,32,15579
ABarap,38,310,317,8.3,32,-393
ABarap,39,308,319,8.2,34,393
ABarap,40,301,321,8.2,48,-803
ABarap,41,303,324,9.1,50,-928
ABarap,42,308,337,9.1,50,-237
ABarap,43,312,339,8.3,52,-1046
ABarap,44,314,341,8.1,56,-334
ABarap,45,310,341,7.4,55,-32
ABarap,46,304,335,7.3,57,-379
ABarap,47,303,338,7.8,57,-1533
ABarap,48,308,337,7.9,56,-803
ABarap,49,308,338,8.0,56,-669
ABarap,50,306,329,7.3,57,-761
ABarap,51,308,332,7.1,57,-741
ABarap,52,301,331,7.2,59,-640
ABarap,53,306,331,7.6,57,-112
ABarap,54,306,334,7.6,57,-464
ABarap,55,303,334,7.6,58,-705
ABarap,56,304,330,7.5,58,-92
ABarap,57,304,335,7.0,59,145
ABarap,58,306,327,7.0,58,-270
ABarap,59,311,322,7.0,58,278
ABarap,60,313,324,7.6,58,278
ABarap,61,318,319,7.7,56,-599
ABarap,62,324,320,7.8,56,269
ABarap,63,325,319,8.1,55,91
ABarap,64,322,304,8.1,49,1181
ABarapa,65,305,341,7.0,36,490
ABarapa,66,297,340,7.1,47,151
ABarapa,67,290,342,7.1,45,176
ABarapa,68,288,353,7.1,47,389
ABarapa,69,288,361,7.2,49,445
ABarapa,70,282,362,7.3,50,1478
ABarapa,71,279,362,7.8,50,797
ABarapa,72,279,357,7.3,48,569
ABarapa,73,276,355,7.2,51,556
ABarapa,74,277,360,7.7,51,1782
ABarapa,75,279,363,7.9,51,1941
ABarapa,76,279,368,8.7,51,2181
ABarapa,77,283,370,8.9,50,1067
ABarapa,78,279,371,9.2,50,1504
ABarapa,79,282,375,9.3,50,3295
ABarapa,80,282,378,10.0,49,2805
ABarapa,81,286,378,10.1,49,2421
ABarapa,82,289,377,10.0,49,2203
ABarapa,83,292,381,10.1,49,4337
ABarapa,84,287,379,10.2,49,2648
ABarapa,85,292,383,10.1,50,3994
ABarapa,86,294,384,10.1,50,3604
ABarapa,87,299,384,10.2,50,4696
ABarapa,88,302,382,10.0,50,3650
ABarapa,89,296,387,10.1,51,3280
ABarapa,90,294,382,9.2,51,5598
ABarapa,91,298,382,9.1,51,4323
ABarapa,92,298,383,9.1,51,4031
ABarapa,93,304,380,8.8,49,8371
ABarapa,94,304,379,8.3,49,8112
ABarapa,95,301,374,8.3,49,7812
ABarapa,96,302,372,8.8,48,6735
ABarapa,97,299,362,9.0,46,8240
ABarapa,98,298,359,9.0,42,12010
ABarapaa,99,277,368,8.2,34,14339
ABarapaa,100,269,356,8.1,35,9053
ABarapaa,101,258,355,8.1,38,7693
ABarapaa,102,256,351,8.0,40,7139
ABarapaa,103,247,346,8.1,40,7149
ABarapaa,104,241,349,8.1,41,6558
ABarapaa,105,237,350,8.1,42,7466
ABarapaa,106,234,353,8.0,42,8471
ABarapaa,107,239,355,8.0,42,7541
ABarapaa,108,242,360,8.2,42,8337
ABarapaa,109,244,360,8.2,42,9173
ABarapaa,110,244,364,8.8,42,9168
ABarapaa,111,248,370,9.0,41,9287
ABarapaa,112,260,372,9.0,42,7533
ABarapaa,113,261,368,8.8,42,8761
ABarapaa,114,260,364,8.7,42,9216
ABarapaa,115,264,364,8.0,42,12038
ABarapaa,116,263,357,7.7,42,8777
ABarapaa,117,263,355,7.2,42,9858
ABarapaa,118,261,354,7.2,42,11234
ABarapaa,119,247,350,7.1,42,13168
ABarapaa,120,241,343,7.0,42,10679
ABarapaa,121,238,340,6.9,42,11342
ABarapaa,122,239,332,6.8,42,10394
ABarapaa,123,240,324,6.8,42,11790
ABarapaa,124,238,317,6.9,42,11716
ABarapaa,125,233,323,6.8,42,12467
ABarapaa,126,231,333,6.9,42,10969
ABarapaa,127,229,332,7.0,42,14317
ABarapaa,128,230,334,7.1,42,13531
ABarapaa,129,228,338,7.1,42,14403
ABarapaa,130,222,329,7.2,42,16606
ABarapaa,131,221,322,7.0,42,12069
ABarapaa,132,217,318,7.1,44,12297
ABarapaa,133,212,320,6.9,42,14347
ABarapaa,134,214,318,6.2,43,13431
ABarapaa,135,215,318,6.1,43,15418
ABarapaa,136,218,318,6.1,41,16122
ABarapaa,137,215,318,6.2,40,18597
ABarapaa,138,210,316,6.3,43,15279
ABarapaa,139,206,310,6.4,40,19345
ABarapaa,140,206,314,7.1,37,21908
ABarapaa,141,214,317,8.0,37,19211
ABarapaa,142,213,313,7.2,39,21018
ABarapaaa,143,195,315,8.0,33,21302
ABarapaaa,144,198,316,7.3,33,20167
ABarapaaa,145,194,319,7.9,35,14057
ABarapaaa,146,190,321,7.1,34,17859
ABarapaaa,147,194,315,7.1,34,16763
ABarapaaa,148,194,316,6.8,34,14300
ABarapaaa,149,191,314,6.7,34,17589
ABarapaaa,150,189,316,7.0,34,16110
ABarapaaa,151,184,317,7.7,34,16696
ABarapaaa,152,177,313,7.2,36,17644
ABarapaaa,153,179,312,7.2,36,16103
ABarapaaa,154,176,307,7.1,36,17896
ABarapaaa,155,179,302,6.5,36,19079
ABarapaaa,156,175,301,6.6,36,17053
ABarapaaa,157,174,299,7.0,34,16297
ABarapaaa,158,175,297,6.6,36,14936
ABarapaaa,159,179,298,6.6,36,20736
ABarapaaa,160,177,295,6.6,36,16491
ABarapaaa,161,178,294,6.4,37,19704
ABarapaaa,162,180,296,6.8,35,15770
ABarapaaa,163,181,297,6.9,35,17745
ABarapaaa,164,177,298,6.9,35,15896
ABarapaaa,165,176,298,6.8,35,14889
ABarapaaa,166,176,297,6.8,35,15902
ABarapaaa,167,175,298,6.9,35,16589
ABarapaaa,168,179,293,6.9,35,18927
ABarapaaa,169,179,291,7.0,35,17869
ABarapaaa,170,180,296,7.0,35,19746
ABarapaaa,171,182,297,6.4,37,17429
ABarapaaa,172,183,296,6.3,37,18419
ABarapaaa,173,192,296,6.1,35,21777
ABarapaaa,174,188,292,6.1,35,17645
ABarapaaa,175,190,289,6.0,35,17763
ABarapaaa,176,193,287,6.1,35,17666
ABarapaaa,177,190,282,5.6,37,19242
ABarapaaa,178,185,279,5.4,37,19218
ABarapaaa,179,186,276,5.4,37,16282
ABarapaaa,180,188,275,5.3,37,18266
ABarapaaa,181,189,275,5.1,26,23352
ABarapaaa,182,191,278,5.3,36,21112
ABarapaaa,183,194,276,5.4,36,20712
ABarapaaa,184,197,285,5.1,26,21729
ABarapaaa,185,201,288,5.2,26,25763
ABarapaaa,186,198,284,5.3,35,21253
ABarapaaa,187,194,276,5.3,34,19114
ABarapaaa,188,200,276,5.0,31,19713
ABarapaaa,189,207,277,4.4,26,18967
ABarapaaa,190,207,277,4.4,26,18324
ABarapaaa,191,208,270,5.0,34,17253
ABarapaaa,192,204,269,4.5,31,12366
ABarapaaa,193,202,273,4.6,34,18372
ABarapaaa,194,200,272,5.1,31,18411
ABarapaaa,195,204,278,5.3,34,19556
ABarapaaa,196,207,281,5.9,29,21220
ABarapaaa,197,207,282,5.3,34,19365
ABarapaaa,198,211,280,5.3,31,25942
ABarapaaa,199,210,278,5.4,32,26369
ABarapaaa,200,211,274,6.0,29,28596
ABarapaaa,201,210,273,6.0,30,30986
ABarapaaa,202,212,275,6.0,29,28838
ABarapaaa,203,212,270,6.0,30,24787
ABarapaaa,204,215,271,5.4,34,20015
ABarapaaaa,205,200,266,6.0,24,33136
ABarapaaaa,206,200,265,5.4,26,23870
ABarapaaaa,207,196,264,5.3,26,16784
ABarapaaaa,208,196,266,5.5,26,15738
ABarapaaaa,209,198,266,5.5,26,18788
ABarapaaaa,210,197,267,5.4,26,17255
ABarapaaaa,211,196,269,5.3,27,14180
ABarapaaaa,212,194,270,5.2,27,17219
ABarapaaaa,213,193,272,5.2,28,15532
ABarapaaaa,214,192,273,5.1,28,14574
ABarapaaaa,215,190,275,5.0,29,14490
ABarapaaaa,216,189,274,5.0,29,15570
ABarapaaaa,217,188,273,5.0,29,11945
ABarapaaaa,218,187,271,5.0,29,12701
ABarapaaaa,219,186,270,5.0,29,15068
ABarapaaaa,220,185,269,5.0,29,11879
ABarapaaap,205,231,275,5.7,29,19687
ABarapaaap,206,233,278,5.3,32,13641
ABarapaaap,207,228,277,5.1,29,20389
ABarapaaap,208,224,283,5.1,30,12143
ABarapaaap,209,223,282,5.1,29,13243
ABarapaaap,210,223,281,5.0,30,21391
ABarapaaap,211,227,275,5.1,29,13623
ABarapaaap,212,227,274,5.1,30,13621
ABarapaaap,213,222,276,5.2,31,15408
ABarapaaap,214,221,275,5.2,31,15425
ABarapaaap,215,220,273,5.3,31,16884
ABarapaaap,216,218,271,5.3,30,16594
ABarapaaap,217,221,272,5.3,31,14280
ABarapaaap,218,220,269,5.1,26,20731
ABarapaaap,219,218,272,5.3,26,17446
ABarapaaap,220,216,271,5.2,26,20289
ABarapaap,143,238,312,6.8,35,13820
ABarapaap,144,243,308,6.8,35,12544
ABarapaap,145,238,308,6.0,35,15914
ABarapaap,146,240,310,6.2,34,14982
ABarapaap,147,248,313,6.1,34,12560
ABarapaap,148,251,307,6.2,36,10160
ABarapaap,149,249,311,5.5,36,13190
ABarapaap,150,241,311,6.0,34,10137
ABarapaap,151,236,314,6.0,34,13212
ABarapaap,152,232,307,5.6,36,13121
ABarapaap,153,234,307,6.0,36,11481
ABarapaap,154,231,306,6.3,36,12710
ABarapaap,155,231,307,5.5,36,13980
ABarapaap,156,231,300,5.4,36,13557
ABarapaap,157,226,298,6.1,36,12083
ABarapaap,158,223,296,6.1,36,13697
ABarapaap,159,225,297,6.2,36,15222
ABarapaap,160,224,297,6.2,36,13147
ABarapaap,161,222,297,6.1,35,12005
ABarapaap,162,221,297,6.1,35,10656
ABarapaap,163,219,297,6.0,34,9646
ABarapaap,164,217,297,6.0,33,15051
ABarapaap,165,217,295,6.0,33,15434
ABarapaap,166,216,292,6.1,34,15740
ABarapaap,167,215,290,6.1,35,13197
ABarapaap,168,215,287,6.1,35,12894
ABarapaap,169,214,285,6.2,36,12466
ABarapaap,170,213,282,6.2,37,11619
ABarapaap,171,217,276,6.1,37,11777
ABarapaap,172,216,276,6.2,37,13537
ABarapaap,173,221,276,6.8,35,11137
ABarapaap,174,222,273,6.6,37,16210
ABarapaap,175,220,269,7.0,35,11130
ABarapaap,176,224,273,6.9,35,12814
ABarapaap,177,220,277,6.4,39,12366
ABarapaap,178,219,276,7.0,37,11337
ABarapaap,179,218,273,7.0,37,15068
ABarapaap,180,216,270,7.1,37,14087
ABarapaap,181,214,267,7.1,37,12769
ABarapaap,182,211,265,7.2,38,12269
ABarapaap,183,218,260,7.2,38,13175
ABarapaap,184,215,265,7.3,37,14129
ABarapaap,185,215,265,7.3,37,12063
ABarapaap,186,219,266,7.3,35,16615
ABarapaap,187,220,270,8.0,34,11883
ABarapaap,188,219,267,8.0,31,13191
ABarapaap,189,221,270,8.0,26,17412
ABarapaap,190,217,270,8.0,31,23555
ABarapaap,191,222,267,8.1,30,21997
ABarapaap,192,218,266,8.0,29,19330
ABarapaap,193,219,267,7.4,34,16844
ABarapaapa,194,198,258,7.9,29,17756
ABarapaapa,195,199,253,7.9,30,13864
ABarapaapa,196,199,252,7.9,29,15073
ABarapaapa,197,200,258,7.9,30,13399
ABarapaapa,198,201,256,7.5,31,13276
ABarapaapa,199,203,251,7.5,26,13674
ABarapaapa,200,204,252,8.1,29,15264
ABarapaapa,201,204,249,8.1,30,10496
ABarapaapa,202,207,247,8.0,29,12151
ABarapaapa,203,208,244,7.9,30,12324
ABarapaapa,204,211,248,7.9,30,14189
ABarapaapa,205,212,246,7.5,31,13932
ABarapaapa,206,214,246,7.3,34,10367
ABarapaapa,207,210,249,7.3,31,13634
ABarapaapa,208,208,249,7.3,30,11243
ABarapaapa,209,206,255,7.1,31,15310
ABarapaapa,210,207,255,7.2,30,15565
ABarapaapa,211,208,252,7.1,31,11989
ABarapaapa,212,207,258,7.1,32,13013
ABarapaapa,213,205,260,7.1,31,8240
ABarapaapa,214,202,264,7.0,34,10642
ABarapaapa,215,202,263,7.2,31,13819
ABarapaapa,216,200,263,7.1,34,12801
ABarapaapa,217,199,259,7.1,31,13817
ABarapaapa,218,204,262,7.1,34,9174
ABarapaapa,219,199,263,7.2,31,11673
ABarapaapa,220,200,264,7.2,34,10932
ABarapaapp,194,235,268,7.9,29,14412
ABarapaapp,195,238,267,8.1,30,14430
ABarapaapp,196,239,263,8.2,31,12305
ABarapaapp,197,242,264,8.9,30,11349
ABarapaapp,198,242,265,8.1,31,10792
ABarapaapp,199,244,266,8.0,32,12945
ABarapaapp,200,244,268,8.1,31,12887
ABarapaapp,201,243,268,8.8,30,9137
ABarapaapp,202,244,269,8.2,31,9117
ABarapaapp,203,245,270,8.2,34,10421
ABarapaapp,204,245,271,8.2,34,7897
ABarapaapp,205,245,270,8.2,31,10599
ABarapaapp,206,246,273,8.3,26,7470
ABarapaapp,207,243,275,9.1,31,8761
ABarapaapp,208,240,276,9.0,32,8679
ABarapaapp,209,236,279,8.3,31,11047
ABarapaapp,210,236,277,8.3,34,11200
ABarapaapp,211,233,273,10.0,31,7878
ABarapaapp,212,235,277,8.3,34,6793
ABarapaapp,213,235,277,8.3,34,9955
ABarapaapp,214,235,278,8.3,34,8528
ABarapaapp,215,235,279,8.3,34,5146
ABarapaapp,216,235,280,8.3,34,9062
ABarapaapp,217,235,280,8.3,34,13218
ABarapaapp,218,235,281,8.3,34,9421
ABarapaapp,219,235,282,8.3,34,12413
ABarapaapp,220,235,283,8.3,34,13311
ABarapap,99,314,356,9.2,34,9585
ABarapap,100,314,359,9.2,37,9848
ABarapap,101,305,357,9.8,40,5945
ABarapap,102,309,356,9.0,40,3623
ABarapap,103,309,360,9.9,40,5835
ABarapap,104,310,363,9.9,41,6912
ABarapap,105,307,362,9.1,42,8734
ABarapap,106,304,369,8.9,42,8735
ABarapap,107,307,365,8.1,42,7164
ABarapap,108,305,365,8.1,42,8263
ABarapap,109,303,366,8.1,42,9118
ABarapap,110,303,358,7.2,42,7451
ABarapap,111,306,355,7.2,41,8958
ABarapap,112,316,354,7.1,42,10191
ABarapap,113,311,353,7.2,42,9459
ABarapap,114,308,353,7.2,42,8299
ABarapap,115,308,350,6.9,42,7555
ABarapap,116,312,344,6.9,42,8198
ABarapap,117,309,339,6.3,44,9644
ABarapap,118,305,342,6.2,42,9926
ABarapap,119,295,337,6.2,42,10986
ABarapap,120,292,334,6.1,42,10944
ABarapap,121,293,331,6.9,42,11999
ABarapap,122,289,334,6.9,42,10267
ABarapap,123,288,332,6.9,42,9426
ABarapap,124,278,334,6.9,42,10471
ABarapap,125,278,337,6.1,44,10861
ABarapap,126,279,333,6.1,42,13337
ABarapap,127,277,333,6.1,42,11968
ABarapap,128,275,335,6.1,42,12514
ABarapap,129,274,338,6.8,42,13013
ABarapap,130,267,344,6.9,42,10696
ABarapap,131,264,341,6.9,42,11623
ABarapap,132,265,341,6.9,42,12264
ABarapap,133,263,335,7.0,42,15684
ABarapap,134,265,331,6.4,43,15462
ABarapap,135,263,331,7.1,43,18506
ABarapap,136,261,335,7.0,39,16973
ABarapap,137,260,327,7.1,34,26059
ABarapap,138,260,323,7.0,37,20783
ABarapapa,139,243,331,6.4,34,14502
ABarapapa,140,237,337,6.3,35,17220
ABarapapa,141,241,339,6.2,35,17350
ABarapapa,142,246,337,6.3,35,17051
ABarapapa,143,246,346,7.0,35,13613
ABarapapa,144,239,344,6.4,37,11808
ABarapapa,145,233,346,7.0,26,12149
ABarapapa,146,234,347,7.1,26,15011
ABarapapa,147,235,348,7.1,26,11034
ABarapapa,148,236,349,7.2,26,13550
ABarapapa,149,238,351,7.2,26,16419
ABarapapa,150,239,352,7.2,26,17630
ABarapapa,151,238,349,7.3,36,15601
ABarapapa,152,239,336,7.1,26,15391
ABarapapa,153,241,338,7.8,34,15610
ABarapapa,154,239,335,7.9,34,13351
ABarapapa,155,245,331,7.1,34,15785
ABarapapa,156,240,329,7.2,34,16188
ABarapapa,157,240,326,7.2,34,16385
ABarapapa,158,239,325,7.2,34,15428
ABarapapa,159,238,327,7.0,34,14596
ABarapapa,160,235,325,6.9,34,15372
ABarapapa,161,236,323,6.2,37,17788
ABarapapa,162,239,323,6.1,35,16552
ABarapapa,163,238,321,6.1,35,13691
ABarapapa,164,240,314,6.0,35,16941
ABarapapa,165,244,312,5.6,37,16148
ABarapapa,166,243,312,6.0,37,15060
ABarapapa,167,242,310,6.0,35,15678
ABarapapa,168,244,306,5.9,35,16340
ABarapapa,169,245,303,6.1,37,16443
ABarapapa,170,245,298,6.1,35,16745
ABarapapa,171,246,293,6.0,35,18765
ABarapapa,172,245,289,6.0,35,16388
ABarapapa,173,251,287,5.9,35,22062
ABarapapa,174,244,284,6.0,26,19695
ABarapapa,175,248,282,5.5,37,21121
ABarapapa,176,250,277,5.4,37,23121
ABarapapa,177,252,279,5.4,37,18693
ABarapapa,178,245,279,5.3,37,21496
ABarapapa,179,248,278,5.2,26,27295
ABarapapa,180,249,274,5.1,37,23563
ABarapapa,181,245,269,5.2,26,21704
ABarapapa,182,242,265,5.3,36,23763
ABarapapa,183,246,260,5.2,38,21694
ABarapapa,184,243,260,5.2,35,23488
ABarapapa,185,237,263,5.1,34,22990
ABarapapa,186,239,267,5.2,33,23484
ABarapapa,187,239,266,5.2,34,26279
ABarapapa,188,248,269,5.2,31,34811
ABarapapa,189,248,269,5.2,31,23748
ABarapapa,190,261,269,6.0,26,42168
ABarapapaa,191,244,279,6.0,30,26087
ABarapapaa,192,235,279,5.5,31,26560
ABarapapaa,193,236,279,5.7,30,22904
ABarapapaa,194,233,278,5.3,31,26630
ABarapapaa,195,233,276,5.2,32,21486
ABarapapaa,196,237,275,5.4,31,23349
ABarapapaa,197,238,274,5.8,30,23315
ABarapapaa,198,242,272,6.0,29,22263
ABarapapaa,199,242,268,6.0,26,27014
ABarapapaa,200,246,270,6.0,26,27987
ABarapapaa,201,247,269,5.9,30,23342
ABarapapaa,202,250,270,5.4,31,26813
ABarapapaa,203,250,270,5.2,32,25279
ABarapapaa,204,254,271,5.8,30,32163
ABarapapaa,205,256,268,5.4,31,29094
ABarapapaa,206,255,268,5.3,31,27088
ABarapapaa,207,254,268,5.2,31,28202
ABarapapaa,208,253,269,5.2,30,28799
ABarapapaa,209,252,269,5.1,30,24622
ABarapapaa,210,251,270,5.0,29,40297
ABarapapaa,211,251,272,5.0,29,31176
ABarapapaa,212,251,274,5.0,29,26350
ABarapapaa,213,250,276,5.0,29,28447
ABarapapaa,214,252,277,5.0,29,37209
ABarapapaa,215,250,280,5.0,29,35582
ABarapapaa,216,249,283,5.0,29,34733
ABarapapaa,217,247,281,5.2,26,45904
ABarapapaa,218,246,278,5.3,26,43137
ABarapapaa,219,248,274,5.3,31,39552
ABarapapaa,220,244,277,5.4,32,41416
ABarapapap,191,274,268,6.0,24,24658
ABarapapap,192,281,269,5.2,29,27537
ABarapapap,193,282,275,5.7,30,25484
ABarapapap,194,282,272,5.3,31,28613
ABarapapap,195,284,273,5.3,34,17849
ABarapapap,196,284,269,5.4,31,26621
ABarapapap,197,284,265,5.4,32,19548
ABarapapap,198,287,264,5.5,31,27204
ABarapapap,199,289,272,5.3,32,26863
ABarapapap,200,285,267,5.2,31,25925
ABarapapap,201,288,268,5.1,30,32091
ABarapapap,202,290,271,5.1,31,31464
ABarapapap,203,290,267,5.1,32,26324
ABarapapap,204,291,268,5.2,32,27910
ABarapapap,205,290,264,5.2,31,27838
ABarapapap,206,289,260,5.1,34,25672
ABarapapap,207,285,256,4.6,31,28473
ABarapapap,208,286,257,5.1,34,29103
ABarapapap,209,287,264,5.1,31,29928
ABarapapap,210,289,263,5.2,26,36084
ABarapapap,211,286,259,5.3,31,27459
ABarapapap,212,284,264,5.3,32,28676
ABarapapap,213,283,266,5.2,31,35265
ABarapapap,214,284,266,5.2,34,35491
ABarapapap,215,284,262,5.2,31,29105
ABarapapap,216,281,261,5.2,34,34991
ABarapapap,217,278,263,5.2,31,24550
ABarapapap,218,277,265,5.2,32,35139
ABarapapap,219,279,266,5.3,31,36327
ABarapapap,220,275,268,5.2,34,35984
ABarapapp,139,283,316,6.2,32,15264
ABarapapp,140,292,306,6.3,35,17468
ABarapapp,141,291,307,6.3,35,14824
ABarapapp,142,291,306,6.1,37,11349
ABarapapp,143,298,315,6.2,37,11860
ABarapapp,144,300,318,6.3,37,11706
ABarapapp,145,297,325,5.5,39,11277
ABarapapp,146,295,331,5.5,36,12828
ABarapapp,147,300,333,5.5,36,12904
ABarapapp,148,302,327,6.1,38,13093
ABarapapp,149,297,323,6.1,36,11590
ABarapapp,150,296,323,5.5,38,13025
ABarapapp,151,291,321,5.5,38,10808
ABarapapp,152,288,316,6.0,38,13524
ABarapapp,153,288,314,5.5,38,11971
ABarapapp,154,287,314,5.4,38,12267
ABarapapp,155,288,314,5.5,38,13569
ABarapapp,156,288,314,6.1,36,13136
ABarapapp,157,286,317,5.4,38,12753
ABarapapp,158,283,312,6.1,38,13435
ABarapapp,159,283,310,6.0,38,11135
ABarapapp,160,284,308,6.0,38,13220
ABarapapp,161,286,306,6.1,39,12833
ABarapapp,162,286,306,6.1,39,11905
ABarapapp,163,285,304,6.2,39,14824
ABarapapp,164,284,304,6.4,39,14937
ABarapapp,165,287,302,6.4,39,12618
ABarapapp,166,285,303,6.2,39,14179
ABarapapp,167,285,304,6.3,39,13970
ABarapapp,168,284,301,6.3,39,13892
ABarapapp,169,286,298,6.3,39,16180
ABarapapp,170,284,298,6.3,39,17897
ABarapapp,171,285,296,6.3,39,16880
ABarapapp,172,281,296,6.3,39,13886
ABarapapp,173,284,293,6.3,39,16468
ABarapapp,174,280,288,6.4,39,16104
ABarapapp,175,277,287,6.4,39,16553
ABarapapp,176,278,286,6.4,39,17970
ABarapapp,177,280,286,6.4,39,18095
ABarapapp,178,276,278,6.4,39,19404
ABarapapp,179,275,273,6.5,39,20356
ABarapapp,180,271,268,7.1,39,17107
ABarapapp,181,269,262,7.2,39,19650
ABarapapp,182,268,259,7.2,36,20919
ABarapapp,183,269,258,7.3,38,27041
ABarapapp,184,267,258,7.3,37,24607
ABarapapp,185,270,265,7.9,32,31070
ABarapapp,186,274,270,8.0,31,28652
ABarapappa,187,264,269,7.9,30,26243
ABarapappa,188,263,267,8.1,31,23069
ABarapappa,189,259,271,7.0,30,30006
ABarapappa,190,262,270,8.0,29,30469
ABarapappa,191,261,277,8.8,30,25949
ABarapappa,192,257,277,8.8,29,28462
ABarapappa,193,254,279,8.2,30,28410
ABarapappa,194,259,288,8.2,29,33893
ABarapappa,195,262,293,8.9,30,26181
ABarapappa,196,260,290,9.2,31,25337
ABarapappa,197,264,293,9.0,32,29582
ABarapappa,198,265,293,9.1,31,29512
ABarapappa,199,264,293,8.2,30,31650
ABarapappa,200,261,295,8.3,31,32362
ABarapappa,201,264,295,8.2,30,32150
ABarapappa,202,264,293,8.3,31,29706
ABarapappa,203,267,290,8.2,32,31589
ABarapappa,204,267,289,8.2,32,37984
ABarapappa,205,268,283,8.2,31,31051
ABarapappa,206,267,282,8.0,32,33906
ABarapappa,207,265,284,7.4,31,33645
ABarapappa,208,262,282,7.2,34,33910
ABarapappa,209,263,282,7.3,31,44704
ABarapappa,210,261,276,7.3,34,39715
ABarapappa,211,260,275,7.3,31,43059
ABarapappa,212,264,278,7.3,34,37612
ABarapappa,213,261,280,7.2,31,45846
ABarapappa,214,262,277,7.8,32,39186
ABarapappa,215,264,280,8.4,33,28993
ABarapappa,216,262,277,7.3,34,41250
ABarapappa,217,262,277,7.4,31,47212
ABarapappa,218,265,274,8.1,32,43310
ABarapappa,219,268,274,7.4,31,54529
ABarapappa,220,267,276,7.3,34,49256
ABarapappp,187,293,262,6.8,30,21191
ABarapappp,188,303,262,6.8,29,23380
ABarapappp,189,309,265,6.9,30,19023
ABarapappp,190,313,268,7.1,31,19516
ABarapappp,191,314,270,7.0,30,17897
ABarapappp,192,312,271,6.5,31,16993
ABarapappp,193,310,273,7.2,32,15954
ABarapappp,194,309,267,7.1,31,15962
ABarapappp,195,306,273,7.2,34,15416
ABarapappp,196,304,281,7.3,31,17319
ABarapappp,197,308,273,7.2,34,21027
ABarapappp,198,308,275,7.4,31,22157
ABarapappp,199,307,276,7.4,34,22354
ABarapappp,200,308,269,7.4,31,20280
ABarapappp,201,306,268,7.4,34,20741
ABarapappp,202,306,270,7.3,31,26324
ABarapappp,203,302,265,7.3,34,20780
ABarapappp,204,304,262,7.3,34,23191
ABarapappp,205,303,266,7.3,31,28568
ABarapappp,206,308,268,7.3,34,27385
ABarapappp,207,309,273,7.1,26,13861
ABarapappp,208,303,275,7.2,34,21205
ABarapappp,209,304,273,7.1,31,27129
ABarapappp,210,304,278,7.3,34,26456
ABarapappp,211,302,281,7.3,31,24483
ABarapappp,212,307,281,7.3,34,20853
ABarapappp,213,304,278,7.2,31,32492
ABarapappp,214,302,276,7.2,34,27600
ABarapappp,215,302,278,7.2,31,28810
ABarapappp,216,300,273,7.2,34,30494
ABarapappp,217,304,272,7.2,31,38120
ABarapappp,218,304,272,7.1,34,34239
ABarapappp,219,304,272,7.1,31,32578
ABarapappp,220,304,273,7.2,34,31410
ABarapp,65,332,289,7.2,36,726
ABarapp,66,324,286,7.2,41,5
ABarapp,67,323,283,6.3,45,1325
ABarapp,68,321,288,6.2,45,1859
ABarapp,69,326,287,6.3,49,1124
ABarapp,70,330,290,6.2,48,906
ABarapp,71,329,295,6.4,50,857
ABarapp,72,329,295,6.1,48,851
ABarapp,73,328,294,6.1,51,894
ABarapp,74,330,299,6.1,49,1226
ABarapp,75,339,304,6.2,51,1748
ABarapp,76,345,310,6.2,49,2362
ABarapp,77,344,315,6.8,50,1214
ABarapp,78,337,317,6.2,50,1758
ABarapp,79,338,319,6.8,50,2102
ABarapp,80,333,326,7.1,49,2195
ABarapp,81,337,331,7.0,49,2796
ABarapp,82,341,333,7.1,49,4246
ABarapp,83,345,338,6.8,49,2331
ABarapp,84,346,339,6.8,49,2491
ABarapp,85,353,339,6.7,50,3878
ABarapp,86,353,344,6.8,50,3324
ABarapp,87,351,342,7.1,50,4012
ABarapp,88,351,340,6.8,50,3390
ABarapp,89,349,342,6.9,49,5540
ABarapp,90,351,341,6.9,49,4956
ABarapp,91,355,336,6.8,49,4318
ABarapp,92,360,339,6.8,49,5785
ABarapp,93,362,339,7.0,49,5936
ABarapp,94,361,338,7.0,49,5415
ABarapp,95,361,339,7.3,49,5982
ABarapp,96,360,334,7.9,48,6681
ABarapp,97,351,326,7.1,34,11637
ABarapp,98,353,323,8.1,36,14783
ABarappa,99,347,333,7.4,34,9168
ABarappa,100,345,335,7.3,35,9823
ABarappa,101,337,335,7.4,38,8419
ABarappa,102,337,344,7.0,40,4703
ABarappa,103,332,342,7.0,40,5128
ABarappa,104,331,349,6.8,41,5771
ABarappa,105,328,348,6.3,30,8814
ABarappa,106,325,344,6.2,42,9563
ABarappa,107,332,338,6.1,42,6746
ABarappa,108,336,342,6.9,42,8525
ABarappa,109,336,343,7.2,42,8832
ABarappa,110,334,331,7.1,42,8773
ABarappa,111,338,331,7.8,41,8903
ABarappa,112,341,329,8.0,42,9763
ABarappa,113,342,331,8.1,42,8481
ABarappa,114,342,335,8.8,42,8714
ABarappa,115,341,336,9.0,42,10253
ABarappa,116,340,339,8.9,42,10582
ABarappa,117,338,344,8.9,42,10027
ABarappa,118,339,355,8.1,42,12335
ABarappa,119,331,358,8.0,42,11845
ABarappa,120,320,368,8.1,42,12096
ABarappa,121,320,368,7.9,42,9716
ABarappa,122,313,369,7.2,42,9778
ABarappa,123,316,367,7.2,42,11645
ABarappa,124,313,360,7.1,42,12545
ABarappa,125,312,364,7.3,44,14066
ABarappa,126,319,357,7.0,42,13682
ABarappa,127,322,353,6.9,42,13791
ABarappa,128,323,355,6.8,42,12602
ABarappa,129,320,357,6.8,42,10799
ABarappa,130,319,358,6.9,42,15202
ABarappa,131,314,361,7.1,44,12832
ABarappa,132,310,359,7.0,42,13383
ABarappa,133,309,353,6.8,42,15107
ABarappa,134,311,352,6.3,43,13799
ABarappa,135,313,349,6.9,41,19344
ABarappa,136,319,344,7.0,41,19636
ABarappa,137,319,344,7.0,40,17989
ABarappa,138,315,344,7.1,39,18653
ABarappa,139,316,348,7.9,38,16114
ABarappa,140,315,350,7.1,35,20736
ABarappa,141,317,352,7.0,33,22776
ABarappaa,142,298,354,7.0,31,18692
ABarappaa,143,293,358,7.0,35,15044
ABarappaa,144,288,361,7.0,35,15698
ABarappaa,145,287,365,7.0,35,13430
ABarappaa,146,281,366,7.0,34,16236
ABarappaa,147,278,365,7.7,34,16644
ABarappaa,148,277,366,7.1,34,16347
ABarappaa,149,271,371,7.2,26,20654
ABarappaa,150,275,371,7.1,36,13988
ABarappaa,151,267,375,8.0,29,18798
ABarappaa,152,266,374,7.9,29,21364
ABarappaa,153,264,372,7.7,29,18009
ABarappaa,154,262,370,7.6,29,14611
ABarappaa,155,260,369,7.4,29,16702
ABarappaa,156,258,367,7.3,29,17710
ABarappaa,157,256,365,7.1,29,18460
ABarappaa,158,254,363,7.0,29,14543
ABarappaa,159,254,361,6.8,29,19973
ABarappaa,160,254,359,6.7,29,17980
ABarappaa,161,254,357,6.5,29,16401
ABarappaa,162,254,355,6.3,29,17994
ABarappaa,163,254,353,6.2,29,12039
ABarappaa,164,254,350,6.0,29,17637
ABarappaa,165,254,349,6.0,29,19651
ABarappaa,166,253,347,6.0,28,17742
ABarappaa,167,252,345,6.0,28,21017
ABarappaa,168,251,343,6.0,27,18532
ABarappaa,169,250,341,6.0,26,21188
ABarappaa,170,248,339,6.1,37,15490
ABarappaa,171,251,334,6.1,37,17122
ABarappaa,172,248,331,6.2,37,16761
ABarappaa,173,253,331,6.2,37,15608
ABarappaa,174,248,332,6.2,37,16435
ABarappaa,175,250,328,5.9,35,16420
ABarappaa,176,256,324,5.5,37,16637
ABarappaa,177,256,326,6.0,35,13678
ABarappaa,178,257,323,5.9,35,17392
ABarappaa,179,257,324,5.4,37,18063
ABarappaa,180,260,320,5.8,35,15705
ABarappaa,181,256,312,5.2,35,13538
ABarappaa,182,258,308,5.2,34,16727
ABarappaa,183,260,305,5.9,34,14164
ABarappaa,184,263,306,5.4,35,17959
ABarappaa,185,262,310,5.4,34,16621
ABarappaa,186,266,312,5.3,35,13595
ABarappaa,187,263,306,5.3,34,12206
ABarappaa,188,270,303,6.2,31,15900
ABarappaa,189,278,304,6.1,34,15904
ABarappaa,190,273,305,6.1,31,12048
ABarappaa,191,268,308,6.2,32,14902
ABarappaa,192,261,309,6.2,31,17019
ABarappaa,193,261,309,6.9,30,15935
ABarappaa,194,261,307,6.2,31,21777
ABarappaa,195,268,304,6.2,32,18579
ABarappaa,196,272,303,6.9,29,21065
ABarappaa,197,272,300,6.9,30,19943
ABarappaa,198,277,303,6.1,29,34818
ABarappaaa,199,260,302,5.0,29,14107
ABarappaaa,200,260,302,5.0,29,13684
ABarappaaa,201,260,302,5.0,29,13304
ABarappaaa,202,256,303,5.5,26,18131
ABarappaaa,203,256,303,5.5,26,14332
ABarappaaa,204,255,305,6.2,26,12123
ABarappaaa,205,254,307,6.0,29,15802
ABarappaaa,206,256,308,6.1,30,13423
ABarappaaa,207,254,307,6.0,29,11816
ABarappaaa,208,253,312,6.0,30,10731
ABarappaaa,209,251,315,5.4,31,12030
ABarappaaa,210,253,313,5.9,30,13760
ABarappaaa,211,255,314,5.8,29,12314
ABarappaaa,212,254,316,5.4,26,16787
ABarappaaa,213,254,318,5.3,31,11611
ABarappaaa,214,256,314,5.9,30,14536
ABarappaaa,215,258,312,5.5,31,11278
ABarappaaa,216,258,312,5.5,31,13351
ABarappaaa,217,255,314,6.1,31,13769
ABarappaaa,218,258,312,6.1,32,13417
ABarappaaa,219,252,312,5.3,26,13793
ABarappaaa,220,251,314,5.2,26,19457
ABarappaap,199,301,305,6.7,30,12547
ABarappaap,200,299,307,6.1,29,14421
ABarappaap,201,301,305,6.1,30,15926
ABarappaap,202,297,312,6.1,29,13870
ABarappaap,203,301,310,6.1,30,11997
ABarappaap,204,303,307,6.1,30,11372
ABarappaap,205,304,302,6.0,29,8420
ABarappaap,206,302,299,6.0,30,6335
ABarappaap,207,298,296,5.3,31,12865
ABarappaap,208,295,301,5.2,32,10658
ABarappaap,209,295,303,5.1,29,13190
ABarappaap,210,297,300,5.2,32,9374
ABarappaap,211,296,299,5.2,31,14721
ABarappaap,212,298,301,5.7,30,11396
ABarappaap,213,296,297,5.1,31,16608
ABarappaap,214,296,298,5.2,32,15285
ABarappaap,215,297,296,5.2,31,14377
ABarappaap,216,294,294,5.0,26,17238
ABarappaap,217,294,294,5.0,26,14476
ABarappaap,218,294,293,4.6,32,10130
ABarappaap,219,292,296,4.6,31,13929
ABarappaap,220,292,296,4.7,32,10464
ABarappap,142,332,350,7.1,31,17541
ABarappap,143,338,352,7.1,31,20822
ABarappap,144,335,350,7.9,35,11924
ABarappap,145,334,346,7.9,35,11980
ABarappap,146,332,348,8.8,34,12320
ABarappap,147,334,346,8.9,34,16085
ABarappap,148,333,345,8.9,34,10949
ABarappap,149,328,345,8.0,34,12639
ABarappap,150,323,348,8.1,34,14043
ABarappap,151,315,346,8.0,34,11795
ABarappap,152,314,341,8.0,34,12935
ABarappap,153,314,343,7.8,34,12714
ABarappap,154,312,345,7.9,34,13462
ABarappap,155,314,347,7.9,34,12614
ABarappap,156,313,349,7.0,34,10863
ABarappap,157,312,350,7.8,34,11882
ABarappap,158,312,350,7.0,34,12780
ABarappap,159,307,350,6.9,34,12438
ABarappap,160,305,347,6.9,34,14804
ABarappap,161,307,349,7.0,35,13693
ABarappap,162,306,347,7.9,35,11215
ABarappap,163,308,340,7.8,35,11242
ABarappap,164,307,338,7.2,37,13079
ABarappap,165,306,337,7.1,37,13557
ABarappap,166,305,338,7.0,35,13265
ABarappap,167,303,340,6.2,37,12250
ABarappap,168,299,337,7.0,26,11247
ABarappap,169,297,339,6.4,37,13110
ABarappap,170,295,337,6.4,37,8743
ABarappap,171,295,338,6.3,37,13703
ABarappap,172,296,337,6.2,39,13927
ABarappap,173,296,338,6.3,37,13775
ABarappap,174,293,334,6.2,37,15086
ABarappap,175,298,330,6.2,37,11319
ABarappap,176,297,332,6.2,37,13045
ABarappap,177,297,331,6.1,37,13866
ABarappap,178,295,328,6.1,39,14207
ABarappap,179,296,326,5.5,37,12915
ABarappap,180,296,329,5.9,35,14426
ABarappap,181,292,325,5.4,37,15862
ABarappap,182,295,322,5.3,38,14496
ABarappap,183,298,316,5.4,36,16184
ABarappap,184,299,316,5.4,37,12419
ABarappap,185,298,322,5.4,36,13130
ABarappap,186,303,327,5.4,35,16735
ABarappap,187,301,323,5.2,34,10416
ABarappap,188,304,323,5.1,31,11439
ABarappap,189,313,323,5.1,34,15257
ABarappap,190,314,316,5.2,31,15007
ABarappap,191,311,317,5.1,34,14721
ABarappap,192,301,321,5.1,31,20648
ABarappap,193,301,329,5.9,30,18155
ABarappap,194,301,327,6.0,29,17753
ABarappapa,195,291,330,6.0,30,16933
ABarappapa,196,285,334,5.9,29,13495
ABarappapa,197,282,336,5.9,30,13866
ABarappapa,198,281,337,5.6,30,10227
ABarappapa,199,280,338,5.3,30,12902
ABarappapa,200,278,339,5.0,29,10173
ABarappapa,201,278,340,5.0,29,14197
ABarappapa,202,278,341,5.0,29,13528
ABarappapa,203,278,342,5.0,29,12641
ABarappapa,204,278,343,5.0,29,10666
ABarappapa,205,278,344,5.0,29,15579
ABarappapa,206,278,345,5.0,29,12351
ABarappapa,207,280,345,5.0,29,11776
ABarappapa,208,283,345,5.0,28,11279
ABarappapa,209,285,344,5.1,28,14085
ABarappapa,210,288,344,5.1,27,15456
ABarappapa,211,291,343,5.1,26,16092
ABarappapa,212,287,344,5.1,26,11690
ABarappapa,213,287,343,5.1,26,14999
ABarappapa,214,287,341,5.1,27,11984
ABarappapa,215,287,340,5.1,27,13001
ABarappapa,216,287,338,5.0,28,14145
ABarappapa,217,287,337,5.0,28,9240
ABarappapa,218,287,335,5.0,29,14793
ABarappapa,219,287,335,5.0,29,11399
ABarappapa,220,288,335,5.0,29,8472
ABarappapp,195,322,334,5.8,30,7265
ABarappapp,196,334,335,5.9,29,11708
ABarappapp,197,331,332,5.3,28,13714
ABarappapp,198,334,333,5.9,29,8664
ABarappapp,199,334,333,6.0,30,11873
ABarappapp,200,334,330,5.8,29,10849
ABarappapp,201,332,324,6.0,30,10587
ABarappapp,202,330,327,5.4,31,11211
ABarappapp,203,324,326,5.2,30,7931
ABarappapp,204,323,324,5.1,30,2675
ABarappapp,205,322,322,4.6,31,10785
ABarappapp,206,323,320,5.1,32,14427
ABarappapp,207,323,320,5.1,32,18424
ABarappapp,208,322,323,5.0,26,21346
ABarappapp,209,322,323,5.0,26,18157
ABarappapp,210,333,320,5.1,32,17900
ABarappapp,211,333,315,5.1,32,22408
ABarappapp,212,334,319,5.0,30,18527
ABarappapp,213,336,318,4.7,31,16482
ABarappapp,214,335,318,5.1,34,22704
ABarappapp,215,335,317,5.2,31,27612
ABarappapp,216,333,313,5.2,32,29257
ABarappapp,217,332,315,6.0,31,47875
ABarappapp,218,331,319,6.0,34,50835
ABarappapp,219,330,321,5.1,31,34279
ABarappapp,220,332,321,5.2,32,31781
ABarappp,99,377,302,8.1,34,8816
ABarappp,100,379,302,8.2,37,7108
ABarappp,101,380,305,8.2,36,5239
ABarappp,102,381,302,7.4,38,8704
ABarappp,103,380,305,8.0,40,7253
ABarappp,104,384,307,7.8,41,6582
ABarappp,105,384,312,8.0,42,8640
ABarappp,106,386,316,7.7,42,6688
ABarappp,107,387,324,7.2,42,7819
ABarappp,108,387,327,7.8,42,6967
ABarappp,109,387,333,7.9,42,6387
ABarappp,110,386,333,7.8,42,9186
ABarappp,111,385,335,8.0,41,8819
ABarappp,112,388,335,8.2,42,9639
ABarappp,113,391,339,9.1,42,9532
ABarappp,114,389,340,9.1,42,9582
ABarappp,115,385,340,9.8,42,8983
ABarappp,116,384,343,10.0,42,10466
ABarappp,117,379,344,10.0,42,9774
ABarappp,118,375,345,9.9,42,10548
ABarappp,119,370,347,9.9,42,9454
ABarappp,120,365,351,9.1,42,10828
ABarappp,121,363,355,9.2,42,12432
ABarappp,122,350,360,10.0,42,9529
ABarappp,123,346,363,9.9,42,13718
ABarappp,124,336,367,9.4,46,9965
ABarappp,125,338,370,10.0,42,12322
ABarappp,126,339,372,9.9,42,13905
ABarappp,127,338,373,9.8,42,13712
ABarappp,128,333,377,10.0,42,16203
ABarappp,129,332,381,10.0,44,16126
ABarappp,130,329,379,10.1,44,13507
ABarappp,131,329,379,10.3,44,15041
ABarappp,132,329,378,10.2,44,12636
ABarappp,133,323,377,10.1,42,14825
ABarappp,134,319,374,10.0,45,15548
ABarappp,135,316,375,10.1,43,20310
ABarappp,136,315,374,10.1,41,20202
ABarappp,137,307,378,10.0,34,18341
ABarappp,138,296,378,11.0,35,20450
ABarapppa,139,269,370,9.2,32,14189
ABarapppa,140,262,369,9.1,35,14234
ABarapppa,141,270,373,8.4,35,12435
ABarapppa,142,265,373,9.1,37,12127
ABarapppa,143,263,374,9.4,37,13183
ABarapppa,144,259,380,9.5,37,13071
ABarapppa,145,260,379,10.0,37,12534
ABarapppa,146,260,376,10.3,38,13096
ABarapppa,147,257,376,10.5,36,14077
ABarapppa,148,259,373,10.4,38,17590
ABarapppa,149,263,372,10.3,36,15915
ABarapppa,150,263,372,10.3,36,16134
ABarapppa,151,262,372,10.3,36,17688
ABarapppa,152,260,369,10.2,36,16049
ABarapppa,153,262,367,10.3,38,15860
ABarapppa,154,262,367,10.3,36,17879
ABarapppa,155,266,367,10.2,36,17047
ABarapppa,156,255,364,10.2,36,14633
ABarapppa,157,253,359,10.3,36,15339
ABarapppa,158,253,360,10.2,38,13073
ABarapppa,159,255,361,10.1,36,18306
ABarapppa,160,256,360,10.1,38,17880
ABarapppa,161,256,360,10.1,37,18007
ABarapppa,162,255,360,10.1,37,19308
ABarapppa,163,256,358,10.0,37,18290
ABarapppa,164,249,359,9.2,37,21538
ABarapppa,165,251,355,9.2,37,17966
ABarapppa,166,252,353,9.3,37,18980
ABarapppa,167,251,353,9.3,37,17479
ABarapppa,168,248,353,9.2,37,19767
ABarapppa,169,243,353,9.0,35,17922
ABarapppa,170,241,350,9.0,35,18332
ABarapppa,171,240,346,8.9,35,20951
ABarapppa,172,237,345,9.0,35,16040
ABarapppa,173,240,348,9.0,37,16965
ABarapppa,174,241,345,9.0,35,19769
ABarapppa,175,241,346,8.1,37,21479
ABarapppa,176,237,346,8.0,35,19078
ABarapppa,177,229,346,7.9,35,16503
ABarapppa,178,229,338,7.9,35,13586
ABarapppa,179,232,336,7.9,35,16013
ABarapppa,180,230,333,8.1,37,16421
ABarapppa,181,228,329,8.0,35,16755
ABarapppa,182,229,324,7.8,34,18413
ABarapppa,183,232,327,7.1,34,17690
ABarapppa,184,228,331,7.1,33,20192
ABarapppa,185,227,335,6.3,36,17547
ABarapppa,186,232,332,6.1,35,16038
ABarapppa,187,227,324,6.3,32,16118
ABarapppa,188,230,325,6.2,31,18113
ABarapppa,189,232,323,6.8,30,19251
ABarapppa,190,229,322,7.1,31,20596
ABarapppa,191,228,319,7.1,30,27409
ABarapppa,192,224,323,7.9,29,24439
ABarapppa,193,224,320,7.9,30,31215
ABarapppaa,194,204,314,8.1,29,20271
ABarapppaa,195,199,319,9.0,30,20152
ABarapppaa,196,201,323,8.8,29,21042
ABarapppaa,197,205,326,8.9,30,15157
ABarapppaa,198,207,325,9.0,29,15396
ABarapppaa,199,201,325,9.0,26,13065
ABarapppaa,200,195,330,9.1,26,17150
ABarapppaa,201,190,338,8.1,30,16408
ABarapppaa,202,185,337,7.6,31,15453
ABarapppaa,203,186,339,8.3,32,18120
ABarapppaa,204,184,338,8.7,30,23107
ABarapppaa,205,185,334,8.3,31,17951
ABarapppaa,206,188,331,8.3,32,21683
ABarapppaa,207,185,329,9.2,31,16695
ABarapppaa,208,186,332,9.1,26,20926
ABarapppaa,209,186,331,9.0,29,14921
ABarapppaa,210,185,329,8.4,26,18454
ABarapppaa,211,188,329,8.4,31,20236
ABarapppaa,212,190,327,8.7,30,10473
ABarapppaa,213,188,326,9.0,29,16977
ABarapppaa,214,190,327,8.9,30,16999
ABarapppaa,215,189,328,9.0,29,18282
ABarapppaa,216,190,330,8.8,30,17739
ABarapppaa,217,189,334,8.2,31,20742
ABarapppaa,218,194,331,8.2,30,25957
ABarapppaa,219,194,334,7.6,31,23563
ABarapppaa,220,194,330,8.1,30,23122
ABarapppap,194,234,315,7.0,29,21256
ABarapppap,195,238,311,6.8,30,17456
ABarapppap,196,240,308,7.1,29,12189
ABarapppap,197,243,309,7.0,30,17395
ABarapppap,198,243,309,7.0,29,12840
ABarapppap,199,236,311,6.2,30,13194
ABarapppap,200,231,313,6.2,31,14031
ABarapppap,201,230,316,5.9,30,15237
ABarapppap,202,229,319,6.1,31,16623
ABarapppap,203,227,317,6.4,32,14680
ABarapppap,204,222,315,6.2,30,18192
ABarapppap,205,225,311,6.3,31,13800
ABarapppap,206,228,314,6.1,30,17783
ABarapppap,207,221,311,6.1,31,17645
ABarapppap,208,220,314,6.3,34,15511
ABarapppap,209,222,313,6.4,31,15581
ABarapppap,210,223,314,6.2,32,14934
ABarapppap,211,223,315,6.2,31,19335
ABarapppap,212,224,315,6.2,26,22747
ABarapppap,213,223,316,6.4,31,18321
ABarapppap,214,226,314,6.3,32,15729
ABarapppap,215,225,315,6.4,31,14177
ABarapppap,216,225,315,6.4,32,16397
ABarapppap,217,224,316,6.3,31,16044
ABarapppap,218,229,318,6.2,30,16842
ABarapppap,219,225,318,6.1,31,13495
ABarapppap,220,226,322,6.2,34,15412
ABarapppp,139,304,375,10.1,34,14721
ABarapppp,140,306,380,10.2,35,15097
ABarapppp,141,313,387,10.9,37,10273
ABarapppp,142,308,385,10.8,37,12477
ABarapppp,143,309,382,10.8,35,11579
ABarapppp,144,310,385,10.1,35,11650
ABarapppp,145,310,382,10.1,35,13069
ABarapppp,146,309,387,10.1,34,13687
ABarapppp,147,303,384,11.1,36,12827
ABarapppp,148,302,381,11.2,36,11453
ABarapppp,149,304,379,10.9,34,14673
ABarapppp,150,303,377,11.1,36,15067
ABarapppp,151,304,377,11.2,36,15310
ABarapppp,152,301,377,11.0,36,12803
ABarapppp,153,297,382,10.0,36,13622
ABarapppp,154,294,381,9.5,36,15935
ABarapppp,155,297,381,9.2,36,15588
ABarapppp,156,290,377,9.0,36,13115
ABarapppp,157,289,375,9.2,38,12002
ABarapppp,158,290,371,9.2,38,14728
ABarapppp,159,290,371,9.3,36,13820
ABarapppp,160,290,369,9.1,36,19632
ABarapppp,161,287,372,9.2,37,15112
ABarapppp,162,285,375,9.2,37,11809
ABarapppp,163,286,368,9.2,37,11587
ABarapppp,164,282,371,8.3,37,13667
ABarapppp,165,280,369,8.1,37,13731
ABarapppp,166,278,370,8.1,37,13000
ABarapppp,167,279,371,8.2,37,13991
ABarapppp,168,277,368,8.0,37,13143
ABarapppp,169,272,368,8.0,37,14726
ABarapppp,170,270,370,8.0,35,16745
ABarapppp,171,268,367,8.1,35,19929
ABarapppp,172,268,368,7.3,37,13810
ABarapppp,173,270,367,7.4,37,16880
ABarapppp,174,267,368,7.3,37,15292
ABarapppp,175,270,362,7.2,37,13540
ABarapppp,176,270,359,7.2,37,16348
ABarapppp,177,265,358,7.2,37,17948
ABarapppp,178,264,357,7.2,37,13577
ABarapppp,179,264,355,7.1,39,16183
ABarapppp,180,260,350,7.1,39,14948
ABarapppp,181,256,347,7.1,39,13913
ABarapppp,182,258,344,7.0,36,15816
ABarapppp,183,262,341,6.1,36,18145
ABarapppp,184,263,342,6.0,37,12950
ABarapppp,185,262,346,6.1,34,15831
ABarapppp,186,267,347,5.5,33,15074
ABarapppp,187,263,344,6.1,30,21255
ABarapppp,188,265,346,6.9,29,21602
ABarapppp,189,272,346,6.1,30,28841
ABarappppa,190,257,344,5.2,29,20417
ABarappppa,191,252,346,5.7,30,23818
ABarappppa,192,255,346,5.1,29,18318
ABarappppa,193,252,341,5.1,34,16186
ABarappppa,194,248,343,5.3,31,18878
ABarappppa,195,250,347,5.9,30,16061
ABarappppa,196,247,348,6.1,29,19226
ABarappppa,197,248,346,6.8,30,13697
ABarappppa,198,251,345,6.0,31,17315
ABarappppa,199,253,342,6.2,30,15705
ABarappppa,200,248,342,6.4,31,15634
ABarappppa,201,242,340,6.9,30,14433
ABarappppa,202,238,344,6.4,31,19679
ABarappppa,203,239,342,6.3,32,16424
ABarappppa,204,239,338,6.4,32,14039
ABarappppa,205,239,337,6.6,31,16607
ABarappppa,206,241,341,7.2,32,20057
ABarappppa,207,237,335,6.5,31,19874
ABarappppa,208,239,338,7.1,34,18237
ABarappppa,209,242,337,7.0,26,16120
ABarappppa,210,241,331,7.1,34,16407
ABarappppa,211,244,332,7.3,31,20959
ABarappppa,212,246,332,7.2,34,16358
ABarappppa,213,249,333,7.4,31,17079
ABarappppa,214,248,334,7.3,34,14448
ABarappppa,215,250,331,7.4,31,17146
ABarappppa,216,246,330,7.3,34,20182
ABarappppa,217,249,328,7.4,31,17994
ABarappppa,218,252,333,7.3,34,15859
ABarappppa,219,248,330,7.1,31,19426
ABarappppa,220,251,333,7.0,34,14798
ABarappppp,190,289,338,6.9,29,14180
ABarappppp,191,291,330,7.9,30,21336
ABarappppp,192,291,333,7.9,29,17965
ABarappppp,193,293,337,8.1,30,16720
ABarappppp,194,293,341,9.0,29,12273
ABarappppp,195,293,340,9.2,30,9957
ABarappppp,196,291,342,9.1,31,14624
ABarappppp,197,293,338,9.0,30,14958
ABarappppp,198,291,340,8.2,31,12806
ABarappppp,199,288,340,8.1,30,13573
ABarappppp,200,284,342,8.2,31,15245
ABarappppp,201,281,338,8.1,32,18206
ABarappppp,202,276,345,8.1,26,12888
ABarappppp,203,275,343,8.0,32,14667
ABarappppp,204,276,343,8.2,34,15657
ABarappppp,205,276,342,8.1,31,16637
ABarappppp,206,276,342,8.1,31,12555
ABarappppp,207,278,341,8.1,31,15984
ABarappppp,208,280,343,8.1,34,19186
ABarappppp,209,277,344,8.1,31,14662
ABarappppp,210,279,341,8.1,30,11766
ABarappppp,211,282,341,8.1,31,16175
ABarappppp,212,281,342,8.2,26,18815
ABarappppp,213,282,343,8.1,26,20149
ABarappppp,214,282,343,8.1,26,15108
ABarappppp,215,282,344,7.2,26,14519
ABarappppp,216,279,345,7.2,26,17680
ABarappppp,217,282,347,7.2,31,14061
ABarappppp,218,284,347,7.3,34,19208
ABarappppp,219,283,346,7.3,31,16465
ABarappppp,220,285,350,7.2,32,19998
ABarp,19,305,347,18.9,40,-1036
ABarp,20,320,359,18.2,35,-125
ABarp,21,330,363,17.3,34,-1403
ABarp,22,313,357,17.4,40,338
ABarp,23,314,357,19.1,55,-74
ABarp,24,305,368,19.7,57,-710
ABarp,25,303,371,19.9,60,-367
ABarp,26,296,371,19.1,44,626
ABarp,27,303,364,20.2,57,434
ABarp,28,312,365,20.2,57,-420
ABarp,29,309,363,20.2,60,-71
ABarp,30,312,374,19.3,63,-555
ABarp,31,323,380,18.1,65,-1087
ABarp,32,328,378,17.9,62,-146
ABarp,33,322,386,17.1,65,-186
ABarp,34,316,384,18.0,65,-853
ABarp,35,301,381,18.8,64,-899
ABarp,36,304,374,18.1,56,-622
ABarp,37,320,355,17.1,40,947
ABarpa,38,284,374,16.1,36,-233
ABarpa,39,279,375,15.2,34,1351
ABarpa,40,277,374,15.2,50,-302
ABarpa,41,276,377,14.2,48,-167
ABarpa,42,263,385,15.1,50,435
ABarpa,43,259,386,14.3,52,-598
ABarpa,44,254,386,14.1,56,253
ABarpa,45,253,384,14.3,55,-712
ABarpa,46,253,379,14.3,59,-445
ABarpa,47,254,378,14.8,57,-441
ABarpa,48,251,380,14.8,56,-1006
ABarpa,49,249,381,14.3,60,-1194
ABarpa,50,247,381,14.2,59,-216
ABarpa,51,251,378,15.1,61,-642
ABarpa,52,247,378,15.1,59,-275
ABarpa,53,246,376,15.3,61,-670
ABarpa,54,250,376,16.1,59,-777
ABarpa,55,246,378,15.9,58,-202
ABarpa,56,241,375,15.8,58,-32
ABarpa,57,246,374,15.9,59,-256
ABarpa,58,256,369,15.9,58,-305
ABarpa,59,263,370,15.9,58,28
ABarpa,60,265,366,16.9,58,505
ABarpa,61,272,368,17.0,56,292
ABarpa,62,270,361,16.4,52,1076
ABarpaa,63,266,375,18.9,36,1029
ABarpaa,64,258,376,18.9,53,-1061
ABarpaa,65,252,378,17.2,52,1952
ABarpaa,66,241,373,17.1,49,506
ABarpaa,67,232,368,17.9,49,1017
ABarpaa,68,232,376,18.1,49,471
ABarpaa,69,230,381,18.0,49,1318
ABarpaa,70,229,381,18.0,50,1407
ABarpaa,71,228,378,17.8,50,899
ABarpaa,72,221,375,17.1,50,780
ABarpaa,73,217,377,17.0,51,1940
ABarpaa,74,225,379,17.1,51,1408
ABarpaa,75,225,376,17.1,51,1280
ABarpaa,76,227,378,18.1,51,2095
ABarpaa,77,231,378,18.8,50,1413
ABarpaa,78,231,380,18.9,50,1664
ABarpaa,79,230,375,19.0,50,1814
ABarpaa,80,238,377,18.2,51,2964
ABarpaa,81,241,379,18.4,51,3046
ABarpaa,82,239,377,19.1,51,2570
ABarpaa,83,244,372,19.9,49,3181
ABarpaa,84,246,373,19.3,51,2684
ABarpaa,85,248,374,18.9,50,1971
ABarpaa,86,253,373,19.1,50,4001
ABarpaa,87,252,373,19.9,50,4882
ABarpaa,88,253,369,19.2,50,4586
ABarpaa,89,250,365,18.4,51,6939
ABarpaa,90,248,365,18.4,51,5806
ABarpaa,91,250,364,18.9,49,5617
ABarpaa,92,248,375,18.1,49,6456
ABarpaa,93,247,382,18.2,49,7233
ABarpaaa,94,243,390,16.7,49,5299
ABarpaaa,95,245,393,15.4,41,7853
ABarpaaa,96,248,396,15.1,42,7082
ABarpaaa,97,239,395,15.1,40,9258
ABarpaaa,98,233,393,16.2,42,7683
ABarpaaa,99,230,391,15.8,42,6023
ABarpaaa,100,228,390,15.0,41,9980
ABarpaaa,101,225,387,15.0,40,10947
ABarpaaa,102,228,388,15.0,40,13596
ABarpaaa,103,218,384,15.0,40,12924
ABarpaaa,104,224,384,15.1,41,11486
ABarpaaa,105,224,383,14.9,42,10631
ABarpaaa,106,220,380,14.9,42,11732
ABarpaaa,107,225,381,15.0,42,12209
ABarpaaa,108,226,384,15.1,42,14155
ABarpaaa,109,227,386,16.0,42,13423
ABarpaaa,110,227,385,16.9,42,10952
ABarpaaa,111,227,385,16.0,41,16835
ABarpaaa,112,232,386,16.0,42,14481
ABarpaaa,113,235,386,16.0,42,14711
ABarpaaa,114,234,383,16.9,42,13898
ABarpaaa,115,233,384,17.0,42,14492
ABarpaaa,116,228,382,17.9,42,15073
ABarpaaa,117,224,378,19.0,42,14104
ABarpaaa,118,224,376,20.2,42,14339
ABarpaaa,119,224,373,21.1,42,14736
ABarpaaa,120,222,370,21.9,42,11051
ABarpaaa,121,218,358,23.0,42,10400
ABarpaaa,122,217,354,23.1,42,13172
ABarpaaa,123,215,352,23.2,42,12960
ABarpaaa,124,223,344,24.0,42,9173
ABarpaaa,125,223,339,24.2,41,12929
ABarpaaa,126,223,333,24.3,39,16511
ABarpaaa,127,223,327,24.5,38,19081
ABarpaaa,128,223,322,24.7,36,16541
ABarpaaa,129,223,316,24.8,35,15677
ABarpaaa,130,222,310,25.0,33,16637
ABarpaaa,131,227,306,24.2,46,12875
ABarpaaa,132,234,297,24.3,46,12307
ABarpaaa,133,225,299,24.3,46,11608
ABarpaaa,134,218,299,24.2,45,14349
ABarpaaa,135,219,295,25.0,45,14141
ABarpaaa,136,222,286,24.2,45,16646
ABarpaaa,137,229,276,24.2,44,12149
ABarpaaa,138,224,259,24.2,43,14520
ABarpaaa,139,229,254,24.1,38,13673
ABarpaaa,140,225,250,24.9,37,18073
ABarpaaa,141,221,249,24.1,37,23314
ABarpaaa,142,225,244,23.9,37,18540
ABarpaaa,143,218,245,24.0,35,24829
ABarpaaaa,144,197,239,24.0,35,17901
ABarpaaaa,145,196,230,24.1,35,16827
ABarpaaaa,146,190,230,24.1,34,14779
ABarpaaaa,147,184,232,24.0,36,15245
ABarpaaaa,148,177,232,24.2,36,15979
ABarpaaaa,149,181,234,24.1,38,14649
ABarpaaaa,150,181,230,24.1,36,16216
ABarpaaaa,151,180,230,24.1,38,13425
ABarpaaaa,152,183,232,23.3,38,11153
ABarpaaaa,153,184,231,23.3,38,11997
ABarpaaaa,154,187,227,23.2,36,15974
ABarpaaaa,155,188,234,23.2,36,11915
ABarpaaaa,156,187,230,23.2,36,11335
ABarpaaaa,157,186,224,23.3,38,13533
ABarpaaaa,158,184,218,23.2,38,14892
ABarpaaaa,159,189,226,23.1,38,13324
ABarpaaaa,160,188,228,23.2,36,12054
ABarpaaaa,161,189,225,23.1,39,14136
ABarpaaaa,162,189,239,23.1,39,13599
ABarpaaaa,163,194,238,22.2,39,11790
ABarpaaaa,164,193,242,23.1,37,11567
ABarpaaaa,165,189,244,24.0,39,10097
ABarpaaaa,166,195,242,23.2,39,8885
ABarpaaaa,167,203,242,23.1,37,12493
ABarpaaaa,168,199,242,23.1,39,11455
ABarpaaaa,169,196,238,24.1,39,11031
ABarpaaaa,170,195,238,24.1,39,15934
ABarpaaaa,171,189,243,24.1,39,13466
ABarpaaaa,172,187,249,24.1,39,11787
ABarpaaaa,173,187,245,24.1,39,9092
ABarpaaaa,174,188,249,24.2,37,10849
ABarpaaaa,175,192,260,24.1,39,11968
ABarpaaaa,176,195,261,24.1,39,11149
ABarpaaaa,177,187,272,24.2,39,8257
ABarpaaaa,178,187,271,24.1,39,8747
ABarpaaaa,179,195,274,24.2,39,9561
ABarpaaaa,180,199,273,25.1,39,8267
ABarpaaaa,181,197,272,24.1,39,11154
ABarpaaaa,182,192,278,25.1,38,10947
ABarpaaaa,183,187,267,24.1,38,8183
ABarpaaaa,184,191,267,24.2,37,12296
ABarpaaaa,185,190,266,24.1,36,13570
ABarpaaaa,186,192,273,25.1,35,13338
ABarpaaaa,187,187,275,25.1,34,19276
ABarpaaaa,188,186,272,24.2,31,13704
ABarpaaaa,189,186,270,24.2,34,20178
ABarpaaaa,190,186,277,25.0,31,17421
ABarpaaaa,191,189,275,24.2,34,14921
ABarpaaaa,192,190,271,24.2,31,21728
ABarpaaaa,193,193,272,24.1,34,20473
ABarpaaaa,194,195,269,24.0,31,22088
ABarpaaaa,195,198,272,23.2,34,17419
ABarpaaaa,196,192,272,24.1,31,21770
ABarpaaaa,197,187,272,24.1,34,16980
ABarpaaaa,198,182,267,24.1,31,18736
ABarpaaaa,199,177,267,23.1,34,18772
ABarpaaaa,200,181,261,22.4,31,24225
ABarpaaaa,201,174,259,23.1,34,26025
ABarpaaaaa,202,157,260,23.0,29,23634
ABarpaaaaa,203,157,261,23.0,29,34882
ABarpaaaaa,204,157,262,23.1,28,27035
ABarpaaaaa,205,157,263,23.1,27,31323
ABarpaaaaa,206,158,265,23.1,26,40174
ABarpaaaaa,207,157,269,23.1,31,43265
ABarpaaaaa,208,154,270,23.0,34,46035
ABarpaaaaa,209,159,275,24.0,31,32848
ABarpaaaaa,210,160,276,23.1,34,24216
ABarpaaaaa,211,160,276,24.0,31,18870
ABarpaaaaa,212,164,279,24.0,34,27615
ABarpaaaaa,213,163,280,24.0,31,24119
ABarpaaaaa,214,163,279,24.1,34,34510
ABarpaaaaa,215,163,279,24.1,34,26690
ABarpaaaaa,216,166,280,24.0,34,32229
ABarpaaaaa,217,160,274,23.2,31,40492
ABarpaaaaa,218,161,271,24.1,34,28167
ABarpaaaaa,219,158,274,23.2,31,37375
ABarpaaaaa,220,165,276,24.1,34,24550
ABarpaaaap,202,196,245,22.1,26,12244
ABarpaaaap,203,198,244,23.0,26,17806
ABarpaaaap,204,197,244,23.2,26,18794
ABarpaaaap,205,192,242,23.1,31,20118
ABarpaaaap,206,193,237,23.1,34,11552
ABarpaaaap,207,192,234,23.1,31,21108
ABarpaaaap,208,188,234,24.1,34,11544
ABarpaaaap,209,191,245,24.1,31,9054
ABarpaaaap,210,186,245,24.2,34,13573
ABarpaaaap,211,191,244,24.1,31,12338
ABarpaaaap,212,184,242,24.1,34,10220
ABarpaaaap,213,180,240,24.0,31,13548
ABarpaaaap,214,179,239,24.1,34,10185
ABarpaaaap,215,182,247,24.0,31,16884
ABarpaaaap,216,181,244,24.1,34,11339
ABarpaaaap,217,178,242,23.2,31,8508
ABarpaaaap,218,176,243,23.1,34,6490
ABarpaaaap,219,173,242,23.1,31,7385
ABarpaaaap,220,175,244,23.1,34,7806
ABarpaaap,144,234,241,23.9,35,8837
ABarpaaap,145,236,239,23.9,35,12588
ABarpaaap,146,235,238,23.9,34,10672
ABarpaaap,147,231,237,24.1,36,10970
ABarpaaap,148,230,238,24.1,38,7942
ABarpaaap,149,235,236,24.1,36,10763
ABarpaaap,150,233,234,24.1,38,9172
ABarpaaap,151,232,231,24.9,34,12325
ABarpaaap,152,233,234,24.1,38,8238
ABarpaaap,153,234,235,24.1,38,5451
ABarpaaap,154,230,238,24.1,38,6546
ABarpaaap,155,232,239,24.1,38,7751
ABarpaaap,156,231,241,24.1,36,11333
ABarpaaap,157,227,240,24.1,38,8994
ABarpaaap,158,223,244,24.1,36,10487
ABarpaaap,159,221,244,23.3,38,5593
ABarpaaap,160,220,240,25.1,36,13654
ABarpaaap,161,218,239,24.3,39,9017
ABarpaaap,162,217,247,24.1,39,12603
ABarpaaap,163,223,248,24.1,39,12305
ABarpaaap,164,226,249,23.2,37,11295
ABarpaaap,165,227,250,24.1,37,13644
ABarpaaap,166,227,250,24.1,37,12696
ABarpaaap,167,227,253,24.0,26,17643
ABarpaaap,168,228,254,23.3,37,13325
ABarpaaap,169,224,257,24.0,37,16922
ABarpaaap,170,226,260,24.1,37,18558
ABarpaaap,171,223,261,24.0,37,15162
ABarpaaap,172,219,263,23.2,39,12178
ABarpaaap,173,221,265,23.3,37,15033
ABarpaaap,174,221,265,23.9,35,18669
ABarpaaap,175,224,270,23.2,39,16151
ABarpaaap,176,225,269,23.3,39,12095
ABarpaaap,177,227,275,24.1,39,14917
ABarpaaap,178,225,275,23.3,39,15365
ABarpaaap,179,228,277,24.0,39,13331
ABarpaaap,180,233,277,23.2,37,17261
ABarpaaap,181,232,279,23.2,39,13650
ABarpaaap,182,224,282,23.2,38,12510
ABarpaaap,183,219,279,23.2,38,9826
ABarpaaap,184,224,277,23.2,37,15391
ABarpaaap,185,224,276,24.1,36,17980
ABarpaaap,186,222,273,24.1,35,19543
ABarpaaap,187,219,276,24.1,34,18347
ABarpaaap,188,218,277,24.1,31,22787
ABarpaaap,189,217,277,24.1,34,18523
ABarpaaap,190,219,277,24.2,31,22097
ABarpaaap,191,221,280,24.0,34,21193
ABarpaaap,192,221,286,25.0,31,16743
ABarpaaap,193,225,286,24.1,34,15510
ABarpaaap,194,224,290,24.0,31,21338
ABarpaaap,195,224,282,23.2,34,16263
ABarpaaap,196,222,272,24.0,31,20971
ABarpaaap,197,221,269,24.0,34,21269
ABarpaaap,198,218,265,24.1,31,31417
ABarpaaap,199,215,266,24.0,34,22818
ABarpaaap,200,214,263,23.1,31,19048
ABarpaaap,201,215,262,23.1,34,19938
ABarpaaap,202,220,263,23.0,31,24010
ABarpaaap,203,220,264,23.0,34,19203
ABarpaaap,204,220,268,23.1,34,18842
ABarpaaap,205,221,271,24.1,31,24551
ABarpaaap,206,215,265,24.0,32,27029
ABarpaaap,207,214,261,24.0,29,25130
ABarpaaap,208,216,264,23.0,34,25499
ABarpaaap,209,213,273,23.1,31,30089
ABarpaaapa,210,197,272,23.0,30,22437
ABarpaaapa,211,197,271,22.1,31,19335
ABarpaaapa,212,195,276,23.0,30,20188
ABarpaaapa,213,197,272,22.2,31,13016
ABarpaaapa,214,201,273,22.1,34,6047
ABarpaaapa,215,200,273,23.1,31,11492
ABarpaaapa,216,202,274,23.1,34,11762
ABarpaaapa,217,203,273,23.0,31,7372
ABarpaaapa,218,203,273,23.1,34,11283
ABarpaaapa,219,206,275,22.0,31,4958
ABarpaaapa,220,210,271,23.1,34,7388
ABarpaaapp,210,233,284,24.2,26,18904
ABarpaaapp,211,235,279,24.1,26,22730
ABarpaaapp,212,234,280,25.1,26,16089
ABarpaaapp,213,234,282,25.0,31,9869
ABarpaaapp,214,235,280,24.1,34,9057
ABarpaaapp,215,233,286,24.3,31,11450
ABarpaaapp,216,231,283,25.0,34,8209
ABarpaaapp,217,229,281,24.2,31,10401
ABarpaaapp,218,230,284,24.2,34,5421
ABarpaaapp,219,229,283,24.1,31,10043
ABarpaaapp,220,229,282,25.0,34,6916
ABarpaap,94,271,376,20.0,49,2824
ABarpaap,95,268,382,20.2,49,5237
ABarpaap,96,263,384,20.1,48,5304
ABarpaap,97,261,384,19.9,46,5652
ABarpaap,98,266,374,20.9,44,3469
ABarpaap,99,268,378,20.9,42,5216
ABarpaap,100,263,379,21.0,41,5923
ABarpaap,101,261,380,20.9,40,5856
ABarpaap,102,264,374,20.1,42,3968
ABarpaap,103,268,368,21.1,40,4997
ABarpaap,104,264,368,21.1,45,5302
ABarpaap,105,263,367,22.1,44,4965
ABarpaap,106,267,371,22.0,42,5537
ABarpaap,107,275,367,22.0,42,5907
ABarpaap,108,280,365,22.0,44,6673
ABarpaap,109,280,364,22.1,44,6840
ABarpaap,110,280,362,23.0,44,7113
ABarpaap,111,273,359,23.0,45,5679
ABarpaap,112,271,360,22.1,46,8066
ABarpaap,113,274,360,22.1,44,5450
ABarpaap,114,282,363,22.1,44,6155
ABarpaap,115,277,358,23.0,46,6732
ABarpaap,116,275,354,23.1,46,6377
ABarpaap,117,275,346,23.1,46,8953
ABarpaap,118,282,341,23.2,46,5864
ABarpaap,119,282,337,24.0,46,6992
ABarpaap,120,282,334,24.0,46,7459
ABarpaap,121,286,331,24.0,46,8733
ABarpaap,122,284,328,24.1,46,7121
ABarpaap,123,279,329,24.0,46,6880
ABarpaap,124,284,318,23.0,46,6631
ABarpaap,125,291,307,23.2,46,6902
ABarpaap,126,293,299,23.1,46,6216
ABarpaap,127,288,292,23.0,46,8523
ABarpaap,128,288,282,23.0,46,6646
ABarpaap,129,284,282,23.0,44,5275
ABarpaap,130,285,283,22.1,44,7456
ABarpaap,131,290,280,22.2,40,9737
ABarpaap,132,290,277,22.1,34,16377
ABarpaapa,133,268,274,23.0,36,12330
ABarpaapa,134,266,273,23.1,35,10140
ABarpaapa,135,264,275,23.0,41,8144
ABarpaapa,136,266,272,23.1,41,5578
ABarpaapa,137,268,257,22.9,40,8814
ABarpaapa,138,269,250,23.1,39,11511
ABarpaapa,139,267,248,22.9,38,9835
ABarpaapa,140,267,243,22.1,37,8434
ABarpaapa,141,264,250,23.0,37,6286
ABarpaapa,142,267,249,23.1,37,8428
ABarpaapa,143,261,252,23.3,37,8269
ABarpaapa,144,271,256,23.1,37,8002
ABarpaapa,145,271,249,23.1,39,8385
ABarpaapa,146,270,246,23.2,38,7716
ABarpaapa,147,268,246,23.2,36,6589
ABarpaapa,148,267,249,23.3,38,8097
ABarpaapa,149,269,246,23.3,36,9681
ABarpaapa,150,274,242,23.2,38,9042
ABarpaapa,151,270,240,23.2,38,8869
ABarpaapa,152,270,243,23.3,38,8663
ABarpaapa,153,275,243,24.0,38,11235
ABarpaapa,154,275,240,24.1,38,6193
ABarpaapa,155,271,243,24.1,38,10549
ABarpaapa,156,275,248,24.1,38,8963
ABarpaapa,157,274,246,24.1,38,10273
ABarpaapa,158,274,247,24.1,38,8285
ABarpaapa,159,275,247,24.1,38,8936
ABarpaapa,160,273,249,24.1,36,9366
ABarpaapa,161,273,249,24.2,39,8093
ABarpaapa,162,273,254,24.1,39,11687
ABarpaapa,163,275,253,24.1,39,11077
ABarpaapa,164,277,252,24.1,39,7621
ABarpaapa,165,276,252,24.1,39,9660
ABarpaapa,166,280,251,24.1,39,10706
ABarpaapa,167,283,253,24.1,39,9602
ABarpaapa,168,282,259,24.1,39,10889
ABarpaapa,169,284,256,24.2,39,8094
ABarpaapa,170,286,255,24.1,39,9281
ABarpaapa,171,286,254,24.1,39,11286
ABarpaapa,172,283,252,24.1,39,11116
ABarpaapa,173,285,256,24.2,39,10571
ABarpaapa,174,283,261,24.2,39,12730
ABarpaapa,175,286,265,24.1,39,10422
ABarpaapa,176,289,265,24.1,39,9774
ABarpaapa,177,286,269,24.1,39,10622
ABarpaapa,178,292,271,24.2,39,9961
ABarpaapa,179,291,272,23.2,39,9697
ABarpaapa,180,289,274,24.1,37,8982
ABarpaapa,181,287,277,23.3,39,14773
ABarpaapa,182,278,282,23.2,38,12125
ABarpaapa,183,276,284,23.2,38,13996
ABarpaapa,184,278,280,23.1,33,14856
ABarpaapa,185,275,276,23.9,32,20472
ABarpaapa,186,267,276,23.1,31,26835
ABarpaapaa,187,254,281,23.1,30,14560
ABarpaapaa,188,253,280,23.0,29,9718
ABarpaapaa,189,254,277,23.1,30,14737
ABarpaapaa,190,255,276,23.2,31,13782
ABarpaapaa,191,256,276,23.1,34,9333
ABarpaapaa,192,258,272,23.1,31,11005
ABarpaapaa,193,262,276,23.1,34,8655
ABarpaapaa,194,258,276,23.1,31,13597
ABarpaapaa,195,256,277,23.2,34,9592
ABarpaapaa,196,254,273,24.0,31,7079
ABarpaapaa,197,253,272,24.2,34,10952
ABarpaapaa,198,250,272,24.1,31,12449
ABarpaapaa,199,248,270,24.3,34,9069
ABarpaapaa,200,244,266,25.0,31,11236
ABarpaapaa,201,247,267,24.2,34,9829
ABarpaapaa,202,252,265,24.2,31,11855
ABarpaapaa,203,253,264,24.2,34,9380
ABarpaapaa,204,256,269,24.1,34,6670
ABarpaapaa,205,256,266,24.0,31,9123
ABarpaapaa,206,253,268,24.0,34,9587
ABarpaapaa,207,256,273,23.0,31,6012
ABarpaapaa,208,260,275,23.6,34,6877
ABarpaapaa,209,257,277,23.6,26,3967
ABarpaapaa,210,259,277,23.0,34,2760
ABarpaapaa,211,259,277,23.2,34,6727
ABarpaapaa,212,260,277,23.3,33,1646
ABarpaapaa,213,261,276,23.5,32,10799
ABarpaapaa,214,262,276,23.7,31,7768
ABarpaapaa,215,263,276,23.8,30,9573
ABarpaapaa,216,264,275,24.0,29,12022
ABarpaapaa,217,264,275,24.0,29,15204
ABarpaapaa,218,264,275,24.0,29,13910
ABarpaapaa,219,263,275,24.1,30,10644
ABarpaapaa,220,263,275,24.1,30,13312
ABarpaapap,187,285,279,23.0,30,12877
ABarpaapap,188,292,272,23.8,29,16380
ABarpaapap,189,295,273,23.0,30,14935
ABarpaapap,190,297,267,23.2,31,12500
ABarpaapap,191,300,262,23.2,34,7371
ABarpaapap,192,301,258,24.1,31,10473
ABarpaapap,193,305,256,24.0,34,9321
ABarpaapap,194,303,257,24.0,31,11290
ABarpaapap,195,307,258,24.2,34,10856
ABarpaapap,196,309,259,24.1,31,10875
ABarpaapap,197,310,260,24.1,34,7377
ABarpaapap,198,307,262,24.0,31,10818
ABarpaapap,199,307,264,24.1,34,8177
ABarpaapap,200,305,260,24.1,31,11275
ABarpaapap,201,306,262,24.1,34,11590
ABarpaapap,202,306,261,24.1,31,13020
ABarpaapap,203,304,259,24.2,32,9313
ABarpaapap,204,305,267,24.1,34,14421
ABarpaapap,205,301,267,24.1,31,10130
ABarpaapap,206,302,268,24.1,34,13053
ABarpaapap,207,307,272,24.2,31,14019
ABarpaapap,208,307,271,24.2,34,11018
ABarpaapap,209,302,276,24.2,31,11766
ABarpaapap,210,302,278,24.2,34,10312
ABarpaapap,211,299,275,24.2,31,13774
ABarpaapap,212,297,275,24.2,34,12942
ABarpaapap,213,300,274,24.1,31,12448
ABarpaapap,214,301,277,24.2,34,12052
ABarpaapap,215,300,272,24.2,31,8059
ABarpaapap,216,299,281,24.1,34,8725
ABarpaapap,217,299,279,24.1,31,8463
ABarpaapap,218,303,276,24.1,34,10720
ABarpaapap,219,300,279,24.2,31,12773
ABarpaapap,220,302,275,24.1,34,12942
ABarpaapp,133,314,281,22.0,36,7940
ABarpaapp,134,319,276,22.9,41,5509
ABarpaapp,135,319,279,22.1,41,6654
ABarpaapp,136,321,275,22.9,41,7986
ABarpaapp,137,325,272,22.9,40,6988
ABarpaapp,138,327,267,23.0,39,8627
ABarpaapp,139,333,268,23.0,38,6715
ABarpaapp,140,329,271,23.0,39,5773
ABarpaapp,141,329,274,23.1,39,7656
ABarpaapp,142,330,271,23.1,39,5982
ABarpaapp,143,332,267,23.2,39,6032
ABarpaapp,144,340,264,23.1,39,8489
ABarpaapp,145,350,265,23.1,39,4833
ABarpaapp,146,348,263,23.2,38,8114
ABarpaapp,147,347,263,23.1,38,6033
ABarpaapp,148,344,262,23.2,38,7817
ABarpaapp,149,346,264,23.2,38,8345
ABarpaapp,150,349,261,23.2,38,5786
ABarpaapp,151,355,261,23.1,38,8182
ABarpaapp,152,352,266,23.1,38,7183
ABarpaapp,153,349,273,23.1,38,9191
ABarpaapp,154,347,273,23.1,38,7547
ABarpaapp,155,343,270,23.1,38,7480
ABarpaapp,156,345,268,24.0,38,8829
ABarpaapp,157,337,267,24.0,38,4898
ABarpaapp,158,338,270,23.1,38,8378
ABarpaapp,159,343,272,24.0,38,6388
ABarpaapp,160,340,273,24.1,38,8132
ABarpaapp,161,340,275,24.1,39,6531
ABarpaapp,162,337,278,24.0,39,8896
ABarpaapp,163,340,281,24.0,39,8727
ABarpaapp,164,340,285,24.0,39,7879
ABarpaapp,165,340,284,24.0,39,6852
ABarpaapp,166,342,288,24.1,39,4735
ABarpaapp,167,347,286,24.1,39,5869
ABarpaapp,168,346,289,24.1,39,7270
ABarpaapp,169,347,288,24.1,39,4963
ABarpaapp,170,348,286,24.1,39,6678
ABarpaapp,171,350,284,24.0,39,7876
ABarpaapp,172,347,281,24.1,39,4790
ABarpaapp,173,346,282,24.1,39,7937
ABarpaapp,174,349,285,24.1,39,6993
ABarpaapp,175,352,283,25.0,39,4739
ABarpaapp,176,358,287,24.1,39,9073
ABarpaapp,177,359,291,24.1,39,6174
ABarpaapp,178,361,295,24.1,39,8994
ABarpaapp,179,368,302,23.1,39,3941
ABarpaapp,180,367,298,23.1,39,10482
ABarpaapp,181,371,294,23.1,39,6729
ABarpaapp,182,365,288,23.9,34,10816
ABarpaapp,183,359,296,24.0,34,13245
ABarpaappa,184,347,294,24.0,33,8385
ABarpaappa,185,335,295,23.9,32,9524
ABarpaappa,186,332,296,23.9,31,12419
ABarpaappa,187,331,299,24.1,32,8895
ABarpaappa,188,343,296,24.1,31,9368
ABarpaappa,189,343,294,24.1,34,5490
ABarpaappa,190,345,293,24.0,31,8385
ABarpaappa,191,343,287,24.1,34,5811
ABarpaappa,192,342,281,24.0,31,4936
ABarpaappa,193,340,276,24.0,34,5697
ABarpaappa,194,338,273,23.3,31,8546
ABarpaappa,195,342,279,25.0,34,668
ABarpaappa,196,344,278,25.0,31,5674
ABarpaappa,197,343,281,24.1,34,7185
ABarpaappa,198,344,280,24.1,31,8736
ABarpaappa,199,344,278,24.1,34,5935
ABarpaappa,200,343,281,24.1,31,10512
ABarpaappa,201,345,285,24.1,34,6592
ABarpaappa,202,343,283,25.0,31,10616
ABarpaappa,203,341,287,24.2,34,6675
ABarpaappa,204,345,294,24.1,34,6690
ABarpaappa,205,340,292,24.1,31,8506
ABarpaappa,206,341,294,24.1,34,8975
ABarpaappa,207,343,297,24.1,31,11064
ABarpaappa,208,345,301,24.1,34,6201
ABarpaappa,209,341,303,24.1,29,9233
ABarpaappa,210,343,303,24.1,34,11123
ABarpaappa,211,342,304,24.1,31,9656
ABarpaappa,212,341,304,24.2,34,11272
ABarpaappa,213,341,298,25.0,31,9759
ABarpaappa,214,344,302,24.2,34,12748
ABarpaappa,215,340,303,24.1,31,12229
ABarpaappa,216,344,302,24.1,34,11093
ABarpaappa,217,344,300,24.2,31,11985
ABarpaappa,218,346,297,24.2,34,7057
ABarpaappa,219,344,290,24.1,31,12528
ABarpaappa,220,345,287,24.2,34,9272
ABarpaappp,184,375,285,23.9,33,9283
ABarpaappp,185,379,285,23.1,32,9913
ABarpaappp,186,381,291,23.1,33,6295
ABarpaappp,187,385,292,24.0,30,8484
ABarpaappp,188,391,285,23.2,31,10245
ABarpaappp,189,393,285,23.1,32,9943
ABarpaappp,190,394,281,23.2,31,10075
ABarpaappp,191,392,278,24.0,32,7835
ABarpaappp,192,396,271,24.2,31,10375
ABarpaappp,193,396,268,23.3,34,5769
ABarpaappp,194,395,267,23.3,31,7819
ABarpaappp,195,396,260,24.1,34,4999
ABarpaappp,196,402,257,24.1,31,8064
ABarpaappp,197,405,258,24.1,34,9260
ABarpaappp,198,399,263,24.0,31,7146
ABarpaappp,199,400,266,25.0,34,6178
ABarpaappp,200,392,267,24.0,31,6635
ABarpaappp,201,392,264,24.1,32,9820
ABarpaappp,202,392,258,24.9,29,5548
ABarpaappp,203,391,254,24.1,34,10631
ABarpaappp,204,389,253,25.0,30,10211
ABarpaappp,205,387,254,25.0,31,6636
ABarpaappp,206,387,255,24.9,30,7031
ABarpaappp,207,381,254,24.2,31,10459
ABarpaappp,208,379,247,24.1,34,6436
ABarpaappp,209,377,257,25.0,31,12560
ABarpaappp,210,380,265,25.0,34,11248
ABarpaappp,211,378,262,24.2,31,5504
ABarpaappp,212,378,259,25.0,34,10715
ABarpaappp,213,381,260,25.1,31,7682
ABarpaappp,214,375,259,24.3,32,10874
ABarpaappp,215,370,255,24.2,31,7821
ABarpaappp,216,374,261,24.1,34,10827
ABarpaappp,217,376,257,24.2,31,6896
ABarpaappp,218,380,255,24.2,34,7023
ABarpaappp,219,376,251,24.1,31,9194
ABarpaappp,220,372,252,24.1,34,6326
ABarpap,63,291,353,15.1,39,87
ABarpap,64,292,345,15.0,53,-29
ABarpap,65,288,340,14.0,52,1253
ABarpap,66,287,338,14.0,49,620
ABarpap,67,289,337,12.9,49,7
ABarpap,68,295,332,12.9,49,647
ABarpap,69,297,331,13.0,49,1898
ABarpap,70,299,329,13.1,50,1706
ABarpap,71,292,329,13.0,50,-163
ABarpap,72,289,329,12.8,50,1840
ABarpap,73,291,323,12.9,51,2280
ABarpap,74,292,325,12.3,51,1303
ABarpap,75,295,325,12.9,51,792
ABarpap,76,294,329,13.2,51,1271
ABarpap,77,292,329,13.3,50,2455
ABarpap,78,291,326,13.9,50,1404
ABarpap,79,287,328,14.0,50,2265
ABarpap,80,286,327,13.9,49,1775
ABarpap,81,289,322,13.2,49,1764
ABarpap,82,288,325,13.2,49,2603
ABarpap,83,294,327,13.2,49,2653
ABarpap,84,295,326,13.2,49,4623
ABarpap,85,299,328,13.0,50,3878
ABarpap,86,299,329,12.9,50,4651
ABarpap,87,297,329,13.0,50,4226
ABarpap,88,293,331,13.0,50,3566
ABarpap,89,292,334,12.9,49,5200
ABarpap,90,296,338,12.9,49,7207
ABarpap,91,298,337,12.3,51,6536
ABarpap,92,296,341,13.0,49,7721
ABarpap,93,297,341,12.8,49,7830
ABarpap,94,296,334,12.2,49,8900
ABarpap,95,296,337,13.1,47,8940
ABarpapa,96,275,340,13.0,48,4075
ABarpapa,97,277,347,12.9,46,6107
ABarpapa,98,276,350,14.0,42,7057
ABarpapa,99,269,349,14.0,42,6313
ABarpapa,100,269,356,14.1,41,11132
ABarpapa,101,260,354,13.9,40,5987
ABarpapa,102,261,355,13.4,42,9002
ABarpapa,103,257,352,14.1,40,6004
ABarpapa,104,255,346,13.9,41,9060
ABarpapa,105,256,348,13.9,42,10938
ABarpapa,106,257,346,13.9,42,12611
ABarpapa,107,263,353,14.2,42,12462
ABarpapa,108,267,355,14.8,42,11830
ABarpapa,109,268,358,15.0,42,16450
ABarpapa,110,270,355,16.0,42,12900
ABarpapa,111,277,363,16.0,41,14346
ABarpapa,112,280,367,16.0,42,15625
ABarpapa,113,290,360,16.2,42,14160
ABarpapa,114,293,365,17.0,42,15741
ABarpapa,115,294,359,17.1,42,15236
ABarpapa,116,284,369,17.0,42,16715
ABarpapa,117,285,367,17.1,42,19417
ABarpapa,118,285,366,17.2,44,19225
ABarpapa,119,282,368,18.1,44,15788
ABarpapa,120,281,371,19.2,44,18005
ABarpapa,121,275,371,19.2,44,20280
ABarpapa,122,275,372,20.2,44,19727
ABarpapa,123,276,373,21.1,46,19808
ABarpapa,124,279,375,20.3,46,16282
ABarpapa,125,282,372,21.0,44,20857
ABarpapa,126,281,370,22.0,42,20115
ABarpapa,127,276,369,22.0,42,21987
ABarpapa,128,277,368,22.1,44,22513
ABarpapa,129,275,360,22.1,44,23067
ABarpapa,130,267,358,23.0,42,25430
ABarpapa,131,272,354,22.9,42,26479
ABarpapa,132,271,353,23.0,42,26567
ABarpapa,133,266,353,22.1,40,27315
ABarpapa,134,264,354,22.1,45,17659
ABarpapaa,135,239,355,22.3,39,24588
ABarpapaa,136,239,354,24.0,41,17442
ABarpapaa,137,236,346,24.0,40,18838
ABarpapaa,138,226,337,24.0,39,21061
ABarpapaa,139,225,331,24.0,38,21869
ABarpapaa,140,221,322,23.4,39,25846
ABarpapaa,141,216,319,24.0,37,30322
ABarpapaa,142,208,314,24.1,37,28178
ABarpapaa,143,204,305,24.1,39,30311
ABarpapaa,144,213,295,24.2,39,29954
ABarpapaa,145,213,286,25.0,39,24940
ABarpapaa,146,207,285,25.1,38,24520
ABarpapaa,147,205,286,24.1,38,24521
ABarpapaa,148,205,286,24.1,38,25339
ABarpapaa,149,214,281,24.1,38,24966
ABarpapaa,150,214,281,24.1,38,27986
ABarpapaa,151,210,281,24.1,38,27957
ABarpapaa,152,206,283,24.1,36,34523
ABarpapaa,153,212,283,24.1,38,33826
ABarpapaa,154,203,278,24.1,38,30121
ABarpapaa,155,202,282,24.1,38,33728
ABarpapaa,156,205,284,24.1,26,37977
ABarpapaa,157,205,284,24.1,26,31608
ABarpapaa,158,210,285,24.2,38,40030
ABarpapaa,159,202,288,24.0,26,36046
ABarpapaa,160,202,288,24.0,26,12378
ABarpapaa,161,214,285,23.1,39,36790
ABarpapaa,162,226,294,23.3,39,39568
ABarpapaa,163,229,299,24.1,39,42283
ABarpapaa,164,232,301,24.0,39,42365
ABarpapaa,165,234,305,23.2,39,45011
ABarpapaa,166,233,308,23.1,39,47550
ABarpapaa,167,229,312,23.2,39,48363
ABarpapaa,168,225,316,23.3,39,48760
ABarpapaa,169,228,322,23.3,39,49882
ABarpapaa,170,232,319,23.2,39,54472
ABarpapaa,171,228,328,23.2,39,49318
ABarpapaa,172,227,331,23.2,39,55130
ABarpapaa,173,228,334,23.1,39,54044
ABarpapaa,174,231,333,23.2,39,56271
ABarpapaa,175,234,336,23.2,39,60342
ABarpapaa,176,232,338,23.2,39,55764
ABarpapaa,177,234,340,24.0,39,57985
ABarpapaa,178,240,339,23.1,39,54831
ABarpapaa,179,236,337,24.0,39,64351
ABarpapaa,180,244,335,23.1,39,68481
ABarpapaa,181,239,336,23.2,37,76885
ABarpapaa,182,236,339,22.3,38,69587
ABarpapaa,183,231,339,22.2,38,71386
ABarpapaa,184,230,335,22.3,37,67799
ABarpapaa,185,228,336,23.2,36,74165
ABarpapaa,186,239,335,24.0,31,74323
ABarpapaa,187,235,337,23.9,30,87634
ABarpapaaa,188,204,336,24.9,29,79313
ABarpapaaa,189,191,329,24.0,30,84354
ABarpapaaa,190,199,334,24.9,29,77213
ABarpapaaa,191,201,333,24.9,30,63196
ABarpapaaa,192,199,332,24.1,31,71430
ABarpapaaa,193,206,335,24.9,30,79377
ABarpapaaa,194,206,336,24.1,31,68599
ABarpapaaa,195,205,336,24.2,34,74045
ABarpapaaa,196,204,335,25.0,31,79117
ABarpapaaa,197,203,334,25.1,26,65185
ABarpapaaa,198,204,330,25.1,31,72090
ABarpapaaa,199,204,330,25.1,31,74548
ABarpapaaa,200,200,323,25.4,31,74781
ABarpapaaa,201,196,315,25.7,30,54653
ABarpapaaa,202,191,307,26.0,29,64031
ABarpapaaa,203,191,307,25.7,29,54953
ABarpapaaa,204,192,307,25.4,30,64227
ABarpapaaa,205,192,307,25.1,31,77605
ABarpapaaa,206,193,307,24.7,32,80415
ABarpapaaa,207,193,307,24.4,33,83055
ABarpapaaa,208,194,307,24.1,34,82238
ABarpapaaa,209,190,313,24.2,31,85472
ABarpapaaa,210,189,311,24.0,34,80815
ABarpapaaa,211,187,313,24.0,31,87439
ABarpapaaa,212,191,308,24.2,34,69510
ABarpapaaa,213,190,309,24.1,31,84232
ABarpapaaa,214,193,311,24.1,34,80203
ABarpapaaa,215,196,317,24.0,31,81274
ABarpapaaa,216,199,318,24.2,34,78874
ABarpapaaa,217,196,316,24.1,31,89934
ABarpapaaa,218,196,317,24.2,34,76153
ABarpapaaa,219,196,317,24.2,31,75674
ABarpapaaa,220,192,319,24.2,34,83538
ABarpapaap,188,247,327,23.3,31,57319
ABarpapaap,189,247,327,23.1,32,48885
ABarpapaap,190,248,326,24.0,31,56421
ABarpapaap,191,247,321,24.8,30,46591
ABarpapaap,192,247,321,24.8,30,47011
ABarpapaap,193,255,325,24.1,34,36911
ABarpapaap,194,255,316,24.1,31,35081
ABarpapaap,195,251,318,24.1,34,48517
ABarpapaap,196,247,314,25.0,31,40939
ABarpapaap,197,245,323,24.1,34,39478
ABarpapaap,198,241,322,24.2,31,44235
ABarpapaap,199,242,324,24.3,34,42665
ABarpapaap,200,235,322,25.0,31,49070
ABarpapaap,201,227,322,24.2,34,45937
ABarpapaap,202,231,311,24.9,31,56139
ABarpapaap,203,229,310,24.1,34,49449
ABarpapaap,204,226,313,24.2,34,51785
ABarpapaap,205,223,316,24.0,31,48639
ABarpapaap,206,224,316,24.1,34,56188
ABarpapaap,207,221,318,24.1,31,47879
ABarpapaap,208,223,323,24.1,34,53038
ABarpapaap,209,221,322,24.1,31,63242
ABarpapaap,210,217,323,23.2,34,70119
ABarpapaap,211,216,319,24.0,31,73026
ABarpapaap,212,217,324,24.0,34,65065
ABarpapaap,213,222,322,24.1,31,77773
ABarpapaap,214,225,321,24.1,34,64019
ABarpapaap,215,227,327,23.3,31,59211
ABarpapaap,216,228,325,23.3,34,59876
ABarpapaap,217,227,320,23.3,31,65096
ABarpapaap,218,227,320,23.1,26,65100
ABarpapaap,219,222,320,23.2,31,64062
ABarpapaap,220,223,316,23.2,34,61259
ABarpapap,135,284,357,22.0,29,33789
ABarpapap,136,284,347,23.0,41,14514
ABarpapap,137,284,347,23.0,40,15435
ABarpapap,138,278,332,24.0,39,12069
ABarpapap,139,284,323,24.1,38,16636
ABarpapap,140,281,321,24.8,37,17654
ABarpapap,141,270,329,24.2,41,19265
ABarpapap,142,258,329,25.0,37,18414
ABarpapap,143,252,332,24.3,39,24695
ABarpapap,144,251,338,24.1,39,22756
ABarpapap,145,246,336,24.1,39,23652
ABarpapap,146,242,337,25.1,38,25882
ABarpapap,147,244,341,24.1,38,29172
ABarpapap,148,242,338,24.1,38,25921
ABarpapap,149,246,340,24.1,38,27237
ABarpapap,150,246,332,24.2,38,27656
ABarpapap,151,253,328,24.2,38,24373
ABarpapap,152,248,333,24.3,38,28857
ABarpapap,153,247,332,25.0,38,33270
ABarpapap,154,241,329,25.0,38,39712
ABarpapap,155,241,326,25.1,38,33328
ABarpapap,156,248,321,25.1,38,33639
ABarpapap,157,247,310,24.0,38,30377
ABarpapap,158,249,310,24.0,26,24938
ABarpapap,159,243,320,24.1,26,28626
ABarpapap,160,248,325,24.1,38,31565
ABarpapap,161,246,322,25.0,39,33006
ABarpapap,162,251,326,24.1,39,36297
ABarpapap,163,256,328,24.1,39,39592
ABarpapap,164,268,330,25.1,39,38343
ABarpapap,165,270,327,24.1,39,37434
ABarpapap,166,270,324,23.9,39,39447
ABarpapap,167,270,321,23.6,39,45962
ABarpapap,168,270,318,23.4,39,46594
ABarpapap,169,271,314,23.1,39,43774
ABarpapap,170,273,314,23.1,39,45654
ABarpapap,171,269,316,23.1,39,46611
ABarpapap,172,264,318,23.0,39,50432
ABarpapap,173,259,320,23.0,39,39287
ABarpapap,174,263,320,23.0,26,40689
ABarpapap,175,263,325,23.1,39,44864
ABarpapap,176,270,320,24.1,39,50703
ABarpapap,177,272,323,24.1,39,58373
ABarpapap,178,272,328,23.1,39,57314
ABarpapap,179,280,326,24.0,39,56421
ABarpapap,180,286,330,23.1,37,53881
ABarpapap,181,294,333,23.2,39,50405
ABarpapap,182,289,331,24.0,38,54803
ABarpapap,183,285,329,23.3,38,57286
ABarpapap,184,284,328,23.1,37,60666
ABarpapap,185,285,323,23.2,34,69440
ABarpapap,186,282,326,23.8,31,69111
ABarpapap,187,281,325,23.1,30,81271
ABarpapapa,188,269,321,23.3,26,55254
ABarpapapa,189,268,317,24.0,26,63981
ABarpapapa,190,273,307,23.3,31,41343
ABarpapapa,191,278,307,24.1,34,36322
ABarpapapa,192,276,305,23.2,31,42941
ABarpapapa,193,276,302,23.0,34,35124
ABarpapapa,194,274,295,23.0,31,34631
ABarpapapa,195,277,301,24.0,34,43743
ABarpapapa,196,274,298,23.1,31,34471
ABarpapapa,197,270,300,24.0,34,46419
ABarpapapa,198,270,302,24.1,31,40335
ABarpapapa,199,270,304,24.1,34,37800
ABarpapapa,200,269,299,24.1,31,45399
ABarpapapa,201,263,299,25.0,34,40723
ABarpapapa,202,265,296,24.1,31,41938
ABarpapapa,203,262,296,24.0,34,41999
ABarpapapa,204,253,304,25.2,34,47920
ABarpapapa,205,257,302,25.1,31,53952
ABarpapapa,206,261,304,24.2,34,44800
ABarpapapa,207,257,306,24.2,31,60132
ABarpapapa,208,259,310,24.1,34,52863
ABarpapapa,209,257,317,24.1,31,68248
ABarpapapa,210,256,317,24.1,34,58384
ABarpapapa,211,250,317,24.2,31,55523
ABarpapapa,212,252,323,24.1,32,59095
ABarpapapa,213,254,316,24.1,31,65604
ABarpapapa,214,259,318,23.2,34,60339
ABarpapapa,215,260,315,24.0,31,60075
ABarpapapa,216,257,312,24.1,34,54530
ABarpapapa,217,257,310,24.1,31,70185
ABarpapapa,218,263,313,24.0,34,60545
ABarpapapa,219,259,310,23.3,31,60378
ABarpapapa,220,259,309,23.2,34,56992
ABarpapapp,188,306,319,23.2,31,59874
ABarpapapp,189,313,321,23.9,30,62742
ABarpapapp,190,313,314,23.9,29,62826
ABarpapapp,191,313,314,23.1,30,65039
ABarpapapp,192,316,308,24.0,29,57069
ABarpapapp,193,320,307,23.1,32,57263
ABarpapapp,194,318,308,23.1,31,57118
ABarpapapp,195,318,308,23.1,32,52948
ABarpapapp,196,317,308,23.2,31,50780
ABarpapapp,197,312,312,23.1,34,50520
ABarpapapp,198,308,311,23.2,31,53199
ABarpapapp,199,307,318,24.0,34,43098
ABarpapapp,200,307,321,24.1,31,53030
ABarpapapp,201,300,321,24.0,34,48817
ABarpapapp,202,299,318,23.2,31,50970
ABarpapapp,203,298,317,24.0,34,52938
ABarpapapp,204,298,323,24.0,34,44069
ABarpapapp,205,298,321,23.1,31,66126
ABarpapapp,206,304,320,22.2,34,49684
ABarpapapp,207,308,321,23.2,31,71548
ABarpapapp,208,308,321,23.1,34,68275
ABarpapapp,209,305,328,23.2,31,74038
ABarpapapp,210,302,332,24.0,34,61431
ABarpapapp,211,297,328,23.3,31,65809
ABarpapapp,212,298,332,23.3,34,57870
ABarpapapp,213,303,332,23.3,31,69719
ABarpapapp,214,306,335,23.2,32,65844
ABarpapapp,215,301,335,23.2,31,68019
ABarpapapp,216,298,334,23.2,34,66556
ABarpapapp,217,300,331,23.2,31,76260
ABarpapapp,218,301,331,23.2,34,58977
ABarpapapp,219,299,330,23.2,31,62819
ABarpapapp,220,299,326,23.2,34,64732
ABarpapp,96,314,318,14.0,36,8068
ABarpapp,97,316,315,14.1,40,6116
ABarpapp,98,315,316,14.3,42,3718
ABarpapp,99,316,320,15.0,42,4583
ABarpapp,100,320,325,15.1,41,6354
ABarpapp,101,321,326,15.0,40,6642
ABarpapp,102,325,326,14.9,40,7465
ABarpapp,103,324,331,14.4,42,6385
ABarpapp,104,323,334,14.9,41,9010
ABarpapp,105,323,337,14.9,42,6918
ABarpapp,106,326,339,15.9,42,8029
ABarpapp,107,327,342,15.9,42,6768
ABarpapp,108,329,343,16.1,42,8213
ABarpapp,109,333,346,16.0,44,10325
ABarpapp,110,333,350,16.9,42,8524
ABarpapp,111,335,352,16.2,45,11122
ABarpapp,112,340,355,18.1,42,13198
ABarpapp,113,346,353,19.1,42,9388
ABarpapp,114,345,350,19.1,44,10626
ABarpapp,115,346,351,18.3,44,9845
ABarpapp,116,344,355,18.9,42,13365
ABarpapp,117,344,356,18.1,44,13496
ABarpapp,118,342,361,18.3,44,11590
ABarpapp,119,345,360,19.1,44,12867
ABarpapp,120,346,361,21.0,44,12599
ABarpapp,121,341,363,21.2,44,13975
ABarpapp,122,341,364,22.1,42,16966
ABarpapp,123,339,355,23.0,46,16746
ABarpapp,124,338,354,22.9,42,14138
ABarpapp,125,334,352,22.2,44,16089
ABarpapp,126,332,352,22.2,42,17611
ABarpapp,127,328,349,22.1,42,22229
ABarpapp,128,329,343,23.1,44,16659
ABarpapp,129,327,344,23.0,42,17975
ABarpapp,130,322,346,23.0,44,23682
ABarpapp,131,323,343,23.8,42,22395
ABarpapp,132,321,342,23.0,42,22564
ABarpapp,133,322,345,23.1,34,38564
ABarpappa,134,324,350,24.1,41,16827
ABarpappa,135,328,356,24.0,41,15393
ABarpappa,136,333,353,24.1,29,23205
ABarpappa,137,329,350,25.0,40,16544
ABarpappa,138,321,342,24.9,39,12510
ABarpappa,139,318,351,24.9,38,19509
ABarpappa,140,307,355,24.1,41,19695
ABarpappa,141,299,350,24.9,37,19970
ABarpappa,142,283,352,24.1,39,24401
ABarpappa,143,278,354,24.2,39,24502
ABarpappa,144,281,358,24.1,39,24521
ABarpappa,145,282,347,24.2,37,23242
ABarpappa,146,282,345,24.1,38,24509
ABarpappa,147,281,349,25.0,36,26708
ABarpappa,148,278,344,24.1,36,26030
ABarpappa,149,280,344,24.1,36,27649
ABarpappa,150,282,332,24.0,34,29204
ABarpappa,151,284,325,24.1,36,36917
ABarpappa,152,288,333,24.2,38,32905
ABarpappa,153,288,337,24.2,38,31777
ABarpappa,154,286,334,24.2,38,34011
ABarpappa,155,285,336,24.9,34,33550
ABarpappa,156,286,333,24.1,38,40904
ABarpappa,157,282,334,24.1,38,41942
ABarpappa,158,284,334,24.1,38,40082
ABarpappa,159,285,330,23.4,36,43816
ABarpappa,160,285,335,24.1,38,43645
ABarpappa,161,288,333,24.0,35,48152
ABarpappa,162,293,335,24.1,37,48605
ABarpappa,163,296,336,24.1,39,48697
ABarpappa,164,302,340,24.0,37,54416
ABarpappa,165,302,343,24.2,39,49596
ABarpappa,166,306,342,24.2,39,45010
ABarpappa,167,309,339,24.1,39,47165
ABarpappa,168,302,343,23.2,37,49740
ABarpappa,169,304,345,24.0,39,46176
ABarpappa,170,304,339,23.9,35,55940
ABarpappa,171,303,347,24.1,37,56270
ABarpappa,172,304,344,24.0,37,57717
ABarpappa,173,305,351,24.0,37,54277
ABarpappa,174,306,352,24.2,39,64634
ABarpappa,175,310,349,24.1,37,59516
ABarpappa,176,310,357,24.2,37,70020
ABarpappa,177,317,361,24.0,39,64921
ABarpappa,178,312,368,23.1,39,56013
ABarpappa,179,313,363,23.2,39,60491
ABarpappa,180,316,367,23.1,39,69180
ABarpappa,181,317,369,23.1,39,59116
ABarpappa,182,317,363,24.1,38,65214
ABarpappa,183,315,361,24.1,38,61193
ABarpappa,184,308,362,24.2,37,64467
ABarpappa,185,303,366,24.1,36,65189
ABarpappa,186,299,380,22.0,35,55033
ABarpappa,187,293,376,23.2,34,71794
ABarpappa,188,291,371,24.0,31,79725
ABarpappa,189,286,368,23.1,34,76934
ABarpappa,190,287,367,23.3,31,75811
ABarpappa,191,285,358,24.1,34,91775
ABarpappa,192,289,358,24.1,31,83927
ABarpappa,193,295,353,24.0,30,92049
ABarpappa,194,298,358,24.0,31,65561
ABarpappa,195,303,351,24.8,30,88546
ABarpappaa,196,293,340,25.0,29,71318
ABarpappaa,197,280,343,24.2,26,84785
ABarpappaa,198,277,349,24.3,26,95974
ABarpappaa,199,276,356,24.9,30,91866
ABarpappaa,200,270,355,24.2,31,87050
ABarpappaa,201,259,360,24.1,34,81378
ABarpappaa,202,253,360,24.0,31,81811
ABarpappaa,203,256,356,24.9,30,88474
ABarpappaa,204,260,359,25.0,30,98750
ABarpappaa,205,264,360,24.9,31,93976
ABarpappaa,206,268,355,24.3,32,73648
ABarpappaa,207,268,359,24.9,31,96777
ABarpappaa,208,272,359,25.0,32,95594
ABarpappaa,209,270,363,25.0,31,102183
ABarpappaa,210,266,367,24.2,34,93809
ABarpappaa,211,264,366,24.1,31,102665
ABarpappaa,212,267,366,24.1,30,102841
ABarpappaa,213,272,366,24.0,31,94569
ABarpappaa,214,274,364,24.0,32,97316
ABarpappaa,215,270,365,24.2,31,92886
ABarpappaa,216,269,362,24.2,34,84795
ABarpappaa,217,270,363,24.1,31,99825
ABarpappaa,218,275,370,23.0,34,98600
ABarpappaa,219,266,364,24.1,31,99056
ABarpappaa,220,265,361,24.1,32,94274
ABarpappap,196,321,357,24.0,29,73887
ABarpappap,197,321,358,23.9,30,77183
ABarpappap,198,320,353,23.8,29,83539
ABarpappap,199,320,362,23.2,34,64005
ABarpappap,200,318,363,24.1,31,66721
ABarpappap,201,315,360,24.0,34,67468
ABarpappap,202,307,357,24.0,31,65711
ABarpappap,203,301,365,23.1,34,53840
ABarpappap,204,302,365,23.1,34,60451
ABarpappap,205,298,365,23.2,31,64908
ABarpappap,206,304,363,24.0,34,77770
ABarpappap,207,305,356,24.1,31,74420
ABarpappap,208,311,360,23.2,34,72746
ABarpappap,209,303,367,23.1,31,65779
ABarpappap,210,303,369,23.1,34,74075
ABarpappap,211,298,366,23.1,31,76457
ABarpappap,212,302,367,22.2,34,78596
ABarpappap,213,303,367,23.0,31,80428
ABarpappap,214,301,369,23.1,26,76019
ABarpappap,215,300,368,23.1,26,76059
ABarpappap,216,299,367,23.1,27,77508
ABarpappap,217,298,365,23.1,27,89804
ABarpappap,218,297,364,23.0,28,88895
ABarpappap,219,296,363,23.0,28,86659
ABarpappap,220,295,361,23.0,29,87938
ABarpappp,134,353,339,23.0,27,25675
ABarpappp,135,359,326,23.0,41,12331
ABarpappp,136,362,323,23.0,41,15019
ABarpappp,137,358,322,23.9,40,12517
ABarpappp,138,357,324,24.0,39,13687
ABarpappp,139,356,328,24.0,38,15566
ABarpappp,140,347,334,23.3,39,14252
ABarpappp,141,337,356,23.1,41,18872
ABarpappp,142,331,353,23.1,41,16009
ABarpappp,143,326,346,24.0,39,22603
ABarpappp,144,325,345,23.1,39,18544
ABarpappp,145,321,341,23.0,37,21079
ABarpappp,146,321,338,23.1,38,19088
ABarpappp,147,319,334,22.1,36,26592
ABarpappp,148,317,333,22.1,38,29213
ABarpappp,149,319,334,22.1,38,28111
ABarpappp,150,321,331,23.1,38,27183
ABarpappp,151,319,332,23.0,38,25340
ABarpappp,152,320,338,22.1,38,26379
ABarpappp,153,321,338,22.0,38,32144
ABarpappp,154,313,339,21.3,38,28478
ABarpappp,155,315,341,23.0,38,33023
ABarpappp,156,319,344,23.1,38,30015
ABarpappp,157,314,345,22.1,38,30576
ABarpappp,158,314,345,23.0,38,33599
ABarpappp,159,317,347,23.0,38,39012
ABarpappp,160,315,347,23.1,38,40448
ABarpappp,161,318,343,23.1,39,39893
ABarpappp,162,323,343,22.1,39,41490
ABarpappp,163,326,348,22.1,39,42432
ABarpappp,164,322,355,21.3,37,48085
ABarpappp,165,327,356,22.1,39,50436
ABarpappp,166,328,359,22.1,39,41738
ABarpappp,167,332,362,23.0,39,47894
ABarpappp,168,332,368,22.2,39,45111
ABarpappp,169,330,368,23.0,39,44393
ABarpappp,170,336,366,23.0,39,51383
ABarpappp,171,332,372,23.0,39,56046
ABarpappp,172,331,368,22.3,39,51117
ABarpappp,173,335,371,22.1,39,60259
ABarpappp,174,335,370,22.0,39,57298
ABarpappp,175,333,373,22.0,39,54926
ABarpappp,176,340,371,22.0,39,60880
ABarpappp,177,336,377,21.2,39,65447
ABarpappp,178,340,380,22.0,26,53522
ABarpappp,179,337,379,21.3,39,67625
ABarpappp,180,340,376,21.1,39,72387
ABarpappp,181,341,377,21.1,39,74052
ABarpappp,182,343,377,22.0,38,77055
ABarpappp,183,338,377,21.3,38,79624
ABarpappp,184,334,377,21.3,37,70498
ABarpappp,185,335,374,22.1,36,84367
ABarpappp,186,333,373,22.1,33,96456
ABarpappp,187,332,369,22.0,30,93297
ABarpappp,188,331,369,22.0,29,94647
ABarpapppa,189,312,368,22.1,30,68313
ABarpapppa,190,313,367,22.2,26,82314
ABarpapppa,191,310,368,22.9,30,70883
ABarpapppa,192,314,372,22.2,31,66213
ABarpapppa,193,315,380,22.1,30,78578
ABarpapppa,194,318,383,22.1,31,81271
ABarpapppa,195,315,390,21.2,32,85626
ABarpapppa,196,316,389,21.2,31,79391
ABarpapppa,197,315,393,21.0,26,84053
ABarpapppa,198,316,391,21.0,31,88993
ABarpapppa,199,312,391,21.2,34,70914
ABarpapppa,200,311,391,21.2,31,86134
ABarpapppa,201,304,389,21.1,26,82658
ABarpapppa,202,304,380,21.2,26,60634
ABarpapppa,203,304,384,21.2,26,77301
ABarpapppa,204,305,387,21.0,34,84514
ABarpapppa,205,308,386,21.3,31,79839
ABarpapppa,206,309,385,21.3,34,78026
ABarpapppa,207,315,387,21.3,31,78625
ABarpapppa,208,323,386,21.2,34,69018
ABarpapppa,209,320,387,20.2,31,74633
ABarpapppa,210,319,390,20.2,34,78356
ABarpapppa,211,316,389,20.3,31,81180
ABarpapppa,212,319,384,20.3,34,85618
ABarpapppa,213,324,387,20.2,31,80175
ABarpapppa,214,325,384,20.2,34,81601
ABarpapppa,215,325,385,20.2,31,86984
ABarpapppa,216,322,383,20.2,32,92148
ABarpapppa,217,322,383,20.3,31,83302
ABarpapppa,218,320,384,20.4,34,83436
ABarpapppa,219,320,385,21.1,31,93277
ABarpapppa,220,320,383,21.1,34,88434
ABarpapppp,189,358,369,22.9,30,64793
ABarpapppp,190,362,365,22.0,29,82110
ABarpapppp,191,360,365,21.9,30,73238
ABarpapppp,192,360,365,22.0,31,62234
ABarpapppp,193,359,367,22.1,34,70960
ABarpapppp,194,355,370,22.0,31,79463
ABarpapppp,195,356,367,22.3,34,65943
ABarpapppp,196,356,370,22.1,31,67118
ABarpapppp,197,353,371,23.1,34,59896
ABarpapppp,198,348,371,23.1,31,70547
ABarpapppp,199,351,375,22.1,34,66944
ABarpapppp,200,348,375,22.0,31,70667
ABarpapppp,201,337,378,22.0,34,68778
ABarpapppp,202,334,376,21.2,31,66789
ABarpapppp,203,332,376,21.1,34,64895
ABarpapppp,204,338,373,21.2,34,70948
ABarpapppp,205,339,368,21.2,31,73039
ABarpapppp,206,341,376,21.2,34,67466
ABarpapppp,207,345,371,22.0,31,70214
ABarpapppp,208,351,369,22.0,34,76580
ABarpapppp,209,349,369,22.0,31,68297
ABarpapppp,210,345,371,21.2,34,72805
ABarpapppp,211,344,372,21.3,31,78027
ABarpapppp,212,349,376,21.2,34,81877
ABarpapppp,213,347,371,22.0,31,75522
ABarpapppp,214,353,374,21.1,34,66111
ABarpapppp,215,347,373,21.2,31,70657
ABarpapppp,216,343,369,22.0,34,78268
ABarpapppp,217,344,369,22.1,31,80141
ABarpapppp,218,340,367,22.1,34,75245
ABarpapppp,219,342,366,22.2,31,81262
ABarpapppp,220,340,363,23.0,34,84012
ABarpp,38,334,346,19.1,36,1227
ABarpp,39,350,355,19.1,36,-349
ABarpp,40,350,358,18.1,36,235
ABarpp,41,356,346,18.1,46,484
ABarpp,42,357,360,18.1,50,24
ABarpp,43,366,368,18.2,50,559
ABarpp,44,375,376,18.2,54,-810
ABarpp,45,376,380,17.2,55,-394
ABarpp,46,378,383,17.1,59,-32
ABarpp,47,381,386,17.1,61,-835
ABarpp,48,372,388,16.3,60,-834
ABarpp,49,368,387,17.1,60,-723
ABarpp,50,358,391,17.2,59,-391
ABarpp,51,359,392,17.1,61,37
ABarpp,52,359,393,17.2,61,-560
ABarpp,53,354,393,18.1,61,-204
ABarpp,54,352,393,17.2,61,205
ABarpp,55,349,395,17.3,64,-117
ABarpp,56,342,394,17.0,60,-357
ABarpp,57,346,393,17.9,59,16
ABarpp,58,347,390,17.2,60,1
ABarpp,59,355,384,18.0,60,-67
ABarpp,60,362,378,18.3,60,60
ABarpp,61,372,371,19.0,58,222
ABarpp,62,374,366,18.8,56,-112
ABarpp,63,375,369,20.3,49,1216
ABarppa,64,340,378,21.0,35,308
ABarppa,65,330,379,20.2,52,825
ABarppa,66,328,379,20.9,49,1493
ABarppa,67,321,383,21.1,49,708
ABarppa,68,310,375,22.2,49,531
ABarppa,69,313,376,22.1,51,1371
ABarppa,70,313,377,21.8,50,-412
ABarppa,71,305,378,21.1,50,325
ABarppa,72,299,380,21.0,50,407
ABarppa,73,302,376,19.9,51,2071
ABarppa,74,303,377,20.2,51,427
ABarppa,75,304,374,21.0,51,1857
ABarppa,76,304,368,21.1,51,1608
ABarppa,77,301,361,20.8,50,1272
ABarppa,78,303,361,21.0,50,2216
ABarppa,79,300,353,21.1,50,3161
ABarppa,80,299,349,21.0,51,2508
ABarppa,81,302,341,20.2,51,1159
ABarppa,82,305,342,20.1,53,3020
ABarppa,83,311,334,19.9,49,3890
ABarppa,84,306,331,20.0,51,3019
ABarppa,85,304,329,21.0,50,3011
ABarppa,86,307,326,21.1,50,3021
ABarppa,87,306,326,20.0,50,5158
ABarppa,88,310,330,19.9,50,4696
ABarppa,89,312,329,19.9,49,6422
ABarppa,90,310,334,20.0,49,5165
ABarppa,91,313,340,19.9,49,5445
ABarppa,92,318,342,20.1,51,6993
ABarppa,93,319,337,19.9,49,8188
ABarppa,94,331,342,20.9,49,9279
ABarppa,95,335,338,21.0,49,8738
ABarppaa,96,304,346,22.8,48,3989
ABarppaa,97,298,346,22.9,46,6682
ABarppaa,98,297,342,23.1,44,8293
ABarppaa,99,295,348,23.1,42,6680
ABarppaa,100,296,348,23.0,41,9441
ABarppaa,101,296,348,23.0,42,7957
ABarppaa,102,290,346,22.2,44,6395
ABarppaa,103,290,338,23.1,44,7131
ABarppaa,104,291,339,24.0,45,5535
ABarppaa,105,297,337,23.2,46,7925
ABarppaa,106,298,335,23.1,44,7127
ABarppaa,107,304,331,23.1,44,8784
ABarppaa,108,310,329,23.2,44,9606
ABarppaa,109,310,325,23.1,44,9477
ABarppaa,110,308,321,23.9,42,7242
ABarppaa,111,301,313,23.2,45,9472
ABarppaa,112,293,314,23.2,46,10263
ABarppaa,113,292,308,23.0,44,12236
ABarppaa,114,289,305,23.0,42,11041
ABarppaa,115,294,298,23.0,42,8490
ABarppaa,116,298,298,23.1,42,14793
ABarppaa,117,306,296,22.1,44,14608
ABarppaa,118,308,288,22.1,44,13745
ABarppaa,119,306,281,23.1,44,16058
ABarppaa,120,303,274,23.1,44,13430
ABarppaa,121,314,271,23.1,46,9999
ABarppaa,122,320,268,23.2,46,12942
ABarppaa,123,318,267,23.1,46,11737
ABarppaa,124,318,268,23.1,42,16116
ABarppaa,125,326,253,23.1,44,15636
ABarppaa,126,326,252,22.2,44,15172
ABarppaa,127,327,249,22.3,44,15985
ABarppaa,128,339,246,22.9,42,17332
ABarppaa,129,339,241,23.1,44,16146
ABarppaa,130,334,238,23.1,46,19838
ABarppaa,131,338,229,23.1,46,19612
ABarppaa,132,336,223,23.1,46,21440
ABarppaa,133,330,221,23.1,44,24671
ABarppaa,134,334,218,23.0,45,22545
ABarppaa,135,332,219,23.0,45,26085
ABarppaa,136,333,215,23.1,43,24358
ABarppaa,137,336,212,23.0,44,29194
ABarppaa,138,334,215,22.1,41,30592
ABarppaa,139,339,219,22.0,38,37264
ABarppaa,140,346,220,22.0,37,33460
ABarppaa,141,342,216,23.0,37,30761
ABarppaa,142,346,216,22.1,41,22914
ABarppaaa,143,312,226,23.1,35,24940
ABarppaaa,144,312,225,23.9,35,27346
ABarppaaa,145,314,230,23.9,35,19222
ABarppaaa,146,309,226,23.0,34,26140
ABarppaaa,147,310,227,23.2,38,24744
ABarppaaa,148,304,227,23.2,36,21260
ABarppaaa,149,306,228,24.0,36,22269
ABarppaaa,150,313,230,24.1,38,21818
ABarppaaa,151,313,226,24.0,38,24103
ABarppaaa,152,313,228,24.2,38,26420
ABarppaaa,153,318,225,24.0,38,26349
ABarppaaa,154,320,227,24.1,36,29744
ABarppaaa,155,318,228,24.1,38,29744
ABarppaaa,156,319,228,24.1,38,32966
ABarppaaa,157,320,225,24.1,38,27643
ABarppaaa,158,323,231,24.1,38,33615
ABarppaaa,159,323,231,24.0,38,36555
ABarppaaa,160,325,231,24.0,36,36330
ABarppaaa,161,324,235,23.3,37,31328
ABarppaaa,162,330,235,23.3,37,31749
ABarppaaa,163,329,233,23.3,37,30128
ABarppaaa,164,337,235,23.2,37,34613
ABarppaaa,165,336,234,23.9,35,40472
ABarppaaa,166,338,237,23.2,39,36404
ABarppaaa,167,343,235,23.1,37,33284
ABarppaaa,168,343,235,24.0,39,30080
ABarppaaa,169,345,232,23.1,39,29564
ABarppaaa,170,343,224,24.0,39,31056
ABarppaaa,171,347,227,23.2,39,26643
ABarppaaa,172,351,223,23.2,39,30744
ABarppaaa,173,352,225,23.2,37,32413
ABarppaaa,174,354,229,24.1,39,33902
ABarppaaa,175,357,227,24.1,39,34135
ABarppaaa,176,357,228,24.1,37,37075
ABarppaaa,177,357,232,25.0,37,33438
ABarppaaa,178,361,231,24.1,37,36127
ABarppaaa,179,363,240,24.0,37,30287
ABarppaaa,180,365,239,24.0,37,36687
ABarppaaa,181,368,240,24.1,37,40905
ABarppaaa,182,364,238,24.1,36,35813
ABarppaaa,183,362,238,24.1,36,36860
ABarppaaa,184,360,236,25.0,37,37061
ABarppaaa,185,359,240,25.0,36,37737
ABarppaaa,186,356,246,24.0,35,36168
ABarppaaa,187,357,247,24.1,32,41685
ABarppaaa,188,361,241,24.0,31,40965
ABarppaaa,189,364,236,25.0,34,37971
ABarppaaa,190,364,234,24.1,31,41551
ABarppaaa,191,364,231,24.1,34,45113
ABarppaaa,192,366,224,24.1,31,47367
ABarppaaa,193,366,223,25.0,34,38256
ABarppaaa,194,363,222,25.0,31,37350
ABarppaaa,195,363,211,25.0,34,28737
ABarppaaa,196,367,212,25.1,31,35667
ABarppaaa,197,368,218,25.0,34,39869
ABarppaaa,198,361,221,24.1,31,42246
ABarppaaa,199,361,217,25.0,34,43670
ABarppaaa,200,364,212,24.1,31,53296
ABarppaaa,201,363,214,25.0,34,49195
ABarppaaa,202,366,210,24.0,31,58871
ABarppaaa,203,368,203,25.0,30,54903
ABarppaaa,204,361,200,24.1,30,66220
ABarppaaaa,205,353,200,24.1,31,38764
ABarppaaaa,206,344,209,25.0,30,51932
ABarppaaaa,207,342,205,24.2,31,39606
ABarppaaaa,208,342,207,25.0,24,65509
ABarppaaaa,209,342,208,24.2,26,51276
ABarppaaaa,210,346,213,26.0,30,34758
ABarppaaaa,211,347,214,25.0,31,48615
ABarppaaaa,212,345,215,25.0,34,42897
ABarppaaaa,213,347,214,25.1,31,54551
ABarppaaaa,214,343,212,25.1,26,46390
ABarppaaaa,215,348,214,25.0,31,44856
ABarppaaaa,216,345,215,25.0,26,51676
ABarppaaaa,217,348,212,25.1,31,41288
ABarppaaaa,218,346,214,26.0,26,42017
ABarppaaaa,219,347,212,26.0,29,28749
ABarppaaaa,220,346,209,25.2,26,55379
ABarppaaap,205,379,193,24.1,31,40293
ABarppaaap,206,381,198,24.0,30,53847
ABarppaaap,207,385,192,24.0,29,48467
ABarppaaap,208,384,193,23.1,34,41535
ABarppaaap,209,381,195,24.0,31,46464
ABarppaaap,210,383,204,24.2,34,37323
ABarppaaap,211,382,196,24.1,26,47376
ABarppaaap,212,375,188,23.1,26,20365
ABarppaaap,213,379,190,24.1,31,39839
ABarppaaap,214,380,190,24.1,34,42028
ABarppaaap,215,379,191,25.0,31,36808
ABarppaaap,216,376,187,24.1,26,30076
ABarppaaap,217,377,190,24.0,31,40360
ABarppaaap,218,377,192,24.1,26,43630
ABarppaaap,219,377,191,24.1,26,47643
ABarppaaap,220,377,190,24.2,26,39124
ABarppaap,143,363,214,23.0,35,25556
ABarppaap,144,363,204,23.9,35,22323
ABarppaap,145,364,204,23.1,39,21401
ABarppaap,146,365,205,24.0,36,22474
ABarppaap,147,365,205,24.0,36,21049
ABarppaap,148,364,201,23.1,38,19948
ABarppaap,149,366,201,23.0,38,18472
ABarppaap,150,370,197,23.2,38,21242
ABarppaap,151,370,199,23.0,38,22510
ABarppaap,152,372,198,23.1,38,19275
ABarppaap,153,375,199,24.1,38,18295
ABarppaap,154,375,202,23.1,38,21433
ABarppaap,155,374,196,24.1,38,22081
ABarppaap,156,377,199,25.1,38,20948
ABarppaap,157,375,202,23.1,38,22089
ABarppaap,158,374,201,23.2,38,22890
ABarppaap,159,372,205,24.0,38,22363
ABarppaap,160,375,206,23.0,38,25739
ABarppaap,161,375,208,22.2,39,23029
ABarppaap,162,373,210,23.0,37,24736
ABarppaap,163,373,211,24.0,37,26068
ABarppaap,164,377,210,24.0,39,27073
ABarppaap,165,378,211,23.1,39,30971
ABarppaap,166,378,208,23.1,39,29569
ABarppaap,167,381,203,23.1,39,32134
ABarppaap,168,380,210,23.1,39,27752
ABarppaap,169,380,205,23.2,39,35240
ABarppaap,170,383,201,23.1,39,35626
ABarppaap,171,380,201,23.2,39,31237
ABarppaap,172,385,195,24.0,39,35083
ABarppaap,173,388,201,23.2,39,29240
ABarppaap,174,386,199,24.0,39,30388
ABarppaap,175,392,200,23.2,39,33112
ABarppaap,176,391,207,24.0,39,30401
ABarppaap,177,397,208,24.1,39,27841
ABarppaap,178,399,212,23.2,39,34671
ABarppaap,179,404,215,24.1,39,35472
ABarppaap,180,413,221,24.1,39,36166
ABarppaap,181,417,228,24.0,37,33466
ABarppaap,182,416,228,24.1,34,35089
ABarppaap,183,418,223,24.1,36,32166
ABarppaap,184,415,222,24.1,37,37483
ABarppaap,185,417,224,24.2,36,43763
ABarppaap,186,423,225,24.1,35,37559
ABarppaap,187,422,227,24.1,34,42727
ABarppaap,188,411,219,24.1,31,48177
ABarppaap,189,418,212,24.1,34,48471
ABarppaap,190,416,210,23.2,31,43724
ABarppaap,191,415,209,23.1,34,44337
ABarppaap,192,417,208,23.2,31,57528
ABarppaap,193,420,208,23.2,34,55593
ABarppaap,194,426,205,23.2,31,68201
ABarppaap,195,426,202,23.1,34,56691
ABarppaap,196,434,202,23.1,31,75164
ABarppaapa,197,419,210,24.0,30,45862
ABarppaapa,198,413,217,24.0,29,46292
ABarppaapa,199,412,225,24.0,30,41867
ABarppaapa,200,407,224,24.0,29,48489
ABarppaapa,201,407,220,24.1,30,51322
ABarppaapa,202,409,213,24.1,29,46921
ABarppaapa,203,409,207,24.1,30,40307
ABarppaapa,204,404,203,24.1,26,30395
ABarppaapa,205,411,207,24.1,31,41708
ABarppaapa,206,415,208,24.2,34,35782
ABarppaapa,207,414,214,25.0,31,34253
ABarppaapa,208,416,208,24.1,32,38538
ABarppaapa,209,413,213,24.2,31,39767
ABarppaapa,210,413,215,24.1,32,42807
ABarppaapa,211,414,212,24.1,31,47068
ABarppaapa,212,409,208,25.0,30,36506
ABarppaapa,213,412,207,24.1,31,42673
ABarppaapa,214,409,209,24.2,32,42599
ABarppaapa,215,407,207,24.0,31,34652
ABarppaapa,216,407,209,24.0,30,38651
ABarppaapa,217,407,203,23.2,31,31103
ABarppaapa,218,411,203,24.1,32,42898
ABarppaapa,219,407,200,23.2,31,35766
ABarppaapa,220,404,203,23.3,34,36513
ABarppaapp,197,439,186,23.1,32,54008
ABarppaapp,198,443,187,23.0,29,49828
ABarppaapp,199,443,187,23.0,29,44029
ABarppaapp,200,445,195,23.2,26,48021
ABarppaapp,201,449,196,23.1,34,39252
ABarppaapp,202,457,188,23.1,31,40438
ABarppaapp,203,458,187,22.0,34,43986
ABarppaapp,204,457,183,23.0,30,42937
ABarppaapp,205,450,188,21.1,31,63226
ABarppaapp,206,453,188,21.1,30,65330
ABarppaapp,207,452,188,21.1,31,56815
ABarppaapp,208,450,184,21.1,34,51393
ABarppaapp,209,449,182,21.3,31,61000
ABarppaapp,210,451,177,22.2,34,44439
ABarppaapp,211,456,170,23.0,31,53597
ABarppaapp,212,456,164,23.1,34,61450
ABarppaapp,213,455,163,23.1,31,67594
ABarppaapp,214,453,167,23.1,34,50143
ABarppaapp,215,453,169,23.1,31,44675
ABarppaapp,216,453,167,24.0,30,44215
ABarppaapp,217,452,166,23.2,31,56223
ABarppaapp,218,454,158,22.1,34,64986
ABarppaapp,219,453,165,23.2,31,52059
ABarppaapp,220,451,166,24.0,34,52539
ABarppap,96,347,327,21.9,48,5133
ABarppap,97,348,323,22.0,46,6460
ABarppap,98,351,323,22.1,44,4257
ABarppap,99,352,317,22.1,42,4047
ABarppap,100,359,310,22.1,43,6152
ABarppap,101,366,303,22.0,40,4896
ABarppap,102,359,305,21.2,42,6212
ABarppap,103,363,304,22.0,44,6450
ABarppap,104,360,311,22.0,43,7652
ABarppap,105,353,303,22.9,42,9016
ABarppap,106,353,298,22.0,42,8039
ABarppap,107,349,287,21.9,42,6854
ABarppap,108,352,285,21.1,42,10627
ABarppap,109,352,278,21.1,42,9744
ABarppap,110,353,277,22.0,42,8403
ABarppap,111,354,280,22.0,45,8059
ABarppap,112,353,279,22.0,44,9040
ABarppap,113,353,281,22.9,42,7428
ABarppap,114,350,275,22.0,44,8502
ABarppap,115,351,267,22.1,44,8412
ABarppap,116,350,259,22.0,42,9653
ABarppap,117,353,257,22.0,44,11476
ABarppap,118,357,248,22.0,44,12032
ABarppap,119,357,248,21.9,42,14501
ABarppap,120,360,245,21.1,44,17550
ABarppap,121,357,245,21.0,44,13870
ABarppap,122,364,243,21.1,42,19130
ABarppap,123,368,243,21.1,44,17115
ABarppap,124,373,240,21.1,44,20384
ABarppap,125,380,239,21.9,42,20485
ABarppap,126,383,237,21.9,42,22139
ABarppap,127,379,234,21.1,44,19704
ABarppap,128,383,226,21.1,44,19150
ABarppap,129,385,224,22.0,46,20849
ABarppap,130,386,223,22.9,42,15978
ABarppap,131,389,223,23.0,42,19031
ABarppap,132,383,224,22.0,46,18105
ABarppap,133,384,218,21.9,42,22566
ABarppap,134,392,215,21.1,43,21248
ABarppap,135,389,214,20.4,43,25884
ABarppap,136,392,208,21.0,43,29173
ABarppap,137,393,204,21.0,44,31621
ABarppap,138,391,201,20.1,41,35110
ABarppap,139,394,199,20.2,40,34428
ABarppap,140,402,206,21.9,37,38730
ABarppap,141,401,203,22.0,35,37339
ABarppapa,142,393,205,22.1,37,20565
ABarppapa,143,396,204,22.0,35,21604
ABarppapa,144,400,200,23.0,35,22955
ABarppapa,145,404,203,23.1,39,18840
ABarppapa,146,404,204,22.1,38,17638
ABarppapa,147,396,206,23.1,38,18956
ABarppapa,148,394,196,23.1,38,21926
ABarppapa,149,396,200,23.1,38,22657
ABarppapa,150,404,199,23.1,38,22701
ABarppapa,151,408,206,23.0,36,24737
ABarppapa,152,406,206,22.2,36,25395
ABarppapa,153,404,201,23.0,34,26399
ABarppapa,154,408,197,23.1,38,27203
ABarppapa,155,409,195,23.1,38,26145
ABarppapa,156,410,200,23.1,38,25381
ABarppapa,157,410,200,22.2,38,23110
ABarppapa,158,413,201,23.1,38,23918
ABarppapa,159,414,195,23.1,38,24196
ABarppapa,160,414,195,23.1,38,26163
ABarppapa,161,414,194,24.0,39,29742
ABarppapa,162,412,199,23.2,39,30272
ABarppapa,163,419,200,24.0,39,29109
ABarppapa,164,419,198,24.0,39,27705
ABarppapa,165,420,194,23.1,39,31043
ABarppapa,166,421,189,23.3,39,36279
ABarppapa,167,424,187,23.1,39,35746
ABarppapa,168,424,184,23.2,39,42890
ABarppapa,169,426,183,23.2,39,44657
ABarppapa,170,430,179,23.2,39,46099
ABarppapa,171,432,178,23.1,39,50174
ABarppapa,172,432,173,23.1,39,53601
ABarppapa,173,424,175,23.1,39,45139
ABarppapa,174,429,176,23.1,39,55555
ABarppapa,175,437,172,23.2,39,55639
ABarppapa,176,429,179,23.2,39,55202
ABarppapa,177,433,175,23.2,39,59266
ABarppapa,178,433,173,23.3,39,53873
ABarppapa,179,437,176,24.0,39,47913
ABarppapa,180,438,181,24.0,39,55524
ABarppapa,181,440,180,24.0,39,52108
ABarppapa,182,443,182,24.1,38,58275
ABarppapa,183,442,176,24.1,38,57166
ABarppapa,184,445,174,23.1,37,63058
ABarppapa,185,443,174,23.2,36,62578
ABarppapa,186,443,178,24.1,35,63447
ABarppapa,187,446,179,23.2,34,58060
ABarppapa,188,445,175,24.0,31,58473
ABarppapa,189,449,172,24.0,34,67904
ABarppapa,190,458,169,24.1,31,64332
ABarppapa,191,454,170,23.2,34,74086
ABarppapa,192,462,163,23.1,31,64977
ABarppapa,193,461,159,23.1,34,79984
ABarppapa,194,458,160,23.0,31,83198
ABarppapa,195,462,155,22.2,34,91873
ABarppapa,196,463,156,22.2,31,92992
ABarppapa,197,460,156,22.1,34,98135
ABarppapa,198,454,158,22.2,31,102461
ABarppapa,199,449,158,22.0,30,105453
ABarppapa,200,450,157,22.9,29,96903
ABarppapaa,201,439,160,22.9,30,79114
ABarppapaa,202,434,156,22.2,31,80162
ABarppapaa,203,435,151,23.1,30,72139
ABarppapaa,204,429,160,23.0,30,81598
ABarppapaa,205,429,160,23.1,31,84496
ABarppapaa,206,428,163,23.0,34,69517
ABarppapaa,207,423,164,23.1,31,85763
ABarppapaa,208,416,163,22.2,34,67234
ABarppapaa,209,413,160,23.0,31,69858
ABarppapaa,210,412,159,23.1,34,61811
ABarppapaa,211,412,156,23.1,31,66932
ABarppapaa,212,414,153,23.2,34,66165
ABarppapaa,213,415,149,23.1,31,81061
ABarppapaa,214,413,149,23.1,34,71089
ABarppapaa,215,410,148,24.0,31,66318
ABarppapaa,216,411,151,24.1,34,82413
ABarppapaa,217,410,148,23.2,31,76806
ABarppapaa,218,413,147,24.0,34,78450
ABarppapaa,219,410,144,23.2,31,74096
ABarppapaa,220,412,148,24.1,34,76961
ABarppapap,201,469,164,21.9,30,82177
ABarppapap,202,480,162,21.0,29,100404
ABarppapap,203,480,159,20.2,32,87113
ABarppapap,204,478,163,20.8,30,86034
ABarppapap,205,473,163,20.1,31,89520
ABarppapap,206,474,163,21.0,34,71329
ABarppapap,207,470,157,20.2,31,68575
ABarppapap,208,469,151,21.1,34,73197
ABarppapap,209,466,148,21.1,26,67864
ABarppapap,210,471,145,20.1,34,59227
ABarppapap,211,468,144,21.2,31,86715
ABarppapap,212,465,139,21.1,34,93395
ABarppapap,213,463,137,21.1,31,103998
ABarppapap,214,465,136,20.1,34,83745
ABarppapap,215,464,137,20.1,31,81969
ABarppapap,216,457,141,21.2,34,95198
ABarppapap,217,455,141,21.3,31,97206
ABarppapap,218,459,139,20.1,34,75840
ABarppapap,219,456,139,21.0,31,91822
ABarppapap,220,451,143,21.2,34,99714
ABarppapp,142,433,192,21.9,37,27538
ABarppapp,143,445,178,21.1,35,35182
ABarppapp,144,447,176,21.9,35,29664
ABarppapp,145,448,175,20.2,39,31653
ABarppapp,146,450,172,20.1,36,35896
ABarppapp,147,445,172,19.2,36,32189
ABarppapp,148,449,174,19.2,38,30146
ABarppapp,149,450,170,20.0,38,37828
ABarppapp,150,455,166,19.2,38,38906
ABarppapp,151,454,170,19.2,38,41008
ABarppapp,152,450,169,19.1,38,40141
ABarppapp,153,449,165,19.3,38,42023
ABarppapp,154,451,167,19.3,38,40967
ABarppapp,155,447,169,20.0,38,38182
ABarppapp,156,449,168,20.1,38,40024
ABarppapp,157,450,171,20.1,38,37584
ABarppapp,158,453,168,20.1,38,47148
ABarppapp,159,456,167,19.3,38,42060
ABarppapp,160,458,167,20.0,38,46375
ABarppapp,161,453,167,20.1,39,41561
ABarppapp,162,453,167,20.1,39,50166
ABarppapp,163,455,167,20.1,39,46055
ABarppapp,164,461,171,20.0,39,52682
ABarppapp,165,468,165,19.0,39,44153
ABarppapp,166,470,168,19.2,39,59989
ABarppapp,167,474,161,19.1,39,60574
ABarppapp,168,477,160,19.1,39,63976
ABarppapp,169,473,166,19.2,39,65378
ABarppapp,170,481,166,19.1,39,62085
ABarppapp,171,481,172,19.3,39,73763
ABarppapp,172,482,167,19.3,39,79811
ABarppapp,173,482,167,20.0,39,72376
ABarppapp,174,485,167,19.3,39,68612
ABarppapp,175,482,168,20.0,37,75173
ABarppapp,176,487,169,20.0,39,68476
ABarppapp,177,488,170,20.0,39,66892
ABarppapp,178,493,168,19.2,39,69313
ABarppapp,179,496,168,18.2,37,60633
ABarppapp,180,498,170,19.1,39,69080
ABarppapp,181,497,175,19.1,39,74916
ABarppapp,182,499,177,18.2,38,64790
ABarppapp,183,498,178,19.1,38,73883
ABarppapp,184,504,180,19.1,37,81232
ABarppapp,185,505,184,19.1,36,76676
ABarppapp,186,510,187,20.0,35,73574
ABarppapp,187,512,189,20.1,34,91245
ABarppapp,188,511,190,19.1,31,80045
ABarppapp,189,510,187,20.0,34,76758
ABarppapp,190,515,186,19.2,31,80605
ABarppapp,191,519,183,21.0,34,89804
ABarppapp,192,518,182,21.0,31,92186
ABarppapp,193,517,179,20.1,34,98356
ABarppapp,194,524,180,20.1,31,91472
ABarppapp,195,528,179,19.1,34,100578
ABarppapp,196,528,182,19.0,31,111289
ABarppapp,197,527,177,19.2,34,112702
ABarppapp,198,521,175,19.1,31,119769
ABarppapp,199,521,171,20.0,34,116977
ABarppapp,200,517,173,19.2,31,117604
ABarppapp,201,519,173,19.1,34,118921
ABarppapp,202,522,175,19.0,31,115031
ABarppapp,203,516,184,19.0,34,112486
ABarppapp,204,510,179,19.2,34,114780
ABarppappa,205,503,179,19.3,31,98605
ABarppappa,206,498,178,20.1,30,90273
ABarppappa,207,500,175,20.2,31,92662
ABarppappa,208,495,171,20.3,32,91033
ABarppappa,209,494,166,20.4,31,84922
ABarppappa,210,497,174,21.1,34,88870
ABarppappa,211,497,169,21.2,31,92695
ABarppappa,212,501,161,20.2,34,63889
ABarppappa,213,497,159,20.2,31,88402
ABarppappa,214,497,165,20.2,34,75555
ABarppappa,215,493,165,21.0,31,98347
ABarppappa,216,491,167,21.1,34,92023
ABarppappa,217,496,164,20.3,31,73669
ABarppappa,218,497,162,21.1,30,88931
ABarppappa,219,497,163,20.3,31,73882
ABarppappa,220,498,163,21.1,34,88305
ABarppappp,205,523,187,17.9,29,109925
ABarppappp,206,532,188,16.2,30,123682
ABarppappp,207,532,188,16.2,29,123583
ABarppappp,208,535,180,16.0,30,134174
ABarppappp,209,534,174,16.0,31,118590
ABarppappp,210,536,172,15.2,34,99788
ABarppappp,211,537,177,15.3,31,117351
ABarppappp,212,541,180,15.9,30,127570
ABarppappp,213,539,177,15.2,31,123242
ABarppappp,214,539,180,15.2,34,119842
ABarppappp,215,538,179,15.2,31,123814
ABarppappp,216,536,178,15.4,32,135660
ABarppappp,217,538,179,15.3,31,136581
ABarppappp,218,537,172,15.2,34,120624
ABarppappp,219,539,177,15.4,31,135523
ABarppappp,220,541,176,15.2,34,134705
ABarppp,64,386,366,21.0,53,175
ABarppp,65,384,374,19.8,52,264
ABarppp,66,379,374,19.1,49,452
ABarppp,67,383,380,20.0,49,629
ABarppp,68,380,377,19.9,49,-471
ABarppp,69,385,378,20.0,49,894
ABarppp,70,394,376,19.1,50,1431
ABarppp,71,389,375,19.0,50,725
ABarppp,72,384,377,18.1,50,1635
ABarppp,73,384,380,18.1,51,1475
ABarppp,74,389,374,18.1,51,1336
ABarppp,75,389,372,19.0,51,1907
ABarppp,76,379,367,18.9,51,1725
ABarppp,77,377,368,18.9,50,3019
ABarppp,78,375,362,18.3,54,2301
ABarppp,79,373,359,19.1,52,3726
ABarppp,80,372,360,19.1,51,2737
ABarppp,81,372,354,18.4,51,2001
ABarppp,82,369,352,19.2,53,3628
ABarppp,83,376,346,19.1,53,3238
ABarppp,84,381,341,18.3,51,3352
ABarppp,85,380,344,18.4,52,4766
ABarppp,86,387,344,19.1,50,4583
ABarppp,87,388,340,18.1,50,5074
ABarppp,88,393,342,18.0,50,5035
ABarppp,89,393,341,17.2,51,6537
ABarppp,90,392,344,16.3,51,8901
ABarppp,91,392,340,16.3,51,7942
ABarppp,92,392,339,16.2,53,7624
ABarppp,93,396,333,16.1,49,9252
ABarppp,94,405,327,16.9,49,8725
ABarppp,95,405,320,16.2,51,9113
ABarppp,96,403,318,17.1,50,11895
ABarppp,97,403,320,17.0,46,15597
ABarppp,98,397,318,17.9,44,14915
ABarpppa,99,385,328,16.3,40,8501
ABarpppa,100,376,330,16.9,41,9987
ABarpppa,101,373,331,17.0,40,12587
ABarpppa,102,370,338,17.1,40,12418
ABarpppa,103,372,341,17.8,40,9756
ABarpppa,104,364,347,16.9,41,13551
ABarpppa,105,363,348,17.0,42,13853
ABarpppa,106,368,353,17.9,42,14951
ABarpppa,107,372,350,18.9,42,15959
ABarpppa,108,374,348,18.9,42,15837
ABarpppa,109,378,347,18.9,42,18595
ABarpppa,110,377,342,18.9,42,15668
ABarpppa,111,378,341,18.2,41,18144
ABarpppa,112,384,341,19.1,42,18934
ABarpppa,113,386,340,19.9,42,17280
ABarpppa,114,387,335,20.1,42,18809
ABarpppa,115,383,337,19.9,42,17043
ABarpppa,116,380,332,20.0,42,17438
ABarpppa,117,378,333,20.9,42,16242
ABarpppa,118,380,334,20.2,44,17399
ABarpppa,119,379,327,20.2,44,18283
ABarpppa,120,373,319,20.1,44,15210
ABarpppa,121,375,320,21.0,42,20051
ABarpppa,122,374,322,21.1,42,21552
ABarpppa,123,370,319,21.0,44,22265
ABarpppa,124,372,317,21.0,44,24709
ABarpppa,125,379,319,22.0,42,21985
ABarpppa,126,380,320,22.9,42,17725
ABarpppa,127,371,318,22.2,44,22900
ABarpppa,128,372,317,22.1,44,24961
ABarpppa,129,374,312,22.1,44,23658
ABarpppa,130,373,319,22.9,42,22759
ABarpppa,131,378,313,21.3,44,26906
ABarpppa,132,376,311,22.0,44,30030
ABarpppa,133,374,308,23.0,44,25002
ABarpppa,134,382,300,22.0,41,33190
ABarpppa,135,392,293,21.9,41,34886
ABarpppa,136,398,289,21.1,43,28333
ABarpppa,137,392,290,21.1,42,37509
ABarpppa,138,388,288,20.9,39,38354
ABarpppa,139,381,292,20.9,38,44821
ABarpppa,140,376,299,22.0,37,41845
ABarpppaa,141,364,308,23.0,37,25044
ABarpppaa,142,355,309,23.0,35,33467
ABarpppaa,143,351,312,23.9,35,36377
ABarpppaa,144,350,316,23.9,35,29789
ABarpppaa,145,350,325,24.0,37,28002
ABarpppaa,146,352,323,24.0,38,32059
ABarpppaa,147,352,321,24.0,36,33610
ABarpppaa,148,351,328,24.0,36,38579
ABarpppaa,149,351,335,24.2,36,48020
ABarpppaa,150,355,335,24.9,34,41605
ABarpppaa,151,352,338,25.0,34,41293
ABarpppaa,152,350,348,24.3,38,50599
ABarpppaa,153,353,356,24.1,36,55614
ABarpppaa,154,347,350,24.1,36,54938
ABarpppaa,155,347,348,24.1,38,49515
ABarpppaa,156,353,351,24.1,38,46262
ABarpppaa,157,349,354,24.0,36,53741
ABarpppaa,158,351,350,23.9,34,54413
ABarpppaa,159,350,355,23.0,38,52991
ABarpppaa,160,352,356,22.2,38,53003
ABarpppaa,161,356,351,22.2,39,63676
ABarpppaa,162,357,349,21.3,37,69687
ABarpppaa,163,360,348,21.3,39,65847
ABarpppaa,164,360,347,22.0,39,65582
ABarpppaa,165,363,347,21.3,37,72038
ABarpppaa,166,356,338,21.2,37,74896
ABarpppaa,167,357,339,22.1,35,79431
ABarpppaa,168,359,338,22.1,37,76972
ABarpppaa,169,357,336,22.3,37,69944
ABarpppaa,170,360,335,23.1,39,70958
ABarpppaa,171,357,338,23.2,37,74087
ABarpppaa,172,359,338,23.3,39,62827
ABarpppaa,173,359,337,23.2,39,66791
ABarpppaa,174,361,340,23.2,39,65247
ABarpppaa,175,366,341,23.1,39,70056
ABarpppaa,176,366,346,23.2,39,65684
ABarpppaa,177,373,356,23.2,39,72731
ABarpppaa,178,375,355,23.2,39,67390
ABarpppaa,179,376,359,23.1,39,82383
ABarpppaa,180,371,353,22.4,39,75216
ABarpppaa,181,375,354,24.0,39,72296
ABarpppaa,182,378,354,24.0,38,75672
ABarpppaa,183,374,359,24.0,36,76374
ABarpppaa,184,373,356,23.1,37,77117
ABarpppaa,185,374,349,23.1,36,78113
ABarpppaa,186,377,352,24.0,35,70745
ABarpppaa,187,376,351,24.0,34,78213
ABarpppaa,188,382,353,24.1,31,79783
ABarpppaa,189,384,353,24.1,34,76687
ABarpppaa,190,377,344,24.1,31,77980
ABarpppaa,191,368,343,24.1,34,78332
ABarpppaa,192,363,344,25.1,31,67568
ABarpppaa,193,367,341,25.1,34,69147
ABarpppaa,194,365,342,24.1,31,71155
ABarpppaa,195,366,346,24.1,34,67360
ABarpppaa,196,362,343,24.0,31,72466
ABarpppaa,197,361,348,24.2,34,77553
ABarpppaa,198,363,352,25.0,31,97003
ABarpppaa,199,365,356,24.2,34,110583
ABarpppaa,200,363,357,23.2,31,101210
ABarpppaa,201,360,354,23.9,30,96956
ABarpppaa,202,360,351,23.2,31,103283
ABarpppaaa,203,342,353,24.0,30,85705
ABarpppaaa,204,344,354,24.1,30,73833
ABarpppaaa,205,344,351,23.2,26,91521
ABarpppaaa,206,353,350,24.2,32,81036
ABarpppaaa,207,353,353,24.0,31,93703
ABarpppaaa,208,355,354,24.0,30,101311
ABarpppaaa,209,355,354,24.0,30,84773
ABarpppaaa,210,347,356,24.0,32,89030
ABarpppaaa,211,347,356,24.0,32,95066
ABarpppaaa,212,350,364,23.0,34,75501
ABarpppaaa,213,352,356,25.0,29,95312
ABarpppaaa,214,351,362,24.0,26,91481
ABarpppaaa,215,350,359,24.0,31,86839
ABarpppaaa,216,351,359,24.0,26,73988
ABarpppaaa,217,359,357,25.2,31,94922
ABarpppaaa,218,351,349,25.0,30,98560
ABarpppaaa,219,347,351,24.2,31,89314
ABarpppaaa,220,347,351,24.2,31,87265
ABarpppaap,203,377,355,23.0,30,98102
ABarpppaap,204,387,353,23.0,30,110427
ABarpppaap,205,387,359,23.0,29,100890
ABarpppaap,206,396,360,23.0,30,96704
ABarpppaap,207,400,368,23.1,31,89187
ABarpppaap,208,400,370,23.2,34,77119
ABarpppaap,209,396,372,22.2,31,52580
ABarpppaap,210,393,370,23.0,34,72903
ABarpppaap,211,389,372,22.2,31,82493
ABarpppaap,212,391,368,23.0,34,72802
ABarpppaap,213,394,371,22.1,31,75395
ABarpppaap,214,398,371,22.1,34,71078
ABarpppaap,215,392,372,23.0,31,91537
ABarpppaap,216,390,368,23.0,34,89351
ABarpppaap,217,386,371,23.1,31,90676
ABarpppaap,218,388,366,23.1,34,83680
ABarpppaap,219,385,369,23.2,31,83368
ABarpppaap,220,386,364,23.2,34,85544
ABarpppap,141,390,288,22.0,35,24679
ABarpppap,142,397,290,22.0,37,31003
ABarpppap,143,395,293,22.0,35,33088
ABarpppap,144,397,297,22.0,35,36528
ABarpppap,145,402,302,22.1,37,30559
ABarpppap,146,406,304,22.0,36,30558
ABarpppap,147,414,318,23.1,38,30728
ABarpppap,148,405,321,23.2,38,29004
ABarpppap,149,402,326,24.1,38,31183
ABarpppap,150,402,322,23.2,36,30726
ABarpppap,151,393,329,23.2,38,31047
ABarpppap,152,393,343,23.1,38,44277
ABarpppap,153,390,340,23.1,36,40224
ABarpppap,154,385,339,23.2,36,44108
ABarpppap,155,383,333,23.2,36,49183
ABarpppap,156,386,332,23.1,36,40834
ABarpppap,157,382,332,23.1,36,46689
ABarpppap,158,382,329,23.2,36,44535
ABarpppap,159,381,332,24.0,38,42552
ABarpppap,160,379,337,24.0,38,46179
ABarpppap,161,382,340,24.1,39,45475
ABarpppap,162,386,337,24.0,37,48652
ABarpppap,163,389,330,24.1,39,42007
ABarpppap,164,387,333,23.2,39,53762
ABarpppap,165,391,331,24.0,39,48945
ABarpppap,166,389,333,23.3,39,56744
ABarpppap,167,397,338,24.0,39,50548
ABarpppap,168,399,346,23.2,39,54739
ABarpppap,169,400,345,23.1,39,54692
ABarpppap,170,404,349,23.3,39,60395
ABarpppap,171,399,346,23.3,39,61473
ABarpppap,172,399,346,23.1,39,60532
ABarpppap,173,402,347,23.1,39,63251
ABarpppap,174,402,353,23.1,39,63320
ABarpppap,175,406,354,23.1,37,64943
ABarpppap,176,409,352,23.1,39,63327
ABarpppap,177,416,357,23.2,39,68060
ABarpppap,178,414,358,23.2,39,69304
ABarpppap,179,415,355,23.2,39,73451
ABarpppap,180,415,351,23.1,39,68143
ABarpppap,181,418,358,23.1,39,79605
ABarpppap,182,419,357,23.0,38,78452
ABarpppap,183,413,354,23.2,38,76361
ABarpppap,184,414,350,24.0,37,77518
ABarpppap,185,417,350,24.1,36,81298
ABarpppap,186,420,350,23.2,35,70211
ABarpppap,187,419,354,24.1,34,78596
ABarpppap,188,425,351,24.1,31,77973
ABarpppap,189,432,348,24.0,34,79896
ABarpppap,190,430,352,24.1,31,64472
ABarpppap,191,420,349,24.1,34,76803
ABarpppap,192,417,339,24.1,31,74780
ABarpppap,193,411,328,24.1,32,84332
ABarpppap,194,406,326,23.1,31,82871
ABarpppap,195,416,332,23.9,30,88124
ABarpppapa,196,390,319,24.0,29,66382
ABarpppapa,197,392,317,24.1,32,55941
ABarpppapa,198,392,314,24.1,29,54649
ABarpppapa,199,394,325,24.1,34,55682
ABarpppapa,200,389,321,24.1,31,55682
ABarpppapa,201,386,322,24.1,34,50956
ABarpppapa,202,383,317,23.2,31,57207
ABarpppapa,203,384,317,24.2,32,54670
ABarpppapa,204,383,317,25.0,34,51709
ABarpppapa,205,388,324,24.2,31,49332
ABarpppapa,206,389,322,24.1,34,48521
ABarpppapa,207,389,332,25.1,31,45707
ABarpppapa,208,395,338,25.1,34,48376
ABarpppapa,209,396,340,25.0,26,52035
ABarpppapa,210,396,341,25.1,26,47914
ABarpppapa,211,395,343,24.2,31,54193
ABarpppapa,212,394,339,25.1,26,59433
ABarpppapa,213,398,343,24.2,31,52101
ABarpppapa,214,398,348,24.1,34,53290
ABarpppapa,215,398,348,24.1,34,58570
ABarpppapa,216,402,350,24.1,34,63354
ABarpppapa,217,407,344,24.1,31,68057
ABarpppapa,218,407,341,24.2,34,61408
ABarpppapa,219,405,337,25.0,31,62022
ABarpppapa,220,401,341,24.2,34,53068
ABarpppapp,196,437,336,22.9,26,82634
ABarpppapp,197,440,337,22.6,26,80516
ABarpppapp,198,443,338,22.3,26,80046
ABarpppapp,199,444,343,22.2,26,87492
ABarpppapp,200,438,344,22.4,31,74316
ABarpppapp,201,437,342,24.0,26,77930
ABarpppapp,202,437,343,23.7,26,64318
ABarpppapp,203,437,344,23.5,26,44020
ABarpppapp,204,436,345,23.2,26,64700
ABarpppapp,205,433,348,23.1,31,74893
ABarpppapp,206,437,347,23.2,34,69248
ABarpppapp,207,437,347,23.2,34,81595
ABarpppapp,208,441,347,22.1,26,77093
ABarpppapp,209,441,347,22.1,26,69870
ABarpppapp,210,440,343,22.1,26,88368
ABarpppapp,211,438,340,22.2,31,90313
ABarpppapp,212,438,336,22.3,34,85446
ABarpppapp,213,441,338,22.4,31,96700
ABarpppapp,214,439,336,23.2,34,78411
ABarpppapp,215,442,336,23.1,31,96510
ABarpppapp,216,444,339,22.2,34,86455
ABarpppapp,217,445,339,23.0,31,94405
ABarpppapp,218,448,340,22.3,34,76032
ABarpppapp,219,446,338,23.0,31,85811
ABarpppapp,220,449,340,22.2,34,92652
ABarpppp,99,414,298,19.1,42,7172
ABarpppp,100,420,293,19.0,41,6989
ABarpppp,101,423,295,19.1,40,7855
ABarpppp,102,425,294,20.0,40,9390
ABarpppp,103,430,293,19.1,42,5857
ABarpppp,104,429,295,20.1,45,7830
ABarpppp,105,434,301,20.0,42,9258
ABarpppp,106,431,303,19.1,44,11663
ABarpppp,107,434,303,19.0,42,11513
ABarpppp,108,438,300,19.1,44,11923
ABarpppp,109,437,299,19.0,42,13531
ABarpppp,110,442,307,19.0,42,13000
ABarpppp,111,446,304,19.0,43,17118
ABarpppp,112,445,307,19.0,44,14341
ABarpppp,113,444,306,19.0,42,18017
ABarpppp,114,444,302,19.0,42,15354
ABarpppp,115,442,301,19.0,42,17623
ABarpppp,116,442,302,19.1,44,22347
ABarpppp,117,442,306,19.9,42,19648
ABarpppp,118,443,309,19.9,42,19570
ABarpppp,119,443,312,20.0,42,20972
ABarpppp,120,436,311,20.9,42,18521
ABarpppp,121,431,313,21.0,44,20081
ABarpppp,122,430,314,20.3,44,18404
ABarpppp,123,427,315,21.9,42,18597
ABarpppp,124,429,322,21.1,44,22567
ABarpppp,125,435,320,20.2,44,24869
ABarpppp,126,433,317,20.2,44,25077
ABarpppp,127,425,317,20.0,44,28205
ABarpppp,128,419,311,20.0,44,29397
ABarpppp,129,423,310,20.1,46,28205
ABarpppp,130,420,304,20.9,42,24786
ABarpppp,131,424,306,20.0,44,27498
ABarpppp,132,427,305,21.0,44,24955
ABarpppp,133,428,300,21.1,46,23137
ABarpppp,134,433,300,21.1,45,30805
ABarpppp,135,441,298,21.0,45,30816
ABarpppp,136,440,290,21.0,43,35798
ABarpppp,137,440,288,20.2,44,34849
ABarpppp,138,437,287,20.1,43,37489
ABarpppp,139,441,281,20.1,42,40807
ABarpppp,140,439,282,20.1,41,39786
ABarpppp,141,447,288,20.2,41,43218
ABarpppp,142,445,289,20.2,41,45171
ABarpppp,143,446,289,20.2,39,47767
ABarpppp,144,444,288,20.2,39,57421
ABarpppp,145,449,292,21.0,39,48225
ABarpppp,146,448,288,20.2,38,48567
ABarpppp,147,449,290,21.0,38,57291
ABarpppp,148,441,293,20.1,38,60257
ABarpppp,149,434,303,21.9,34,59365
ABarpppp,150,439,301,21.9,34,61698
ABarppppa,151,422,303,22.0,34,36544
ABarppppa,152,415,301,21.9,34,44999
ABarppppa,153,417,310,23.0,34,34205
ABarppppa,154,417,312,24.0,34,32806
ABarppppa,155,417,312,24.0,34,30202
ABarppppa,156,422,316,24.0,38,33218
ABarppppa,157,418,318,24.1,38,36461
ABarppppa,158,418,321,24.1,36,41799
ABarppppa,159,418,328,23.3,36,41359
ABarppppa,160,419,333,23.2,36,49546
ABarppppa,161,421,330,23.2,39,51394
ABarppppa,162,427,337,23.2,39,55280
ABarppppa,163,427,341,23.2,39,57395
ABarppppa,164,428,339,23.2,39,60045
ABarppppa,165,428,336,23.1,39,59895
ABarppppa,166,428,331,22.2,37,70740
ABarppppa,167,432,331,23.0,39,57322
ABarppppa,168,435,338,22.2,39,64454
ABarppppa,169,436,344,22.2,39,74069
ABarppppa,170,437,344,23.1,39,71138
ABarppppa,171,441,346,22.2,39,84610
ABarppppa,172,439,343,22.3,39,82796
ABarppppa,173,437,342,22.0,39,78565
ABarppppa,174,442,344,22.2,39,90477
ABarppppa,175,442,341,22.1,39,84445
ABarppppa,176,447,342,22.1,39,86767
ABarppppa,177,445,350,22.0,39,80343
ABarppppa,178,447,350,22.0,39,84354
ABarppppa,179,447,357,21.2,39,103697
ABarppppa,180,446,359,21.3,39,98081
ABarppppa,181,441,359,21.0,39,100363
ABarppppa,182,439,363,20.1,38,80487
ABarppppa,183,443,359,21.0,38,100475
ABarppppa,184,446,355,21.2,37,105860
ABarppppa,185,447,354,22.0,36,95229
ABarppppa,186,451,356,21.2,35,99076
ABarppppa,187,454,359,20.3,34,104202
ABarppppa,188,453,356,21.1,31,88306
ABarppppa,189,458,357,21.2,34,101952
ABarppppa,190,458,357,21.1,31,99641
ABarppppa,191,451,362,21.2,34,113990
ABarppppa,192,445,359,22.1,31,90863
ABarppppa,193,441,363,21.2,34,111640
ABarppppa,194,436,363,21.1,31,105858
ABarppppa,195,442,362,21.2,34,105613
ABarppppa,196,442,363,21.1,31,104055
ABarppppa,197,445,365,21.2,34,101650
ABarppppa,198,445,367,21.1,31,98891
ABarppppa,199,448,364,21.1,34,116745
ABarppppa,200,445,368,21.1,31,104593
ABarppppa,201,443,369,21.1,34,120928
ABarppppa,202,437,370,21.1,31,114794
ABarppppa,203,435,367,21.2,34,116816
ABarppppa,204,438,367,21.2,34,125912
ABarppppa,205,434,365,21.1,31,116446
ABarppppa,206,438,372,20.3,34,128878
ABarppppa,207,438,370,21.1,31,110586
ABarppppa,208,438,368,20.1,34,124122
ABarppppa,209,437,366,20.1,31,120570
ABarppppa,210,434,371,20.2,34,126351
ABarppppa,211,434,371,20.1,31,122239
ABarppppa,212,438,371,20.2,34,133078
ABarppppa,213,439,366,20.1,31,127613
ABarppppa,214,438,370,20.0,30,113248
ABarppppaa,215,422,374,21.0,29,110315
ABarppppaa,216,417,375,21.0,30,124701
ABarppppaa,217,413,374,21.1,29,119102
ABarppppaa,218,412,379,21.1,30,123212
ABarppppaa,219,411,372,21.2,31,125781
ABarppppaa,220,409,375,22.1,30,131651
ABarppppap,215,458,356,20.0,29,114972
ABarppppap,216,463,354,19.1,30,120346
ABarppppap,217,462,352,20.1,31,119632
ABarppppap,218,465,355,19.1,34,104890
ABarppppap,219,467,355,19.0,26,110865
ABarppppap,220,467,355,20.1,34,117180
ABarppppp,151,464,298,21.9,34,48430
ABarppppp,152,468,298,22.0,34,53834
ABarppppp,153,471,298,21.9,34,55248
ABarppppp,154,473,296,22.0,34,49375
ABarppppp,155,478,296,22.2,36,50395
ABarppppp,156,480,299,22.0,34,52240
ABarppppp,157,481,308,22.1,38,54062
ABarppppp,158,480,306,23.0,38,49161
ABarppppp,159,485,309,22.2,36,46832
ABarppppp,160,486,317,22.2,36,59424
ABarppppp,161,486,317,22.9,35,60690
ABarppppp,162,488,321,22.1,35,80635
ABarppppp,163,486,328,22.0,39,69896
ABarppppp,164,487,328,22.0,37,77300
ABarppppp,165,491,327,21.2,37,80266
ABarppppp,166,491,323,21.2,37,73166
ABarppppp,167,492,324,21.2,39,76746
ABarppppp,168,494,324,21.1,37,81783
ABarppppp,169,494,324,21.1,39,90808
ABarppppp,170,497,323,20.4,37,94758
ABarppppp,171,498,328,20.3,37,100416
ABarppppp,172,501,327,20.2,39,89681
ABarppppp,173,497,326,20.1,37,100266
ABarppppp,174,498,327,19.4,37,93813
ABarppppp,175,499,326,20.2,39,104318
ABarppppp,176,501,329,20.1,39,114882
ABarppppp,177,501,330,20.0,37,108817
ABarppppp,178,498,336,20.0,39,110815
ABarppppp,179,500,337,19.2,37,121640
ABarppppp,180,500,338,19.0,39,114652
ABarppppp,181,501,340,19.0,39,118686
ABarppppp,182,503,337,19.1,36,126314
ABarppppp,183,502,336,19.1,38,118251
ABarppppp,184,503,341,18.1,37,97380
ABarppppp,185,505,335,19.0,36,108615
ABarppppp,186,508,340,18.1,35,99568
ABarppppp,187,505,344,18.0,34,107980
ABarppppp,188,503,342,19.0,31,103638
ABarppppp,189,507,337,19.1,34,118960
ABarppppp,190,509,338,19.1,31,108838
ABarppppp,191,507,342,19.0,34,105120
ABarppppp,192,501,339,20.0,31,98390
ABarppppp,193,496,336,21.1,34,103237
ABarppppp,194,492,338,21.0,31,104661
ABarppppp,195,499,333,20.2,34,110860
ABarppppp,196,503,330,22.1,31,96760
ABarppppp,197,510,328,21.1,34,121402
ABarppppp,198,513,328,21.1,31,110760
ABarppppp,199,517,330,20.1,34,128648
ABarppppp,200,515,333,20.1,31,117598
ABarppppp,201,515,334,20.1,34,119041
ABarppppp,202,512,336,20.1,31,119035
ABarppppp,203,516,334,20.1,34,113982
ABarppppp,204,513,335,22.0,26,75293
ABarppppp,205,502,336,21.2,31,99195
ABarppppp,206,511,332,21.1,34,122745
ABarppppp,207,508,336,22.0,31,111047
ABarppppp,208,510,333,21.1,34,122533
ABarppppp,209,509,334,21.1,31,127094
ABarppppp,210,515,335,21.0,34,134532
ABarppppp,211,507,337,20.3,31,126467
ABarppppp,212,512,329,20.0,34,139779
ABarppppp,213,516,328,20.1,31,134609
ABarppppp,214,515,329,20.1,34,136624
ABarppppp,215,507,329,19.9,29,122457
ABarppppp,216,507,329,19.0,30,129141
ABarpppppa,217,495,338,21.2,31,123464
ABarpppppa,218,493,336,21.8,30,120302
ABarpppppa,219,496,332,21.3,31,120801
ABarpppppa,220,498,337,21.2,34,114236
ABarpppppp,217,523,325,18.1,29,136344
ABarpppppp,218,527,319,18.0,30,141473
ABarpppppp,219,529,315,17.5,31,133246
ABarpppppp,220,529,316,17.9,30,143710
ABp,1,369,326,15.0,50,-179
ABp,2,363,329,15.0,50,353
ABpl,3,367,330,17.5,50,-60
ABpl,4,372,332,20.0,50,273
ABpl,5,365,332,20.5,50,-77
ABpl,6,358,333,21.1,49,-196
ABpl,7,351,334,21.6,48,247
ABpl,8,344,335,22.1,47,-1215
ABpl,9,340,328,23.9,43,154
ABpl,10,337,301,23.9,44,340
ABpl,11,333,274,23.9,45,-1037
ABpl,12,329,246,24.0,47,-267
ABpl,13,325,219,24.0,48,-100
ABpl,14,321,191,24.0,50,-611
ABpl,15,316,165,22.0,51,-667
ABpl,16,305,161,20.5,48,-543
ABpl,17,305,161,20.5,48,-26
ABpl,18,296,165,18.9,46,-570
ABpla,19,272,205,20.0,50,-27
ABpla,20,251,243,22.0,50,-805
ABpla,21,239,252,22.7,50,-858
ABpla,22,226,261,23.3,50,-2
ABpla,23,213,270,24.0,50,-627
ABpla,24,214,275,23.5,50,-557
ABpla,25,216,281,23.0,50,-369
ABpla,26,217,286,22.5,50,-28
ABpla,27,219,292,22.0,50,-440
ABpla,28,219,292,22.1,50,-477
ABpla,29,219,292,22.3,50,-285
ABpla,30,219,292,22.4,50,-1152
ABpla,31,219,292,22.6,50,-314
ABpla,32,219,292,22.7,50,-408
ABpla,33,219,292,22.9,50,-145
ABpla,34,220,292,23.0,50,-502
ABpla,35,220,287,22.5,43,-480
ABpla,36,221,281,22.0,36,664
ABpla,37,220,270,19.1,36,-363
ABplaa,38,196,275,19.1,32,-1228
ABplaa,39,205,276,22.0,36,28
ABplaa,40,203,274,22.1,36,221
ABplaa,41,197,277,22.1,34,-1125
ABplaa,42,197,277,22.1,34,-323
ABplaa,43,175,286,24.0,36,-1117
ABplaa,44,180,291,23.0,50,-469
ABplaa,45,184,294,23.0,55,-568
ABplaa,46,183,298,22.1,55,-1046
ABplaa,47,181,305,22.0,59,-841
ABplaa,48,188,302,22.0,56,-743
ABplaa,49,190,298,22.1,60,-42
ABplaa,50,189,296,22.1,59,-871
ABplaa,51,182,294,22.1,61,-817
ABplaa,52,186,286,22.2,59,-503
ABplaa,53,183,285,22.3,59,-209
ABplaa,54,186,288,22.1,59,-397
ABplaa,55,183,287,22.2,60,-844
ABplaa,56,183,285,22.2,62,-305
ABplaa,57,185,286,22.1,61,-729
ABplaa,58,189,287,22.2,60,-378
ABplaa,59,198,281,22.9,58,-171
ABplaa,60,192,279,22.1,60,-996
ABplaa,61,198,279,21.1,62,-857
ABplaa,62,205,282,22.1,56,471
ABplaa,63,201,282,22.1,55,-491
ABplaaa,64,201,300,23.1,47,101
ABplaaa,65,191,305,22.9,52,248
ABplaaa,66,190,308,23.1,49,-172
ABplaaa,67,181,303,23.1,49,287
ABplaaa,68,181,305,23.2,51,1062
ABplaaa,69,183,313,24.0,53,745
ABplaaa,70,181,310,23.8,50,178
ABplaaa,71,177,310,23.0,50,975
ABplaaa,72,175,306,22.9,50,694
ABplaaa,73,174,310,22.2,51,359
ABplaaa,74,178,314,22.1,51,1184
ABplaaa,75,176,308,22.9,51,299
ABplaaa,76,179,310,23.1,51,991
ABplaaa,77,177,304,23.2,52,359
ABplaaa,78,175,306,23.2,54,702
ABplaaa,79,178,306,23.1,50,1390
ABplaaa,80,180,307,23.1,53,1126
ABplaaa,81,184,307,23.2,51,885
ABplaaa,82,184,305,23.1,49,1826
ABplaaa,83,188,303,23.3,51,2294
ABplaaa,84,191,306,23.1,51,2865
ABplaaa,85,189,305,23.9,50,3206
ABplaaa,86,191,297,24.1,54,2056
ABplaaa,87,190,294,24.1,52,2175
ABplaaa,88,185,295,24.1,52,2890
ABplaaa,89,181,296,24.2,53,2760
ABplaaa,90,183,294,23.3,51,2484
ABplaaa,91,185,302,23.2,53,3909
ABplaaa,92,187,302,23.1,49,4498
ABplaaa,93,192,309,23.1,49,3923
ABplaaa,94,198,311,23.1,49,4223
ABplaaaa,95,165,283,20.1,36,1385
ABplaaaa,96,169,301,21.9,48,4612
ABplaaaa,97,154,295,20.1,46,3473
ABplaaaa,98,147,291,19.1,38,5809
ABplaaaa,99,143,292,18.1,40,8408
ABplaaaa,100,138,292,18.0,41,6457
ABplaaaa,101,137,287,19.0,40,6510
ABplaaaa,102,137,291,19.0,40,7435
ABplaaaa,103,140,293,20.1,40,6234
ABplaaaa,104,145,290,20.1,41,8641
ABplaaaa,105,142,291,20.9,42,6166
ABplaaaa,106,143,295,20.0,42,6392
ABplaaaa,107,151,297,19.1,42,8884
ABplaaaa,108,154,294,20.0,42,9811
ABplaaaa,109,152,295,20.9,42,8528
ABplaaaa,110,157,289,21.0,42,10261
ABplaaaa,111,160,288,20.2,43,9260
ABplaaaa,112,160,289,20.1,42,10365
ABplaaaa,113,157,290,20.1,42,8108
ABplaaaa,114,156,288,21.1,44,11780
ABplaaaa,115,163,286,22.0,42,9853
ABplaaaa,116,164,281,23.0,42,8526
ABplaaaa,117,170,278,23.0,44,8694
ABplaaaa,118,167,273,24.0,44,8866
ABplaaaa,119,169,263,24.0,42,9666
ABplaaaa,120,175,255,23.2,44,9725
ABplaaaa,121,173,248,24.0,42,7990
ABplaaaa,122,175,249,24.0,42,8790
ABplaaaa,123,175,244,24.0,46,9924
ABplaaaa,124,177,238,23.3,44,11075
ABplaaaa,125,182,228,24.0,44,12925
ABplaaaa,126,179,223,24.0,46,8239
ABplaaaa,127,185,219,24.0,46,10304
ABplaaaa,128,186,211,24.1,46,10988
ABplaaaa,129,186,210,24.1,46,13075
ABplaaaa,130,187,201,25.0,42,11580
ABplaaaa,131,197,197,24.2,46,9967
ABplaaaa,132,204,193,24.1,46,10601
ABplaaaa,133,202,194,24.1,44,11188
ABplaaaa,134,205,202,24.1,45,11695
ABplaaaa,135,206,204,24.0,41,12480
ABplaaaa,136,206,211,24.0,41,12328
ABplaaaa,137,209,206,24.0,40,15679
ABplaaaaa,138,186,206,24.1,39,10027
ABplaaaaa,139,182,207,24.0,38,14276
ABplaaaaa,140,176,208,23.1,26,16462
ABplaaaaa,141,180,209,23.0,37,16224
ABplaaaaa,142,181,201,23.8,37,12112
ABplaaaaa,143,175,203,23.1,37,15665
ABplaaaaa,144,174,201,23.4,37,15143
ABplaaaaa,145,183,184,23.2,39,20167
ABplaaaaa,146,187,182,23.2,38,19098
ABplaaaaa,147,186,184,24.0,38,17505
ABplaaaaa,148,186,187,23.2,36,15470
ABplaaaaa,149,187,187,23.1,36,15435
ABplaaaaa,150,187,185,23.1,36,18246
ABplaaaaa,151,189,184,23.1,36,16475
ABplaaaaa,152,189,190,23.2,36,18737
ABplaaaaa,153,190,190,23.2,36,19402
ABplaaaaa,154,198,184,23.2,36,20275
ABplaaaaa,155,197,184,23.3,36,16737
ABplaaaaa,156,203,182,23.2,38,17174
ABplaaaaa,157,201,182,24.1,38,13837
ABplaaaaa,158,198,193,24.2,38,13943
ABplaaaaa,159,202,191,24.2,36,11612
ABplaaaaa,160,200,194,24.2,38,10259
ABplaaaaa,161,201,199,24.2,39,14027
ABplaaaaa,162,199,203,24.2,39,17029
ABplaaaaa,163,199,201,24.1,39,20269
ABplaaaaa,164,201,201,23.1,39,23829
ABplaaaaa,165,201,203,24.1,37,20139
ABplaaaaa,166,205,200,24.1,39,23612
ABplaaaaa,167,210,203,24.1,39,19586
ABplaaaaa,168,210,202,24.1,39,18503
ABplaaaaa,169,208,199,24.3,39,20074
ABplaaaaa,170,207,198,24.2,39,19136
ABplaaaaa,171,212,206,24.2,39,17760
ABplaaaaa,172,209,209,24.2,39,17274
ABplaaaaa,173,212,206,24.1,39,16281
ABplaaaaa,174,209,209,24.2,39,17942
ABplaaaaa,175,210,214,24.2,39,14542
ABplaaaaa,176,206,213,25.0,39,20844
ABplaaaaa,177,201,218,24.1,39,23776
ABplaaaaa,178,210,222,24.2,39,16068
ABplaaaaa,179,212,224,24.2,39,13625
ABplaaaaa,180,214,225,24.2,39,14407
ABplaaaaa,181,214,228,24.1,39,12969
ABplaaaaa,182,213,227,25.0,38,13534
ABplaaaaa,183,213,226,24.1,38,10515
ABplaaaaa,184,209,223,24.2,37,10131
ABplaaaaa,185,209,221,25.0,36,15174
ABplaaaaa,186,208,222,24.2,35,12059
ABplaaaaa,187,202,227,24.2,34,10734
ABplaaaaa,188,203,224,24.2,31,17827
ABplaaaaa,189,205,225,24.2,34,16601
ABplaaaaa,190,196,219,25.0,31,18760
ABplaaaaa,191,198,221,25.0,34,22151
ABplaaaaa,192,201,215,24.1,31,19335
ABplaaaaa,193,210,219,24.2,34,22563
ABplaaaaa,194,209,214,24.0,29,27117
ABplaaaaa,195,211,221,24.1,30,26135
ABplaaaaaa,196,185,223,24.0,29,18659
ABplaaaaaa,197,179,227,24.1,30,18233
ABplaaaaaa,198,183,224,24.0,29,20450
ABplaaaaaa,199,183,223,24.1,30,16543
ABplaaaaaa,200,190,222,24.0,31,16587
ABplaaaaaa,201,190,212,24.1,34,18000
ABplaaaaaa,202,190,208,24.2,31,25696
ABplaaaaaa,203,185,209,24.3,34,21382
ABplaaaaaa,204,177,217,25.0,30,13310
ABplaaaaaa,205,174,214,24.0,29,16643
ABplaaaaaa,206,176,212,24.2,34,12197
ABplaaaaaa,207,173,209,24.0,31,20849
ABplaaaaaa,208,175,211,24.2,34,20825
ABplaaaaaa,209,172,216,24.0,26,27991
ABplaaaaaa,210,185,216,25.1,34,14809
ABplaaaaaa,211,188,212,24.4,31,18324
ABplaaaaaa,212,182,211,24.3,34,16161
ABplaaaaaa,213,186,209,24.3,31,17992
ABplaaaaaa,214,185,208,25.0,34,15043
ABplaaaaaa,215,184,211,25.1,31,18316
ABplaaaaaa,216,183,209,24.2,32,20407
ABplaaaaaa,217,181,213,24.2,31,19435
ABplaaaaaa,218,182,215,24.2,34,19295
ABplaaaaaa,219,183,214,24.2,31,27353
ABplaaaaaa,220,184,213,24.2,34,24759
ABplaaaaap,196,214,211,24.1,29,13064
ABplaaaaap,197,213,207,24.9,30,7149
ABplaaaaap,198,214,206,25.0,29,13708
ABplaaaaap,199,212,203,24.1,34,10226
ABplaaaaap,200,216,194,24.2,31,9263
ABplaaaaap,201,219,185,24.1,32,7170
ABplaaaaap,202,223,192,24.3,31,2194
ABplaaaaap,203,221,189,25.1,34,2583
ABplaaaaap,204,220,195,24.2,34,4529
ABplaaaaap,205,216,195,24.2,31,9846
ABplaaaaap,206,213,199,24.3,34,3284
ABplaaaaap,207,213,199,24.3,31,10199
ABplaaaaap,208,215,200,24.2,34,4165
ABplaaaaap,209,214,207,24.3,31,10712
ABplaaaaap,210,213,205,24.3,34,10957
ABplaaaaap,211,213,202,24.3,26,9268
ABplaaaaap,212,213,205,24.2,34,12313
ABplaaaaap,213,217,208,24.2,31,9817
ABplaaaaap,214,214,213,24.0,34,9185
ABplaaaaap,215,214,215,24.2,31,12022
ABplaaaaap,216,212,212,24.2,34,9732
ABplaaaaap,217,211,212,24.1,31,12592
ABplaaaaap,218,212,214,24.1,34,8558
ABplaaaaap,219,213,216,24.1,31,11333
ABplaaaaap,220,214,213,24.1,34,9502
ABplaaaap,138,223,188,24.1,39,10564
ABplaaaap,139,225,186,24.9,38,9151
ABplaaaap,140,216,186,24.9,37,7497
ABplaaaap,141,221,184,24.1,37,8710
ABplaaaap,142,228,185,23.9,37,7557
ABplaaaap,143,221,184,23.1,39,8125
ABplaaaap,144,222,184,23.2,37,12384
ABplaaaap,145,228,187,24.0,35,8568
ABplaaaap,146,231,188,24.1,36,12117
ABplaaaap,147,228,185,25.0,34,11232
ABplaaaap,148,230,188,24.2,38,7933
ABplaaaap,149,228,190,24.3,38,7693
ABplaaaap,150,230,188,25.0,38,8175
ABplaaaap,151,233,189,24.2,38,11228
ABplaaaap,152,234,190,24.2,38,8706
ABplaaaap,153,237,192,24.1,38,6709
ABplaaaap,154,242,193,24.2,38,7990
ABplaaaap,155,238,196,24.2,38,9084
ABplaaaap,156,246,197,24.2,38,11120
ABplaaaap,157,244,191,23.3,38,8752
ABplaaaap,158,245,194,24.0,36,8954
ABplaaaap,159,244,190,24.0,36,13760
ABplaaaap,160,247,190,23.1,36,8155
ABplaaaap,161,247,191,23.1,39,13300
ABplaaaap,162,243,199,23.1,39,15750
ABplaaaap,163,247,199,24.0,39,8573
ABplaaaap,164,245,199,23.1,39,12969
ABplaaaap,165,245,197,23.0,26,9419
ABplaaaap,166,248,200,24.0,39,6693
ABplaaaap,167,253,204,24.0,39,8647
ABplaaaap,168,252,211,23.1,39,11398
ABplaaaap,169,250,213,23.1,39,14188
ABplaaaap,170,247,213,23.2,39,11185
ABplaaaap,171,252,222,23.1,39,10582
ABplaaaap,172,249,222,23.2,39,10935
ABplaaaap,173,249,226,24.0,39,10582
ABplaaaap,174,250,228,23.2,39,8935
ABplaaaap,175,253,228,24.1,39,10590
ABplaaaap,176,253,229,24.1,39,10760
ABplaaaap,177,251,229,24.1,39,11811
ABplaaaap,178,260,229,23.3,39,10862
ABplaaaap,179,258,231,24.0,39,8844
ABplaaaap,180,262,230,23.2,39,9039
ABplaaaap,181,262,235,23.2,39,9981
ABplaaaap,182,264,234,24.0,38,11117
ABplaaaap,183,263,236,23.3,38,11313
ABplaaaap,184,258,236,24.0,37,9666
ABplaaaap,185,258,229,23.3,36,11658
ABplaaaap,186,256,232,24.0,35,7581
ABplaaaap,187,253,235,24.0,34,18499
ABplaaaap,188,255,237,24.0,31,13942
ABplaaaap,189,255,232,24.1,34,10677
ABplaaaap,190,258,236,24.1,31,14250
ABplaaaap,191,256,232,24.0,34,14132
ABplaaaap,192,259,232,23.3,31,16824
ABplaaaap,193,258,226,24.0,30,23663
ABplaaaap,194,260,231,24.0,29,9901
ABplaaaap,195,257,228,24.0,30,21747
ABplaaaapa,196,236,226,24.2,31,13275
ABplaaaapa,197,234,222,24.0,34,12940
ABplaaaapa,198,237,221,24.2,31,10232
ABplaaaapa,199,236,224,24.2,32,11068
ABplaaaapa,200,241,214,24.2,31,17383
ABplaaaapa,201,237,217,25.0,32,11286
ABplaaaapa,202,237,218,25.0,31,7820
ABplaaaapa,203,240,218,24.1,34,9079
ABplaaaapa,204,242,219,24.2,32,12921
ABplaaaapa,205,239,219,25.0,31,7389
ABplaaaapa,206,242,221,24.3,34,9003
ABplaaaapa,207,242,223,24.2,31,10826
ABplaaaapa,208,244,226,25.0,34,8410
ABplaaaapa,209,241,231,24.1,31,9167
ABplaaaapa,210,238,235,25.1,34,11311
ABplaaaapa,211,239,236,23.1,31,3971
ABplaaaapa,212,240,236,23.3,30,4157
ABplaaaapa,213,242,236,23.6,29,7442
ABplaaaapa,214,243,236,23.8,28,9761
ABplaaaapa,215,245,235,24.0,26,12243
ABplaaaapa,216,245,235,23.0,26,5069
ABplaaaapa,217,248,237,23.1,31,2765
ABplaaaapa,218,247,238,23.5,34,6338
ABplaaaapa,219,247,238,23.6,34,6388
ABplaaaapa,220,247,238,23.7,33,7538
ABplaaaapp,196,274,235,24.0,29,12174
ABplaaaapp,197,276,241,24.0,30,14563
ABplaaaapp,198,275,239,24.0,29,13210
ABplaaaapp,199,272,238,24.0,32,8950
ABplaaaapp,200,275,233,24.1,31,13965
ABplaaaapp,201,277,228,24.1,34,8881
ABplaaaapp,202,277,225,24.0,31,11609
ABplaaaapp,203,278,220,24.0,30,10370
ABplaaaapp,204,277,220,24.1,34,9628
ABplaaaapp,205,276,220,24.2,31,8797
ABplaaaapp,206,276,222,24.1,34,8525
ABplaaaapp,207,277,223,24.1,31,5085
ABplaaaapp,208,275,229,24.1,26,4092
ABplaaaapp,209,275,231,24.1,31,9084
ABplaaaapp,210,274,234,24.1,34,7188
ABplaaaapp,211,274,229,24.1,31,9063
ABplaaaapp,212,273,229,24.1,34,7828
ABplaaaapp,213,273,227,24.0,31,6163
ABplaaaapp,214,272,226,24.0,26,11863
ABplaaaapp,215,271,226,24.0,26,10640
ABplaaaapp,216,275,226,23.1,34,8994
ABplaaaapp,217,275,227,24.0,31,8157
ABplaaaapp,218,273,229,24.0,26,9664
ABplaaaapp,219,273,230,24.0,31,12171
ABplaaaapp,220,272,229,23.2,34,9147
ABplaaap,95,198,313,23.0,49,3936
ABplaaap,96,200,301,23.0,32,4527
ABplaaap,97,198,303,23.0,46,2907
ABplaaap,98,188,297,22.9,44,3271
ABplaaap,99,183,298,22.9,42,3828
ABplaaap,100,194,302,22.2,43,2787
ABplaaap,101,202,295,23.1,42,3191
ABplaaap,102,208,299,23.0,40,3303
ABplaaap,103,204,288,23.1,44,3802
ABplaaap,104,202,290,23.1,45,2578
ABplaaap,105,204,292,23.0,46,3842
ABplaaap,106,204,291,22.1,44,5465
ABplaaap,107,203,291,23.0,42,4310
ABplaaap,108,202,294,23.1,44,5647
ABplaaap,109,205,293,23.1,44,5377
ABplaaap,110,207,287,24.0,42,4699
ABplaaap,111,208,294,23.1,43,4048
ABplaaap,112,209,295,23.1,42,4959
ABplaaap,113,206,295,23.1,44,5444
ABplaaap,114,208,290,23.1,46,5822
ABplaaap,115,219,285,23.9,42,5382
ABplaaap,116,221,278,23.1,42,5704
ABplaaap,117,226,272,23.1,44,4319
ABplaaap,118,231,265,23.1,46,3005
ABplaaap,119,237,257,22.0,42,6989
ABplaaap,120,238,248,22.1,44,2694
ABplaaap,121,243,244,23.0,42,5603
ABplaaap,122,246,239,23.0,42,3557
ABplaaap,123,250,241,23.0,42,3911
ABplaaap,124,259,242,23.0,46,4845
ABplaaap,125,263,235,23.0,42,6288
ABplaaap,126,269,229,23.0,44,6709
ABplaaap,127,268,223,23.1,46,5125
ABplaaap,128,272,220,22.3,44,7315
ABplaaap,129,273,217,23.0,46,5422
ABplaaap,130,276,215,24.0,46,5407
ABplaaap,131,281,212,23.2,46,6876
ABplaaap,132,279,205,23.9,42,6583
ABplaaap,133,277,208,24.0,44,5359
ABplaaap,134,276,213,24.0,45,8360
ABplaaap,135,273,213,24.1,43,9886
ABplaaap,136,266,200,24.0,41,10276
ABplaaap,137,266,194,23.1,40,12575
ABplaaap,138,269,186,22.1,35,12493
ABplaaap,139,269,191,23.1,42,12176
ABplaaapa,140,250,192,24.1,37,11393
ABplaaapa,141,253,192,24.8,37,10156
ABplaaapa,142,257,187,24.1,26,10448
ABplaaapa,143,251,188,24.1,35,8295
ABplaaapa,144,252,185,24.9,35,6889
ABplaaapa,145,260,184,24.9,35,9414
ABplaaapa,146,262,185,24.1,38,7619
ABplaaapa,147,260,187,24.1,38,7988
ABplaaapa,148,263,191,23.2,36,7386
ABplaaapa,149,265,188,24.1,36,7901
ABplaaapa,150,267,189,24.0,34,11277
ABplaaapa,151,269,187,24.0,34,10829
ABplaaapa,152,269,189,24.2,36,8789
ABplaaapa,153,272,183,24.1,38,10874
ABplaaapa,154,274,181,24.1,38,8100
ABplaaapa,155,269,185,23.3,36,6832
ABplaaapa,156,276,190,23.1,36,9937
ABplaaapa,157,276,189,23.1,36,10726
ABplaaapa,158,279,191,23.2,36,10325
ABplaaapa,159,278,193,24.0,36,9768
ABplaaapa,160,278,193,24.0,38,7051
ABplaaapa,161,280,197,24.0,39,6820
ABplaaapa,162,279,199,24.1,37,6773
ABplaaapa,163,280,196,24.1,37,7677
ABplaaapa,164,281,192,24.0,37,7060
ABplaaapa,165,277,192,23.1,37,6677
ABplaaapa,166,282,193,23.3,39,5515
ABplaaapa,167,284,192,23.1,37,8651
ABplaaapa,168,286,196,24.0,37,9719
ABplaaapa,169,286,194,24.1,39,5026
ABplaaapa,170,286,191,24.0,37,4494
ABplaaapa,171,284,195,23.2,37,11821
ABplaaapa,172,283,193,23.1,39,7791
ABplaaapa,173,282,195,23.2,39,9728
ABplaaapa,174,283,199,23.2,39,8615
ABplaaapa,175,287,200,23.3,37,7827
ABplaaapa,176,285,197,23.2,37,9659
ABplaaapa,177,283,199,24.0,39,8971
ABplaaapa,178,289,203,23.2,39,5555
ABplaaapa,179,289,205,24.1,39,8253
ABplaaapa,180,293,202,24.1,39,7727
ABplaaapa,181,294,210,24.1,39,9283
ABplaaapa,182,292,213,24.1,36,11898
ABplaaapa,183,290,211,24.2,38,8932
ABplaaapa,184,288,209,24.2,37,7050
ABplaaapa,185,285,205,24.2,36,7341
ABplaaapa,186,284,209,24.2,35,11001
ABplaaapa,187,283,209,24.1,34,5913
ABplaaapa,188,278,206,24.2,31,8130
ABplaaapa,189,278,204,24.1,34,6864
ABplaaapa,190,278,207,25.0,31,10544
ABplaaapa,191,280,210,24.1,34,12157
ABplaaapa,192,277,205,25.0,31,6335
ABplaaapa,193,274,198,24.1,34,6845
ABplaaapa,194,276,193,26.0,31,4790
ABplaaapa,195,275,189,25.1,34,5912
ABplaaapa,196,277,193,24.0,31,6900
ABplaaapa,197,280,192,24.9,30,13604
ABplaaapa,198,276,192,24.0,31,12307
ABplaaapa,199,278,193,24.9,30,10275
ABplaaapaa,200,264,192,23.1,31,20284
ABplaaapaa,201,260,188,23.0,32,23039
ABplaaapaa,202,262,190,23.0,31,29425
ABplaaapaa,203,265,186,23.1,34,13202
ABplaaapaa,204,263,187,24.1,34,8815
ABplaaapaa,205,263,184,25.0,31,8483
ABplaaapaa,206,258,188,24.0,34,16682
ABplaaapaa,207,261,190,25.1,31,16032
ABplaaapaa,208,259,191,25.0,34,7357
ABplaaapaa,209,258,197,24.2,31,18111
ABplaaapaa,210,259,197,25.0,34,9276
ABplaaapaa,211,262,193,25.1,31,5878
ABplaaapaa,212,264,191,25.1,32,8713
ABplaaapaa,213,262,191,25.1,31,11031
ABplaaapaa,214,262,191,25.2,34,8501
ABplaaapaa,215,262,194,25.1,31,5473
ABplaaapaa,216,262,192,25.1,34,1096
ABplaaapaa,217,262,190,25.2,31,-3453
ABplaaapaa,218,263,192,25.1,34,5255
ABplaaapaa,219,258,188,26.0,31,9043
ABplaaapaa,220,258,188,26.0,34,8370
ABplaaapap,200,295,189,24.1,31,5708
ABplaaapap,201,301,192,23.9,30,5620
ABplaaapap,202,307,192,24.1,29,3129
ABplaaapap,203,307,187,24.2,32,4529
ABplaaapap,204,309,188,24.2,32,1427
ABplaaapap,205,307,187,24.0,31,7318
ABplaaapap,206,305,182,24.2,34,3551
ABplaaapap,207,303,183,24.1,31,5686
ABplaaapap,208,298,184,24.2,26,6029
ABplaaapap,209,291,178,24.1,26,8614
ABplaaapap,210,291,178,24.1,26,21983
ABplaaapap,211,293,184,24.1,26,3444
ABplaaapap,212,293,184,24.1,26,6792
ABplaaapap,213,291,184,23.2,31,5919
ABplaaapap,214,289,179,24.0,34,2827
ABplaaapap,215,290,174,24.0,26,-131
ABplaaapap,216,287,178,24.0,34,-4622
ABplaaapap,217,285,185,23.2,31,-3740
ABplaaapap,218,286,181,24.0,26,2601
ABplaaapap,219,284,183,24.0,31,7044
ABplaaapap,220,283,184,23.2,34,2140
ABplaaapp,140,296,189,22.3,35,8236
ABplaaapp,141,302,190,23.1,35,6934
ABplaaapp,142,303,185,23.0,37,6149
ABplaaapp,143,298,181,24.0,35,6402
ABplaaapp,144,302,177,23.3,37,4751
ABplaaapp,145,313,175,24.1,35,5465
ABplaaapp,146,314,173,24.0,38,6314
ABplaaapp,147,309,172,23.2,38,5219
ABplaaapp,148,312,174,24.0,38,6876
ABplaaapp,149,314,178,23.3,38,8287
ABplaaapp,150,319,172,24.1,38,7426
ABplaaapp,151,318,169,24.0,38,8646
ABplaaapp,152,320,167,24.1,38,7624
ABplaaapp,153,322,169,24.1,38,3942
ABplaaapp,154,325,167,24.1,38,3858
ABplaaapp,155,322,171,24.2,38,4646
ABplaaapp,156,326,171,24.1,38,5716
ABplaaapp,157,327,169,23.2,38,6713
ABplaaapp,158,325,175,23.2,38,4862
ABplaaapp,159,323,173,23.2,38,5857
ABplaaapp,160,329,176,23.3,38,2201
ABplaaapp,161,326,180,24.0,39,4092
ABplaaapp,162,324,179,23.3,39,6429
ABplaaapp,163,323,182,23.1,39,5908
ABplaaapp,164,328,183,23.1,39,7369
ABplaaapp,165,326,187,23.1,39,10020
ABplaaapp,166,327,184,23.1,39,7483
ABplaaapp,167,331,182,23.2,39,7804
ABplaaapp,168,330,186,23.2,39,8358
ABplaaapp,169,331,185,23.2,39,6691
ABplaaapp,170,328,180,23.2,39,8458
ABplaaapp,171,328,182,23.2,39,6153
ABplaaapp,172,330,181,23.2,39,6156
ABplaaapp,173,330,182,23.2,39,7943
ABplaaapp,174,334,181,23.1,37,8418
ABplaaapp,175,337,180,23.1,39,7877
ABplaaapp,176,335,180,23.2,39,5823
ABplaaapp,177,332,185,24.0,39,4532
ABplaaapp,178,333,188,23.1,39,8244
ABplaaapp,179,333,197,23.2,39,10732
ABplaaapp,180,333,199,24.1,39,7135
ABplaaapp,181,338,196,24.1,39,6701
ABplaaapp,182,336,198,23.2,38,8600
ABplaaapp,183,336,197,24.1,38,6415
ABplaaapp,184,332,190,23.2,37,6665
ABplaaapp,185,330,194,24.1,36,7431
ABplaaapp,186,327,196,24.1,35,9813
ABplaaapp,187,325,200,24.0,34,9276
ABplaaapp,188,323,194,24.1,31,10598
ABplaaapp,189,321,190,24.0,34,7440
ABplaaapp,190,320,188,24.0,31,12718
ABplaaapp,191,323,184,24.0,30,8149
ABplaaapp,192,319,185,24.0,29,9882
ABplaaappa,193,303,192,23.1,32,5866
ABplaaappa,194,304,187,23.9,29,6441
ABplaaappa,195,306,187,23.9,30,5849
ABplaaappa,196,314,186,24.1,31,5805
ABplaaappa,197,313,186,24.2,34,3764
ABplaaappa,198,315,185,25.1,31,3369
ABplaaappa,199,314,185,24.2,34,-90
ABplaaappa,200,322,181,24.2,31,5533
ABplaaappa,201,327,174,25.1,30,1237
ABplaaappa,202,328,169,25.1,31,4352
ABplaaappa,203,328,167,25.1,34,6153
ABplaaappa,204,327,165,25.0,34,9251
ABplaaappa,205,326,167,25.1,31,9858
ABplaaappa,206,327,169,25.0,34,1997
ABplaaappa,207,327,168,24.2,31,2385
ABplaaappa,208,323,173,24.2,32,7187
ABplaaappa,209,322,183,24.3,31,7479
ABplaaappa,210,328,191,24.2,34,8132
ABplaaappa,211,322,191,24.2,31,8193
ABplaaappa,212,322,189,24.1,34,8834
ABplaaappa,213,321,192,23.3,31,10828
ABplaaappa,214,319,188,24.1,34,8219
ABplaaappa,215,317,186,24.1,31,11913
ABplaaappa,216,316,193,24.1,34,10048
ABplaaappa,217,316,189,23.1,31,18737
ABplaaappa,218,315,192,24.1,34,11759
ABplaaappa,219,311,191,23.2,31,11610
ABplaaappa,220,310,191,24.1,34,10776
ABplaaappp,193,343,186,23.1,30,4871
ABplaaappp,194,353,184,23.1,31,5672
ABplaaappp,195,356,186,23.0,30,6811
ABplaaappp,196,360,185,23.1,31,3729
ABplaaappp,197,362,179,23.1,30,7520
ABplaaappp,198,358,182,22.2,31,3228
ABplaaappp,199,357,177,23.0,34,8987
ABplaaappp,200,355,172,22.2,31,9058
ABplaaappp,201,359,169,22.2,34,11331
ABplaaappp,202,359,163,22.2,31,11190
ABplaaappp,203,358,161,22.1,34,10320
ABplaaappp,204,354,163,22.1,34,9294
ABplaaappp,205,350,158,23.0,31,7634
ABplaaappp,206,353,167,23.1,34,8084
ABplaaappp,207,351,170,23.0,31,7301
ABplaaappp,208,345,176,22.1,34,4819
ABplaaappp,209,341,177,22.1,31,8394
ABplaaappp,210,344,184,22.1,34,13346
ABplaaappp,211,348,180,23.0,31,3647
ABplaaappp,212,347,178,23.1,34,1531
ABplaaappp,213,346,176,22.2,31,8174
ABplaaappp,214,347,177,23.1,34,3588
ABplaaappp,215,345,178,23.1,31,5926
ABplaaappp,216,344,183,23.1,34,6057
ABplaaappp,217,341,180,23.1,31,9463
ABplaaappp,218,344,180,23.2,34,5039
ABplaaappp,219,339,179,23.1,31,8057
ABplaaappp,220,337,177,23.2,34,863
ABplaap,64,220,238,22.9,53,-25
ABplaap,65,220,242,23.0,52,-105
ABplaap,66,213,243,21.3,51,-391
ABplaap,67,217,234,22.2,53,-730
ABplaap,68,214,220,22.1,51,205
ABplaap,69,215,218,22.1,51,52
ABplaap,70,221,222,22.0,50,-271
ABplaap,71,213,229,23.9,50,295
ABplaap,72,215,233,23.0,52,348
ABplaap,73,217,240,23.0,51,-184
ABplaap,74,212,245,23.0,55,710
ABplaap,75,210,246,22.1,53,481
ABplaap,76,212,246,22.1,57,341
ABplaap,77,213,237,22.0,52,371
ABplaap,78,214,240,22.1,54,455
ABplaap,79,210,235,22.1,52,398
ABplaap,80,209,238,22.2,53,504
ABplaap,81,214,235,22.1,53,657
ABplaap,82,206,234,22.3,53,1310
ABplaap,83,202,230,22.1,53,1187
ABplaap,84,204,233,22.3,53,1995
ABplaap,85,200,233,22.2,54,579
ABplaap,86,203,226,22.3,54,1246
ABplaap,87,209,224,22.2,54,1728
ABplaap,88,212,219,22.3,54,1891
ABplaap,89,212,223,22.3,53,1766
ABplaap,90,205,224,23.1,53,1497
ABplaap,91,211,224,22.3,51,1876
ABplaap,92,209,221,22.2,53,2982
ABplaap,93,210,224,22.9,49,4164
ABplaap,94,212,230,22.0,49,2249
ABplaap,95,211,231,21.1,49,4303
ABplaapa,96,190,231,22.8,48,2437
ABplaapa,97,176,240,22.1,42,3534
ABplaapa,98,167,239,21.9,44,2909
ABplaapa,99,162,243,21.9,42,5811
ABplaapa,100,159,244,20.3,43,4199
ABplaapa,101,164,233,21.0,44,3223
ABplaapa,102,162,232,21.1,44,6862
ABplaapa,103,161,225,22.0,40,7207
ABplaapa,104,160,230,22.0,41,8231
ABplaapa,105,166,235,22.0,42,4366
ABplaapa,106,168,233,22.0,42,7161
ABplaapa,107,168,229,21.3,44,6339
ABplaapa,108,173,235,21.2,44,7168
ABplaapa,109,179,233,21.1,42,7543
ABplaapa,110,176,230,21.9,42,11049
ABplaapa,111,182,228,21.0,43,9511
ABplaapa,112,176,225,22.0,42,11717
ABplaapa,113,174,228,21.2,44,10659
ABplaapa,114,173,227,21.2,44,13416
ABplaapa,115,175,226,21.9,42,15517
ABplaapa,116,178,226,21.0,42,15446
ABplaapa,117,186,217,21.9,42,12131
ABplaapa,118,193,214,21.9,42,14822
ABplaapa,119,196,209,22.1,42,15150
ABplaapa,120,204,201,22.0,44,13361
ABplaapa,121,208,196,22.1,44,13772
ABplaapa,122,215,189,22.1,44,16980
ABplaapa,123,218,192,23.0,42,16407
ABplaapa,124,221,184,23.1,46,15897
ABplaapa,125,227,183,22.1,44,17890
ABplaapa,126,236,177,23.0,46,19907
ABplaapa,127,245,173,23.2,46,17134
ABplaapa,128,248,167,24.0,42,21725
ABplaapa,129,246,165,24.1,46,22134
ABplaapa,130,252,166,23.2,46,22123
ABplaapa,131,262,160,23.0,44,25864
ABplaapa,132,266,156,22.2,44,32373
ABplaapa,133,254,160,22.0,42,31613
ABplaapa,134,251,157,22.0,39,31660
ABplaapaa,135,236,166,22.9,41,20928
ABplaapaa,136,225,157,22.1,35,33266
ABplaapaa,137,223,150,21.3,38,28312
ABplaapaa,138,223,148,21.9,39,31114
ABplaapaa,139,224,149,21.9,38,27122
ABplaapaa,140,224,143,21.1,37,35274
ABplaapaa,141,221,142,21.8,37,37607
ABplaapaa,142,225,140,21.1,37,39113
ABplaapaa,143,222,137,21.1,37,46022
ABplaapaa,144,223,140,21.3,39,43581
ABplaapaa,145,226,138,21.5,37,41787
ABplaapaa,146,227,137,21.4,36,47689
ABplaapaa,147,231,139,22.1,38,49930
ABplaapaa,148,231,141,22.1,38,46138
ABplaapaa,149,234,144,22.1,38,42992
ABplaapaa,150,239,145,23.0,38,44775
ABplaapaa,151,245,143,22.3,38,43789
ABplaapaa,152,244,142,22.2,38,50366
ABplaapaa,153,240,146,23.1,38,45938
ABplaapaa,154,245,149,23.1,38,49973
ABplaapaa,155,245,150,22.2,38,45133
ABplaapaa,156,253,148,23.1,36,51902
ABplaapaa,157,247,147,22.3,38,50665
ABplaapaa,158,252,150,23.0,36,60526
ABplaapaa,159,250,153,23.0,38,49907
ABplaapaa,160,254,152,23.0,38,50152
ABplaapaa,161,253,152,23.0,39,50653
ABplaapaa,162,251,156,23.2,39,54017
ABplaapaa,163,253,158,23.1,39,55034
ABplaapaa,164,250,154,23.1,39,54436
ABplaapaa,165,250,156,22.4,39,55621
ABplaapaa,166,250,156,22.3,39,60268
ABplaapaa,167,248,159,22.2,39,63786
ABplaapaa,168,251,158,22.3,39,58869
ABplaapaa,169,252,157,23.1,39,61120
ABplaapaa,170,247,158,23.1,39,64842
ABplaapaa,171,250,159,23.1,39,61230
ABplaapaa,172,246,162,23.1,39,62549
ABplaapaa,173,250,162,23.2,39,63078
ABplaapaa,174,249,165,24.1,39,67637
ABplaapaa,175,254,167,24.1,39,67920
ABplaapaa,176,248,165,24.1,39,64259
ABplaapaa,177,242,170,24.0,39,66338
ABplaapaa,178,243,173,24.0,39,63130
ABplaapaa,179,240,174,24.1,39,69296
ABplaapaa,180,242,174,24.1,39,69346
ABplaapaa,181,238,177,24.1,39,69453
ABplaapaa,182,238,175,23.3,38,65571
ABplaapaa,183,237,174,24.1,38,74828
ABplaapaa,184,238,176,24.1,37,77226
ABplaapaa,185,235,172,24.1,36,82584
ABplaapaa,186,230,180,23.2,35,69630
ABplaapaa,187,229,187,24.0,30,88131
ABplaapaa,188,233,186,24.1,31,75909
ABplaapaa,189,237,183,24.0,30,81569
ABplaapaaa,190,219,179,23.4,31,58341
ABplaapaaa,191,209,176,24.0,30,78429
ABplaapaaa,192,211,174,24.0,29,75642
ABplaapaaa,193,213,172,23.1,30,72816
ABplaapaaa,194,210,167,23.1,31,76174
ABplaapaaa,195,209,173,23.9,30,80765
ABplaapaaa,196,203,176,23.1,31,81215
ABplaapaaa,197,200,172,22.2,32,74168
ABplaapaaa,198,199,171,23.1,31,89981
ABplaapaaa,199,203,169,23.1,34,79444
ABplaapaaa,200,198,164,23.0,31,86127
ABplaapaaa,201,203,159,22.3,34,74902
ABplaapaaa,202,203,159,23.1,31,93681
ABplaapaaa,203,205,158,22.2,34,85340
ABplaapaaa,204,206,158,23.1,34,81932
ABplaapaaa,205,206,155,22.3,31,88253
ABplaapaaa,206,206,158,22.2,34,83437
ABplaapaaa,207,210,154,22.2,31,89728
ABplaapaaa,208,204,156,23.0,34,87295
ABplaapaaa,209,206,162,23.2,31,96708
ABplaapaaa,210,206,159,23.0,34,92511
ABplaapaaa,211,205,162,22.2,31,88893
ABplaapaaa,212,203,161,22.2,34,90431
ABplaapaaa,213,207,159,22.2,31,98862
ABplaapaaa,214,203,159,22.1,34,85765
ABplaapaaa,215,201,164,23.1,31,98489
ABplaapaaa,216,200,160,22.2,34,95985
ABplaapaaa,217,198,164,22.2,31,99303
ABplaapaaa,218,199,163,22.1,34,95364
ABplaapaaa,219,197,164,22.1,31,103597
ABplaapaaa,220,198,164,22.1,34,102447
ABplaapaap,190,253,186,24.1,31,52627
ABplaapaap,191,256,180,24.2,32,55755
ABplaapaap,192,253,177,24.2,31,58864
ABplaapaap,193,256,167,23.9,30,56828
ABplaapaap,194,255,167,23.2,31,65781
ABplaapaap,195,254,167,23.1,34,50047
ABplaapaap,196,255,164,24.1,31,59168
ABplaapaap,197,253,166,23.2,34,44442
ABplaapaap,198,245,169,24.1,31,50688
ABplaapaap,199,245,169,24.0,34,56186
ABplaapaap,200,245,164,23.2,31,51562
ABplaapaap,201,246,163,23.2,34,49415
ABplaapaap,202,247,164,23.3,31,50718
ABplaapaap,203,247,158,23.2,34,50121
ABplaapaap,204,245,164,24.1,34,56553
ABplaapaap,205,242,165,24.0,31,67012
ABplaapaap,206,240,165,24.1,34,62536
ABplaapaap,207,241,163,24.1,31,58406
ABplaapaap,208,243,159,24.1,34,54575
ABplaapaap,209,242,165,24.3,31,53112
ABplaapaap,210,245,167,24.2,34,50259
ABplaapaap,211,243,167,24.3,31,59983
ABplaapaap,212,239,167,24.2,34,56175
ABplaapaap,213,243,167,24.3,31,50187
ABplaapaap,214,240,164,24.2,34,62236
ABplaapaap,215,237,164,24.1,31,56681
ABplaapaap,216,236,165,23.2,34,58292
ABplaapaap,217,235,166,23.3,31,64522
ABplaapaap,218,234,169,24.1,34,65858
ABplaapaap,219,230,164,23.4,31,61170
ABplaapaap,220,233,163,23.3,34,58329
ABplaapap,135,267,149,21.2,29,36289
ABplaapap,136,269,142,21.1,29,44570
ABplaapap,137,270,138,21.1,28,35845
ABplaapap,138,273,135,21.0,28,33469
ABplaapap,139,272,130,21.1,27,33697
ABplaapap,140,281,137,21.0,37,31509
ABplaapap,141,289,136,21.1,39,30970
ABplaapap,142,289,135,21.9,37,34588
ABplaapap,143,290,133,21.1,39,36272
ABplaapap,144,287,133,21.1,37,42389
ABplaapap,145,292,130,21.0,39,41266
ABplaapap,146,293,132,21.2,38,37760
ABplaapap,147,290,135,21.1,38,40045
ABplaapap,148,292,135,21.2,38,40493
ABplaapap,149,294,133,21.2,36,38442
ABplaapap,150,298,126,21.1,34,53331
ABplaapap,151,301,126,21.0,38,50901
ABplaapap,152,303,128,21.1,36,48703
ABplaapap,153,300,131,21.0,38,51111
ABplaapap,154,303,135,21.1,38,42499
ABplaapap,155,301,137,21.2,38,48195
ABplaapap,156,303,136,22.1,38,43818
ABplaapap,157,304,135,21.2,38,49941
ABplaapap,158,307,135,21.3,38,54121
ABplaapap,159,302,136,22.0,38,56386
ABplaapap,160,305,138,22.1,38,53841
ABplaapap,161,302,141,21.3,39,56089
ABplaapap,162,298,145,21.2,39,58682
ABplaapap,163,295,140,21.4,39,58012
ABplaapap,164,293,146,22.1,39,59175
ABplaapap,165,289,143,22.1,39,58016
ABplaapap,166,293,140,22.1,39,64372
ABplaapap,167,291,142,22.1,39,64869
ABplaapap,168,297,148,22.1,39,62309
ABplaapap,169,302,149,22.2,39,61393
ABplaapap,170,295,145,22.2,39,61975
ABplaapap,171,297,144,23.1,39,65077
ABplaapap,172,297,145,23.0,39,59581
ABplaapap,173,300,142,23.0,39,59401
ABplaapap,174,296,148,23.0,39,57953
ABplaapap,175,296,147,23.1,39,69603
ABplaapap,176,300,145,23.1,39,60800
ABplaapap,177,297,151,23.2,39,53211
ABplaapap,178,296,152,24.1,39,53282
ABplaapap,179,298,157,23.3,39,48211
ABplaapap,180,296,155,24.1,39,58367
ABplaapap,181,293,167,24.1,39,51513
ABplaapap,182,290,170,24.1,38,60322
ABplaapap,183,290,166,23.3,38,56604
ABplaapap,184,287,161,24.0,37,62532
ABplaapap,185,287,160,23.2,36,68108
ABplaapap,186,287,164,23.3,35,65552
ABplaapap,187,279,161,23.3,34,66248
ABplaapap,188,273,156,23.2,31,74499
ABplaapap,189,271,153,22.3,34,83316
ABplaapap,190,273,158,22.2,31,82618
ABplaapap,191,273,155,22.9,30,86782
ABplaapapa,192,268,141,21.3,31,66301
ABplaapapa,193,254,135,21.1,30,87551
ABplaapapa,194,253,132,21.2,31,71896
ABplaapapa,195,250,132,21.1,30,71990
ABplaapapa,196,252,132,21.2,31,73948
ABplaapapa,197,251,130,21.1,30,84578
ABplaapapa,198,250,133,21.4,31,75492
ABplaapapa,199,251,136,21.3,34,64511
ABplaapapa,200,250,134,21.3,31,72383
ABplaapapa,201,252,133,21.1,34,72015
ABplaapapa,202,254,135,22.1,31,78136
ABplaapapa,203,257,135,21.2,34,71935
ABplaapapa,204,256,135,21.3,34,67754
ABplaapapa,205,253,134,21.3,31,79156
ABplaapapa,206,253,138,21.2,34,74378
ABplaapapa,207,258,136,21.3,31,65695
ABplaapapa,208,256,136,22.0,34,77582
ABplaapapa,209,254,137,22.1,31,75279
ABplaapapa,210,258,139,22.2,34,74433
ABplaapapa,211,255,138,22.1,31,77399
ABplaapapa,212,256,137,22.2,34,75736
ABplaapapa,213,254,135,22.2,31,78572
ABplaapapa,214,250,135,21.3,34,68607
ABplaapapa,215,247,136,22.1,31,84372
ABplaapapa,216,252,138,22.1,34,82846
ABplaapapa,217,248,141,22.1,31,83633
ABplaapapa,218,250,142,22.1,34,79699
ABplaapapa,219,249,140,21.2,31,85245
ABplaapapa,220,249,137,21.1,34,91474
ABplaapapp,192,285,155,22.0,26,79012
ABplaapapp,193,296,157,22.9,30,64280
ABplaapapp,194,297,154,22.1,29,77919
ABplaapapp,195,296,154,22.0,30,72115
ABplaapapp,196,294,156,22.2,31,50615
ABplaapapp,197,293,154,22.2,32,62768
ABplaapapp,198,292,158,22.2,31,60120
ABplaapapp,199,290,157,22.2,32,59748
ABplaapapp,200,289,153,22.1,31,63008
ABplaapapp,201,287,156,22.2,34,56866
ABplaapapp,202,289,158,22.1,31,69615
ABplaapapp,203,286,154,22.2,34,59445
ABplaapapp,204,285,155,22.3,32,53290
ABplaapapp,205,285,156,22.4,31,69721
ABplaapapp,206,281,154,23.1,34,61011
ABplaapapp,207,285,154,23.1,31,60379
ABplaapapp,208,280,157,22.3,34,62308
ABplaapapp,209,277,159,23.1,31,58121
ABplaapapp,210,281,164,23.1,34,61905
ABplaapapp,211,281,158,23.2,31,59890
ABplaapapp,212,280,157,23.2,34,60993
ABplaapapp,213,275,157,23.0,31,56772
ABplaapapp,214,273,155,23.2,34,55785
ABplaapapp,215,271,153,23.2,31,51332
ABplaapapp,216,272,151,23.0,26,50256
ABplaapapp,217,272,151,23.0,26,43138
ABplaapapp,218,269,156,23.2,34,58538
ABplaapapp,219,264,156,23.0,31,52204
ABplaapapp,220,264,157,23.1,34,63226
ABplaapp,96,242,233,21.9,48,1062
ABplaapp,97,235,238,21.9,46,1341
ABplaapp,98,227,233,21.0,44,2106
ABplaapp,99,231,234,20.2,46,1512
ABplaapp,100,239,231,20.2,45,2508
ABplaapp,101,246,227,21.0,44,3927
ABplaapp,102,244,223,21.1,42,4824
ABplaapp,103,246,221,21.2,44,3440
ABplaapp,104,251,224,21.2,45,4039
ABplaapp,105,258,217,22.0,42,5363
ABplaapp,106,249,219,22.2,44,3654
ABplaapp,107,249,216,22.2,44,5812
ABplaapp,108,249,217,22.2,44,5996
ABplaapp,109,248,215,22.1,44,7420
ABplaapp,110,248,202,22.0,44,4737
ABplaapp,111,247,208,22.1,45,5480
ABplaapp,112,247,211,20.2,44,7947
ABplaapp,113,237,209,21.1,46,8783
ABplaapp,114,235,204,21.0,46,7445
ABplaapp,115,238,206,20.2,46,7908
ABplaapp,116,244,197,20.1,46,7301
ABplaapp,117,246,189,20.0,44,9498
ABplaapp,118,246,182,20.2,46,10029
ABplaapp,119,248,175,21.0,46,11314
ABplaapp,120,258,173,21.0,46,12239
ABplaapp,121,265,172,21.0,46,10532
ABplaapp,122,271,167,21.0,46,12685
ABplaapp,123,276,167,21.1,46,15938
ABplaapp,124,279,168,21.2,46,15745
ABplaapp,125,286,162,21.2,46,17319
ABplaapp,126,287,158,21.1,46,18644
ABplaapp,127,293,156,20.2,46,21416
ABplaapp,128,294,152,20.1,44,24407
ABplaapp,129,296,150,20.1,44,27111
ABplaapp,130,300,149,20.0,44,29428
ABplaapp,131,306,152,19.9,42,29574
ABplaapp,132,307,152,19.9,42,34345
ABplaappa,133,300,156,20.9,42,16703
ABplaappa,134,292,155,20.1,37,25679
ABplaappa,135,294,151,19.9,41,23428
ABplaappa,136,295,151,19.1,41,24818
ABplaappa,137,290,140,19.0,40,28265
ABplaappa,138,294,137,18.2,41,29101
ABplaappa,139,296,127,18.8,38,33821
ABplaappa,140,301,127,18.2,39,42648
ABplaappa,141,304,122,18.1,39,44173
ABplaappa,142,301,119,18.3,41,42113
ABplaappa,143,301,122,18.2,39,48548
ABplaappa,144,298,121,18.2,39,52352
ABplaappa,145,305,120,18.1,39,53411
ABplaappa,146,306,118,18.2,38,56500
ABplaappa,147,306,121,18.1,38,58160
ABplaappa,148,306,118,18.1,38,57260
ABplaappa,149,307,116,17.4,38,64888
ABplaappa,150,305,114,17.2,38,63536
ABplaappa,151,315,112,17.0,38,65871
ABplaappa,152,317,114,16.3,38,64272
ABplaappa,153,314,115,17.1,38,69117
ABplaappa,154,317,115,17.2,36,80728
ABplaappa,155,317,116,17.3,38,70836
ABplaappa,156,322,115,17.2,36,74773
ABplaappa,157,320,114,17.1,38,76174
ABplaappa,158,322,113,18.0,38,74333
ABplaappa,159,323,115,18.2,38,78082
ABplaappa,160,319,114,18.2,38,81152
ABplaappa,161,318,116,18.3,39,90432
ABplaappa,162,316,117,18.3,39,84682
ABplaappa,163,314,118,18.2,39,86322
ABplaappa,164,316,117,19.0,39,87129
ABplaappa,165,318,123,19.1,39,89116
ABplaappa,166,315,120,19.1,39,91467
ABplaappa,167,317,121,19.1,39,89475
ABplaappa,168,319,122,20.1,39,92405
ABplaappa,169,321,123,19.2,39,89294
ABplaappa,170,319,123,20.0,39,92992
ABplaappa,171,321,124,20.1,39,94967
ABplaappa,172,317,124,20.2,39,94046
ABplaappa,173,319,123,20.1,39,94745
ABplaappa,174,319,126,20.2,39,97698
ABplaappa,175,315,125,20.2,39,101610
ABplaappa,176,315,124,20.2,39,105860
ABplaappa,177,318,125,20.3,37,102231
ABplaappa,178,322,126,20.2,37,98351
ABplaappa,179,327,129,21.1,39,99158
ABplaappa,180,330,129,21.3,39,98592
ABplaappa,181,330,128,22.1,39,100632
ABplaappa,182,328,129,22.2,36,104812
ABplaappa,183,321,130,22.2,38,92416
ABplaappa,184,322,130,22.1,37,104791
ABplaappa,185,320,130,22.0,36,107430
ABplaappa,186,320,128,22.1,35,123273
ABplaappa,187,322,130,23.0,34,123787
ABplaappa,188,317,131,22.2,31,133404
ABplaappa,189,320,135,22.0,30,125214
ABplaappa,190,314,135,21.2,31,107647
ABplaappaa,191,303,119,21.1,30,118698
ABplaappaa,192,297,114,21.0,29,120122
ABplaappaa,193,291,117,21.0,30,126028
ABplaappaa,194,289,114,20.9,29,117790
ABplaappaa,195,289,114,20.1,30,122672
ABplaappaa,196,289,118,20.1,31,123435
ABplaappaa,197,288,114,20.2,32,116959
ABplaappaa,198,284,113,20.1,31,134820
ABplaappaa,199,283,113,20.2,30,125506
ABplaappaa,200,284,112,19.4,31,124602
ABplaappaa,201,284,112,19.9,30,130405
ABplaappaa,202,285,112,19.4,31,132139
ABplaappaa,203,285,110,19.2,30,137164
ABplaappaa,204,279,111,19.1,32,138035
ABplaappaa,205,283,110,19.3,31,136353
ABplaappaa,206,282,111,19.8,30,135201
ABplaappaa,207,282,108,19.1,31,138462
ABplaappaa,208,281,109,19.2,32,131908
ABplaappaa,209,280,110,19.3,31,137207
ABplaappaa,210,283,109,19.2,34,129679
ABplaappaa,211,285,108,19.2,31,141691
ABplaappaa,212,284,110,19.9,30,135775
ABplaappaa,213,287,109,19.2,31,137838
ABplaappaa,214,280,108,19.1,34,137319
ABplaappaa,215,279,109,19.2,31,143799
ABplaappaa,216,284,109,19.1,34,129007
ABplaappaa,217,287,108,19.2,31,138391
ABplaappaa,218,290,109,19.1,32,141116
ABplaappaa,219,291,108,19.2,31,143447
ABplaappaa,220,291,109,19.2,34,134666
ABplaappap,191,334,142,21.9,30,91547
ABplaappap,192,336,138,21.4,31,88504
ABplaappap,193,335,135,22.0,32,84584
ABplaappap,194,336,131,22.0,31,95699
ABplaappap,195,330,126,22.0,30,85929
ABplaappap,196,328,124,21.1,31,100055
ABplaappap,197,327,124,21.2,34,106469
ABplaappap,198,328,125,21.1,31,93248
ABplaappap,199,326,127,21.1,34,96075
ABplaappap,200,327,123,21.1,31,97577
ABplaappap,201,329,125,20.2,34,84970
ABplaappap,202,333,122,21.1,31,104245
ABplaappap,203,330,119,21.0,34,109765
ABplaappap,204,327,117,20.1,34,111465
ABplaappap,205,325,118,21.1,31,106128
ABplaappap,206,324,120,21.0,34,100842
ABplaappap,207,320,119,21.1,31,103433
ABplaappap,208,322,123,21.0,34,104995
ABplaappap,209,320,125,21.1,31,103482
ABplaappap,210,322,130,21.2,34,97768
ABplaappap,211,323,129,21.1,31,101280
ABplaappap,212,325,129,21.0,34,106288
ABplaappap,213,322,127,21.1,31,105920
ABplaappap,214,323,124,20.2,34,111089
ABplaappap,215,319,123,20.4,31,109183
ABplaappap,216,322,126,21.1,34,113352
ABplaappap,217,321,126,21.1,31,107003
ABplaappap,218,321,126,21.2,34,109606
ABplaappap,219,320,127,21.2,31,104106
ABplaappap,220,321,128,21.1,34,102705
ABplaappp,133,334,145,18.1,34,36979
ABplaappp,134,340,140,17.2,37,32373
ABplaappp,135,344,143,17.9,41,27077
ABplaappp,136,345,138,18.0,41,27583
ABplaappp,137,348,133,18.0,40,28270
ABplaappp,138,353,132,17.9,39,31154
ABplaappp,139,350,131,17.1,38,33151
ABplaappp,140,349,134,18.2,39,35763
ABplaappp,141,355,137,19.0,41,29428
ABplaappp,142,360,136,18.1,41,35515
ABplaappp,143,359,140,18.1,39,40214
ABplaappp,144,361,136,18.1,39,35524
ABplaappp,145,364,137,18.0,39,42611
ABplaappp,146,364,129,18.1,38,37686
ABplaappp,147,359,130,17.3,38,46626
ABplaappp,148,358,130,17.2,38,43802
ABplaappp,149,359,127,17.1,38,52574
ABplaappp,150,362,130,17.2,38,57360
ABplaappp,151,368,128,17.2,38,57678
ABplaappp,152,368,128,17.2,38,52835
ABplaappp,153,364,128,17.3,38,58866
ABplaappp,154,367,129,17.3,38,53806
ABplaappp,155,365,126,17.2,38,57084
ABplaappp,156,364,126,17.2,36,58818
ABplaappp,157,363,129,17.2,38,61903
ABplaappp,158,364,125,17.3,38,58956
ABplaappp,159,369,124,18.0,38,62843
ABplaappp,160,369,125,17.3,38,70656
ABplaappp,161,370,125,17.3,39,71411
ABplaappp,162,366,127,18.1,39,69851
ABplaappp,163,365,126,18.2,39,73058
ABplaappp,164,362,125,18.0,39,65417
ABplaappp,165,364,126,18.1,39,77623
ABplaappp,166,366,122,18.2,39,80446
ABplaappp,167,359,122,18.1,39,77588
ABplaappp,168,364,119,18.3,39,76606
ABplaappp,169,370,119,19.0,39,82909
ABplaappp,170,370,118,18.3,39,88696
ABplaappp,171,373,117,18.3,39,99134
ABplaappp,172,368,120,18.2,39,94574
ABplaappp,173,368,117,18.3,39,101254
ABplaappp,174,364,119,18.1,39,98679
ABplaappp,175,360,118,18.1,39,99732
ABplaappp,176,361,117,18.1,39,106293
ABplaappp,177,360,122,18.2,39,102077
ABplaappp,178,365,120,18.1,39,103653
ABplaappp,179,366,122,19.1,39,101549
ABplaappp,180,369,126,19.2,39,102162
ABplaappp,181,371,123,19.3,39,105380
ABplaappp,182,368,122,19.1,38,108539
ABplaappp,183,366,122,19.3,38,109358
ABplaappp,184,370,121,20.0,37,102159
ABplaappp,185,370,123,20.0,36,112323
ABplaappp,186,370,125,20.1,35,109207
ABplaappp,187,374,129,20.1,34,109351
ABplaappp,188,370,126,20.9,29,111696
ABplaapppa,189,360,126,20.0,30,99462
ABplaapppa,190,356,122,20.2,31,108322
ABplaapppa,191,360,120,20.0,30,104217
ABplaapppa,192,359,117,19.9,29,98851
ABplaapppa,193,356,117,19.1,30,101939
ABplaapppa,194,359,114,19.1,31,105989
ABplaapppa,195,363,113,19.2,34,108029
ABplaapppa,196,361,115,19.0,31,111447
ABplaapppa,197,359,115,18.3,34,109136
ABplaapppa,198,354,115,18.2,31,121199
ABplaapppa,199,347,114,18.1,34,117067
ABplaapppa,200,349,112,18.1,31,113337
ABplaapppa,201,350,113,17.3,32,117381
ABplaapppa,202,353,110,18.0,31,125126
ABplaapppa,203,356,110,18.0,34,117023
ABplaapppa,204,351,110,17.3,34,123814
ABplaapppa,205,353,110,18.2,31,128371
ABplaapppa,206,353,113,18.2,34,120656
ABplaapppa,207,352,113,18.1,31,123529
ABplaapppa,208,348,113,18.2,34,127101
ABplaapppa,209,347,115,18.2,31,122290
ABplaapppa,210,347,116,18.2,32,131098
ABplaapppa,211,346,115,18.3,31,121642
ABplaapppa,212,346,114,18.1,34,129175
ABplaapppa,213,347,113,17.3,31,133718
ABplaapppa,214,350,112,17.3,34,134683
ABplaapppa,215,344,110,17.3,31,138355
ABplaapppa,216,344,111,17.2,32,136840
ABplaapppa,217,343,111,17.1,31,137393
ABplaapppa,218,343,112,17.1,34,144434
ABplaapppa,219,342,112,17.1,31,140148
ABplaapppa,220,344,113,17.9,30,122941
ABplaapppp,189,384,128,19.1,26,95187
ABplaapppp,190,408,125,20.0,31,105722
ABplaapppp,191,414,124,19.1,30,108860
ABplaapppp,192,412,121,19.0,29,108589
ABplaapppp,193,406,118,18.3,32,108917
ABplaapppp,194,412,119,18.1,31,122842
ABplaapppp,195,409,119,17.3,34,118486
ABplaapppp,196,410,114,18.2,31,118624
ABplaapppp,197,402,115,18.1,34,111989
ABplaapppp,198,398,113,17.3,31,129544
ABplaapppp,199,390,114,18.1,34,112627
ABplaapppp,200,391,114,17.4,31,115908
ABplaapppp,201,393,114,18.0,34,120658
ABplaapppp,202,397,113,18.1,31,119633
ABplaapppp,203,401,113,18.1,34,122416
ABplaapppp,204,401,113,18.2,34,128026
ABplaapppp,205,399,115,18.2,31,125770
ABplaapppp,206,398,114,17.4,34,134011
ABplaapppp,207,398,115,18.2,31,134554
ABplaapppp,208,393,116,18.1,34,140752
ABplaapppp,209,389,113,18.2,31,131445
ABplaapppp,210,388,116,19.0,34,127281
ABplaapppp,211,390,116,18.3,31,130573
ABplaapppp,212,389,114,18.1,34,134155
ABplaapppp,213,388,112,17.3,31,136041
ABplaapppp,214,392,113,17.1,34,137153
ABplaapppp,215,384,111,17.1,31,134650
ABplaapppp,216,384,110,17.1,34,133368
ABplaapppp,217,385,112,17.1,31,139688
ABplaapppp,218,383,110,16.3,34,142985
ABplaapppp,219,381,111,16.3,31,140469
ABplaapppp,220,383,112,16.3,34,137108
ABplap,38,264,272,21.0,50,717
ABplap,39,270,276,21.4,50,39
ABplap,40,276,281,21.8,50,-271
ABplap,41,282,286,22.2,50,-420
ABplap,42,288,291,22.6,50,-106
ABplap,43,295,296,23.0,50,-462
ABplap,44,297,303,22.8,47,-526
ABplap,45,300,311,22.5,44,-558
ABplap,46,303,319,22.3,41,22
ABplap,47,306,327,22.0,38,-233
ABplap,48,307,322,23.1,37,436
ABplap,49,298,322,22.0,38,-1649
ABplap,50,290,316,23.1,35,-630
ABplap,51,279,312,22.0,38,-881
ABplap,52,277,302,22.1,55,291
ABplap,53,274,302,22.0,57,-976
ABplap,54,274,301,22.1,57,-538
ABplap,55,276,291,22.0,58,-80
ABplap,56,283,290,22.9,58,-706
ABplap,57,286,290,22.9,59,138
ABplap,58,287,290,22.1,58,-330
ABplap,59,291,282,21.9,58,-479
ABplap,60,296,282,21.0,60,386
ABplap,61,300,280,21.1,56,-453
ABplap,62,308,280,20.1,56,397
ABplap,63,312,271,21.9,55,-403
ABplapa,64,294,299,21.2,43,1114
ABplapa,65,286,306,21.2,52,289
ABplapa,66,280,304,22.1,49,-138
ABplapa,67,279,302,21.1,49,215
ABplapa,68,271,303,21.2,53,481
ABplapa,69,273,310,21.2,49,469
ABplapa,70,272,317,21.3,52,-453
ABplapa,71,266,321,21.1,50,1019
ABplapa,72,258,322,21.1,52,65
ABplapa,73,254,330,21.0,51,503
ABplapa,74,256,331,21.1,51,1107
ABplapa,75,258,324,21.0,51,581
ABplapa,76,257,322,21.0,51,956
ABplapa,77,259,311,21.1,50,72
ABplapa,78,261,306,20.3,52,258
ABplapa,79,258,301,20.2,52,1653
ABplapa,80,260,298,20.2,53,1536
ABplapa,81,256,292,21.1,51,1404
ABplapa,82,257,288,21.0,51,1327
ABplapa,83,266,285,21.0,49,1406
ABplapa,84,266,281,21.1,51,2743
ABplapa,85,265,276,22.0,52,2241
ABplapa,86,266,275,21.1,50,2339
ABplapa,87,266,281,22.1,50,2002
ABplapa,88,268,283,22.1,50,2004
ABplapa,89,269,281,22.0,49,1424
ABplapa,90,266,275,21.3,51,3066
ABplapa,91,264,275,22.1,51,2586
ABplapa,92,265,275,22.9,49,2695
ABplapa,93,273,280,22.1,49,3203
ABplapa,94,275,283,22.9,49,2832
ABplapaa,95,250,302,23.0,49,2655
ABplapaa,96,248,305,23.0,48,2442
ABplapaa,97,248,306,23.9,46,3607
ABplapaa,98,240,299,23.1,44,4726
ABplapaa,99,236,303,24.0,42,2006
ABplapaa,100,243,307,24.0,41,4867
ABplapaa,101,247,303,24.0,40,1943
ABplapaa,102,246,301,24.0,42,3678
ABplapaa,103,244,296,24.0,42,3317
ABplapaa,104,238,300,24.1,45,3034
ABplapaa,105,232,294,24.1,30,765
ABplapaa,106,239,292,24.1,44,6057
ABplapaa,107,243,291,24.2,44,5135
ABplapaa,108,245,285,24.9,42,4829
ABplapaa,109,248,281,24.0,42,8395
ABplapaa,110,249,274,24.1,42,6740
ABplapaa,111,251,271,24.1,41,5203
ABplapaa,112,242,270,24.1,42,7268
ABplapaa,113,234,258,24.9,42,6576
ABplapaa,114,240,257,24.1,44,6611
ABplapaa,115,247,252,24.1,44,6586
ABplapaa,116,250,247,24.1,44,5264
ABplapaa,117,253,241,25.0,44,5227
ABplapaa,118,262,235,24.0,46,7324
ABplapaa,119,265,221,24.1,44,7556
ABplapaa,120,270,208,24.9,42,7252
ABplapaa,121,276,204,24.9,42,8388
ABplapaa,122,282,199,24.1,44,10308
ABplapaa,123,288,200,24.2,46,8924
ABplapaa,124,289,201,25.0,44,9994
ABplapaa,125,294,193,25.0,46,10493
ABplapaa,126,299,186,24.9,42,12440
ABplapaa,127,307,184,24.9,42,12005
ABplapaa,128,309,184,24.2,46,10057
ABplapaa,129,315,178,24.2,44,12698
ABplapaa,130,318,171,24.2,46,12201
ABplapaa,131,321,169,24.1,46,13760
ABplapaa,132,326,163,24.0,46,15716
ABplapaa,133,328,166,23.1,44,14326
ABplapaa,134,327,168,23.2,43,17986
ABplapaa,135,328,162,23.3,43,14634
ABplapaa,136,326,161,23.9,41,22193
ABplapaa,137,321,150,23.0,38,26158
ABplapaa,138,327,150,23.2,43,25227
ABplapaaa,139,315,149,22.2,36,19414
ABplapaaa,140,320,147,23.0,37,16926
ABplapaaa,141,326,151,23.0,37,11038
ABplapaaa,142,328,149,23.1,37,13193
ABplapaaa,143,326,144,23.2,37,15254
ABplapaaa,144,322,139,22.1,39,20521
ABplapaaa,145,327,135,22.1,37,19982
ABplapaaa,146,325,130,22.1,38,21980
ABplapaaa,147,323,128,22.1,34,22187
ABplapaaa,148,324,127,22.0,34,25737
ABplapaaa,149,325,129,22.1,38,20968
ABplapaaa,150,332,132,21.2,36,15608
ABplapaaa,151,337,130,22.0,36,20663
ABplapaaa,152,338,129,21.4,38,16866
ABplapaaa,153,336,126,21.3,38,23618
ABplapaaa,154,339,129,22.0,36,19187
ABplapaaa,155,334,131,21.2,38,24823
ABplapaaa,156,336,130,21.1,38,18806
ABplapaaa,157,338,128,21.1,36,24488
ABplapaaa,158,341,130,21.2,38,25510
ABplapaaa,159,338,130,22.2,38,24562
ABplapaaa,160,345,134,22.2,38,21067
ABplapaaa,161,341,135,22.2,39,18606
ABplapaaa,162,337,135,22.3,39,23750
ABplapaaa,163,337,137,22.3,39,22905
ABplapaaa,164,342,132,22.2,39,28389
ABplapaaa,165,338,137,22.2,39,21975
ABplapaaa,166,341,139,22.3,39,24913
ABplapaaa,167,344,140,22.2,39,19514
ABplapaaa,168,350,142,23.1,39,22302
ABplapaaa,169,361,137,22.0,39,30979
ABplapaaa,170,360,137,22.1,39,25797
ABplapaaa,171,361,137,22.0,39,27086
ABplapaaa,172,363,140,22.0,39,29090
ABplapaaa,173,365,141,22.0,39,29410
ABplapaaa,174,360,143,22.1,37,27033
ABplapaaa,175,364,141,22.1,39,29820
ABplapaaa,176,363,140,22.1,39,26327
ABplapaaa,177,365,142,22.3,39,30097
ABplapaaa,178,364,145,23.0,39,23344
ABplapaaa,179,366,153,23.0,39,20024
ABplapaaa,180,369,155,23.1,39,16557
ABplapaaa,181,372,152,23.1,39,19929
ABplapaaa,182,372,150,23.1,38,24880
ABplapaaa,183,372,147,23.0,36,22428
ABplapaaa,184,373,151,23.2,37,21659
ABplapaaa,185,369,148,23.0,36,30331
ABplapaaa,186,370,157,23.2,35,25055
ABplapaaa,187,369,159,23.1,34,29567
ABplapaaa,188,364,166,23.1,31,15037
ABplapaaa,189,369,165,22.2,34,8115
ABplapaaa,190,369,162,22.1,31,19121
ABplapaaa,191,369,166,22.1,34,22232
ABplapaaa,192,371,162,22.0,29,24684
ABplapaaa,193,372,159,22.0,30,27697
ABplapaaa,194,383,156,22.9,29,34728
ABplapaaaa,195,359,140,22.9,30,21875
ABplapaaaa,196,359,134,23.0,29,26713
ABplapaaaa,197,359,132,22.0,30,29307
ABplapaaaa,198,362,133,22.1,29,24140
ABplapaaaa,199,359,135,21.3,34,15635
ABplapaaaa,200,359,135,22.0,31,16477
ABplapaaaa,201,360,132,22.0,34,18290
ABplapaaaa,202,362,133,21.3,31,19645
ABplapaaaa,203,364,131,21.3,34,16813
ABplapaaaa,204,361,131,22.0,34,17235
ABplapaaaa,205,361,130,22.1,31,23302
ABplapaaaa,206,360,128,22.1,34,24805
ABplapaaaa,207,358,127,22.2,31,19430
ABplapaaaa,208,354,133,21.2,34,30559
ABplapaaaa,209,354,134,21.2,31,35393
ABplapaaaa,210,355,144,21.4,34,7408
ABplapaaaa,211,353,142,22.0,31,17601
ABplapaaaa,212,351,137,21.2,34,24764
ABplapaaaa,213,350,140,22.0,31,23458
ABplapaaaa,214,350,139,21.2,34,14178
ABplapaaaa,215,349,141,21.3,31,14716
ABplapaaaa,216,348,142,22.1,34,18616
ABplapaaaa,217,349,141,22.0,31,17201
ABplapaaaa,218,347,140,22.1,34,17600
ABplapaaaa,219,344,138,22.1,26,24168
ABplapaaaa,220,342,140,22.1,26,28523
ABplapaaap,195,398,163,22.1,30,14306
ABplapaaap,196,399,167,23.0,29,14526
ABplapaaap,197,401,164,23.1,34,17257
ABplapaaap,198,400,164,23.1,31,17919
ABplapaaap,199,400,164,23.2,34,15194
ABplapaaap,200,398,165,23.1,31,18771
ABplapaaap,201,401,166,23.0,34,11038
ABplapaaap,202,400,168,22.1,31,17073
ABplapaaap,203,395,170,21.3,32,14559
ABplapaaap,204,389,168,21.2,32,15395
ABplapaaap,205,386,167,21.1,31,18041
ABplapaaap,206,385,163,20.2,34,16540
ABplapaaap,207,383,158,21.1,31,9928
ABplapaaap,208,376,167,20.1,34,12716
ABplapaaap,209,375,172,20.1,31,18825
ABplapaaap,210,377,172,20.2,34,10917
ABplapaaap,211,377,171,20.3,31,13426
ABplapaaap,212,374,167,21.0,30,17544
ABplapaaap,213,373,165,20.2,31,13156
ABplapaaap,214,374,168,21.1,34,14860
ABplapaaap,215,374,165,20.2,31,11012
ABplapaaap,216,373,167,21.1,34,14896
ABplapaaap,217,371,169,21.0,31,15958
ABplapaaap,218,370,169,21.1,34,17251
ABplapaaap,219,368,168,21.1,31,14664
ABplapaaap,220,371,164,21.1,34,11191
ABplapaap,139,361,148,23.1,34,21744
ABplapaap,140,366,148,23.1,37,16546
ABplapaap,141,373,157,23.9,37,14823
ABplapaap,142,376,154,23.0,37,17294
ABplapaap,143,377,153,23.2,39,15352
ABplapaap,144,379,148,23.1,39,14822
ABplapaap,145,384,143,23.1,26,17758
ABplapaap,146,377,145,23.1,38,18263
ABplapaap,147,372,147,23.1,38,14798
ABplapaap,148,372,141,23.0,38,14056
ABplapaap,149,371,138,23.0,36,18700
ABplapaap,150,375,138,23.1,36,21306
ABplapaap,151,381,143,23.1,38,18591
ABplapaap,152,378,146,23.9,34,19295
ABplapaap,153,374,146,23.1,36,24707
ABplapaap,154,376,144,22.2,36,16446
ABplapaap,155,374,143,22.9,34,23687
ABplapaap,156,375,144,22.1,36,21692
ABplapaap,157,376,146,22.1,34,24575
ABplapaap,158,379,151,22.3,36,21800
ABplapaap,159,378,148,22.1,34,23093
ABplapaap,160,383,146,22.0,38,20293
ABplapaap,161,381,149,21.3,37,22493
ABplapaap,162,380,147,21.2,39,30728
ABplapaap,163,378,144,21.2,39,32481
ABplapaap,164,382,146,21.2,39,31487
ABplapaap,165,384,149,22.0,39,25488
ABplapaap,166,383,151,22.1,39,20655
ABplapaap,167,386,151,21.2,39,21736
ABplapaap,168,391,154,21.2,37,23820
ABplapaap,169,397,150,21.0,37,23681
ABplapaap,170,401,151,20.3,37,23936
ABplapaap,171,401,153,21.0,37,21313
ABplapaap,172,402,149,20.2,37,23935
ABplapaap,173,402,151,20.2,39,24228
ABplapaap,174,406,142,20.3,37,29746
ABplapaap,175,407,136,20.3,37,27474
ABplapaap,176,405,143,21.1,39,25548
ABplapaap,177,402,142,21.1,39,27306
ABplapaap,178,406,143,21.1,39,24183
ABplapaap,179,405,140,21.2,37,22940
ABplapaap,180,405,144,22.1,37,20623
ABplapaap,181,411,144,22.1,39,21356
ABplapaap,182,410,141,22.1,36,24835
ABplapaap,183,410,137,22.0,38,20627
ABplapaap,184,410,137,21.3,37,26014
ABplapaap,185,411,136,22.1,36,26523
ABplapaap,186,411,140,22.2,35,20357
ABplapaap,187,414,142,22.2,34,18270
ABplapaap,188,413,141,22.2,31,29351
ABplapaap,189,416,144,23.0,34,21234
ABplapaap,190,420,147,23.0,31,33419
ABplapaap,191,421,145,23.1,34,32454
ABplapaap,192,417,148,22.3,31,32454
ABplapaap,193,418,147,22.1,34,29639
ABplapaap,194,424,145,21.2,31,29594
ABplapaap,195,425,138,21.0,34,32187
ABplapaap,196,421,132,21.0,31,43065
ABplapaap,197,427,134,21.0,32,33122
ABplapaap,198,417,132,21.1,31,37482
ABplapaap,199,417,135,21.1,34,28445
ABplapaap,200,415,132,21.2,31,44137
ABplapaapa,201,403,133,21.9,30,27738
ABplapaapa,202,405,127,22.1,29,35071
ABplapaapa,203,403,127,22.0,30,38925
ABplapaapa,204,401,127,21.9,30,36404
ABplapaapa,205,398,124,21.2,31,52383
ABplapaapa,206,398,124,21.2,31,44960
ABplapaapa,207,397,125,21.0,31,57951
ABplapaapa,208,394,129,21.2,34,51583
ABplapaapa,209,390,127,21.1,31,56137
ABplapaapa,210,390,131,22.0,30,48551
ABplapaapa,211,388,136,22.1,31,31934
ABplapaapa,212,394,134,21.3,34,33755
ABplapaapa,213,392,129,21.2,31,30603
ABplapaapa,214,391,129,21.2,34,30444
ABplapaapa,215,386,129,21.3,31,28629
ABplapaapa,216,381,131,22.2,34,26563
ABplapaapa,217,379,130,21.4,31,32400
ABplapaapa,218,381,129,22.0,32,31740
ABplapaapa,219,379,129,22.0,31,29502
ABplapaapa,220,378,128,22.0,34,24279
ABplapaapp,201,430,120,20.0,30,29658
ABplapaapp,202,441,122,20.0,29,30698
ABplapaapp,203,444,126,20.1,30,26424
ABplapaapp,204,448,132,21.0,34,16853
ABplapaapp,205,443,133,20.1,31,17780
ABplapaapp,206,442,128,20.9,30,21964
ABplapaapp,207,435,126,19.2,31,27255
ABplapaapp,208,430,126,20.1,34,18986
ABplapaapp,209,422,126,20.2,31,17041
ABplapaapp,210,421,124,20.1,34,25419
ABplapaapp,211,420,123,20.1,31,22228
ABplapaapp,212,422,118,19.2,34,27791
ABplapaapp,213,419,116,20.0,31,21698
ABplapaapp,214,416,116,19.2,34,31785
ABplapaapp,215,411,119,20.2,31,26153
ABplapaapp,216,408,119,20.1,34,19690
ABplapaapp,217,407,119,20.1,31,24608
ABplapaapp,218,409,121,19.2,34,15022
ABplapaapp,219,407,119,20.1,31,24111
ABplapaapp,220,407,120,20.1,34,17193
ABplapap,95,300,276,23.0,49,2352
ABplapap,96,302,278,23.0,48,2579
ABplapap,97,295,278,22.9,46,2564
ABplapap,98,295,275,23.1,44,2497
ABplapap,99,296,272,23.1,42,3854
ABplapap,100,306,268,23.0,43,2352
ABplapap,101,309,259,22.1,42,2956
ABplapap,102,306,260,23.0,44,2786
ABplapap,103,312,254,23.0,44,3871
ABplapap,104,307,259,23.0,41,3432
ABplapap,105,305,251,23.1,42,2845
ABplapap,106,306,244,24.0,42,2831
ABplapap,107,304,239,23.2,44,4226
ABplapap,108,304,238,24.0,42,5552
ABplapap,109,303,242,23.9,42,5254
ABplapap,110,302,237,23.0,42,5668
ABplapap,111,307,234,23.1,45,4049
ABplapap,112,296,234,23.1,44,6156
ABplapap,113,292,234,23.1,44,5694
ABplapap,114,289,230,23.2,44,5531
ABplapap,115,295,223,23.1,44,6472
ABplapap,116,296,216,22.2,44,8457
ABplapap,117,300,209,22.2,46,6523
ABplapap,118,305,199,23.0,44,6556
ABplapap,119,313,196,23.0,42,9313
ABplapap,120,321,187,23.1,44,8456
ABplapap,121,329,182,22.2,44,9290
ABplapap,122,339,178,22.2,46,9596
ABplapap,123,352,174,22.1,44,10018
ABplapap,124,358,174,22.2,44,9772
ABplapap,125,362,168,23.0,44,9882
ABplapap,126,365,162,22.9,42,12021
ABplapap,127,365,159,22.1,46,11462
ABplapap,128,366,156,22.1,44,15961
ABplapap,129,372,157,22.1,42,12832
ABplapap,130,382,164,22.0,42,14882
ABplapap,131,389,161,21.0,36,16985
ABplapap,132,394,158,20.1,34,21067
ABplapapa,133,381,161,21.2,36,9051
ABplapapa,134,381,157,23.0,41,9386
ABplapapa,135,384,156,23.0,41,8597
ABplapapa,136,382,148,22.9,41,12490
ABplapapa,137,379,143,22.1,40,10121
ABplapapa,138,380,140,22.9,39,14265
ABplapapa,139,394,138,21.9,38,16012
ABplapapa,140,398,133,21.9,37,18043
ABplapapa,141,403,139,21.3,39,16191
ABplapapa,142,405,137,21.2,41,13442
ABplapapa,143,402,139,21.3,39,14256
ABplapapa,144,405,135,21.1,39,16981
ABplapapa,145,406,141,21.2,37,16407
ABplapapa,146,406,141,21.2,38,15179
ABplapapa,147,401,143,21.3,38,15579
ABplapapa,148,402,144,21.2,36,17574
ABplapapa,149,401,142,21.1,36,19434
ABplapapa,150,405,141,21.0,38,23070
ABplapapa,151,410,144,20.4,36,18908
ABplapapa,152,411,140,21.0,36,22125
ABplapapa,153,408,143,20.4,36,20377
ABplapapa,154,411,140,20.3,38,17411
ABplapapa,155,412,137,21.1,38,20095
ABplapapa,156,411,136,20.3,38,20061
ABplapapa,157,413,134,21.1,38,19881
ABplapapa,158,416,136,21.0,38,19927
ABplapapa,159,422,134,21.1,38,18689
ABplapapa,160,425,130,20.2,38,19708
ABplapapa,161,424,132,21.1,39,20182
ABplapapa,162,427,133,21.0,39,17538
ABplapapa,163,427,134,20.3,39,21975
ABplapapa,164,436,134,20.2,39,28598
ABplapapa,165,436,136,20.2,39,28378
ABplapapa,166,439,138,21.0,39,28408
ABplapapa,167,439,135,20.2,39,34396
ABplapapa,168,440,136,20.2,39,33040
ABplapapa,169,440,136,20.2,39,26470
ABplapapa,170,454,132,20.1,39,35575
ABplapapa,171,456,137,20.1,39,40168
ABplapapa,172,455,132,19.1,39,38982
ABplapapa,173,455,134,20.0,39,35336
ABplapapa,174,460,135,20.0,39,33147
ABplapapa,175,466,138,20.1,39,33511
ABplapapa,176,464,141,20.1,39,30534
ABplapapa,177,464,138,20.1,39,31027
ABplapapa,178,466,141,20.1,39,32089
ABplapapa,179,467,143,20.2,39,28561
ABplapapa,180,467,143,20.2,37,25653
ABplapapa,181,476,144,20.2,39,25230
ABplapapa,182,483,145,20.1,36,28366
ABplapapa,183,484,146,19.3,38,28644
ABplapapa,184,481,143,20.1,37,28965
ABplapapa,185,480,149,20.9,32,31417
ABplapapa,186,479,151,19.3,35,30057
ABplapapa,187,483,155,20.2,30,44583
ABplapapaa,188,470,149,21.3,31,23599
ABplapapaa,189,476,140,20.2,26,33537
ABplapapaa,190,482,142,20.1,31,35424
ABplapapaa,191,483,147,21.0,34,19082
ABplapapaa,192,487,146,21.0,31,22354
ABplapapaa,193,490,140,21.1,26,16723
ABplapapaa,194,496,134,20.1,31,34113
ABplapapaa,195,506,134,20.2,32,24286
ABplapapaa,196,508,139,20.2,31,26232
ABplapapaa,197,507,141,20.2,34,21642
ABplapapaa,198,505,138,21.0,31,23366
ABplapapaa,199,502,135,20.0,34,25463
ABplapapaa,200,507,138,20.0,31,22052
ABplapapaa,201,510,140,20.1,34,21088
ABplapapaa,202,518,139,19.2,31,29384
ABplapapaa,203,517,137,19.1,34,25980
ABplapapaa,204,516,138,18.3,34,21262
ABplapapaa,205,515,139,18.2,31,28043
ABplapapaa,206,516,144,18.1,34,23514
ABplapapaa,207,516,142,18.0,31,25235
ABplapapaa,208,508,141,18.1,34,31325
ABplapapaa,209,509,142,18.1,31,33452
ABplapapaa,210,512,148,18.1,34,25716
ABplapapaa,211,511,148,18.1,31,31851
ABplapapaa,212,516,149,17.1,34,35899
ABplapapaa,213,510,145,18.0,31,37526
ABplapapaa,214,511,151,18.0,34,35380
ABplapapaa,215,511,147,18.0,31,28902
ABplapapaa,216,508,147,18.0,34,27692
ABplapapaa,217,512,147,17.1,31,37459
ABplapapaa,218,507,143,18.1,32,35381
ABplapapaa,219,510,145,18.0,26,38900
ABplapapaa,220,514,146,18.0,34,29775
ABplapapap,188,501,157,18.0,31,30020
ABplapapap,189,509,156,17.3,32,26067
ABplapapap,190,519,153,17.2,31,35321
ABplapapap,191,522,154,17.2,34,26736
ABplapapap,192,530,156,17.2,31,31421
ABplapapap,193,531,155,17.1,31,36566
ABplapapap,194,533,154,16.9,31,33485
ABplapapap,195,534,153,16.8,31,30891
ABplapapap,196,536,152,16.6,31,35421
ABplapapap,197,536,149,16.6,31,33816
ABplapapap,198,529,144,16.2,31,39101
ABplapapap,199,532,144,16.1,34,35826
ABplapapap,200,533,145,16.2,31,36354
ABplapapap,201,538,148,17.0,34,35521
ABplapapap,202,539,154,16.3,31,39162
ABplapapap,203,539,155,16.1,34,29610
ABplapapap,204,537,153,16.2,34,40335
ABplapapap,205,542,157,15.2,31,41403
ABplapapap,206,540,153,15.1,34,41908
ABplapapap,207,535,149,15.3,31,43849
ABplapapap,208,527,144,16.0,34,39870
ABplapapap,209,524,142,15.3,31,42945
ABplapapap,210,527,143,15.2,34,38513
ABplapapap,211,525,143,15.4,31,45193
ABplapapap,212,527,146,15.3,34,44201
ABplapapap,213,523,144,16.0,31,39293
ABplapapap,214,524,144,15.1,34,40866
ABplapapap,215,520,141,16.0,31,41405
ABplapapap,216,518,140,15.2,34,44468
ABplapapap,217,519,144,15.2,31,54801
ABplapapap,218,519,141,15.2,34,47991
ABplapapap,219,519,145,15.1,31,48015
ABplapapap,220,521,143,15.0,32,44187
ABplapapp,133,421,161,20.0,28,24722
ABplapapp,134,428,157,20.2,29,22526
ABplapapp,135,433,153,20.1,29,20010
ABplapapp,136,434,151,21.0,41,11745
ABplapapp,137,437,148,21.9,40,11986
ABplapapp,138,444,150,21.0,39,14050
ABplapapp,139,449,154,21.0,38,18240
ABplapapp,140,455,150,20.9,37,14835
ABplapapp,141,460,149,20.1,37,17411
ABplapapp,142,468,145,20.0,39,15827
ABplapapp,143,484,143,18.3,39,21645
ABplapapp,144,481,145,18.2,39,19581
ABplapapp,145,485,143,17.2,39,30448
ABplapapp,146,486,140,18.1,38,28383
ABplapapp,147,480,142,18.1,36,27894
ABplapapp,148,479,144,18.1,36,25694
ABplapapp,149,479,144,18.0,38,25060
ABplapapp,150,480,143,17.2,38,28155
ABplapapp,151,486,147,17.0,38,29043
ABplapapp,152,482,151,16.3,38,27406
ABplapapp,153,479,150,16.4,38,29054
ABplapapp,154,480,154,16.3,38,29111
ABplapapp,155,481,150,16.2,36,29218
ABplapapp,156,481,151,16.3,38,33698
ABplapapp,157,479,150,17.0,38,31138
ABplapapp,158,481,150,16.2,38,29589
ABplapapp,159,486,150,16.2,38,35127
ABplapapp,160,484,151,16.2,38,33257
ABplapapp,161,487,150,16.3,39,31654
ABplapapp,162,481,149,17.1,39,34642
ABplapapp,163,484,151,17.1,39,31659
ABplapapp,164,484,152,17.2,39,35280
ABplapapp,165,485,151,17.0,39,37857
ABplapapp,166,489,151,17.0,39,32221
ABplapapp,167,488,148,16.2,39,43160
ABplapapp,168,493,148,16.2,39,38189
ABplapapp,169,497,147,17.0,39,37886
ABplapapp,170,496,151,16.2,39,38569
ABplapapp,171,503,152,16.1,37,37938
ABplapapp,172,504,146,16.1,39,35575
ABplapapp,173,505,150,15.3,37,34759
ABplapapp,174,507,150,15.4,37,42135
ABplapapp,175,506,149,15.1,37,42318
ABplapapp,176,504,148,14.3,37,37425
ABplapapp,177,504,151,14.2,37,39219
ABplapapp,178,504,149,14.3,39,39999
ABplapapp,179,502,148,14.3,39,42978
ABplapapp,180,504,148,14.3,39,43185
ABplapapp,181,502,148,14.1,37,47617
ABplapapp,182,500,149,13.3,36,40237
ABplapapp,183,505,154,14.1,36,35440
ABplapapp,184,509,151,15.0,33,36832
ABplapappa,185,510,140,16.1,32,33378
ABplapappa,186,514,143,16.1,31,29245
ABplapappa,187,519,143,16.2,30,39296
ABplapappa,188,522,146,15.4,31,32839
ABplapappa,189,527,145,15.3,32,39228
ABplapappa,190,527,145,15.3,32,32778
ABplapappa,191,537,151,15.2,26,34095
ABplapappa,192,537,151,15.2,26,31909
ABplapappa,193,535,152,15.1,34,35815
ABplapappa,194,535,155,15.0,31,40523
ABplapappa,195,539,157,13.5,32,43296
ABplapappa,196,539,155,14.0,26,42580
ABplapappa,197,540,152,14.1,34,43938
ABplapappa,198,535,154,13.4,31,44695
ABplapappa,199,534,152,13.4,34,41490
ABplapappa,200,536,155,14.1,31,47340
ABplapappa,201,536,160,14.1,30,39358
ABplapappa,202,536,165,14.1,31,39036
ABplapappa,203,538,164,14.2,32,33441
ABplapappa,204,540,167,14.0,34,41783
ABplapappa,205,540,167,14.0,34,39597
ABplapappa,206,542,160,13.3,32,50564
ABplapappa,207,545,161,13.1,31,43831
ABplapappa,208,536,155,13.2,34,42645
ABplapappa,209,536,154,13.2,31,49799
ABplapappa,210,537,156,13.1,32,53859
ABplapappa,211,539,155,13.2,31,49994
ABplapappa,212,541,156,13.2,32,41388
ABplapappa,213,542,156,13.2,31,46034
ABplapappa,214,539,156,13.1,32,50137
ABplapappa,215,532,152,13.1,31,49143
ABplapappa,216,529,151,13.0,32,48507
ABplapappa,217,531,153,13.0,31,50491
ABplapappa,218,533,153,13.1,34,49115
ABplapappa,219,526,153,12.2,31,53681
ABplapappa,220,527,154,12.1,34,48054
ABplapappp,185,511,165,12.9,32,26225
ABplapappp,186,516,169,13.0,31,25589
ABplapappp,187,526,170,12.2,30,36216
ABplapappp,188,524,171,12.0,29,33347
ABplapappp,189,527,170,11.8,30,32068
ABplapappp,190,535,172,12.0,31,33701
ABplapappp,191,538,173,11.9,30,37553
ABplapappp,192,546,175,11.2,31,44090
ABplapappp,193,543,174,11.9,30,43189
ABplapappp,194,544,179,11.5,31,38023
ABplapappp,195,544,179,11.8,30,33090
ABplapappp,196,543,179,11.0,31,35126
ABplapappp,197,542,177,11.1,30,41422
ABplapappp,198,542,174,11.3,31,40271
ABplapappp,199,539,177,12.0,30,46574
ABplapappp,200,540,181,12.4,31,33169
ABplapappp,201,542,183,12.3,32,40195
ABplapappp,202,542,185,12.2,31,42864
ABplapappp,203,539,187,12.1,26,48650
ABplapappp,204,542,190,12.2,26,47032
ABplapappp,205,548,191,12.4,31,49787
ABplapappp,206,547,191,12.1,30,45516
ABplapappp,207,550,192,12.1,31,44704
ABplapappp,208,542,184,12.1,32,46093
ABplapappp,209,540,183,12.0,31,47527
ABplapappp,210,544,181,11.1,30,52027
ABplapappp,211,546,182,11.3,31,47462
ABplapappp,212,548,180,11.4,32,49939
ABplapappp,213,547,179,11.3,31,47095
ABplapappp,214,548,176,11.1,32,44238
ABplapappp,215,544,174,11.1,31,43249
ABplapappp,216,536,171,10.5,32,47271
ABplapappp,217,538,174,10.2,31,45424
ABplapappp,218,535,170,10.4,32,45008
ABplapappp,219,533,172,10.2,31,34814
ABplapappp,220,535,175,10.0,30,47279
ABplapp,64,325,242,20.0,41,189
ABplapp,65,314,243,20.9,52,-524
ABplapp,66,315,242,20.9,49,-496
ABplapp,67,318,232,21.9,49,257
ABplapp,68,325,224,22.0,53,-214
ABplapp,69,321,222,21.9,49,496
ABplapp,70,313,225,21.2,52,-271
ABplapp,71,309,230,21.3,52,105
ABplapp,72,308,236,21.2,54,156
ABplapp,73,310,237,22.0,51,-471
ABplapp,74,307,239,21.2,53,822
ABplapp,75,301,240,21.9,51,-47
ABplapp,76,302,231,22.0,53,79
ABplapp,77,303,222,22.1,50,406
ABplapp,78,303,218,22.0,50,640
ABplapp,79,305,214,22.0,52,1146
ABplapp,80,309,213,21.1,51,1734
ABplapp,81,306,204,21.1,51,839
ABplapp,82,304,200,20.3,51,1371
ABplapp,83,305,194,20.2,53,660
ABplapp,84,311,194,20.1,53,1101
ABplapp,85,305,196,21.0,50,2589
ABplapp,86,308,193,20.3,52,2184
ABplapp,87,307,194,20.9,50,2578
ABplapp,88,308,198,20.1,50,3516
ABplapp,89,310,195,20.2,49,3338
ABplapp,90,314,196,20.3,51,3425
ABplapp,91,312,201,20.3,53,3353
ABplapp,92,312,202,21.0,49,3543
ABplapp,93,312,199,21.0,51,5720
ABplapp,94,315,203,20.9,49,4573
ABplapp,95,321,208,19.9,49,4409
ABplappa,96,304,206,20.1,32,3504
ABplappa,97,298,213,20.1,46,2495
ABplappa,98,298,210,20.1,44,4535
ABplappa,99,294,207,20.1,42,4484
ABplappa,100,300,205,21.0,41,4217
ABplappa,101,296,199,20.9,40,7177
ABplappa,102,296,205,20.0,40,6139
ABplappa,103,298,204,21.0,40,6608
ABplappa,104,297,202,21.1,41,7073
ABplappa,105,298,198,21.0,42,7288
ABplappa,106,294,196,21.1,42,5816
ABplappa,107,291,195,21.1,44,7303
ABplappa,108,295,196,21.1,42,9909
ABplappa,109,292,197,21.0,42,7759
ABplappa,110,296,190,21.0,42,8457
ABplappa,111,295,190,21.1,43,8273
ABplappa,112,288,186,22.0,42,10125
ABplappa,113,281,184,22.0,42,11191
ABplappa,114,284,181,22.1,44,11326
ABplappa,115,288,172,22.2,44,11801
ABplappa,116,290,164,23.0,44,12416
ABplappa,117,294,155,22.9,42,15937
ABplappa,118,300,151,21.1,44,14269
ABplappa,119,307,150,22.0,42,14471
ABplappa,120,309,143,21.1,44,15940
ABplappa,121,311,136,21.0,44,17305
ABplappa,122,314,130,22.0,42,19552
ABplappa,123,318,129,21.2,44,22575
ABplappa,124,317,129,21.9,42,23887
ABplappa,125,321,127,21.1,46,22739
ABplappa,126,328,124,20.1,42,26888
ABplappa,127,337,121,20.0,44,28861
ABplappa,128,344,121,19.0,46,32419
ABplappa,129,352,120,18.2,44,32683
ABplappa,130,361,116,18.2,44,29696
ABplappa,131,368,112,18.9,42,34434
ABplappa,132,376,112,18.0,44,40108
ABplappa,133,386,116,17.3,44,36446
ABplappa,134,395,118,18.0,43,43212
ABplappa,135,398,119,18.0,41,47200
ABplappa,136,404,122,18.0,43,47535
ABplappa,137,406,123,17.0,34,48612
ABplappa,138,410,125,17.0,35,58871
ABplappaa,139,392,111,16.0,34,48136
ABplappaa,140,390,112,16.3,35,43016
ABplappaa,141,394,112,17.9,37,33639
ABplappaa,142,399,112,17.0,37,35965
ABplappaa,143,395,115,17.3,37,42701
ABplappaa,144,397,117,17.0,37,34643
ABplappaa,145,397,118,17.0,37,38465
ABplappaa,146,398,116,17.0,34,48479
ABplappaa,147,395,116,17.1,34,47569
ABplappaa,148,399,114,17.0,34,47886
ABplappaa,149,398,113,16.3,36,51773
ABplappaa,150,400,114,16.3,36,56492
ABplappaa,151,404,117,16.3,36,58226
ABplappaa,152,403,119,16.1,36,54561
ABplappaa,153,401,121,16.0,36,58800
ABplappaa,154,402,123,16.1,36,59011
ABplappaa,155,403,126,16.2,38,57798
ABplappaa,156,405,128,16.3,38,60894
ABplappaa,157,405,124,16.1,36,57437
ABplappaa,158,404,121,16.1,36,60358
ABplappaa,159,410,124,16.2,36,59505
ABplappaa,160,409,121,16.0,36,66827
ABplappaa,161,407,120,16.0,37,66415
ABplappaa,162,405,120,16.1,37,64319
ABplappaa,163,404,119,16.1,39,64262
ABplappaa,164,402,120,15.5,37,69028
ABplappaa,165,403,118,16.0,37,68234
ABplappaa,166,405,117,15.5,39,71602
ABplappaa,167,403,120,15.4,39,74471
ABplappaa,168,402,121,15.5,37,73286
ABplappaa,169,406,123,15.3,39,74580
ABplappaa,170,405,123,15.3,39,81592
ABplappaa,171,409,126,15.2,39,79053
ABplappaa,172,410,126,15.3,39,75145
ABplappaa,173,412,123,15.2,39,83708
ABplappaa,174,412,121,15.2,37,84091
ABplappaa,175,413,116,15.2,37,88554
ABplappaa,176,410,115,16.0,39,76679
ABplappaa,177,408,114,16.1,37,90491
ABplappaa,178,409,115,15.3,37,89895
ABplappaa,179,409,116,16.1,39,82533
ABplappaa,180,409,113,16.1,39,92683
ABplappaa,181,411,112,16.2,39,90280
ABplappaa,182,411,112,16.2,38,89408
ABplappaa,183,410,112,16.3,38,89874
ABplappaa,184,414,111,16.2,37,92716
ABplappaa,185,414,110,16.1,36,91833
ABplappaa,186,417,109,16.2,35,95206
ABplappaa,187,426,113,16.1,34,84300
ABplappaa,188,426,111,16.2,31,94995
ABplappaa,189,429,113,17.1,34,86926
ABplappaa,190,438,113,16.4,31,81134
ABplappaa,191,439,112,16.1,34,90631
ABplappaa,192,442,112,15.2,31,101315
ABplappaa,193,431,112,15.0,34,100034
ABplappaa,194,434,112,14.2,31,104193
ABplappaa,195,436,115,14.0,34,103435
ABplappaa,196,436,119,13.3,31,114636
ABplappaa,197,437,120,14.9,30,107148
ABplappaa,198,431,119,14.3,31,118672
ABplappaaa,199,415,116,15.9,30,90190
ABplappaaa,200,415,113,15.9,29,99314
ABplappaaa,201,422,109,15.8,30,86260
ABplappaaa,202,426,110,15.2,31,93919
ABplappaaa,203,428,110,15.1,30,95608
ABplappaaa,204,427,108,15.9,30,93601
ABplappaaa,205,430,108,16.1,31,88058
ABplappaaa,206,424,108,15.9,30,92068
ABplappaaa,207,425,109,15.3,31,89584
ABplappaaa,208,422,108,15.9,30,78920
ABplappaaa,209,417,110,16.0,31,83777
ABplappaaa,210,417,111,15.3,34,78633
ABplappaaa,211,419,111,16.0,31,80975
ABplappaaa,212,418,111,15.1,32,91380
ABplappaaa,213,415,111,14.4,31,90759
ABplappaaa,214,419,112,14.4,34,84615
ABplappaaa,215,415,112,15.1,31,88753
ABplappaaa,216,416,112,15.2,34,85352
ABplappaaa,217,417,113,15.2,31,92091
ABplappaaa,218,420,115,15.2,34,89673
ABplappaaa,219,418,115,15.1,31,93378
ABplappaaa,220,417,117,15.2,34,87437
ABplappaap,199,452,127,13.9,30,90050
ABplappaap,200,458,126,13.9,29,93905
ABplappaap,201,462,127,13.8,30,94926
ABplappaap,202,466,125,13.3,31,104956
ABplappaap,203,465,122,13.2,34,83905
ABplappaap,204,471,121,14.0,30,85672
ABplappaap,205,472,124,13.2,31,95402
ABplappaap,206,466,121,13.2,34,95400
ABplappaap,207,462,122,13.1,31,93008
ABplappaap,208,455,121,13.2,26,99665
ABplappaap,209,452,119,13.4,31,101268
ABplappaap,210,451,123,13.3,34,95483
ABplappaap,211,448,119,13.4,31,98329
ABplappaap,212,449,123,13.2,34,91135
ABplappaap,213,446,121,13.2,31,94750
ABplappaap,214,448,119,13.9,30,91974
ABplappaap,215,448,118,14.0,31,93639
ABplappaap,216,442,117,14.0,30,91154
ABplappaap,217,444,119,13.4,31,96477
ABplappaap,218,442,122,13.2,34,94000
ABplappaap,219,438,122,13.3,31,99322
ABplappaap,220,442,122,13.9,30,100003
ABplappap,139,436,124,17.0,34,44770
ABplappap,140,442,121,16.2,35,44098
ABplappap,141,445,121,17.1,37,33890
ABplappap,142,449,121,17.2,37,36620
ABplappap,143,453,120,17.1,37,41535
ABplappap,144,457,121,16.1,26,45776
ABplappap,145,466,118,16.1,26,48484
ABplappap,146,459,117,17.0,38,48366
ABplappap,147,455,114,17.1,34,59836
ABplappap,148,454,115,17.3,36,52091
ABplappap,149,450,112,17.3,36,50896
ABplappap,150,451,115,16.3,38,55560
ABplappap,151,455,117,16.2,38,56066
ABplappap,152,453,116,16.2,38,58217
ABplappap,153,447,113,17.0,38,54732
ABplappap,154,447,118,16.2,38,59214
ABplappap,155,446,120,16.1,38,60831
ABplappap,156,449,123,16.2,38,65147
ABplappap,157,448,121,17.1,38,63805
ABplappap,158,449,121,16.3,38,63904
ABplappap,159,455,123,16.4,36,67124
ABplappap,160,457,119,17.0,38,59626
ABplappap,161,455,120,17.0,39,65850
ABplappap,162,455,122,16.3,39,67431
ABplappap,163,451,121,16.4,39,64971
ABplappap,164,446,119,17.2,39,62674
ABplappap,165,445,119,17.1,39,62280
ABplappap,166,444,118,17.2,39,66345
ABplappap,167,443,119,17.1,39,63914
ABplappap,168,446,122,16.1,39,68339
ABplappap,169,450,122,17.0,39,65789
ABplappap,170,451,119,17.0,39,76801
ABplappap,171,452,124,17.0,39,72828
ABplappap,172,455,125,16.1,39,83843
ABplappap,173,457,124,16.2,39,80367
ABplappap,174,458,125,16.0,39,83002
ABplappap,175,458,126,16.0,39,81845
ABplappap,176,456,123,16.0,39,83100
ABplappap,177,457,119,16.1,39,91434
ABplappap,178,457,124,16.2,37,97324
ABplappap,179,458,124,17.0,39,80161
ABplappap,180,458,126,16.2,37,97081
ABplappap,181,458,123,16.2,37,96153
ABplappap,182,461,125,16.1,36,97191
ABplappap,183,459,123,17.0,36,86115
ABplappap,184,464,122,16.1,37,91194
ABplappap,185,463,123,16.2,36,95322
ABplappap,186,463,123,17.0,35,85672
ABplappap,187,468,129,16.1,34,77292
ABplappap,188,468,126,17.0,31,92020
ABplappap,189,472,128,17.1,34,94032
ABplappap,190,477,130,17.2,31,85668
ABplappap,191,478,134,17.3,34,94332
ABplappap,192,478,136,17.1,31,89004
ABplappap,193,476,135,17.2,34,96210
ABplappap,194,482,137,17.4,31,93518
ABplappapa,195,474,132,18.0,26,81594
ABplappapa,196,469,127,18.2,31,77447
ABplappapa,197,470,128,18.4,32,68230
ABplappapa,198,470,130,19.1,31,63714
ABplappapa,199,467,123,19.1,32,74979
ABplappapa,200,460,129,18.2,31,69532
ABplappapa,201,468,134,18.2,34,66564
ABplappapa,202,476,127,18.3,31,69057
ABplappapa,203,477,128,18.1,32,67704
ABplappapa,204,472,130,18.0,34,58470
ABplappapa,205,475,133,17.2,31,62471
ABplappapa,206,475,129,18.1,34,63271
ABplappapa,207,480,132,17.3,31,60653
ABplappapa,208,475,128,18.2,34,59512
ABplappapa,209,476,130,18.1,31,65111
ABplappapa,210,471,127,18.1,34,66655
ABplappapa,211,474,126,18.1,31,68724
ABplappapa,212,476,123,17.9,30,78214
ABplappapa,213,473,120,17.3,31,79105
ABplappapa,214,474,123,17.3,34,79018
ABplappapa,215,472,124,17.3,31,75312
ABplappapa,216,468,125,18.1,34,74114
ABplappapa,217,469,127,17.1,31,76073
ABplappapa,218,468,128,17.2,34,79887
ABplappapa,219,470,128,17.2,31,66715
ABplappapa,220,476,133,17.1,34,62932
ABplappapp,195,487,137,16.2,34,76842
ABplappapp,196,497,140,15.0,29,92137
ABplappapp,197,499,141,15.0,30,92111
ABplappapp,198,494,141,14.8,29,82896
ABplappapp,199,496,141,14.4,34,75663
ABplappapp,200,498,139,14.3,31,84925
ABplappapp,201,505,139,14.9,30,74480
ABplappapp,202,505,143,15.1,31,78739
ABplappapp,203,504,140,15.0,34,74833
ABplappapp,204,503,136,15.1,32,79356
ABplappapp,205,502,141,14.5,31,82781
ABplappapp,206,499,140,14.1,30,92696
ABplappapp,207,499,135,14.4,31,80787
ABplappapp,208,492,133,14.9,30,72475
ABplappapp,209,487,129,15.1,31,76491
ABplappapp,210,487,131,14.4,32,81960
ABplappapp,211,486,133,14.3,31,80422
ABplappapp,212,486,135,14.7,30,86512
ABplappapp,213,486,132,14.2,31,84328
ABplappapp,214,484,134,14.9,30,89310
ABplappapp,215,482,134,14.4,31,89960
ABplappapp,216,478,135,14.4,32,88443
ABplappapp,217,480,135,14.4,31,89425
ABplappapp,218,479,133,14.4,32,85069
ABplappapp,219,478,135,14.2,31,95470
ABplappapp,220,481,133,14.3,32,85373
ABplappp,96,339,194,19.0,48,2833
ABplappp,97,351,195,20.0,46,3218
ABplappp,98,351,191,20.2,42,4601
ABplappp,99,356,190,21.0,42,4121
ABplappp,100,363,189,20.1,41,5403
ABplappp,101,371,189,20.1,40,8338
ABplappp,102,375,190,20.9,40,4945
ABplappp,103,376,187,20.9,40,4502
ABplappp,104,378,188,20.9,41,8308
ABplappp,105,378,187,20.9,42,7324
ABplappp,106,376,182,21.1,42,6841
ABplappp,107,375,180,20.9,42,6684
ABplappp,108,374,174,21.0,42,11759
ABplappp,109,374,175,21.1,42,9365
ABplappp,110,370,171,21.9,42,11519
ABplappp,111,364,174,21.9,41,12465
ABplappp,112,361,178,22.1,42,10630
ABplappp,113,357,175,23.0,42,12464
ABplappp,114,357,172,23.1,42,10611
ABplappp,115,359,159,23.1,42,13011
ABplappp,116,360,155,23.0,42,16188
ABplappp,117,358,148,22.0,42,16146
ABplappp,118,365,141,22.1,42,18137
ABplappp,119,366,139,21.1,42,20634
ABplappp,120,370,139,19.9,42,20374
ABplappp,121,379,137,19.9,42,28086
ABplappp,122,383,135,19.1,42,27567
ABplappp,123,390,137,19.1,44,23831
ABplappp,124,397,138,19.1,42,28432
ABplappp,125,398,135,19.0,42,26406
ABplappp,126,406,136,19.0,42,28772
ABplappp,127,413,138,19.0,42,25354
ABplappp,128,419,135,20.0,42,30246
ABplappp,129,421,139,18.9,42,29660
ABplappp,130,424,142,18.0,42,34499
ABplappp,131,427,146,16.3,44,35981
ABplappp,132,429,151,16.0,42,38716
ABplappp,133,433,153,15.9,42,39775
ABplappp,134,437,152,15.9,41,44268
ABplappp,135,443,149,16.0,41,46162
ABplappp,136,450,148,15.9,41,49606
ABplappp,137,457,145,15.0,40,57404
ABplappp,138,465,137,15.0,39,57424
ABplappp,139,474,142,15.0,40,55703
ABplappp,140,481,144,14.9,37,66327
ABplappp,141,472,149,15.0,37,49385
ABplappp,142,478,147,14.0,37,80735
ABplapppa,143,466,133,14.9,35,56414
ABplapppa,144,467,133,13.9,35,60258
ABplapppa,145,475,132,14.2,37,56161
ABplapppa,146,466,126,13.5,36,61077
ABplapppa,147,465,122,13.5,38,57417
ABplapppa,148,468,121,14.1,36,63524
ABplapppa,149,471,119,14.1,36,58912
ABplapppa,150,473,120,13.5,36,61079
ABplapppa,151,473,119,14.1,36,65659
ABplapppa,152,471,123,14.2,36,70500
ABplapppa,153,475,122,14.3,36,65273
ABplapppa,154,476,121,14.1,34,70731
ABplapppa,155,478,123,14.0,34,73410
ABplapppa,156,481,127,14.2,36,71765
ABplapppa,157,476,127,14.3,36,79192
ABplapppa,158,479,124,14.2,34,77459
ABplapppa,159,485,127,14.2,36,76341
ABplapppa,160,483,127,14.0,36,78207
ABplapppa,161,480,125,14.1,37,78001
ABplapppa,162,474,126,13.5,37,81502
ABplapppa,163,478,130,14.2,37,91585
ABplapppa,164,478,128,15.1,37,77162
ABplapppa,165,476,131,15.0,37,78877
ABplapppa,166,475,126,15.1,35,86597
ABplapppa,167,476,125,15.1,37,84970
ABplapppa,168,477,131,14.3,39,85557
ABplapppa,169,478,134,14.2,39,86294
ABplapppa,170,477,135,14.2,39,89179
ABplapppa,171,477,137,14.1,39,87881
ABplapppa,172,473,133,13.3,37,93066
ABplapppa,173,469,135,13.2,39,91015
ABplapppa,174,466,136,13.0,39,94143
ABplapppa,175,463,140,12.3,39,100352
ABplapppa,176,461,140,12.4,37,99382
ABplapppa,177,456,134,13.1,37,103608
ABplapppa,178,457,132,13.9,35,106604
ABplapppa,179,454,132,13.3,39,103293
ABplapppa,180,456,126,13.3,37,110342
ABplapppa,181,455,128,13.2,37,112466
ABplapppa,182,457,131,12.5,36,120485
ABplapppa,183,457,129,13.1,36,108753
ABplapppa,184,462,129,13.0,37,109695
ABplapppa,185,462,130,13.1,36,117069
ABplapppa,186,466,130,13.1,35,112930
ABplapppa,187,469,136,13.2,34,110687
ABplapppa,188,471,135,13.1,31,109364
ABplapppa,189,469,133,13.0,34,118707
ABplapppa,190,474,135,13.1,31,102864
ABplapppa,191,475,140,12.3,34,102387
ABplapppa,192,475,142,12.2,31,114005
ABplapppa,193,471,135,12.2,34,113117
ABplapppa,194,478,135,12.1,31,103151
ABplapppa,195,479,138,11.4,34,109678
ABplapppa,196,476,138,11.1,31,118475
ABplapppa,197,474,142,11.0,34,119793
ABplapppa,198,471,140,11.1,31,113204
ABplapppa,199,465,144,11.1,34,119386
ABplapppa,200,469,148,10.4,31,128880
ABplapppa,201,478,149,11.0,30,101374
ABplapppa,202,476,150,10.3,31,110389
ABplapppa,203,481,149,10.9,30,113596
ABplapppa,204,481,152,10.9,30,134836
ABplapppaa,205,468,141,11.2,31,114592
ABplapppaa,206,466,140,11.7,30,121610
ABplapppaa,207,466,140,10.6,26,116874
ABplapppaa,208,459,141,11.8,30,108612
ABplapppaa,209,458,141,11.9,29,118760
ABplapppaa,210,457,140,11.9,30,116436
ABplapppaa,211,457,138,12.0,29,113566
ABplapppaa,212,457,139,11.1,24,117313
ABplapppaa,213,457,138,11.2,29,120082
ABplapppaa,214,459,139,11.1,30,109364
ABplapppaa,215,459,141,11.4,31,108234
ABplapppaa,216,455,138,11.8,30,103384
ABplapppaa,217,457,142,11.2,31,115072
ABplapppaa,218,455,144,11.2,32,113082
ABplapppaa,219,456,146,11.1,31,114034
ABplapppaa,220,455,144,11.1,32,113480
ABplapppap,205,499,165,9.2,29,107107
ABplapppap,206,498,163,9.0,30,102855
ABplapppap,207,503,162,9.1,29,105759
ABplapppap,208,495,162,9.1,30,99856
ABplapppap,209,496,158,9.1,31,99273
ABplapppap,210,494,160,9.0,30,110469
ABplapppap,211,499,154,9.1,31,105413
ABplapppap,212,493,157,8.9,30,97067
ABplapppap,213,493,159,8.3,31,103416
ABplapppap,214,484,156,9.0,30,98099
ABplapppap,215,479,161,8.4,31,95879
ABplapppap,216,473,156,8.9,30,90615
ABplapppap,217,475,159,9.2,31,90720
ABplapppap,218,475,160,8.4,34,93592
ABplapppap,219,473,164,8.4,31,102804
ABplapppap,220,470,165,8.3,34,92925
ABplapppp,143,506,164,12.9,35,51940
ABplapppp,144,510,161,12.0,35,63545
ABplapppp,145,509,158,12.0,35,53076
ABplapppp,146,499,150,11.1,34,69035
ABplapppp,147,496,147,10.8,34,56584
ABplapppp,148,500,154,10.0,34,71037
ABplapppp,149,493,151,10.1,34,71580
ABplapppp,150,491,152,10.1,34,69924
ABplapppp,151,491,151,10.1,34,67709
ABplapppp,152,490,150,10.2,34,73606
ABplapppp,153,486,149,10.9,34,70455
ABplapppp,154,492,152,10.1,34,73530
ABplapppp,155,490,154,10.2,34,77455
ABplapppp,156,488,154,10.8,34,70930
ABplapppp,157,486,150,11.0,36,74284
ABplapppp,158,486,151,11.1,34,74749
ABplapppp,159,488,151,10.5,36,79273
ABplapppp,160,493,153,10.5,36,76669
ABplapppp,161,489,151,11.0,37,72927
ABplapppp,162,488,145,10.9,35,83424
ABplapppp,163,486,143,11.3,37,86939
ABplapppp,164,487,142,12.0,35,75271
ABplapppp,165,482,141,11.5,37,77306
ABplapppp,166,480,139,12.0,37,83350
ABplapppp,167,485,141,11.5,37,83985
ABplapppp,168,485,141,11.2,39,86763
ABplapppp,169,490,141,11.2,37,98625
ABplapppp,170,492,147,10.5,37,93529
ABplapppp,171,494,146,10.4,37,94160
ABplapppp,172,492,148,10.2,37,98825
ABplapppp,173,493,151,10.4,37,95224
ABplapppp,174,493,150,10.4,37,102861
ABplapppp,175,490,149,10.4,37,101421
ABplapppp,176,488,150,10.2,39,95734
ABplapppp,177,485,150,10.1,37,101470
ABplapppp,178,479,149,10.2,37,99591
ABplapppp,179,482,145,10.2,39,101225
ABplapppp,180,485,144,10.3,39,100016
ABplapppp,181,481,144,10.4,37,104349
ABplapppp,182,484,148,10.0,38,109969
ABplapppp,183,484,145,10.1,36,101921
ABplapppp,184,486,147,9.3,35,105700
ABplapppp,185,487,145,10.2,36,104385
ABplapppp,186,487,147,10.2,35,104987
ABplapppp,187,493,148,11.0,34,99596
ABplapppp,188,495,148,10.3,31,110410
ABplapppp,189,489,151,10.3,34,106516
ABplapppp,190,495,155,10.3,31,105676
ABplapppp,191,505,157,10.3,34,105736
ABplapppp,192,510,157,10.4,31,106398
ABplapppp,193,507,157,10.4,34,111844
ABplapppp,194,510,161,10.1,31,118540
ABplapppp,195,513,164,9.4,34,116053
ABplapppp,196,510,166,9.9,31,125714
ABplapppp,197,512,166,9.4,34,124334
ABplapppp,198,506,166,9.3,31,127039
ABplapppp,199,506,168,9.5,34,134412
ABplapppp,200,507,172,9.5,31,131824
ABplapppp,201,510,183,9.3,32,110257
ABplapppp,202,510,179,9.1,31,128342
ABplappppa,203,512,164,10.6,30,103876
ABplappppa,204,523,162,10.9,30,106922
ABplappppa,205,535,172,10.9,29,105354
ABplappppa,206,535,170,10.3,32,99348
ABplappppa,207,534,172,10.3,31,107473
ABplappppa,208,526,166,10.0,32,104104
ABplappppa,209,527,167,10.1,31,114175
ABplappppa,210,526,169,9.5,32,112521
ABplappppa,211,524,171,10.0,31,107204
ABplappppa,212,525,170,10.0,30,112608
ABplappppa,213,522,167,9.6,31,108211
ABplappppa,214,520,166,9.9,30,102509
ABplappppa,215,517,165,9.4,31,116674
ABplappppa,216,508,160,9.2,32,106203
ABplappppa,217,510,161,9.4,31,114447
ABplappppa,218,508,164,9.2,30,112498
ABplappppa,219,507,165,8.4,31,107148
ABplappppa,220,506,165,8.9,30,113011
ABplappppp,203,517,204,8.8,30,104586
ABplappppp,204,518,202,8.0,30,113647
ABplappppp,205,523,206,7.8,29,115706
ABplappppp,206,521,206,7.2,26,109254
ABplappppp,207,525,205,7.0,29,96500
ABplappppp,208,524,200,6.9,30,109137
ABplappppp,209,522,193,7.1,29,111793
ABplappppp,210,521,195,7.0,30,114265
ABplappppp,211,522,193,7.0,31,101214
ABplappppp,212,528,192,7.8,30,101022
ABplappppp,213,527,193,8.0,29,104533
ABplappppp,214,523,192,7.3,32,102592
ABplappppp,215,526,191,7.4,31,115196
ABplappppp,216,524,190,7.8,30,105600
ABplappppp,217,523,189,7.3,31,112405
ABplappppp,218,520,187,7.2,32,107920
ABplappppp,219,519,191,6.5,31,118122
ABplappppp,220,518,193,6.9,30,111211
ABplp,19,301,161,17.1,41,-483
ABplp,20,295,166,19.1,41,-903
ABplp,21,301,195,20.9,34,-1143
ABplp,22,305,188,21.1,36,-214
ABplp,23,313,186,21.1,38,324
ABplp,24,322,183,21.1,41,-411
ABplp,25,331,180,21.0,44,61
ABplp,26,340,177,21.0,47,-933
ABplp,27,349,174,21.0,50,312
ABplp,28,347,170,21.3,48,1317
ABplp,29,344,165,21.6,45,-665
ABplp,30,341,161,21.8,42,-276
ABplp,31,338,156,22.1,39,42
ABplp,32,334,158,22.0,45,-626
ABplp,33,333,170,23.1,40,959
ABplp,34,333,170,23.1,40,-772
ABplp,35,319,164,22.1,44,9
ABplp,36,324,164,21.1,39,-982
ABplp,37,314,170,20.1,36,-148
ABplpa,38,296,154,19.1,36,-1553
ABplpa,39,301,150,20.1,34,-219
ABplpa,40,307,149,20.1,34,-653
ABplpa,41,311,153,21.0,46,-733
ABplpa,42,312,145,21.1,48,491
ABplpa,43,304,148,22.0,48,-579
ABplpa,44,300,150,22.1,50,-623
ABplpa,45,303,162,23.0,35,834
ABplpa,46,290,166,23.9,36,-45
ABplpa,47,298,175,24.0,38,-1134
ABplpa,48,297,168,23.0,56,-586
ABplpa,49,293,167,22.1,54,198
ABplpa,50,298,170,22.1,55,-665
ABplpa,51,299,168,23.0,55,10
ABplpa,52,302,167,23.0,55,-573
ABplpa,53,296,173,22.9,57,-549
ABplpa,54,298,169,22.9,57,-573
ABplpa,55,300,164,22.0,58,-268
ABplpa,56,302,158,22.0,60,-1059
ABplpa,57,307,154,22.0,59,-316
ABplpa,58,310,156,21.9,58,-251
ABplpa,59,309,159,21.1,60,334
ABplpa,60,310,162,22.0,58,-592
ABplpa,61,312,162,21.1,58,-630
ABplpa,62,310,163,21.1,56,-77
ABplpa,63,304,164,21.0,55,552
ABplpaa,64,297,162,23.1,53,-516
ABplpaa,65,287,163,23.0,52,-9
ABplpaa,66,284,162,24.0,49,-323
ABplpaa,67,287,164,23.1,51,-508
ABplpaa,68,280,162,23.3,51,-631
ABplpaa,69,274,164,24.0,51,-534
ABplpaa,70,272,166,23.9,50,-593
ABplpaa,71,265,167,23.3,52,-430
ABplpaa,72,263,177,24.0,50,112
ABplpaa,73,261,177,24.0,53,80
ABplpaa,74,257,177,24.1,51,879
ABplpaa,75,252,176,24.0,51,371
ABplpaa,76,246,176,24.0,53,220
ABplpaa,77,242,172,23.2,52,1326
ABplpaa,78,245,174,23.9,50,126
ABplpaa,79,248,172,23.1,52,-24
ABplpaa,80,241,171,23.0,51,-77
ABplpaa,81,236,169,22.0,51,-93
ABplpaa,82,235,165,22.1,51,790
ABplpaa,83,237,164,22.1,51,110
ABplpaa,84,237,166,22.1,51,278
ABplpaa,85,234,164,22.1,52,1985
ABplpaa,86,237,159,22.9,50,53
ABplpaa,87,239,156,22.1,52,1229
ABplpaa,88,238,156,22.1,50,1031
ABplpaa,89,237,153,22.2,53,313
ABplpaa,90,235,154,22.1,49,932
ABplpaa,91,235,149,22.1,49,-446
ABplpaa,92,237,148,22.1,51,1547
ABplpaa,93,237,147,21.3,51,1007
ABplpaa,94,240,149,21.8,49,669
ABplpaa,95,242,154,21.0,49,1955
ABplpaa,96,240,153,21.1,48,1954
ABplpaaa,97,205,159,21.9,46,1448
ABplpaaa,98,200,164,21.2,40,1601
ABplpaaa,99,204,171,23.1,42,739
ABplpaaa,100,201,172,23.0,41,472
ABplpaaa,101,199,170,23.0,40,814
ABplpaaa,102,196,174,23.0,40,2107
ABplpaaa,103,196,168,22.9,40,173
ABplpaaa,104,195,169,23.0,43,2140
ABplpaaa,105,191,172,23.0,42,1637
ABplpaaa,106,187,168,22.0,42,2432
ABplpaaa,107,183,164,21.1,42,1635
ABplpaaa,108,177,166,21.0,42,1474
ABplpaaa,109,174,166,20.2,44,2099
ABplpaaa,110,175,161,20.0,42,3737
ABplpaaa,111,171,162,19.1,45,3813
ABplpaaa,112,169,162,19.0,44,4384
ABplpaaa,113,164,167,19.1,42,3574
ABplpaaa,114,164,163,18.3,44,3494
ABplpaaa,115,163,163,18.9,42,1988
ABplpaaa,116,165,160,18.0,42,5013
ABplpaaa,117,165,157,17.9,42,3640
ABplpaaa,118,166,157,17.3,44,4095
ABplpaaa,119,169,156,17.4,44,3700
ABplpaaa,120,172,152,17.2,44,3861
ABplpaaa,121,176,149,17.1,44,6223
ABplpaaa,122,180,145,17.1,42,4447
ABplpaaa,123,186,143,17.2,44,3970
ABplpaaa,124,189,143,16.3,44,3893
ABplpaaa,125,192,139,16.2,44,1827
ABplpaaa,126,193,138,15.4,44,5759
ABplpaaa,127,197,137,16.4,44,4317
ABplpaaa,128,199,133,16.2,46,3854
ABplpaaa,129,200,133,16.1,44,3710
ABplpaaa,130,208,129,15.3,44,5291
ABplpaaa,131,208,132,15.1,42,6600
ABplpaaa,132,213,132,15.1,42,4299
ABplpaaa,133,215,134,15.0,42,6505
ABplpaaa,134,218,136,14.1,39,7900
ABplpaaa,135,221,130,14.0,39,8164
ABplpaaaa,136,192,140,14.9,41,2392
ABplpaaaa,137,170,146,14.1,34,6903
ABplpaaaa,138,175,139,13.2,35,4805
ABplpaaaa,139,181,138,13.9,38,5154
ABplpaaaa,140,185,133,13.9,37,4603
ABplpaaaa,141,194,130,13.9,37,3827
ABplpaaaa,142,190,130,13.2,39,5004
ABplpaaaa,143,200,127,13.0,37,4814
ABplpaaaa,144,199,126,12.5,39,3518
ABplpaaaa,145,211,119,14.1,39,3340
ABplpaaaa,146,213,118,14.3,36,6734
ABplpaaaa,147,217,118,14.4,38,6033
ABplpaaaa,148,216,118,14.3,38,6678
ABplpaaaa,149,224,117,14.3,38,6106
ABplpaaaa,150,230,114,14.1,38,4716
ABplpaaaa,151,236,115,13.3,38,5104
ABplpaaaa,152,236,115,13.3,38,5110
ABplpaaaa,153,234,118,13.3,38,6845
ABplpaaaa,154,236,117,12.6,38,5711
ABplpaaaa,155,228,119,13.0,36,10226
ABplpaaaa,156,230,120,12.3,36,4887
ABplpaaaa,157,232,120,12.1,36,6279
ABplpaaaa,158,233,121,12.1,36,4084
ABplpaaaa,159,235,118,11.5,36,5142
ABplpaaaa,160,237,119,11.5,36,5603
ABplpaaaa,161,243,119,11.4,37,3157
ABplpaaaa,162,243,119,11.4,37,6380
ABplpaaaa,163,245,122,11.3,39,6507
ABplpaaaa,164,241,122,10.5,37,6422
ABplpaaaa,165,240,122,11.2,39,8064
ABplpaaaa,166,241,125,11.2,37,3481
ABplpaaaa,167,240,128,11.4,39,6993
ABplpaaaa,168,241,123,12.1,39,9603
ABplpaaaa,169,241,122,11.4,39,4489
ABplpaaaa,170,243,123,11.3,39,4116
ABplpaaaa,171,247,123,11.4,37,5701
ABplpaaaa,172,250,124,12.0,37,5563
ABplpaaaa,173,252,128,12.1,37,4829
ABplpaaaa,174,249,132,12.2,37,4625
ABplpaaaa,175,244,136,12.3,39,3765
ABplpaaaa,176,246,138,12.3,39,5811
ABplpaaaa,177,247,140,12.4,37,5611
ABplpaaaa,178,250,140,12.4,39,4255
ABplpaaaa,179,252,142,12.4,37,3805
ABplpaaaa,180,257,141,12.3,39,4595
ABplpaaaa,181,257,146,13.0,39,1817
ABplpaaaa,182,258,146,12.4,38,4706
ABplpaaaa,183,256,146,12.5,36,7421
ABplpaaaa,184,255,145,13.0,37,3150
ABplpaaaa,185,257,150,13.1,34,6238
ABplpaaaa,186,257,142,12.9,31,3267
ABplpaaaa,187,255,140,12.0,30,6309
ABplpaaaaa,188,244,144,12.8,29,2515
ABplpaaaaa,189,235,148,12.8,30,756
ABplpaaaaa,190,234,143,13.1,29,2462
ABplpaaaaa,191,232,147,13.0,30,1175
ABplpaaaaa,192,234,151,12.3,31,3414
ABplpaaaaa,193,236,150,12.0,32,1791
ABplpaaaaa,194,235,149,12.0,31,2733
ABplpaaaaa,195,234,154,12.2,32,-13
ABplpaaaaa,196,233,150,12.3,31,-153
ABplpaaaaa,197,238,151,12.1,30,5986
ABplpaaaaa,198,237,148,12.1,31,-1423
ABplpaaaaa,199,236,148,12.1,32,6213
ABplpaaaaa,200,235,146,12.0,31,-235
ABplpaaaaa,201,237,144,11.4,34,1969
ABplpaaaaa,202,240,144,11.3,31,5323
ABplpaaaaa,203,239,149,11.2,32,1794
ABplpaaaaa,204,239,149,11.1,34,-3494
ABplpaaaaa,205,241,146,11.1,31,3880
ABplpaaaaa,206,236,145,10.4,34,5971
ABplpaaaaa,207,240,145,11.2,31,-1203
ABplpaaaaa,208,234,146,11.1,34,-3988
ABplpaaaaa,209,229,146,11.2,31,3362
ABplpaaaaa,210,230,147,11.3,34,-1732
ABplpaaaaa,211,233,142,11.2,31,1059
ABplpaaaaa,212,236,140,11.1,34,2060
ABplpaaaaa,213,229,138,11.3,31,6092
ABplpaaaaa,214,231,137,11.1,26,1707
ABplpaaaaa,215,228,134,11.2,31,2067
ABplpaaaaa,216,227,137,11.0,34,5274
ABplpaaaaa,217,227,133,10.4,31,2153
ABplpaaaaa,218,228,134,11.0,34,3352
ABplpaaaaa,219,229,136,11.0,31,1218
ABplpaaaaa,220,231,136,11.0,34,1169
ABplpaaaap,188,271,135,12.9,29,7475
ABplpaaaap,189,273,138,11.2,30,8456
ABplpaaaap,190,271,137,11.2,31,5095
ABplpaaaap,191,268,138,11.2,30,5400
ABplpaaaap,192,273,137,11.2,26,3473
ABplpaaaap,193,277,140,11.1,34,2103
ABplpaaaap,194,277,137,11.2,31,4273
ABplpaaaap,195,272,139,11.4,34,567
ABplpaaaap,196,271,147,11.2,31,1860
ABplpaaaap,197,271,139,11.1,34,1883
ABplpaaaap,198,274,138,10.5,31,4015
ABplpaaaap,199,275,141,10.4,34,2870
ABplpaaaap,200,274,143,10.3,31,4248
ABplpaaaap,201,273,139,10.2,32,1526
ABplpaaaap,202,276,143,10.3,31,855
ABplpaaaap,203,274,140,10.2,34,294
ABplpaaaap,204,274,140,10.1,34,1125
ABplpaaaap,205,276,141,10.0,31,152
ABplpaaaap,206,270,141,9.3,34,4995
ABplpaaaap,207,267,137,9.4,31,140
ABplpaaaap,208,264,138,10.1,34,3532
ABplpaaaap,209,259,141,10.1,31,5344
ABplpaaaap,210,259,136,10.2,34,5004
ABplpaaaap,211,261,135,10.2,31,5657
ABplpaaaap,212,259,136,9.5,34,3392
ABplpaaaap,213,259,137,9.6,34,5059
ABplpaaaap,214,260,138,9.7,33,1134
ABplpaaaap,215,261,140,9.8,32,3713
ABplpaaaap,216,262,141,9.9,31,3848
ABplpaaaap,217,263,143,10.0,30,1218
ABplpaaaap,218,264,142,9.8,30,1841
ABplpaaaap,219,266,140,9.5,30,-1316
ABplpaaaap,220,267,138,9.3,30,5578
ABplpaaap,136,217,132,14.2,29,5746
ABplpaaap,137,215,136,14.0,34,5492
ABplpaaap,138,220,132,13.0,35,6194
ABplpaaap,139,225,133,12.3,36,5623
ABplpaaap,140,231,130,12.9,37,4934
ABplpaaap,141,239,127,12.1,37,3905
ABplpaaap,142,240,123,12.1,37,5318
ABplpaaap,143,242,121,12.0,37,7447
ABplpaaap,144,244,121,12.2,37,4264
ABplpaaap,145,247,122,12.2,37,3223
ABplpaaap,146,248,119,12.1,36,4845
ABplpaaap,147,249,117,11.9,34,5361
ABplpaaap,148,246,122,11.5,36,3496
ABplpaaap,149,250,121,11.3,36,4570
ABplpaaap,150,255,120,10.5,36,4461
ABplpaaap,151,258,122,10.5,36,5243
ABplpaaap,152,262,121,10.4,36,5708
ABplpaaap,153,259,120,10.5,36,6947
ABplpaaap,154,263,122,10.4,36,6716
ABplpaaap,155,263,124,10.5,36,4996
ABplpaaap,156,264,123,10.4,38,4794
ABplpaaap,157,266,128,10.3,38,8293
ABplpaaap,158,268,123,10.5,36,7654
ABplpaaap,159,273,123,11.1,36,5053
ABplpaaap,160,279,122,11.2,36,3938
ABplpaaap,161,287,120,11.1,37,4549
ABplpaaap,162,286,118,11.2,39,6274
ABplpaaap,163,286,117,11.4,37,7819
ABplpaaap,164,285,118,11.2,39,6315
ABplpaaap,165,283,118,11.3,37,8513
ABplpaaap,166,284,116,11.3,39,5992
ABplpaaap,167,282,117,11.2,37,6325
ABplpaaap,168,285,114,11.2,37,8674
ABplpaaap,169,284,115,12.0,37,7123
ABplpaaap,170,283,115,11.5,37,4715
ABplpaaap,171,290,113,12.1,39,7695
ABplpaaap,172,289,114,12.1,36,5448
ABplpaaap,173,287,116,12.1,33,7900
ABplpaaap,174,286,118,12.1,30,4222
ABplpaaap,175,284,120,12.1,26,9227
ABplpaaap,176,284,120,12.1,26,5709
ABplpaaap,177,283,124,12.1,37,7349
ABplpaaap,178,285,123,12.4,39,6621
ABplpaaap,179,282,118,12.4,37,6400
ABplpaaap,180,287,115,12.3,39,5815
ABplpaaap,181,286,113,13.0,39,4852
ABplpaaap,182,284,110,12.5,36,7515
ABplpaaap,183,280,108,13.1,38,5412
ABplpaaap,184,286,111,13.1,37,5892
ABplpaaap,185,288,113,12.4,34,6928
ABplpaaap,186,290,113,12.4,33,6847
ABplpaaap,187,288,118,14.0,30,7943
ABplpaaap,188,294,120,13.3,31,8761
ABplpaaap,189,296,118,13.1,34,5977
ABplpaaapa,190,288,122,11.9,24,7133
ABplpaaapa,191,288,121,11.0,26,6851
ABplpaaapa,192,291,123,11.1,31,5587
ABplpaaapa,193,289,120,11.3,26,6073
ABplpaaapa,194,289,121,12.1,31,4309
ABplpaaapa,195,280,113,11.3,26,1753
ABplpaaapa,196,281,120,11.3,31,11323
ABplpaaapa,197,279,114,12.0,30,7746
ABplpaaapa,198,283,116,12.1,31,6719
ABplpaaapa,199,284,117,11.1,32,5419
ABplpaaapa,200,283,116,11.1,26,7630
ABplpaaapa,201,280,114,11.1,30,5372
ABplpaaapa,202,276,112,11.0,31,7124
ABplpaaapa,203,277,113,10.4,32,5866
ABplpaaapa,204,281,114,10.3,32,8205
ABplpaaapa,205,282,114,10.3,31,6152
ABplpaaapa,206,279,115,11.0,30,9708
ABplpaaapa,207,280,115,11.1,31,4486
ABplpaaapa,208,275,115,11.3,32,5549
ABplpaaapa,209,271,115,12.1,31,6490
ABplpaaapa,210,273,116,12.1,32,7290
ABplpaaapa,211,273,114,12.3,31,4530
ABplpaaapa,212,272,122,12.1,32,7804
ABplpaaapa,213,265,127,12.2,31,6101
ABplpaaapa,214,265,126,12.2,34,5124
ABplpaaapa,215,262,125,12.2,31,6140
ABplpaaapa,216,262,132,12.2,34,6402
ABplpaaapa,217,263,132,12.0,31,2703
ABplpaaapa,218,263,132,12.0,34,7398
ABplpaaapa,219,266,131,12.0,31,2241
ABplpaaapa,220,264,134,11.1,34,6922
ABplpaaapp,190,310,109,14.0,31,5334
ABplpaaapp,191,318,112,13.8,30,2792
ABplpaaapp,192,320,113,13.1,31,7100
ABplpaaapp,193,313,112,13.9,30,6180
ABplpaaapp,194,316,110,14.0,31,4408
ABplpaaapp,195,312,110,13.2,34,3001
ABplpaaapp,196,313,112,12.4,31,1591
ABplpaaapp,197,313,115,13.0,32,2094
ABplpaaapp,198,304,113,13.3,31,1577
ABplpaaapp,199,303,117,13.0,26,3762
ABplpaaapp,200,303,116,12.3,31,421
ABplpaaapp,201,306,120,12.2,32,4026
ABplpaaapp,202,301,117,12.2,31,3621
ABplpaaapp,203,299,114,12.2,34,4050
ABplpaaapp,204,299,115,12.3,34,2998
ABplpaaapp,205,299,114,12.3,31,4942
ABplpaaapp,206,302,116,12.2,34,2921
ABplpaaapp,207,306,116,12.2,31,4844
ABplpaaapp,208,305,117,12.1,34,2826
ABplpaaapp,209,297,118,12.3,31,7849
ABplpaaapp,210,303,119,12.3,34,7868
ABplpaaapp,211,302,122,12.3,31,1749
ABplpaaapp,212,300,118,12.0,26,3735
ABplpaaapp,213,291,120,12.1,26,3871
ABplpaaapp,214,293,117,12.0,34,3017
ABplpaaapp,215,289,118,12.2,31,3366
ABplpaaapp,216,285,116,12.3,34,4406
ABplpaaapp,217,283,117,12.2,26,1252
ABplpaaapp,218,281,114,12.3,26,5681
ABplpaaapp,219,279,112,12.3,31,2888
ABplpaaapp,220,277,111,13.0,26,2700
ABplpaap,97,256,159,21.9,46,1203
ABplpaap,98,251,157,21.3,42,683
ABplpaap,99,251,157,22.0,42,513
ABplpaap,100,254,161,23.0,41,1297
ABplpaap,101,258,159,22.9,40,1625
ABplpaap,102,259,154,22.0,40,1009
ABplpaap,103,254,148,21.2,42,1198
ABplpaap,104,252,146,22.1,41,2058
ABplpaap,105,244,146,22.0,42,775
ABplpaap,106,241,148,21.9,42,3538
ABplpaap,107,238,143,21.1,42,2233
ABplpaap,108,233,143,21.1,42,1095
ABplpaap,109,229,147,21.9,42,3731
ABplpaap,110,230,144,20.9,42,2100
ABplpaap,111,221,145,20.1,43,1652
ABplpaap,112,215,149,20.1,44,3333
ABplpaap,113,210,148,19.9,42,2058
ABplpaap,114,209,147,19.9,42,4305
ABplpaap,115,206,152,20.0,44,1902
ABplpaap,116,206,145,19.1,42,4195
ABplpaap,117,206,142,18.2,44,3740
ABplpaap,118,208,140,18.1,44,3328
ABplpaap,119,213,137,18.1,44,1418
ABplpaap,120,215,133,17.9,42,3442
ABplpaap,121,220,128,16.2,44,3551
ABplpaap,122,224,126,15.3,44,4245
ABplpaap,123,229,124,17.0,42,2520
ABplpaap,124,231,122,17.0,42,2371
ABplpaap,125,237,121,16.9,42,3628
ABplpaap,126,238,121,16.1,44,4374
ABplpaap,127,245,118,16.2,44,2326
ABplpaap,128,251,119,16.2,44,1461
ABplpaap,129,255,118,17.0,42,2224
ABplpaap,130,267,118,17.0,42,6477
ABplpaap,131,268,118,16.1,42,6308
ABplpaap,132,271,114,15.1,42,5314
ABplpaap,133,270,116,15.2,44,5399
ABplpaap,134,270,120,16.0,41,7496
ABplpaap,135,276,119,15.1,39,4779
ABplpaap,136,275,121,15.1,45,3581
ABplpaapa,137,253,117,15.1,36,4133
ABplpaapa,138,255,111,15.0,37,4371
ABplpaapa,139,260,111,15.0,38,3699
ABplpaapa,140,269,115,14.9,37,4851
ABplpaapa,141,270,118,14.9,37,3090
ABplpaapa,142,269,116,14.0,37,3661
ABplpaapa,143,265,116,14.3,37,5571
ABplpaapa,144,268,115,14.3,39,4952
ABplpaapa,145,275,116,14.3,39,5394
ABplpaapa,146,277,114,14.2,36,2755
ABplpaapa,147,279,114,14.1,36,3342
ABplpaapa,148,281,117,13.2,36,5918
ABplpaapa,149,284,120,13.1,36,4771
ABplpaapa,150,289,120,12.4,36,4942
ABplpaapa,151,294,118,12.4,36,7232
ABplpaapa,152,296,114,12.1,36,3318
ABplpaapa,153,294,116,12.1,34,7222
ABplpaapa,154,292,114,12.1,38,8175
ABplpaapa,155,289,116,12.3,38,6022
ABplpaapa,156,287,118,12.3,38,4607
ABplpaapa,157,283,119,13.1,38,3197
ABplpaapa,158,280,118,13.2,38,4241
ABplpaapa,159,283,118,14.2,38,5843
ABplpaapa,160,284,115,14.3,38,5480
ABplpaapa,161,289,115,14.2,39,4145
ABplpaapa,162,283,117,14.3,39,4919
ABplpaapa,163,286,115,15.1,39,3638
ABplpaapa,164,287,116,15.0,39,5223
ABplpaapa,165,288,119,14.2,39,8009
ABplpaapa,166,288,118,14.2,39,5265
ABplpaapa,167,288,118,14.3,39,5111
ABplpaapa,168,288,119,14.2,39,4238
ABplpaapa,169,285,120,15.1,39,8906
ABplpaapa,170,283,119,14.2,39,2662
ABplpaapa,171,283,119,15.1,39,4236
ABplpaapa,172,293,120,15.0,39,4494
ABplpaapa,173,289,118,14.0,39,6098
ABplpaapa,174,285,116,15.1,39,5512
ABplpaapa,175,280,119,15.1,39,2689
ABplpaapa,176,279,119,15.1,39,3824
ABplpaapa,177,275,122,15.2,39,5608
ABplpaapa,178,273,120,16.0,39,2784
ABplpaapa,179,272,120,16.0,39,3200
ABplpaapa,180,275,121,16.1,39,4097
ABplpaapa,181,272,120,16.2,39,4502
ABplpaapa,182,273,119,16.2,38,4269
ABplpaapa,183,264,120,16.3,38,2337
ABplpaapa,184,269,123,16.2,37,-465
ABplpaapa,185,272,123,16.2,36,2539
ABplpaapa,186,273,124,16.1,35,667
ABplpaapa,187,274,125,16.2,34,1672
ABplpaapa,188,270,127,16.2,31,5974
ABplpaapa,189,271,126,15.3,32,2063
ABplpaapa,190,271,125,15.1,31,3704
ABplpaapaa,191,254,127,14.0,30,1700
ABplpaapaa,192,256,127,13.4,31,10718
ABplpaapaa,193,254,125,14.0,30,4554
ABplpaapaa,194,258,126,13.4,31,5255
ABplpaapaa,195,251,128,14.3,32,5506
ABplpaapaa,196,252,124,13.6,31,2477
ABplpaapaa,197,252,125,14.2,32,6660
ABplpaapaa,198,250,126,14.0,31,8065
ABplpaapaa,199,251,125,13.5,32,6070
ABplpaapaa,200,254,123,13.3,31,3359
ABplpaapaa,201,254,128,13.4,34,4836
ABplpaapaa,202,253,128,13.4,31,4651
ABplpaapaa,203,254,127,13.3,34,6158
ABplpaapaa,204,251,129,13.3,34,2391
ABplpaapaa,205,256,129,13.2,31,3325
ABplpaapaa,206,252,128,13.3,34,2155
ABplpaapaa,207,258,126,13.4,31,2975
ABplpaapaa,208,252,130,13.3,34,1153
ABplpaapaa,209,247,130,14.1,31,5095
ABplpaapaa,210,250,130,14.1,34,4607
ABplpaapaa,211,252,130,14.1,31,6484
ABplpaapaa,212,249,134,13.3,34,2763
ABplpaapaa,213,244,136,14.2,31,5014
ABplpaapaa,214,239,135,13.2,34,269
ABplpaapaa,215,234,132,13.1,31,282
ABplpaapaa,216,234,130,13.1,34,1887
ABplpaapaa,217,236,125,14.0,31,7842
ABplpaapaa,218,236,125,13.2,34,4757
ABplpaapaa,219,235,130,13.2,31,2494
ABplpaapaa,220,235,130,13.2,31,2273
ABplpaapap,191,292,118,16.0,24,10100
ABplpaapap,192,294,116,15.6,31,4795
ABplpaapap,193,287,119,15.5,26,6831
ABplpaapap,194,290,119,16.1,31,2312
ABplpaapap,195,287,116,16.0,30,11175
ABplpaapap,196,286,113,15.3,31,2262
ABplpaapap,197,285,118,15.3,32,-1485
ABplpaapap,198,280,118,15.1,31,4564
ABplpaapap,199,277,115,15.0,32,3369
ABplpaapap,200,279,115,15.0,31,4477
ABplpaapap,201,277,116,15.1,34,402
ABplpaapap,202,279,119,15.1,31,-2091
ABplpaapap,203,282,116,15.0,34,5775
ABplpaapap,204,284,117,14.2,34,-2872
ABplpaapap,205,279,117,15.1,31,-3136
ABplpaapap,206,279,118,15.0,34,-397
ABplpaapap,207,285,119,14.3,31,-1850
ABplpaapap,208,279,118,14.2,34,-1875
ABplpaapap,209,277,118,15.1,31,5060
ABplpaapap,210,281,117,15.1,34,3470
ABplpaapap,211,282,116,15.0,31,1200
ABplpaapap,212,279,124,15.0,32,4
ABplpaapap,213,279,123,14.8,32,-4545
ABplpaapap,214,279,122,14.6,32,-7948
ABplpaapap,215,279,121,14.4,32,-6738
ABplpaapap,216,269,131,14.7,32,-4888
ABplpaapap,217,271,126,14.9,32,-6008
ABplpaapap,218,270,128,14.7,32,-2059
ABplpaapap,219,266,130,15.0,32,-4540
ABplpaapap,220,265,130,14.8,32,1874
ABplpaapp,137,295,120,14.0,36,6963
ABplpaapp,138,298,121,13.3,37,2631
ABplpaapp,139,302,119,14.0,38,4727
ABplpaapp,140,312,126,14.0,37,4672
ABplpaapp,141,318,121,14.3,39,4015
ABplpaapp,142,321,121,14.5,39,2406
ABplpaapp,143,317,124,15.1,37,6623
ABplpaapp,144,314,127,14.3,37,6034
ABplpaapp,145,322,125,14.2,39,5837
ABplpaapp,146,323,123,14.1,36,4336
ABplpaapp,147,325,122,13.3,36,1672
ABplpaapp,148,328,127,13.2,36,2155
ABplpaapp,149,329,124,13.2,36,5251
ABplpaapp,150,331,122,13.1,36,2782
ABplpaapp,151,333,123,12.4,36,1722
ABplpaapp,152,339,121,12.4,36,3152
ABplpaapp,153,335,121,12.3,38,1237
ABplpaapp,154,334,119,12.3,36,3067
ABplpaapp,155,333,121,12.4,38,3601
ABplpaapp,156,331,120,12.3,36,3084
ABplpaapp,157,329,117,12.2,36,3380
ABplpaapp,158,327,118,12.3,38,4301
ABplpaapp,159,328,116,12.4,36,4634
ABplpaapp,160,330,113,12.4,38,5289
ABplpaapp,161,333,115,13.0,37,3219
ABplpaapp,162,327,118,13.2,37,3333
ABplpaapp,163,327,115,13.3,39,3114
ABplpaapp,164,326,119,13.1,39,3522
ABplpaapp,165,327,117,13.2,39,3212
ABplpaapp,166,329,118,13.3,37,3395
ABplpaapp,167,329,117,13.2,37,2882
ABplpaapp,168,331,115,14.1,39,809
ABplpaapp,169,334,115,14.1,39,2333
ABplpaapp,170,330,114,14.3,39,1739
ABplpaapp,171,329,113,15.0,39,1635
ABplpaapp,172,332,113,14.3,39,1199
ABplpaapp,173,328,112,14.3,39,2471
ABplpaapp,174,325,113,15.2,39,-1627
ABplpaapp,175,320,112,15.2,39,-647
ABplpaapp,176,319,112,15.1,39,906
ABplpaapp,177,318,111,14.4,39,1888
ABplpaapp,178,322,111,15.1,39,1431
ABplpaapp,179,321,110,15.3,39,1361
ABplpaapp,180,324,111,16.0,39,-57
ABplpaapp,181,319,110,16.1,37,1859
ABplpaapp,182,319,112,16.2,36,2643
ABplpaapp,183,313,115,16.2,36,1772
ABplpaapp,184,318,114,16.0,33,8362
ABplpaapp,185,318,113,17.0,32,4897
ABplpaapp,186,321,116,16.0,31,7693
ABplpaappa,187,303,114,17.1,30,1829
ABplpaappa,188,302,112,17.0,29,6399
ABplpaappa,189,301,112,16.2,26,9106
ABplpaappa,190,306,107,17.0,31,2001
ABplpaappa,191,314,107,17.1,30,4091
ABplpaappa,192,313,107,17.1,31,4529
ABplpaappa,193,306,108,17.1,34,3298
ABplpaappa,194,310,108,17.2,31,1332
ABplpaappa,195,313,107,17.1,34,-55
ABplpaappa,196,312,107,17.1,31,-2260
ABplpaappa,197,312,107,16.2,34,2408
ABplpaappa,198,305,107,16.9,31,-273
ABplpaappa,199,306,110,16.1,34,-4546
ABplpaappa,200,308,108,16.1,31,-5023
ABplpaappa,201,309,108,16.1,34,-2009
ABplpaappa,202,309,109,16.2,31,728
ABplpaappa,203,308,110,16.0,34,-953
ABplpaappa,204,305,110,16.0,34,-3613
ABplpaappa,205,306,108,16.1,31,-2338
ABplpaappa,206,306,111,16.1,34,-8270
ABplpaappa,207,309,112,15.3,31,-2836
ABplpaappa,208,302,114,16.2,34,-4663
ABplpaappa,209,301,116,16.1,31,-2210
ABplpaappa,210,304,119,16.0,34,4612
ABplpaappa,211,310,120,15.2,31,-4711
ABplpaappa,212,303,117,16.1,34,-8471
ABplpaappa,213,300,116,15.2,31,861
ABplpaappa,214,296,117,15.2,34,-5061
ABplpaappa,215,293,118,15.2,31,-1773
ABplpaappa,216,291,121,16.1,34,8814
ABplpaappa,217,291,121,16.1,31,7274
ABplpaappa,218,292,122,16.1,34,7800
ABplpaappa,219,293,123,16.2,31,4028
ABplpaappa,220,295,121,16.1,34,8975
ABplpaappp,187,345,113,16.1,30,4419
ABplpaappp,188,347,110,16.1,29,1198
ABplpaappp,189,347,109,16.1,30,3446
ABplpaappp,190,351,114,16.0,29,7573
ABplpaappp,191,356,110,15.1,30,6379
ABplpaappp,192,360,111,14.2,31,7091
ABplpaappp,193,353,112,14.2,34,4091
ABplpaappp,194,346,112,14.2,31,3645
ABplpaappp,195,343,113,14.1,32,3670
ABplpaappp,196,344,109,14.1,31,5379
ABplpaappp,197,344,111,14.0,32,5031
ABplpaappp,198,336,113,14.2,31,469
ABplpaappp,199,333,115,13.4,34,-1357
ABplpaappp,200,334,115,13.1,31,2415
ABplpaappp,201,334,112,13.2,34,2886
ABplpaappp,202,330,114,13.4,31,1510
ABplpaappp,203,330,114,13.3,34,-370
ABplpaappp,204,332,116,13.3,34,-648
ABplpaappp,205,329,116,13.3,31,1857
ABplpaappp,206,327,119,13.4,34,-790
ABplpaappp,207,332,118,13.4,31,2795
ABplpaappp,208,327,118,13.4,34,1782
ABplpaappp,209,325,119,13.2,31,2590
ABplpaappp,210,329,117,13.1,26,6356
ABplpaappp,211,333,114,13.3,31,1565
ABplpaappp,212,328,113,13.2,34,970
ABplpaappp,213,325,113,13.2,31,4833
ABplpaappp,214,320,112,13.2,34,-2169
ABplpaappp,215,314,112,13.1,26,-1272
ABplpaappp,216,310,114,13.3,26,1093
ABplpaappp,217,312,112,13.0,31,-2099
ABplpaappp,218,310,112,13.2,34,-2561
ABplpaappp,219,307,111,13.4,31,-3699
ABplpaappp,220,305,111,14.1,34,-1267
ABplpap,64,332,141,19.0,53,395
ABplpap,65,333,140,18.9,52,141
ABplpap,66,340,143,20.0,49,772
ABplpap,67,350,139,19.9,49,-78
ABplpap,68,364,132,19.9,49,182
ABplpap,69,370,126,19.9,49,-284
ABplpap,70,368,128,20.0,50,-1122
ABplpap,71,364,129,20.8,50,683
ABplpap,72,370,131,21.0,50,11
ABplpap,73,371,134,21.9,51,729
ABplpap,74,363,131,21.1,51,144
ABplpap,75,356,129,20.9,51,-92
ABplpap,76,351,132,20.1,51,-132
ABplpap,77,349,126,19.2,50,-184
ABplpap,78,344,127,20.0,50,510
ABplpap,79,343,128,19.8,50,-34
ABplpap,80,330,128,18.4,51,693
ABplpap,81,323,125,18.1,49,-44
ABplpap,82,316,122,18.3,51,-20
ABplpap,83,314,119,17.1,51,-241
ABplpap,84,315,120,17.3,51,-261
ABplpap,85,309,118,17.3,52,1131
ABplpap,86,306,120,17.2,52,924
ABplpap,87,309,121,17.9,50,371
ABplpap,88,309,119,17.1,50,719
ABplpap,89,307,118,17.2,51,1360
ABplpap,90,304,121,17.4,51,684
ABplpap,91,301,123,17.9,49,1301
ABplpap,92,301,128,18.1,49,964
ABplpap,93,299,131,17.1,49,1202
ABplpap,94,298,131,17.1,49,1244
ABplpap,95,297,133,15.1,35,2757
ABplpapa,96,287,130,16.0,32,1532
ABplpapa,97,275,128,16.9,46,1760
ABplpapa,98,272,119,16.2,36,2668
ABplpapa,99,266,124,16.9,42,1969
ABplpapa,100,264,124,18.0,41,2823
ABplpapa,101,268,123,18.0,40,3214
ABplpapa,102,265,120,18.0,40,82
ABplpapa,103,264,121,17.3,42,3115
ABplpapa,104,269,122,17.2,43,2511
ABplpapa,105,264,123,17.2,42,2483
ABplpapa,106,263,121,17.9,42,3242
ABplpapa,107,264,124,17.9,42,3727
ABplpapa,108,257,123,17.9,42,2353
ABplpapa,109,250,124,17.1,42,4908
ABplpapa,110,252,123,16.1,42,5246
ABplpapa,111,242,125,16.0,41,4719
ABplpapa,112,234,126,15.1,42,6006
ABplpapa,113,230,126,14.8,42,4610
ABplpapa,114,227,132,14.0,42,6767
ABplpapa,115,221,133,13.9,42,6578
ABplpapa,116,217,132,14.0,42,8706
ABplpapa,117,218,131,12.9,42,8451
ABplpapa,118,220,131,12.9,42,7695
ABplpapa,119,228,132,12.9,42,7204
ABplpapa,120,235,131,11.9,42,11456
ABplpapa,121,238,138,11.1,42,8581
ABplpapa,122,239,141,10.9,42,11110
ABplpapa,123,239,138,10.9,42,13348
ABplpapa,124,236,136,10.8,42,12820
ABplpapa,125,238,136,10.2,42,13260
ABplpapa,126,235,138,10.1,42,14562
ABplpapa,127,236,138,9.5,44,13810
ABplpapa,128,236,137,10.1,42,16240
ABplpapa,129,241,136,10.0,42,14955
ABplpapa,130,247,135,9.1,42,18044
ABplpapa,131,244,136,8.8,42,21077
ABplpapa,132,243,143,8.0,42,21330
ABplpapa,133,249,143,8.0,42,25059
ABplpapa,134,259,144,8.1,35,33029
ABplpapa,135,259,146,9.0,35,28680
ABplpapaa,136,243,145,8.3,33,21385
ABplpapaa,137,237,138,8.5,34,29078
ABplpapaa,138,245,133,8.1,31,26502
ABplpapaa,139,256,135,9.0,34,26646
ABplpapaa,140,267,127,9.7,37,18597
ABplpapaa,141,273,122,9.8,37,23618
ABplpapaa,142,275,119,9.8,37,24080
ABplpapaa,143,278,117,9.4,37,25286
ABplpapaa,144,274,122,9.2,37,25180
ABplpapaa,145,280,119,9.2,35,30127
ABplpapaa,146,280,121,8.8,34,27938
ABplpapaa,147,281,123,8.2,34,36648
ABplpapaa,148,285,124,8.0,34,32210
ABplpapaa,149,287,123,8.0,34,34952
ABplpapaa,150,291,127,7.8,34,31903
ABplpapaa,151,290,128,7.2,36,33831
ABplpapaa,152,293,131,6.9,34,33313
ABplpapaa,153,291,135,6.2,36,32785
ABplpapaa,154,295,137,6.1,38,33874
ABplpapaa,155,296,142,5.6,36,40518
ABplpapaa,156,301,144,5.6,36,37955
ABplpapaa,157,300,143,5.6,36,37406
ABplpapaa,158,299,141,6.0,36,44317
ABplpapaa,159,296,139,6.3,36,40321
ABplpapaa,160,291,138,6.8,34,40212
ABplpapaa,161,297,139,6.4,37,42262
ABplpapaa,162,288,140,6.5,37,47387
ABplpapaa,163,291,141,7.1,37,49499
ABplpapaa,164,293,139,6.9,35,46226
ABplpapaa,165,286,140,7.3,37,49671
ABplpapaa,166,286,138,7.3,37,52147
ABplpapaa,167,284,137,7.2,37,52245
ABplpapaa,168,287,140,7.5,37,53873
ABplpapaa,169,289,138,8.0,37,49466
ABplpapaa,170,293,139,7.5,37,59157
ABplpapaa,171,301,137,7.4,39,62404
ABplpapaa,172,302,143,8.1,37,63908
ABplpapaa,173,295,141,8.3,37,63020
ABplpapaa,174,291,140,8.2,37,62631
ABplpapaa,175,288,140,8.4,37,64154
ABplpapaa,176,292,143,8.3,39,64565
ABplpapaa,177,291,146,8.2,37,62886
ABplpapaa,178,292,145,8.2,39,63420
ABplpapaa,179,296,143,8.2,39,66020
ABplpapaa,180,302,143,8.2,37,65623
ABplpapaa,181,301,143,9.1,37,68649
ABplpapaa,182,304,139,9.2,36,73571
ABplpapaa,183,304,137,9.4,36,71408
ABplpapaa,184,302,140,9.1,35,72352
ABplpapaa,185,301,144,9.1,34,78034
ABplpapaa,186,317,146,9.0,31,71287
ABplpapaa,187,316,144,9.4,34,67560
ABplpapaa,188,320,146,9.3,31,71164
ABplpapaa,189,320,151,9.3,34,76472
ABplpapaa,190,317,153,9.1,31,81840
ABplpapaa,191,315,157,9.2,34,89398
ABplpapaa,192,316,156,8.4,31,86668
ABplpapaa,193,317,159,8.4,34,85644
ABplpapaa,194,310,152,9.0,29,79533
ABplpapaa,195,310,157,9.0,30,91737
ABplpapaaa,196,293,161,8.8,29,69075
ABplpapaaa,197,292,159,8.8,30,63353
ABplpapaaa,198,292,158,8.9,29,60453
ABplpapaaa,199,290,159,8.9,30,59590
ABplpapaaa,200,290,159,9.0,29,53415
ABplpapaaa,201,289,164,8.3,32,64179
ABplpapaaa,202,290,163,8.2,31,60485
ABplpapaaa,203,293,162,8.0,30,60034
ABplpapaaa,204,295,165,7.9,30,65015
ABplpapaaa,205,294,167,7.4,31,63659
ABplpapaaa,206,290,169,7.8,30,69828
ABplpapaaa,207,292,168,7.4,31,64403
ABplpapaaa,208,288,171,7.4,34,62402
ABplpapaaa,209,287,170,7.4,31,73833
ABplpapaaa,210,286,170,8.0,32,67177
ABplpapaaa,211,288,169,8.1,31,70868
ABplpapaaa,212,285,171,7.3,34,56232
ABplpapaaa,213,283,171,8.1,31,74005
ABplpapaaa,214,281,170,8.1,34,63320
ABplpapaaa,215,280,168,8.1,31,73568
ABplpapaaa,216,280,169,8.1,32,70702
ABplpapaaa,217,280,172,8.1,31,74806
ABplpapaaa,218,280,169,8.1,30,80193
ABplpapaaa,219,277,168,7.4,31,63523
ABplpapaaa,220,278,171,8.1,32,69919
ABplpapaap,196,333,155,8.8,29,68266
ABplpapaap,197,337,152,8.3,28,67488
ABplpapaap,198,337,155,8.2,29,67265
ABplpapaap,199,335,164,8.2,30,67098
ABplpapaap,200,334,168,8.0,29,68611
ABplpapaap,201,337,173,7.2,30,74031
ABplpapaap,202,340,170,7.1,31,65223
ABplpapaap,203,336,170,7.1,30,71969
ABplpapaap,204,334,173,7.1,32,66608
ABplpapaap,205,335,173,7.2,31,69207
ABplpapaap,206,331,170,7.1,30,78544
ABplpapaap,207,331,172,8.0,31,65724
ABplpapaap,208,328,168,8.0,30,77711
ABplpapaap,209,327,163,7.2,31,77601
ABplpapaap,210,327,164,8.1,30,83611
ABplpapaap,211,331,163,8.2,31,76459
ABplpapaap,212,332,165,7.1,34,68889
ABplpapaap,213,328,164,8.1,31,86983
ABplpapaap,214,325,166,8.0,32,77011
ABplpapaap,215,324,163,8.1,31,84124
ABplpapaap,216,324,164,8.1,34,72120
ABplpapaap,217,325,167,8.1,31,87834
ABplpapaap,218,322,166,8.0,34,72426
ABplpapaap,219,320,166,8.0,31,74036
ABplpapaap,220,320,167,8.1,34,70798
ABplpapap,136,284,141,8.2,33,25998
ABplpapap,137,287,144,7.3,32,19736
ABplpapap,138,290,149,7.3,35,23608
ABplpapap,139,299,142,7.5,36,25884
ABplpapap,140,300,145,7.2,37,21395
ABplpapap,141,310,146,7.8,37,24095
ABplpapap,142,310,142,7.8,37,20127
ABplpapap,143,305,146,7.2,35,22247
ABplpapap,144,301,146,6.6,37,26272
ABplpapap,145,298,150,6.3,37,22778
ABplpapap,146,296,153,6.1,34,26331
ABplpapap,147,296,159,6.2,34,30102
ABplpapap,148,298,166,6.2,34,26262
ABplpapap,149,298,162,6.1,34,28646
ABplpapap,150,295,166,6.2,34,31088
ABplpapap,151,298,168,6.9,34,26658
ABplpapap,152,304,166,7.3,36,31559
ABplpapap,153,296,171,7.8,34,33701
ABplpapap,154,297,173,7.8,34,31041
ABplpapap,155,291,176,7.9,34,32991
ABplpapap,156,288,179,7.1,36,37090
ABplpapap,157,285,180,7.0,34,36283
ABplpapap,158,284,179,6.9,34,37068
ABplpapap,159,286,175,6.2,34,40176
ABplpapap,160,290,174,6.9,34,32570
ABplpapap,161,291,173,6.9,35,37384
ABplpapap,162,287,174,6.9,35,41841
ABplpapap,163,292,173,6.8,35,37434
ABplpapap,164,293,174,6.2,37,42409
ABplpapap,165,288,171,6.3,37,41811
ABplpapap,166,287,167,6.1,35,53712
ABplpapap,167,281,172,6.0,35,46105
ABplpapap,168,285,173,6.1,35,53028
ABplpapap,169,285,166,6.0,35,41478
ABplpapap,170,286,166,5.5,37,49951
ABplpapap,171,293,157,5.5,37,54040
ABplpapap,172,294,157,6.1,39,53340
ABplpapap,173,291,157,6.1,39,51610
ABplpapap,174,292,157,6.1,26,45403
ABplpapap,175,293,156,6.0,27,40033
ABplpapap,176,295,155,5.9,29,53492
ABplpapap,177,296,153,5.8,30,48169
ABplpapap,178,298,152,5.8,32,54759
ABplpapap,179,299,151,5.7,33,61607
ABplpapap,180,301,149,5.6,35,67426
ABplpapap,181,302,148,5.5,36,65682
ABplpapap,182,304,146,5.4,38,68019
ABplpapap,183,308,146,6.1,38,69552
ABplpapap,184,311,149,6.0,37,66279
ABplpapap,185,315,154,6.1,36,70357
ABplpapap,186,321,158,5.4,33,82955
ABplpapap,187,328,162,6.1,30,76013
ABplpapap,188,328,156,6.9,31,60676
ABplpapap,189,337,164,6.3,30,86987
ABplpapapa,190,317,170,5.9,29,61121
ABplpapapa,191,315,169,5.9,30,63434
ABplpapapa,192,316,167,5.3,26,65058
ABplpapapa,193,316,170,5.9,30,63276
ABplpapapa,194,316,170,5.3,31,55093
ABplpapapa,195,315,166,5.2,32,51027
ABplpapapa,196,321,171,5.3,31,57426
ABplpapapa,197,325,171,5.4,32,56978
ABplpapapa,198,325,171,5.3,31,59385
ABplpapapa,199,325,175,5.8,30,59486
ABplpapapa,200,327,175,5.2,31,59589
ABplpapapa,201,328,175,5.2,31,61827
ABplpapapa,202,330,174,5.1,31,55558
ABplpapapa,203,332,173,5.1,31,65123
ABplpapapa,204,334,172,5.0,31,73356
ABplpapapa,205,336,171,5.0,32,65223
ABplpapapa,206,336,170,5.0,32,72820
ABplpapapa,207,335,169,5.0,32,65750
ABplpapapa,208,334,168,5.0,32,68784
ABplpapapa,209,334,167,5.0,32,64912
ABplpapapa,210,333,166,5.0,32,64801
ABplpapapa,211,332,164,5.0,32,69599
ABplpapapa,212,332,164,5.0,32,70318
ABplpapapa,213,332,164,5.0,32,69954
ABplpapapa,214,332,164,5.0,32,64138
ABplpapapa,215,332,164,5.0,32,67417
ABplpapapa,216,331,165,5.0,32,68334
ABplpapapa,217,331,164,5.3,30,77015
ABplpapapa,218,332,162,5.7,28,79382
ABplpapapa,219,333,160,6.0,26,76875
ABplpapapa,220,332,159,6.0,26,74122
ABplpapapp,190,362,161,6.1,26,76761
ABplpapapp,191,362,169,6.1,28,71356
ABplpapapp,192,363,167,6.0,29,52052
ABplpapapp,193,362,175,5.8,30,54234
ABplpapapp,194,359,169,5.3,31,61492
ABplpapapp,195,361,176,5.4,32,55917
ABplpapapp,196,365,177,5.5,31,62537
ABplpapapp,197,364,183,5.4,32,57312
ABplpapapp,198,361,183,5.5,31,57889
ABplpapapp,199,363,185,5.6,34,50745
ABplpapapp,200,365,185,5.4,31,52431
ABplpapapp,201,367,181,6.1,26,42615
ABplpapapp,202,367,180,5.4,31,66069
ABplpapapp,203,369,178,5.4,26,72599
ABplpapapp,204,368,178,5.5,27,71113
ABplpapapp,205,367,178,5.6,28,66984
ABplpapapp,206,366,178,5.8,29,48683
ABplpapapp,207,365,178,5.9,30,50506
ABplpapapp,208,364,178,6.0,32,59043
ABplpapapp,209,364,178,6.0,32,61128
ABplpapapp,210,365,179,6.0,32,57563
ABplpapapp,211,365,180,6.0,32,67951
ABplpapapp,212,366,181,6.0,32,62684
ABplpapapp,213,367,182,6.0,32,58235
ABplpapapp,214,367,182,6.0,32,57080
ABplpapapp,215,367,182,6.1,32,61619
ABplpapapp,216,367,182,6.1,33,60159
ABplpapapp,217,367,182,6.2,33,61234
ABplpapapp,218,366,181,6.2,34,65069
ABplpapapp,219,364,180,6.4,31,76696
ABplpapapp,220,361,180,6.3,34,62648
ABplpapp,96,326,130,15.8,48,965
ABplpapp,97,325,129,15.1,34,4187
ABplpapp,98,323,128,15.2,38,2033
ABplpapp,99,324,128,15.1,42,2180
ABplpapp,100,324,124,16.0,43,1656
ABplpapp,101,333,124,15.2,42,2790
ABplpapp,102,333,123,16.9,40,3403
ABplpapp,103,332,117,17.0,42,2131
ABplpapp,104,333,121,16.3,45,1244
ABplpapp,105,331,119,17.1,44,2907
ABplpapp,106,329,119,17.1,42,1315
ABplpapp,107,325,120,17.9,42,1772
ABplpapp,108,319,122,17.9,42,1536
ABplpapp,109,316,122,18.0,42,2702
ABplpapp,110,315,121,17.9,42,3233
ABplpapp,111,303,121,17.1,43,6590
ABplpapp,112,298,123,17.0,42,5650
ABplpapp,113,287,122,16.9,42,3399
ABplpapp,114,276,123,16.2,44,5432
ABplpapp,115,270,119,15.4,44,5445
ABplpapp,116,269,117,14.3,44,5129
ABplpapp,117,273,118,13.4,44,7357
ABplpapp,118,278,120,13.1,44,7541
ABplpapp,119,286,120,12.3,44,7141
ABplpapp,120,290,122,12.0,44,11168
ABplpapp,121,291,125,11.1,44,10478
ABplpapp,122,294,124,10.3,46,7474
ABplpapp,123,292,122,10.3,44,10926
ABplpapp,124,295,119,10.2,46,12779
ABplpapp,125,298,122,10.2,46,10927
ABplpapp,126,295,126,9.3,44,11777
ABplpapp,127,298,128,8.6,46,16353
ABplpapp,128,296,132,8.4,44,14029
ABplpapp,129,298,135,8.9,42,16162
ABplpapp,130,301,137,8.9,42,18015
ABplpapp,131,303,139,8.1,42,23104
ABplpapp,132,303,147,7.2,42,23348
ABplpapp,133,309,153,7.1,32,27993
ABplpapp,134,331,157,7.8,41,22045
ABplpappa,135,312,153,7.1,35,22506
ABplpappa,136,320,153,7.0,35,20362
ABplpappa,137,325,158,6.1,36,20366
ABplpappa,138,332,157,6.1,39,17967
ABplpappa,139,333,160,6.8,38,14777
ABplpappa,140,335,159,6.3,39,19582
ABplpappa,141,337,162,6.1,41,20429
ABplpappa,142,336,160,6.1,39,18419
ABplpappa,143,338,159,6.0,37,21008
ABplpappa,144,335,160,6.1,37,20305
ABplpappa,145,333,164,6.1,37,21783
ABplpappa,146,333,165,6.0,36,20809
ABplpappa,147,336,167,6.1,38,27473
ABplpappa,148,335,165,6.1,36,24686
ABplpappa,149,336,172,6.0,36,26988
ABplpappa,150,335,174,5.5,36,25694
ABplpappa,151,337,174,5.4,38,31105
ABplpappa,152,336,181,5.4,36,30495
ABplpappa,153,333,181,5.9,34,28554
ABplpappa,154,329,184,5.9,34,27487
ABplpappa,155,325,190,6.0,36,31633
ABplpappa,156,326,188,6.0,34,34534
ABplpappa,157,326,190,6.1,36,32339
ABplpappa,158,325,187,6.2,36,29194
ABplpappa,159,325,181,6.1,36,34874
ABplpappa,160,326,177,5.5,36,38178
ABplpappa,161,330,177,6.0,35,35976
ABplpappa,162,327,177,6.1,37,37990
ABplpappa,163,330,177,6.2,39,37039
ABplpappa,164,329,179,6.2,37,40376
ABplpappa,165,325,176,6.0,37,35332
ABplpappa,166,324,177,5.5,37,42306
ABplpappa,167,322,178,6.0,39,41281
ABplpappa,168,323,180,6.1,39,41391
ABplpappa,169,321,185,6.0,37,42675
ABplpappa,170,322,187,6.2,39,45810
ABplpappa,171,327,186,6.2,39,41857
ABplpappa,172,329,189,5.5,37,43921
ABplpappa,173,328,183,6.0,37,45072
ABplpappa,174,327,181,6.0,37,41546
ABplpappa,175,324,183,5.5,37,45169
ABplpappa,176,323,187,5.4,39,49435
ABplpappa,177,322,194,5.4,39,47488
ABplpappa,178,320,193,5.4,39,49136
ABplpappa,179,316,194,5.5,39,49720
ABplpappa,180,314,196,6.0,35,57708
ABplpappa,181,319,196,6.0,35,60382
ABplpappa,182,324,199,6.3,32,76688
ABplpappaa,183,307,199,6.3,28,56598
ABplpappaa,184,307,202,6.8,33,47286
ABplpappaa,185,309,206,6.1,32,45591
ABplpappaa,186,310,214,6.0,31,40877
ABplpappaa,187,309,206,6.1,34,35987
ABplpappaa,188,306,204,5.4,31,34922
ABplpappaa,189,308,209,5.4,34,36022
ABplpappaa,190,311,210,6.1,31,36266
ABplpappaa,191,309,212,5.3,34,34674
ABplpappaa,192,310,214,5.2,31,32740
ABplpappaa,193,309,221,5.3,34,42402
ABplpappaa,194,304,219,5.1,31,36629
ABplpappaa,195,300,220,5.0,34,36357
ABplpappaa,196,307,222,5.1,31,41143
ABplpappaa,197,307,225,5.0,26,30730
ABplpappaa,198,312,225,5.1,31,41724
ABplpappaa,199,303,223,5.1,34,34056
ABplpappaa,200,307,225,4.5,31,31005
ABplpappaa,201,317,235,5.0,34,47443
ABplpappaa,202,319,235,5.2,31,44943
ABplpappaa,203,320,235,5.2,34,43800
ABplpappaa,204,317,231,5.2,34,43408
ABplpappaa,205,314,225,5.1,31,47001
ABplpappaa,206,320,224,5.1,34,40119
ABplpappaa,207,318,222,5.1,31,38180
ABplpappaa,208,317,222,5.2,26,35732
ABplpappaa,209,317,222,5.2,26,33616
ABplpappaa,210,309,217,5.2,34,40190
ABplpappaa,211,309,217,5.2,32,30856
ABplpappaa,212,310,217,5.1,30,35359
ABplpappaa,213,310,217,5.1,28,37577
ABplpappaa,214,311,216,5.1,26,32522
ABplpappaa,215,321,215,5.2,31,41904
ABplpappaa,216,319,214,5.1,34,45133
ABplpappaa,217,317,215,5.2,31,41832
ABplpappaa,218,315,213,5.1,34,44888
ABplpappaa,219,315,214,4.3,26,27155
ABplpappaa,220,315,219,5.2,34,46794
ABplpappap,183,345,195,6.0,24,68508
ABplpappap,184,356,198,6.0,35,56131
ABplpappap,185,355,203,6.0,24,87761
ABplpappap,186,356,208,6.0,24,87453
ABplpappap,187,356,206,6.0,26,80096
ABplpappap,188,360,207,7.0,29,61092
ABplpappap,189,357,211,6.2,26,78690
ABplpappap,190,359,207,6.9,24,71196
ABplpappap,191,356,209,6.4,26,79925
ABplpappap,192,355,215,6.2,31,56164
ABplpappap,193,354,221,6.0,26,71374
ABplpappap,194,355,221,5.5,28,68721
ABplpappap,195,356,222,5.0,30,71597
ABplpappap,196,356,224,5.4,30,81675
ABplpappap,197,356,227,5.8,30,66155
ABplpappap,198,356,230,6.2,31,62053
ABplpappap,199,356,229,6.1,32,58135
ABplpappap,200,360,231,6.0,24,92919
ABplpappap,201,363,228,6.0,24,96174
ABplpappap,202,363,226,6.2,26,87460
ABplpappap,203,363,222,6.3,32,62874
ABplpappap,204,366,225,6.2,26,79972
ABplpappap,205,367,223,6.1,26,93017
ABplpappap,206,369,220,6.4,26,103500
ABplpappap,207,369,224,6.5,31,85602
ABplpappap,208,369,223,7.0,30,92563
ABplpappap,209,366,220,7.4,31,71353
ABplpappap,210,368,213,8.1,28,96431
ABplpappap,211,368,210,8.2,29,99414
ABplpappap,212,372,207,8.7,30,76992
ABplpappap,213,372,205,8.9,29,87993
ABplpappap,214,373,200,8.9,30,80645
ABplpappap,215,375,196,9.0,24,111159
ABplpappap,216,375,195,9.1,24,108041
ABplpappap,217,375,195,9.1,24,91262
ABplpappap,218,374,195,9.1,26,89004
ABplpappap,219,373,195,9.1,28,84321
ABplpappap,220,372,195,9.0,30,81122
ABplpappp,135,355,159,7.0,33,27145
ABplpappp,136,366,163,6.4,35,19938
ABplpappp,137,371,166,6.3,34,21806
ABplpappp,138,376,172,6.3,37,17472
ABplpappp,139,384,173,6.3,34,20380
ABplpappp,140,386,176,6.9,37,19485
ABplpappp,141,385,175,6.9,37,20312
ABplpappp,142,383,175,7.1,37,24744
ABplpappp,143,382,172,7.2,37,27927
ABplpappp,144,379,174,7.2,35,30464
ABplpappp,145,381,170,7.0,35,25777
ABplpappp,146,379,169,6.8,34,24430
ABplpappp,147,381,167,6.2,34,28165
ABplpappp,148,384,167,6.2,34,27831
ABplpappp,149,384,173,6.0,34,31657
ABplpappp,150,382,173,6.1,36,32129
ABplpappp,151,381,174,5.9,34,32413
ABplpappp,152,381,178,5.8,34,32778
ABplpappp,153,377,179,5.9,34,32865
ABplpappp,154,371,181,5.8,34,36388
ABplpappp,155,368,185,5.8,34,32086
ABplpappp,156,368,184,5.8,34,34556
ABplpappp,157,367,184,5.8,34,36289
ABplpappp,158,363,186,5.9,34,38320
ABplpappp,159,362,186,6.0,34,41502
ABplpappp,160,363,187,5.9,34,36926
ABplpappp,161,364,189,5.8,35,45182
ABplpappp,162,364,185,5.9,35,42410
ABplpappp,163,370,181,5.8,35,40622
ABplpappp,164,367,185,5.3,37,48732
ABplpappp,165,362,181,5.2,37,47689
ABplpappp,166,365,181,5.3,37,43334
ABplpappp,167,361,181,5.3,37,45216
ABplpappp,168,359,180,5.3,37,45719
ABplpappp,169,359,180,5.3,37,55153
ABplpappp,170,360,178,5.2,37,48969
ABplpappp,171,362,180,5.2,35,54311
ABplpappp,172,364,181,5.1,39,50664
ABplpappp,173,365,182,5.2,39,52502
ABplpappp,174,366,185,5.2,39,58447
ABplpappp,175,362,185,5.3,37,57996
ABplpappp,176,366,187,5.2,37,57035
ABplpappp,177,370,190,5.2,37,63050
ABplpappp,178,369,190,5.1,39,53883
ABplpappp,179,366,185,5.2,39,58298
ABplpappp,180,369,186,5.2,37,58141
ABplpappp,181,363,186,5.1,39,59878
ABplpappp,182,363,188,5.0,38,60094
ABplpappp,183,370,186,5.1,38,58588
ABplpappp,184,370,186,5.1,38,64981
ABplpappp,185,381,192,5.2,34,64586
ABplpappp,186,379,191,5.2,35,62010
ABplpappp,187,385,190,5.1,32,71477
ABplpappp,188,387,197,5.9,29,69912
ABplpappp,189,388,200,6.0,30,69627
ABplpappp,190,392,193,6.1,29,89558
ABplpapppa,191,381,198,6.1,26,72735
ABplpapppa,192,380,199,6.1,29,74872
ABplpapppa,193,378,199,6.9,30,39627
ABplpapppa,194,380,200,5.9,29,66194
ABplpapppa,195,378,203,5.9,30,55045
ABplpapppa,196,379,207,5.8,29,53121
ABplpapppa,197,384,210,5.3,32,53503
ABplpapppa,198,386,206,5.2,31,53986
ABplpapppa,199,387,207,5.1,30,57337
ABplpapppa,200,390,206,5.0,31,56278
ABplpapppa,201,390,206,4.6,34,61879
ABplpapppa,202,390,205,5.1,31,55133
ABplpapppa,203,391,202,4.6,34,56620
ABplpapppa,204,391,204,4.6,34,53273
ABplpapppa,205,392,203,5.0,31,51917
ABplpapppa,206,392,204,5.0,32,61216
ABplpapppa,207,390,205,5.0,31,63349
ABplpapppa,208,387,208,5.1,34,58335
ABplpapppa,209,388,208,5.2,31,57026
ABplpapppa,210,386,212,5.2,34,66180
ABplpapppa,211,388,213,5.3,31,67221
ABplpapppa,212,388,215,5.3,34,66627
ABplpapppa,213,385,212,5.2,31,66447
ABplpapppa,214,384,213,5.2,34,62165
ABplpapppa,215,386,214,5.2,31,68001
ABplpapppa,216,386,224,5.3,32,59307
ABplpapppa,217,388,224,5.3,31,72074
ABplpapppa,218,390,227,5.9,26,48743
ABplpapppa,219,390,228,5.9,26,46306
ABplpapppa,220,391,230,5.9,26,39433
ABplpapppp,191,416,205,5.8,30,55762
ABplpapppp,192,426,214,5.9,29,66833
ABplpapppp,193,428,215,5.7,30,53842
ABplpapppp,194,429,210,5.4,31,53514
ABplpapppp,195,428,213,5.4,32,57958
ABplpapppp,196,431,215,5.3,31,60270
ABplpapppp,197,433,218,5.2,26,70455
ABplpapppp,198,432,217,5.2,31,55970
ABplpapppp,199,429,216,5.7,30,49365
ABplpapppp,200,431,217,5.2,31,57928
ABplpapppp,201,431,217,5.2,32,58998
ABplpapppp,202,427,215,5.3,31,53745
ABplpapppp,203,430,213,5.2,30,60023
ABplpapppp,204,432,208,5.1,34,50610
ABplpapppp,205,429,209,5.1,31,53765
ABplpapppp,206,431,212,5.0,32,56248
ABplpapppp,207,426,214,5.1,29,71114
ABplpapppp,208,424,217,5.8,30,61981
ABplpapppp,209,423,218,5.5,31,60708
ABplpapppp,210,422,218,5.9,30,71588
ABplpapppp,211,427,222,6.1,31,68589
ABplpapppp,212,427,224,5.3,26,79634
ABplpapppp,213,427,224,5.3,26,74153
ABplpapppp,214,424,219,5.3,34,71090
ABplpapppp,215,420,219,5.1,29,79232
ABplpapppp,216,419,219,5.2,32,71128
ABplpapppp,217,418,218,5.2,31,73077
ABplpapppp,218,417,220,5.1,26,65353
ABplpapppp,219,418,224,5.1,31,74034
ABplpapppp,220,415,223,5.2,26,75977
ABplpp,38,354,178,20.2,34,478
ABplpp,39,373,177,21.0,40,-828
ABplpp,40,380,183,19.1,38,924
ABplpp,41,381,193,20.1,46,90
ABplpp,42,389,200,21.1,34,176
ABplpp,43,389,200,21.1,34,131
ABplpp,44,392,208,23.1,33,662
ABplpp,45,397,207,23.1,35,-735
ABplpp,46,397,207,23.1,35,-1541
ABplpp,47,393,216,23.1,42,-858
ABplpp,48,388,200,22.1,41,182
ABplpp,49,392,197,23.1,40,-893
ABplpp,50,386,185,23.0,53,-859
ABplpp,51,385,178,24.1,38,566
ABplpp,52,382,180,23.0,55,64
ABplpp,53,383,176,23.9,57,-1041
ABplpp,54,383,172,23.9,57,-384
ABplpp,55,378,169,23.9,58,-307
ABplpp,56,381,159,23.9,58,-616
ABplpp,57,389,151,23.7,59,-104
ABplpp,58,388,152,23.0,58,-691
ABplpp,59,391,152,22.9,58,-836
ABplpp,60,391,156,22.9,58,-366
ABplpp,61,390,161,22.1,56,-248
ABplpp,62,385,166,22.0,58,-346
ABplpp,63,376,177,21.9,55,-58
ABplpp,64,403,159,20.2,55,530
ABplppa,65,368,187,22.2,52,-260
ABplppa,66,368,191,23.0,49,969
ABplppa,67,370,190,23.0,49,-439
ABplppa,68,373,187,23.9,49,72
ABplppa,69,364,189,23.9,49,439
ABplppa,70,355,200,23.9,50,663
ABplppa,71,356,203,24.0,50,114
ABplppa,72,363,207,24.0,50,543
ABplppa,73,359,211,24.0,51,628
ABplppa,74,357,206,24.1,53,864
ABplppa,75,351,198,24.0,51,10
ABplppa,76,347,194,24.0,51,358
ABplppa,77,346,182,24.1,52,-371
ABplppa,78,348,179,24.0,50,125
ABplppa,79,349,178,24.0,50,-153
ABplppa,80,345,175,24.0,51,959
ABplppa,81,344,171,24.1,49,-25
ABplppa,82,341,169,24.1,51,-132
ABplppa,83,336,163,24.0,51,-126
ABplppa,84,338,166,23.3,53,-559
ABplppa,85,335,163,24.1,52,619
ABplppa,86,338,159,23.3,52,639
ABplppa,87,340,158,23.3,52,573
ABplppa,88,338,158,23.9,50,665
ABplppa,89,341,156,24.1,49,794
ABplppa,90,341,148,23.4,53,657
ABplppa,91,339,148,23.4,53,390
ABplppa,92,341,146,24.1,53,1939
ABplppa,93,336,145,23.9,49,1781
ABplppa,94,332,142,23.3,51,-237
ABplppa,95,324,139,23.1,49,2869
ABplppa,96,326,140,23.0,48,1296
ABplppa,97,319,144,22.0,46,734
ABplppa,98,318,147,21.1,38,1193
ABplppa,99,315,140,22.1,40,2627
ABplppaa,100,303,151,22.9,41,2440
ABplppaa,101,299,143,23.0,40,1604
ABplppaa,102,296,144,23.0,40,2050
ABplppaa,103,294,145,23.9,40,1817
ABplppaa,104,291,142,23.0,41,968
ABplppaa,105,286,139,23.0,42,2052
ABplppaa,106,279,142,22.9,42,1034
ABplppaa,107,277,143,22.9,42,2209
ABplppaa,108,273,144,23.0,42,2465
ABplppaa,109,271,147,23.1,42,2658
ABplppaa,110,270,142,23.0,42,2909
ABplppaa,111,259,142,23.0,41,1551
ABplppaa,112,251,138,22.0,42,1181
ABplppaa,113,244,140,22.1,44,2593
ABplppaa,114,246,138,22.0,42,2546
ABplppaa,115,242,138,22.1,42,3217
ABplppaa,116,243,138,22.0,42,1576
ABplppaa,117,244,130,21.0,42,3002
ABplppaa,118,247,128,20.1,42,2112
ABplppaa,119,255,126,20.0,42,3044
ABplppaa,120,259,121,18.9,42,2979
ABplppaa,121,258,119,18.0,42,4903
ABplppaa,122,262,120,17.1,42,3446
ABplppaa,123,270,124,17.1,42,5359
ABplppaa,124,277,125,17.1,42,4653
ABplppaa,125,282,124,16.0,42,4576
ABplppaa,126,283,119,15.0,42,6545
ABplppaa,127,288,119,14.1,42,4294
ABplppaa,128,288,120,14.0,42,5813
ABplppaa,129,288,119,14.0,42,4655
ABplppaa,130,297,116,13.2,42,4819
ABplppaa,131,292,117,12.9,42,6460
ABplppaa,132,295,116,11.8,42,6737
ABplppaa,133,300,114,11.9,42,7064
ABplppaa,134,305,116,11.9,41,7102
ABplppaa,135,311,115,11.0,41,7634
ABplppaa,136,315,118,11.0,41,6988
ABplppaa,137,319,124,10.1,40,8369
ABplppaa,138,323,121,9.5,41,8229
ABplppaa,139,327,122,10.1,38,8999
ABplppaa,140,338,122,10.8,37,7142
ABplppaa,141,342,131,11.0,35,12816
ABplppaa,142,339,130,11.9,37,6380
ABplppaa,143,342,131,11.1,35,13857
ABplppaaa,144,318,130,11.0,35,7488
ABplppaaa,145,321,135,10.9,35,11442
ABplppaaa,146,319,133,10.0,32,8803
ABplppaaa,147,321,133,10.0,34,8131
ABplppaaa,148,322,139,9.9,34,7677
ABplppaaa,149,324,134,9.8,34,7098
ABplppaaa,150,324,140,10.0,34,7990
ABplppaaa,151,326,142,10.0,34,7686
ABplppaaa,152,331,143,10.0,34,8717
ABplppaaa,153,329,143,9.9,34,5538
ABplppaaa,154,330,143,9.3,36,7011
ABplppaaa,155,324,143,9.8,34,5302
ABplppaaa,156,328,136,10.0,34,8039
ABplppaaa,157,325,134,9.3,36,8571
ABplppaaa,158,322,133,9.5,36,7176
ABplppaaa,159,320,133,10.1,36,6208
ABplppaaa,160,322,129,10.3,36,7479
ABplppaaa,161,324,131,10.2,37,6525
ABplppaaa,162,320,132,10.1,37,6751
ABplppaaa,163,317,131,10.1,35,6417
ABplppaaa,164,316,130,9.4,37,7663
ABplppaaa,165,315,132,10.0,37,7309
ABplppaaa,166,319,135,10.3,37,6980
ABplppaaa,167,316,132,10.1,37,7646
ABplppaaa,168,316,132,10.5,37,9942
ABplppaaa,169,316,130,11.0,37,8115
ABplppaaa,170,312,130,11.1,37,8702
ABplppaaa,171,317,128,11.2,37,10332
ABplppaaa,172,317,127,11.1,37,8135
ABplppaaa,173,316,125,11.1,37,10738
ABplppaaa,174,318,128,11.1,37,6587
ABplppaaa,175,318,125,11.2,37,7759
ABplppaaa,176,317,125,11.3,37,7866
ABplppaaa,177,317,129,11.1,37,6664
ABplppaaa,178,318,125,11.2,26,6839
ABplppaaa,179,314,123,11.1,39,5882
ABplppaaa,180,319,119,11.2,37,7859
ABplppaaa,181,318,121,11.3,39,7546
ABplppaaa,182,321,118,12.1,38,7338
ABplppaaa,183,321,118,12.2,36,5006
ABplppaaa,184,321,119,11.3,37,4833
ABplppaaa,185,323,119,11.1,32,10423
ABplppaaa,186,330,117,11.2,35,9667
ABplppaaa,187,332,117,12.1,34,9705
ABplppaaa,188,333,116,12.2,31,9541
ABplppaaa,189,341,116,12.2,34,9617
ABplppaaa,190,341,115,12.1,31,6536
ABplppaaa,191,343,118,11.1,34,9538
ABplppaaa,192,343,120,10.3,31,11714
ABplppaaa,193,338,120,11.1,34,9397
ABplppaaa,194,335,120,11.0,31,7528
ABplppaaa,195,330,122,10.4,34,11515
ABplppaaa,196,335,121,10.3,31,11499
ABplppaaa,197,331,124,11.1,34,5525
ABplppaaa,198,325,128,10.4,31,7599
ABplppaaa,199,323,131,10.2,32,9936
ABplppaaa,200,321,136,10.1,31,5339
ABplppaaa,201,321,138,9.9,30,10795
ABplppaaa,202,324,141,10.1,29,14333
ABplppaaa,203,323,139,10.0,30,10859
ABplppaaa,204,320,137,10.1,30,14408
ABplppaaa,205,323,138,10.0,29,11295
ABplppaaaa,206,302,146,10.0,30,9169
ABplppaaaa,207,304,143,10.0,29,2977
ABplppaaaa,208,300,141,9.9,30,5044
ABplppaaaa,209,292,140,9.5,31,4888
ABplppaaaa,210,294,136,9.9,30,9096
ABplppaaaa,211,296,136,9.2,31,3029
ABplppaaaa,212,297,135,9.2,34,7268
ABplppaaaa,213,296,134,9.2,31,8752
ABplppaaaa,214,292,137,9.2,34,5499
ABplppaaaa,215,295,132,9.1,26,4394
ABplppaaaa,216,300,132,9.2,34,4180
ABplppaaaa,217,303,127,9.3,31,5734
ABplppaaaa,218,304,123,9.4,34,5118
ABplppaaaa,219,304,127,9.4,31,2230
ABplppaaaa,220,308,123,9.2,26,1586
ABplppaaap,206,331,138,10.9,30,6601
ABplppaaap,207,337,139,10.4,31,6840
ABplppaaap,208,334,137,10.3,32,3918
ABplppaaap,209,327,134,10.3,31,5024
ABplppaaap,210,334,130,11.0,34,6900
ABplppaaap,211,328,127,10.4,31,6715
ABplppaaap,212,329,128,10.3,34,3539
ABplppaaap,213,327,123,10.3,31,5088
ABplppaaap,214,325,121,10.3,32,4447
ABplppaaap,215,321,119,10.4,31,8116
ABplppaaap,216,319,116,11.0,26,10570
ABplppaaap,217,324,114,10.5,31,8970
ABplppaaap,218,321,111,11.3,26,5776
ABplppaaap,219,325,111,11.4,26,10040
ABplppaaap,220,324,112,11.1,32,8212
ABplppaap,144,359,129,10.2,33,8041
ABplppaap,145,369,135,10.8,35,7810
ABplppaap,146,366,134,10.0,34,9097
ABplppaap,147,369,139,9.1,26,6782
ABplppaap,148,377,137,9.9,34,2944
ABplppaap,149,375,137,9.1,34,6685
ABplppaap,150,379,137,9.1,26,8077
ABplppaap,151,380,139,9.1,36,5714
ABplppaap,152,382,147,9.1,36,7072
ABplppaap,153,376,144,9.1,36,6288
ABplppaap,154,372,144,9.2,36,9104
ABplppaap,155,367,144,9.1,26,9293
ABplppaap,156,365,148,9.4,36,5949
ABplppaap,157,362,142,9.9,34,6834
ABplppaap,158,361,142,9.8,34,5991
ABplppaap,159,359,141,9.9,34,5831
ABplppaap,160,356,138,10.0,34,4039
ABplppaap,161,358,140,10.1,35,7581
ABplppaap,162,354,140,10.1,35,6649
ABplppaap,163,351,144,10.3,37,5524
ABplppaap,164,353,141,10.0,35,4991
ABplppaap,165,353,135,10.1,35,6539
ABplppaap,166,352,133,9.4,26,7746
ABplppaap,167,349,131,10.0,35,5241
ABplppaap,168,350,133,10.1,35,5405
ABplppaap,169,350,133,10.2,37,6782
ABplppaap,170,347,131,10.2,37,6771
ABplppaap,171,346,130,10.1,26,6127
ABplppaap,172,350,138,10.8,35,3600
ABplppaap,173,348,134,10.1,35,7049
ABplppaap,174,349,139,10.1,35,6246
ABplppaap,175,349,134,10.2,37,5390
ABplppaap,176,346,132,10.1,35,7695
ABplppaap,177,346,134,9.2,26,2594
ABplppaap,178,344,132,10.0,37,5765
ABplppaap,179,347,127,10.9,35,6741
ABplppaap,180,349,131,10.3,37,3804
ABplppaap,181,349,133,10.5,37,6460
ABplppaap,182,347,127,11.0,34,6904
ABplppaap,183,350,125,11.0,34,6621
ABplppaap,184,351,125,10.2,35,8430
ABplppaap,185,354,126,10.2,36,7468
ABplppaap,186,358,128,10.1,35,6961
ABplppaap,187,357,129,10.2,34,6542
ABplppaap,188,356,127,10.1,31,7664
ABplppaap,189,356,126,10.0,34,8860
ABplppaap,190,366,127,10.1,31,4765
ABplppaap,191,365,132,9.2,34,4694
ABplppaap,192,367,134,9.0,31,7362
ABplppaap,193,363,136,8.3,34,10695
ABplppaap,194,362,138,8.2,31,8322
ABplppaap,195,360,141,7.3,34,6939
ABplppaap,196,369,145,8.1,31,5994
ABplppaap,197,370,146,7.9,30,6677
ABplppaap,198,370,148,8.0,29,8909
ABplppaap,199,371,150,8.0,30,9546
ABplppaapa,200,359,153,7.7,29,4371
ABplppaapa,201,353,151,7.2,26,3900
ABplppaapa,202,350,145,7.9,29,5970
ABplppaapa,203,349,147,7.1,26,12979
ABplppaapa,204,347,141,7.0,30,5918
ABplppaapa,205,349,142,7.0,29,4649
ABplppaapa,206,345,141,7.8,30,2916
ABplppaapa,207,347,143,7.4,31,4462
ABplppaapa,208,346,143,7.3,32,5686
ABplppaapa,209,351,139,7.0,29,7515
ABplppaapa,210,352,140,7.0,30,6106
ABplppaapa,211,353,140,7.1,31,5546
ABplppaapa,212,357,144,6.9,30,7757
ABplppaapa,213,358,142,7.0,29,2817
ABplppaapa,214,358,144,6.4,32,2867
ABplppaapa,215,355,143,6.6,31,2724
ABplppaapa,216,356,144,7.0,30,4106
ABplppaapa,217,357,145,6.4,31,2675
ABplppaapa,218,356,144,6.8,30,4897
ABplppaapa,219,359,140,6.5,31,3023
ABplppaapa,220,357,143,6.9,30,2492
ABplppaapp,200,387,146,7.9,24,2555
ABplppaapp,201,398,148,7.1,24,7358
ABplppaapp,202,396,147,7.1,26,10210
ABplppaapp,203,396,147,7.1,26,3249
ABplppaapp,204,397,142,7.4,26,9144
ABplppaapp,205,398,142,7.3,26,6590
ABplppaapp,206,395,140,7.2,26,5116
ABplppaapp,207,397,138,7.3,26,4653
ABplppaapp,208,392,140,7.3,26,4877
ABplppaapp,209,387,143,7.2,26,7557
ABplppaapp,210,386,147,7.2,26,2194
ABplppaapp,211,389,146,7.2,26,4632
ABplppaapp,212,390,143,7.2,26,7583
ABplppaapp,213,392,148,7.2,26,5097
ABplppaapp,214,388,150,7.0,26,3108
ABplppaapp,215,388,150,7.0,26,4330
ABplppaapp,216,389,145,7.3,26,8517
ABplppaapp,217,389,145,7.3,26,6767
ABplppaapp,218,386,145,7.2,26,6973
ABplppaapp,219,387,150,7.2,26,4565
ABplppaapp,220,386,152,7.2,26,99
ABplppap,100,347,139,21.9,41,2317
ABplppap,101,349,137,21.2,38,1763
ABplppap,102,350,139,22.0,40,507
ABplppap,103,355,137,22.0,40,1371
ABplppap,104,362,136,22.1,41,2080
ABplppap,105,368,137,22.1,42,1856
ABplppap,106,363,142,23.0,42,1722
ABplppap,107,365,139,22.1,44,2244
ABplppap,108,352,137,22.0,42,2651
ABplppap,109,349,137,22.0,42,2561
ABplppap,110,343,137,21.9,42,2114
ABplppap,111,331,141,21.1,45,1810
ABplppap,112,324,141,22.0,44,1428
ABplppap,113,317,141,21.2,46,2146
ABplppap,114,311,139,21.0,42,1713
ABplppap,115,304,138,20.0,42,3859
ABplppap,116,303,136,19.0,42,2981
ABplppap,117,301,134,19.0,42,3122
ABplppap,118,304,134,17.1,44,4339
ABplppap,119,310,136,17.0,42,3172
ABplppap,120,316,138,16.0,42,5034
ABplppap,121,312,133,15.0,42,4443
ABplppap,122,315,133,15.0,42,6463
ABplppap,123,322,136,15.0,44,3560
ABplppap,124,324,141,15.1,42,6066
ABplppap,125,331,141,15.0,44,4500
ABplppap,126,330,142,14.9,42,6886
ABplppap,127,338,144,14.2,42,5238
ABplppap,128,339,144,14.1,44,5287
ABplppap,129,336,137,14.0,42,4530
ABplppap,130,342,137,13.3,46,6127
ABplppap,131,340,134,13.1,44,4660
ABplppap,132,339,139,13.0,44,6056
ABplppap,133,345,144,12.5,46,5990
ABplppap,134,349,148,13.2,45,5466
ABplppap,135,349,149,13.1,45,7007
ABplppap,136,358,153,13.1,41,8365
ABplppap,137,368,149,13.1,40,5820
ABplppap,138,378,152,13.0,39,8144
ABplppap,139,390,153,13.1,38,7060
ABplppap,140,388,150,12.1,35,8139
ABplppap,141,401,150,13.0,35,8218
ABplppapa,142,377,148,13.1,35,5079
ABplppapa,143,375,146,13.9,35,6029
ABplppapa,144,374,149,13.1,35,4395
ABplppapa,145,381,148,12.9,35,3574
ABplppapa,146,383,149,12.1,34,6355
ABplppapa,147,382,142,12.0,34,7076
ABplppapa,148,384,148,12.9,34,6070
ABplppapa,149,387,147,12.2,34,3752
ABplppapa,150,386,137,12.2,36,3178
ABplppapa,151,389,136,12.0,36,6814
ABplppapa,152,394,141,12.1,36,5811
ABplppapa,153,391,140,11.3,38,8193
ABplppapa,154,393,138,11.3,38,7448
ABplppapa,155,393,144,11.2,36,7287
ABplppapa,156,391,140,11.2,36,12722
ABplppapa,157,393,141,11.3,36,9962
ABplppapa,158,394,144,11.2,36,12595
ABplppapa,159,391,140,11.2,36,11603
ABplppapa,160,390,141,11.2,36,11008
ABplppapa,161,388,144,11.2,37,7681
ABplppapa,162,387,138,11.1,37,11255
ABplppapa,163,383,138,12.1,39,7775
ABplppapa,164,384,142,12.1,39,6204
ABplppapa,165,380,139,12.2,39,7859
ABplppapa,166,378,135,12.2,37,7333
ABplppapa,167,378,130,12.2,37,8714
ABplppapa,168,380,133,12.2,39,10476
ABplppapa,169,380,134,12.1,37,8540
ABplppapa,170,380,133,12.1,39,8716
ABplppapa,171,379,134,12.1,39,10008
ABplppapa,172,382,131,12.1,37,11097
ABplppapa,173,380,130,12.1,39,8832
ABplppapa,174,376,127,12.2,39,3709
ABplppapa,175,375,127,12.2,39,5160
ABplppapa,176,372,128,12.3,39,3440
ABplppapa,177,369,126,12.2,39,3638
ABplppapa,178,372,126,12.3,37,8986
ABplppapa,179,373,126,13.0,39,4272
ABplppapa,180,374,126,13.0,37,5599
ABplppapa,181,374,122,13.0,37,7056
ABplppapa,182,376,121,13.0,38,7412
ABplppapa,183,375,120,13.2,38,6739
ABplppapa,184,375,122,13.0,37,3311
ABplppapa,185,374,122,13.0,36,4932
ABplppapa,186,375,119,13.1,35,5656
ABplppapa,187,376,120,13.2,34,5932
ABplppapa,188,378,116,12.4,31,6313
ABplppapa,189,384,113,13.1,34,6529
ABplppapa,190,386,118,13.0,31,8553
ABplppapa,191,391,119,13.0,34,10019
ABplppapa,192,391,122,12.1,31,8369
ABplppapa,193,383,121,12.0,34,9713
ABplppapa,194,381,120,11.3,31,10457
ABplppapa,195,379,123,11.1,30,14349
ABplppapa,196,376,125,12.0,29,9438
ABplppapa,197,378,124,11.9,30,14156
ABplppapaa,198,352,124,12.0,29,6652
ABplppapaa,199,351,127,11.9,30,8942
ABplppapaa,200,353,125,11.1,29,9283
ABplppapaa,201,354,126,11.1,30,6360
ABplppapaa,202,351,127,11.3,31,7769
ABplppapaa,203,351,127,11.1,30,8802
ABplppapaa,204,349,125,11.0,26,7077
ABplppapaa,205,349,121,11.1,26,10901
ABplppapaa,206,351,124,11.1,29,4517
ABplppapaa,207,354,127,11.0,32,7955
ABplppapaa,208,353,127,10.8,32,2593
ABplppapaa,209,352,128,10.5,32,2416
ABplppapaa,210,351,128,10.3,32,5115
ABplppapaa,211,349,129,10.0,32,4198
ABplppapaa,212,347,129,9.8,30,4975
ABplppapaa,213,344,129,9.5,28,2662
ABplppapaa,214,341,130,9.3,26,5479
ABplppapaa,215,340,133,10.1,26,4759
ABplppapaa,216,336,134,10.0,34,1624
ABplppapaa,217,338,135,9.4,31,7909
ABplppapaa,218,334,133,9.3,34,3539
ABplppapaa,219,335,133,9.9,29,4725
ABplppapaa,220,335,134,9.2,26,7222
ABplppapap,198,397,122,11.2,29,7756
ABplppapap,199,395,124,11.1,30,9475
ABplppapap,200,398,121,10.8,29,11453
ABplppapap,201,398,120,10.2,30,5842
ABplppapap,202,395,118,10.9,29,8158
ABplppapap,203,397,118,10.9,30,6313
ABplppapap,204,392,114,11.1,30,8087
ABplppapap,205,390,113,11.1,31,9533
ABplppapap,206,383,115,10.5,32,4585
ABplppapap,207,387,115,11.0,31,6797
ABplppapap,208,385,118,10.9,30,4752
ABplppapap,209,380,119,10.3,31,6847
ABplppapap,210,381,120,10.1,30,7059
ABplppapap,211,382,117,10.4,31,8366
ABplppapap,212,382,118,10.3,32,6482
ABplppapap,213,380,118,10.3,31,7742
ABplppapap,214,379,119,10.1,30,4184
ABplppapap,215,379,120,10.2,31,6382
ABplppapap,216,376,121,10.1,30,5361
ABplppapap,217,378,123,10.0,31,1419
ABplppapap,218,375,124,10.0,30,8913
ABplppapap,219,374,122,10.1,31,7940
ABplppapap,220,376,121,10.2,30,7477
ABplppapp,142,417,151,13.1,35,4847
ABplppapp,143,421,153,13.8,35,4368
ABplppapp,144,422,151,13.0,35,3433
ABplppapp,145,430,146,13.1,35,7093
ABplppapp,146,431,148,12.2,34,8203
ABplppapp,147,435,149,12.1,26,10745
ABplppapp,148,437,149,12.1,36,10905
ABplppapp,149,435,151,12.1,36,7862
ABplppapp,150,435,153,12.2,36,10826
ABplppapp,151,434,152,12.2,36,9440
ABplppapp,152,437,147,12.0,36,3991
ABplppapp,153,433,146,12.1,36,7106
ABplppapp,154,432,145,12.1,34,7840
ABplppapp,155,433,150,11.3,38,9842
ABplppapp,156,427,152,12.1,36,7138
ABplppapp,157,430,151,12.0,36,5721
ABplppapp,158,431,154,12.2,36,6846
ABplppapp,159,433,150,11.2,38,11877
ABplppapp,160,432,154,11.1,38,11670
ABplppapp,161,429,148,11.2,37,10858
ABplppapp,162,429,146,11.2,37,13904
ABplppapp,163,429,144,11.2,39,17637
ABplppapp,164,431,143,11.2,39,14679
ABplppapp,165,427,142,11.3,39,12382
ABplppapp,166,422,141,11.4,39,9539
ABplppapp,167,422,138,11.5,39,7210
ABplppapp,168,421,140,11.4,39,6343
ABplppapp,169,423,138,11.4,37,6894
ABplppapp,170,422,135,11.3,39,6625
ABplppapp,171,425,137,11.3,39,6349
ABplppapp,172,423,134,12.1,35,7130
ABplppapp,173,421,133,12.0,37,15667
ABplppapp,174,420,135,11.3,37,13932
ABplppapp,175,420,134,11.2,37,8059
ABplppapp,176,413,131,11.2,39,14485
ABplppapp,177,413,129,12.0,37,9474
ABplppapp,178,415,128,12.1,37,10289
ABplppapp,179,411,129,11.2,39,16931
ABplppapp,180,412,129,12.1,39,14984
ABplppapp,181,411,131,12.1,39,16519
ABplppapp,182,410,131,12.1,38,19313
ABplppapp,183,411,128,13.0,38,14733
ABplppapp,184,413,125,13.0,37,17123
ABplppapp,185,413,125,13.0,37,16282
ABplppapp,186,418,125,13.1,35,18223
ABplppapp,187,422,124,13.1,34,21909
ABplppapp,188,425,125,12.1,31,26952
ABplppapp,189,425,126,13.1,34,12364
ABplppapp,190,429,124,14.0,31,16441
ABplppapp,191,432,126,13.2,34,13448
ABplppapp,192,434,126,12.2,31,9885
ABplppapp,193,428,127,11.3,34,5199
ABplppapp,194,430,128,11.2,31,11265
ABplppapp,195,431,127,11.1,34,17624
ABplppapp,196,428,131,10.2,26,8505
ABplppapp,197,426,134,10.3,34,1339
ABplppapp,198,425,135,10.4,31,3049
ABplppapp,199,422,134,10.9,30,3063
ABplppapp,200,426,134,11.0,29,3997
ABplppapp,201,431,132,11.1,30,6511
ABplppapp,202,428,133,10.4,31,12668
ABplppapp,203,432,131,11.0,30,8713
ABplppappa,204,416,118,12.2,30,6209
ABplppappa,205,418,115,12.9,29,10140
ABplppappa,206,413,120,12.0,30,5210
ABplppappa,207,418,117,11.1,29,3782
ABplppappa,208,413,120,12.0,30,3840
ABplppappa,209,412,114,12.0,29,4411
ABplppappa,210,412,118,11.9,30,14094
ABplppappa,211,410,121,11.5,31,-2489
ABplppappa,212,412,122,11.2,34,4565
ABplppappa,213,411,124,10.4,31,2986
ABplppappa,214,411,125,10.3,32,3603
ABplppappa,215,414,120,10.5,31,-1646
ABplppappa,216,409,122,10.4,34,214
ABplppappa,217,411,121,10.3,31,3471
ABplppappa,218,408,122,10.8,30,4750
ABplppappa,219,404,126,10.1,31,4709
ABplppappa,220,405,128,10.2,30,2437
ABplppappp,204,448,138,10.2,30,5137
ABplppappp,205,447,140,10.0,26,4180
ABplppappp,206,450,141,10.0,34,33205
ABplppappp,207,448,140,9.3,26,14155
ABplppappp,208,436,139,9.3,26,-580
ABplppappp,209,436,142,9.2,26,-3654
ABplppappp,210,440,137,9.2,34,11501
ABplppappp,211,437,134,9.4,31,5084
ABplppappp,212,432,137,9.2,26,2065
ABplppappp,213,429,141,9.2,26,6824
ABplppappp,214,433,137,9.4,34,6771
ABplppappp,215,429,137,9.3,26,5282
ABplppappp,216,428,136,10.0,26,-2691
ABplppappp,217,433,138,9.5,31,8436
ABplppappp,218,425,141,9.2,26,7183
ABplppappp,219,431,135,9.4,31,4185
ABplppappp,220,434,135,9.2,34,8811
ABplppp,65,413,150,20.8,52,-176
ABplppp,66,413,145,21.0,49,-611
ABplppp,67,419,146,20.9,49,85
ABplppp,68,433,149,20.9,49,-132
ABplppp,69,440,145,20.1,49,-526
ABplppp,70,437,144,20.2,50,279
ABplppp,71,428,145,21.0,50,155
ABplppp,72,435,149,21.9,50,83
ABplppp,73,431,147,22.0,51,322
ABplppp,74,425,139,21.1,51,-285
ABplppp,75,415,137,21.2,51,-51
ABplppp,76,414,135,21.0,51,863
ABplppp,77,409,132,20.1,50,74
ABplppp,78,408,128,19.9,50,442
ABplppp,79,404,129,19.2,50,385
ABplppp,80,396,125,19.1,49,-311
ABplppp,81,394,125,18.9,49,934
ABplppp,82,390,123,19.1,49,-278
ABplppp,83,385,122,18.9,49,628
ABplppp,84,384,122,19.1,49,125
ABplppp,85,382,125,19.9,50,149
ABplppp,86,385,124,19.8,50,587
ABplppp,87,388,123,19.2,50,174
ABplppp,88,388,127,19.2,50,1794
ABplppp,89,391,129,19.1,49,770
ABplppp,90,389,129,18.9,49,780
ABplppp,91,384,130,18.2,49,1783
ABplppp,92,381,131,18.0,49,1715
ABplppp,93,376,132,17.9,49,1193
ABplppp,94,375,132,18.0,49,1754
ABplppp,95,369,133,17.9,49,1927
ABplppp,96,385,134,17.8,48,3155
ABplpppa,97,367,124,17.2,34,1683
ABplpppa,98,372,123,17.1,34,3177
ABplpppa,99,370,120,17.1,38,3033
ABplpppa,100,372,120,17.0,41,1407
ABplpppa,101,378,126,17.0,40,1909
ABplpppa,102,378,126,17.1,40,3790
ABplpppa,103,381,122,17.8,40,2180
ABplpppa,104,378,123,17.2,41,2947
ABplpppa,105,375,124,17.9,42,2189
ABplpppa,106,373,123,17.9,42,4223
ABplpppa,107,373,120,18.0,42,2722
ABplpppa,108,369,122,17.9,42,2101
ABplpppa,109,363,119,18.0,42,3627
ABplpppa,110,362,120,18.0,42,5583
ABplpppa,111,356,123,19.0,41,4325
ABplpppa,112,352,128,20.0,42,3498
ABplpppa,113,346,125,20.1,42,4828
ABplpppa,114,343,120,20.0,42,3414
ABplpppa,115,338,115,19.1,42,6351
ABplpppa,116,339,118,17.9,42,4455
ABplpppa,117,341,115,17.0,42,6632
ABplpppa,118,344,116,16.0,42,8779
ABplpppa,119,350,118,16.0,42,8811
ABplpppa,120,355,117,15.1,42,10249
ABplpppa,121,355,115,15.0,42,8316
ABplpppa,122,353,116,14.1,42,8326
ABplpppa,123,355,115,14.1,42,10673
ABplpppa,124,357,113,14.2,42,11370
ABplpppa,125,360,114,13.9,42,12610
ABplpppa,126,358,114,13.1,42,14789
ABplpppa,127,361,115,12.9,42,15229
ABplpppa,128,357,118,11.8,42,16386
ABplpppa,129,353,121,10.5,44,19842
ABplpppa,130,361,123,10.9,42,18847
ABplpppa,131,357,126,10.2,30,23813
ABplpppa,132,363,128,10.0,42,24700
ABplpppa,133,370,128,10.0,42,24442
ABplpppa,134,373,128,10.9,41,27371
ABplpppa,135,393,134,11.0,35,27712
ABplpppa,136,396,137,10.9,41,31991
ABplpppaa,137,385,133,10.0,34,24764
ABplpppaa,138,395,132,10.0,28,32132
ABplpppaa,139,400,129,9.9,38,18545
ABplpppaa,140,400,134,9.0,37,24676
ABplpppaa,141,399,137,9.1,37,20468
ABplpppaa,142,398,135,9.1,37,24101
ABplpppaa,143,394,132,10.1,37,27392
ABplpppaa,144,397,133,10.0,35,33329
ABplpppaa,145,403,131,10.0,35,30500
ABplpppaa,146,401,134,9.1,34,37478
ABplpppaa,147,403,135,9.0,34,38310
ABplpppaa,148,410,136,8.6,36,37486
ABplpppaa,149,409,135,9.1,34,39462
ABplpppaa,150,411,138,9.0,34,35508
ABplpppaa,151,412,138,9.0,34,40671
ABplpppaa,152,414,139,8.9,34,40062
ABplpppaa,153,413,137,8.8,34,39759
ABplpppaa,154,409,137,8.1,38,39541
ABplpppaa,155,400,138,8.2,36,45701
ABplpppaa,156,398,138,8.4,36,47224
ABplpppaa,157,398,141,8.2,36,45209
ABplpppaa,158,398,141,8.9,34,42079
ABplpppaa,159,395,139,8.1,36,51704
ABplpppaa,160,397,139,8.1,36,50976
ABplpppaa,161,398,138,8.2,37,52621
ABplpppaa,162,394,138,8.2,26,65125
ABplpppaa,163,395,136,9.1,37,53893
ABplpppaa,164,395,134,9.0,26,52268
ABplpppaa,165,395,136,9.1,39,60086
ABplpppaa,166,396,137,9.1,39,60299
ABplpppaa,167,390,135,9.0,39,58548
ABplpppaa,168,392,133,9.2,39,60873
ABplpppaa,169,391,133,8.5,39,57484
ABplpppaa,170,393,134,8.6,39,66290
ABplpppaa,171,395,133,9.1,39,64253
ABplpppaa,172,394,130,9.1,26,62077
ABplpppaa,173,401,134,8.5,39,67374
ABplpppaa,174,403,137,8.4,39,64385
ABplpppaa,175,400,136,8.4,39,65647
ABplpppaa,176,398,135,9.1,39,65875
ABplpppaa,177,398,136,8.6,39,71377
ABplpppaa,178,398,134,9.0,39,71292
ABplpppaa,179,396,131,9.2,39,71596
ABplpppaa,180,398,133,9.4,39,75164
ABplpppaa,181,399,133,10.0,39,70666
ABplpppaa,182,396,132,10.1,38,68750
ABplpppaa,183,400,131,10.1,36,75462
ABplpppaa,184,406,133,9.3,37,78602
ABplpppaa,185,409,133,10.0,36,75931
ABplpppaa,186,410,132,10.2,35,79308
ABplpppaa,187,412,130,10.2,34,81501
ABplpppaa,188,419,131,10.2,31,85747
ABplpppaa,189,423,137,10.1,30,95196
ABplpppaa,190,428,135,10.0,29,92883
ABplpppaa,191,431,140,9.8,30,102997
ABplpppaaa,192,411,134,9.1,29,83501
ABplpppaaa,193,406,136,9.0,30,82982
ABplpppaaa,194,403,137,8.9,29,70924
ABplpppaaa,195,404,144,8.8,30,77015
ABplpppaaa,196,407,142,8.5,31,80477
ABplpppaaa,197,406,143,8.3,32,70253
ABplpppaaa,198,407,145,8.2,31,69293
ABplpppaaa,199,410,146,8.1,32,71070
ABplpppaaa,200,414,147,8.1,31,71553
ABplpppaaa,201,423,153,8.1,30,74463
ABplpppaaa,202,419,150,8.0,31,67232
ABplpppaaa,203,421,150,8.1,32,72497
ABplpppaaa,204,424,148,8.2,32,73076
ABplpppaaa,205,422,147,8.2,31,72906
ABplpppaaa,206,418,147,8.9,30,68817
ABplpppaaa,207,418,148,8.4,31,67599
ABplpppaaa,208,413,146,8.8,30,75946
ABplpppaaa,209,411,150,8.3,31,79172
ABplpppaaa,210,412,150,8.1,30,81247
ABplpppaaa,211,413,146,8.2,29,83568
ABplpppaaa,212,414,151,8.1,30,83316
ABplpppaaa,213,415,154,8.1,31,85657
ABplpppaaa,214,415,156,8.1,30,85805
ABplpppaaa,215,416,150,8.3,31,80593
ABplpppaaa,216,415,151,8.2,32,83210
ABplpppaaa,217,415,151,8.2,31,81398
ABplpppaaa,218,411,151,8.2,34,76496
ABplpppaaa,219,412,151,7.5,31,84858
ABplpppaaa,220,414,150,7.6,32,83177
ABplpppaap,192,448,148,9.1,29,76707
ABplpppaap,193,448,146,9.0,30,72339
ABplpppaap,194,444,143,9.0,29,71187
ABplpppaap,195,446,144,8.7,30,56438
ABplpppaap,196,448,146,8.1,29,74325
ABplpppaap,197,447,148,8.0,30,66762
ABplpppaap,198,447,151,8.1,31,63053
ABplpppaap,199,448,154,7.5,32,67655
ABplpppaap,200,452,155,7.5,31,76326
ABplpppaap,201,456,156,7.4,34,59779
ABplpppaap,202,453,159,7.5,31,75450
ABplpppaap,203,458,160,7.3,32,64727
ABplpppaap,204,462,157,7.3,34,64134
ABplpppaap,205,458,158,7.9,29,68542
ABplpppaap,206,458,157,7.5,32,70975
ABplpppaap,207,457,157,7.4,31,69890
ABplpppaap,208,448,156,7.4,34,64865
ABplpppaap,209,449,154,7.6,31,78777
ABplpppaap,210,448,156,7.5,32,71827
ABplpppaap,211,448,152,7.5,31,82981
ABplpppaap,212,449,154,7.4,32,69286
ABplpppaap,213,447,155,7.9,29,69819
ABplpppaap,214,448,154,8.0,30,77947
ABplpppaap,215,446,160,8.8,29,57465
ABplpppaap,216,443,157,8.1,30,68611
ABplpppaap,217,445,157,7.5,31,82443
ABplpppaap,218,444,158,7.4,34,70331
ABplpppaap,219,443,157,7.5,31,81221
ABplpppaap,220,442,159,8.1,32,79153
ABplpppap,137,423,143,10.1,34,32557
ABplpppap,138,435,148,10.1,35,29225
ABplpppap,139,443,150,10.8,38,19865
ABplpppap,140,443,152,10.1,37,24488
ABplpppap,141,443,153,10.1,37,29747
ABplpppap,142,447,152,10.0,37,24138
ABplpppap,143,447,147,9.5,37,30956
ABplpppap,144,446,146,9.5,37,31173
ABplpppap,145,450,144,9.5,37,35423
ABplpppap,146,447,145,9.3,36,37233
ABplpppap,147,444,146,9.4,36,41157
ABplpppap,148,450,145,9.9,34,38174
ABplpppap,149,448,145,9.4,36,40787
ABplpppap,150,446,150,9.2,36,37502
ABplpppap,151,449,151,9.9,34,32510
ABplpppap,152,452,156,9.0,36,42459
ABplpppap,153,453,153,8.9,34,42539
ABplpppap,154,453,150,9.1,36,45951
ABplpppap,155,447,146,9.1,34,51626
ABplpppap,156,446,145,9.2,36,42145
ABplpppap,157,448,143,9.1,36,45699
ABplpppap,158,449,141,9.2,36,51565
ABplpppap,159,444,145,9.0,36,50115
ABplpppap,160,445,148,8.4,36,59651
ABplpppap,161,445,150,8.4,37,56073
ABplpppap,162,441,147,8.3,37,51680
ABplpppap,163,441,144,9.1,37,54159
ABplpppap,164,443,140,9.3,37,56135
ABplpppap,165,445,143,9.0,35,58776
ABplpppap,166,448,143,9.1,37,55227
ABplpppap,167,446,143,8.5,37,58204
ABplpppap,168,443,145,8.4,37,60293
ABplpppap,169,447,145,8.5,37,63011
ABplpppap,170,450,145,9.1,37,57430
ABplpppap,171,452,145,9.0,37,65961
ABplpppap,172,449,145,9.1,37,60189
ABplpppap,173,453,144,8.6,37,64019
ABplpppap,174,457,150,8.3,39,60832
ABplpppap,175,456,152,8.1,37,68737
ABplpppap,176,453,152,8.0,37,63804
ABplpppap,177,450,151,8.0,37,61482
ABplpppap,178,450,152,7.5,39,67012
ABplpppap,179,449,148,8.0,39,66147
ABplpppap,180,448,149,7.5,37,70021
ABplpppap,181,446,149,8.0,39,68057
ABplpppap,182,444,148,7.6,36,76982
ABplpppap,183,442,146,8.2,36,74781
ABplpppap,184,446,149,8.0,37,69836
ABplpppap,185,452,153,8.2,34,79705
ABplpppap,186,453,154,8.1,35,77617
ABplpppap,187,456,153,8.3,34,79888
ABplpppap,188,461,157,8.1,31,89843
ABplpppap,189,463,162,8.1,34,84892
ABplpppap,190,466,167,8.1,31,93530
ABplpppap,191,470,172,7.5,34,75221
ABplpppap,192,477,172,7.4,31,86076
ABplpppap,193,481,177,7.8,30,100318
ABplpppapa,194,472,166,8.0,29,71163
ABplpppapa,195,471,170,7.9,30,60286
ABplpppapa,196,474,173,7.8,29,57710
ABplpppapa,197,473,175,7.8,30,62076
ABplpppapa,198,471,176,7.2,31,54255
ABplpppapa,199,474,176,7.0,30,63236
ABplpppapa,200,481,175,7.0,31,57741
ABplpppapa,201,485,178,6.5,34,61602
ABplpppapa,202,484,181,6.2,31,61453
ABplpppapa,203,485,181,6.2,34,55504
ABplpppapa,204,490,182,6.2,32,62848
ABplpppapa,205,492,184,6.2,31,62360
ABplpppapa,206,485,186,6.1,32,61213
ABplpppapa,207,488,186,6.0,31,60399
ABplpppapa,208,484,185,6.1,34,58684
ABplpppapa,209,482,182,6.1,31,62426
ABplpppapa,210,481,186,6.1,32,58108
ABplpppapa,211,481,181,6.1,31,64535
ABplpppapa,212,484,185,6.1,34,52191
ABplpppapa,213,482,187,6.0,31,66232
ABplpppapa,214,480,186,5.8,31,68237
ABplpppapa,215,478,185,5.7,31,66132
ABplpppapa,216,476,184,5.5,31,60270
ABplpppapa,217,474,182,5.3,31,71801
ABplpppapa,218,475,183,5.3,26,72098
ABplpppapa,219,474,185,5.4,31,70178
ABplpppapa,220,471,182,5.3,34,69045
ABplpppapp,194,488,191,6.9,29,71524
ABplpppapp,195,488,198,6.9,30,72056
ABplpppapp,196,492,201,6.2,29,83229
ABplpppapp,197,496,200,6.1,30,75219
ABplpppapp,198,497,205,6.1,29,83224
ABplpppapp,199,499,209,6.1,28,89128
ABplpppapp,200,505,217,6.9,29,86069
ABplpppapp,201,508,218,7.1,28,95051
ABplpppapp,202,508,220,6.9,29,91023
ABplpppapp,203,510,218,6.1,30,91373
ABplpppapp,204,510,217,5.8,30,94687
ABplpppapp,205,509,218,5.8,29,106517
ABplpppapp,206,506,215,5.8,30,97820
ABplpppapp,207,505,216,5.0,29,84468
ABplpppapp,208,495,214,5.0,30,89089
ABplpppapp,209,491,216,5.1,29,104139
ABplpppapp,210,491,217,5.2,30,93675
ABplpppapp,211,489,210,5.1,29,108151
ABplpppapp,212,494,214,5.7,30,92593
ABplpppapp,213,491,211,5.4,31,97891
ABplpppapp,214,488,202,5.7,30,90491
ABplpppapp,215,487,196,5.7,29,91084
ABplpppapp,216,485,200,5.1,28,105451
ABplpppapp,217,486,201,5.0,29,102367
ABplpppapp,218,486,204,5.0,28,103846
ABplpppapp,219,482,208,5.0,29,97732
ABplpppapp,220,483,203,5.0,30,102062
ABplpppp,97,417,127,18.0,34,3209
ABplpppp,98,424,128,17.3,38,1263
ABplpppp,99,427,123,18.2,40,1914
ABplpppp,100,439,119,18.1,41,3871
ABplpppp,101,447,119,17.9,40,2734
ABplpppp,102,448,119,18.0,40,2760
ABplpppp,103,452,120,18.0,40,3462
ABplpppp,104,446,119,18.1,41,3851
ABplpppp,105,442,117,18.0,42,3514
ABplpppp,106,443,114,17.9,42,3507
ABplpppp,107,441,117,18.1,42,2473
ABplpppp,108,433,115,17.9,42,4808
ABplpppp,109,427,112,17.9,42,4354
ABplpppp,110,418,112,17.0,42,4087
ABplpppp,111,414,113,17.9,41,3263
ABplpppp,112,403,112,17.9,42,4822
ABplpppp,113,396,114,18.1,42,3603
ABplpppp,114,398,114,18.0,42,5273
ABplpppp,115,400,112,18.0,42,6559
ABplpppp,116,400,112,18.0,42,9173
ABplpppp,117,398,113,17.9,42,7485
ABplpppp,118,396,112,17.9,42,9996
ABplpppp,119,401,112,17.0,42,9932
ABplpppp,120,409,113,16.9,42,10622
ABplpppp,121,410,114,16.2,42,7015
ABplpppp,122,407,115,15.1,42,14328
ABplpppp,123,409,112,15.9,42,12385
ABplpppp,124,409,114,15.0,42,14250
ABplpppp,125,408,116,14.1,42,12741
ABplpppp,126,406,119,14.0,42,12037
ABplpppp,127,408,122,13.1,42,16395
ABplpppp,128,405,123,12.0,42,17552
ABplpppp,129,396,131,10.1,42,19013
ABplpppp,130,404,136,9.0,42,22260
ABplpppp,131,402,141,9.0,42,19752
ABplpppp,132,403,147,8.1,42,25011
ABplpppp,133,402,154,8.1,40,28714
ABplpppp,134,405,162,8.0,35,31710
ABplpppp,135,421,164,8.0,35,32375
ABplppppa,136,412,163,7.1,35,24277
ABplppppa,137,414,167,6.4,34,28143
ABplppppa,138,416,168,7.2,35,23389
ABplppppa,139,423,167,7.1,36,25896
ABplppppa,140,419,168,7.0,37,22160
ABplppppa,141,419,169,7.1,37,23581
ABplppppa,142,416,168,6.9,37,23780
ABplppppa,143,415,165,6.6,37,23085
ABplppppa,144,412,164,6.6,37,30307
ABplppppa,145,415,166,7.0,35,30845
ABplppppa,146,415,174,6.8,34,25719
ABplppppa,147,414,176,6.3,36,32050
ABplppppa,148,419,174,6.3,36,37078
ABplppppa,149,421,175,6.3,38,34536
ABplppppa,150,419,182,6.3,36,37560
ABplppppa,151,416,182,7.0,34,41229
ABplppppa,152,418,182,6.4,36,38860
ABplppppa,153,415,180,6.5,36,40776
ABplppppa,154,409,180,6.5,36,39359
ABplppppa,155,404,178,6.9,34,38636
ABplppppa,156,406,177,6.6,36,44648
ABplppppa,157,403,179,7.0,34,44513
ABplppppa,158,402,177,6.4,36,44812
ABplppppa,159,400,176,6.5,36,53911
ABplppppa,160,401,177,6.4,36,55143
ABplppppa,161,400,175,6.2,39,49901
ABplppppa,162,403,175,6.3,39,49050
ABplppppa,163,401,167,7.2,37,49252
ABplppppa,164,397,169,7.3,37,55866
ABplppppa,165,390,165,7.2,37,60832
ABplppppa,166,392,164,7.1,37,57778
ABplppppa,167,390,164,7.1,39,56825
ABplppppa,168,389,165,7.1,39,62570
ABplppppa,169,385,165,7.1,39,58913
ABplppppa,170,388,165,7.0,39,62243
ABplppppa,171,396,165,7.1,39,59417
ABplppppa,172,394,165,6.5,39,61584
ABplppppa,173,390,167,7.1,39,64145
ABplppppa,174,384,166,7.1,39,67349
ABplppppa,175,380,161,7.1,39,66385
ABplppppa,176,382,160,7.2,39,72245
ABplppppa,177,377,166,7.2,39,72363
ABplppppa,178,375,157,7.1,39,75694
ABplppppa,179,370,151,7.0,37,74293
ABplppppa,180,371,153,7.0,37,76111
ABplppppa,181,370,153,7.2,39,82678
ABplppppa,182,366,152,7.2,36,83473
ABplppppa,183,365,155,8.0,34,89636
ABplppppa,184,366,158,7.5,37,90779
ABplppppa,185,373,157,7.9,32,99814
ABplppppa,186,378,155,8.0,31,79071
ABplppppa,187,381,152,7.9,30,94192
ABplppppaa,188,364,147,7.9,29,83176
ABplppppaa,189,368,144,7.6,30,79130
ABplppppaa,190,377,144,7.1,29,90443
ABplppppaa,191,386,146,7.1,30,84936
ABplppppaa,192,390,153,6.8,29,83667
ABplppppaa,193,388,159,7.0,30,75248
ABplppppaa,194,390,161,6.5,31,81868
ABplppppaa,195,391,169,7.0,30,71909
ABplppppaa,196,398,171,6.9,29,69298
ABplppppaa,197,398,170,6.0,30,72996
ABplppppaa,198,394,174,5.6,31,82740
ABplppppaa,199,392,179,6.2,32,71716
ABplppppaa,200,396,182,6.2,31,81427
ABplppppaa,201,400,183,6.2,34,76375
ABplppppaa,202,399,180,6.3,31,84782
ABplppppaa,203,403,177,6.2,34,76443
ABplppppaa,204,402,174,6.1,32,77307
ABplppppaa,205,399,172,6.1,31,76194
ABplppppaa,206,401,171,6.1,32,78213
ABplppppaa,207,401,176,6.1,31,81413
ABplppppaa,208,400,180,6.0,34,84551
ABplppppaa,209,399,183,6.1,31,86485
ABplppppaa,210,400,185,6.0,30,89180
ABplppppaa,211,401,188,5.4,31,87253
ABplppppaa,212,400,191,5.9,30,84760
ABplppppaa,213,399,189,5.3,31,96201
ABplppppaa,214,397,189,5.2,30,91659
ABplppppaa,215,397,186,5.4,31,91455
ABplppppaa,216,394,188,6.0,30,98321
ABplppppaa,217,395,186,6.3,31,88626
ABplppppaa,218,393,188,6.1,30,98648
ABplppppaa,219,393,193,6.3,31,97677
ABplppppaa,220,390,192,6.2,30,100686
ABplppppap,188,403,162,7.1,29,83638
ABplppppap,189,412,163,7.0,30,70791
ABplppppap,190,418,163,7.1,29,76210
ABplppppap,191,426,162,7.0,30,68638
ABplppppap,192,428,171,6.4,31,73879
ABplppppap,193,428,168,6.9,30,66017
ABplppppap,194,431,164,6.3,31,70244
ABplppppap,195,427,173,6.1,32,63245
ABplppppap,196,427,179,6.2,31,68321
ABplppppap,197,431,175,6.2,34,66980
ABplppppap,198,427,176,6.1,31,74866
ABplppppap,199,429,177,6.1,32,70786
ABplppppap,200,432,178,6.2,31,75028
ABplppppap,201,439,181,6.1,34,66902
ABplppppap,202,438,180,6.1,31,68450
ABplppppap,203,440,179,6.3,34,63605
ABplppppap,204,441,176,6.2,34,66950
ABplppppap,205,436,178,6.3,31,76117
ABplppppap,206,433,176,6.3,34,71691
ABplppppap,207,435,178,6.0,31,72098
ABplppppap,208,435,176,6.0,34,76088
ABplppppap,209,431,174,6.2,31,74075
ABplppppap,210,431,175,6.3,34,74850
ABplppppap,211,430,179,6.2,31,78700
ABplppppap,212,430,176,5.4,34,78055
ABplppppap,213,430,174,6.0,31,83294
ABplppppap,214,430,174,6.0,31,81684
ABplppppap,215,427,170,6.2,31,83312
ABplppppap,216,422,172,6.1,34,81121
ABplppppap,217,424,171,6.3,31,86284
ABplppppap,218,422,171,6.1,26,77268
ABplppppap,219,426,173,6.1,31,90046
ABplppppap,220,425,172,6.1,34,83846
ABplppppp,136,448,172,7.2,31,29155
ABplppppp,137,459,172,7.3,30,30404
ABplppppp,138,463,171,7.2,33,28905
ABplppppp,139,466,172,7.1,34,26868
ABplppppp,140,466,174,7.1,37,23197
ABplppppp,141,469,172,7.1,37,24590
ABplppppp,142,471,172,6.9,37,28918
ABplppppp,143,466,172,6.8,35,28948
ABplppppp,144,463,174,6.2,35,29159
ABplppppp,145,460,175,6.1,35,32603
ABplppppp,146,462,175,6.1,34,29940
ABplppppp,147,460,173,6.2,34,35351
ABplppppp,148,461,177,6.1,36,35859
ABplppppp,149,464,178,6.2,36,36281
ABplppppp,150,460,179,6.0,36,37445
ABplppppp,151,456,179,6.1,36,35915
ABplppppp,152,459,185,6.0,36,42807
ABplppppp,153,452,186,6.0,34,43843
ABplppppp,154,443,186,6.1,34,42213
ABplppppp,155,438,180,6.0,34,46793
ABplppppp,156,440,177,6.0,34,41662
ABplppppp,157,438,175,5.6,36,47144
ABplppppp,158,437,172,6.0,34,45640
ABplppppp,159,436,175,5.9,34,45416
ABplppppp,160,441,177,5.5,36,50706
ABplppppp,161,445,178,5.4,37,47689
ABplppppp,162,444,177,5.6,37,50525
ABplppppp,163,444,176,5.5,39,59920
ABplppppp,164,441,168,6.1,39,56227
ABplppppp,165,439,169,6.1,39,53962
ABplppppp,166,442,169,5.5,39,56865
ABplppppp,167,436,173,5.4,39,56794
ABplppppp,168,431,174,5.3,39,52529
ABplppppp,169,430,171,5.4,39,59148
ABplppppp,170,431,172,5.4,39,61225
ABplppppp,171,434,173,5.4,39,57972
ABplppppp,172,437,173,5.4,39,60987
ABplppppp,173,433,179,5.3,39,67263
ABplppppp,174,432,183,5.2,39,71236
ABplppppp,175,428,183,5.2,39,71384
ABplppppp,176,427,183,5.2,39,76520
ABplppppp,177,425,179,5.2,39,71621
ABplppppp,178,421,173,5.3,39,70385
ABplppppp,179,420,170,5.3,39,73195
ABplppppp,180,420,170,5.3,39,68066
ABplppppp,181,422,169,5.3,39,70938
ABplppppp,182,416,168,5.4,38,76338
ABplppppp,183,422,168,5.3,38,80960
ABplppppp,184,425,175,5.4,37,89988
ABplppppp,185,430,176,6.0,36,86346
ABplppppp,186,431,175,6.1,35,91530
ABplppppp,187,430,174,6.9,30,89330
ABplppppp,188,436,184,7.0,31,84166
ABplppppp,189,436,193,6.9,30,93207
ABplpppppa,190,433,185,6.9,29,89350
ABplpppppa,191,437,193,7.2,30,80808
ABplpppppa,192,445,194,6.9,29,75706
ABplpppppa,193,448,191,5.9,30,74818
ABplpppppa,194,451,193,5.5,31,75372
ABplpppppa,195,451,198,5.8,30,79007
ABplpppppa,196,455,198,5.3,31,74770
ABplpppppa,197,455,201,5.9,30,79231
ABplpppppa,198,456,199,5.4,31,73477
ABplpppppa,199,459,200,5.2,34,70950
ABplpppppa,200,462,205,5.4,31,76656
ABplpppppa,201,464,207,5.4,32,79573
ABplpppppa,202,458,212,5.5,31,83424
ABplpppppa,203,460,214,5.9,30,80841
ABplpppppa,204,458,212,6.0,30,99271
ABplpppppa,205,458,212,5.4,31,88915
ABplpppppa,206,458,213,5.4,34,76287
ABplpppppa,207,458,216,5.5,31,91036
ABplpppppa,208,452,216,6.3,32,86354
ABplpppppa,209,451,217,6.4,31,92896
ABplpppppa,210,448,219,6.3,34,85917
ABplpppppa,211,448,216,7.0,31,85345
ABplpppppa,212,448,218,6.3,34,79157
ABplpppppa,213,447,221,6.3,31,89480
ABplpppppa,214,450,221,6.2,30,97171
ABplpppppa,215,452,223,5.5,31,94445
ABplpppppa,216,445,224,5.5,32,94218
ABplpppppa,217,443,227,6.2,31,93799
ABplpppppa,218,443,230,6.2,30,91144
ABplpppppa,219,440,232,6.2,31,94054
ABplpppppa,220,438,230,6.2,30,99586
ABplpppppp,190,458,207,6.0,29,86668
ABplpppppp,191,470,219,6.8,30,78643
ABplpppppp,192,479,222,6.0,29,82174
ABplpppppp,193,477,225,6.1,30,78424
ABplpppppp,194,480,227,6.8,29,85367
ABplpppppp,195,482,240,6.1,30,82526
ABplpppppp,196,476,241,6.8,29,79885
ABplpppppp,197,479,241,6.2,30,78592
ABplpppppp,198,475,240,6.4,31,81121
ABplpppppp,199,475,237,6.2,32,74105
ABplpppppp,200,474,241,6.4,31,82455
ABplpppppp,201,480,243,6.4,32,82559
ABplpppppp,202,474,241,6.4,31,73535
ABplpppppp,203,476,243,6.4,32,76779
ABplpppppp,204,476,240,7.0,30,75411
ABplpppppp,205,479,241,6.4,31,78196
ABplpppppp,206,479,241,7.1,34,60942
ABplpppppp,207,474,246,7.0,31,72122
ABplpppppp,208,467,248,7.1,30,85682
ABplpppppp,209,464,248,7.3,31,84977
ABplpppppp,210,463,247,7.9,30,82690
ABplpppppp,211,463,242,8.0,31,84923
ABplpppppp,212,464,243,7.9,30,85945
ABplpppppp,213,465,240,8.0,31,80699
ABplpppppp,214,465,242,7.2,32,79395
ABplpppppp,215,469,241,6.6,31,82600
ABplpppppp,216,470,240,7.1,32,80314
ABplpppppp,217,472,238,6.4,31,86259
ABplpppppp,218,473,239,6.2,32,80679
ABplpppppp,219,473,241,6.4,31,85471
ABplpppppp,220,474,239,6.1,30,91850
ABpr,3,373,333,13.1,47,-901
ABpr,4,384,338,11.2,44,-574
ABpr,5,413,335,11.0,60,-357
ABpr,6,431,330,10.6,64,-30
ABpr,7,435,336,10.9,67,134
ABpr,8,430,334,9.7,68,-244
ABpr,9,426,326,8.0,71,-904
ABpr,10,416,319,7.7,71,-495
ABpr,11,413,309,7.7,73,-681
ABpr,12,416,303,7.7,74,-379
ABpr,13,423,315,7.6,75,-497
ABpr,14,419,334,8.2,77,-826
ABpr,15,421,349,8.4,76,-829
ABpr,16,429,349,8.7,78,-885
ABpr,17,429,349,8.7,78,-518
ABpr,18,440,323,10.2,55,3
ABpra,19,425,348,10.3,41,-317
ABpra,20,429,348,8.2,41,-883
ABpra,21,443,334,8.2,51,-663
ABpra,22,433,344,9.0,54,-85
ABpra,23,436,355,9.2,59,-508
ABpra,24,431,363,8.5,61,-315
ABpra,25,428,360,7.7,62,-588
ABpra,26,407,363,8.2,62,-532
ABpra,27,397,369,8.5,61,-783
ABpra,28,394,367,8.6,63,-150
ABpra,29,384,372,9.2,62,-822
ABpra,30,388,369,9.3,63,-1060
ABpra,31,408,366,9.1,65,-939
ABpra,32,416,355,8.1,64,-611
ABpra,33,420,353,8.2,65,-1097
ABpra,34,425,354,9.2,67,-755
ABpra,35,423,357,10.8,64,-648
ABpra,36,426,357,10.8,62,-761
ABpra,37,423,348,11.0,32,-20
ABpra,38,418,349,11.1,62,-636
ABpraa,39,397,357,9.1,34,-431
ABpraa,40,399,364,8.3,42,810
ABpraa,41,403,365,8.3,48,-695
ABpraa,42,407,364,8.2,48,-1111
ABpraa,43,403,361,7.3,50,-210
ABpraa,44,398,360,7.1,54,-486
ABpraa,45,390,357,7.1,55,-635
ABpraa,46,383,355,7.1,55,-835
ABpraa,47,385,357,7.6,57,-672
ABpraa,48,384,359,7.2,56,66
ABpraa,49,382,354,7.3,56,-149
ABpraa,50,377,355,7.2,57,-861
ABpraa,51,382,354,8.0,57,-188
ABpraa,52,383,360,7.5,59,-1025
ABpraa,53,383,357,8.6,57,-40
ABpraa,54,381,360,7.5,61,-537
ABpraa,55,379,359,8.0,58,-143
ABpraa,56,378,362,8.6,58,-1156
ABpraa,57,382,369,8.4,59,-355
ABpraa,58,379,371,8.4,58,-582
ABpraa,59,380,372,8.5,58,-295
ABpraa,60,382,370,8.9,58,-807
ABpraa,61,381,371,9.0,56,-542
ABpraa,62,389,369,9.2,56,-186
ABpraa,63,391,366,9.9,55,402
ABpraa,64,380,366,10.5,49,1458
ABpraaa,65,361,374,10.4,38,420
ABpraaa,66,351,379,11.1,47,-1039
ABpraaa,67,346,389,12.0,49,441
ABpraaa,68,346,400,12.9,49,-362
ABpraaa,69,333,404,13.9,49,114
ABpraaa,70,325,401,14.2,50,-33
ABpraaa,71,321,401,14.0,50,-228
ABpraaa,72,323,401,13.8,50,-494
ABpraaa,73,319,397,13.0,51,1108
ABpraaa,74,325,397,13.1,51,1023
ABpraaa,75,327,400,14.0,51,-98
ABpraaa,76,330,401,14.2,51,615
ABpraaa,77,327,402,14.2,50,1914
ABpraaa,78,326,400,14.8,50,682
ABpraaa,79,319,401,15.9,50,1221
ABpraaa,80,319,401,16.0,49,2199
ABpraaa,81,326,400,16.2,49,664
ABpraaa,82,328,400,16.1,49,2083
ABpraaa,83,337,401,17.1,49,3161
ABpraaa,84,334,400,16.9,49,3074
ABpraaa,85,336,398,17.8,50,3159
ABpraaa,86,344,394,17.9,50,2796
ABpraaa,87,344,395,17.9,50,3056
ABpraaa,88,344,397,17.8,50,3336
ABpraaa,89,343,397,17.9,49,3677
ABpraaa,90,339,398,16.4,51,4096
ABpraaa,91,340,401,16.3,51,5052
ABpraaa,92,339,401,16.4,51,5197
ABpraaa,93,345,399,16.8,49,6672
ABpraaa,94,352,397,16.1,49,6849
ABpraaa,95,353,395,16.1,49,7299
ABpraaa,96,349,391,16.1,48,6834
ABpraaa,97,346,386,16.1,46,6201
ABpraaa,98,352,374,16.0,44,7106
ABpraaaa,99,338,385,15.0,42,7335
ABpraaaa,100,326,394,15.1,37,9849
ABpraaaa,101,314,391,15.1,36,8457
ABpraaaa,102,307,391,15.0,40,7254
ABpraaaa,103,300,398,14.9,40,4641
ABpraaaa,104,292,399,14.1,41,9079
ABpraaaa,105,296,395,13.9,42,7437
ABpraaaa,106,295,398,13.0,42,9813
ABpraaaa,107,302,398,13.0,42,7441
ABpraaaa,108,303,395,12.9,42,9259
ABpraaaa,109,303,394,12.1,42,10005
ABpraaaa,110,298,389,11.9,42,11122
ABpraaaa,111,305,391,11.8,41,11735
ABpraaaa,112,309,391,11.1,42,11977
ABpraaaa,113,309,388,11.9,42,12301
ABpraaaa,114,316,387,11.9,42,10991
ABpraaaa,115,313,386,12.0,42,13692
ABpraaaa,116,308,384,11.8,42,12564
ABpraaaa,117,310,381,12.0,42,14179
ABpraaaa,118,310,380,12.2,42,15619
ABpraaaa,119,303,379,12.9,42,12857
ABpraaaa,120,296,381,12.9,42,17411
ABpraaaa,121,292,380,12.9,42,16423
ABpraaaa,122,285,380,13.1,42,15195
ABpraaaa,123,284,377,13.1,42,17312
ABpraaaa,124,274,378,12.9,42,17832
ABpraaaa,125,266,379,13.0,42,13975
ABpraaaa,126,262,382,13.1,42,18623
ABpraaaa,127,258,380,13.0,42,16477
ABpraaaa,128,259,381,13.1,42,15305
ABpraaaa,129,254,382,14.0,42,18582
ABpraaaa,130,247,382,14.1,42,22186
ABpraaaa,131,244,383,14.8,42,19136
ABpraaaa,132,239,385,14.9,42,19583
ABpraaaa,133,239,383,14.9,42,17886
ABpraaaa,134,236,382,14.2,43,21692
ABpraaaa,135,236,383,14.2,43,22149
ABpraaaa,136,237,385,15.0,41,23100
ABpraaaa,137,237,386,15.1,42,25020
ABpraaaa,138,235,380,15.2,41,27602
ABpraaaa,139,229,375,15.9,38,25686
ABpraaaa,140,219,374,15.1,39,26875
ABpraaaa,141,214,373,15.1,41,31626
ABpraaaa,142,213,369,15.1,41,31205
ABpraaaa,143,210,362,16.0,37,28312
ABpraaaa,144,206,362,16.0,35,32047
ABpraaaaa,145,192,352,16.0,26,32367
ABpraaaaa,146,183,348,16.9,34,23182
ABpraaaaa,147,181,349,15.9,34,24259
ABpraaaaa,148,180,348,15.8,34,24804
ABpraaaaa,149,178,348,15.9,34,23419
ABpraaaaa,150,182,355,16.1,34,23206
ABpraaaaa,151,178,357,16.1,34,22643
ABpraaaaa,152,179,360,16.1,36,24159
ABpraaaaa,153,174,364,16.3,36,24811
ABpraaaaa,154,168,361,16.4,36,23805
ABpraaaaa,155,167,361,16.5,36,25549
ABpraaaaa,156,167,359,17.0,36,26429
ABpraaaaa,157,170,360,17.0,34,23635
ABpraaaaa,158,175,364,17.1,34,21787
ABpraaaaa,159,170,363,16.3,36,24536
ABpraaaaa,160,174,363,17.0,34,29568
ABpraaaaa,161,172,362,17.0,35,25115
ABpraaaaa,162,180,366,17.0,35,27450
ABpraaaaa,163,180,369,16.9,35,24020
ABpraaaaa,164,178,369,17.0,35,26233
ABpraaaaa,165,182,369,16.5,37,24047
ABpraaaaa,166,178,366,16.9,35,25040
ABpraaaaa,167,184,369,16.2,37,29009
ABpraaaaa,168,182,370,16.5,37,30142
ABpraaaaa,169,179,371,16.3,37,27415
ABpraaaaa,170,181,371,17.1,37,30470
ABpraaaaa,171,179,367,16.2,37,30487
ABpraaaaa,172,183,369,16.3,37,29789
ABpraaaaa,173,185,370,16.4,37,26450
ABpraaaaa,174,185,369,16.3,37,29128
ABpraaaaa,175,186,372,16.1,37,30266
ABpraaaaa,176,186,372,16.1,37,27010
ABpraaaaa,177,192,374,16.0,35,27101
ABpraaaaa,178,185,371,16.0,37,26710
ABpraaaaa,179,187,373,16.1,37,30487
ABpraaaaa,180,188,374,16.1,37,35494
ABpraaaaa,181,193,377,16.0,37,29597
ABpraaaaa,182,189,374,15.9,34,32140
ABpraaaaa,183,186,370,15.9,34,34160
ABpraaaaa,184,188,377,16.1,37,32431
ABpraaaaa,185,184,376,16.1,34,36403
ABpraaaaa,186,185,375,15.4,35,36508
ABpraaaaa,187,185,369,15.3,34,35972
ABpraaaaa,188,191,371,15.2,31,38435
ABpraaaaa,189,194,374,15.3,34,36263
ABpraaaaa,190,193,375,15.4,31,40906
ABpraaaaa,191,187,371,15.3,34,34101
ABpraaaaa,192,184,369,15.4,31,44534
ABpraaaaa,193,185,373,16.2,34,37733
ABpraaaaa,194,188,375,16.4,31,37671
ABpraaaaa,195,186,374,15.4,34,36017
ABpraaaaa,196,180,369,16.0,31,40075
ABpraaaaa,197,180,369,15.3,34,38884
ABpraaaaa,198,180,366,15.4,31,43233
ABpraaaaa,199,179,367,15.3,34,40672
ABpraaaaa,200,175,358,16.1,31,45648
ABpraaaaa,201,175,354,16.1,34,49051
ABpraaaaa,202,176,353,16.2,31,42887
ABpraaaaa,203,179,353,16.1,34,32738
ABpraaaaa,204,184,352,17.0,30,43662
ABpraaaaa,205,182,354,16.2,31,43711
ABpraaaaaa,206,165,347,16.1,30,34926
ABpraaaaaa,207,165,348,15.9,29,46175
ABpraaaaaa,208,164,349,16.0,30,42808
ABpraaaaaa,209,167,350,15.9,29,31973
ABpraaaaaa,210,166,355,15.1,30,42198
ABpraaaaaa,211,164,354,15.2,31,43248
ABpraaaaaa,212,162,353,15.1,30,38924
ABpraaaaaa,213,170,354,15.3,31,32437
ABpraaaaaa,214,172,360,15.2,30,29459
ABpraaaaaa,215,169,361,15.4,31,33664
ABpraaaaaa,216,170,363,16.0,30,30674
ABpraaaaaa,217,172,365,15.2,31,35143
ABpraaaaaa,218,172,364,15.1,30,32618
ABpraaaaaa,219,167,365,15.2,31,30360
ABpraaaaaa,220,170,361,15.1,30,32970
ABpraaaaap,206,197,361,17.0,30,35723
ABpraaaaap,207,198,367,18.1,31,32419
ABpraaaaap,208,198,367,17.1,32,30255
ABpraaaaap,209,198,370,17.1,31,29162
ABpraaaaap,210,199,371,16.1,34,35216
ABpraaaaap,211,199,371,16.2,26,30754
ABpraaaaap,212,195,375,17.9,30,27361
ABpraaaaap,213,197,378,17.2,31,18033
ABpraaaaap,214,201,377,17.1,34,30607
ABpraaaaap,215,202,375,16.3,31,33892
ABpraaaaap,216,201,378,17.2,34,22415
ABpraaaaap,217,207,378,16.2,31,30735
ABpraaaaap,218,209,377,17.1,34,45887
ABpraaaaap,219,199,378,16.3,31,27805
ABpraaaaap,220,198,379,16.3,32,24072
ABpraaaap,145,215,365,17.0,35,17828
ABpraaaap,146,220,364,17.9,34,24312
ABpraaaap,147,215,367,18.0,34,21873
ABpraaaap,148,214,371,17.0,34,20556
ABpraaaap,149,210,371,17.9,34,24266
ABpraaaap,150,220,372,18.9,34,21705
ABpraaaap,151,217,376,19.0,36,25032
ABpraaaap,152,213,380,18.4,36,25174
ABpraaaap,153,210,377,18.3,36,24507
ABpraaaap,154,205,375,18.9,34,22256
ABpraaaap,155,208,377,18.1,36,21768
ABpraaaap,156,209,380,18.1,36,26881
ABpraaaap,157,210,378,17.3,36,30301
ABpraaaap,158,215,382,17.3,36,27910
ABpraaaap,159,215,382,17.3,36,28149
ABpraaaap,160,216,383,17.1,36,28593
ABpraaaap,161,211,381,17.3,37,25199
ABpraaaap,162,212,384,17.1,26,26989
ABpraaaap,163,219,385,17.1,37,29577
ABpraaaap,164,217,385,17.2,37,28451
ABpraaaap,165,219,385,17.2,37,29514
ABpraaaap,166,213,383,17.3,39,26635
ABpraaaap,167,214,382,18.1,39,26507
ABpraaaap,168,211,381,18.1,39,26975
ABpraaaap,169,212,384,17.2,37,26610
ABpraaaap,170,215,385,16.5,37,29787
ABpraaaap,171,216,385,16.2,37,29802
ABpraaaap,172,219,382,15.4,37,28231
ABpraaaap,173,218,382,15.4,37,33828
ABpraaaap,174,222,384,16.1,39,33287
ABpraaaap,175,224,386,15.2,39,35264
ABpraaaap,176,223,386,15.1,39,32480
ABpraaaap,177,227,384,15.0,37,34204
ABpraaaap,178,223,384,15.1,39,34006
ABpraaaap,179,223,384,15.1,39,33048
ABpraaaap,180,223,384,15.1,39,37401
ABpraaaap,181,223,384,15.1,39,35405
ABpraaaap,182,223,384,15.1,39,36831
ABpraaaap,183,224,383,15.1,38,37592
ABpraaaap,184,220,379,15.0,37,33430
ABpraaaap,185,219,382,15.0,36,36922
ABpraaaap,186,219,382,15.0,35,32493
ABpraaaap,187,220,381,15.0,34,37579
ABpraaaap,188,222,381,14.3,31,37196
ABpraaaap,189,225,381,14.3,34,33821
ABpraaaap,190,220,376,15.1,31,36948
ABpraaaap,191,217,375,15.0,34,36144
ABpraaaap,192,216,372,14.5,31,34109
ABpraaaap,193,214,377,15.1,34,30932
ABpraaaap,194,216,377,15.2,31,30903
ABpraaaap,195,220,376,14.3,34,37975
ABpraaaap,196,220,370,14.4,31,35325
ABpraaaap,197,223,367,15.0,30,41631
ABpraaaap,198,224,365,14.2,31,35565
ABpraaaap,199,222,362,14.1,30,42362
ABpraaaapa,200,200,358,14.0,29,30750
ABpraaaapa,201,194,353,13.9,30,25200
ABpraaaapa,202,197,355,13.9,29,28631
ABpraaaapa,203,196,361,13.5,32,31941
ABpraaaapa,204,199,362,13.8,30,24261
ABpraaaapa,205,200,363,13.3,31,35730
ABpraaaapa,206,199,367,14.1,32,29507
ABpraaaapa,207,200,369,14.6,33,29720
ABpraaaapa,208,202,371,15.1,34,26273
ABpraaaapa,209,204,373,15.0,31,28720
ABpraaaapa,210,204,373,15.0,31,32308
ABpraaaapa,211,206,370,14.2,31,30972
ABpraaaapa,212,207,372,14.3,34,25745
ABpraaaapa,213,212,374,14.2,31,28686
ABpraaaapa,214,214,376,14.2,34,28431
ABpraaaapa,215,215,375,14.2,31,32908
ABpraaaapa,216,217,380,14.2,32,25572
ABpraaaapa,217,218,378,14.2,31,33888
ABpraaaapa,218,216,376,14.1,26,43460
ABpraaaapa,219,216,377,13.5,31,33901
ABpraaaapa,220,217,381,14.0,34,25757
ABpraaaapp,200,235,370,15.6,31,22709
ABpraaaapp,201,231,374,15.3,34,25818
ABpraaaapp,202,231,374,16.1,26,33248
ABpraaaapp,203,234,373,16.1,26,33345
ABpraaaapp,204,234,375,16.2,27,26525
ABpraaaapp,205,235,378,16.3,28,29398
ABpraaaapp,206,235,381,16.3,29,31312
ABpraaaapp,207,236,384,16.4,31,22525
ABpraaaapp,208,229,386,16.3,34,22235
ABpraaaapp,209,230,386,16.1,26,23685
ABpraaaapp,210,230,386,15.4,32,27605
ABpraaaapp,211,228,387,16.2,26,22036
ABpraaaapp,212,230,389,16.1,26,27474
ABpraaaapp,213,232,393,16.2,26,19076
ABpraaaapp,214,233,390,16.2,34,26300
ABpraaaapp,215,237,392,16.2,26,24265
ABpraaaapp,216,238,392,16.2,26,26312
ABpraaaapp,217,238,394,16.0,31,26859
ABpraaaapp,218,242,393,15.3,26,28697
ABpraaaapp,219,241,395,15.2,26,30716
ABpraaaapp,220,244,395,15.2,26,34865
ABpraaap,99,354,372,17.0,30,8735
ABpraaap,100,356,371,18.9,41,3615
ABpraaap,101,350,372,18.9,40,4370
ABpraaap,102,346,377,18.9,40,2105
ABpraaap,103,339,377,18.0,40,3862
ABpraaap,104,341,380,18.1,41,4702
ABpraaap,105,339,384,18.1,42,6139
ABpraaap,106,337,387,18.0,42,7478
ABpraaap,107,345,389,18.9,42,5911
ABpraaap,108,350,390,18.0,42,8502
ABpraaap,109,350,393,17.9,42,7271
ABpraaap,110,345,396,17.1,42,7212
ABpraaap,111,348,397,17.0,43,9718
ABpraaap,112,354,399,17.0,42,11428
ABpraaap,113,354,399,17.0,42,8578
ABpraaap,114,352,399,17.1,44,12478
ABpraaap,115,343,401,17.0,42,11533
ABpraaap,116,338,403,17.0,42,12154
ABpraaap,117,329,402,16.9,42,12929
ABpraaap,118,322,403,16.9,42,12304
ABpraaap,119,321,403,16.9,42,15344
ABpraaap,120,310,403,16.3,44,17372
ABpraaap,121,304,402,16.2,44,15666
ABpraaap,122,300,401,16.2,44,14241
ABpraaap,123,303,401,16.3,46,15051
ABpraaap,124,301,402,16.3,44,15684
ABpraaap,125,298,398,17.0,44,16277
ABpraaap,126,300,396,17.0,44,16039
ABpraaap,127,296,394,16.4,46,15213
ABpraaap,128,292,391,17.2,46,16011
ABpraaap,129,293,392,17.3,46,18101
ABpraaap,130,286,391,17.2,46,17846
ABpraaap,131,285,388,17.3,46,15048
ABpraaap,132,284,389,17.3,46,13246
ABpraaap,133,282,388,17.3,46,17797
ABpraaap,134,284,383,18.0,43,22664
ABpraaap,135,280,374,18.1,45,17551
ABpraaap,136,282,375,18.3,43,20133
ABpraaap,137,277,374,19.1,44,21202
ABpraaap,138,269,367,19.1,41,20631
ABpraaap,139,261,370,20.1,36,19850
ABpraaap,140,256,371,20.0,37,28950
ABpraaapa,141,234,369,19.0,37,13389
ABpraaapa,142,226,369,19.1,26,20203
ABpraaapa,143,216,362,19.1,26,25377
ABpraaapa,144,216,366,22.0,35,18109
ABpraaapa,145,215,360,21.1,37,13789
ABpraaapa,146,211,357,21.2,36,14888
ABpraaapa,147,208,358,21.2,36,20793
ABpraaapa,148,207,362,21.2,36,17541
ABpraaapa,149,206,357,21.2,36,17825
ABpraaapa,150,217,362,22.1,36,21278
ABpraaapa,151,216,362,21.3,38,17441
ABpraaapa,152,212,363,21.2,36,19416
ABpraaapa,153,212,362,21.0,36,18695
ABpraaapa,154,211,355,21.0,34,23169
ABpraaapa,155,213,360,20.3,36,22814
ABpraaapa,156,214,364,20.0,36,26975
ABpraaapa,157,213,364,19.2,36,27266
ABpraaapa,158,219,362,19.2,36,26471
ABpraaapa,159,218,367,19.1,36,30485
ABpraaapa,160,219,364,19.1,36,32075
ABpraaapa,161,220,361,19.1,26,39151
ABpraaapa,162,224,364,19.1,37,27306
ABpraaapa,163,226,368,19.0,39,23619
ABpraaapa,164,228,365,18.3,26,31950
ABpraaapa,165,227,368,19.1,26,30433
ABpraaapa,166,222,369,20.0,26,35751
ABpraaapa,167,227,363,19.1,26,29983
ABpraaapa,168,227,358,18.3,26,34791
ABpraaapa,169,229,361,18.1,26,33510
ABpraaapa,170,229,361,18.2,39,31262
ABpraaapa,171,226,364,18.2,39,32618
ABpraaapa,172,228,364,18.0,39,31497
ABpraaapa,173,223,365,17.3,39,36381
ABpraaapa,174,223,365,17.3,39,39380
ABpraaapa,175,229,370,17.2,39,41425
ABpraaapa,176,229,364,17.2,39,46055
ABpraaapa,177,230,367,17.2,39,46653
ABpraaapa,178,226,366,17.2,37,43637
ABpraaapa,179,225,370,17.1,37,46904
ABpraaapa,180,225,372,17.2,37,46644
ABpraaapa,181,229,377,17.1,39,45265
ABpraaapa,182,226,377,17.0,36,45563
ABpraaapa,183,224,371,17.1,38,50308
ABpraaapa,184,220,368,17.2,37,49683
ABpraaapa,185,217,365,18.0,36,56013
ABpraaapa,186,216,364,17.3,35,52109
ABpraaapa,187,218,366,17.1,34,50632
ABpraaapa,188,221,364,17.2,31,56673
ABpraaapa,189,222,363,17.1,34,59756
ABpraaapa,190,219,361,17.3,31,57514
ABpraaapa,191,215,361,18.0,34,65050
ABpraaapa,192,212,351,18.0,31,56879
ABpraaapa,193,216,350,18.1,34,60167
ABpraaapa,194,215,350,17.3,31,65615
ABpraaapa,195,211,352,17.1,34,58984
ABpraaapa,196,212,349,17.1,31,69639
ABpraaapa,197,214,346,17.1,30,70502
ABpraaapa,198,212,344,17.1,31,75764
ABpraaapa,199,215,339,18.0,30,79107
ABpraaapaa,200,193,325,17.1,29,69408
ABpraaapaa,201,190,317,17.0,30,59477
ABpraaapaa,202,193,314,17.2,31,60633
ABpraaapaa,203,194,319,17.8,30,57725
ABpraaapaa,204,196,319,17.3,32,66761
ABpraaapaa,205,194,318,17.4,31,79342
ABpraaapaa,206,194,320,17.3,32,74624
ABpraaapaa,207,195,323,18.0,31,65341
ABpraaapaa,208,196,327,17.4,32,75087
ABpraaapaa,209,196,332,17.3,31,72819
ABpraaapaa,210,193,332,17.4,32,73263
ABpraaapaa,211,193,332,17.3,31,75456
ABpraaapaa,212,194,335,17.4,34,68001
ABpraaapaa,213,198,337,17.4,31,68440
ABpraaapaa,214,202,338,17.1,32,78092
ABpraaapaa,215,200,341,17.2,31,78419
ABpraaapaa,216,200,340,17.1,32,91198
ABpraaapaa,217,201,341,17.0,31,82778
ABpraaapaa,218,199,340,17.0,32,85726
ABpraaapaa,219,196,344,16.4,31,82552
ABpraaapaa,220,197,345,16.4,34,81023
ABpraaapap,200,224,343,17.3,26,60094
ABpraaapap,201,220,349,17.2,26,62827
ABpraaapap,202,217,351,18.1,31,62281
ABpraaapap,203,220,352,18.2,32,53028
ABpraaapap,204,223,353,18.1,26,61478
ABpraaapap,205,217,360,18.1,26,63841
ABpraaapap,206,221,357,18.2,26,61024
ABpraaapap,207,222,359,18.4,31,55809
ABpraaapap,208,223,358,18.2,34,52848
ABpraaapap,209,220,362,18.2,31,55147
ABpraaapap,210,215,362,18.0,26,59664
ABpraaapap,211,215,359,18.0,31,53978
ABpraaapap,212,218,362,17.3,34,51741
ABpraaapap,213,221,362,18.0,31,54796
ABpraaapap,214,221,363,18.1,34,53150
ABpraaapap,215,222,366,18.1,31,56430
ABpraaapap,216,224,366,18.0,34,52269
ABpraaapap,217,222,371,17.3,26,59781
ABpraaapap,218,222,371,17.3,26,49087
ABpraaapap,219,219,375,18.1,31,64837
ABpraaapap,220,222,371,18.1,34,58755
ABpraaapp,141,269,364,20.0,35,15266
ABpraaapp,142,268,365,19.2,35,18503
ABpraaapp,143,258,364,20.0,35,19292
ABpraaapp,144,257,362,20.0,35,17169
ABpraaapp,145,259,363,20.2,37,14791
ABpraaapp,146,262,363,21.0,36,13766
ABpraaapp,147,263,363,20.3,38,14907
ABpraaapp,148,256,364,20.2,38,14550
ABpraaapp,149,256,362,19.3,38,14493
ABpraaapp,150,260,360,19.3,38,16507
ABpraaapp,151,257,364,19.3,38,15503
ABpraaapp,152,256,363,19.3,38,18063
ABpraaapp,153,260,371,19.5,36,23141
ABpraaapp,154,254,369,19.2,38,21212
ABpraaapp,155,258,371,19.2,38,23994
ABpraaapp,156,263,366,19.2,38,22081
ABpraaapp,157,262,368,19.2,38,25393
ABpraaapp,158,269,361,19.1,38,25646
ABpraaapp,159,271,362,19.2,38,29561
ABpraaapp,160,269,367,19.2,38,28790
ABpraaapp,161,270,370,20.0,39,32010
ABpraaapp,162,273,366,19.3,39,32405
ABpraaapp,163,280,367,19.2,39,28837
ABpraaapp,164,277,373,19.1,39,32267
ABpraaapp,165,277,375,19.0,39,35828
ABpraaapp,166,273,378,19.0,39,34039
ABpraaapp,167,273,382,18.3,39,30265
ABpraaapp,168,271,381,19.1,39,33644
ABpraaapp,169,272,383,18.3,39,38374
ABpraaapp,170,273,383,18.2,39,34370
ABpraaapp,171,272,386,18.1,39,37142
ABpraaapp,172,275,380,18.0,39,34637
ABpraaapp,173,275,380,18.1,39,34851
ABpraaapp,174,275,383,17.2,39,32485
ABpraaapp,175,276,384,17.3,39,36190
ABpraaapp,176,276,384,17.1,39,36238
ABpraaapp,177,275,385,17.2,39,42683
ABpraaapp,178,277,382,17.1,39,44099
ABpraaapp,179,275,385,16.2,39,39213
ABpraaapp,180,275,387,17.0,39,46885
ABpraaapp,181,281,385,17.0,39,45938
ABpraaapp,182,274,387,17.1,38,47365
ABpraaapp,183,267,386,16.2,38,51013
ABpraaapp,184,260,378,16.2,37,49326
ABpraaapp,185,256,373,16.1,36,54988
ABpraaapp,186,254,377,16.1,33,60621
ABpraaapp,187,263,380,16.9,30,58622
ABpraaapp,188,264,379,17.0,29,69662
ABpraaapp,189,262,380,17.0,30,61765
ABpraaapp,190,257,379,17.0,31,64421
ABpraaapp,191,259,381,16.3,32,71118
ABpraaappa,192,236,368,17.0,31,44840
ABpraaappa,193,240,368,17.0,30,50966
ABpraaappa,194,245,363,16.9,29,46161
ABpraaappa,195,243,365,16.9,30,49109
ABpraaappa,196,243,360,17.0,31,48472
ABpraaappa,197,239,362,16.2,34,37055
ABpraaappa,198,240,360,17.1,31,51162
ABpraaappa,199,243,357,17.1,32,53900
ABpraaappa,200,246,356,17.4,31,49788
ABpraaappa,201,242,362,18.0,34,52685
ABpraaappa,202,243,361,18.1,31,60301
ABpraaappa,203,242,367,18.2,34,55712
ABpraaappa,204,246,368,18.1,34,49156
ABpraaappa,205,242,367,18.1,31,50187
ABpraaappa,206,244,367,18.1,34,58989
ABpraaappa,207,247,365,18.3,31,55031
ABpraaappa,208,248,372,18.3,34,58144
ABpraaappa,209,243,372,18.0,31,64495
ABpraaappa,210,243,375,17.3,34,58014
ABpraaappa,211,240,373,17.4,31,66301
ABpraaappa,212,242,373,17.3,34,58428
ABpraaappa,213,249,373,17.1,31,69167
ABpraaappa,214,253,375,17.2,34,66812
ABpraaappa,215,252,376,17.2,31,75942
ABpraaappa,216,251,378,17.2,34,70247
ABpraaappa,217,252,379,17.2,31,74249
ABpraaappa,218,251,380,17.1,34,65195
ABpraaappa,219,248,375,17.2,31,72677
ABpraaappa,220,250,376,17.0,32,85655
ABpraaappp,192,274,387,17.1,31,46980
ABpraaappp,193,280,389,17.9,30,55153
ABpraaappp,194,278,391,17.2,31,51314
ABpraaappp,195,279,391,16.2,34,29752
ABpraaappp,196,274,391,17.2,31,40369
ABpraaappp,197,278,390,16.3,34,28514
ABpraaappp,198,280,385,17.0,31,41364
ABpraaappp,199,275,387,17.0,34,39789
ABpraaappp,200,277,383,17.1,31,41844
ABpraaappp,201,272,386,16.4,34,39895
ABpraaappp,202,275,383,17.3,31,38326
ABpraaappp,203,276,382,17.2,34,43213
ABpraaappp,204,277,381,17.3,34,41510
ABpraaappp,205,277,379,17.3,31,49616
ABpraaappp,206,280,381,17.1,34,44294
ABpraaappp,207,283,380,17.1,31,47117
ABpraaappp,208,289,383,17.1,34,44023
ABpraaappp,209,283,382,17.1,31,54198
ABpraaappp,210,285,383,16.2,34,44455
ABpraaappp,211,285,381,16.2,31,51024
ABpraaappp,212,284,382,16.2,34,53146
ABpraaappp,213,287,383,16.0,31,55231
ABpraaappp,214,288,383,16.1,34,60482
ABpraaappp,215,288,387,16.1,31,65413
ABpraaappp,216,289,385,16.2,34,45772
ABpraaappp,217,290,384,17.0,31,52117
ABpraaappp,218,288,384,17.1,34,44514
ABpraaappp,219,285,381,17.2,31,62277
ABpraaappp,220,285,378,17.2,34,58793
ABpraap,65,393,341,9.3,36,606
ABpraap,66,391,338,9.1,41,-1068
ABpraap,67,381,341,9.3,49,-227
ABpraap,68,385,346,10.0,49,1742
ABpraap,69,390,355,9.8,49,-284
ABpraap,70,394,353,9.0,48,833
ABpraap,71,398,358,8.7,50,1334
ABpraap,72,392,358,7.9,50,487
ABpraap,73,385,357,7.7,51,559
ABpraap,74,389,363,7.8,51,667
ABpraap,75,394,363,8.0,51,1689
ABpraap,76,391,364,8.3,51,1077
ABpraap,77,392,365,8.3,50,1496
ABpraap,78,385,366,8.8,50,387
ABpraap,79,384,375,9.3,50,1556
ABpraap,80,389,375,10.9,49,1837
ABpraap,81,388,373,10.9,49,2056
ABpraap,82,387,380,11.0,49,2363
ABpraap,83,387,380,11.1,49,3176
ABpraap,84,388,382,11.4,51,2568
ABpraap,85,392,380,12.0,50,3255
ABpraap,86,394,381,12.3,50,3818
ABpraap,87,400,385,12.0,50,3462
ABpraap,88,406,383,12.2,50,4497
ABpraap,89,408,383,12.2,51,3410
ABpraap,90,411,384,12.0,53,4496
ABpraap,91,413,384,12.1,53,5715
ABpraap,92,413,383,12.2,53,4584
ABpraap,93,417,382,12.4,53,5375
ABpraap,94,418,380,12.3,53,7129
ABpraap,95,425,375,12.4,51,7436
ABpraap,96,421,377,12.3,50,9034
ABpraap,97,422,378,13.0,46,9720
ABpraap,98,418,372,14.0,44,10668
ABpraap,99,410,376,13.0,42,11275
ABpraapa,100,384,386,12.2,35,12871
ABpraapa,101,371,390,12.3,38,12767
ABpraapa,102,366,392,12.9,40,11701
ABpraapa,103,354,389,12.9,40,7874
ABpraapa,104,349,393,12.8,41,10884
ABpraapa,105,349,394,12.9,42,11369
ABpraapa,106,349,391,12.2,42,11937
ABpraapa,107,357,391,12.8,42,13035
ABpraapa,108,358,393,12.9,42,15421
ABpraapa,109,365,393,12.9,42,13589
ABpraapa,110,364,389,12.8,42,13870
ABpraapa,111,367,388,12.3,43,15953
ABpraapa,112,370,393,13.0,42,19018
ABpraapa,113,371,394,13.1,42,17863
ABpraapa,114,375,395,13.3,44,20279
ABpraapa,115,376,393,14.1,44,20893
ABpraapa,116,379,392,15.0,42,21562
ABpraapa,117,374,390,15.9,42,21079
ABpraapa,118,374,392,16.0,42,21760
ABpraapa,119,373,393,16.0,42,24517
ABpraapa,120,367,394,16.1,42,28270
ABpraapa,121,363,391,16.1,42,26637
ABpraapa,122,356,389,16.2,44,26642
ABpraapa,123,356,388,17.0,42,28972
ABpraapa,124,356,390,17.0,44,34696
ABpraapa,125,354,389,18.1,42,32267
ABpraapa,126,351,385,18.1,42,33412
ABpraapa,127,348,388,18.9,42,32458
ABpraapa,128,348,386,19.0,42,36820
ABpraapa,129,349,387,19.9,42,35811
ABpraapa,130,342,391,20.9,42,35274
ABpraapa,131,346,387,21.0,42,41652
ABpraapa,132,348,389,20.9,42,43991
ABpraapa,133,347,393,20.1,44,45250
ABpraapa,134,340,391,20.2,45,40927
ABpraapa,135,341,384,20.2,43,43788
ABpraapa,136,344,380,20.3,43,40256
ABpraapa,137,340,378,21.1,44,45636
ABpraapa,138,336,377,21.2,43,45954
ABpraapa,139,334,382,21.1,42,48980
ABpraapa,140,323,375,21.0,37,46483
ABpraapa,141,330,373,21.0,37,51826
ABpraapa,142,330,374,20.1,41,56674
ABpraapaa,143,303,375,20.0,35,47854
ABpraapaa,144,299,377,19.9,35,54489
ABpraapaa,145,298,378,20.0,35,50224
ABpraapaa,146,298,378,20.9,34,56400
ABpraapaa,147,298,382,21.1,34,58891
ABpraapaa,148,293,383,21.2,36,51847
ABpraapaa,149,289,384,21.1,36,53663
ABpraapaa,150,286,380,22.1,34,55303
ABpraapaa,151,282,377,23.0,36,54948
ABpraapaa,152,277,377,23.1,36,50015
ABpraapaa,153,274,373,23.1,36,54407
ABpraapaa,154,265,370,23.2,38,52695
ABpraapaa,155,265,369,23.1,38,48860
ABpraapaa,156,268,369,23.1,38,51904
ABpraapaa,157,268,369,23.1,38,56835
ABpraapaa,158,265,366,22.1,38,40654
ABpraapaa,159,266,367,23.2,38,54689
ABpraapaa,160,263,372,23.0,38,63830
ABpraapaa,161,263,369,23.0,39,62106
ABpraapaa,162,262,369,23.1,39,71424
ABpraapaa,163,265,371,23.1,39,73635
ABpraapaa,164,263,371,22.1,39,74583
ABpraapaa,165,264,374,22.1,39,74245
ABpraapaa,166,263,374,22.0,39,68881
ABpraapaa,167,264,374,22.1,39,70717
ABpraapaa,168,260,376,23.0,39,82783
ABpraapaa,169,265,376,21.0,39,54666
ABpraapaa,170,259,373,22.1,39,78642
ABpraapaa,171,248,372,22.2,39,77311
ABpraapaa,172,245,377,22.2,39,84581
ABpraapaa,173,244,377,22.1,39,81776
ABpraapaa,174,246,379,21.3,39,78601
ABpraapaa,175,252,381,22.1,39,85415
ABpraapaa,176,252,380,22.1,39,85209
ABpraapaa,177,252,380,22.0,39,85959
ABpraapaa,178,252,383,21.2,39,87186
ABpraapaa,179,248,381,21.2,39,83265
ABpraapaa,180,246,379,21.3,39,83954
ABpraapaa,181,242,380,22.0,39,83909
ABpraapaa,182,246,384,21.3,38,95725
ABpraapaa,183,246,383,21.3,38,90116
ABpraapaa,184,239,379,21.3,37,77313
ABpraapaa,185,238,376,22.0,36,85625
ABpraapaa,186,237,378,21.3,35,84980
ABpraapaa,187,234,382,21.1,34,96757
ABpraapaa,188,229,376,21.1,31,103576
ABpraapaa,189,223,373,21.1,34,95753
ABpraapaa,190,224,375,21.2,31,95968
ABpraapaa,191,222,371,21.2,34,89976
ABpraapaa,192,218,371,22.0,31,95959
ABpraapaa,193,221,368,21.2,34,96506
ABpraapaa,194,223,368,21.1,31,96517
ABpraapaa,195,227,371,21.0,34,111629
ABpraapaa,196,215,366,22.0,31,92257
ABpraapaa,197,213,367,21.2,34,103399
ABpraapaa,198,213,368,21.3,31,108399
ABpraapaa,199,213,364,22.0,34,101416
ABpraapaa,200,212,360,21.3,31,108538
ABpraapaa,201,210,350,21.1,34,107857
ABpraapaa,202,209,350,21.1,31,112652
ABpraapaa,203,209,348,22.0,30,109441
ABpraapaaa,204,194,349,22.0,30,102871
ABpraapaaa,205,186,343,22.0,29,104368
ABpraapaaa,206,195,345,21.9,30,100358
ABpraapaaa,207,193,343,22.1,31,98003
ABpraapaaa,208,195,343,21.1,30,98870
ABpraapaaa,209,188,349,21.1,31,103512
ABpraapaaa,210,184,351,21.1,30,103269
ABpraapaaa,211,187,345,21.1,31,102174
ABpraapaaa,212,190,346,21.1,34,96608
ABpraapaaa,213,194,350,22.0,31,106685
ABpraapaaa,214,193,350,22.1,34,107258
ABpraapaaa,215,196,356,22.2,31,106717
ABpraapaaa,216,193,352,22.0,34,107970
ABpraapaaa,217,192,357,22.0,31,107115
ABpraapaaa,218,194,351,22.1,34,107761
ABpraapaaa,219,194,354,22.2,31,119485
ABpraapaaa,220,196,354,22.3,34,104058
ABpraapaap,204,227,358,22.0,30,90021
ABpraapaap,205,231,358,22.0,29,92654
ABpraapaap,206,233,360,22.0,29,70051
ABpraapaap,207,235,363,22.1,30,66397
ABpraapaap,208,237,366,22.1,30,58332
ABpraapaap,209,240,369,22.1,31,91044
ABpraapaap,210,239,373,22.0,30,102203
ABpraapaap,211,237,376,22.0,31,88646
ABpraapaap,212,237,374,22.0,26,88012
ABpraapaap,213,242,373,22.0,31,93620
ABpraapaap,214,241,371,22.1,34,95109
ABpraapaap,215,245,378,22.1,31,90840
ABpraapaap,216,239,377,22.1,26,89359
ABpraapaap,217,238,375,22.1,31,90379
ABpraapaap,218,238,375,22.1,31,83975
ABpraapaap,219,236,370,23.0,31,85269
ABpraapaap,220,237,373,22.2,34,90675
ABpraapap,143,348,370,19.4,33,49844
ABpraapap,144,347,364,19.9,35,44829
ABpraapap,145,349,362,20.0,35,46378
ABpraapap,146,349,371,20.1,34,46204
ABpraapap,147,352,373,20.9,34,50421
ABpraapap,148,352,375,20.3,36,49775
ABpraapap,149,344,382,20.3,36,52946
ABpraapap,150,338,380,20.4,36,55421
ABpraapap,151,331,379,20.2,36,55319
ABpraapap,152,330,381,20.1,36,59291
ABpraapap,153,328,383,20.1,38,58345
ABpraapap,154,326,382,20.1,38,62902
ABpraapap,155,325,381,20.2,38,59014
ABpraapap,156,323,385,20.2,38,56211
ABpraapap,157,319,385,20.1,36,64578
ABpraapap,158,318,385,20.3,38,67210
ABpraapap,159,317,387,21.0,36,70074
ABpraapap,160,318,387,20.2,36,70755
ABpraapap,161,324,384,20.2,39,57688
ABpraapap,162,319,384,21.2,39,72172
ABpraapap,163,319,385,21.2,37,72482
ABpraapap,164,316,390,21.0,39,75635
ABpraapap,165,316,391,21.2,39,84098
ABpraapap,166,314,390,21.1,39,78776
ABpraapap,167,319,389,21.2,39,83403
ABpraapap,168,316,391,21.1,39,83730
ABpraapap,169,310,389,21.2,39,94505
ABpraapap,170,313,387,21.1,39,87264
ABpraapap,171,308,385,21.1,39,89478
ABpraapap,172,305,385,21.2,39,89192
ABpraapap,173,304,387,21.2,39,89615
ABpraapap,174,308,391,21.1,39,95138
ABpraapap,175,311,389,21.0,39,87337
ABpraapap,176,307,386,21.0,39,84496
ABpraapap,177,307,387,20.2,39,96703
ABpraapap,178,308,387,20.1,39,97734
ABpraapap,179,304,388,20.1,39,97342
ABpraapap,180,303,391,20.2,39,97974
ABpraapap,181,306,390,20.2,39,100498
ABpraapap,182,304,392,20.2,38,99367
ABpraapap,183,304,392,20.1,38,100770
ABpraapap,184,297,390,20.1,37,102519
ABpraapap,185,298,390,20.1,36,98950
ABpraapap,186,297,393,19.2,35,111077
ABpraapap,187,300,397,19.0,34,105898
ABpraapap,188,297,394,20.0,31,109798
ABpraapap,189,293,393,20.1,34,93822
ABpraapap,190,290,394,20.2,31,88868
ABpraapap,191,281,395,20.2,34,83465
ABpraapap,192,270,390,21.0,31,95976
ABpraapap,193,271,383,21.1,34,100417
ABpraapap,194,280,380,21.0,29,95251
ABpraapap,195,277,379,21.0,30,106011
ABpraapapa,196,258,379,20.1,29,94353
ABpraapapa,197,245,377,20.0,30,88796
ABpraapapa,198,249,375,20.0,29,86895
ABpraapapa,199,248,377,20.0,30,95361
ABpraapapa,200,248,373,20.9,29,90682
ABpraapapa,201,244,374,21.1,30,96812
ABpraapapa,202,243,373,21.1,31,94454
ABpraapapa,203,243,373,21.1,31,89441
ABpraapapa,204,247,377,21.1,30,84552
ABpraapapa,205,245,382,21.1,31,82642
ABpraapapa,206,247,382,21.0,32,83413
ABpraapapa,207,252,387,21.1,31,85949
ABpraapapa,208,251,384,20.1,34,72479
ABpraapapa,209,250,389,20.3,31,81988
ABpraapapa,210,244,389,20.1,34,95600
ABpraapapa,211,244,391,20.1,26,90900
ABpraapapa,212,245,392,20.0,34,86950
ABpraapapa,213,249,392,20.1,31,93411
ABpraapapa,214,253,387,20.0,34,92326
ABpraapapa,215,253,389,20.2,31,97475
ABpraapapa,216,250,390,20.2,34,92137
ABpraapapa,217,248,388,20.2,31,96421
ABpraapapa,218,246,387,21.0,34,91609
ABpraapapa,219,247,384,20.2,31,80495
ABpraapapa,220,249,381,20.2,34,96631
ABpraapapp,196,296,377,21.0,29,83215
ABpraapapp,197,291,377,21.2,30,82493
ABpraapapp,198,295,374,21.2,31,84904
ABpraapapp,199,290,379,21.1,34,79975
ABpraapapp,200,290,378,21.2,31,70888
ABpraapapp,201,285,376,21.2,34,66271
ABpraapapp,202,282,378,22.0,31,63425
ABpraapapp,203,280,374,22.1,34,70412
ABpraapapp,204,281,381,22.1,26,77100
ABpraapapp,205,282,379,21.1,31,81482
ABpraapapp,206,284,376,20.1,34,75021
ABpraapapp,207,287,381,21.0,31,68789
ABpraapapp,208,289,381,21.0,34,68269
ABpraapapp,209,285,381,20.2,31,68932
ABpraapapp,210,283,385,20.1,34,76096
ABpraapapp,211,280,379,20.1,31,82305
ABpraapapp,212,280,381,20.1,34,81400
ABpraapapp,213,284,380,19.1,31,67268
ABpraapapp,214,285,380,20.0,34,80175
ABpraapapp,215,285,381,20.1,31,90634
ABpraapapp,216,284,381,20.1,32,76867
ABpraapapp,217,283,380,21.0,31,86040
ABpraapapp,218,279,376,21.0,34,96936
ABpraapapp,219,281,374,20.2,31,77777
ABpraapapp,220,281,373,21.0,34,93800
ABpraapp,100,422,364,14.1,37,8473
ABpraapp,101,417,368,14.1,38,7455
ABpraapp,102,414,368,14.0,40,5662
ABpraapp,103,416,374,15.0,40,7890
ABpraapp,104,419,373,15.1,43,8637
ABpraapp,105,426,371,15.1,42,10453
ABpraapp,106,431,372,14.9,42,9432
ABpraapp,107,435,375,15.0,42,11238
ABpraapp,108,438,373,15.0,44,9726
ABpraapp,109,439,373,15.2,44,9775
ABpraapp,110,435,373,15.9,42,10140
ABpraapp,111,439,371,14.3,43,15014
ABpraapp,112,442,373,14.9,42,13911
ABpraapp,113,445,366,14.2,44,14848
ABpraapp,114,446,366,15.0,44,16533
ABpraapp,115,445,365,14.1,44,16166
ABpraapp,116,444,365,14.4,44,15116
ABpraapp,117,437,365,14.3,44,18212
ABpraapp,118,435,364,15.1,44,19953
ABpraapp,119,428,365,15.0,44,17506
ABpraapp,120,415,357,16.0,42,17959
ABpraapp,121,417,358,16.0,46,20685
ABpraapp,122,417,361,16.3,44,21523
ABpraapp,123,415,358,16.3,46,20631
ABpraapp,124,411,360,16.2,44,26453
ABpraapp,125,411,361,17.0,44,21186
ABpraapp,126,411,363,17.1,46,25603
ABpraapp,127,409,367,17.2,44,27307
ABpraapp,128,408,368,17.3,46,30718
ABpraapp,129,411,368,18.1,46,33467
ABpraapp,130,412,371,18.1,46,37295
ABpraapp,131,411,374,18.1,44,35307
ABpraapp,132,407,376,18.3,44,40938
ABpraapp,133,402,375,19.0,44,41975
ABpraapp,134,400,374,18.3,45,39289
ABpraapp,135,400,372,18.2,43,45969
ABpraapp,136,399,372,18.2,43,46060
ABpraapp,137,405,371,19.9,40,43838
ABpraapp,138,393,373,19.1,39,49199
ABpraappa,139,386,380,19.1,38,28843
ABpraappa,140,376,386,19.1,37,41476
ABpraappa,141,381,389,19.0,37,46021
ABpraappa,142,381,391,19.9,37,45392
ABpraappa,143,385,398,18.4,37,47051
ABpraappa,144,377,398,18.3,37,50565
ABpraappa,145,374,403,17.3,39,52796
ABpraappa,146,370,403,18.1,36,56834
ABpraappa,147,371,403,18.0,36,55694
ABpraappa,148,367,403,17.3,38,59655
ABpraappa,149,363,405,17.2,36,65859
ABpraappa,150,360,403,18.0,36,58219
ABpraappa,151,353,405,17.4,36,65997
ABpraappa,152,354,404,18.1,36,64329
ABpraappa,153,355,405,17.3,36,69767
ABpraappa,154,349,404,18.1,38,67579
ABpraappa,155,347,403,18.1,34,78661
ABpraappa,156,347,400,18.2,36,73121
ABpraappa,157,349,396,18.2,38,76904
ABpraappa,158,350,398,18.2,36,77471
ABpraappa,159,349,397,18.2,36,77919
ABpraappa,160,347,395,18.2,38,70538
ABpraappa,161,348,395,18.4,37,76304
ABpraappa,162,350,395,18.2,37,86540
ABpraappa,163,351,397,18.2,37,84928
ABpraappa,164,348,398,18.1,39,91226
ABpraappa,165,348,399,18.2,37,99114
ABpraappa,166,344,398,18.2,39,98063
ABpraappa,167,344,398,18.2,39,104230
ABpraappa,168,343,399,18.2,39,104293
ABpraappa,169,339,398,18.2,39,110517
ABpraappa,170,338,399,18.2,39,108064
ABpraappa,171,332,399,18.3,37,113879
ABpraappa,172,335,401,18.1,37,128159
ABpraappa,173,332,400,18.1,39,118188
ABpraappa,174,335,400,18.0,39,121399
ABpraappa,175,334,400,17.2,39,121855
ABpraappa,176,332,401,17.2,37,123661
ABpraappa,177,330,401,17.1,37,131361
ABpraappa,178,326,402,17.1,37,141172
ABpraappa,179,325,401,16.3,37,131759
ABpraappa,180,326,400,17.1,39,133348
ABpraappa,181,325,398,17.0,37,135974
ABpraappa,182,322,398,17.0,36,135306
ABpraappa,183,316,400,16.2,38,139174
ABpraappa,184,311,402,17.1,37,152272
ABpraappa,185,313,403,16.3,36,123175
ABpraappa,186,310,402,17.1,35,148743
ABpraappa,187,310,403,16.2,34,147894
ABpraappa,188,308,403,17.1,31,129906
ABpraappa,189,311,403,17.2,34,128043
ABpraappa,190,313,404,17.2,31,129825
ABpraappa,191,311,399,17.2,34,137481
ABpraappa,192,311,397,17.2,31,129799
ABpraappa,193,320,403,17.4,32,142394
ABpraappa,194,315,404,17.3,31,135089
ABpraappa,195,309,402,18.1,32,133441
ABpraappa,196,307,402,18.0,31,131849
ABpraappa,197,313,402,17.3,32,131666
ABpraappa,198,318,396,18.0,29,120606
ABpraappa,199,319,399,17.2,34,114283
ABpraappaa,200,302,405,17.9,29,124999
ABpraappaa,201,297,403,17.1,30,121632
ABpraappaa,202,296,402,18.0,29,118655
ABpraappaa,203,295,401,17.8,30,110924
ABpraappaa,204,301,400,17.9,30,127749
ABpraappaa,205,297,403,18.9,29,116169
ABpraappaa,206,298,406,18.4,32,111834
ABpraappaa,207,295,408,18.4,31,110391
ABpraappaa,208,298,406,19.1,30,115294
ABpraappaa,209,295,407,19.0,31,116895
ABpraappaa,210,291,408,18.3,32,124873
ABpraappaa,211,288,410,17.5,31,119738
ABpraappaa,212,285,408,17.3,32,119257
ABpraappaa,213,289,410,17.2,31,122809
ABpraappaa,214,293,410,17.1,32,130457
ABpraappaa,215,295,412,17.0,31,121782
ABpraappaa,216,288,412,16.5,26,118751
ABpraappaa,217,283,410,17.1,26,125207
ABpraappaa,218,282,408,17.1,26,110050
ABpraappaa,219,280,407,18.2,31,123553
ABpraappaa,220,280,406,18.1,30,125432
ABpraappap,200,337,397,17.1,29,121942
ABpraappap,201,331,399,17.8,30,107715
ABpraappap,202,330,396,17.1,29,120879
ABpraappap,203,333,400,17.0,32,131482
ABpraappap,204,330,395,16.3,34,116301
ABpraappap,205,326,399,17.1,31,114749
ABpraappap,206,325,397,16.2,34,119449
ABpraappap,207,323,398,16.4,31,125671
ABpraappap,208,327,398,16.2,34,122450
ABpraappap,209,325,400,16.4,31,121907
ABpraappap,210,323,398,17.0,34,132737
ABpraappap,211,319,399,16.4,31,125229
ABpraappap,212,322,398,16.2,34,128269
ABpraappap,213,325,398,16.1,31,123590
ABpraappap,214,325,399,16.2,32,125964
ABpraappap,215,328,397,16.2,31,129935
ABpraappap,216,325,396,16.0,34,127325
ABpraappap,217,323,398,16.2,31,130393
ABpraappap,218,322,401,16.3,34,127598
ABpraappap,219,319,400,16.2,31,132036
ABpraappap,220,319,398,17.1,34,122909
ABpraappp,139,415,366,18.1,34,47464
ABpraappp,140,418,363,18.9,37,39030
ABpraappp,141,426,366,18.1,37,37430
ABpraappp,142,425,363,18.0,37,38220
ABpraappp,143,424,361,17.3,37,42212
ABpraappp,144,420,367,18.1,37,41472
ABpraappp,145,420,367,18.0,37,39987
ABpraappp,146,417,366,18.2,38,46395
ABpraappp,147,411,372,18.1,36,42690
ABpraappp,148,403,370,18.1,36,48354
ABpraappp,149,401,371,17.3,38,51254
ABpraappp,150,399,372,17.3,38,56980
ABpraappp,151,393,371,17.2,38,60385
ABpraappp,152,393,370,17.1,38,59841
ABpraappp,153,399,379,16.3,36,58690
ABpraappp,154,394,380,17.1,38,66334
ABpraappp,155,396,377,17.2,38,60747
ABpraappp,156,399,380,17.1,38,63517
ABpraappp,157,399,380,17.2,38,69921
ABpraappp,158,398,379,17.0,38,78158
ABpraappp,159,394,380,17.2,38,72479
ABpraappp,160,395,383,17.1,38,68167
ABpraappp,161,400,385,17.1,39,77460
ABpraappp,162,401,386,17.2,39,80132
ABpraappp,163,401,389,17.2,39,86612
ABpraappp,164,398,388,17.0,39,88361
ABpraappp,165,396,387,16.2,39,93389
ABpraappp,166,393,385,17.0,39,90532
ABpraappp,167,393,384,16.2,39,95970
ABpraappp,168,387,390,16.2,39,96855
ABpraappp,169,381,390,16.2,39,103594
ABpraappp,170,381,391,16.2,39,107969
ABpraappp,171,377,394,16.1,39,110448
ABpraappp,172,378,394,15.3,39,106849
ABpraappp,173,383,396,16.1,39,112959
ABpraappp,174,382,396,15.3,39,114954
ABpraappp,175,379,397,15.3,37,114134
ABpraappp,176,378,395,16.0,39,116714
ABpraappp,177,378,397,15.1,39,123054
ABpraappp,178,377,396,15.1,39,126641
ABpraappp,179,376,397,15.2,39,128406
ABpraappp,180,376,398,15.2,37,129596
ABpraappp,181,371,399,15.2,39,135050
ABpraappp,182,366,402,15.1,38,133015
ABpraappp,183,365,403,15.1,38,133879
ABpraappp,184,364,404,15.3,37,137516
ABpraappp,185,364,405,16.0,36,129297
ABpraappp,186,364,404,16.0,35,133249
ABpraappp,187,362,404,15.2,34,145057
ABpraappp,188,364,403,16.0,31,121285
ABpraappp,189,369,402,16.1,34,133711
ABpraappp,190,366,401,16.2,31,119128
ABpraappp,191,367,399,16.1,34,138782
ABpraappp,192,366,396,16.1,31,128597
ABpraappp,193,370,393,16.0,30,119540
ABpraappp,194,371,394,15.2,31,118672
ABpraapppa,195,352,398,16.8,30,116578
ABpraapppa,196,352,397,16.9,29,119932
ABpraapppa,197,353,398,16.1,30,127583
ABpraapppa,198,358,403,16.2,31,132599
ABpraapppa,199,351,405,15.1,32,138479
ABpraapppa,200,353,406,14.2,31,141939
ABpraapppa,201,351,407,13.5,34,147645
ABpraapppa,202,349,403,13.2,31,147038
ABpraapppa,203,342,403,13.2,34,148532
ABpraapppa,204,343,401,12.4,32,152967
ABpraapppa,205,341,405,13.1,31,147732
ABpraapppa,206,343,403,12.3,32,143857
ABpraapppa,207,341,400,12.4,31,148289
ABpraapppa,208,348,398,13.1,32,146612
ABpraapppa,209,348,398,13.2,31,141205
ABpraapppa,210,346,400,13.3,32,142320
ABpraapppa,211,345,400,13.3,31,140892
ABpraapppa,212,348,397,13.4,34,143841
ABpraapppa,213,352,399,13.6,31,137706
ABpraapppa,214,358,400,14.1,34,143865
ABpraapppa,215,358,399,14.2,31,132508
ABpraapppa,216,354,399,14.0,34,140746
ABpraapppa,217,352,398,14.2,31,135757
ABpraapppa,218,352,399,14.2,34,141118
ABpraapppa,219,353,401,14.3,31,136064
ABpraapppa,220,352,402,14.3,32,136797
ABpraapppp,195,401,387,15.0,30,131078
ABpraapppp,196,402,388,15.0,29,120652
ABpraapppp,197,410,390,15.2,30,133234
ABpraapppp,198,409,387,15.2,31,133241
ABpraapppp,199,409,391,15.0,34,132574
ABpraapppp,200,408,394,15.0,31,137598
ABpraapppp,201,402,397,14.3,32,143606
ABpraapppp,202,396,398,14.2,31,146362
ABpraapppp,203,392,399,14.2,34,142533
ABpraapppp,204,393,398,14.1,34,147328
ABpraapppp,205,393,397,14.0,31,144648
ABpraapppp,206,389,396,14.0,34,140289
ABpraapppp,207,385,397,13.5,31,142934
ABpraapppp,208,391,395,13.5,34,150753
ABpraapppp,209,390,393,13.3,31,150723
ABpraapppp,210,390,395,13.2,34,147096
ABpraapppp,211,387,394,13.1,31,148615
ABpraapppp,212,390,395,13.1,34,147871
ABpraapppp,213,392,393,13.0,31,146018
ABpraapppp,214,393,392,13.1,34,146255
ABpraapppp,215,398,390,13.4,31,131116
ABpraapppp,216,394,393,13.0,34,147697
ABpraapppp,217,393,394,13.1,31,142784
ABpraapppp,218,391,394,13.1,30,143524
ABpraapppp,219,390,394,13.1,31,143253
ABpraapppp,220,388,395,13.0,34,145209
ABprap,39,455,346,11.3,34,-417
ABprap,40,460,342,11.2,48,-1391
ABprap,41,458,341,12.1,50,-433
ABprap,42,468,340,12.1,50,-370
ABprap,43,475,335,12.1,52,98
ABprap,44,475,346,11.3,56,-284
ABprap,45,476,349,10.9,53,-611
ABprap,46,467,349,9.4,59,-953
ABprap,47,473,344,9.8,57,-845
ABprap,48,473,348,10.0,56,-646
ABprap,49,477,355,10.3,56,-1472
ABprap,50,469,362,11.1,57,-885
ABprap,51,471,360,11.2,57,-768
ABprap,52,473,360,11.1,57,-879
ABprap,53,470,360,11.1,59,-884
ABprap,54,465,358,10.9,57,-1008
ABprap,55,461,358,10.9,58,-1358
ABprap,56,462,351,11.0,60,-969
ABprap,57,459,335,10.9,59,-769
ABprap,58,455,333,11.7,58,-435
ABprap,59,465,341,12.4,60,157
ABprap,60,466,334,13.6,58,-119
ABprap,61,466,336,13.1,56,4
ABprap,62,467,344,13.2,56,-90
ABprap,63,470,340,14.9,55,-11
ABprap,64,469,343,15.3,59,370
ABprapa,65,445,366,15.1,50,450
ABprapa,66,446,369,15.0,49,-559
ABprapa,67,436,367,14.8,49,362
ABprapa,68,440,369,15.1,49,1322
ABprapa,69,439,371,15.8,49,-530
ABprapa,70,440,366,15.9,50,-179
ABprapa,71,436,365,15.2,50,1055
ABprapa,72,427,366,14.2,50,-26
ABprapa,73,425,370,14.1,51,425
ABprapa,74,422,371,13.7,51,1728
ABprapa,75,424,375,14.2,51,1923
ABprapa,76,422,369,14.2,51,2261
ABprapa,77,416,372,14.2,50,2053
ABprapa,78,424,374,14.9,50,1463
ABprapa,79,422,369,16.0,50,1675
ABprapa,80,429,370,16.1,49,2160
ABprapa,81,428,370,17.1,51,2646
ABprapa,82,425,366,17.0,49,2175
ABprapa,83,430,367,17.0,49,2591
ABprapa,84,433,366,16.9,49,3630
ABprapa,85,435,368,17.8,50,3646
ABprapa,86,444,368,17.1,50,3351
ABprapa,87,443,367,16.9,50,3368
ABprapa,88,452,364,17.0,50,5110
ABprapa,89,447,365,17.1,51,5012
ABprapa,90,448,361,16.1,53,6065
ABprapa,91,446,360,16.2,51,5359
ABprapa,92,451,359,16.5,51,6834
ABprapa,93,455,363,18.0,49,6858
ABprapa,94,457,362,18.1,51,7756
ABprapa,95,460,359,18.2,51,8567
ABprapa,96,453,360,19.0,48,7010
ABprapa,97,446,358,20.0,46,8177
ABprapaa,98,441,371,19.1,44,7069
ABprapaa,99,437,371,20.1,42,7209
ABprapaa,100,430,371,20.9,41,6270
ABprapaa,101,430,372,21.1,40,6443
ABprapaa,102,428,374,21.0,40,7149
ABprapaa,103,417,381,21.1,40,9066
ABprapaa,104,417,380,21.9,41,8049
ABprapaa,105,418,381,21.0,42,9709
ABprapaa,106,420,381,20.0,42,8610
ABprapaa,107,421,377,21.0,42,11352
ABprapaa,108,419,375,21.9,42,10702
ABprapaa,109,416,372,22.0,42,7999
ABprapaa,110,408,373,22.1,42,11742
ABprapaa,111,418,373,21.2,43,9574
ABprapaa,112,425,373,21.1,42,11439
ABprapaa,113,421,374,22.0,42,14521
ABprapaa,114,420,374,22.0,42,11062
ABprapaa,115,424,370,22.0,42,12608
ABprapaa,116,423,366,22.1,42,13166
ABprapaa,117,429,361,22.9,42,11823
ABprapaa,118,422,364,23.1,42,11038
ABprapaa,119,421,364,23.1,42,12151
ABprapaa,120,418,363,23.9,42,12661
ABprapaa,121,416,362,23.9,42,11958
ABprapaa,122,416,363,24.0,42,13190
ABprapaa,123,414,367,23.1,42,15401
ABprapaa,124,411,367,23.0,44,14032
ABprapaa,125,418,364,23.0,42,14192
ABprapaa,126,409,368,23.1,42,16662
ABprapaa,127,401,365,23.1,42,12823
ABprapaa,128,407,364,23.0,42,15120
ABprapaa,129,411,362,23.1,44,18253
ABprapaa,130,410,360,23.9,42,17560
ABprapaa,131,418,356,24.0,42,20423
ABprapaa,132,419,357,23.2,44,17251
ABprapaa,133,423,350,24.0,44,15927
ABprapaa,134,423,352,23.2,43,17120
ABprapaa,135,428,350,23.2,45,17643
ABprapaa,136,429,343,24.9,41,16691
ABprapaa,137,430,342,24.0,42,13777
ABprapaa,138,415,337,23.9,39,19421
ABprapaa,139,411,344,23.1,40,22099
ABprapaa,140,413,348,24.0,37,24876
ABprapaa,141,409,355,22.9,37,25576
ABprapaaa,142,388,358,22.9,37,17158
ABprapaaa,143,387,356,23.9,35,19255
ABprapaaa,144,382,358,23.9,35,20662
ABprapaaa,145,382,365,23.1,37,19356
ABprapaaa,146,383,364,23.2,36,19063
ABprapaaa,147,382,363,23.9,34,19110
ABprapaaa,148,374,374,23.1,38,20596
ABprapaaa,149,377,377,22.3,38,20566
ABprapaaa,150,371,377,22.3,38,19493
ABprapaaa,151,366,381,22.3,38,21452
ABprapaaa,152,365,385,22.2,36,26910
ABprapaaa,153,369,383,22.1,38,26688
ABprapaaa,154,365,384,22.2,38,21039
ABprapaaa,155,367,382,23.1,36,20964
ABprapaaa,156,372,384,22.2,38,20925
ABprapaaa,157,373,382,22.0,36,28358
ABprapaaa,158,375,382,22.0,36,23141
ABprapaaa,159,375,382,22.1,36,25385
ABprapaaa,160,378,379,22.0,38,21374
ABprapaaa,161,383,375,21.2,39,22512
ABprapaaa,162,380,381,21.2,39,23611
ABprapaaa,163,381,380,21.3,39,25335
ABprapaaa,164,380,384,21.1,39,29400
ABprapaaa,165,385,385,21.1,39,26822
ABprapaaa,166,385,381,21.1,39,29695
ABprapaaa,167,383,383,21.2,37,30278
ABprapaaa,168,383,384,20.2,39,28214
ABprapaaa,169,379,384,20.1,37,32476
ABprapaaa,170,379,384,20.1,37,30812
ABprapaaa,171,378,385,20.2,37,32212
ABprapaaa,172,374,389,20.2,37,35379
ABprapaaa,173,378,385,21.0,37,25241
ABprapaaa,174,378,388,20.1,39,28062
ABprapaaa,175,380,389,20.0,37,30859
ABprapaaa,176,382,388,20.1,39,38931
ABprapaaa,177,383,392,20.0,39,29118
ABprapaaa,178,384,391,20.0,39,33277
ABprapaaa,179,388,390,20.1,39,32734
ABprapaaa,180,387,389,20.1,37,29697
ABprapaaa,181,388,389,20.2,39,29880
ABprapaaa,182,384,389,19.1,38,39510
ABprapaaa,183,376,393,19.1,36,46569
ABprapaaa,184,382,392,20.0,37,33985
ABprapaaa,185,379,392,20.0,36,41884
ABprapaaa,186,378,391,20.1,35,42592
ABprapaaa,187,378,390,20.1,34,35376
ABprapaaa,188,377,395,20.0,31,36583
ABprapaaa,189,386,393,20.2,34,41688
ABprapaaa,190,385,393,20.0,31,33868
ABprapaaa,191,379,394,19.2,34,48734
ABprapaaa,192,377,389,19.2,31,42640
ABprapaaa,193,392,387,20.2,34,35099
ABprapaaa,194,386,383,21.0,29,40286
ABprapaaa,195,382,381,20.9,30,33690
ABprapaaaa,196,374,380,20.3,31,26735
ABprapaaaa,197,372,384,21.1,30,20945
ABprapaaaa,198,371,387,20.9,29,27576
ABprapaaaa,199,368,392,20.0,30,33981
ABprapaaaa,200,366,387,20.1,31,26973
ABprapaaaa,201,360,390,20.9,30,23495
ABprapaaaa,202,359,393,20.3,31,27717
ABprapaaaa,203,355,394,20.2,34,35285
ABprapaaaa,204,358,398,20.1,32,29212
ABprapaaaa,205,356,394,20.1,31,27007
ABprapaaaa,206,356,392,20.1,30,32763
ABprapaaaa,207,360,388,20.1,31,32878
ABprapaaaa,208,364,389,19.2,32,18971
ABprapaaaa,209,363,391,19.1,31,14866
ABprapaaaa,210,361,393,19.2,34,28589
ABprapaaaa,211,359,396,19.1,31,27987
ABprapaaaa,212,362,388,19.2,32,31885
ABprapaaaa,213,364,386,19.1,31,26738
ABprapaaaa,214,363,383,19.3,32,30440
ABprapaaaa,215,361,385,20.1,31,41736
ABprapaaaa,216,357,385,20.2,34,27441
ABprapaaaa,217,355,382,20.1,31,32673
ABprapaaaa,218,356,383,20.1,32,30070
ABprapaaaa,219,354,381,20.1,31,35269
ABprapaaaa,220,353,377,20.2,34,20995
ABprapaaap,196,401,374,20.1,29,24032
ABprapaaap,197,412,369,20.1,30,26094
ABprapaaap,198,409,369,20.1,31,22765
ABprapaaap,199,408,376,20.1,26,17902
ABprapaaap,200,405,377,20.0,26,23070
ABprapaaap,201,404,380,20.0,26,25406
ABprapaaap,202,401,382,20.1,26,24806
ABprapaaap,203,402,383,20.2,26,15103
ABprapaaap,204,400,384,20.1,34,24977
ABprapaaap,205,398,392,21.0,33,24126
ABprapaaap,206,398,392,21.0,33,28571
ABprapaaap,207,399,391,21.0,32,29480
ABprapaaap,208,399,391,21.0,32,29886
ABprapaaap,209,400,390,21.0,31,24365
ABprapaaap,210,400,391,20.5,34,27893
ABprapaaap,211,396,389,20.1,31,30106
ABprapaaap,212,395,387,20.2,34,24870
ABprapaaap,213,397,383,20.3,31,37133
ABprapaaap,214,402,386,20.2,34,30433
ABprapaaap,215,394,383,20.9,31,37891
ABprapaaap,216,388,385,20.1,34,24686
ABprapaaap,217,385,384,21.0,31,33373
ABprapaaap,218,384,386,20.1,34,21993
ABprapaaap,219,382,386,20.1,31,24830
ABprapaaap,220,382,383,19.9,30,18526
ABprapaap,142,420,350,23.1,37,15254
ABprapaap,143,425,340,23.1,35,16860
ABprapaap,144,427,343,23.1,35,16373
ABprapaap,145,427,353,22.9,35,16469
ABprapaap,146,432,357,22.1,36,20460
ABprapaap,147,438,357,22.1,38,17582
ABprapaap,148,439,359,22.1,36,18491
ABprapaap,149,440,357,22.9,34,20960
ABprapaap,150,434,365,22.2,36,21725
ABprapaap,151,429,361,22.1,38,19609
ABprapaap,152,429,363,22.0,38,22993
ABprapaap,153,430,363,21.3,38,24861
ABprapaap,154,426,369,21.3,38,22301
ABprapaap,155,425,366,22.1,36,22907
ABprapaap,156,424,365,21.2,36,20194
ABprapaap,157,424,367,21.2,36,19948
ABprapaap,158,428,367,21.2,38,28453
ABprapaap,159,426,369,21.0,34,28233
ABprapaap,160,422,373,20.4,36,26899
ABprapaap,161,425,372,21.1,37,29878
ABprapaap,162,421,373,20.4,37,36800
ABprapaap,163,421,369,21.1,37,34783
ABprapaap,164,416,371,21.1,39,28965
ABprapaap,165,422,370,20.4,37,29616
ABprapaap,166,423,373,20.2,39,29418
ABprapaap,167,426,372,20.2,37,28009
ABprapaap,168,424,377,20.1,39,32008
ABprapaap,169,420,381,20.1,35,35466
ABprapaap,170,420,375,20.1,37,35785
ABprapaap,171,418,375,20.1,37,35095
ABprapaap,172,411,369,19.3,39,31002
ABprapaap,173,416,373,19.3,39,25531
ABprapaap,174,418,373,19.1,39,28731
ABprapaap,175,423,377,19.3,37,35451
ABprapaap,176,425,377,19.2,37,36596
ABprapaap,177,427,381,19.1,37,33417
ABprapaap,178,429,383,18.3,37,34356
ABprapaap,179,428,386,18.1,37,37311
ABprapaap,180,426,385,18.1,37,32966
ABprapaap,181,423,383,18.0,35,37550
ABprapaap,182,425,382,18.0,34,43043
ABprapaap,183,424,386,17.2,36,41048
ABprapaap,184,423,389,18.0,35,41652
ABprapaap,185,427,387,18.2,36,38845
ABprapaap,186,422,388,18.1,35,35353
ABprapaap,187,420,389,18.1,34,40981
ABprapaap,188,425,387,17.2,31,45871
ABprapaap,189,430,387,18.1,34,41860
ABprapaap,190,429,387,17.3,31,33546
ABprapaap,191,425,386,18.3,34,33393
ABprapaap,192,423,386,18.1,31,41740
ABprapaap,193,430,385,18.2,34,44049
ABprapaap,194,429,386,18.0,31,46145
ABprapaap,195,430,383,18.2,34,37163
ABprapaap,196,433,384,18.2,31,43844
ABprapaap,197,436,386,19.0,34,39224
ABprapaap,198,435,386,18.2,31,36991
ABprapaap,199,432,387,18.2,34,43227
ABprapaap,200,432,387,18.1,31,46082
ABprapaap,201,424,390,18.1,34,37306
ABprapaap,202,420,388,17.5,31,43098
ABprapaap,203,417,389,17.3,34,39813
ABprapaap,204,420,386,17.3,32,47628
ABprapaapa,205,404,390,18.3,31,34177
ABprapaapa,206,400,391,18.9,30,42802
ABprapaapa,207,402,394,19.0,31,33646
ABprapaapa,208,405,396,18.2,32,38053
ABprapaapa,209,408,396,17.5,31,41857
ABprapaapa,210,408,396,17.5,31,33367
ABprapaapa,211,408,396,17.4,31,30992
ABprapaapa,212,411,395,17.4,34,26322
ABprapaapa,213,413,398,17.4,31,30305
ABprapaapa,214,413,398,17.9,30,37341
ABprapaapa,215,418,395,17.4,31,32511
ABprapaapa,216,416,396,17.4,34,43977
ABprapaapa,217,411,398,18.1,31,40266
ABprapaapa,218,411,399,18.1,30,36312
ABprapaapa,219,410,400,18.2,31,31463
ABprapaapa,220,407,401,18.1,32,38820
ABprapaapp,205,426,384,17.0,31,37283
ABprapaapp,206,429,385,16.0,30,49281
ABprapaapp,207,433,388,15.3,31,35295
ABprapaapp,208,436,386,15.9,30,29334
ABprapaapp,209,434,385,15.2,31,31978
ABprapaapp,210,436,387,15.2,34,24396
ABprapaapp,211,430,389,15.4,31,27822
ABprapaapp,212,433,390,15.3,32,27462
ABprapaapp,213,434,387,15.3,31,35935
ABprapaapp,214,433,386,15.3,32,29283
ABprapaapp,215,433,384,15.3,31,29110
ABprapaapp,216,432,384,15.4,32,38181
ABprapaapp,217,428,385,16.1,31,35660
ABprapaapp,218,427,384,16.1,30,44650
ABprapaapp,219,430,382,16.2,31,37538
ABprapaapp,220,428,385,16.1,32,33859
ABprapap,98,461,338,21.1,44,4750
ABprapap,99,462,331,21.9,42,3988
ABprapap,100,465,337,21.1,41,3752
ABprapap,101,470,337,21.2,42,4208
ABprapap,102,480,333,21.1,42,7414
ABprapap,103,489,335,20.9,40,7918
ABprapap,104,488,336,20.0,41,6448
ABprapap,105,492,337,20.0,42,9203
ABprapap,106,490,338,19.2,44,8868
ABprapap,107,497,338,19.9,42,9680
ABprapap,108,496,339,19.2,44,11363
ABprapap,109,492,342,19.1,42,11935
ABprapap,110,488,347,19.1,42,12092
ABprapap,111,494,345,19.0,43,14008
ABprapap,112,493,342,18.2,44,14964
ABprapap,113,496,342,19.0,42,15422
ABprapap,114,503,335,19.0,44,13727
ABprapap,115,501,339,19.1,44,12390
ABprapap,116,502,340,19.1,44,14789
ABprapap,117,503,342,18.2,44,15851
ABprapap,118,499,345,19.2,44,17328
ABprapap,119,497,346,19.1,46,16701
ABprapap,120,493,348,19.2,44,17447
ABprapap,121,491,347,20.1,44,20965
ABprapap,122,491,349,20.1,44,19239
ABprapap,123,495,348,20.0,46,17010
ABprapap,124,494,351,19.2,46,19966
ABprapap,125,497,346,19.3,46,16378
ABprapap,126,497,345,20.1,44,21819
ABprapap,127,500,340,20.1,44,23555
ABprapap,128,498,333,19.3,46,19554
ABprapap,129,500,327,19.2,46,18883
ABprapap,130,496,324,20.1,44,16584
ABprapap,131,500,325,20.0,44,18330
ABprapap,132,493,325,20.1,44,21048
ABprapap,133,490,327,20.9,42,19324
ABprapap,134,487,333,20.2,45,22959
ABprapap,135,488,332,20.1,43,25553
ABprapap,136,484,334,20.9,41,21531
ABprapap,137,483,334,21.0,36,30152
ABprapapa,138,464,334,20.2,35,15615
ABprapapa,139,459,335,21.1,36,17605
ABprapapa,140,457,336,21.9,37,15355
ABprapapa,141,460,344,21.1,37,14834
ABprapapa,142,461,340,21.9,37,15785
ABprapapa,143,463,348,21.2,37,16469
ABprapapa,144,461,351,20.2,37,18073
ABprapapa,145,462,353,20.2,37,13091
ABprapapa,146,465,347,21.1,36,20204
ABprapapa,147,466,355,20.2,38,17082
ABprapapa,148,466,357,20.0,36,22275
ABprapapa,149,463,359,19.2,38,22116
ABprapapa,150,461,358,19.3,38,22713
ABprapapa,151,457,360,19.3,36,24076
ABprapapa,152,456,357,19.3,36,22823
ABprapapa,153,455,357,19.4,36,28810
ABprapapa,154,452,358,19.4,38,24505
ABprapapa,155,456,360,20.1,38,22109
ABprapapa,156,461,357,19.2,38,26437
ABprapapa,157,460,360,19.2,38,26094
ABprapapa,158,458,361,19.0,36,29226
ABprapapa,159,458,363,19.0,38,29969
ABprapapa,160,457,362,18.2,38,24609
ABprapapa,161,464,360,18.2,39,29383
ABprapapa,162,465,363,18.3,39,30683
ABprapapa,163,466,361,18.2,39,29096
ABprapapa,164,471,363,18.1,39,25068
ABprapapa,165,479,361,18.2,39,34122
ABprapapa,166,477,361,18.3,39,29659
ABprapapa,167,475,360,18.3,37,31178
ABprapapa,168,484,356,17.4,37,34205
ABprapapa,169,483,357,18.1,39,29937
ABprapapa,170,483,359,17.2,39,34677
ABprapapa,171,482,362,17.1,39,36445
ABprapapa,172,484,362,17.2,37,34454
ABprapapa,173,487,361,17.3,39,34286
ABprapapa,174,487,359,17.2,39,37756
ABprapapa,175,487,358,17.2,39,39459
ABprapapa,176,491,360,17.1,39,44997
ABprapapa,177,492,359,17.1,39,41964
ABprapapa,178,494,358,17.1,39,46633
ABprapapa,179,496,361,16.2,39,51758
ABprapapa,180,495,363,16.1,39,46384
ABprapapa,181,498,363,16.0,37,52670
ABprapapa,182,500,361,16.0,38,43200
ABprapapa,183,502,359,16.2,38,43430
ABprapapa,184,502,359,16.0,37,54129
ABprapapa,185,506,357,16.0,36,43972
ABprapapa,186,512,355,15.1,35,54336
ABprapapa,187,513,356,15.0,34,50190
ABprapapa,188,514,351,15.3,31,41872
ABprapapa,189,519,345,15.2,34,51284
ABprapapa,190,515,348,15.2,31,46186
ABprapapa,191,516,351,15.3,34,43917
ABprapapa,192,511,353,16.1,31,55490
ABprapapa,193,504,347,16.3,34,43266
ABprapapa,194,502,352,16.1,31,48695
ABprapapa,195,506,348,16.2,32,47623
ABprapapaa,196,495,353,18.2,31,29326
ABprapapaa,197,492,354,18.9,30,24843
ABprapapaa,198,495,354,19.1,31,23412
ABprapapaa,199,489,355,18.2,34,18236
ABprapapaa,200,490,356,18.2,31,25612
ABprapapaa,201,489,356,18.1,34,22240
ABprapapaa,202,488,356,18.1,34,33658
ABprapapaa,203,487,356,18.0,34,48239
ABprapapaa,204,486,356,18.0,34,46568
ABprapapaa,205,490,352,19.1,31,28107
ABprapapaa,206,493,351,19.2,32,24782
ABprapapaa,207,496,352,19.2,31,27797
ABprapapaa,208,499,352,19.2,34,27285
ABprapapaa,209,497,357,19.2,31,32530
ABprapapaa,210,497,359,19.0,34,21625
ABprapapaa,211,495,360,18.2,31,36174
ABprapapaa,212,498,357,18.2,34,27143
ABprapapaa,213,502,359,18.2,31,26117
ABprapapaa,214,498,359,18.1,34,23224
ABprapapaa,215,496,363,17.1,31,21385
ABprapapaa,216,496,362,16.1,34,27566
ABprapapaa,217,496,355,17.0,31,32531
ABprapapaa,218,501,352,18.0,32,31439
ABprapapaa,219,503,350,18.0,31,36248
ABprapapaa,220,505,349,17.3,34,32533
ABprapapap,196,513,340,16.0,29,33639
ABprapapap,197,518,340,14.9,30,40796
ABprapapap,198,517,338,14.5,31,45297
ABprapapap,199,515,336,14.8,30,39395
ABprapapap,200,519,340,14.3,31,36833
ABprapapap,201,517,343,14.1,30,44791
ABprapapap,202,518,347,14.3,31,38398
ABprapapap,203,524,351,14.2,34,38033
ABprapapap,204,528,349,14.0,30,45264
ABprapapap,205,526,348,15.0,31,44229
ABprapapap,206,527,348,15.1,34,36563
ABprapapap,207,528,347,14.5,31,35181
ABprapapap,208,532,343,15.0,34,41682
ABprapapap,209,532,341,15.1,31,36603
ABprapapap,210,532,343,15.0,34,38303
ABprapapap,211,530,346,15.1,31,37562
ABprapapap,212,531,344,15.1,34,35129
ABprapapap,213,532,346,14.4,31,39237
ABprapapap,214,528,348,15.1,32,33934
ABprapapap,215,528,347,15.2,31,43641
ABprapapap,216,527,347,15.0,34,36886
ABprapapap,217,524,348,15.2,31,39022
ABprapapap,218,524,348,15.2,32,37924
ABprapapap,219,529,344,15.2,31,36788
ABprapapap,220,527,347,15.1,34,37076
ABprapapp,138,496,327,20.1,35,23439
ABprapapp,139,505,323,20.1,34,26670
ABprapapp,140,506,323,20.9,37,24906
ABprapapp,141,508,325,19.1,35,23635
ABprapapp,142,510,326,19.9,37,22573
ABprapapp,143,507,325,19.0,35,22833
ABprapapp,144,511,324,18.4,37,23102
ABprapapp,145,510,331,18.0,37,23054
ABprapapp,146,509,333,18.1,36,26464
ABprapapp,147,513,329,18.2,36,22825
ABprapapp,148,517,333,18.1,38,24659
ABprapapp,149,516,337,17.8,34,29931
ABprapapp,150,517,337,17.1,36,29555
ABprapapp,151,521,336,17.0,38,27174
ABprapapp,152,522,338,16.3,36,31995
ABprapapp,153,523,335,16.2,36,36005
ABprapapp,154,521,333,17.0,36,33541
ABprapapp,155,522,326,17.2,38,22254
ABprapapp,156,522,330,16.3,36,29548
ABprapapp,157,521,331,16.9,34,29639
ABprapapp,158,522,327,16.4,36,31437
ABprapapp,159,519,330,16.3,38,31457
ABprapapp,160,518,330,16.4,36,29516
ABprapapp,161,521,334,16.2,37,41132
ABprapapp,162,520,334,16.2,39,39115
ABprapapp,163,515,335,16.0,39,31344
ABprapapp,164,519,333,15.3,37,38228
ABprapapp,165,524,331,15.3,39,35267
ABprapapp,166,521,329,15.3,39,30362
ABprapapp,167,519,331,15.2,39,36882
ABprapapp,168,521,330,15.1,39,38132
ABprapapp,169,521,334,15.2,37,35378
ABprapapp,170,521,333,15.0,37,36160
ABprapapp,171,519,334,14.4,37,40390
ABprapapp,172,519,337,15.1,37,38053
ABprapapp,173,521,339,14.3,39,33780
ABprapapp,174,521,341,14.2,39,36123
ABprapapp,175,522,338,14.3,37,41528
ABprapapp,176,528,337,14.4,37,41700
ABprapapp,177,525,339,14.1,37,41685
ABprapapp,178,527,340,13.4,37,49513
ABprapapp,179,527,339,13.2,35,52223
ABprapapp,180,525,341,13.2,37,49965
ABprapapp,181,530,340,13.1,35,47026
ABprapapp,182,534,338,12.4,36,45180
ABprapapp,183,536,338,13.0,34,48906
ABprapapp,184,536,334,12.3,35,48674
ABprapapp,185,534,332,12.1,34,45698
ABprapapp,186,536,331,11.2,35,50781
ABprapapp,187,533,335,11.0,34,49175
ABprapapp,188,537,332,11.1,31,64864
ABprapapp,189,534,327,10.3,34,56645
ABprapapp,190,531,323,11.1,31,55875
ABprapapp,191,532,330,11.5,34,63152
ABprapappa,192,533,341,12.5,31,50090
ABprapappa,193,536,345,14.2,30,53099
ABprapappa,194,538,344,14.2,31,45240
ABprapappa,195,541,344,14.1,30,39755
ABprapappa,196,543,345,13.5,31,38364
ABprapappa,197,550,339,13.9,30,46052
ABprapappa,198,551,337,13.3,31,44590
ABprapappa,199,552,338,13.9,30,45934
ABprapappa,200,549,343,12.5,31,42076
ABprapappa,201,547,344,13.0,30,43668
ABprapappa,202,542,348,12.3,31,39729
ABprapappa,203,535,352,12.5,32,46796
ABprapappa,204,537,351,12.6,32,47539
ABprapappa,205,539,349,12.8,32,39561
ABprapappa,206,541,348,12.9,32,47228
ABprapappa,207,544,346,13.0,31,49448
ABprapappa,208,546,344,13.1,26,50416
ABprapappa,209,548,341,13.1,31,66343
ABprapappa,210,548,339,12.5,26,52990
ABprapappa,211,544,343,12.4,31,53370
ABprapappa,212,546,340,13.2,34,51648
ABprapappa,213,548,340,12.4,31,65924
ABprapappa,214,542,345,12.4,32,54701
ABprapappa,215,542,345,13.1,26,51743
ABprapappa,216,545,341,13.2,32,54395
ABprapappa,217,542,344,13.0,26,58179
ABprapappa,218,542,342,13.2,26,48205
ABprapappa,219,545,342,13.2,26,50603
ABprapappa,220,542,344,13.1,34,53532
ABprapappp,192,531,324,11.2,26,57935
ABprapappp,193,535,313,10.8,30,46456
ABprapappp,194,539,313,10.5,31,45947
ABprapappp,195,544,317,10.1,30,41447
ABprapappp,196,548,317,10.4,31,39317
ABprapappp,197,549,313,10.8,30,44588
ABprapappp,198,554,311,10.3,31,44843
ABprapappp,199,558,308,11.1,30,41241
ABprapappp,200,562,309,11.0,31,47030
ABprapappp,201,558,311,10.9,30,58794
ABprapappp,202,555,313,10.6,31,41400
ABprapappp,203,551,320,11.8,30,43967
ABprapappp,204,553,319,12.2,30,42982
ABprapappp,205,559,322,12.8,29,52166
ABprapappp,206,560,320,12.8,30,46326
ABprapappp,207,560,319,12.1,31,44739
ABprapappp,208,562,316,12.2,30,50675
ABprapappp,209,565,315,12.4,31,48682
ABprapappp,210,560,315,12.1,30,55306
ABprapappp,211,558,318,12.1,31,55238
ABprapappp,212,559,318,12.1,32,51659
ABprapappp,213,556,319,12.0,31,58060
ABprapappp,214,557,321,12.0,30,54928
ABprapappp,215,553,322,12.2,31,54666
ABprapappp,216,559,320,12.3,26,62177
ABprapappp,217,557,320,12.9,29,54255
ABprapappp,218,558,316,12.8,30,47881
ABprapappp,219,560,316,12.0,31,48930
ABprapappp,220,559,320,11.5,32,56383
ABprapp,65,490,326,15.2,52,220
ABprapp,66,487,323,14.9,49,1011
ABprapp,67,487,324,14.1,49,1281
ABprapp,68,490,316,14.2,49,650
ABprapp,69,489,314,14.2,49,-110
ABprapp,70,487,321,14.1,50,661
ABprapp,71,490,328,14.1,50,-30
ABprapp,72,493,326,13.2,50,1323
ABprapp,73,496,323,13.2,51,227
ABprapp,74,511,332,12.9,51,916
ABprapp,75,512,342,13.2,51,651
ABprapp,76,503,347,13.1,51,1133
ABprapp,77,505,342,14.2,50,2021
ABprapp,78,505,344,14.9,50,1190
ABprapp,79,498,338,13.9,50,1581
ABprapp,80,497,333,14.0,49,2512
ABprapp,81,498,332,14.3,51,1782
ABprapp,82,500,331,14.5,51,2106
ABprapp,83,498,327,15.0,49,2984
ABprapp,84,501,330,14.7,49,3296
ABprapp,85,502,326,14.9,50,3486
ABprapp,86,507,324,14.8,50,4122
ABprapp,87,508,320,14.0,50,4077
ABprapp,88,515,316,14.1,50,4568
ABprapp,89,516,317,14.1,51,5694
ABprapp,90,515,303,14.3,51,5093
ABprapp,91,511,302,14.9,49,7479
ABprapp,92,510,303,14.9,49,6531
ABprapp,93,507,306,14.8,49,5931
ABprapp,94,510,305,15.0,49,7301
ABprapp,95,515,305,15.0,49,6462
ABprapp,96,511,311,15.0,48,10878
ABprapp,97,507,313,14.4,50,8950
ABprappa,98,473,339,15.0,31,1508
ABprappa,99,461,332,13.9,30,542
ABprappa,100,495,336,14.2,37,11917
ABprappa,101,492,344,14.8,40,8939
ABprappa,102,494,346,14.1,40,9843
ABprappa,103,498,349,13.8,40,11228
ABprappa,104,491,344,13.1,43,12850
ABprappa,105,492,344,12.3,44,10766
ABprappa,106,501,346,12.8,42,12237
ABprappa,107,498,346,13.1,44,12878
ABprappa,108,496,344,13.1,44,15197
ABprappa,109,503,344,13.3,44,14108
ABprappa,110,503,345,13.3,44,17136
ABprappa,111,506,346,13.2,45,15116
ABprappa,112,505,342,13.8,42,16887
ABprappa,113,504,342,13.4,46,18925
ABprappa,114,506,345,13.3,44,20520
ABprappa,115,507,344,13.2,44,24766
ABprappa,116,505,349,14.0,44,24922
ABprappa,117,504,350,13.4,44,25456
ABprappa,118,504,352,14.1,44,25609
ABprappa,119,499,353,14.1,44,24991
ABprappa,120,490,355,15.0,44,27330
ABprappa,121,487,354,15.3,46,26365
ABprappa,122,491,359,15.0,44,30437
ABprappa,123,491,363,14.4,44,34342
ABprappa,124,486,362,14.3,44,33689
ABprappa,125,482,364,14.4,46,30557
ABprappa,126,479,367,15.0,44,37794
ABprappa,127,476,368,15.2,46,34988
ABprappa,128,478,368,15.4,46,37085
ABprappa,129,475,367,16.1,46,40312
ABprappa,130,474,366,16.2,46,40292
ABprappa,131,471,365,16.2,46,40207
ABprappa,132,469,364,16.2,46,38733
ABprappa,133,471,369,16.3,46,41130
ABprappa,134,473,371,16.0,45,44264
ABprappa,135,475,371,16.2,45,47860
ABprappa,136,471,376,16.2,45,48285
ABprappa,137,468,379,16.2,44,51805
ABprappa,138,464,380,17.1,43,53265
ABprappa,139,469,376,16.3,42,60155
ABprappa,140,469,374,16.2,41,64440
ABprappa,141,478,370,16.1,41,69404
ABprappa,142,474,369,16.2,41,69709
ABprappa,143,472,367,16.1,39,72433
ABprappa,144,469,367,16.1,39,77686
ABprappa,145,464,371,16.0,35,65448
ABprappa,146,463,365,15.9,34,86193
ABprappaa,147,444,375,15.9,34,50492
ABprappaa,148,440,381,15.2,34,61476
ABprappaa,149,436,385,15.1,34,62969
ABprappaa,150,435,384,15.9,34,58603
ABprappaa,151,431,389,15.9,34,61094
ABprappaa,152,432,390,16.0,36,62547
ABprappaa,153,435,386,15.3,36,66027
ABprappaa,154,433,385,16.0,36,66784
ABprappaa,155,438,387,16.0,36,67852
ABprappaa,156,440,387,15.3,38,73856
ABprappaa,157,438,388,15.2,38,68179
ABprappaa,158,437,389,14.4,38,74008
ABprappaa,159,439,388,15.2,38,76321
ABprappaa,160,441,386,14.4,36,84923
ABprappaa,161,440,386,14.4,37,86782
ABprappaa,162,444,382,14.4,39,82274
ABprappaa,163,445,378,14.2,39,78834
ABprappaa,164,444,383,14.4,37,84642
ABprappaa,165,447,384,14.3,39,84580
ABprappaa,166,448,384,15.1,39,84390
ABprappaa,167,449,383,15.0,39,81634
ABprappaa,168,445,385,14.4,37,87881
ABprappaa,169,446,384,15.0,37,94131
ABprappaa,170,447,385,15.1,39,94048
ABprappaa,171,441,387,15.2,37,97108
ABprappaa,172,441,387,15.3,37,96689
ABprappaa,173,443,383,15.1,37,100861
ABprappaa,174,440,384,14.4,37,92743
ABprappaa,175,441,386,15.1,39,94357
ABprappaa,176,440,385,14.4,37,103488
ABprappaa,177,441,386,14.1,39,99136
ABprappaa,178,440,389,14.0,39,104723
ABprappaa,179,438,388,13.2,39,107771
ABprappaa,180,434,385,13.1,39,104604
ABprappaa,181,433,388,13.2,39,109004
ABprappaa,182,433,388,13.3,38,104689
ABprappaa,183,432,388,13.2,36,110396
ABprappaa,184,432,390,13.3,37,111494
ABprappaa,185,429,388,13.3,36,108365
ABprappaa,186,430,390,13.2,35,116194
ABprappaa,187,428,390,13.1,34,114017
ABprappaa,188,429,390,13.2,31,111166
ABprappaa,189,430,390,13.2,34,117144
ABprappaa,190,430,390,13.2,31,108369
ABprappaa,191,430,390,14.0,34,116046
ABprappaa,192,428,388,13.2,31,106528
ABprappaa,193,432,385,13.2,34,111178
ABprappaa,194,431,385,13.1,31,109305
ABprappaa,195,440,386,13.1,34,119329
ABprappaa,196,442,386,13.0,31,108529
ABprappaa,197,448,386,13.0,34,122813
ABprappaa,198,448,386,13.1,31,120405
ABprappaa,199,452,387,13.1,34,129025
ABprappaa,200,450,387,12.4,31,121168
ABprappaa,201,450,387,12.4,34,129458
ABprappaa,202,447,387,12.3,31,128418
ABprappaa,203,439,380,12.0,30,109761
ABprappaa,204,439,383,13.0,30,116652
ABprappaa,205,440,382,12.9,29,123494
ABprappaaa,206,417,388,12.1,30,101402
ABprappaaa,207,413,389,12.1,29,114874
ABprappaaa,208,419,388,12.2,30,110601
ABprappaaa,209,418,386,11.1,29,124390
ABprappaaa,210,419,386,11.1,30,124739
ABprappaaa,211,419,388,11.2,31,111739
ABprappaaa,212,421,387,11.2,30,122618
ABprappaaa,213,420,385,11.2,31,109828
ABprappaaa,214,423,386,11.1,30,119652
ABprappaaa,215,423,384,11.3,31,110177
ABprappaaa,216,427,386,11.8,30,115952
ABprappaaa,217,426,388,11.6,31,114804
ABprappaaa,218,426,390,12.0,30,126449
ABprappaaa,219,426,386,12.1,31,119438
ABprappaaa,220,425,391,12.2,30,121963
ABprappaap,206,456,374,11.2,30,112888
ABprappaap,207,461,374,12.0,29,101023
ABprappaap,208,466,371,11.9,30,115265
ABprappaap,209,467,364,12.1,31,111213
ABprappaap,210,468,363,11.9,30,109148
ABprappaap,211,465,363,12.0,31,110926
ABprappaap,212,464,363,12.2,34,108073
ABprappaap,213,463,363,12.2,31,116062
ABprappaap,214,462,364,12.1,34,112959
ABprappaap,215,463,361,11.4,31,115176
ABprappaap,216,459,363,11.4,34,105407
ABprappaap,217,458,367,12.0,31,112777
ABprappaap,218,459,368,12.1,34,109474
ABprappaap,219,460,364,12.2,31,109367
ABprappaap,220,458,368,12.2,32,116573
ABprappap,147,489,358,15.0,34,67238
ABprappap,148,491,361,14.8,34,68183
ABprappap,149,491,362,14.2,34,74879
ABprappap,150,491,359,13.9,34,70738
ABprappap,151,493,359,13.1,34,71877
ABprappap,152,495,359,13.1,36,79997
ABprappap,153,498,361,13.3,36,84438
ABprappap,154,493,363,14.0,36,79679
ABprappap,155,491,361,14.2,36,76846
ABprappap,156,493,360,14.0,36,75794
ABprappap,157,490,365,13.3,36,82272
ABprappap,158,492,367,13.3,36,91976
ABprappap,159,491,368,13.2,38,90344
ABprappap,160,490,369,13.0,36,90329
ABprappap,161,491,368,12.4,39,91904
ABprappap,162,495,367,13.2,37,97758
ABprappap,163,496,366,13.0,39,86952
ABprappap,164,493,368,13.1,37,98553
ABprappap,165,497,363,13.1,37,95569
ABprappap,166,496,362,13.2,39,100180
ABprappap,167,502,363,13.1,37,102648
ABprappap,168,500,360,13.1,39,103742
ABprappap,169,498,362,13.1,39,99276
ABprappap,170,498,360,13.0,39,98128
ABprappap,171,490,364,13.1,37,109259
ABprappap,172,489,367,13.1,37,106552
ABprappap,173,489,367,13.0,37,110189
ABprappap,174,487,369,13.0,39,100570
ABprappap,175,487,366,13.2,37,113248
ABprappap,176,486,367,13.0,39,109141
ABprappap,177,485,367,13.0,37,113645
ABprappap,178,487,366,12.2,39,116849
ABprappap,179,486,366,12.2,39,124343
ABprappap,180,487,366,12.0,39,119254
ABprappap,181,487,367,12.0,39,121263
ABprappap,182,485,367,11.2,38,128662
ABprappap,183,488,366,11.4,36,132991
ABprappap,184,492,366,12.2,37,126663
ABprappap,185,493,367,12.2,36,126952
ABprappap,186,490,367,12.0,35,122497
ABprappap,187,486,369,12.0,34,118364
ABprappap,188,489,367,12.1,31,125341
ABprappap,189,493,368,12.1,34,128756
ABprappap,190,487,369,12.2,31,126113
ABprappap,191,484,371,12.2,34,129400
ABprappap,192,482,372,12.3,31,116307
ABprappap,193,482,370,12.3,34,126148
ABprappap,194,480,368,13.0,31,122068
ABprappap,195,482,367,13.0,34,126724
ABprappap,196,483,364,13.1,31,121870
ABprappap,197,485,364,13.3,34,124247
ABprappap,198,486,362,13.3,31,116246
ABprappap,199,488,363,14.0,34,116918
ABprappap,200,487,363,14.1,31,108930
ABprappap,201,484,365,14.2,34,113713
ABprappap,202,481,365,15.1,31,107602
ABprappap,203,480,363,15.2,32,134531
ABprappap,204,476,364,16.1,32,108663
ABprappap,205,482,363,15.2,31,122530
ABprappapa,206,470,370,16.1,30,94630
ABprappapa,207,462,366,17.0,29,91337
ABprappapa,208,466,365,17.3,32,83138
ABprappapa,209,464,365,17.1,29,89955
ABprappapa,210,462,367,16.9,30,90819
ABprappapa,211,459,368,16.2,31,92129
ABprappapa,212,462,367,16.1,30,96163
ABprappapa,213,463,363,16.2,31,96547
ABprappapa,214,464,363,16.2,30,93652
ABprappapa,215,464,361,15.3,31,90260
ABprappapa,216,462,362,15.2,32,99131
ABprappapa,217,459,365,15.3,31,102777
ABprappapa,218,462,365,16.1,32,108607
ABprappapa,219,465,364,16.1,31,109295
ABprappapa,220,464,365,16.1,32,102871
ABprappapp,206,487,363,14.1,24,103886
ABprappapp,207,498,362,13.8,29,103352
ABprappapp,208,503,362,13.9,30,109300
ABprappapp,209,503,359,13.2,29,104618
ABprappapp,210,502,357,13.2,30,103064
ABprappapp,211,500,358,13.1,29,106359
ABprappapp,212,500,359,13.2,30,111276
ABprappapp,213,497,363,13.1,29,117349
ABprappapp,214,498,365,13.4,32,103689
ABprappapp,215,497,362,13.2,31,99870
ABprappapp,216,494,358,13.0,30,103868
ABprappapp,217,492,362,13.2,31,106920
ABprappapp,218,493,364,13.8,30,109543
ABprappapp,219,493,363,13.5,31,103464
ABprappapp,220,493,365,13.9,30,101652
ABprappp,98,509,309,15.9,44,10332
ABprappp,99,511,306,15.0,42,15125
ABprappp,100,521,302,15.2,37,10463
ABprappp,101,523,304,16.0,40,10343
ABprappp,102,526,302,15.1,40,11612
ABprappp,103,536,305,16.0,40,10969
ABprappp,104,540,297,16.1,43,13480
ABprappp,105,545,290,16.0,42,10358
ABprappp,106,541,290,16.1,42,14386
ABprappp,107,536,283,15.0,42,16558
ABprappp,108,544,282,15.0,42,15359
ABprappp,109,539,281,14.1,42,17149
ABprappp,110,541,286,15.0,42,17957
ABprappp,111,548,288,14.1,41,20565
ABprappp,112,549,285,14.1,42,24499
ABprappp,113,548,290,14.1,42,28087
ABprappp,114,542,289,14.0,42,23538
ABprappp,115,544,291,13.9,42,24009
ABprappp,116,546,297,14.1,42,30004
ABprappp,117,548,294,14.1,42,25923
ABprappp,118,547,297,14.1,42,32798
ABprappp,119,544,302,14.1,42,32234
ABprappp,120,541,304,14.1,42,34384
ABprappp,121,541,307,14.2,42,37391
ABprappp,122,541,307,14.0,42,36357
ABprappp,123,538,308,14.0,42,34398
ABprappp,124,536,317,13.9,42,37001
ABprappp,125,537,317,13.2,42,41741
ABprappp,126,535,318,13.9,42,39364
ABprappp,127,537,320,13.2,42,47055
ABprappp,128,534,319,14.0,42,45588
ABprappp,129,530,322,13.9,42,46729
ABprappp,130,531,324,14.8,42,45564
ABprappp,131,528,325,15.0,42,44571
ABprappp,132,531,326,15.1,42,50985
ABprappp,133,535,326,15.0,42,45535
ABprappp,134,539,323,15.0,41,52200
ABprappp,135,542,324,15.0,41,52172
ABprappp,136,541,328,15.0,41,52689
ABprappp,137,537,325,15.2,40,61160
ABprappp,138,534,329,15.1,41,62690
ABprappp,139,531,332,14.3,40,65097
ABprappp,140,529,333,14.2,41,66111
ABprappp,141,525,328,14.2,41,75385
ABprappp,142,520,336,15.0,37,72997
ABprappp,143,521,332,14.1,37,76106
ABprapppa,144,516,341,14.9,35,60776
ABprapppa,145,507,349,13.9,35,63542
ABprapppa,146,508,350,13.1,34,69583
ABprapppa,147,518,343,12.2,34,75831
ABprapppa,148,526,346,11.9,34,69150
ABprapppa,149,523,345,11.2,34,76780
ABprapppa,150,520,353,10.9,34,72268
ABprapppa,151,517,354,10.1,34,74493
ABprapppa,152,516,356,10.3,36,78719
ABprapppa,153,518,355,10.9,34,81904
ABprapppa,154,518,356,11.0,34,79008
ABprapppa,155,513,358,11.1,34,83970
ABprapppa,156,515,358,10.9,34,84077
ABprapppa,157,511,360,11.0,34,84735
ABprapppa,158,508,361,10.4,36,98359
ABprapppa,159,505,361,10.1,34,98933
ABprapppa,160,505,359,10.1,34,97723
ABprapppa,161,508,358,9.9,35,89480
ABprapppa,162,510,359,10.1,37,96847
ABprapppa,163,512,357,10.0,35,95693
ABprapppa,164,506,357,9.9,35,93393
ABprapppa,165,509,353,10.0,35,97886
ABprapppa,166,508,353,9.9,35,109348
ABprapppa,167,512,356,10.2,37,104226
ABprapppa,168,509,356,9.5,37,110437
ABprapppa,169,511,355,10.1,37,109937
ABprapppa,170,511,353,10.2,37,112205
ABprapppa,171,504,355,9.6,37,109044
ABprapppa,172,505,356,10.1,37,110560
ABprapppa,173,503,358,9.9,35,116644
ABprapppa,174,502,360,9.9,35,110952
ABprapppa,175,495,360,9.9,35,113491
ABprapppa,176,494,359,9.9,35,121801
ABprapppa,177,493,361,9.9,35,116236
ABprapppa,178,490,360,9.6,35,106694
ABprapppa,179,486,359,9.4,36,110100
ABprapppa,180,482,358,9.1,37,129183
ABprapppa,181,482,358,9.1,37,119355
ABprapppa,182,482,359,9.1,37,127881
ABprapppa,183,482,360,9.1,37,130342
ABprapppa,184,481,361,9.1,37,129574
ABprapppa,185,480,361,9.1,36,130377
ABprapppa,186,478,360,9.1,35,126789
ABprapppa,187,474,360,9.2,34,121488
ABprapppa,188,476,359,9.1,31,126080
ABprapppa,189,478,362,9.1,34,129773
ABprapppa,190,473,367,9.1,31,137124
ABprapppa,191,476,369,9.2,34,134771
ABprapppa,192,473,368,9.3,31,130593
ABprapppa,193,476,366,10.2,29,115069
ABprapppa,194,480,364,11.1,26,93561
ABprapppa,195,480,364,11.1,26,97978
ABprapppa,196,489,361,10.1,31,126068
ABprapppa,197,490,359,10.0,34,121787
ABprapppa,198,494,359,9.3,31,131705
ABprapppa,199,491,355,9.5,34,128770
ABprapppa,200,483,355,10.1,31,125287
ABprapppa,201,483,355,10.2,34,143054
ABprapppa,202,477,354,10.1,31,128309
ABprapppa,203,476,358,10.0,30,123965
ABprapppa,204,485,353,10.0,30,129835
ABprapppaa,205,469,365,10.0,33,90974
ABprapppaa,206,464,365,9.0,32,115613
ABprapppaa,207,467,366,8.2,26,126840
ABprapppaa,208,471,364,8.9,30,113910
ABprapppaa,209,471,364,8.7,29,126040
ABprapppaa,210,471,364,8.5,28,120019
ABprapppaa,211,471,363,8.3,26,126183
ABprapppaa,212,470,359,9.1,30,135249
ABprapppaa,213,472,356,9.1,29,134340
ABprapppaa,214,474,358,9.8,30,110374
ABprapppaa,215,473,357,9.3,31,127999
ABprapppaa,216,470,353,9.2,32,119458
ABprapppaa,217,471,353,9.3,31,123423
ABprapppaa,218,473,354,9.9,30,120338
ABprapppaa,219,474,351,10.2,26,126127
ABprapppaa,220,471,353,10.1,26,127204
ABprapppap,205,498,345,9.9,29,117311
ABprapppap,206,503,347,9.8,30,109131
ABprapppap,207,502,347,9.2,29,119158
ABprapppap,208,506,342,9.8,30,100770
ABprapppap,209,508,339,9.9,29,99063
ABprapppap,210,507,336,9.2,30,116226
ABprapppap,211,504,336,8.6,31,108811
ABprapppap,212,507,333,8.5,32,118610
ABprapppap,213,504,336,9.0,31,110619
ABprapppap,214,505,337,9.0,32,107539
ABprapppap,215,505,334,8.5,31,114807
ABprapppap,216,505,335,9.0,30,109587
ABprapppap,217,502,337,9.3,31,110378
ABprapppap,218,504,339,9.2,34,106138
ABprapppap,219,504,334,10.0,31,110200
ABprapppap,220,502,338,9.4,32,115623
ABprapppp,144,528,322,14.0,26,90025
ABprapppp,145,540,318,14.1,35,64758
ABprapppp,146,541,318,14.1,34,65760
ABprapppp,147,551,315,14.1,34,60265
ABprapppp,148,551,318,14.9,34,57046
ABprapppp,149,554,320,14.8,34,59243
ABprapppp,150,551,322,13.0,34,73766
ABprapppp,151,549,326,12.8,34,69858
ABprapppp,152,553,327,12.0,34,81393
ABprapppp,153,552,319,12.2,34,80070
ABprapppp,154,551,330,13.0,36,74251
ABprapppp,155,547,335,13.2,34,84660
ABprapppp,156,549,334,12.8,34,81332
ABprapppp,157,546,334,12.4,36,84512
ABprapppp,158,545,336,12.2,34,84250
ABprapppp,159,545,340,12.9,34,87141
ABprapppp,160,542,339,12.1,36,82214
ABprapppp,161,543,337,11.9,35,91899
ABprapppp,162,547,334,12.0,35,93569
ABprapppp,163,545,332,11.9,35,92786
ABprapppp,164,541,333,11.1,35,107034
ABprapppp,165,544,329,11.0,35,93601
ABprapppp,166,540,327,11.0,35,105147
ABprapppp,167,541,321,10.8,35,95250
ABprapppp,168,536,322,10.8,35,95542
ABprapppp,169,537,320,10.2,35,110731
ABprapppp,170,529,315,9.9,35,109498
ABprapppp,171,522,316,9.2,35,113989
ABprapppp,172,519,319,10.0,35,104458
ABprapppp,173,516,320,9.1,35,113586
ABprapppp,174,519,324,9.3,37,110055
ABprapppp,175,517,326,9.2,35,116166
ABprapppp,176,521,326,9.0,35,116756
ABprapppp,177,519,331,9.1,35,120436
ABprapppp,178,512,338,8.4,37,122601
ABprapppp,179,512,339,8.2,37,120293
ABprapppp,180,509,328,8.1,35,121566
ABprapppp,181,512,332,8.0,35,108470
ABprapppp,182,509,332,7.5,36,128407
ABprapppp,183,513,326,7.9,34,123698
ABprapppp,184,513,325,8.1,35,126964
ABprapppp,185,517,325,8.1,32,133596
ABprapppp,186,515,328,8.0,35,123171
ABprapppp,187,507,328,7.4,34,127204
ABprapppp,188,512,334,8.0,31,122665
ABprapppp,189,510,333,7.4,34,133413
ABprapppp,190,506,335,7.4,31,131210
ABprapppp,191,512,340,7.4,34,129852
ABprapppp,192,515,346,8.1,31,134164
ABprapppp,193,521,347,8.3,34,134479
ABprapppp,194,520,347,9.1,31,141632
ABprapppp,195,524,349,9.1,34,130362
ABprapppp,196,526,349,9.1,31,138342
ABprapppp,197,527,342,8.3,34,137878
ABprapppp,198,530,340,8.3,31,140220
ABprapppp,199,534,339,8.4,32,148669
ABprapppp,200,535,333,8.4,31,151078
ABprapppp,201,530,328,8.4,34,147440
ABprapppp,202,526,327,8.5,31,145474
ABprapppp,203,522,329,9.3,34,149349
ABprapppp,204,521,324,9.1,32,135322
ABprapppp,205,526,327,9.3,31,136460
ABprapppp,206,529,322,9.1,34,126997
ABprapppp,207,534,320,9.0,31,143832
ABprappppa,208,537,333,10.0,30,120205
ABprappppa,209,542,333,10.4,31,126338
ABprappppa,210,539,332,9.6,32,113254
ABprappppa,211,539,331,9.5,31,119761
ABprappppa,212,541,333,10.0,32,123399
ABprappppa,213,541,331,9.4,31,129370
ABprappppa,214,540,333,9.1,32,129019
ABprappppa,215,537,337,9.0,31,126402
ABprappppa,216,542,332,9.8,30,121188
ABprappppa,217,536,337,10.0,31,121489
ABprappppa,218,539,339,10.0,30,135361
ABprappppa,219,539,338,9.9,29,134878
ABprappppa,220,535,334,9.7,30,125927
ABprappppp,208,538,294,8.1,28,130019
ABprappppp,209,543,291,8.4,31,109609
ABprappppp,210,543,292,8.3,30,120278
ABprappppp,211,539,294,8.2,31,127110
ABprappppp,212,540,295,8.2,30,133009
ABprappppp,213,542,290,8.2,29,139941
ABprappppp,214,545,294,8.2,30,132532
ABprappppp,215,542,293,8.4,31,119830
ABprappppp,216,545,293,8.3,32,121089
ABprappppp,217,544,297,8.4,31,131526
ABprappppp,218,547,299,8.9,30,113700
ABprappppp,219,546,300,8.4,31,123795
ABprappppp,220,542,297,8.2,30,128687
ABprp,19,445,298,9.2,45,-468
ABprp,20,446,271,8.2,43,-800
ABprp,21,460,249,8.9,51,-379
ABprp,22,458,258,9.0,54,-562
ABprp,23,463,251,8.4,57,-121
ABprp,24,472,247,8.3,61,-695
ABprp,25,483,246,8.1,62,-1408
ABprp,26,489,256,8.1,64,-1020
ABprp,27,489,260,8.0,61,-324
ABprp,28,481,250,8.1,63,-529
ABprp,29,478,264,8.1,62,-835
ABprp,30,479,261,8.0,63,-1066
ABprp,31,472,254,7.3,61,-398
ABprp,32,475,239,7.5,64,-510
ABprp,33,476,233,8.7,61,-879
ABprp,34,475,235,9.0,63,-325
ABprp,35,478,241,9.6,64,-1037
ABprp,36,486,246,9.0,62,-403
ABprp,37,487,242,9.0,44,-708
ABprp,38,491,248,8.3,48,-297
ABprpa,39,462,241,6.3,34,443
ABprpa,40,442,246,6.1,36,-1213
ABprpa,41,448,243,6.0,46,-414
ABprpa,42,454,247,6.0,50,-625
ABprpa,43,449,242,5.5,50,-167
ABprpa,44,445,239,6.2,52,-1239
ABprpa,45,437,243,6.2,53,-1234
ABprpa,46,446,241,6.3,55,-701
ABprpa,47,444,240,7.5,57,-752
ABprpa,48,454,251,6.9,56,-515
ABprpa,49,468,260,6.4,56,-460
ABprpa,50,471,264,7.0,57,-670
ABprpa,51,474,265,7.2,57,-678
ABprpa,52,479,259,7.2,57,-385
ABprpa,53,480,267,7.1,59,-843
ABprpa,54,477,263,6.9,57,-922
ABprpa,55,476,271,6.8,58,130
ABprpa,56,483,274,7.6,58,-630
ABprpa,57,489,269,6.9,59,-749
ABprpa,58,487,270,6.8,58,-554
ABprpa,59,486,279,7.4,58,-522
ABprpa,60,486,280,7.6,58,36
ABprpa,61,486,281,7.2,56,16
ABprpa,62,484,285,7.2,56,-1160
ABprpa,63,482,294,8.0,55,-559
ABprpa,64,470,304,8.1,51,57
ABprpaa,65,467,325,7.2,36,-99
ABprpaa,66,468,325,7.6,49,-1042
ABprpaa,67,466,325,7.1,45,-1891
ABprpaa,68,467,334,7.1,49,-179
ABprpaa,69,468,344,7.0,49,510
ABprpaa,70,464,344,7.0,50,-246
ABprpaa,71,458,349,7.0,50,-326
ABprpaa,72,464,352,7.1,50,-1052
ABprpaa,73,461,355,7.2,51,-337
ABprpaa,74,465,354,7.2,51,358
ABprpaa,75,467,356,7.2,51,185
ABprpaa,76,461,357,7.3,51,-632
ABprpaa,77,462,359,7.8,50,316
ABprpaa,78,455,362,8.0,50,-553
ABprpaa,79,453,369,8.9,50,-301
ABprpaa,80,455,372,9.1,49,488
ABprpaa,81,460,373,9.8,49,-253
ABprpaa,82,460,374,10.0,49,321
ABprpaa,83,460,372,10.0,49,694
ABprpaa,84,455,370,9.8,49,844
ABprpaa,85,457,373,10.1,50,1037
ABprpaa,86,465,371,10.1,50,422
ABprpaa,87,464,366,9.7,50,462
ABprpaa,88,463,363,9.1,50,859
ABprpaa,89,462,359,8.8,49,848
ABprpaa,90,468,361,8.9,49,2025
ABprpaa,91,473,363,8.8,49,1475
ABprpaa,92,478,360,8.3,49,2086
ABprpaa,93,476,358,8.1,49,1210
ABprpaa,94,476,354,7.9,49,1596
ABprpaa,95,472,353,7.9,49,1481
ABprpaa,96,463,353,7.9,48,1345
ABprpaa,97,457,356,8.0,44,2750
ABprpaa,98,451,351,8.1,40,3904
ABprpaa,99,446,354,7.9,42,2255
ABprpaaa,100,402,367,7.1,33,3848
ABprpaaa,101,388,365,7.2,34,3844
ABprpaaa,102,383,367,7.5,38,2243
ABprpaaa,103,379,369,8.2,40,3830
ABprpaaa,104,373,372,8.0,41,3127
ABprpaaa,105,371,377,8.0,40,2658
ABprpaaa,106,368,377,8.0,42,1604
ABprpaaa,107,365,378,8.1,42,1269
ABprpaaa,108,366,381,8.8,42,2404
ABprpaaa,109,375,381,8.1,42,2115
ABprpaaa,110,370,380,8.1,42,3255
ABprpaaa,111,368,384,8.8,41,2203
ABprpaaa,112,372,382,8.9,42,3995
ABprpaaa,113,369,387,9.0,42,2520
ABprpaaa,114,370,388,9.1,42,484
ABprpaaa,115,373,390,10.0,42,5640
ABprpaaa,116,373,392,10.1,42,2573
ABprpaaa,117,368,393,10.9,42,3482
ABprpaaa,118,366,395,11.8,42,3758
ABprpaaa,119,361,396,11.9,42,2377
ABprpaaa,120,354,397,12.0,42,3981
ABprpaaa,121,351,396,12.0,42,3844
ABprpaaa,122,346,398,12.1,42,5137
ABprpaaa,123,342,400,12.2,42,4006
ABprpaaa,124,337,397,12.8,42,5254
ABprpaaa,125,335,399,13.1,42,3211
ABprpaaa,126,334,396,13.2,44,4557
ABprpaaa,127,329,399,13.9,42,2704
ABprpaaa,128,326,401,13.3,44,4076
ABprpaaa,129,320,399,14.1,44,4799
ABprpaaa,130,316,399,13.4,44,3891
ABprpaaa,131,313,402,14.3,46,4487
ABprpaaa,132,307,402,14.3,44,2994
ABprpaaa,133,303,398,14.1,44,5461
ABprpaaa,134,303,398,14.1,45,6700
ABprpaaa,135,302,397,14.1,45,4280
ABprpaaa,136,300,399,14.2,45,4496
ABprpaaa,137,299,399,14.4,42,5101
ABprpaaa,138,294,394,15.0,39,7268
ABprpaaa,139,278,388,15.0,38,4812
ABprpaaa,140,279,390,14.1,39,4021
ABprpaaaa,141,256,381,14.0,37,4299
ABprpaaaa,142,249,382,13.9,37,1703
ABprpaaaa,143,245,385,14.0,35,5575
ABprpaaaa,144,246,386,14.3,37,2713
ABprpaaaa,145,242,387,14.4,37,2986
ABprpaaaa,146,246,387,14.4,36,4093
ABprpaaaa,147,235,388,14.3,38,2388
ABprpaaaa,148,237,388,14.1,38,2017
ABprpaaaa,149,235,384,14.1,36,1787
ABprpaaaa,150,236,386,14.1,36,1990
ABprpaaaa,151,231,386,14.9,34,1056
ABprpaaaa,152,233,384,14.1,36,1394
ABprpaaaa,153,231,387,14.4,36,4707
ABprpaaaa,154,231,388,14.2,36,2333
ABprpaaaa,155,233,391,14.1,38,1871
ABprpaaaa,156,235,390,14.8,34,1177
ABprpaaaa,157,237,389,14.0,36,3018
ABprpaaaa,158,246,387,13.4,36,4083
ABprpaaaa,159,246,388,13.4,36,2108
ABprpaaaa,160,241,384,13.2,38,2542
ABprpaaaa,161,239,386,13.3,39,3518
ABprpaaaa,162,243,390,13.4,39,4753
ABprpaaaa,163,248,391,13.3,37,4469
ABprpaaaa,164,242,389,13.2,37,293
ABprpaaaa,165,242,387,13.0,37,3218
ABprpaaaa,166,240,386,12.5,37,1394
ABprpaaaa,167,241,390,12.4,39,3381
ABprpaaaa,168,246,391,12.4,39,3538
ABprpaaaa,169,246,386,12.4,39,4041
ABprpaaaa,170,251,387,12.1,37,3756
ABprpaaaa,171,249,386,11.6,37,3758
ABprpaaaa,172,252,388,11.2,37,4150
ABprpaaaa,173,255,388,11.3,39,5672
ABprpaaaa,174,256,385,11.1,39,4480
ABprpaaaa,175,260,379,10.5,39,3959
ABprpaaaa,176,259,379,10.4,39,5425
ABprpaaaa,177,260,380,10.4,39,3821
ABprpaaaa,178,258,378,10.2,39,2800
ABprpaaaa,179,254,370,10.1,39,4080
ABprpaaaa,180,247,367,10.3,39,3948
ABprpaaaa,181,246,364,9.5,39,3917
ABprpaaaa,182,246,360,9.4,38,4899
ABprpaaaa,183,246,361,9.3,38,4757
ABprpaaaa,184,243,361,9.3,37,3654
ABprpaaaa,185,245,359,9.3,36,2413
ABprpaaaa,186,250,355,9.2,35,4783
ABprpaaaa,187,246,349,9.3,34,4874
ABprpaaaa,188,246,350,9.4,31,5021
ABprpaaaa,189,248,350,9.4,32,6508
ABprpaaaa,190,247,350,10.0,29,4066
ABprpaaaa,191,248,351,10.0,30,5862
ABprpaaaa,192,249,354,10.0,29,7140
ABprpaaaa,193,248,354,9.5,34,5280
ABprpaaaaa,194,223,340,10.0,29,1199
ABprpaaaaa,195,225,342,9.8,30,64
ABprpaaaaa,196,224,344,9.9,29,2753
ABprpaaaaa,197,230,342,9.2,32,1380
ABprpaaaaa,198,230,341,8.8,29,1736
ABprpaaaaa,199,227,342,9.0,30,3342
ABprpaaaaa,200,226,342,9.1,26,722
ABprpaaaaa,201,225,342,9.9,30,3089
ABprpaaaaa,202,221,340,9.2,31,2110
ABprpaaaaa,203,221,342,9.8,30,5173
ABprpaaaaa,204,220,339,9.1,30,4951
ABprpaaaaa,205,220,343,9.2,31,4882
ABprpaaaaa,206,224,348,10.0,32,3380
ABprpaaaaa,207,225,345,9.2,31,3144
ABprpaaaaa,208,225,350,9.2,30,7441
ABprpaaaaa,209,226,348,8.5,31,1985
ABprpaaaaa,210,227,349,8.6,31,6271
ABprpaaaaa,211,229,351,8.7,31,5856
ABprpaaaaa,212,231,352,8.8,32,3171
ABprpaaaaa,213,233,354,8.9,32,3159
ABprpaaaaa,214,235,356,9.0,33,4185
ABprpaaaaa,215,235,357,9.0,33,3413
ABprpaaaaa,216,236,358,9.0,33,2641
ABprpaaaaa,217,236,359,9.1,32,2313
ABprpaaaaa,218,237,360,9.1,32,4453
ABprpaaaaa,219,238,361,9.1,31,3809
ABprpaaaaa,220,238,360,8.6,29,2728
ABprpaaaap,194,261,361,9.0,27,5480
ABprpaaaap,195,264,366,8.3,26,8217
ABprpaaaap,196,262,363,9.0,31,1473
ABprpaaaap,197,265,363,9.1,26,3976
ABprpaaaap,198,270,359,9.3,26,6173
ABprpaaaap,199,265,356,10.0,26,2161
ABprpaaaap,200,265,357,10.1,31,-2229
ABprpaaaap,201,260,357,10.1,26,5448
ABprpaaaap,202,260,357,10.1,26,874
ABprpaaaap,203,256,358,10.3,34,4127
ABprpaaaap,204,250,353,9.5,32,3056
ABprpaaaap,205,258,351,10.1,26,3541
ABprpaaaap,206,257,353,10.2,26,4718
ABprpaaaap,207,257,349,10.0,31,1415
ABprpaaaap,208,258,350,10.1,26,2223
ABprpaaaap,209,257,354,10.0,26,3089
ABprpaaaap,210,257,349,10.0,34,924
ABprpaaaap,211,260,346,10.1,31,1765
ABprpaaaap,212,262,349,10.1,32,-1646
ABprpaaaap,213,261,346,9.4,31,2570
ABprpaaaap,214,271,348,9.1,34,6523
ABprpaaaap,215,268,353,9.2,31,2701
ABprpaaaap,216,269,350,9.2,34,1920
ABprpaaaap,217,265,354,9.2,31,895
ABprpaaaap,218,267,351,10.0,26,1041
ABprpaaaap,219,269,353,9.3,31,564
ABprpaaaap,220,272,352,9.1,26,1752
ABprpaaap,141,297,398,14.1,39,4241
ABprpaaap,142,292,394,14.0,26,5947
ABprpaaap,143,290,396,13.3,26,7944
ABprpaaap,144,291,398,14.0,26,6223
ABprpaaap,145,290,397,14.1,26,6389
ABprpaaap,146,291,398,15.0,26,6577
ABprpaaap,147,285,399,15.3,36,4137
ABprpaaap,148,283,401,15.2,36,5183
ABprpaaap,149,277,398,15.1,36,4417
ABprpaaap,150,282,398,15.2,36,4264
ABprpaaap,151,279,399,15.2,36,4510
ABprpaaap,152,283,397,15.0,26,5078
ABprpaaap,153,286,399,14.6,36,5632
ABprpaaap,154,290,401,13.5,36,4219
ABprpaaap,155,289,396,14.1,34,7343
ABprpaaap,156,291,396,14.1,26,5239
ABprpaaap,157,292,396,13.5,36,4593
ABprpaaap,158,299,395,13.4,36,4383
ABprpaaap,159,295,399,13.6,36,6966
ABprpaaap,160,290,396,13.3,36,5597
ABprpaaap,161,287,400,13.3,37,4868
ABprpaaap,162,288,401,13.3,37,5486
ABprpaaap,163,294,401,12.4,39,5133
ABprpaaap,164,289,395,12.3,39,4080
ABprpaaap,165,290,394,12.1,39,3358
ABprpaaap,166,288,396,12.2,39,5476
ABprpaaap,167,288,399,12.2,39,4755
ABprpaaap,168,293,400,12.2,39,4071
ABprpaaap,169,290,402,12.0,39,4336
ABprpaaap,170,293,401,12.0,39,4816
ABprpaaap,171,292,402,12.2,39,5952
ABprpaaap,172,299,403,11.5,37,4099
ABprpaaap,173,302,400,12.1,37,4541
ABprpaaap,174,305,398,11.3,37,3504
ABprpaaap,175,303,397,11.1,39,4142
ABprpaaap,176,304,397,11.2,39,4171
ABprpaaap,177,303,397,11.1,37,5927
ABprpaaap,178,303,394,10.4,37,3764
ABprpaaap,179,296,392,10.3,39,6351
ABprpaaap,180,288,391,10.4,39,5954
ABprpaaap,181,289,389,10.3,39,5483
ABprpaaap,182,285,388,10.2,36,3287
ABprpaaap,183,290,382,9.4,36,1119
ABprpaaap,184,293,384,9.4,37,3728
ABprpaaap,185,291,383,10.0,36,3780
ABprpaaap,186,293,380,10.0,35,6326
ABprpaaap,187,291,377,9.3,34,6691
ABprpaaap,188,292,374,10.0,31,6334
ABprpaaap,189,290,369,10.1,34,5995
ABprpaaap,190,293,367,10.1,29,5692
ABprpaaap,191,294,369,10.0,30,5351
ABprpaaap,192,294,371,10.1,29,6874
ABprpaaapa,193,281,368,10.0,30,2549
ABprpaaapa,194,278,369,10.0,27,4338
ABprpaaapa,195,276,370,10.2,34,4811
ABprpaaapa,196,278,367,10.4,31,8451
ABprpaaapa,197,283,368,10.9,30,763
ABprpaaapa,198,283,366,11.2,31,1469
ABprpaaapa,199,280,373,10.4,26,3595
ABprpaaapa,200,280,373,10.4,26,2226
ABprpaaapa,201,276,365,11.1,34,816
ABprpaaapa,202,273,356,11.1,31,425
ABprpaaapa,203,273,356,11.1,31,72
ABprpaaapa,204,274,355,10.3,34,3449
ABprpaaapa,205,274,351,11.1,31,999
ABprpaaapa,206,276,351,11.1,34,4400
ABprpaaapa,207,277,350,11.1,26,1671
ABprpaaapa,208,278,356,11.3,34,3965
ABprpaaapa,209,276,359,11.1,31,3386
ABprpaaapa,210,280,357,11.1,30,1871
ABprpaaapa,211,279,361,11.0,31,2322
ABprpaaapa,212,279,365,10.7,30,1088
ABprpaaapa,213,279,369,10.5,28,5310
ABprpaaapa,214,278,373,10.2,26,8726
ABprpaaapa,215,278,373,10.2,26,6958
ABprpaaapa,216,277,374,10.1,26,3519
ABprpaaapa,217,277,374,10.4,31,5436
ABprpaaapa,218,278,371,10.6,31,3187
ABprpaaapa,219,279,368,10.7,31,-3254
ABprpaaapa,220,281,364,10.9,30,4223
ABprpaaapp,193,311,383,10.8,30,2997
ABprpaaapp,194,313,392,10.9,29,2856
ABprpaaapp,195,315,392,10.8,30,2486
ABprpaaapp,196,315,389,10.3,31,4113
ABprpaaapp,197,320,383,10.3,26,1041
ABprpaaapp,198,317,389,10.3,26,3166
ABprpaaapp,199,309,388,10.3,26,1105
ABprpaaapp,200,308,391,10.3,31,4320
ABprpaaapp,201,306,387,10.2,34,3094
ABprpaaapp,202,297,386,10.4,31,4838
ABprpaaapp,203,299,386,10.4,34,661
ABprpaaapp,204,298,385,10.3,34,2210
ABprpaaapp,205,292,385,10.4,31,1651
ABprpaaapp,206,293,384,10.2,26,5454
ABprpaaapp,207,292,382,10.1,31,4655
ABprpaaapp,208,300,384,10.3,32,2065
ABprpaaapp,209,307,385,10.1,26,2710
ABprpaaapp,210,301,385,9.3,26,4894
ABprpaaapp,211,299,386,9.4,31,2665
ABprpaaapp,212,301,388,9.3,34,2642
ABprpaaapp,213,303,383,9.2,31,3778
ABprpaaapp,214,304,385,9.2,34,3599
ABprpaaapp,215,304,383,9.2,31,241
ABprpaaapp,216,305,382,9.0,34,3780
ABprpaaapp,217,305,384,9.1,31,2347
ABprpaaapp,218,304,383,9.1,34,3142
ABprpaaapp,219,295,383,9.1,31,3818
ABprpaaapp,220,304,386,10.1,26,3136
ABprpaap,100,443,350,8.0,31,2179
ABprpaap,101,433,353,8.1,32,2379
ABprpaap,102,431,350,8.1,36,3445
ABprpaap,103,431,346,8.1,38,1496
ABprpaap,104,437,346,8.1,41,649
ABprpaap,105,434,348,7.5,40,1640
ABprpaap,106,435,356,8.1,42,2556
ABprpaap,107,438,361,8.8,42,1478
ABprpaap,108,437,363,8.9,42,1891
ABprpaap,109,443,362,8.9,42,2525
ABprpaap,110,441,366,9.0,42,2368
ABprpaap,111,438,364,9.0,41,1982
ABprpaap,112,441,362,8.9,42,940
ABprpaap,113,437,366,8.9,42,1981
ABprpaap,114,438,370,9.1,42,1949
ABprpaap,115,438,371,9.1,42,2347
ABprpaap,116,434,370,9.2,42,3311
ABprpaap,117,431,376,9.9,42,3688
ABprpaap,118,427,380,10.0,42,3088
ABprpaap,119,422,381,10.0,42,3079
ABprpaap,120,412,384,10.9,42,3900
ABprpaap,121,411,386,11.0,42,3919
ABprpaap,122,406,387,11.1,42,3497
ABprpaap,123,400,385,11.1,42,4840
ABprpaap,124,393,384,11.1,42,3967
ABprpaap,125,392,381,12.0,42,784
ABprpaap,126,386,378,12.9,42,2686
ABprpaap,127,381,383,13.2,44,1271
ABprpaap,128,380,388,13.9,42,3216
ABprpaap,129,375,392,14.2,42,2615
ABprpaap,130,370,396,15.1,42,2909
ABprpaap,131,371,396,15.2,44,2784
ABprpaap,132,365,396,15.3,44,5505
ABprpaap,133,361,396,15.9,42,4969
ABprpaap,134,358,396,15.9,41,3141
ABprpaap,135,352,395,16.0,41,8654
ABprpaap,136,348,395,16.9,41,10868
ABprpaap,137,348,393,16.0,34,6125
ABprpaap,138,342,392,16.1,35,5240
ABprpaapa,139,314,395,17.0,34,3578
ABprpaapa,140,305,398,17.0,37,1784
ABprpaapa,141,314,392,17.1,39,-1521
ABprpaapa,142,306,396,16.1,37,3995
ABprpaapa,143,303,401,16.0,37,5327
ABprpaapa,144,303,403,16.1,39,3677
ABprpaapa,145,301,400,16.1,39,2252
ABprpaapa,146,303,402,17.1,38,3486
ABprpaapa,147,301,400,18.1,38,8637
ABprpaapa,148,295,397,18.1,36,7445
ABprpaapa,149,294,397,18.0,38,7549
ABprpaapa,150,294,395,18.0,38,3453
ABprpaapa,151,291,396,17.2,38,4162
ABprpaapa,152,287,394,17.1,36,3244
ABprpaapa,153,287,394,17.1,36,3182
ABprpaapa,154,282,398,17.1,36,4624
ABprpaapa,155,281,393,17.1,36,4917
ABprpaapa,156,280,399,16.2,38,3406
ABprpaapa,157,272,395,16.4,38,2515
ABprpaapa,158,274,397,16.2,36,3008
ABprpaapa,159,269,396,16.3,38,2191
ABprpaapa,160,275,396,16.1,38,4685
ABprpaapa,161,271,399,16.2,39,3903
ABprpaapa,162,274,399,16.2,39,3950
ABprpaapa,163,273,400,16.1,39,5790
ABprpaapa,164,268,400,16.1,37,4198
ABprpaapa,165,272,399,15.3,37,4370
ABprpaapa,166,269,400,15.3,37,3621
ABprpaapa,167,274,400,15.3,39,7221
ABprpaapa,168,273,399,15.3,39,5083
ABprpaapa,169,275,398,15.2,39,8144
ABprpaapa,170,277,398,15.2,39,4701
ABprpaapa,171,275,397,15.3,39,7449
ABprpaapa,172,274,398,15.1,39,7566
ABprpaapa,173,274,396,15.1,39,9152
ABprpaapa,174,272,394,14.4,37,7223
ABprpaapa,175,271,396,14.2,39,7955
ABprpaapa,176,272,395,14.1,37,10647
ABprpaapa,177,271,397,14.1,37,10285
ABprpaapa,178,266,393,13.3,39,6202
ABprpaapa,179,263,392,13.2,37,7946
ABprpaapa,180,258,393,13.2,37,9605
ABprpaapa,181,259,392,13.1,37,5543
ABprpaapa,182,254,388,12.4,38,4540
ABprpaapa,183,260,388,12.2,36,5072
ABprpaapa,184,261,390,12.2,37,4818
ABprpaapa,185,259,388,12.2,36,1180
ABprpaapa,186,263,389,12.1,35,5028
ABprpaapa,187,261,387,12.0,34,3833
ABprpaapa,188,261,387,12.0,34,7377
ABprpaapa,189,261,384,12.2,34,1243
ABprpaapa,190,258,380,12.3,31,10330
ABprpaapa,191,258,380,12.3,31,8704
ABprpaapa,192,255,380,13.0,29,6884
ABprpaapaa,193,237,370,12.9,30,8481
ABprpaapaa,194,232,365,12.8,29,151
ABprpaapaa,195,235,360,11.9,30,-929
ABprpaapaa,196,233,358,11.3,31,3137
ABprpaapaa,197,236,356,11.2,26,-132
ABprpaapaa,198,234,357,11.2,27,3975
ABprpaapaa,199,232,358,11.3,29,14853
ABprpaapaa,200,230,360,11.3,31,1603
ABprpaapaa,201,224,360,12.0,30,3584
ABprpaapaa,202,225,360,12.0,31,-50
ABprpaapaa,203,222,359,12.0,30,2405
ABprpaapaa,204,224,358,11.4,34,5555
ABprpaapaa,205,224,356,11.3,31,3371
ABprpaapaa,206,228,361,12.0,30,2208
ABprpaapaa,207,228,362,12.0,31,2188
ABprpaapaa,208,231,363,12.2,30,5702
ABprpaapaa,209,233,360,11.3,31,3853
ABprpaapaa,210,229,358,11.1,34,1543
ABprpaapaa,211,229,358,11.1,34,2125
ABprpaapaa,212,230,364,11.9,30,6952
ABprpaapaa,213,233,365,11.2,31,4451
ABprpaapaa,214,235,365,11.2,32,3537
ABprpaapaa,215,238,363,11.1,31,4196
ABprpaapaa,216,236,364,11.1,34,753
ABprpaapaa,217,238,367,11.1,31,-129
ABprpaapaa,218,239,365,11.2,34,1650
ABprpaapaa,219,239,365,11.7,34,1028
ABprpaapaa,220,238,364,12.1,34,1479
ABprpaapap,193,275,390,13.2,34,5224
ABprpaapap,194,270,391,13.2,26,6994
ABprpaapap,195,271,390,13.2,32,7729
ABprpaapap,196,265,387,13.2,31,4459
ABprpaapap,197,271,384,13.1,26,8563
ABprpaapap,198,271,379,13.2,31,6820
ABprpaapap,199,266,381,13.1,26,1255
ABprpaapap,200,263,382,13.1,31,2100
ABprpaapap,201,258,378,13.2,34,7045
ABprpaapap,202,257,377,13.2,31,4558
ABprpaapap,203,257,375,13.2,34,4504
ABprpaapap,204,256,375,12.3,34,822
ABprpaapap,205,256,373,12.4,31,1529
ABprpaapap,206,257,374,13.0,32,2603
ABprpaapap,207,257,373,12.4,31,4355
ABprpaapap,208,259,376,13.0,30,2575
ABprpaapap,209,257,380,12.3,31,1872
ABprpaapap,210,257,375,12.2,32,761
ABprpaapap,211,257,371,12.3,31,3273
ABprpaapap,212,269,369,12.1,34,2623
ABprpaapap,213,262,374,12.2,31,3414
ABprpaapap,214,267,378,12.2,34,-144
ABprpaapap,215,263,379,12.3,31,1920
ABprpaapap,216,264,382,12.2,34,3550
ABprpaapap,217,262,382,13.1,31,0
ABprpaapap,218,271,376,12.1,34,-541
ABprpaapap,219,266,381,12.3,31,3554
ABprpaapap,220,268,383,12.3,34,-312
ABprpaapp,139,356,394,16.0,36,409
ABprpaapp,140,358,393,15.8,37,1995
ABprpaapp,141,364,392,16.0,37,3806
ABprpaapp,142,363,395,15.9,37,2138
ABprpaapp,143,362,395,15.0,37,5665
ABprpaapp,144,361,391,15.2,37,7921
ABprpaapp,145,353,394,15.0,37,4883
ABprpaapp,146,350,393,15.2,36,5277
ABprpaapp,147,346,391,15.3,38,2060
ABprpaapp,148,344,390,15.2,38,4141
ABprpaapp,149,337,391,15.1,38,3161
ABprpaapp,150,339,387,15.1,36,3895
ABprpaapp,151,335,387,15.8,34,4756
ABprpaapp,152,334,386,15.3,38,1243
ABprpaapp,153,334,388,15.2,36,4323
ABprpaapp,154,333,388,15.3,36,-112
ABprpaapp,155,333,385,15.2,38,2643
ABprpaapp,156,329,383,16.1,38,7428
ABprpaapp,157,328,385,16.0,38,4671
ABprpaapp,158,330,383,15.2,38,1614
ABprpaapp,159,327,384,16.0,38,3406
ABprpaapp,160,330,383,15.2,36,4326
ABprpaapp,161,329,386,15.1,37,7006
ABprpaapp,162,333,391,15.1,37,9068
ABprpaapp,163,337,394,15.1,39,12088
ABprpaapp,164,331,394,15.1,39,8834
ABprpaapp,165,331,395,15.0,39,11419
ABprpaapp,166,331,398,14.3,39,10298
ABprpaapp,167,332,396,15.0,39,12015
ABprpaapp,168,333,398,14.2,39,6168
ABprpaapp,169,331,398,14.2,39,8336
ABprpaapp,170,332,400,14.2,39,8084
ABprpaapp,171,329,400,14.3,39,10652
ABprpaapp,172,332,399,14.1,39,12167
ABprpaapp,173,336,398,14.2,39,8380
ABprpaapp,174,331,396,14.2,39,13644
ABprpaapp,175,329,395,14.1,39,20856
ABprpaapp,176,328,397,14.1,39,18442
ABprpaapp,177,327,395,14.1,39,23586
ABprpaapp,178,321,396,13.2,39,14297
ABprpaapp,179,320,398,13.2,39,14168
ABprpaapp,180,317,399,13.3,39,16452
ABprpaapp,181,317,399,13.2,39,14180
ABprpaapp,182,312,400,13.2,38,10856
ABprpaapp,183,311,400,13.5,38,36614
ABprpaapp,184,310,399,13.7,37,34792
ABprpaapp,185,308,398,14.0,36,29992
ABprpaapp,186,309,397,13.2,35,11283
ABprpaapp,187,308,396,13.2,34,13601
ABprpaapp,188,309,392,13.1,31,2848
ABprpaapp,189,309,394,14.0,30,14238
ABprpaappa,190,293,391,13.8,29,-35
ABprpaappa,191,284,395,13.8,30,-2304
ABprpaappa,192,288,397,13.9,29,1858
ABprpaappa,193,292,398,14.0,26,2943
ABprpaappa,194,292,400,14.1,31,4263
ABprpaappa,195,295,395,13.2,26,1014
ABprpaappa,196,291,396,14.1,31,2528
ABprpaappa,197,291,393,13.4,32,1444
ABprpaappa,198,296,392,14.0,31,-2722
ABprpaappa,199,289,390,13.3,34,-306
ABprpaappa,200,286,390,13.2,31,500
ABprpaappa,201,284,388,13.2,30,2123
ABprpaappa,202,282,387,14.0,31,-3585
ABprpaappa,203,283,383,14.0,30,-4146
ABprpaappa,204,283,385,13.8,30,1263
ABprpaappa,205,284,380,14.0,31,30
ABprpaappa,206,284,381,13.8,31,2996
ABprpaappa,207,284,382,13.6,31,-1752
ABprpaappa,208,285,383,13.4,32,875
ABprpaappa,209,285,384,13.2,32,1079
ABprpaappa,210,286,386,13.0,33,3047
ABprpaappa,211,287,386,13.0,33,4701
ABprpaappa,212,288,386,13.0,33,553
ABprpaappa,213,289,386,13.0,33,3744
ABprpaappa,214,290,386,13.0,33,4036
ABprpaappa,215,291,386,13.0,33,6234
ABprpaappa,216,292,386,13.0,33,-854
ABprpaappa,217,292,381,13.0,31,-4378
ABprpaappa,218,294,383,13.2,34,-2884
ABprpaappa,219,290,383,14.0,26,6557
ABprpaappa,220,292,384,13.3,34,-9052
ABprpaappp,190,321,397,13.9,29,16645
ABprpaappp,191,330,396,13.1,30,-3940
ABprpaappp,192,331,395,13.1,29,-2171
ABprpaappp,193,338,398,13.2,30,-9524
ABprpaappp,194,333,402,13.9,29,-285
ABprpaappp,195,337,398,13.0,30,-2314
ABprpaappp,196,336,396,13.1,31,279
ABprpaappp,197,335,394,13.2,30,-1090
ABprpaappp,198,335,394,13.0,31,-8327
ABprpaappp,199,327,396,12.3,34,-3153
ABprpaappp,200,320,395,12.3,31,-2947
ABprpaappp,201,317,396,12.9,30,-3293
ABprpaappp,202,313,395,13.1,31,-2739
ABprpaappp,203,312,393,13.1,30,-8424
ABprpaappp,204,311,394,13.1,32,3373
ABprpaappp,205,309,393,12.3,31,-1418
ABprpaappp,206,312,393,12.3,32,-5810
ABprpaappp,207,311,392,12.3,31,-1020
ABprpaappp,208,316,390,12.4,34,-2340
ABprpaappp,209,319,389,12.2,31,-1300
ABprpaappp,210,318,389,12.1,32,-2995
ABprpaappp,211,317,387,12.1,31,-8023
ABprpaappp,212,317,389,12.0,30,-3077
ABprpaappp,213,320,390,11.4,31,-4622
ABprpaappp,214,324,391,12.0,30,-3895
ABprpaappp,215,322,393,12.1,31,286
ABprpaappp,216,318,393,11.3,34,-8899
ABprpaappp,217,315,392,12.0,31,-2963
ABprpaappp,218,317,395,11.4,34,-9607
ABprpaappp,219,312,394,12.1,31,-2075
ABprpaappp,220,314,395,12.1,34,-6325
ABprpap,65,488,279,7.2,34,91
ABprpap,66,490,271,7.1,41,-168
ABprpap,67,498,271,7.0,41,-6
ABprpap,68,494,272,7.1,47,-501
ABprpap,69,490,272,6.9,49,-132
ABprpap,70,490,269,6.9,50,835
ABprpap,71,494,268,6.9,50,-124
ABprpap,72,505,269,7.1,50,593
ABprpap,73,510,268,7.2,51,-186
ABprpap,74,514,261,7.1,51,253
ABprpap,75,520,257,6.9,51,8
ABprpap,76,513,261,6.8,51,84
ABprpap,77,515,266,6.8,50,333
ABprpap,78,510,280,7.1,50,972
ABprpap,79,508,280,7.1,50,112
ABprpap,80,503,284,7.1,49,-9
ABprpap,81,501,287,7.2,49,-457
ABprpap,82,501,292,7.2,49,875
ABprpap,83,503,297,7.2,49,537
ABprpap,84,500,295,7.2,49,1378
ABprpap,85,499,302,7.8,50,260
ABprpap,86,501,298,7.1,50,862
ABprpap,87,501,295,7.2,50,437
ABprpap,88,500,292,7.0,50,442
ABprpap,89,500,286,7.2,49,1324
ABprpap,90,504,285,7.2,49,1703
ABprpap,91,503,290,7.2,49,2266
ABprpap,92,503,288,7.2,49,2227
ABprpap,93,505,290,7.9,49,1894
ABprpap,94,506,291,8.0,49,1307
ABprpap,95,503,290,7.8,49,1688
ABprpap,96,498,293,8.1,48,2949
ABprpap,97,495,294,8.9,46,3714
ABprpapa,98,478,303,7.2,34,4310
ABprpapa,99,474,302,7.1,34,3712
ABprpapa,100,465,302,7.1,37,2245
ABprpapa,101,466,308,7.1,38,4791
ABprpapa,102,467,312,6.9,40,1715
ABprpapa,103,465,315,6.8,40,1967
ABprpapa,104,467,317,6.8,41,1140
ABprpapa,105,464,320,6.8,42,2780
ABprpapa,106,458,324,6.9,42,2415
ABprpapa,107,457,331,7.0,42,4123
ABprpapa,108,458,334,6.9,42,2551
ABprpapa,109,462,337,6.9,42,3569
ABprpapa,110,461,340,6.8,42,3084
ABprpapa,111,460,342,6.8,41,3286
ABprpapa,112,466,337,6.8,42,3909
ABprpapa,113,461,336,6.9,42,4698
ABprpapa,114,457,336,6.9,42,6290
ABprpapa,115,454,332,6.9,42,6583
ABprpapa,116,449,336,7.0,42,5890
ABprpapa,117,446,342,7.0,42,7061
ABprpapa,118,443,344,7.0,42,8177
ABprpapa,119,434,345,7.2,42,6849
ABprpapa,120,424,349,7.2,42,7181
ABprpapa,121,421,357,7.1,42,8428
ABprpapa,122,417,359,7.8,42,10817
ABprpapa,123,412,360,7.1,42,10978
ABprpapa,124,403,357,7.2,42,10693
ABprpapa,125,401,361,7.1,42,10174
ABprpapa,126,398,364,7.1,42,14060
ABprpapa,127,395,365,7.2,42,12002
ABprpapa,128,392,365,7.2,42,16930
ABprpapa,129,387,366,7.9,42,14340
ABprpapa,130,384,370,8.0,42,14371
ABprpapa,131,380,371,8.1,42,17090
ABprpapa,132,376,368,8.0,42,17152
ABprpapa,133,371,369,7.9,42,19590
ABprpapa,134,369,366,8.0,41,16683
ABprpapa,135,371,368,8.0,41,25476
ABprpapa,136,371,368,8.1,33,28634
ABprpapa,137,364,369,8.1,30,33550
ABprpapaa,138,346,371,9.0,33,19159
ABprpapaa,139,337,383,9.3,27,29587
ABprpapaa,140,341,385,9.2,33,21833
ABprpapaa,141,348,388,10.1,35,19315
ABprpapaa,142,346,387,10.8,37,18988
ABprpapaa,143,344,394,10.9,35,21138
ABprpapaa,144,343,395,11.1,35,27990
ABprpapaa,145,341,392,11.1,35,27504
ABprpapaa,146,339,393,11.1,34,25708
ABprpapaa,147,334,392,11.0,34,28000
ABprpapaa,148,333,393,10.2,34,30192
ABprpapaa,149,330,394,10.0,34,30240
ABprpapaa,150,329,392,9.3,36,32674
ABprpapaa,151,329,391,9.3,36,38678
ABprpapaa,152,327,390,9.1,36,34782
ABprpapaa,153,327,389,8.6,36,34223
ABprpapaa,154,324,390,8.5,36,41477
ABprpapaa,155,325,391,9.5,36,40172
ABprpapaa,156,319,390,10.0,34,35721
ABprpapaa,157,320,392,9.6,36,42083
ABprpapaa,158,320,388,9.9,34,36377
ABprpapaa,159,319,388,9.2,34,42607
ABprpapaa,160,321,385,8.4,36,45614
ABprpapaa,161,318,384,8.9,35,45447
ABprpapaa,162,319,383,9.2,37,43250
ABprpapaa,163,317,381,9.1,37,45732
ABprpapaa,164,315,375,8.8,35,44565
ABprpapaa,165,317,373,8.1,35,51185
ABprpapaa,166,314,370,8.1,37,48911
ABprpapaa,167,316,365,7.6,37,47887
ABprpapaa,168,312,363,8.2,37,46122
ABprpapaa,169,311,362,8.2,35,51735
ABprpapaa,170,312,362,8.1,37,49371
ABprpapaa,171,308,364,8.1,37,52471
ABprpapaa,172,310,362,8.0,37,54841
ABprpapaa,173,313,364,8.3,37,55536
ABprpapaa,174,314,364,7.6,37,56111
ABprpapaa,175,314,358,8.0,35,57519
ABprpapaa,176,314,358,8.0,39,55108
ABprpapaa,177,313,361,8.0,37,58843
ABprpapaa,178,314,357,7.4,37,61934
ABprpapaa,179,314,359,7.4,37,62528
ABprpapaa,180,309,359,7.9,35,59959
ABprpapaa,181,305,355,7.4,37,64384
ABprpapaa,182,304,355,7.4,38,65713
ABprpapaa,183,314,347,7.2,36,65047
ABprpapaa,184,314,347,7.2,37,66340
ABprpapaa,185,312,348,7.4,36,66862
ABprpapaa,186,322,350,7.2,35,72360
ABprpapaa,187,319,348,7.1,34,67169
ABprpapaa,188,324,348,7.2,31,65044
ABprpapaa,189,322,348,7.4,34,75298
ABprpapaa,190,324,343,7.5,31,73225
ABprpapaa,191,326,348,7.4,34,77767
ABprpapaa,192,324,349,8.1,31,83710
ABprpapaa,193,325,346,7.3,28,72191
ABprpapaa,194,324,349,7.5,31,102014
ABprpapaaa,195,314,355,8.9,24,63247
ABprpapaaa,196,313,358,8.1,29,77422
ABprpapaaa,197,312,353,8.0,30,67967
ABprpapaaa,198,315,352,8.1,31,58258
ABprpapaaa,199,311,355,8.0,30,63205
ABprpapaaa,200,305,353,8.0,29,66149
ABprpapaaa,201,305,347,8.0,26,77005
ABprpapaaa,202,305,345,8.1,29,64424
ABprpapaaa,203,305,346,7.9,30,65207
ABprpapaaa,204,300,339,8.1,26,75798
ABprpapaaa,205,299,334,8.1,26,69424
ABprpapaaa,206,299,332,8.3,26,77098
ABprpapaaa,207,299,329,8.2,26,73783
ABprpapaaa,208,301,327,8.2,26,81388
ABprpapaaa,209,300,321,8.0,29,71929
ABprpapaaa,210,301,323,8.1,30,68407
ABprpapaaa,211,300,319,7.5,31,68524
ABprpapaaa,212,300,319,8.0,32,63759
ABprpapaaa,213,302,316,8.1,31,83124
ABprpapaaa,214,303,319,8.1,30,75220
ABprpapaaa,215,304,319,7.5,31,72306
ABprpapaaa,216,298,322,7.2,32,69609
ABprpapaaa,217,298,317,7.9,29,75972
ABprpapaaa,218,299,318,7.4,34,66462
ABprpapaaa,219,296,319,7.4,31,71714
ABprpapaaa,220,296,321,7.9,30,79283
ABprpapaap,195,348,357,7.1,28,67886
ABprpapaap,196,351,359,7.2,29,74994
ABprpapaap,197,352,358,7.3,30,62763
ABprpapaap,198,353,352,7.1,29,70515
ABprpapaap,199,354,351,7.0,30,59180
ABprpapaap,200,353,358,7.0,29,70590
ABprpapaap,201,353,355,5.9,30,68240
ABprpapaap,202,345,360,6.1,31,68890
ABprpapaap,203,336,357,6.8,30,62842
ABprpapaap,204,332,347,6.9,30,62261
ABprpapaap,205,333,334,7.1,31,64292
ABprpapaap,206,333,329,7.0,30,69468
ABprpapaap,207,334,323,7.2,31,61323
ABprpapaap,208,335,328,7.2,30,66085
ABprpapaap,209,335,323,7.1,31,72135
ABprpapaap,210,339,324,7.8,30,67671
ABprpapaap,211,338,319,7.1,31,59914
ABprpapaap,212,337,319,7.3,31,56761
ABprpapaap,213,336,319,7.4,31,60854
ABprpapaap,214,335,320,7.6,32,70191
ABprpapaap,215,334,320,7.7,32,60894
ABprpapaap,216,333,320,7.9,32,58804
ABprpapaap,217,331,321,8.0,33,58516
ABprpapaap,218,331,321,7.8,33,64019
ABprpapaap,219,331,321,7.6,32,63491
ABprpapaap,220,331,321,7.3,32,69179
ABprpapap,138,379,374,9.0,35,19132
ABprpapap,139,384,382,9.2,34,23551
ABprpapap,140,383,381,9.1,37,21136
ABprpapap,141,383,379,9.0,37,20665
ABprpapap,142,379,379,8.3,37,21458
ABprpapap,143,377,377,7.9,35,24554
ABprpapap,144,372,373,7.2,37,24615
ABprpapap,145,369,373,7.1,35,23294
ABprpapap,146,362,374,6.5,36,29601
ABprpapap,147,357,376,7.1,36,29470
ABprpapap,148,355,377,7.0,36,28546
ABprpapap,149,358,377,7.4,36,32180
ABprpapap,150,356,376,7.8,34,29117
ABprpapap,151,349,374,7.2,36,30461
ABprpapap,152,347,372,7.0,36,34677
ABprpapap,153,349,370,6.5,36,36192
ABprpapap,154,349,374,6.4,36,35251
ABprpapap,155,350,375,7.1,36,37209
ABprpapap,156,346,375,7.3,36,35187
ABprpapap,157,345,375,8.0,36,33964
ABprpapap,158,344,374,8.0,34,39297
ABprpapap,159,345,373,7.9,34,39774
ABprpapap,160,345,370,7.2,36,43925
ABprpapap,161,345,372,7.2,37,45490
ABprpapap,162,345,373,8.0,26,40198
ABprpapap,163,345,373,7.3,39,41032
ABprpapap,164,345,374,7.9,35,38227
ABprpapap,165,348,373,7.3,37,49860
ABprpapap,166,349,372,7.8,35,46189
ABprpapap,167,348,376,7.3,37,47627
ABprpapap,168,343,377,7.9,35,45936
ABprpapap,169,341,378,7.9,35,46040
ABprpapap,170,340,376,8.0,35,47516
ABprpapap,171,342,373,7.9,35,43799
ABprpapap,172,344,371,7.2,35,57411
ABprpapap,173,346,374,7.2,37,55527
ABprpapap,174,345,369,6.5,37,54542
ABprpapap,175,344,367,6.4,37,54794
ABprpapap,176,342,365,6.3,37,59132
ABprpapap,177,345,364,6.2,37,57795
ABprpapap,178,345,359,6.0,35,53649
ABprpapap,179,347,358,5.5,37,62214
ABprpapap,180,346,362,6.0,35,55233
ABprpapap,181,342,357,6.1,37,54647
ABprpapap,182,339,356,5.5,36,61153
ABprpapap,183,347,354,5.9,34,62254
ABprpapap,184,349,354,6.0,37,59834
ABprpapap,185,351,354,5.4,36,67058
ABprpapap,186,359,352,5.3,35,67085
ABprpapap,187,359,346,5.4,34,68262
ABprpapap,188,358,343,5.4,31,66388
ABprpapap,189,361,347,6.1,34,75908
ABprpapap,190,362,341,6.0,31,83471
ABprpapap,191,366,339,6.0,30,92973
ABprpapap,192,366,336,6.0,29,80847
ABprpapap,193,366,337,5.9,30,101995
ABprpapapa,194,350,344,5.8,29,73019
ABprpapapa,195,357,343,4.6,26,63040
ABprpapapa,196,360,342,5.4,26,71590
ABprpapapa,197,358,343,5.0,26,64936
ABprpapapa,198,361,338,5.1,26,65475
ABprpapapa,199,361,338,5.1,26,60126
ABprpapapa,200,359,336,5.1,31,63770
ABprpapapa,201,356,329,5.2,32,61638
ABprpapapa,202,353,331,5.2,31,60553
ABprpapapa,203,352,325,5.2,32,58727
ABprpapapa,204,353,325,5.1,32,57250
ABprpapapa,205,352,322,5.2,31,65783
ABprpapapa,206,353,318,5.1,30,60993
ABprpapapa,207,357,315,5.2,31,60228
ABprpapapa,208,358,314,5.2,32,60112
ABprpapapa,209,362,309,5.4,31,62069
ABprpapapa,210,363,302,5.4,32,52558
ABprpapapa,211,364,297,5.4,31,61743
ABprpapapa,212,363,297,5.3,34,54910
ABprpapapa,213,361,297,5.4,31,60395
ABprpapapa,214,363,297,6.0,32,58953
ABprpapapa,215,363,300,6.1,31,61299
ABprpapapa,216,363,298,6.1,34,56099
ABprpapapa,217,365,301,6.1,31,64122
ABprpapapa,218,362,307,6.3,34,59359
ABprpapapa,219,360,309,6.4,31,67545
ABprpapapa,220,362,309,6.2,34,65877
ABprpapapp,194,386,326,5.8,29,72622
ABprpapapp,195,394,327,6.0,30,63107
ABprpapapp,196,394,320,5.9,29,57437
ABprpapapp,197,390,318,5.8,30,57099
ABprpapapp,198,393,311,6.1,31,53286
ABprpapapp,199,390,307,5.8,30,57994
ABprpapapp,200,391,304,5.5,31,63132
ABprpapapp,201,388,303,5.7,30,53220
ABprpapapp,202,385,304,5.1,26,66531
ABprpapapp,203,385,307,5.0,30,65060
ABprpapapp,204,388,307,5.0,30,56597
ABprpapapp,205,386,307,4.6,31,52767
ABprpapapp,206,384,302,5.2,32,54940
ABprpapapp,207,389,305,5.1,29,64220
ABprpapapp,208,390,307,5.2,30,61229
ABprpapapp,209,392,304,5.2,31,62822
ABprpapapp,210,392,296,5.2,32,55369
ABprpapapp,211,393,297,5.3,31,66995
ABprpapapp,212,393,296,5.9,30,62341
ABprpapapp,213,393,296,6.0,26,58028
ABprpapapp,214,393,297,5.8,30,57153
ABprpapapp,215,392,299,5.3,31,65366
ABprpapapp,216,392,297,5.9,30,59748
ABprpapapp,217,392,298,5.9,30,63178
ABprpapapp,218,392,300,5.9,31,69002
ABprpapapp,219,391,302,6.0,31,62712
ABprpapapp,220,391,304,6.0,32,56909
ABprpapp,98,496,268,7.3,34,2342
ABprpapp,99,499,264,7.4,34,3030
ABprpapp,100,501,268,8.1,39,2432
ABprpapp,101,510,278,7.9,40,1500
ABprpapp,102,515,280,7.9,40,2876
ABprpapp,103,517,275,8.2,40,3036
ABprpapp,104,513,274,7.9,41,2311
ABprpapp,105,510,270,7.1,42,2905
ABprpapp,106,509,273,7.0,42,2024
ABprpapp,107,505,278,6.8,42,3633
ABprpapp,108,499,284,6.7,42,3365
ABprpapp,109,500,287,6.9,42,3375
ABprpapp,110,499,293,7.0,42,2691
ABprpapp,111,499,291,6.3,41,5232
ABprpapp,112,498,287,6.8,42,2659
ABprpapp,113,495,282,6.2,42,5090
ABprpapp,114,491,284,6.1,42,5779
ABprpapp,115,490,279,6.1,42,4641
ABprpapp,116,484,291,6.1,42,5525
ABprpapp,117,480,299,6.0,42,5906
ABprpapp,118,481,303,6.1,42,7212
ABprpapp,119,475,314,6.0,42,5152
ABprpapp,120,469,330,6.0,42,6764
ABprpapp,121,472,333,6.1,44,8279
ABprpapp,122,468,339,6.1,42,8502
ABprpapp,123,467,343,6.0,42,7435
ABprpapp,124,459,344,6.1,44,10036
ABprpapp,125,456,346,6.8,42,9902
ABprpapp,126,451,349,6.2,42,9986
ABprpapp,127,447,357,6.9,42,12510
ABprpapp,128,446,360,7.0,42,13832
ABprpapp,129,438,363,7.1,42,17238
ABprpapp,130,436,366,7.2,42,17151
ABprpapp,131,435,367,7.8,42,18834
ABprpapp,132,429,368,7.9,42,18302
ABprpapp,133,424,366,7.9,42,18312
ABprpapp,134,422,364,7.9,41,24727
ABprpapp,135,420,361,7.1,33,31494
ABprpapp,136,416,360,7.2,37,31980
ABprpappa,137,409,366,7.2,32,27919
ABprpappa,138,405,365,7.1,35,22086
ABprpappa,139,402,366,7.1,27,24529
ABprpappa,140,400,361,7.1,35,20565
ABprpappa,141,397,357,7.1,37,23461
ABprpappa,142,390,356,6.2,37,21893
ABprpappa,143,388,349,6.2,37,26469
ABprpappa,144,388,346,6.1,37,26960
ABprpappa,145,383,349,6.1,26,27255
ABprpappa,146,378,345,6.1,36,29045
ABprpappa,147,375,346,6.1,36,29094
ABprpappa,148,369,345,6.1,38,27710
ABprpappa,149,371,347,6.1,36,28120
ABprpappa,150,364,345,6.1,38,29588
ABprpappa,151,351,338,6.1,36,28086
ABprpappa,152,349,337,6.1,36,29893
ABprpappa,153,350,336,6.1,36,33740
ABprpappa,154,352,338,6.1,36,36866
ABprpappa,155,353,341,5.6,36,42131
ABprpappa,156,355,342,5.4,38,34727
ABprpappa,157,353,344,6.0,36,37174
ABprpappa,158,351,344,6.0,34,41756
ABprpappa,159,348,339,5.4,36,39804
ABprpappa,160,348,335,5.9,34,39002
ABprpappa,161,349,337,6.0,37,37140
ABprpappa,162,350,338,6.0,35,38993
ABprpappa,163,348,340,5.5,37,45146
ABprpappa,164,348,341,6.0,35,40674
ABprpappa,165,352,341,5.4,39,46101
ABprpappa,166,352,338,5.4,37,45768
ABprpappa,167,352,338,5.9,35,44460
ABprpappa,168,351,340,5.9,35,46714
ABprpappa,169,346,338,6.0,35,46479
ABprpappa,170,346,337,5.4,37,55588
ABprpappa,171,348,335,5.9,35,50027
ABprpappa,172,345,330,5.3,37,55274
ABprpappa,173,345,329,5.9,35,51255
ABprpappa,174,345,325,5.8,35,56114
ABprpappa,175,348,321,5.3,39,53423
ABprpappa,176,347,318,5.2,37,54590
ABprpappa,177,345,317,5.3,39,59086
ABprpappa,178,343,313,5.3,39,54565
ABprpappa,179,343,310,5.3,39,61198
ABprpappa,180,343,316,5.3,39,61000
ABprpappa,181,343,313,5.2,37,66534
ABprpappa,182,343,313,5.2,38,63692
ABprpappa,183,348,311,5.3,38,65918
ABprpappa,184,345,313,5.3,37,71057
ABprpappa,185,343,312,5.4,36,72092
ABprpappa,186,344,306,6.0,35,69440
ABprpappa,187,345,301,6.0,34,77844
ABprpappa,188,347,301,6.9,29,73482
ABprpappa,189,354,303,7.0,30,89754
ABprpappa,190,352,298,6.9,29,93638
ABprpappa,191,356,299,5.4,34,76696
ABprpappaa,192,335,307,5.9,29,83081
ABprpappaa,193,334,304,5.9,30,78513
ABprpappaa,194,336,307,5.9,29,71453
ABprpappaa,195,336,306,5.8,29,57929
ABprpappaa,196,337,304,5.6,29,76197
ABprpappaa,197,337,303,5.5,30,65617
ABprpappaa,198,338,301,5.4,30,70530
ABprpappaa,199,338,300,5.2,30,68180
ABprpappaa,200,339,298,5.1,31,68361
ABprpappaa,201,342,293,6.0,30,71344
ABprpappaa,202,339,294,6.1,31,75957
ABprpappaa,203,335,294,6.2,32,71054
ABprpappaa,204,337,291,6.3,32,70159
ABprpappaa,205,336,289,6.2,31,74130
ABprpappaa,206,337,287,6.2,30,77506
ABprpappaa,207,338,285,5.5,31,86775
ABprpappaa,208,337,290,5.4,32,83311
ABprpappaa,209,338,283,5.6,31,87569
ABprpappaa,210,339,283,6.0,30,79711
ABprpappaa,211,337,279,6.1,31,74722
ABprpappaa,212,336,281,6.0,32,76557
ABprpappaa,213,338,282,6.0,31,77086
ABprpappaa,214,338,284,5.4,34,74127
ABprpappaa,215,338,278,6.0,31,77923
ABprpappaa,216,337,275,5.6,32,80954
ABprpappaa,217,338,273,5.5,31,85055
ABprpappaa,218,339,277,6.0,32,76735
ABprpappaa,219,339,276,5.4,31,87148
ABprpappaa,220,337,279,5.4,32,82931
ABprpappap,192,374,286,6.0,29,77146
ABprpappap,193,376,288,5.9,30,75315
ABprpappap,194,377,290,6.0,29,73177
ABprpappap,195,383,288,5.9,30,66749
ABprpappap,196,379,285,6.0,29,68811
ABprpappap,197,377,283,6.0,30,74749
ABprpappap,198,381,279,6.2,31,67939
ABprpappap,199,380,273,6.1,26,62622
ABprpappap,200,378,270,5.5,31,74440
ABprpappap,201,375,272,5.4,34,68545
ABprpappap,202,371,274,5.2,31,72071
ABprpappap,203,371,275,5.3,32,74690
ABprpappap,204,372,276,5.2,34,66339
ABprpappap,205,371,273,5.1,31,74466
ABprpappap,206,375,269,5.3,32,72725
ABprpappap,207,375,271,5.3,31,75465
ABprpappap,208,375,270,5.3,32,66675
ABprpappap,209,374,268,5.4,32,71070
ABprpappap,210,373,265,5.5,31,52341
ABprpappap,211,372,262,5.6,30,69364
ABprpappap,212,370,259,5.8,29,87380
ABprpappap,213,369,256,5.9,28,75403
ABprpappap,214,368,253,6.0,27,71906
ABprpappap,215,366,250,6.1,26,73309
ABprpappap,216,365,252,5.3,26,80822
ABprpappap,217,369,253,5.4,31,74729
ABprpappap,218,367,253,5.4,32,79657
ABprpappap,219,366,258,5.4,31,77222
ABprpappap,220,364,260,5.8,30,80798
ABprpappp,137,447,351,7.1,30,28479
ABprpappp,138,446,349,7.1,35,21574
ABprpappp,139,438,348,7.1,34,18364
ABprpappp,140,438,346,7.1,35,23687
ABprpappp,141,442,344,6.9,37,17715
ABprpappp,142,438,349,7.0,37,18521
ABprpappp,143,434,345,7.8,35,22026
ABprpappp,144,433,347,7.2,35,30695
ABprpappp,145,431,345,7.1,35,26240
ABprpappp,146,426,347,7.1,36,28876
ABprpappp,147,421,346,6.5,36,27861
ABprpappp,148,414,345,7.0,34,24833
ABprpappp,149,411,344,7.1,34,31144
ABprpappp,150,402,348,6.9,34,27056
ABprpappp,151,391,343,7.0,34,29159
ABprpappp,152,391,341,6.9,34,29172
ABprpappp,153,392,341,6.9,34,31486
ABprpappp,154,395,335,6.9,34,34795
ABprpappp,155,393,339,6.9,34,40848
ABprpappp,156,390,341,7.0,34,39164
ABprpappp,157,389,342,7.0,36,36981
ABprpappp,158,389,339,6.3,36,36254
ABprpappp,159,383,342,6.0,34,39986
ABprpappp,160,385,342,6.2,36,35287
ABprpappp,161,386,340,6.2,35,45469
ABprpappp,162,389,343,6.1,35,46013
ABprpappp,163,387,342,6.2,37,49616
ABprpappp,164,386,346,6.1,35,49161
ABprpappp,165,390,347,6.0,35,49280
ABprpappp,166,390,353,5.5,39,45040
ABprpappp,167,389,351,5.9,35,45955
ABprpappp,168,387,350,5.5,37,49536
ABprpappp,169,383,349,5.4,37,53143
ABprpappp,170,382,352,5.4,39,48573
ABprpappp,171,383,355,5.5,39,46803
ABprpappp,172,384,354,5.3,37,52892
ABprpappp,173,382,345,5.2,39,55827
ABprpappp,174,384,341,5.3,39,53393
ABprpappp,175,385,337,5.3,37,57377
ABprpappp,176,385,329,5.1,35,54975
ABprpappp,177,386,322,5.1,37,59131
ABprpappp,178,389,312,5.2,39,57940
ABprpappp,179,391,306,5.0,39,56319
ABprpappp,180,389,307,5.0,39,54928
ABprpappp,181,391,307,5.1,39,53593
ABprpappp,182,387,305,5.1,38,63291
ABprpappp,183,391,307,5.1,38,60936
ABprpappp,184,388,303,5.0,37,67307
ABprpappp,185,393,308,5.2,36,63412
ABprpappp,186,396,303,5.3,35,70729
ABprpappp,187,399,294,5.2,34,74891
ABprpappp,188,400,297,5.9,29,79237
ABprpappp,189,405,297,6.0,28,77043
ABprpappp,190,405,293,6.0,29,93805
ABprpapppa,191,392,297,5.8,30,73246
ABprpapppa,192,396,300,5.8,29,74973
ABprpapppa,193,400,299,5.8,30,67565
ABprpapppa,194,409,299,5.2,29,73784
ABprpapppa,195,416,296,5.1,30,67715
ABprpapppa,196,408,294,5.3,31,64988
ABprpapppa,197,406,291,5.9,30,62767
ABprpapppa,198,409,290,5.0,31,66335
ABprpapppa,199,409,287,5.2,32,58288
ABprpapppa,200,413,291,5.1,31,70043
ABprpapppa,201,412,291,5.0,30,66469
ABprpapppa,202,408,294,5.1,31,65875
ABprpapppa,203,406,288,5.0,32,63330
ABprpapppa,204,411,285,5.1,26,80687
ABprpapppa,205,411,284,5.1,27,57461
ABprpapppa,206,411,282,5.1,28,71737
ABprpapppa,207,411,280,5.2,29,58424
ABprpapppa,208,411,278,5.2,30,74600
ABprpapppa,209,410,276,5.2,31,78115
ABprpapppa,210,407,271,5.2,32,73944
ABprpapppa,211,406,267,5.3,31,82214
ABprpapppa,212,406,269,5.4,32,85964
ABprpapppa,213,402,269,5.2,31,86102
ABprpapppa,214,403,267,5.2,32,82759
ABprpapppa,215,402,269,5.2,31,90955
ABprpapppa,216,405,271,5.1,30,87442
ABprpapppa,217,408,271,5.2,31,84075
ABprpapppa,218,404,273,5.0,34,80019
ABprpapppa,219,400,272,5.2,26,85772
ABprpapppa,220,401,273,5.1,34,73386
ABprpapppp,191,435,289,6.0,28,79761
ABprpapppp,192,443,287,6.1,29,78669
ABprpapppp,193,448,282,6.0,30,71541
ABprpapppp,194,449,276,6.8,29,64279
ABprpapppp,195,454,268,6.0,30,62339
ABprpapppp,196,456,265,6.1,31,61099
ABprpapppp,197,455,270,6.0,30,59945
ABprpapppp,198,461,267,5.4,31,66919
ABprpapppp,199,460,263,6.0,34,54391
ABprpapppp,200,459,261,6.0,31,58577
ABprpapppp,201,459,262,6.1,34,59953
ABprpapppp,202,454,262,6.2,31,65086
ABprpapppp,203,453,264,6.0,32,68349
ABprpapppp,204,452,262,6.1,34,64560
ABprpapppp,205,454,263,6.0,31,68144
ABprpapppp,206,453,263,6.1,32,76556
ABprpapppp,207,452,262,6.1,31,72202
ABprpapppp,208,452,260,6.0,26,84120
ABprpapppp,209,450,263,6.1,26,95929
ABprpapppp,210,448,261,6.1,30,82451
ABprpapppp,211,447,259,6.3,31,74407
ABprpapppp,212,446,263,6.1,30,74906
ABprpapppp,213,448,265,5.5,31,81846
ABprpapppp,214,447,266,5.3,32,76627
ABprpapppp,215,451,264,5.3,31,74907
ABprpapppp,216,451,266,5.4,32,77487
ABprpapppp,217,453,268,5.3,31,74703
ABprpapppp,218,452,272,5.3,32,71586
ABprpapppp,219,449,272,5.2,31,83086
ABprpapppp,220,449,271,5.8,30,70887
ABprpp,39,511,242,9.2,34,-460
ABprpp,40,506,242,9.1,40,-382
ABprpp,41,506,239,9.3,48,441
ABprpp,42,514,242,11.0,50,-1077
ABprpp,43,526,242,11.1,52,-878
ABprpp,44,533,254,10.1,54,-670
ABprpp,45,534,258,10.0,57,-601
ABprpp,46,536,257,9.8,55,-124
ABprpp,47,540,245,9.6,57,-707
ABprpp,48,539,250,9.1,56,-792
ABprpp,49,547,254,9.9,54,-916
ABprpp,50,548,262,10.1,55,-506
ABprpp,51,553,257,10.3,57,-1505
ABprpp,52,557,256,11.1,55,-1029
ABprpp,53,560,259,11.9,57,-1122
ABprpp,54,556,260,11.9,57,-1026
ABprpp,55,557,269,11.9,58,-796
ABprpp,56,563,281,12.6,58,-225
ABprpp,57,561,285,12.8,59,-273
ABprpp,58,563,287,12.9,58,-526
ABprpp,59,564,283,12.6,58,-414
ABprpp,60,565,281,12.6,58,-1115
ABprpp,61,561,280,12.0,56,-611
ABprpp,62,555,285,12.1,56,-915
ABprpp,63,555,282,12.1,55,-634
ABprpp,64,547,294,12.9,53,-611
ABprpp,65,548,290,12.1,46,-48
ABprppa,66,551,309,12.0,49,-718
ABprppa,67,551,316,11.2,49,545
ABprppa,68,556,319,11.2,45,-109
ABprppa,69,559,319,11.2,49,-340
ABprppa,70,569,311,11.3,48,152
ABprppa,71,566,311,11.1,48,-336
ABprppa,72,563,316,11.3,50,294
ABprppa,73,557,321,11.6,51,15
ABprppa,74,563,316,11.8,51,-10
ABprppa,75,564,316,12.1,49,-111
ABprppa,76,562,319,12.1,49,612
ABprppa,77,558,322,11.5,48,-1161
ABprppa,78,554,323,11.9,50,722
ABprppa,79,552,325,11.8,50,711
ABprppa,80,551,325,11.8,49,361
ABprppa,81,549,326,11.8,49,497
ABprppa,82,549,327,11.9,49,713
ABprppa,83,550,327,12.0,49,455
ABprppa,84,549,327,11.9,49,-23
ABprppa,85,548,329,12.0,50,68
ABprppa,86,549,324,11.8,50,1181
ABprppa,87,552,322,11.1,50,966
ABprppa,88,552,319,11.1,50,1562
ABprppa,89,550,318,11.0,49,751
ABprppa,90,552,320,11.2,49,1395
ABprppa,91,555,319,11.8,49,1357
ABprppa,92,558,319,12.1,49,624
ABprppa,93,559,320,12.1,49,1775
ABprppa,94,557,318,12.0,49,1260
ABprppa,95,552,319,11.2,49,1855
ABprppa,96,545,322,10.9,48,1375
ABprppa,97,537,327,10.2,46,2340
ABprppa,98,530,323,9.9,44,2109
ABprppa,99,524,325,10.0,42,4478
ABprppa,100,512,334,8.1,45,2853
ABprppaa,101,489,352,7.4,34,2562
ABprppaa,102,488,358,7.2,34,1747
ABprppaa,103,483,360,7.8,40,2743
ABprppaa,104,486,360,7.9,41,1220
ABprppaa,105,482,362,8.2,42,2674
ABprppaa,106,480,369,8.9,42,3500
ABprppaa,107,479,371,9.8,42,3080
ABprppaa,108,480,369,9.9,42,1877
ABprppaa,109,486,368,10.1,42,3192
ABprppaa,110,480,372,10.2,42,5033
ABprppaa,111,480,373,10.1,41,3282
ABprppaa,112,482,371,10.0,42,3435
ABprppaa,113,482,372,10.0,42,3857
ABprppaa,114,483,370,10.0,42,4113
ABprppaa,115,484,371,10.0,42,4158
ABprppaa,116,479,372,10.0,42,4498
ABprppaa,117,475,375,10.9,42,5267
ABprppaa,118,470,377,11.0,42,5137
ABprppaa,119,466,375,11.1,42,4775
ABprppaa,120,459,378,12.0,42,5131
ABprppaa,121,456,380,12.1,42,6254
ABprppaa,122,451,383,12.1,42,5154
ABprppaa,123,443,384,12.1,42,6288
ABprppaa,124,437,386,12.0,42,4034
ABprppaa,125,434,384,12.1,42,6409
ABprppaa,126,428,383,12.0,42,7148
ABprppaa,127,425,386,12.8,42,4270
ABprppaa,128,420,387,12.0,42,8983
ABprppaa,129,416,383,12.8,42,6819
ABprppaa,130,412,383,12.9,42,7930
ABprppaa,131,411,387,12.8,42,4750
ABprppaa,132,405,389,12.9,42,6705
ABprppaa,133,399,388,12.1,42,7648
ABprppaa,134,403,389,12.1,41,10334
ABprppaa,135,402,390,12.8,41,6790
ABprppaa,136,399,388,13.0,41,10292
ABprppaa,137,400,391,12.3,42,10224
ABprppaa,138,392,392,12.5,41,7200
ABprppaa,139,392,395,13.2,40,7698
ABprppaa,140,396,393,13.1,41,9462
ABprppaa,141,397,392,13.0,39,9223
ABprppaa,142,394,389,12.3,39,8613
ABprppaa,143,389,385,12.1,37,11407
ABprppaa,144,387,387,12.1,37,8490
ABprppaa,145,388,380,12.0,35,11281
ABprppaa,146,384,377,12.1,32,18099
ABprppaaa,147,361,375,12.9,34,7420
ABprppaaa,148,354,367,12.8,34,8708
ABprppaaa,149,351,365,12.0,34,8316
ABprppaaa,150,350,362,12.1,34,8208
ABprppaaa,151,342,363,12.0,34,3818
ABprppaaa,152,338,365,12.0,34,10011
ABprppaaa,153,339,370,12.0,34,12392
ABprppaaa,154,338,370,12.9,34,6466
ABprppaaa,155,341,371,12.9,34,10595
ABprppaaa,156,340,371,12.3,36,10233
ABprppaaa,157,340,371,12.8,34,5370
ABprppaaa,158,344,370,12.2,34,8095
ABprppaaa,159,346,372,12.2,36,7169
ABprppaaa,160,341,376,12.2,36,10827
ABprppaaa,161,339,381,12.3,37,12052
ABprppaaa,162,342,383,12.2,37,11863
ABprppaaa,163,346,383,12.0,37,6566
ABprppaaa,164,343,384,12.1,35,10276
ABprppaaa,165,342,387,12.0,35,11289
ABprppaaa,166,343,388,12.0,35,9183
ABprppaaa,167,340,390,13.0,26,10398
ABprppaaa,168,343,388,12.1,35,10451
ABprppaaa,169,343,388,12.2,37,10506
ABprppaaa,170,344,384,12.1,35,7071
ABprppaaa,171,341,384,12.2,37,7673
ABprppaaa,172,342,384,12.1,37,10153
ABprppaaa,173,346,384,11.3,39,8473
ABprppaaa,174,342,382,11.4,37,8250
ABprppaaa,175,340,382,11.3,37,9896
ABprppaaa,176,338,383,11.2,37,7843
ABprppaaa,177,338,381,11.0,35,8518
ABprppaaa,178,336,380,10.2,37,6367
ABprppaaa,179,337,380,10.3,39,8274
ABprppaaa,180,329,385,10.3,37,14046
ABprppaaa,181,326,381,10.2,37,12186
ABprppaaa,182,324,382,10.1,34,11021
ABprppaaa,183,329,379,10.0,34,8234
ABprppaaa,184,330,384,10.1,35,11696
ABprppaaa,185,332,383,10.3,34,11093
ABprppaaa,186,337,383,10.2,35,11318
ABprppaaa,187,337,380,10.2,34,11169
ABprppaaa,188,338,381,10.3,31,16613
ABprppaaa,189,340,384,11.2,34,11130
ABprppaaa,190,341,384,10.4,31,12878
ABprppaaa,191,337,387,10.2,34,9895
ABprppaaa,192,334,387,9.5,31,10861
ABprppaaa,193,343,388,10.0,32,13193
ABprppaaa,194,348,388,9.3,31,12482
ABprppaaa,195,348,390,10.1,32,13875
ABprppaaa,196,346,383,10.2,31,14301
ABprppaaa,197,347,381,10.1,32,15731
ABprppaaa,198,343,381,10.0,31,10708
ABprppaaa,199,336,383,9.3,32,11936
ABprppaaa,200,335,381,9.2,31,9567
ABprppaaa,201,330,374,9.1,34,11794
ABprppaaa,202,327,373,9.2,31,12347
ABprppaaa,203,324,374,9.2,34,9411
ABprppaaa,204,325,372,9.2,32,10285
ABprppaaa,205,323,366,9.0,29,9920
ABprppaaa,206,324,361,9.0,30,10759
ABprppaaa,207,325,360,9.0,29,15279
ABprppaaaa,208,310,352,9.1,30,9068
ABprppaaaa,209,309,355,9.0,29,9630
ABprppaaaa,210,312,353,8.7,30,5907
ABprppaaaa,211,310,352,8.2,31,6262
ABprppaaaa,212,309,351,8.2,34,326
ABprppaaaa,213,312,355,8.0,31,3525
ABprppaaaa,214,313,356,8.2,32,5190
ABprppaaaa,215,317,361,7.5,31,7605
ABprppaaaa,216,318,364,7.5,34,6571
ABprppaaaa,217,317,362,7.5,31,8078
ABprppaaaa,218,321,363,7.6,34,4829
ABprppaaaa,219,324,368,8.0,31,7467
ABprppaaaa,220,324,366,8.1,26,7227
ABprppaaap,208,344,365,8.4,26,9218
ABprppaaap,209,346,368,9.2,31,8093
ABprppaaap,210,345,366,8.4,28,7330
ABprppaaap,211,346,365,8.4,31,8295
ABprppaaap,212,344,364,8.4,26,10732
ABprppaaap,213,345,363,8.4,31,7555
ABprppaaap,214,343,370,8.4,34,5254
ABprppaaap,215,343,370,8.9,29,12875
ABprppaaap,216,342,373,8.8,30,11239
ABprppaaap,217,340,376,8.8,29,11630
ABprppaaap,218,340,376,8.5,28,11527
ABprppaaap,219,341,379,9.0,29,10824
ABprppaaap,220,340,377,9.0,30,7850
ABprppaap,147,397,379,11.4,32,8518
ABprppaap,148,399,386,11.2,30,9073
ABprppaap,149,398,382,11.0,34,8751
ABprppaap,150,398,378,11.1,34,7309
ABprppaap,151,391,370,10.9,34,10257
ABprppaap,152,391,369,10.8,34,5423
ABprppaap,153,393,378,10.2,26,10421
ABprppaap,154,388,378,10.3,26,9788
ABprppaap,155,391,381,10.4,36,7654
ABprppaap,156,388,378,11.0,38,6642
ABprppaap,157,385,380,10.4,36,8407
ABprppaap,158,384,375,10.5,36,5936
ABprppaap,159,384,375,10.4,36,7207
ABprppaap,160,378,376,11.0,36,7755
ABprppaap,161,378,385,11.0,37,8446
ABprppaap,162,382,383,11.0,37,6388
ABprppaap,163,385,388,11.1,37,4240
ABprppaap,164,379,393,11.1,35,7905
ABprppaap,165,377,387,11.2,37,6835
ABprppaap,166,376,381,11.3,26,13734
ABprppaap,167,378,386,10.4,26,13074
ABprppaap,168,374,384,10.3,37,8326
ABprppaap,169,375,383,10.5,37,9985
ABprppaap,170,374,386,11.0,37,9168
ABprppaap,171,368,387,10.3,26,10398
ABprppaap,172,369,389,10.1,26,7365
ABprppaap,173,371,384,10.1,37,10049
ABprppaap,174,369,382,10.2,37,7762
ABprppaap,175,370,378,9.5,37,6521
ABprppaap,176,363,384,9.4,37,10139
ABprppaap,177,364,383,9.1,26,9520
ABprppaap,178,363,387,9.0,26,5753
ABprppaap,179,361,384,8.5,39,10070
ABprppaap,180,357,385,8.6,37,11874
ABprppaap,181,354,384,8.4,39,9814
ABprppaap,182,349,382,8.4,36,10473
ABprppaap,183,366,382,8.1,26,6987
ABprppaap,184,360,382,8.1,26,15386
ABprppaap,185,361,380,8.2,26,4158
ABprppaap,186,362,377,8.3,35,10255
ABprppaap,187,362,376,8.1,34,10654
ABprppaap,188,363,377,8.1,26,7745
ABprppaap,189,362,379,8.1,26,5563
ABprppaap,190,368,377,8.0,31,7425
ABprppaap,191,372,377,7.7,31,8148
ABprppaap,192,376,376,7.3,31,4338
ABprppaap,193,380,375,7.0,32,9997
ABprppaap,194,382,373,6.8,32,7875
ABprppaap,195,384,371,6.6,32,2640
ABprppaap,196,387,368,6.4,31,9170
ABprppaap,197,390,364,6.3,34,6974
ABprppaap,198,393,356,6.3,31,3128
ABprppaap,199,390,359,6.4,34,8505
ABprppaap,200,387,358,7.0,29,10394
ABprppaap,201,385,355,7.0,30,14290
ABprppaap,202,384,355,7.0,29,16541
ABprppaapa,203,368,354,7.0,24,8973
ABprppaapa,204,358,353,6.9,30,8231
ABprppaapa,205,355,353,6.7,29,6568
ABprppaapa,206,351,356,6.8,30,3843
ABprppaapa,207,354,348,6.4,31,4641
ABprppaapa,208,359,347,6.8,30,6143
ABprppaapa,209,358,347,6.8,29,6148
ABprppaapa,210,361,342,6.0,30,8506
ABprppaapa,211,362,337,6.0,29,7247
ABprppaapa,212,364,336,6.2,30,5406
ABprppaapa,213,367,338,6.1,31,6721
ABprppaapa,214,369,336,6.3,32,5619
ABprppaapa,215,371,337,6.0,29,6265
ABprppaapa,216,367,333,6.1,30,7012
ABprppaapa,217,367,334,6.0,31,2669
ABprppaapa,218,369,336,6.1,26,5894
ABprppaapa,219,371,342,5.6,31,6579
ABprppaapa,220,372,343,5.6,32,10126
ABprppaapp,203,392,357,7.0,30,1418
ABprppaapp,204,402,356,6.5,28,4666
ABprppaapp,205,397,356,6.7,29,5481
ABprppaapp,206,396,352,5.9,30,7936
ABprppaapp,207,397,350,6.1,29,9600
ABprppaapp,208,402,345,6.2,30,-34
ABprppaapp,209,399,345,5.9,29,3864
ABprppaapp,210,400,341,6.0,30,4943
ABprppaapp,211,400,337,6.1,31,2656
ABprppaapp,212,396,339,6.1,30,3127
ABprppaapp,213,397,340,6.1,29,7468
ABprppaapp,214,398,339,6.4,32,4357
ABprppaapp,215,398,340,6.5,31,8494
ABprppaapp,216,398,343,6.3,32,2565
ABprppaapp,217,400,344,6.3,31,6551
ABprppaapp,218,402,342,6.8,30,-64
ABprppaapp,219,404,344,6.3,31,2350
ABprppaapp,220,404,342,6.7,30,796
ABprppap,101,526,329,9.0,34,3284
ABprppap,102,522,329,9.1,36,3204
ABprppap,103,521,326,9.8,40,2061
ABprppap,104,522,322,10.0,41,2021
ABprppap,105,524,319,8.9,42,1502
ABprppap,106,526,315,9.0,42,544
ABprppap,107,527,317,9.0,42,809
ABprppap,108,528,317,8.9,42,1469
ABprppap,109,532,313,8.9,42,2315
ABprppap,110,531,317,9.0,42,2743
ABprppap,111,530,314,9.1,41,2353
ABprppap,112,527,311,9.1,42,841
ABprppap,113,518,308,9.1,42,1249
ABprppap,114,514,309,9.0,42,4041
ABprppap,115,514,307,9.0,42,2663
ABprppap,116,508,311,9.8,42,1391
ABprppap,117,499,314,9.8,42,2931
ABprppap,118,495,321,9.9,42,4534
ABprppap,119,488,319,9.9,42,5261
ABprppap,120,480,330,10.1,42,3823
ABprppap,121,473,334,10.1,42,3887
ABprppap,122,470,334,10.1,42,5281
ABprppap,123,465,337,10.1,42,2859
ABprppap,124,465,342,10.0,42,5485
ABprppap,125,463,344,10.1,42,7081
ABprppap,126,461,345,10.9,42,6377
ABprppap,127,461,349,11.8,42,7937
ABprppap,128,461,351,12.1,44,7704
ABprppap,129,457,350,12.0,42,5969
ABprppap,130,462,357,12.2,44,6908
ABprppap,131,455,358,12.2,44,5636
ABprppap,132,452,359,12.3,44,7327
ABprppap,133,449,361,13.0,44,5963
ABprppap,134,445,359,13.1,45,6881
ABprppap,135,448,351,13.1,43,5882
ABprppap,136,445,352,14.0,41,8710
ABprppap,137,444,349,13.8,40,6144
ABprppap,138,444,350,13.9,39,4393
ABprppap,139,441,352,13.2,42,6958
ABprppap,140,439,353,13.1,37,9030
ABprppap,141,440,351,12.0,37,7883
ABprppapa,142,430,354,12.1,37,5262
ABprppapa,143,421,357,12.9,35,6881
ABprppapa,144,421,359,12.1,35,8051
ABprppapa,145,416,356,12.1,35,5304
ABprppapa,146,415,351,12.1,34,4868
ABprppapa,147,419,350,12.1,34,6391
ABprppapa,148,421,356,11.4,36,5149
ABprppapa,149,417,355,11.5,36,3859
ABprppapa,150,414,352,12.4,36,3346
ABprppapa,151,415,356,12.4,36,2184
ABprppapa,152,412,355,12.3,36,3840
ABprppapa,153,411,359,12.1,38,4091
ABprppapa,154,409,366,12.2,36,2343
ABprppapa,155,412,370,12.3,36,2091
ABprppapa,156,407,372,13.0,36,1782
ABprppapa,157,406,372,13.1,36,6305
ABprppapa,158,403,372,13.0,36,3827
ABprppapa,159,405,373,12.3,38,3930
ABprppapa,160,403,369,12.4,38,1955
ABprppapa,161,408,369,12.1,35,4060
ABprppapa,162,408,369,12.1,35,6587
ABprppapa,163,411,369,11.9,35,4818
ABprppapa,164,409,373,12.0,35,3657
ABprppapa,165,410,374,11.5,37,5999
ABprppapa,166,406,377,12.3,39,5973
ABprppapa,167,403,378,12.3,39,8688
ABprppapa,168,400,380,12.2,37,5917
ABprppapa,169,401,378,12.1,37,5078
ABprppapa,170,402,378,12.2,37,5628
ABprppapa,171,399,381,12.2,37,3889
ABprppapa,172,399,381,11.5,37,4965
ABprppapa,173,401,382,12.0,35,4663
ABprppapa,174,400,379,11.3,37,8129
ABprppapa,175,400,381,11.1,37,4362
ABprppapa,176,397,385,10.4,37,6377
ABprppapa,177,399,385,10.4,39,6745
ABprppapa,178,397,385,10.3,37,8744
ABprppapa,179,390,383,10.2,39,5736
ABprppapa,180,390,387,10.3,39,3695
ABprppapa,181,385,388,10.0,37,1624
ABprppapa,182,379,386,10.1,38,2868
ABprppapa,183,381,384,10.1,36,6595
ABprppapa,184,384,385,10.2,37,10607
ABprppapa,185,383,379,10.1,36,5081
ABprppapa,186,386,382,10.2,35,7771
ABprppapa,187,380,381,10.2,34,6062
ABprppapa,188,381,381,10.1,31,3972
ABprppapa,189,386,387,10.1,34,7485
ABprppapa,190,385,385,10.0,31,7987
ABprppapa,191,381,384,10.2,34,10441
ABprppapa,192,375,379,10.3,31,10968
ABprppapa,193,381,377,10.2,34,7295
ABprppapa,194,380,375,10.1,31,11809
ABprppapa,195,383,375,10.0,30,14927
ABprppapa,196,380,376,10.0,29,13066
ABprppapa,197,381,379,10.1,30,14020
ABprppapaa,198,370,382,10.0,24,12750
ABprppapaa,199,366,390,9.9,30,10211
ABprppapaa,200,364,387,9.9,29,7064
ABprppapaa,201,357,388,9.1,30,9961
ABprppapaa,202,356,387,9.8,29,4969
ABprppapaa,203,355,389,9.0,30,2966
ABprppapaa,204,358,386,9.0,30,5633
ABprppapaa,205,354,382,8.2,31,6509
ABprppapaa,206,354,379,8.1,30,4324
ABprppapaa,207,354,375,8.2,31,7654
ABprppapaa,208,358,374,8.2,31,6990
ABprppapaa,209,361,372,8.1,30,7670
ABprppapaa,210,363,371,8.1,29,7436
ABprppapaa,211,359,369,8.1,28,8989
ABprppapaa,212,360,368,8.0,27,4897
ABprppapaa,213,362,366,8.0,26,4667
ABprppapaa,214,363,365,8.1,28,4725
ABprppapaa,215,364,364,8.1,31,3419
ABprppapaa,216,363,359,8.1,34,5493
ABprppapaa,217,361,357,7.4,31,8093
ABprppapaa,218,364,358,7.4,34,5293
ABprppapaa,219,361,361,7.4,31,7173
ABprppapaa,220,365,363,7.4,34,6312
ABprppapap,198,406,376,10.0,24,11940
ABprppapap,199,409,376,10.1,26,10921
ABprppapap,200,410,383,10.9,29,1506
ABprppapap,201,405,382,10.0,30,6997
ABprppapap,202,405,386,10.0,29,6160
ABprppapap,203,400,387,9.9,30,5186
ABprppapap,204,401,385,9.2,30,4933
ABprppapap,205,397,385,9.1,31,8959
ABprppapap,206,392,385,9.1,32,2461
ABprppapap,207,387,386,9.0,33,3018
ABprppapap,208,393,384,8.8,30,3207
ABprppapap,209,392,385,8.0,31,4280
ABprppapap,210,393,381,7.4,26,12543
ABprppapap,211,394,376,7.3,26,12161
ABprppapap,212,394,376,7.5,32,9334
ABprppapap,213,392,378,7.6,31,5620
ABprppapap,214,395,375,8.2,30,4816
ABprppapap,215,394,376,8.8,29,5987
ABprppapap,216,393,375,8.2,30,6809
ABprppapap,217,390,375,8.5,31,8447
ABprppapap,218,394,372,8.9,30,4583
ABprppapap,219,394,374,9.1,31,1236
ABprppapap,220,397,375,8.8,30,784
ABprppapp,142,447,342,11.1,26,11758
ABprppapp,143,457,335,11.1,35,6967
ABprppapp,144,462,331,11.9,35,2506
ABprppapp,145,462,332,11.0,35,5678
ABprppapp,146,465,331,11.2,34,5904
ABprppapp,147,469,331,11.2,34,5293
ABprppapp,148,470,334,11.1,34,5446
ABprppapp,149,470,340,11.0,34,2810
ABprppapp,150,463,346,11.0,34,4743
ABprppapp,151,456,349,10.9,34,4284
ABprppapp,152,455,351,10.3,36,690
ABprppapp,153,458,354,11.0,34,4846
ABprppapp,154,456,357,11.2,36,5613
ABprppapp,155,455,361,11.4,36,3242
ABprppapp,156,452,365,11.4,36,5913
ABprppapp,157,450,362,11.3,36,3838
ABprppapp,158,447,360,11.2,36,5407
ABprppapp,159,448,360,11.1,34,7378
ABprppapp,160,445,358,11.1,36,2819
ABprppapp,161,446,356,10.6,37,5685
ABprppapp,162,449,356,10.4,37,7716
ABprppapp,163,448,357,10.4,37,4412
ABprppapp,164,444,360,10.4,39,4016
ABprppapp,165,451,360,10.5,37,5283
ABprppapp,166,447,362,11.0,37,5752
ABprppapp,167,446,364,11.0,37,8428
ABprppapp,168,445,366,11.1,37,11374
ABprppapp,169,445,364,11.0,37,8233
ABprppapp,170,443,367,11.1,37,9826
ABprppapp,171,443,368,11.1,39,9339
ABprppapp,172,441,369,10.4,39,18717
ABprppapp,173,438,370,10.1,39,18046
ABprppapp,174,437,370,10.2,39,26619
ABprppapp,175,437,372,10.2,39,26634
ABprppapp,176,434,374,10.2,37,22041
ABprppapp,177,434,370,10.2,39,17666
ABprppapp,178,431,371,10.1,37,20250
ABprppapp,179,433,370,10.1,37,18466
ABprppapp,180,429,371,10.2,37,19139
ABprppapp,181,424,370,10.2,37,22488
ABprppapp,182,422,370,10.1,38,22526
ABprppapp,183,424,371,10.2,38,29329
ABprppapp,184,423,374,10.1,37,32309
ABprppapp,185,422,374,10.2,36,26671
ABprppapp,186,421,373,10.1,35,26854
ABprppapp,187,420,373,10.2,34,18778
ABprppapp,188,421,376,10.2,31,15417
ABprppapp,189,424,376,11.0,34,25753
ABprppapp,190,423,373,10.3,31,15596
ABprppapp,191,422,377,11.1,34,17896
ABprppapp,192,421,376,11.0,31,24379
ABprppapp,193,423,373,10.3,34,23324
ABprppapp,194,422,374,10.4,31,15778
ABprppapp,195,428,375,10.3,34,12282
ABprppapp,196,427,376,10.2,31,8548
ABprppapp,197,428,378,10.2,34,8456
ABprppapp,198,435,376,10.3,31,12831
ABprppapp,199,438,374,10.2,34,16703
ABprppapp,200,439,373,10.2,31,15468
ABprppapp,201,432,367,10.2,34,11748
ABprppapp,202,431,367,10.0,29,11263
ABprppapp,203,428,368,10.0,30,24001
ABprppapp,204,428,369,9.3,34,12424
ABprppappa,205,408,376,9.1,29,9750
ABprppappa,206,403,375,8.5,32,6932
ABprppappa,207,405,377,8.4,31,9453
ABprppappa,208,412,371,8.2,30,7059
ABprppappa,209,410,366,8.5,31,1767
ABprppappa,210,410,368,8.9,30,9862
ABprppappa,211,409,366,9.0,31,-1314
ABprppappa,212,409,362,8.3,26,7369
ABprppappa,213,410,357,8.5,31,4123
ABprppappa,214,412,359,9.0,30,4526
ABprppappa,215,413,356,8.5,31,6418
ABprppappa,216,411,358,8.8,30,2833
ABprppappa,217,409,360,9.0,29,4726
ABprppappa,218,413,358,9.2,26,8335
ABprppappa,219,414,358,8.5,26,8278
ABprppappa,220,414,361,8.4,26,10511
ABprppappp,205,444,363,9.0,29,-5319
ABprppappp,206,441,359,8.1,24,17112
ABprppappp,207,442,365,8.1,29,9780
ABprppappp,208,448,364,8.1,24,10056
ABprppappp,209,447,367,8.3,31,4990
ABprppappp,210,446,366,8.1,30,-633
ABprppappp,211,443,365,8.2,31,-2898
ABprppappp,212,445,364,8.3,26,5323
ABprppappp,213,446,364,8.4,31,-96
ABprppappp,214,450,362,8.9,30,1480
ABprppappp,215,446,364,8.5,31,990
ABprppappp,216,446,361,8.2,26,6232
ABprppappp,217,443,361,8.5,31,1952
ABprppappp,218,445,361,8.9,30,968
ABprppappp,219,448,361,9.0,31,762
ABprppappp,220,446,365,8.8,30,4897
ABprppp,66,557,254,12.0,49,-151
ABprppp,67,558,253,12.1,49,-75
ABprppp,68,562,247,12.1,45,-996
ABprppp,69,559,241,11.9,49,1129
ABprppp,70,553,229,11.2,50,-150
ABprppp,71,551,222,11.2,50,4
ABprppp,72,554,228,10.9,50,-196
ABprppp,73,557,231,11.3,51,-963
ABprppp,74,552,225,11.2,51,-159
ABprppp,75,557,220,11.2,51,227
ABprppp,76,559,229,11.1,51,939
ABprppp,77,558,236,10.9,50,467
ABprppp,78,561,244,10.9,50,239
ABprppp,79,560,249,10.9,50,-269
ABprppp,80,564,251,11.0,49,-64
ABprppp,81,561,255,11.0,49,466
ABprppp,82,561,257,10.9,49,568
ABprppp,83,563,256,10.8,49,634
ABprppp,84,563,258,10.9,49,1099
ABprppp,85,559,254,10.8,50,860
ABprppp,86,561,254,10.9,50,241
ABprppp,87,559,246,10.8,50,557
ABprppp,88,560,244,11.1,50,1147
ABprppp,89,561,241,11.0,49,1186
ABprppp,90,564,242,11.1,49,1137
ABprppp,91,571,242,11.3,49,1073
ABprppp,92,567,240,11.3,49,1411
ABprppp,93,566,243,11.8,49,1454
ABprppp,94,562,239,11.2,49,3260
ABprppp,95,558,242,11.0,49,1547
ABprppp,96,555,248,11.0,48,1873
ABprppp,97,556,252,10.4,48,2625
ABprppp,98,552,258,11.0,44,4115
ABprppp,99,553,258,11.0,42,5772
ABprpppa,100,552,289,9.3,37,5209
ABprpppa,101,563,291,10.0,40,3968
ABprpppa,102,565,289,9.3,38,3384
ABprpppa,103,566,292,10.0,40,2294
ABprpppa,104,569,290,10.1,41,4011
ABprpppa,105,569,280,9.5,40,3925
ABprpppa,106,567,287,10.0,42,4476
ABprpppa,107,564,282,9.8,42,4589
ABprpppa,108,562,279,9.1,42,4079
ABprpppa,109,563,276,10.0,42,4806
ABprpppa,110,567,282,10.1,42,5410
ABprpppa,111,565,278,9.9,41,5873
ABprpppa,112,566,279,9.8,42,4674
ABprpppa,113,559,282,9.9,42,8033
ABprpppa,114,561,287,9.9,42,8587
ABprpppa,115,562,282,9.9,42,7500
ABprpppa,116,554,290,9.2,42,5095
ABprpppa,117,550,297,9.1,42,7426
ABprpppa,118,545,304,9.9,42,12051
ABprpppa,119,542,312,9.8,42,9463
ABprpppa,120,534,329,9.8,42,9362
ABprpppa,121,532,336,10.0,42,13396
ABprpppa,122,531,335,9.9,42,9486
ABprpppa,123,528,335,9.9,42,12750
ABprpppa,124,523,340,9.1,42,12726
ABprpppa,125,519,342,9.1,42,14955
ABprpppa,126,512,345,9.1,42,13830
ABprpppa,127,513,346,9.1,42,17152
ABprpppa,128,513,349,9.0,42,19177
ABprpppa,129,503,355,9.1,42,18938
ABprpppa,130,505,354,9.9,42,20121
ABprpppa,131,501,357,10.1,42,21902
ABprpppa,132,502,361,10.8,42,24246
ABprpppa,133,501,362,10.8,42,21841
ABprpppa,134,499,358,10.4,43,24995
ABprpppa,135,498,362,10.9,41,29379
ABprpppa,136,492,366,11.1,45,30159
ABprpppa,137,496,362,11.8,40,31063
ABprpppa,138,491,363,12.0,39,28971
ABprpppa,139,490,358,10.1,36,40722
ABprpppa,140,490,352,10.9,37,46580
ABprpppaa,141,478,368,9.4,35,40311
ABprpppaa,142,475,371,9.1,35,37794
ABprpppaa,143,470,375,9.9,35,31249
ABprpppaa,144,469,375,10.1,35,32473
ABprpppaa,145,462,380,9.9,35,34404
ABprpppaa,146,456,377,9.9,34,33564
ABprpppaa,147,460,373,9.9,34,29436
ABprpppaa,148,457,376,9.9,34,29637
ABprpppaa,149,453,375,10.1,36,34534
ABprpppaa,150,442,380,10.8,34,33217
ABprpppaa,151,436,381,10.2,36,37461
ABprpppaa,152,435,385,10.9,34,37654
ABprpppaa,153,435,387,9.5,36,45715
ABprpppaa,154,431,388,9.9,34,49461
ABprpppaa,155,436,388,10.0,34,44112
ABprpppaa,156,430,390,9.4,36,48729
ABprpppaa,157,426,386,9.2,36,50078
ABprpppaa,158,426,387,9.5,36,50691
ABprpppaa,159,426,387,9.1,36,52720
ABprpppaa,160,419,386,9.3,36,51094
ABprpppaa,161,421,389,9.3,37,46804
ABprpppaa,162,424,388,9.1,37,51131
ABprpppaa,163,427,384,8.4,37,55219
ABprpppaa,164,426,384,8.4,37,58115
ABprpppaa,165,429,385,9.0,37,56426
ABprpppaa,166,425,387,9.3,37,63698
ABprpppaa,167,432,383,9.2,37,64078
ABprpppaa,168,433,384,9.1,26,61879
ABprpppaa,169,432,381,9.1,37,64188
ABprpppaa,170,434,382,8.3,26,71621
ABprpppaa,171,431,381,9.0,37,60326
ABprpppaa,172,431,380,8.8,36,62797
ABprpppaa,173,431,379,8.7,34,58917
ABprpppaa,174,432,378,8.5,32,71353
ABprpppaa,175,432,377,8.3,31,79836
ABprpppaa,176,432,376,8.2,29,67687
ABprpppaa,177,433,374,8.0,27,60430
ABprpppaa,178,431,374,7.8,29,78315
ABprpppaa,179,428,373,7.6,31,71471
ABprpppaa,180,426,372,7.4,33,84229
ABprpppaa,181,423,371,7.2,35,92240
ABprpppaa,182,420,370,7.0,37,78834
ABprpppaa,183,422,370,7.1,37,86260
ABprpppaa,184,425,371,7.3,37,77499
ABprpppaa,185,428,371,7.4,37,74771
ABprpppaa,186,431,372,7.6,37,66176
ABprpppaa,187,434,372,7.7,37,37114
ABprpppaa,188,437,373,7.9,37,61215
ABprpppaa,189,440,374,8.0,37,71529
ABprpppaa,190,439,372,7.3,31,73186
ABprpppaa,191,439,372,7.3,31,61415
ABprpppaa,192,438,369,7.7,32,61146
ABprpppaa,193,437,366,8.0,34,83371
ABprpppaa,194,440,362,7.5,31,113118
ABprpppaa,195,446,364,7.3,32,93321
ABprpppaa,196,445,358,8.0,29,97916
ABprpppaa,197,449,358,7.8,30,89362
ABprpppaa,198,453,353,7.8,29,114403
ABprpppaaa,199,429,366,7.0,32,74099
ABprpppaaa,200,428,365,6.8,32,84395
ABprpppaaa,201,426,363,6.5,32,78805
ABprpppaaa,202,425,361,6.3,32,67273
ABprpppaaa,203,423,359,6.0,32,74760
ABprpppaaa,204,429,355,6.0,30,86271
ABprpppaaa,205,426,359,5.5,31,88642
ABprpppaaa,206,427,350,6.1,32,79563
ABprpppaaa,207,427,354,6.3,31,83202
ABprpppaaa,208,432,349,6.8,30,77115
ABprpppaaa,209,431,344,6.3,31,81100
ABprpppaaa,210,430,341,7.0,30,75944
ABprpppaaa,211,430,339,6.5,31,88410
ABprpppaaa,212,428,339,7.1,30,78620
ABprpppaaa,213,430,340,6.5,31,87267
ABprpppaaa,214,431,340,7.0,34,71022
ABprpppaaa,215,430,341,6.5,31,89144
ABprpppaaa,216,431,336,6.9,30,75222
ABprpppaaa,217,433,338,6.5,31,82195
ABprpppaaa,218,437,338,6.6,32,80413
ABprpppaaa,219,435,338,7.2,31,79840
ABprpppaaa,220,434,339,7.2,30,84985
ABprpppaap,199,472,342,6.9,30,74949
ABprpppaap,200,471,351,6.9,29,70310
ABprpppaap,201,468,349,7.0,30,85814
ABprpppaap,202,463,344,6.3,31,74278
ABprpppaap,203,459,339,6.9,30,70325
ABprpppaap,204,467,339,6.2,32,68688
ABprpppaap,205,468,338,6.3,31,72862
ABprpppaap,206,473,340,6.9,30,57753
ABprpppaap,207,469,345,6.2,31,72030
ABprpppaap,208,472,341,5.9,30,71661
ABprpppaap,209,472,336,6.2,31,73323
ABprpppaap,210,472,337,6.1,32,80315
ABprpppaap,211,474,337,6.2,31,78655
ABprpppaap,212,473,338,6.1,34,71864
ABprpppaap,213,476,338,6.1,31,78426
ABprpppaap,214,479,336,6.1,34,68331
ABprpppaap,215,476,337,5.5,31,81677
ABprpppaap,216,479,335,6.0,30,82624
ABprpppaap,217,480,340,6.3,31,80447
ABprpppaap,218,476,336,6.2,34,71610
ABprpppaap,219,478,338,6.3,31,85342
ABprpppaap,220,478,338,6.4,34,85006
ABprpppap,141,513,342,10.8,37,32330
ABprpppap,142,513,344,9.3,35,32838
ABprpppap,143,508,343,9.9,35,28864
ABprpppap,144,510,344,9.9,35,33364
ABprpppap,145,507,342,9.1,35,37751
ABprpppap,146,499,345,9.0,34,38993
ABprpppap,147,502,343,9.0,34,41683
ABprpppap,148,501,344,9.0,34,37531
ABprpppap,149,500,349,8.8,34,37983
ABprpppap,150,491,359,8.9,34,37018
ABprpppap,151,485,365,8.9,34,34963
ABprpppap,152,486,365,8.2,34,46741
ABprpppap,153,493,361,8.6,36,43464
ABprpppap,154,495,364,8.6,38,45834
ABprpppap,155,488,363,9.0,36,47643
ABprpppap,156,484,365,8.9,34,42153
ABprpppap,157,487,367,8.8,34,48347
ABprpppap,158,483,366,8.9,34,54332
ABprpppap,159,475,366,8.8,34,42899
ABprpppap,160,474,367,8.8,34,45970
ABprpppap,161,478,367,8.1,35,54326
ABprpppap,162,482,368,8.2,37,56007
ABprpppap,163,484,366,8.2,37,55062
ABprpppap,164,478,365,8.1,35,64504
ABprpppap,165,482,362,7.9,35,60131
ABprpppap,166,483,362,8.0,35,57837
ABprpppap,167,488,359,7.5,37,65578
ABprpppap,168,483,360,8.0,35,68844
ABprpppap,169,484,357,8.0,35,65616
ABprpppap,170,481,356,8.0,35,66424
ABprpppap,171,478,356,7.2,35,68369
ABprpppap,172,481,353,7.2,37,70910
ABprpppap,173,480,350,7.0,35,66149
ABprpppap,174,482,346,6.9,35,71262
ABprpppap,175,480,344,6.8,35,62185
ABprpppap,176,479,343,6.2,37,71240
ABprpppap,177,480,341,6.2,37,67058
ABprpppap,178,481,340,6.0,37,68677
ABprpppap,179,476,336,5.5,37,69392
ABprpppap,180,470,339,5.6,37,76442
ABprpppap,181,471,344,5.4,37,75808
ABprpppap,182,472,340,5.4,36,76931
ABprpppap,183,479,341,5.9,34,73117
ABprpppap,184,476,337,5.4,35,77231
ABprpppap,185,475,339,5.4,36,78140
ABprpppap,186,481,331,5.3,35,72818
ABprpppap,187,476,329,6.1,34,77307
ABprpppap,188,476,327,6.1,31,78567
ABprpppap,189,476,329,6.1,34,78967
ABprpppap,190,473,333,6.1,31,79931
ABprpppap,191,480,340,6.1,34,79018
ABprpppap,192,484,341,6.1,31,79307
ABprpppap,193,493,339,6.2,34,81590
ABprpppap,194,496,337,7.0,31,77209
ABprpppap,195,498,335,6.9,30,98954
ABprpppap,196,498,331,7.1,31,90355
ABprpppap,197,501,325,7.1,30,102627
ABprpppap,198,504,319,7.1,31,105565
ABprpppap,199,506,315,7.1,32,106112
ABprpppapa,200,496,335,6.4,31,65245
ABprpppapa,201,497,337,6.9,30,75623
ABprpppapa,202,500,336,6.3,31,73049
ABprpppapa,203,498,333,6.2,34,70167
ABprpppapa,204,501,332,6.1,34,61189
ABprpppapa,205,506,329,6.1,31,72657
ABprpppapa,206,505,326,6.1,34,63884
ABprpppapa,207,503,327,6.1,31,67970
ABprpppapa,208,509,317,7.0,33,72379
ABprpppapa,209,510,317,6.8,33,79483
ABprpppapa,210,511,317,6.7,33,72213
ABprpppapa,211,512,317,6.5,33,74199
ABprpppapa,212,513,317,6.3,33,78004
ABprpppapa,213,514,317,6.2,33,77548
ABprpppapa,214,516,316,6.0,33,66978
ABprpppapa,215,516,316,6.2,32,68292
ABprpppapa,216,516,316,6.4,31,75674
ABprpppapa,217,516,316,6.7,29,76739
ABprpppapa,218,516,316,6.9,28,67436
ABprpppapa,219,517,317,7.1,26,64393
ABprpppapa,220,512,320,7.1,26,59042
ABprpppapp,200,505,304,7.8,29,84841
ABprpppapp,201,505,303,7.2,30,82045
ABprpppapp,202,496,303,7.2,29,75765
ABprpppapp,203,494,305,8.0,30,72514
ABprpppapp,204,493,304,8.0,30,78173
ABprpppapp,205,492,303,8.1,29,90650
ABprpppapp,206,500,306,8.3,30,85034
ABprpppapp,207,501,305,8.2,29,92577
ABprpppapp,208,504,301,8.4,30,89398
ABprpppapp,209,505,302,8.2,29,104090
ABprpppapp,210,504,295,8.3,30,92188
ABprpppapp,211,501,295,8.0,29,95673
ABprpppapp,212,505,297,8.1,30,100904
ABprpppapp,213,504,295,7.9,29,113755
ABprpppapp,214,506,296,7.8,30,111226
ABprpppapp,215,503,295,7.9,29,107686
ABprpppapp,216,511,294,7.8,30,97528
ABprpppapp,217,514,297,7.8,29,102384
ABprpppapp,218,517,298,7.7,30,92179
ABprpppapp,219,515,290,7.7,29,78515
ABprpppapp,220,511,295,7.1,30,84990
ABprpppp,100,556,251,12.8,41,1906
ABprpppp,101,559,246,12.0,40,1973
ABprpppp,102,555,245,11.8,40,5481
ABprpppp,103,555,241,11.8,40,3014
ABprpppp,104,556,231,11.0,41,4622
ABprpppp,105,547,226,10.9,42,3867
ABprpppp,106,542,228,9.8,42,4160
ABprpppp,107,536,226,8.8,42,4073
ABprpppp,108,531,230,7.8,42,3235
ABprpppp,109,526,232,7.1,42,4998
ABprpppp,110,530,236,7.2,42,5331
ABprpppp,111,527,233,7.2,43,4157
ABprpppp,112,519,228,7.0,42,5259
ABprpppp,113,518,223,7.0,42,6249
ABprpppp,114,519,231,7.1,42,6516
ABprpppp,115,521,233,7.1,42,7896
ABprpppp,116,522,239,6.8,42,6985
ABprpppp,117,522,245,7.0,42,7275
ABprpppp,118,522,251,7.1,42,8861
ABprpppp,119,525,259,6.9,42,9123
ABprpppp,120,520,275,6.9,42,9684
ABprpppp,121,522,283,7.0,42,9628
ABprpppp,122,520,288,6.2,42,11327
ABprpppp,123,520,290,6.9,42,10176
ABprpppp,124,519,298,7.0,42,11368
ABprpppp,125,512,302,6.2,42,15031
ABprpppp,126,513,305,6.2,42,14045
ABprpppp,127,516,308,6.8,42,16179
ABprpppp,128,515,309,6.9,42,14394
ABprpppp,129,514,315,6.9,42,18397
ABprpppp,130,516,321,7.0,42,16850
ABprpppp,131,509,322,6.9,42,20848
ABprpppp,132,510,333,7.0,42,22469
ABprpppp,133,503,333,6.9,42,23499
ABprpppp,134,497,338,7.0,41,29519
ABprpppp,135,494,336,7.1,41,25080
ABprpppp,136,489,337,7.0,37,33364
ABprpppp,137,499,325,8.0,40,31821
ABprpppp,138,499,327,7.9,39,38222
ABprppppa,139,485,343,6.5,34,29223
ABprppppa,140,479,339,6.7,37,24804
ABprppppa,141,486,339,6.1,37,25509
ABprppppa,142,485,336,6.0,37,25435
ABprppppa,143,477,346,6.3,37,31648
ABprppppa,144,477,345,6.2,35,34750
ABprppppa,145,470,345,6.3,37,31426
ABprppppa,146,464,344,6.1,34,34548
ABprppppa,147,461,342,6.2,38,28914
ABprppppa,148,457,341,6.3,36,35272
ABprppppa,149,453,338,6.3,36,33735
ABprppppa,150,444,346,6.2,36,35064
ABprppppa,151,434,348,6.4,36,34237
ABprppppa,152,431,349,6.2,34,42655
ABprppppa,153,435,346,6.2,36,36487
ABprppppa,154,436,345,6.2,34,41553
ABprppppa,155,432,348,6.2,36,46242
ABprppppa,156,432,347,6.2,38,44246
ABprppppa,157,427,345,6.3,38,44455
ABprppppa,158,426,347,6.3,36,46949
ABprppppa,159,422,344,6.3,36,52893
ABprppppa,160,424,342,7.0,36,50634
ABprppppa,161,424,346,6.4,37,52220
ABprppppa,162,427,345,6.4,39,54240
ABprppppa,163,431,345,6.5,37,54630
ABprppppa,164,429,346,6.4,39,52113
ABprppppa,165,434,345,6.4,37,65917
ABprppppa,166,432,345,7.0,39,55431
ABprppppa,167,432,350,7.1,39,58171
ABprppppa,168,429,353,7.1,37,59566
ABprppppa,169,429,351,6.6,39,65412
ABprppppa,170,426,353,7.1,39,60325
ABprppppa,171,425,351,7.2,39,63750
ABprppppa,172,425,351,7.0,39,67054
ABprppppa,173,423,350,6.4,39,67765
ABprppppa,174,422,349,7.0,39,65386
ABprppppa,175,425,350,6.4,39,65292
ABprppppa,176,420,347,6.4,39,68392
ABprppppa,177,421,343,6.5,37,71061
ABprppppa,178,420,343,6.2,39,72892
ABprppppa,179,413,343,6.2,39,74660
ABprppppa,180,414,346,6.1,39,77417
ABprppppa,181,412,350,6.1,39,81658
ABprppppa,182,417,339,6.2,38,76641
ABprppppa,183,423,342,5.5,38,78647
ABprppppa,184,424,344,6.1,37,84512
ABprppppa,185,422,344,6.2,36,79710
ABprppppa,186,423,339,6.3,35,88241
ABprppppa,187,414,342,6.4,34,90882
ABprppppa,188,414,341,6.4,31,97918
ABprppppa,189,417,342,6.9,30,89978
ABprppppa,190,414,340,6.9,29,94951
ABprppppa,191,418,339,6.3,28,111793
ABprppppaa,192,407,346,6.8,29,88518
ABprppppaa,193,406,346,6.2,28,89581
ABprppppaa,194,416,344,6.0,29,85063
ABprppppaa,195,417,342,5.8,30,68516
ABprppppaa,196,417,339,5.8,29,85280
ABprppppaa,197,415,333,5.8,30,71330
ABprppppaa,198,418,336,5.8,29,79099
ABprppppaa,199,416,334,5.9,30,81777
ABprppppaa,200,416,335,5.7,29,90468
ABprppppaa,201,415,325,6.0,30,89680
ABprppppaa,202,416,326,6.1,31,84584
ABprppppaa,203,413,323,6.1,30,90054
ABprppppaa,204,415,317,6.0,30,82836
ABprppppaa,205,420,319,6.1,31,86629
ABprppppaa,206,424,313,5.9,30,94580
ABprppppaa,207,428,315,5.5,31,89014
ABprppppaa,208,426,311,6.1,32,75321
ABprppppaa,209,424,309,6.1,31,82257
ABprppppaa,210,427,306,5.5,32,86789
ABprppppaa,211,428,305,5.5,31,92913
ABprppppaa,212,427,306,6.0,30,97628
ABprppppaa,213,426,307,6.1,31,96464
ABprppppaa,214,425,305,6.1,30,97582
ABprppppaa,215,425,305,6.0,31,87293
ABprppppaa,216,427,302,5.5,34,82408
ABprppppaa,217,429,308,5.6,31,102022
ABprppppaa,218,429,307,5.5,32,97585
ABprppppaa,219,428,308,5.5,31,100938
ABprppppaa,220,429,304,5.4,34,84434
ABprppppap,192,441,329,6.9,29,78334
ABprppppap,193,452,325,6.8,30,78095
ABprppppap,194,455,320,6.9,29,80711
ABprppppap,195,462,319,6.0,30,78617
ABprppppap,196,461,314,5.6,31,58494
ABprppppap,197,455,318,6.3,32,68094
ABprppppap,198,459,317,5.4,31,75234
ABprppppap,199,458,317,5.3,32,69171
ABprppppap,200,459,319,5.4,31,74728
ABprppppap,201,458,320,6.1,34,73457
ABprppppap,202,455,318,6.3,31,73200
ABprppppap,203,454,316,6.2,30,78934
ABprppppap,204,455,313,5.3,32,82473
ABprppppap,205,454,314,6.1,31,85457
ABprppppap,206,460,317,6.3,32,84356
ABprppppap,207,459,318,6.2,31,85223
ABprppppap,208,458,316,6.9,30,75403
ABprppppap,209,457,314,6.1,26,77455
ABprppppap,210,460,311,6.2,34,82581
ABprppppap,211,456,311,6.1,31,93362
ABprppppap,212,458,317,5.3,26,73495
ABprppppap,213,458,318,6.0,31,85107
ABprppppap,214,459,319,5.5,34,92990
ABprppppap,215,458,318,5.5,31,87545
ABprppppap,216,460,314,6.2,34,87900
ABprppppap,217,464,315,5.5,31,99036
ABprppppap,218,462,314,6.2,34,82933
ABprppppap,219,463,316,6.2,31,95080
ABprppppap,220,460,316,6.2,34,89368
ABprppppp,139,509,312,6.5,32,28077
ABprppppp,140,511,314,7.0,35,23231
ABprppppp,141,515,313,7.1,37,23006
ABprppppp,142,518,311,7.1,35,30131
ABprppppp,143,514,317,6.8,35,27011
ABprppppp,144,513,312,6.8,35,29124
ABprppppp,145,511,312,6.1,37,31416
ABprppppp,146,510,311,6.0,34,33789
ABprppppp,147,505,311,6.0,34,33210
ABprppppp,148,504,316,6.1,36,32446
ABprppppp,149,503,313,6.1,34,42486
ABprppppp,150,488,321,5.8,34,35905
ABprppppp,151,479,326,5.8,34,39240
ABprppppp,152,476,328,5.4,36,41833
ABprppppp,153,479,330,5.4,36,42272
ABprppppp,154,479,333,5.4,36,46776
ABprppppp,155,476,333,5.3,36,42631
ABprppppp,156,473,330,5.9,34,51356
ABprppppp,157,472,330,6.0,34,49104
ABprppppp,158,470,331,6.1,36,46204
ABprppppp,159,469,329,6.2,34,49582
ABprppppp,160,468,334,6.1,36,48143
ABprppppp,161,469,331,6.0,37,54319
ABprppppp,162,470,331,6.1,37,55172
ABprppppp,163,468,331,6.1,35,64010
ABprppppp,164,469,330,5.6,37,58525
ABprppppp,165,469,329,5.5,37,58866
ABprppppp,166,467,327,5.9,35,59240
ABprppppp,167,468,330,5.4,37,61392
ABprppppp,168,467,335,5.5,37,61401
ABprppppp,169,472,334,5.4,39,61406
ABprppppp,170,466,334,5.4,37,69531
ABprppppp,171,463,328,5.3,39,67148
ABprppppp,172,464,323,5.3,39,68770
ABprppppp,173,461,316,5.3,39,74395
ABprppppp,174,461,316,5.4,37,80653
ABprppppp,175,459,312,5.3,39,73693
ABprppppp,176,458,311,5.2,39,76923
ABprppppp,177,459,314,5.3,37,78665
ABprppppp,178,458,311,5.3,39,71275
ABprppppp,179,452,307,5.3,39,76897
ABprppppp,180,447,307,5.3,39,76954
ABprppppp,181,448,311,5.3,39,79009
ABprppppp,182,449,306,5.2,38,78917
ABprppppp,183,453,306,5.2,38,80244
ABprppppp,184,450,305,5.2,37,81760
ABprppppp,185,451,307,5.2,36,89428
ABprppppp,186,453,304,5.3,35,90768
ABprppppp,187,452,307,5.3,34,95386
ABprppppp,188,449,303,5.4,31,97225
ABprppppp,189,451,301,5.4,34,97097
ABprppppp,190,455,302,6.1,31,102133
ABprppppp,191,464,305,6.1,34,93877
ABprppppp,192,472,305,6.2,31,107680
ABprppppp,193,481,300,6.1,32,114914
ABprppppp,194,477,292,6.9,29,109671
ABprppppp,195,486,289,7.0,30,110539
ABprppppp,196,487,287,6.8,29,125178
ABprpppppa,197,470,295,7.2,28,92781
ABprpppppa,198,470,293,7.0,29,96163
ABprpppppa,199,470,295,6.9,30,87199
ABprpppppa,200,469,292,6.4,31,86270
ABprpppppa,201,473,296,6.9,30,81466
ABprpppppa,202,472,296,6.3,26,98042
ABprpppppa,203,470,297,6.3,32,90370
ABprpppppa,204,471,297,6.3,32,87111
ABprpppppa,205,471,297,6.3,32,74887
ABprpppppa,206,486,295,6.3,26,90762
ABprpppppa,207,486,295,6.3,26,85850
ABprpppppa,208,484,286,7.0,26,92481
ABprpppppa,209,487,285,6.2,26,93067
ABprpppppa,210,483,279,6.2,26,100923
ABprpppppa,211,479,275,6.8,29,89020
ABprpppppa,212,481,273,6.1,26,95807
ABprpppppa,213,479,272,6.4,31,99447
ABprpppppa,214,479,275,6.3,32,88874
ABprpppppa,215,478,272,6.4,31,90225
ABprpppppa,216,481,273,6.3,32,92898
ABprpppppa,217,483,270,6.2,31,97079
ABprpppppa,218,484,274,6.3,34,91681
ABprpppppa,219,482,273,6.2,31,105277
ABprpppppa,220,484,275,6.1,32,101068
ABprpppppp,197,501,274,6.8,30,88821
ABprpppppp,198,505,269,7.0,29,99227
ABprpppppp,199,505,270,7.2,30,98113
ABprpppppp,200,503,265,8.0,29,90725
ABprpppppp,201,501,271,8.0,30,96493
ABprpppppp,202,499,263,7.3,31,98036
ABprpppppp,203,501,263,7.3,32,86218
ABprpppppp,204,498,261,7.4,32,93727
ABprpppppp,205,499,267,7.0,31,85765
ABprpppppp,206,498,272,7.1,26,103987
ABprpppppp,207,502,274,6.3,26,101659
ABprpppppp,208,501,268,6.5,32,100347
ABprpppppp,209,502,271,7.0,31,105144
ABprpppppp,210,507,272,6.5,34,91690
ABprpppppp,211,506,268,6.5,31,101559
ABprpppppp,212,503,265,6.5,34,86842
ABprpppppp,213,504,264,7.0,31,92421
ABprpppppp,214,504,268,6.4,34,93187
ABprpppppp,215,508,270,6.5,31,102235
ABprpppppp,216,511,267,7.1,26,105269
ABprpppppp,217,513,272,6.5,31,100899
ABprpppppp,218,512,271,7.1,32,102404
ABprpppppp,219,512,269,7.0,26,102090
ABprpppppp,220,513,267,6.5,26,91005
EMS,1,396,143,15.2,84,-743
EMS,2,374,144,14.2,86,-519
EMS,3,371,142,14.4,88,-777
EMS,4,369,141,13.7,90,-915
EMS,5,369,141,13.7,90,-550
EMS,6,374,169,14.0,34,-103
EMS,7,395,156,14.0,34,395
MS,8,346,154,12.1,36,157
MS,9,345,142,11.1,47,-544
MS,10,320,143,9.9,63,-654
MS,11,294,141,8.8,67,-646
MS,12,289,150,8.7,70,-205
MS,13,293,165,8.7,73,34
MS,14,299,180,7.8,75,-405
MS,15,305,186,7.8,74,-688
MS,16,308,197,7.9,72,-1402
MS,17,318,209,7.7,75,-390
MS,18,320,226,7.4,71,-593
MS,19,323,221,7.4,67,-50
MS,20,334,197,8.1,59,-381
MS,21,341,180,8.3,57,-405
MS,22,347,181,8.5,60,-152
MS,23,335,182,10.1,49,-375
MS,24,331,192,9.1,33,-731
MSa,25,300,186,10.1,32,-1208
MSa,26,287,178,9.4,34,5
MSa,27,286,172,10.3,49,-918
MSa,28,275,184,10.7,57,-21
MSa,29,267,179,10.7,58,-623
MSa,30,250,167,11.0,63,-647
MSa,31,248,160,10.2,63,-166
MSa,32,250,162,10.2,64,-474
MSa,33,267,155,10.0,65,-1157
MSa,34,279,159,8.4,65,-647
MSa,35,289,156,8.8,64,-1150
MSa,36,299,157,8.2,64,-1029
MSa,37,301,162,8.1,64,-957
MSa,38,289,158,8.1,64,-797
MSa,39,268,158,8.2,60,-500
MSa,40,260,161,9.2,58,-1024
MSa,41,257,160,9.2,50,-935
MSa,42,261,150,10.1,50,-507
MSa,43,267,157,10.0,52,-475
MSa,44,271,149,10.1,56,-983
MSa,45,265,150,11.9,53,-460
MSa,46,266,161,11.9,55,-698
MSa,47,262,174,12.2,51,-66
MSaa,48,236,166,10.2,34,1243
MSaa,49,228,168,9.3,36,-860
MSaa,50,230,163,9.9,53,-451
MSaa,51,226,164,9.1,55,-693
MSaa,52,225,174,7.9,55,-230
MSaa,53,220,172,7.7,57,-467
MSaa,54,228,179,7.7,57,-527
MSaa,55,230,174,7.7,58,-224
MSaa,56,237,167,7.7,58,-626
MSaa,57,235,165,8.0,59,-751
MSaa,58,237,162,8.7,58,-409
MSaa,59,235,163,8.6,58,-485
MSaa,60,233,165,7.8,58,-931
MSaa,61,233,168,7.6,58,-694
MSaa,62,232,178,8.1,56,-715
MSaa,63,227,186,8.0,55,-891
MSaa,64,230,189,7.4,57,-1009
MSaa,65,221,189,7.4,56,-733
MSaa,66,232,183,7.4,53,-127
MSaa,67,236,179,7.3,53,-552
MSaa,68,242,181,7.3,53,-859
MSaa,69,245,179,7.3,53,-866
MSaa,70,247,175,8.0,54,-1153
MSaa,71,250,174,8.3,54,-28
MSaa,72,257,173,9.1,56,-396
MSaa,73,257,172,9.4,57,-380
MSaa,74,256,175,10.0,53,-998
MSaa,75,253,180,9.1,51,282
MSaa,76,251,179,9.2,31,983
MSaaa,77,216,196,9.0,30,-856
MSaaa,78,211,194,9.0,48,417
MSaaa,79,215,200,8.2,40,-678
MSaaa,80,219,207,7.9,49,38
MSaaa,81,211,212,8.2,49,213
MSaaa,82,211,219,8.0,49,106
MSaaa,83,209,226,8.0,49,-433
MSaaa,84,211,224,8.0,49,327
MSaaa,85,210,222,7.8,50,395
MSaaa,86,209,226,8.0,50,-667
MSaaa,87,202,225,7.7,50,98
MSaaa,88,199,224,7.1,50,-739
MSaaa,89,195,228,7.1,49,-45
MSaaa,90,199,228,6.9,49,910
MSaaa,91,196,232,6.9,49,-501
MSaaa,92,193,235,6.8,49,-33
MSaaa,93,193,237,6.8,49,-39
MSaaa,94,192,241,6.8,49,-302
MSaaa,95,188,247,7.0,49,449
MSaaa,96,184,250,7.3,50,564
MSaaa,97,192,247,7.2,48,1296
MSaaa,98,199,239,7.3,48,458
MSaaa,99,201,235,7.1,46,-745
MSaaa,100,207,223,7.1,45,122
MSaaa,101,215,223,7.0,44,-328
MSaaa,102,215,227,7.1,44,694
MSaaa,103,218,215,7.1,44,925
MSaaa,104,218,207,7.2,45,800
MSaaa,105,217,205,7.2,46,921
MSaaa,106,216,205,7.2,46,737
MSaaa,107,216,210,7.2,42,756
MSaaa,108,216,222,8.1,42,1703
MSaaaa,109,199,233,9.0,34,1841
MSaaaa,110,186,245,9.2,34,919
MSaaaa,111,186,250,9.1,35,1322
MSaaaa,112,192,260,9.1,40,1291
MSaaaa,113,195,258,9.1,42,620
MSaaaa,114,187,266,9.1,42,209
MSaaaa,115,191,271,9.2,42,129
MSaaaa,116,191,271,10.2,42,835
MSaaaa,117,193,272,11.0,42,932
MSaaaa,118,197,275,11.9,42,95
MSaaaa,119,194,269,11.9,42,-372
MSaaaa,120,192,270,12.1,42,1313
MSaaaa,121,187,276,12.1,42,880
MSaaaa,122,187,269,12.9,42,256
MSaaaa,123,180,271,12.8,42,605
MSaaaa,124,174,278,12.9,42,1004
MSaaaa,125,173,277,12.9,42,-195
MSaaaa,126,175,277,12.1,42,1030
MSaaaa,127,176,273,12.0,42,1653
MSaaaa,128,174,271,12.1,42,2364
MSaaaa,129,176,272,12.9,42,1085
MSaaaa,130,178,274,12.2,44,747
MSaaaa,131,176,276,13.1,42,1411
MSaaaa,132,178,270,14.2,44,-271
MSaaaa,133,179,269,14.2,44,887
MSaaaa,134,184,269,14.2,45,266
MSaaaa,135,190,273,14.2,45,1804
MSaaaa,136,192,277,14.3,45,1199
MSaaaa,137,189,276,14.2,44,396
MSaaaa,138,185,272,14.1,43,922
MSaaaa,139,187,272,13.4,40,1009
MSaaaa,140,188,271,13.1,41,-107
MSaaaa,141,188,269,13.3,41,2382
MSaaaa,142,185,263,14.2,41,2549
MSaaaa,143,180,260,14.1,37,2286
MSaaaa,144,180,257,15.0,35,1419
MSaaaa,145,177,256,14.3,39,4273
MSaaaaa,146,155,250,14.1,34,684
MSaaaaa,147,157,247,14.9,34,-642
MSaaaaa,148,157,247,15.2,34,1441
MSaaaaa,149,153,250,15.3,36,836
MSaaaaa,150,148,243,15.1,36,604
MSaaaaa,151,149,237,15.2,38,-971
MSaaaaa,152,149,233,15.1,38,-175
MSaaaaa,153,151,236,15.1,36,219
MSaaaaa,154,148,235,15.2,38,-983
MSaaaaa,155,149,237,15.2,38,462
MSaaaaa,156,149,240,16.0,38,-648
MSaaaaa,157,147,239,15.2,38,-2142
MSaaaaa,158,150,238,15.2,38,-514
MSaaaaa,159,148,239,15.2,36,-236
MSaaaaa,160,145,238,15.1,38,1561
MSaaaaa,161,148,237,15.1,39,-929
MSaaaaa,162,148,240,15.2,39,1859
MSaaaaa,163,149,242,15.1,39,-367
MSaaaaa,164,148,237,15.1,39,-2584
MSaaaaa,165,148,241,15.1,39,-1633
MSaaaaa,166,146,239,15.3,39,-2458
MSaaaaa,167,149,242,15.3,39,-995
MSaaaaa,168,144,247,15.3,39,-2564
MSaaaaa,169,146,247,16.0,39,-2045
MSaaaaa,170,151,245,16.0,39,1976
MSaaaaa,171,151,245,15.2,39,-1062
MSaaaaa,172,150,244,15.3,39,467
MSaaaaa,173,149,244,15.3,39,-359
MSaaaaa,174,151,250,15.4,39,835
MSaaaaa,175,157,252,15.3,39,-650
MSaaaaa,176,157,251,16.1,39,2431
MSaaaaa,177,159,249,16.2,39,2558
MSaaaaa,178,157,250,16.2,39,2226
MSaaaaa,179,155,249,16.2,39,1528
MSaaaaa,180,157,252,17.0,39,5976
MSaaaaa,181,158,253,16.2,39,176
MSaaaaa,182,157,250,17.1,38,-1595
MSaaaaa,183,157,248,16.3,38,-3335
MSaaaaa,184,163,250,16.1,37,701
MSaaaaa,185,164,250,16.2,36,208
MSaaaaa,186,162,250,16.1,35,-1207
MSaaaaa,187,159,252,17.1,34,31
MSaaaaa,188,162,252,17.0,31,1853
MSaaaaa,189,162,244,16.1,32,553
MSaaaaa,190,157,254,17.1,31,411
MSaaaaaa,191,144,249,17.0,32,-2562
MSaaaaaa,192,137,247,16.1,26,-4302
MSaaaaaa,193,138,251,17.1,32,-431
MSaaaaaa,194,141,248,16.9,31,-1196
MSaaaaaa,195,140,253,16.1,32,-3630
MSaaaaaa,196,137,249,15.0,31,3770
MSaaaaaa,197,138,247,15.1,30,-174
MSaaaaaa,198,137,244,15.3,31,647
MSaaaaaa,199,137,238,15.2,34,-4553
MSaaaaaa,200,133,234,15.2,31,-928
MSaaaaaa,201,132,231,15.3,34,-3135
MSaaaaaa,202,135,229,15.3,31,-3736
MSaaaaaa,203,135,228,15.2,32,736
MSaaaaaa,204,137,230,15.3,32,-2241
MSaaaaaa,205,139,231,15.3,31,-4824
MSaaaaaa,206,136,234,15.3,34,-6953
MSaaaaaa,207,137,233,16.1,31,2295
MSaaaaaa,208,138,231,16.2,34,9316
MSaaaaaa,209,138,224,16.2,31,-1939
MSaaaaaa,210,141,223,16.2,34,-1291
MSaaaaaa,211,140,222,16.0,31,-4537
MSaaaaaa,212,140,231,15.3,34,-4925
MSaaaaaa,213,139,237,16.1,31,-2076
MSaaaaaa,214,137,239,16.8,30,-2050
MSaaaaaa,215,141,238,16.0,31,-2529
MSaaaaaa,216,141,239,15.3,34,-3181
MSaaaaaa,217,143,237,15.2,31,-4936
MSaaaaaa,218,141,240,15.1,34,-3037
MSaaaaaa,219,144,236,15.1,31,-8311
MSaaaaaa,220,141,238,15.1,34,-2542
MSaaaaap,191,177,250,18.1,30,-26
MSaaaaap,192,179,252,19.0,29,-617
MSaaaaap,193,181,252,19.1,30,768
MSaaaaap,194,184,247,20.0,31,-3807
MSaaaaap,195,179,244,19.1,34,-3681
MSaaaaap,196,171,236,19.1,31,-5073
MSaaaaap,197,169,238,19.1,34,-1197
MSaaaaap,198,172,241,18.1,31,-3464
MSaaaaap,199,169,244,18.2,34,-4460
MSaaaaap,200,168,242,18.1,31,-2736
MSaaaaap,201,174,241,17.1,34,-666
MSaaaaap,202,172,234,18.1,31,-3889
MSaaaaap,203,172,226,18.2,34,-2148
MSaaaaap,204,175,228,18.2,34,-3814
MSaaaaap,205,173,222,19.0,31,-4017
MSaaaaap,206,172,226,18.2,34,-540
MSaaaaap,207,171,224,18.2,31,1712
MSaaaaap,208,172,232,18.2,34,-1812
MSaaaaap,209,170,233,18.2,31,962
MSaaaaap,210,170,228,18.3,34,-450
MSaaaaap,211,167,226,18.2,31,-952
MSaaaaap,212,168,231,18.1,34,-2648
MSaaaaap,213,167,232,18.3,31,-2757
MSaaaaap,214,167,231,18.2,34,-3232
MSaaaaap,215,165,229,19.0,31,4239
MSaaaaap,216,167,231,19.0,34,-1308
MSaaaaap,217,171,234,19.0,31,-3656
MSaaaaap,218,169,238,18.1,34,-791
MSaaaaap,219,169,239,18.2,31,-3278
MSaaaaap,220,171,242,18.0,34,-829
MSaaaap,146,205,249,16.8,34,301
MSaaaap,147,210,250,17.8,34,-185
MSaaaap,148,213,246,18.0,34,-1300
MSaaaap,149,217,238,18.0,34,2310
MSaaaap,150,226,240,17.8,34,-162
MSaaaap,151,223,238,17.2,38,-936
MSaaaap,152,227,237,18.0,36,-702
MSaaaap,153,225,233,17.2,38,451
MSaaaap,154,221,235,17.1,36,740
MSaaaap,155,219,241,17.3,38,-764
MSaaaap,156,221,243,17.2,38,-144
MSaaaap,157,218,241,17.2,36,222
MSaaaap,158,215,243,17.1,36,655
MSaaaap,159,211,243,17.1,36,-41
MSaaaap,160,212,243,17.2,38,1137
MSaaaap,161,211,243,17.2,37,1083
MSaaaap,162,212,244,17.1,39,2242
MSaaaap,163,208,244,17.2,37,-115
MSaaaap,164,209,247,17.2,37,2523
MSaaaap,165,203,247,18.1,39,-465
MSaaaap,166,203,246,18.2,39,26
MSaaaap,167,206,245,18.1,39,-1245
MSaaaap,168,203,242,18.2,39,-1390
MSaaaap,169,202,244,18.2,39,78
MSaaaap,170,206,243,18.1,39,-1234
MSaaaap,171,201,246,19.0,39,-411
MSaaaap,172,199,249,19.0,39,-1499
MSaaaap,173,202,245,19.1,39,-487
MSaaaap,174,207,249,19.2,39,-1867
MSaaaap,175,210,253,19.2,39,-2337
MSaaaap,176,208,254,19.2,39,-1524
MSaaaap,177,207,253,20.0,39,-1476
MSaaaap,178,206,251,20.0,39,-583
MSaaaap,179,208,247,20.0,39,-131
MSaaaap,180,211,247,20.0,39,-2114
MSaaaap,181,208,247,20.0,39,-951
MSaaaap,182,211,251,20.1,38,378
MSaaaap,183,209,248,20.1,38,2099
MSaaaap,184,215,243,20.0,37,-2780
MSaaaap,185,214,243,20.1,36,-758
MSaaaap,186,211,247,21.0,35,-1450
MSaaaap,187,213,250,21.0,34,-1430
MSaaaap,188,216,250,20.2,31,-572
MSaaaap,189,215,251,21.1,34,-6
MSaaaap,190,213,254,21.1,31,-847
MSaaaap,191,216,251,21.0,34,-69
MSaaaap,192,218,254,21.3,31,-1766
MSaaaap,193,222,250,21.0,30,-176
MSaaaap,194,227,253,21.0,29,974
MSaaaapa,195,205,255,20.9,30,1876
MSaaaapa,196,200,252,20.9,29,-1312
MSaaaapa,197,198,245,20.9,30,-3555
MSaaaapa,198,199,248,21.0,31,-2091
MSaaaapa,199,200,251,20.2,34,-1844
MSaaaapa,200,202,250,20.1,31,2402
MSaaaapa,201,205,244,20.0,34,-891
MSaaaapa,202,202,243,20.1,31,4388
MSaaaapa,203,207,241,20.2,34,658
MSaaaapa,204,210,239,21.0,34,-141
MSaaaapa,205,210,234,20.2,31,-855
MSaaaapa,206,211,233,21.1,34,313
MSaaaapa,207,211,231,20.3,31,-204
MSaaaapa,208,212,238,21.1,34,-380
MSaaaapa,209,208,238,21.1,31,-535
MSaaaapa,210,210,237,20.2,34,-1286
MSaaaapa,211,208,235,21.1,31,-3283
MSaaaapa,212,208,237,20.2,34,-1735
MSaaaapa,213,212,237,20.3,31,-406
MSaaaapa,214,207,237,21.0,34,-981
MSaaaapa,215,210,240,21.1,31,-844
MSaaaapa,216,210,241,21.2,34,-776
MSaaaapa,217,211,241,21.1,31,-389
MSaaaapa,218,208,238,21.1,34,-1851
MSaaaapa,219,208,241,21.1,31,-1038
MSaaaapa,220,209,243,21.1,34,-969
MSaaaapp,195,243,256,20.2,30,105
MSaaaapp,196,250,251,20.3,31,-1572
MSaaaapp,197,251,243,21.0,30,-1208
MSaaaapp,198,256,242,20.2,31,455
MSaaaapp,199,255,247,21.1,34,-3392
MSaaaapp,200,255,247,20.2,31,-21
MSaaaapp,201,259,245,21.0,32,-2158
MSaaaapp,202,260,246,20.1,31,-2040
MSaaaapp,203,260,245,20.1,34,-2451
MSaaaapp,204,261,247,20.1,34,-2362
MSaaaapp,205,259,241,20.2,31,-322
MSaaaapp,206,259,240,20.0,34,94
MSaaaapp,207,258,238,20.1,31,-1452
MSaaaapp,208,258,239,19.0,26,5110
MSaaaapp,209,253,241,20.1,31,-733
MSaaaapp,210,247,244,21.1,34,-417
MSaaaapp,211,245,240,21.0,31,-30
MSaaaapp,212,243,241,22.0,34,1342
MSaaaapp,213,246,239,21.1,31,-2270
MSaaaapp,214,245,236,21.0,34,-1762
MSaaaapp,215,246,239,21.1,31,-663
MSaaaapp,216,249,238,20.0,34,-1286
MSaaaapp,217,248,237,19.5,34,-2213
MSaaaapp,218,246,235,19.0,34,-3350
MSaaaapp,219,243,243,21.1,31,-745
MSaaaapp,220,243,240,21.0,34,-1467
MSaaap,109,242,209,8.2,34,1087
MSaaap,110,238,212,8.2,34,109
MSaaap,111,243,222,8.3,37,-438
MSaaap,112,245,218,8.8,42,408
MSaaap,113,253,214,8.9,42,2241
MSaaap,114,254,219,8.8,42,470
MSaaap,115,253,221,8.1,42,475
MSaaap,116,263,227,8.8,42,430
MSaaap,117,261,232,8.9,42,489
MSaaap,118,260,234,9.0,42,1972
MSaaap,119,257,235,9.1,42,968
MSaaap,120,260,234,9.0,42,2040
MSaaap,121,257,235,8.9,42,-70
MSaaap,122,256,235,9.0,42,347
MSaaap,123,244,237,9.2,42,1794
MSaaap,124,236,237,9.1,42,1335
MSaaap,125,237,242,9.9,42,2358
MSaaap,126,239,250,9.9,42,1555
MSaaap,127,236,249,9.9,42,2183
MSaaap,128,233,250,10.0,42,1241
MSaaap,129,232,249,10.1,42,1539
MSaaap,130,236,251,10.9,42,375
MSaaap,131,242,252,11.0,42,1440
MSaaap,132,240,255,11.9,42,436
MSaaap,133,239,252,11.1,42,992
MSaaap,134,243,249,11.2,43,337
MSaaap,135,245,246,11.2,43,737
MSaaap,136,243,243,12.1,43,686
MSaaap,137,238,242,12.2,42,2562
MSaaap,138,238,243,11.3,43,1184
MSaaap,139,239,241,11.3,42,1742
MSaaap,140,238,239,12.0,41,2046
MSaaap,141,239,235,11.2,41,2302
MSaaap,142,236,240,11.3,41,641
MSaaap,143,240,240,12.2,39,958
MSaaap,144,239,240,12.4,39,2979
MSaaap,145,241,242,12.4,39,1335
MSaaap,146,245,239,13.0,36,2532
MSaaap,147,251,247,13.0,34,3705
MSaaap,148,253,244,13.9,34,3051
MSaaapa,149,228,248,12.0,34,839
MSaaapa,150,223,248,11.1,34,631
MSaaapa,151,221,245,11.1,34,1915
MSaaapa,152,215,236,11.9,34,1166
MSaaapa,153,219,242,11.3,36,-1081
MSaaapa,154,219,236,12.1,36,473
MSaaapa,155,218,242,12.2,38,-1353
MSaaapa,156,211,245,12.2,38,1130
MSaaapa,157,209,241,13.1,38,-209
MSaaapa,158,210,239,13.2,38,1103
MSaaapa,159,206,242,14.0,38,-372
MSaaapa,160,211,238,14.1,38,-491
MSaaapa,161,211,237,14.1,39,779
MSaaapa,162,209,239,14.1,39,3263
MSaaapa,163,209,237,14.1,39,656
MSaaapa,164,209,238,14.1,39,1818
MSaaapa,165,210,242,14.1,39,3307
MSaaapa,166,213,239,15.1,39,531
MSaaapa,167,213,242,14.1,39,2612
MSaaapa,168,213,239,14.1,39,2146
MSaaapa,169,215,239,15.0,39,-1057
MSaaapa,170,217,241,14.1,39,3626
MSaaapa,171,217,241,14.1,39,3055
MSaaapa,172,218,238,15.1,39,1758
MSaaapa,173,220,240,15.1,39,1753
MSaaapa,174,219,236,16.1,39,1282
MSaaapa,175,218,236,15.9,39,912
MSaaapa,176,217,235,15.7,39,2004
MSaaapa,177,216,235,15.4,39,4890
MSaaapa,178,215,234,15.2,39,3139
MSaaapa,179,213,233,15.0,39,3371
MSaaapa,180,212,233,16.0,39,-1196
MSaaapa,181,209,234,16.0,39,3884
MSaaapa,182,212,237,16.1,38,2393
MSaaapa,183,213,239,17.0,38,37
MSaaapa,184,219,238,16.0,37,1893
MSaaapa,185,216,235,16.1,36,1681
MSaaapa,186,214,238,16.1,35,897
MSaaapa,187,217,235,16.2,34,2631
MSaaapa,188,220,237,17.1,31,-898
MSaaapa,189,220,237,17.1,34,1279
MSaaapa,190,223,233,17.0,31,1951
MSaaapa,191,221,232,17.0,30,2354
MSaaapaa,192,202,223,16.1,29,1783
MSaaapaa,193,198,222,16.1,30,-1162
MSaaapaa,194,198,222,15.9,30,-1670
MSaaapaa,195,199,222,15.8,31,-3179
MSaaapaa,196,200,223,15.6,32,-2102
MSaaapaa,197,200,223,15.4,32,258
MSaaapaa,198,201,223,15.3,33,-1150
MSaaapaa,199,202,224,15.1,34,2371
MSaaapaa,200,203,225,16.0,31,-3003
MSaaapaa,201,206,226,16.1,34,-2449
MSaaapaa,202,204,221,16.0,31,-1801
MSaaapaa,203,204,221,16.0,31,2540
MSaaapaa,204,205,221,16.0,34,-954
MSaaapaa,205,206,219,16.1,31,424
MSaaapaa,206,205,218,16.1,34,-116
MSaaapaa,207,206,218,16.0,31,1095
MSaaapaa,208,201,223,17.0,34,-1758
MSaaapaa,209,199,222,16.2,31,2736
MSaaapaa,210,201,220,16.1,34,993
MSaaapaa,211,205,219,16.0,31,-2422
MSaaapaa,212,202,221,16.2,34,139
MSaaapaa,213,201,223,16.3,31,-825
MSaaapaa,214,200,222,16.3,34,615
MSaaapaa,215,198,220,17.0,31,-2897
MSaaapaa,216,201,220,16.1,34,-555
MSaaapaa,217,200,219,16.2,31,205
MSaaapaa,218,201,220,16.2,34,-2990
MSaaapaa,219,201,223,16.1,31,1087
MSaaapaa,220,201,225,16.1,34,571
MSaaapap,192,241,233,17.2,31,-120
MSaaapap,193,249,235,17.9,30,-2490
MSaaapap,194,257,234,17.2,31,-343
MSaaapap,195,261,235,17.3,34,-999
MSaaapap,196,256,229,16.3,31,3165
MSaaapap,197,256,229,16.3,31,1858
MSaaapap,198,253,223,16.2,31,-696
MSaaapap,199,250,224,17.1,34,-2128
MSaaapap,200,249,227,17.0,31,-963
MSaaapap,201,250,233,17.0,34,116
MSaaapap,202,246,232,17.1,31,-836
MSaaapap,203,246,233,17.0,34,-491
MSaaapap,204,247,238,16.0,26,-48
MSaaapap,205,245,236,17.0,31,-1791
MSaaapap,206,246,235,17.0,34,-637
MSaaapap,207,244,235,17.1,31,3132
MSaaapap,208,243,233,17.0,34,3394
MSaaapap,209,239,232,17.1,31,3278
MSaaapap,210,238,235,17.0,26,-515
MSaaapap,211,240,229,18.0,31,-2108
MSaaapap,212,240,229,18.0,31,247
MSaaapap,213,241,230,18.1,31,-1418
MSaaapap,214,240,231,17.1,34,1315
MSaaapap,215,239,233,18.0,31,372
MSaaapap,216,243,235,18.1,34,-2272
MSaaapap,217,241,233,17.1,31,2399
MSaaapap,218,242,232,17.1,34,-1237
MSaaapap,219,244,234,16.2,31,222
MSaaapap,220,244,233,17.0,34,2921
MSaaapp,149,266,243,14.0,34,1693
MSaaapp,150,268,240,14.0,34,2290
MSaaapp,151,268,240,14.1,34,2010
MSaaapp,152,270,241,14.1,34,-310
MSaaapp,153,271,243,14.0,34,2076
MSaaapp,154,274,244,14.1,34,2076
MSaaapp,155,276,250,14.0,34,2672
MSaaapp,156,276,251,14.0,34,424
MSaaapp,157,277,252,14.0,34,1435
MSaaapp,158,275,257,14.0,34,2917
MSaaapp,159,273,256,13.5,36,1775
MSaaapp,160,272,253,13.9,34,-365
MSaaapp,161,274,258,14.0,35,1456
MSaaapp,162,273,254,13.9,35,1966
MSaaapp,163,269,257,13.9,35,1566
MSaaapp,164,263,253,13.8,35,649
MSaaapp,165,266,249,13.9,35,-219
MSaaapp,166,270,252,13.9,35,1693
MSaaapp,167,269,255,13.9,35,1141
MSaaapp,168,268,250,14.0,35,2466
MSaaapp,169,271,248,14.0,35,1439
MSaaapp,170,267,246,14.8,35,1496
MSaaapp,171,269,250,14.9,35,1653
MSaaapp,172,265,251,14.4,37,2105
MSaaapp,173,268,249,14.9,35,3145
MSaaapp,174,269,248,15.1,35,-719
MSaaapp,175,268,246,15.3,37,185
MSaaapp,176,265,249,15.9,35,2541
MSaaapp,177,271,251,15.9,35,1023
MSaaapp,178,270,253,16.1,37,-212
MSaaapp,179,266,254,16.0,35,-302
MSaaapp,180,263,252,16.3,37,-1398
MSaaapp,181,262,252,16.2,35,-199
MSaaapp,182,257,254,16.9,34,-725
MSaaapp,183,258,252,16.8,34,434
MSaaapp,184,259,253,16.2,35,2340
MSaaapp,185,257,249,16.2,32,1188
MSaaapp,186,258,247,16.1,35,695
MSaaapp,187,261,243,16.2,34,-2033
MSaaapp,188,265,244,16.2,31,3918
MSaaapp,189,267,245,16.3,32,2982
MSaaapp,190,266,246,16.2,31,527
MSaaapp,191,268,245,16.3,34,1775
MSaaapp,192,268,243,16.1,31,45
MSaaapp,193,277,249,16.2,32,84
MSaaapp,194,279,253,16.0,31,2272
MSaaapp,195,281,256,15.3,34,2262
MSaaapp,196,279,253,16.0,31,1986
MSaaapp,197,276,259,16.2,34,3414
MSaaapp,198,273,256,16.2,31,605
MSaaapp,199,273,253,16.3,32,-846
MSaaapp,200,272,253,16.3,31,2777
MSaaapp,201,275,253,17.0,34,-2224
MSaaapp,202,270,250,16.4,31,1151
MSaaapp,203,269,251,17.1,34,194
MSaaapp,204,270,249,17.1,34,-309
MSaaapp,205,272,244,16.4,31,498
MSaaapp,206,272,243,17.1,34,35
MSaaapp,207,270,238,17.1,31,2351
MSaaapp,208,269,240,17.0,32,1084
MSaaapp,209,266,241,17.0,31,-1203
MSaaapp,210,265,240,17.1,34,1455
MSaaapp,211,266,241,17.1,31,-2440
MSaaapp,212,268,246,17.1,34,1268
MSaaapp,213,270,247,17.0,31,-2706
MSaaapp,214,268,247,17.0,34,1159
MSaaapp,215,271,244,17.2,31,1576
MSaaapp,216,273,242,17.0,34,-162
MSaaapp,217,271,239,17.0,31,-1189
MSaaapp,218,271,238,16.2,34,1137
MSaaapp,219,272,237,16.3,31,1092
MSaaapp,220,271,234,17.0,34,337
MSaap,77,275,182,8.3,30,-865
MSaap,78,286,179,8.2,34,1513
MSaap,79,289,179,7.4,40,-832
MSaap,80,295,177,7.9,49,-50
MSaap,81,302,175,8.8,49,-69
MSaap,82,310,177,9.0,49,788
MSaap,83,311,178,8.8,49,433
MSaap,84,312,169,8.0,49,206
MSaap,85,310,171,8.0,50,452
MSaap,86,309,172,7.9,50,308
MSaap,87,306,172,7.9,50,-742
MSaap,88,307,170,7.3,50,96
MSaap,89,307,170,7.9,49,-438
MSaap,90,309,166,7.3,49,-583
MSaap,91,308,163,7.0,49,796
MSaap,92,301,169,7.0,49,416
MSaap,93,305,168,7.0,49,1059
MSaap,94,303,163,7.0,49,836
MSaap,95,302,164,7.0,49,816
MSaap,96,302,168,6.9,48,1490
MSaap,97,301,164,6.9,46,67
MSaap,98,296,165,7.0,46,297
MSaap,99,291,171,6.4,46,475
MSaap,100,289,168,6.2,45,1324
MSaap,101,284,170,7.0,44,1518
MSaap,102,287,172,7.1,44,877
MSaap,103,291,176,7.2,44,903
MSaap,104,290,178,7.3,45,1688
MSaap,105,291,182,8.0,46,818
MSaap,106,294,183,8.2,46,1025
MSaap,107,293,180,8.1,46,1303
MSaap,108,290,191,7.2,36,4059
MSaap,109,302,189,8.1,34,4153
MSaapa,110,283,198,7.4,34,329
MSaapa,111,289,204,7.3,35,4019
MSaapa,112,292,206,7.1,38,1112
MSaapa,113,293,204,7.0,40,2613
MSaapa,114,290,198,6.8,42,1370
MSaapa,115,286,195,6.8,42,-406
MSaapa,116,287,198,6.1,42,2150
MSaapa,117,287,208,6.2,42,644
MSaapa,118,279,210,6.0,42,1840
MSaapa,119,279,215,6.1,42,1934
MSaapa,120,279,212,6.0,42,1777
MSaapa,121,275,209,6.0,42,437
MSaapa,122,271,204,6.1,42,1425
MSaapa,123,269,205,6.2,42,1693
MSaapa,124,269,204,6.9,42,1620
MSaapa,125,273,206,7.1,42,547
MSaapa,126,267,207,7.0,42,1243
MSaapa,127,270,209,6.9,42,1928
MSaapa,128,273,217,7.0,42,3205
MSaapa,129,272,220,7.1,42,-1199
MSaapa,130,277,224,7.0,42,-77
MSaapa,131,279,222,7.1,42,567
MSaapa,132,276,227,7.1,42,1639
MSaapa,133,283,226,7.1,42,1646
MSaapa,134,295,228,7.2,43,1029
MSaapa,135,297,226,7.0,41,511
MSaapa,136,293,223,6.9,41,1699
MSaapa,137,291,222,6.4,42,1406
MSaapa,138,296,217,6.3,43,1684
MSaapa,139,300,219,7.1,40,1457
MSaapa,140,296,212,7.2,41,3047
MSaapa,141,299,211,7.1,41,1118
MSaapa,142,298,209,7.2,41,2305
MSaapa,143,299,212,8.1,39,2431
MSaapa,144,304,216,8.1,37,1609
MSaapa,145,308,210,9.9,35,2894
MSaapa,146,312,217,9.0,32,3139
MSaapaa,147,291,225,9.2,30,612
MSaapaa,148,286,221,9.3,30,1960
MSaapaa,149,285,222,9.2,34,2912
MSaapaa,150,280,225,9.9,34,2129
MSaapaa,151,278,228,9.9,34,2730
MSaapaa,152,273,225,9.2,36,736
MSaapaa,153,270,228,9.4,36,1826
MSaapaa,154,272,234,9.4,36,633
MSaapaa,155,269,232,10.0,34,67
MSaapaa,156,266,233,10.1,36,898
MSaapaa,157,267,237,10.2,36,1599
MSaapaa,158,265,232,10.1,38,1759
MSaapaa,159,263,232,10.2,36,1190
MSaapaa,160,264,230,10.1,38,1178
MSaapaa,161,268,235,10.0,35,546
MSaapaa,162,266,235,9.4,37,1759
MSaapaa,163,268,235,9.3,37,2173
MSaapaa,164,268,235,9.2,37,4496
MSaapaa,165,266,232,9.3,39,3650
MSaapaa,166,268,234,10.2,37,831
MSaapaa,167,268,235,10.1,37,3965
MSaapaa,168,266,229,10.1,39,868
MSaapaa,169,265,226,10.1,37,4110
MSaapaa,170,267,227,11.0,39,76
MSaapaa,171,273,225,11.2,37,1853
MSaapaa,172,269,226,11.1,37,4244
MSaapaa,173,270,225,11.1,39,1912
MSaapaa,174,275,229,11.2,37,3992
MSaapaa,175,275,226,11.3,39,6519
MSaapaa,176,273,225,12.1,39,2525
MSaapaa,177,275,229,12.2,39,3368
MSaapaa,178,276,227,12.2,39,6126
MSaapaa,179,274,226,13.1,39,-954
MSaapaa,180,272,226,13.2,39,4207
MSaapaa,181,274,228,13.3,39,-227
MSaapaa,182,270,228,14.0,38,-179
MSaapaa,183,268,226,14.1,38,-516
MSaapaa,184,270,225,14.0,37,-481
MSaapaa,185,267,222,13.2,36,-757
MSaapaa,186,268,217,12.4,35,3199
MSaapaa,187,267,214,12.1,34,2044
MSaapaa,188,268,213,12.2,31,-5204
MSaapaa,189,271,217,12.1,34,951
MSaapaa,190,270,216,12.0,31,1725
MSaapaa,191,279,216,12.0,34,1819
MSaapaa,192,278,221,11.4,31,754
MSaapaa,193,282,224,12.2,34,651
MSaapaaa,194,258,213,10.8,29,23
MSaapaaa,195,262,212,10.3,34,3792
MSaapaaa,196,264,210,10.2,31,1004
MSaapaaa,197,258,208,10.1,34,8035
MSaapaaa,198,260,207,10.0,31,1190
MSaapaaa,199,260,209,9.4,34,2698
MSaapaaa,200,262,216,10.1,31,4482
MSaapaaa,201,267,216,10.1,34,4291
MSaapaaa,202,269,215,10.1,31,3488
MSaapaaa,203,264,218,11.1,34,3004
MSaapaaa,204,268,218,11.2,34,-1045
MSaapaaa,205,266,219,11.1,31,4160
MSaapaaa,206,264,218,11.0,34,4045
MSaapaaa,207,262,218,11.0,31,8288
MSaapaaa,208,261,223,11.1,32,5640
MSaapaaa,209,254,222,10.1,31,17820
MSaapaaa,210,255,221,11.0,34,5501
MSaapaaa,211,255,220,10.1,31,16721
MSaapaaa,212,257,219,10.3,34,14909
MSaapaaa,213,257,223,11.2,31,5345
MSaapaaa,214,260,223,11.1,34,2058
MSaapaaa,215,257,219,11.2,31,5876
MSaapaaa,216,254,222,11.1,34,10468
MSaapaaa,217,257,222,10.2,31,20697
MSaapaaa,218,259,223,11.2,34,10155
MSaapaaa,219,258,220,11.1,31,5715
MSaapaaa,220,261,227,11.1,34,8705
MSaapaap,194,304,225,14.1,29,-92
MSaapaap,195,310,222,14.3,32,-1992
MSaapaap,196,309,220,14.1,31,-846
MSaapaap,197,303,219,14.2,34,134
MSaapaap,198,304,217,14.3,31,-2866
MSaapaap,199,304,218,15.1,34,-2025
MSaapaap,200,303,223,15.1,31,-2533
MSaapaap,201,300,219,14.1,34,1312
MSaapaap,202,299,223,14.3,31,1230
MSaapaap,203,297,218,14.3,34,-213
MSaapaap,204,299,221,14.2,34,747
MSaapaap,205,298,225,14.3,31,-1095
MSaapaap,206,298,228,14.2,34,-1599
MSaapaap,207,297,227,15.1,31,2509
MSaapaap,208,291,234,14.2,34,-475
MSaapaap,209,282,238,14.2,31,1041
MSaapaap,210,281,238,14.2,34,1106
MSaapaap,211,280,237,14.3,31,389
MSaapaap,212,283,239,14.3,34,421
MSaapaap,213,283,238,14.3,31,-746
MSaapaap,214,285,234,14.3,34,-2219
MSaapaap,215,283,232,14.3,31,-718
MSaapaap,216,283,229,14.3,34,-2055
MSaapaap,217,285,229,15.0,31,-2138
MSaapaap,218,285,229,14.1,34,-2286
MSaapaap,219,282,228,14.2,31,324
MSaapaap,220,284,231,14.2,34,-469
MSaapap,147,332,219,9.0,30,1980
MSaapap,148,346,219,8.4,30,590
MSaapap,149,345,218,9.1,32,662
MSaapap,150,341,214,9.8,34,1100
MSaapap,151,342,212,9.9,34,3252
MSaapap,152,341,210,10.0,36,3092
MSaapap,153,337,210,10.1,36,2916
MSaapap,154,332,213,9.4,36,3775
MSaapap,155,327,216,9.7,36,4047
MSaapap,156,322,220,9.5,36,3111
MSaapap,157,324,220,9.3,36,1205
MSaapap,158,325,219,9.1,38,5853
MSaapap,159,325,219,9.0,36,4092
MSaapap,160,326,215,8.6,36,1204
MSaapap,161,328,215,8.5,37,2427
MSaapap,162,327,220,8.3,37,754
MSaapap,163,328,224,8.2,37,255
MSaapap,164,329,224,8.1,35,1084
MSaapap,165,327,221,8.1,37,683
MSaapap,166,323,218,7.8,35,2787
MSaapap,167,322,222,7.8,35,3229
MSaapap,168,320,221,7.8,35,1701
MSaapap,169,321,222,8.0,37,1760
MSaapap,170,323,223,8.0,35,1909
MSaapap,171,326,223,8.2,35,1550
MSaapap,172,327,228,8.3,37,1692
MSaapap,173,324,227,9.1,37,1842
MSaapap,174,326,227,9.0,35,2241
MSaapap,175,322,224,9.9,35,2438
MSaapap,176,323,222,10.0,35,1814
MSaapap,177,324,220,9.5,37,-1140
MSaapap,178,321,218,9.9,35,-367
MSaapap,179,325,212,10.0,35,1071
MSaapap,180,323,211,10.0,35,1842
MSaapap,181,329,211,10.1,35,2752
MSaapap,182,332,216,10.9,34,5092
MSaapap,183,333,213,11.0,34,2496
MSaapap,184,331,211,10.4,35,1768
MSaapap,185,327,208,10.3,34,308
MSaapap,186,326,207,10.3,35,23
MSaapap,187,326,202,10.4,34,-661
MSaapap,188,327,202,11.0,31,-1534
MSaapap,189,324,206,11.1,34,640
MSaapap,190,322,207,11.1,31,662
MSaapap,191,319,205,10.9,30,-2456
MSaapap,192,318,209,10.2,31,-650
MSaapap,193,317,210,10.2,34,-1098
MSaapap,194,314,207,10.2,31,-1091
MSaapap,195,317,207,10.3,34,-859
MSaapap,196,312,208,10.1,31,1756
MSaapap,197,307,206,10.2,34,4905
MSaapap,198,307,207,10.1,31,3845
MSaapap,199,304,209,10.1,34,141
MSaapap,200,304,213,10.3,31,1445
MSaapap,201,307,213,11.0,30,754
MSaapapa,202,302,210,9.4,31,5236
MSaapapa,203,287,209,10.0,30,4371
MSaapapa,204,288,206,10.0,26,3665
MSaapapa,205,290,209,10.1,29,9497
MSaapapa,206,293,210,10.1,30,9230
MSaapapa,207,291,209,10.2,31,8934
MSaapapa,208,288,209,10.1,30,9942
MSaapapa,209,286,208,10.1,31,2566
MSaapapa,210,285,205,10.1,30,3492
MSaapapa,211,286,205,10.4,31,-2615
MSaapapa,212,288,204,10.9,30,-1770
MSaapapa,213,283,204,11.0,31,-367
MSaapapa,214,287,204,11.1,30,-2926
MSaapapa,215,288,209,10.9,29,602
MSaapapa,216,287,206,11.0,30,-829
MSaapapa,217,291,205,11.0,31,195
MSaapapa,218,289,203,11.1,30,-2339
MSaapapa,219,291,203,11.1,31,-2718
MSaapapa,220,292,201,11.0,30,2516
MSaapapp,202,319,216,10.2,26,2205
MSaapapp,203,328,216,10.9,30,3573
MSaapapp,204,328,211,10.9,30,-840
MSaapapp,205,333,215,11.1,29,-603
MSaapapp,206,334,215,11.1,30,1706
MSaapapp,207,334,218,11.3,31,1748
MSaapapp,208,326,214,11.9,30,3380
MSaapapp,209,324,211,11.3,31,-650
MSaapapp,210,320,207,11.3,34,-3890
MSaapapp,211,316,201,11.1,31,-2009
MSaapapp,212,322,202,11.1,32,-1954
MSaapapp,213,317,204,10.2,31,-2593
MSaapapp,214,318,203,10.4,34,1290
MSaapapp,215,317,202,10.3,31,-4105
MSaapapp,216,317,204,10.2,34,-2144
MSaapapp,217,316,204,10.1,31,-3980
MSaapapp,218,318,207,10.3,34,-764
MSaapapp,219,320,204,10.3,31,-3128
MSaapapp,220,319,208,10.3,34,-1247
MSaapp,110,334,184,8.2,32,1585
MSaapp,111,341,175,8.2,35,1805
MSaapp,112,346,172,9.0,34,2259
MSaapp,113,348,170,8.4,36,1343
MSaapp,114,350,169,8.5,40,2050
MSaapp,115,349,168,8.4,40,1845
MSaapp,116,353,160,7.6,40,1686
MSaapp,117,350,156,7.9,42,916
MSaapp,118,352,157,7.8,42,2860
MSaapp,119,353,157,7.8,42,757
MSaapp,120,352,163,6.7,42,3009
MSaapp,121,350,166,6.1,42,2516
MSaapp,122,342,169,5.9,42,2458
MSaapp,123,342,172,6.0,42,2325
MSaapp,124,340,170,6.0,42,2524
MSaapp,125,341,177,5.8,42,2176
MSaapp,126,337,179,5.8,42,1869
MSaapp,127,341,186,5.9,42,2251
MSaapp,128,339,194,5.9,42,2687
MSaapp,129,339,202,5.9,42,2045
MSaapp,130,343,207,6.1,42,4766
MSaapp,131,347,207,5.9,42,3468
MSaapp,132,352,208,6.0,42,2599
MSaapp,133,354,213,6.1,42,2662
MSaapp,134,363,218,6.2,41,2529
MSaapp,135,363,213,6.2,41,3239
MSaapp,136,358,216,6.3,43,1171
MSaapp,137,358,219,6.1,40,2729
MSaapp,138,358,223,6.2,41,2973
MSaapp,139,360,220,6.2,40,1150
MSaapp,140,354,220,6.3,39,2703
MSaapp,141,359,221,6.3,41,2354
MSaapp,142,360,221,6.3,41,2057
MSaapp,143,359,218,7.1,39,2253
MSaapp,144,363,218,7.1,39,1577
MSaapp,145,367,217,7.1,39,3188
MSaapp,146,367,218,6.5,38,2515
MSaapp,147,376,217,7.0,38,2704
MSaapp,148,380,219,7.1,38,3092
MSaapp,149,378,222,7.1,38,3850
MSaapp,150,371,220,7.0,38,3078
MSaapp,151,364,226,7.0,36,2044
MSaapp,152,362,227,7.1,38,3440
MSaapp,153,362,230,8.0,34,2472
MSaapp,154,361,235,8.1,34,3961
MSaapp,155,362,234,7.1,28,2969
MSaappa,156,344,242,7.4,30,6110
MSaappa,157,336,247,7.3,28,3975
MSaappa,158,339,243,7.9,24,5696
MSaappa,159,340,240,6.5,28,4917
MSaappa,160,340,239,7.0,30,2115
MSaappa,161,342,239,7.0,24,3589
MSaappa,162,344,245,7.1,33,1956
MSaappa,163,345,243,6.4,26,4771
MSaappa,164,348,242,6.6,33,4208
MSaappa,165,348,234,6.1,26,7781
MSaappa,166,348,234,6.1,35,2913
MSaappa,167,348,234,6.0,35,3112
MSaappa,168,345,236,5.9,35,3439
MSaappa,169,347,237,5.9,35,3031
MSaappa,170,344,236,5.9,35,3373
MSaappa,171,348,237,6.0,35,2718
MSaappa,172,344,239,6.1,35,5052
MSaappa,173,340,235,6.8,35,3111
MSaappa,174,341,236,6.1,35,3420
MSaappa,175,342,232,6.8,35,2301
MSaappa,176,349,233,6.9,35,3754
MSaappa,177,349,233,7.0,35,2752
MSaappa,178,346,232,7.0,35,1693
MSaappa,179,346,230,7.1,35,2538
MSaappa,180,344,234,7.0,35,2805
MSaappa,181,345,235,7.1,35,738
MSaappa,182,347,232,7.7,34,748
MSaappa,183,349,222,7.4,36,2408
MSaappa,184,348,218,7.9,33,7017
MSaappa,185,351,220,7.4,34,12742
MSaappa,186,347,222,8.0,26,8190
MSaappa,187,347,220,7.9,30,11754
MSaappa,188,347,220,7.9,30,10339
MSaappa,189,349,225,8.2,30,11591
MSaappa,190,350,219,8.1,31,9038
MSaappa,191,350,216,8.1,32,23356
MSaappa,192,350,216,8.1,32,16819
MSaappa,193,349,223,8.0,30,15360
MSaappa,194,350,221,7.1,31,19898
MSaappa,195,348,224,7.2,30,19966
MSaappa,196,351,224,7.0,31,41223
MSaappa,197,348,228,7.1,34,23533
MSaappa,198,346,228,8.0,26,10846
MSaappa,199,346,227,8.1,26,8487
MSaappa,200,350,226,7.4,31,12333
MSaappa,201,352,225,7.3,34,17191
MSaappa,202,348,222,8.1,31,6447
MSaappa,203,348,220,8.0,26,4485
MSaappa,204,348,221,7.9,30,4047
MSaappa,205,353,224,7.4,31,17977
MSaappa,206,352,224,8.0,34,10362
MSaappa,207,349,223,8.3,31,5143
MSaappa,208,346,227,8.3,34,852
MSaappa,209,345,227,8.3,31,2911
MSaappa,210,345,228,8.9,30,1888
MSaappa,211,346,227,8.4,31,733
MSaappa,212,348,225,8.8,30,-1342
MSaappa,213,349,224,8.3,31,-3699
MSaappa,214,349,227,8.2,32,-3989
MSaappa,215,350,222,7.7,31,-3307
MSaappa,216,351,224,8.0,30,-2642
MSaappa,217,350,223,8.1,31,-1143
MSaappa,218,350,224,8.0,32,-2938
MSaappa,219,350,221,7.6,31,-2152
MSaappa,220,350,223,8.0,30,-786
MSaappp,156,382,231,7.0,28,2098
MSaappp,157,389,232,6.4,30,1211
MSaappp,158,391,228,7.1,30,2450
MSaappp,159,392,227,7.2,32,1788
MSaappp,160,396,229,7.1,34,1369
MSaappp,161,398,226,7.1,35,-669
MSaappp,162,399,226,7.1,35,1436
MSaappp,163,393,222,6.9,35,1972
MSaappp,164,397,226,6.5,37,1378
MSaappp,165,396,224,6.5,37,1891
MSaappp,166,394,225,6.9,35,1872
MSaappp,167,394,228,6.4,37,2568
MSaappp,168,388,233,7.0,37,1516
MSaappp,169,388,232,7.1,35,1558
MSaappp,170,387,236,7.3,37,2500
MSaappp,171,389,236,7.3,39,1115
MSaappp,172,385,234,7.3,39,1962
MSaappp,173,381,230,7.8,35,1689
MSaappp,174,376,232,7.4,37,1652
MSaappp,175,374,225,8.2,37,899
MSaappp,176,372,224,8.3,37,1517
MSaappp,177,369,226,8.3,39,481
MSaappp,178,372,224,8.9,35,1508
MSaappp,179,373,221,8.4,39,1643
MSaappp,180,368,221,8.3,37,1182
MSaappp,181,371,216,8.4,37,1283
MSaappp,182,370,214,8.4,38,515
MSaappp,183,368,210,9.0,26,-1067
MSaappp,184,371,213,9.0,26,1928
MSaappp,185,375,216,8.2,26,-2396
MSaappp,186,370,213,8.3,35,6124
MSaappp,187,368,209,8.3,34,4003
MSaappp,188,368,202,9.1,31,7595
MSaappp,189,366,199,9.1,34,2141
MSaappp,190,368,192,9.2,31,3015
MSaappp,191,371,188,9.1,34,130
MSaappp,192,369,182,9.0,31,950
MSaappp,193,370,187,8.3,34,3952
MSaappp,194,367,184,8.4,31,673
MSaappp,195,364,186,8.3,34,9789
MSaappp,196,368,190,9.0,31,1634
MSaappp,197,366,192,9.0,34,3777
MSaappp,198,365,194,9.2,31,1330
MSaappp,199,367,195,9.2,34,3147
MSaappp,200,368,193,9.1,31,-1607
MSaappp,201,369,187,9.2,34,-947
MSaappp,202,369,185,9.2,31,-5507
MSaappp,203,368,176,9.2,34,344
MSaappp,204,370,175,9.1,34,1609
MSaappp,205,369,174,9.1,31,6318
MSaappp,206,367,172,10.1,34,3781
MSaappp,207,364,175,10.0,31,1075
MSaappp,208,365,177,10.0,34,798
MSaappp,209,359,174,10.1,31,-1644
MSaappp,210,362,176,10.2,34,482
MSaappp,211,368,179,10.2,31,194
MSaappp,212,371,177,10.2,34,-1817
MSaappp,213,370,176,9.2,31,801
MSaappp,214,369,173,10.1,34,-255
MSaappp,215,368,174,9.2,31,9769
MSaappp,216,369,176,10.0,34,6452
MSaappp,217,371,173,9.3,31,-738
MSaappp,218,370,175,10.1,34,6970
MSaappp,219,369,169,10.2,31,134
MSaappp,220,375,170,10.2,34,7930
MSap,48,280,158,13.3,42,-134
MSap,49,293,157,13.1,40,1271
MSap,50,302,147,13.0,53,-204
MSap,51,305,144,13.1,55,-371
MSap,52,316,142,12.1,55,-1008
MSap,53,316,141,12.6,57,-262
MSap,54,311,130,12.7,57,-680
MSap,55,306,128,12.6,58,-555
MSap,56,304,131,12.6,58,-954
MSap,57,301,130,12.8,59,-589
MSap,58,308,127,12.9,58,-1307
MSap,59,308,127,13.6,58,-432
MSap,60,299,131,13.0,58,-305
MSap,61,296,127,13.0,56,-457
MSap,62,295,129,12.3,56,-805
MSap,63,292,127,12.1,55,-510
MSap,64,294,133,11.8,53,-648
MSap,65,304,132,11.3,56,-670
MSap,66,304,129,12.1,53,-1150
MSap,67,315,130,12.1,53,-694
MSap,68,319,128,11.3,53,-781
MSap,69,325,127,11.3,53,-207
MSap,70,328,125,11.4,52,-941
MSap,71,327,124,12.3,54,-949
MSap,72,329,124,13.2,54,-799
MSap,73,326,129,14.2,55,-1134
MSap,74,317,131,14.3,55,-348
MSap,75,313,138,14.0,55,-215
MSap,76,310,145,14.0,51,-24
MSap,77,310,144,13.0,50,-3
MSap,78,319,148,12.9,50,752
MSap,79,315,148,12.1,56,798
MSapa,80,281,138,12.8,49,153
MSapa,81,280,140,12.1,35,-512
MSapa,82,270,141,11.3,47,96
MSapa,83,265,142,11.0,49,799
MSapa,84,260,136,11.3,49,-7
MSapa,85,256,137,11.1,50,513
MSapa,86,255,137,10.2,50,750
MSapa,87,254,141,10.0,50,702
MSapa,88,253,142,10.0,50,59
MSapa,89,252,140,10.0,49,929
MSapa,90,253,146,9.9,49,908
MSapa,91,251,144,9.2,49,993
MSapa,92,251,144,9.0,49,730
MSapa,93,248,144,9.0,49,716
MSapa,94,240,141,8.9,49,-484
MSapa,95,235,147,8.9,49,1476
MSapa,96,243,145,8.3,48,972
MSapa,97,252,140,8.8,46,1862
MSapa,98,250,142,9.0,44,2281
MSapa,99,251,139,9.1,44,2042
MSapa,100,256,132,10.0,45,2779
MSapa,101,259,129,10.2,44,2729
MSapa,102,257,133,10.3,44,3702
MSapa,103,265,134,10.2,44,2609
MSapa,104,266,138,11.1,45,1913
MSapa,105,264,138,11.2,46,2513
MSapa,106,258,142,11.2,44,3832
MSapa,107,260,138,11.2,46,2090
MSapa,108,254,142,11.3,46,2934
MSapa,109,268,147,12.1,44,2767
MSapa,110,283,160,12.1,42,3656
MSapa,111,291,168,12.1,41,4876
MSapa,112,289,167,12.0,42,5690
MSapa,113,282,168,11.1,46,4277
MSapaa,114,262,178,10.2,34,7713
MSapaa,115,253,175,10.0,34,8826
MSapaa,116,253,181,9.1,34,8814
MSapaa,117,248,181,9.0,40,4842
MSapaa,118,242,184,9.2,38,5377
MSapaa,119,245,186,10.1,38,4944
MSapaa,120,241,190,10.9,42,5842
MSapaa,121,239,198,11.1,42,5672
MSapaa,122,238,198,11.1,42,6296
MSapaa,123,236,196,11.8,42,8724
MSapaa,124,233,193,11.1,42,6908
MSapaa,125,231,195,11.1,42,6494
MSapaa,126,229,200,11.0,42,8387
MSapaa,127,228,200,11.9,42,8514
MSapaa,128,230,202,11.8,42,10960
MSapaa,129,233,202,11.8,42,10295
MSapaa,130,238,203,11.2,42,10751
MSapaa,131,238,204,11.9,42,9803
MSapaa,132,229,207,12.1,42,10616
MSapaa,133,228,208,12.8,42,9145
MSapaa,134,235,205,12.8,41,8831
MSapaa,135,236,204,12.1,43,9750
MSapaa,136,231,199,12.9,41,10101
MSapaa,137,222,195,12.1,42,14520
MSapaa,138,222,198,12.1,41,15296
MSapaa,139,221,199,12.0,40,13517
MSapaa,140,224,200,12.2,41,14652
MSapaa,141,228,200,13.1,41,17592
MSapaa,142,228,197,13.2,41,14443
MSapaa,143,222,195,13.2,39,16766
MSapaa,144,221,197,13.2,39,15526
MSapaa,145,226,196,13.2,39,16942
MSapaa,146,226,197,13.1,38,20743
MSapaa,147,231,192,13.1,38,19170
MSapaa,148,234,190,13.1,38,20878
MSapaa,149,233,193,13.0,38,18225
MSapaa,150,230,196,13.1,36,21143
MSapaa,151,227,194,13.1,38,22937
MSapaa,152,234,191,13.1,38,26046
MSapaa,153,235,194,12.2,38,24838
MSapaa,154,238,194,12.9,34,26879
MSapaa,155,236,191,13.1,30,34969
MSapaa,156,233,191,13.9,34,29411
MSapaaa,157,212,179,13.1,34,25160
MSapaaa,158,207,180,13.1,34,22520
MSapaaa,159,208,181,13.0,34,21610
MSapaaa,160,207,180,13.0,34,20549
MSapaaa,161,206,179,13.0,34,23184
MSapaaa,162,205,178,13.0,34,20678
MSapaaa,163,204,176,13.0,35,24283
MSapaaa,164,203,178,12.0,26,17822
MSapaaa,165,203,178,12.0,26,11912
MSapaaa,166,202,177,13.1,39,17400
MSapaaa,167,200,180,13.1,37,17451
MSapaaa,168,201,177,13.9,35,18743
MSapaaa,169,200,182,13.2,39,20681
MSapaaa,170,200,182,13.2,39,17785
MSapaaa,171,201,180,13.1,39,20185
MSapaaa,172,198,180,12.0,26,16359
MSapaaa,173,196,182,13.0,26,24692
MSapaaa,174,195,182,13.1,29,25833
MSapaaa,175,193,182,13.1,33,24362
MSapaaa,176,191,181,13.2,37,17408
MSapaaa,177,191,185,14.1,39,20209
MSapaaa,178,190,185,13.4,37,22396
MSapaaa,179,187,182,13.3,39,24048
MSapaaa,180,187,182,13.2,37,24856
MSapaaa,181,186,183,13.9,35,26737
MSapaaa,182,191,183,14.1,36,21945
MSapaaa,183,189,181,14.2,38,20640
MSapaaa,184,192,181,13.3,37,27218
MSapaaa,185,189,181,13.2,36,24375
MSapaaa,186,190,181,14.1,35,31555
MSapaaa,187,184,187,14.1,34,23226
MSapaaa,188,180,189,14.1,31,26731
MSapaaa,189,172,192,15.1,26,27048
MSapaaa,190,173,195,16.0,31,26209
MSapaaa,191,173,195,15.6,30,25428
MSapaaa,192,173,195,15.3,29,30304
MSapaaa,193,173,195,14.9,28,15693
MSapaaa,194,173,195,14.6,27,21671
MSapaaa,195,174,195,14.2,26,32181
MSapaaa,196,172,194,15.0,31,34459
MSapaaa,197,171,199,15.1,34,31958
MSapaaa,198,172,200,14.2,31,33249
MSapaaa,199,171,200,14.2,34,33002
MSapaaa,200,174,197,14.1,31,33414
MSapaaa,201,177,195,14.2,34,30615
MSapaaa,202,181,191,14.3,31,25609
MSapaaa,203,176,189,14.2,34,30740
MSapaaa,204,173,195,15.0,34,28321
MSapaaa,205,173,192,14.2,31,35875
MSapaaa,206,175,195,14.2,34,29928
MSapaaa,207,176,192,14.2,31,40650
MSapaaa,208,174,195,14.8,30,42508
MSapaaa,209,169,196,14.1,29,51179
MSapaaa,210,169,193,14.9,30,54560
MSapaaaa,211,155,190,15.0,30,20328
MSapaaaa,212,154,192,14.6,29,16587
MSapaaaa,213,152,194,14.1,28,23883
MSapaaaa,214,151,196,13.7,27,36458
MSapaaaa,215,149,198,13.2,26,38316
MSapaaaa,216,150,199,13.7,26,44039
MSapaaaa,217,152,200,14.1,26,39645
MSapaaaa,218,151,200,13.8,26,29730
MSapaaaa,219,150,200,13.4,26,32042
MSapaaaa,220,149,200,13.1,26,37371
MSapaaap,211,190,193,14.1,26,39801
MSapaaap,212,196,191,14.0,30,32035
MSapaaap,213,195,189,14.1,31,34126
MSapaaap,214,192,189,13.9,30,33054
MSapaaap,215,191,191,13.8,29,35195
MSapaaap,216,190,191,14.1,34,25009
MSapaaap,217,187,190,14.0,31,28031
MSapaaap,218,185,190,14.1,32,25867
MSapaaap,219,184,191,13.3,31,28471
MSapaaap,220,185,190,13.4,34,28583
MSapaap,157,260,205,14.1,34,19943
MSapaap,158,257,208,14.8,34,16745
MSapaap,159,262,209,14.1,34,17514
MSapaap,160,264,208,15.0,34,14985
MSapaap,161,260,207,15.0,35,13939
MSapaap,162,261,210,14.1,37,15712
MSapaap,163,258,211,14.0,35,19477
MSapaap,164,256,210,14.0,35,19115
MSapaap,165,250,207,14.0,35,16457
MSapaap,166,249,207,14.1,35,23423
MSapaap,167,247,204,13.4,37,19953
MSapaap,168,246,197,14.1,26,27420
MSapaap,169,247,196,15.1,26,16490
MSapaap,170,242,197,14.1,26,31561
MSapaap,171,243,197,14.2,26,23920
MSapaap,172,241,192,13.3,26,25765
MSapaap,173,238,189,14.1,37,20785
MSapaap,174,240,191,13.1,26,26190
MSapaap,175,235,187,13.2,37,20864
MSapaap,176,236,189,13.3,39,25701
MSapaap,177,240,191,13.2,37,21820
MSapaap,178,236,189,14.0,39,19724
MSapaap,179,235,187,13.4,37,27434
MSapaap,180,234,184,14.0,39,21301
MSapaap,181,231,182,14.1,39,20814
MSapaap,182,233,183,13.3,38,26480
MSapaap,183,231,182,13.2,36,30664
MSapaap,184,231,184,13.1,37,32746
MSapaap,185,232,182,13.1,36,28685
MSapaap,186,232,182,12.1,35,31815
MSapaap,187,228,179,12.0,34,32697
MSapaap,188,225,179,12.1,31,34383
MSapaap,189,226,182,12.2,34,33080
MSapaap,190,223,178,12.4,31,35740
MSapaap,191,226,181,12.1,34,29588
MSapaap,192,221,181,12.2,31,32781
MSapaap,193,217,181,12.3,34,32808
MSapaap,194,222,177,12.3,31,36303
MSapaap,195,223,181,13.0,26,35646
MSapaap,196,223,181,13.0,26,30700
MSapaap,197,222,175,12.2,34,36406
MSapaap,198,221,172,12.2,31,35772
MSapaap,199,222,172,12.2,31,43136
MSapaap,200,223,173,12.1,30,37834
MSapaap,201,224,174,12.1,29,47091
MSapaap,202,225,174,12.1,28,29490
MSapaap,203,226,175,12.0,27,30775
MSapaap,204,227,176,12.0,26,23353
MSapaap,205,228,176,11.1,31,44656
MSapaap,206,226,177,11.1,34,37876
MSapaap,207,226,177,11.1,34,23776
MSapaap,208,232,178,10.0,26,32915
MSapaap,209,229,179,11.0,31,36758
MSapaap,210,229,177,11.1,26,45384
MSapaap,211,234,173,11.1,26,44778
MSapaap,212,237,177,10.3,34,37133
MSapaap,213,234,174,11.1,31,40980
MSapaap,214,235,175,11.1,34,43332
MSapaap,215,237,172,11.1,31,49114
MSapaap,216,233,174,11.1,34,46837
MSapaap,217,236,171,11.2,31,47871
MSapaap,218,240,173,12.0,34,39372
MSapaap,219,239,172,12.0,31,35243
MSapaap,220,241,175,12.0,34,38559
MSapap,114,305,156,13.0,36,7198
MSapap,115,301,155,12.4,40,5337
MSapap,116,301,162,12.9,42,5438
MSapap,117,308,164,12.8,42,4654
MSapap,118,313,172,12.1,42,4436
MSapap,119,314,180,13.0,42,4954
MSapap,120,316,193,12.2,42,8861
MSapap,121,316,191,12.2,42,6550
MSapap,122,313,189,12.0,42,7088
MSapap,123,307,190,11.1,42,8145
MSapap,124,303,191,11.1,42,8766
MSapap,125,299,196,11.7,42,7549
MSapap,126,291,194,11.8,42,7711
MSapap,127,288,194,11.9,42,7945
MSapap,128,288,193,11.9,42,6821
MSapap,129,289,193,12.0,42,8446
MSapap,130,292,191,12.1,42,10577
MSapap,131,291,190,12.0,42,7446
MSapap,132,286,191,11.9,42,8900
MSapap,133,288,194,12.1,42,9997
MSapap,134,291,198,12.1,43,10409
MSapap,135,291,203,12.0,43,9799
MSapap,136,282,192,11.3,43,11369
MSapap,137,274,187,11.3,44,9938
MSapap,138,275,183,11.3,43,12408
MSapap,139,277,188,12.0,42,11487
MSapap,140,280,195,12.3,41,13849
MSapap,141,281,195,12.3,41,14662
MSapap,142,282,195,13.2,41,11433
MSapap,143,279,193,14.0,39,13455
MSapap,144,270,192,13.3,39,12464
MSapap,145,275,192,13.3,39,16547
MSapap,146,276,187,13.1,38,13263
MSapap,147,278,185,14.0,38,13906
MSapap,148,275,180,14.1,38,16682
MSapap,149,277,181,14.0,38,18334
MSapap,150,278,176,14.1,38,16445
MSapap,151,277,175,14.1,38,20385
MSapap,152,279,166,14.0,38,18550
MSapap,153,284,166,14.2,38,17543
MSapap,154,284,167,14.1,36,21463
MSapap,155,281,168,14.2,38,21496
MSapap,156,280,172,14.0,34,27919
MSapap,157,287,173,14.0,34,35262
MSapapa,158,267,165,14.1,34,20723
MSapapa,159,258,164,13.9,34,18426
MSapapa,160,257,166,13.4,36,18358
MSapapa,161,253,166,13.2,37,19776
MSapapa,162,252,167,13.4,37,18232
MSapapa,163,256,165,14.1,37,16079
MSapapa,164,255,166,13.3,39,14993
MSapapa,165,255,168,14.3,37,13738
MSapapa,166,256,173,14.2,37,15000
MSapapa,167,258,172,14.9,35,19128
MSapapa,168,259,170,15.0,39,14990
MSapapa,169,262,174,15.1,39,17133
MSapapa,170,259,174,14.4,39,18143
MSapapa,171,266,178,15.0,39,19884
MSapapa,172,264,180,15.1,39,15694
MSapapa,173,263,177,15.1,39,22034
MSapapa,174,263,179,15.1,39,18915
MSapapa,175,259,176,15.1,39,19137
MSapapa,176,258,178,15.2,39,17269
MSapapa,177,258,179,16.0,39,20929
MSapapa,178,259,180,16.1,39,15013
MSapapa,179,261,178,15.4,39,18734
MSapapa,180,262,181,16.2,39,17283
MSapapa,181,259,178,16.2,39,14689
MSapapa,182,256,184,17.0,38,13293
MSapapa,183,252,182,16.3,38,15123
MSapapa,184,247,186,16.3,37,20196
MSapapa,185,247,185,17.0,36,17832
MSapapa,186,245,185,17.0,35,20501
MSapapa,187,243,179,16.1,34,21501
MSapapa,188,242,174,16.0,31,21397
MSapapa,189,240,180,15.1,34,26288
MSapapa,190,243,179,15.2,31,22107
MSapapa,191,238,179,15.1,34,23281
MSapapa,192,245,176,16.0,31,22852
MSapapa,193,245,182,15.1,34,20282
MSapapa,194,247,183,16.1,31,7979
MSapapa,195,249,186,16.0,34,20507
MSapapa,196,250,179,16.0,31,24453
MSapapa,197,248,178,15.2,34,24124
MSapapa,198,245,176,16.1,31,21777
MSapapa,199,244,173,15.2,34,23238
MSapapa,200,248,173,16.0,31,25128
MSapapa,201,247,171,15.2,34,23880
MSapapa,202,243,171,15.1,31,28871
MSapapa,203,240,167,15.1,34,21402
MSapapa,204,238,169,15.0,34,18406
MSapapa,205,233,170,14.1,31,29191
MSapapa,206,233,175,15.1,34,28647
MSapapa,207,231,171,15.0,29,36811
MSapapa,208,227,172,15.9,30,27095
MSapapaa,209,210,172,15.2,31,25440
MSapapaa,210,200,167,15.9,30,32738
MSapapaa,211,200,165,15.4,30,27334
MSapapaa,212,199,163,14.8,30,30284
MSapapaa,213,198,161,14.3,30,29901
MSapapaa,214,197,159,13.7,30,22691
MSapapaa,215,196,157,13.2,31,27269
MSapapaa,216,195,156,13.1,26,29607
MSapapaa,217,199,157,13.1,31,27478
MSapapaa,218,199,157,13.2,32,22987
MSapapaa,219,199,157,14.0,26,23707
MSapapaa,220,201,159,13.9,30,26379
MSapapap,209,233,177,15.2,31,17369
MSapapap,210,249,180,15.2,34,14740
MSapapap,211,246,176,16.0,31,16795
MSapapap,212,246,181,16.0,34,16059
MSapapap,213,241,184,16.1,31,11155
MSapapap,214,241,183,15.0,26,19574
MSapapap,215,240,182,16.0,31,18758
MSapapap,216,239,177,15.2,32,20271
MSapapap,217,243,171,15.2,31,21011
MSapapap,218,239,172,16.1,34,18785
MSapapap,219,239,171,15.1,31,26045
MSapapap,220,240,169,14.1,34,22490
MSapapp,158,310,168,14.9,34,18543
MSapapp,159,317,167,15.9,34,16317
MSapapp,160,316,169,16.0,34,15640
MSapapp,161,313,170,16.9,35,13512
MSapapp,162,310,176,17.0,35,17941
MSapapp,163,309,175,17.0,37,14118
MSapapp,164,312,181,16.2,37,14763
MSapapp,165,307,178,16.2,37,16019
MSapapp,166,306,177,16.3,37,20838
MSapapp,167,303,175,16.3,37,15722
MSapapp,168,301,173,17.2,37,18163
MSapapp,169,301,173,18.1,37,17627
MSapapp,170,299,170,18.1,39,13318
MSapapp,171,295,175,18.2,39,13685
MSapapp,172,294,177,18.1,39,15206
MSapapp,173,296,171,18.2,39,13340
MSapapp,174,297,174,19.1,39,14525
MSapapp,175,297,177,18.2,39,13242
MSapapp,176,294,179,18.2,39,14679
MSapapp,177,293,182,19.0,39,15801
MSapapp,178,289,183,19.1,39,13333
MSapapp,179,294,182,19.1,39,16849
MSapapp,180,296,180,19.0,39,12242
MSapapp,181,294,178,20.0,26,17070
MSapapp,182,294,178,20.0,26,25864
MSapapp,183,293,181,20.1,38,20095
MSapapp,184,287,182,19.0,26,21432
MSapapp,185,285,184,19.1,36,14882
MSapapp,186,291,183,19.1,35,20211
MSapapp,187,286,185,19.0,34,18055
MSapapp,188,282,189,18.2,31,21088
MSapapp,189,277,193,18.1,34,13845
MSapapp,190,277,191,18.0,31,14033
MSapapp,191,275,192,17.2,34,21106
MSapapp,192,279,193,17.4,31,22502
MSapapp,193,279,195,18.0,34,20398
MSapapp,194,280,196,18.0,31,20685
MSapapp,195,284,196,18.1,34,21542
MSapapp,196,281,192,18.0,31,14515
MSapapp,197,282,192,18.0,34,15750
MSapapp,198,275,191,18.0,31,20760
MSapapp,199,275,191,19.0,26,12299
MSapapp,200,271,193,19.0,26,20268
MSapapp,201,271,191,18.1,26,20147
MSapapp,202,274,191,18.0,31,23443
MSapapp,203,265,192,18.1,34,25856
MSapapp,204,261,199,17.0,34,11527
MSapapp,205,263,195,17.2,31,24609
MSapapp,206,263,193,17.2,34,19193
MSapapp,207,260,200,16.1,31,10627
MSapapp,208,255,197,17.1,34,16261
MSapapp,209,254,196,18.0,31,15571
MSapapp,210,257,196,18.1,34,23474
MSapapp,211,256,191,18.1,31,21067
MSapapp,212,256,197,18.1,34,21557
MSapapp,213,256,195,18.1,31,23073
MSapapp,214,254,197,18.1,34,24849
MSapapp,215,248,195,18.1,31,27930
MSapapp,216,254,197,18.0,34,24982
MSapapp,217,253,196,18.0,31,25875
MSapapp,218,250,195,18.1,34,23659
MSapapp,219,246,194,18.1,31,36522
MSapapp,220,247,195,17.3,34,18033
MSapp,80,345,141,12.0,49,-366
MSapp,81,349,145,11.1,49,-1348
MSapp,82,353,139,11.1,47,-232
MSapp,83,355,145,10.9,49,532
MSapp,84,362,143,11.1,49,-96
MSapp,85,364,140,10.8,50,401
MSapp,86,361,134,10.9,50,1051
MSapp,87,354,135,11.2,48,1175
MSapp,88,358,128,11.1,48,255
MSapp,89,357,130,10.9,49,841
MSapp,90,350,129,10.9,49,632
MSapp,91,351,129,10.9,49,245
MSapp,92,349,129,10.2,49,1385
MSapp,93,353,128,10.1,49,586
MSapp,94,352,128,10.1,49,1089
MSapp,95,353,131,10.0,49,989
MSapp,96,353,130,10.0,48,1183
MSapp,97,352,128,10.0,46,1802
MSapp,98,346,127,9.4,46,2721
MSapp,99,338,129,9.3,44,2103
MSapp,100,339,128,10.1,45,2789
MSapp,101,340,130,9.4,44,2019
MSapp,102,341,130,10.2,44,2886
MSapp,103,342,133,10.3,44,3178
MSapp,104,342,135,10.2,43,3145
MSapp,105,343,131,11.2,44,2621
MSapp,106,347,132,11.9,42,4065
MSapp,107,345,132,11.9,42,3925
MSapp,108,338,133,11.3,44,5012
MSapp,109,342,133,11.2,44,5762
MSapp,110,352,135,11.4,44,5095
MSapp,111,351,129,12.1,45,5409
MSapp,112,349,131,12.9,42,8306
MSapp,113,344,136,13.0,42,8562
MSapp,114,350,139,14.0,40,9586
MSappa,115,336,138,12.2,36,6298
MSappa,116,333,136,12.1,32,10295
MSappa,117,337,138,11.2,36,6683
MSappa,118,338,141,11.2,38,7721
MSappa,119,341,150,11.2,40,5260
MSappa,120,340,157,10.9,42,8083
MSappa,121,336,159,10.2,40,7075
MSappa,122,338,162,10.1,40,8856
MSappa,123,334,161,9.4,40,10644
MSappa,124,335,165,9.2,40,7496
MSappa,125,332,175,10.1,42,10847
MSappa,126,326,178,10.1,42,9824
MSappa,127,324,180,10.8,42,9533
MSappa,128,325,183,10.0,42,9684
MSappa,129,322,187,10.1,42,13751
MSappa,130,328,191,10.2,42,11141
MSappa,131,327,199,10.2,42,11338
MSappa,132,327,203,10.1,42,13142
MSappa,133,326,204,10.2,42,11050
MSappa,134,330,204,10.8,41,13252
MSappa,135,333,198,10.0,41,12988
MSappa,136,328,201,10.0,41,12552
MSappa,137,326,199,10.0,40,14384
MSappa,138,321,200,10.3,41,14890
MSappa,139,323,202,10.3,40,15798
MSappa,140,321,199,10.3,41,15503
MSappa,141,321,202,10.4,41,14075
MSappa,142,319,203,11.0,41,18243
MSappa,143,319,204,11.2,39,14701
MSappa,144,319,204,12.1,39,16978
MSappa,145,319,206,12.2,39,14369
MSappa,146,324,200,13.2,38,16477
MSappa,147,327,195,13.1,38,19587
MSappa,148,323,198,13.1,38,17224
MSappa,149,322,199,12.1,38,22118
MSappa,150,322,199,12.3,38,19739
MSappa,151,326,202,12.2,38,15338
MSappa,152,333,202,12.0,38,15012
MSappa,153,329,200,12.1,38,15816
MSappa,154,328,202,12.6,38,21978
MSappa,155,330,208,12.5,38,17296
MSappa,156,330,204,12.2,38,20087
MSappa,157,334,203,11.0,26,26846
MSappa,158,326,201,11.1,38,25271
MSappa,159,324,201,11.2,36,30679
MSappa,160,320,197,12.0,38,30160
MSappa,161,317,198,12.0,35,30639
MSappa,162,319,198,11.2,33,32805
MSappa,163,320,197,11.9,35,35818
MSappaa,164,294,194,12.0,33,31036
MSappaa,165,289,193,12.1,35,25621
MSappaa,166,288,193,11.9,35,28512
MSappaa,167,289,194,11.8,35,25866
MSappaa,168,288,191,11.9,35,22390
MSappaa,169,289,189,12.1,35,18877
MSappaa,170,289,192,12.1,35,23726
MSappaa,171,292,183,12.1,37,25018
MSappaa,172,291,187,12.2,37,24613
MSappaa,173,288,182,12.3,37,20406
MSappaa,174,291,182,12.3,37,22502
MSappaa,175,290,180,12.2,35,26853
MSappaa,176,288,180,12.4,39,28240
MSappaa,177,287,182,12.4,39,22120
MSappaa,178,286,179,13.2,37,29267
MSappaa,179,289,174,13.3,37,24638
MSappaa,180,287,174,13.4,37,24844
MSappaa,181,286,174,14.2,37,27351
MSappaa,182,286,174,14.4,36,30683
MSappaa,183,281,170,14.4,38,28215
MSappaa,184,282,172,14.3,37,28125
MSappaa,185,280,173,15.0,36,22279
MSappaa,186,285,172,14.3,35,30446
MSappaa,187,283,170,15.0,34,26925
MSappaa,188,284,168,14.2,31,33279
MSappaa,189,282,172,14.1,34,29675
MSappaa,190,280,167,13.3,31,26886
MSappaa,191,282,164,13.2,34,31449
MSappaa,192,282,163,13.2,31,32981
MSappaa,193,280,168,13.2,34,29597
MSappaa,194,283,173,13.3,31,30462
MSappaa,195,284,173,14.1,34,25675
MSappaa,196,283,171,14.0,31,28597
MSappaa,197,282,172,14.1,34,35508
MSappaa,198,284,171,14.0,31,30927
MSappaa,199,288,175,14.0,34,34829
MSappaa,200,286,175,13.2,31,30713
MSappaa,201,291,172,12.4,34,31990
MSappaa,202,291,171,13.1,31,39279
MSappaa,203,288,171,13.2,34,38619
MSappaa,204,289,170,13.2,34,35592
MSappaa,205,287,172,13.1,31,40957
MSappaa,206,290,176,13.2,34,38588
MSappaa,207,288,175,13.3,31,35249
MSappaa,208,283,175,14.0,34,36771
MSappaa,209,280,178,13.1,31,39226
MSappaa,210,282,177,13.2,34,38429
MSappaa,211,284,176,13.1,31,36563
MSappaa,212,287,185,13.0,34,31227
MSappaa,213,282,182,13.2,31,43028
MSappaa,214,285,183,14.0,34,34363
MSappaa,215,281,179,14.0,31,42674
MSappaa,216,281,184,13.2,34,33741
MSappaa,217,284,181,13.2,31,44911
MSappaa,218,286,186,13.1,34,30488
MSappaa,219,285,183,13.2,31,37227
MSappaa,220,286,184,13.1,34,36915
MSappap,164,334,198,11.0,35,27195
MSappap,165,340,194,11.1,35,23330
MSappap,166,339,196,10.3,33,23770
MSappap,167,342,191,10.9,35,29055
MSappap,168,339,193,11.0,35,21759
MSappap,169,342,194,11.0,35,28090
MSappap,170,345,190,10.9,35,27767
MSappap,171,344,189,10.8,35,27818
MSappap,172,340,194,11.0,35,26455
MSappap,173,337,194,11.0,35,29339
MSappap,174,337,189,11.0,35,26363
MSappap,175,338,187,11.8,35,27659
MSappap,176,339,187,12.0,35,25810
MSappap,177,341,186,11.9,35,31452
MSappap,178,341,184,11.4,37,29145
MSappap,179,343,183,12.0,39,25782
MSappap,180,339,178,11.3,37,27360
MSappap,181,335,177,12.1,37,26956
MSappap,182,334,173,12.1,34,34704
MSappap,183,331,171,12.2,36,28801
MSappap,184,331,175,11.2,37,28237
MSappap,185,329,170,11.3,36,28173
MSappap,186,330,172,12.1,35,36629
MSappap,187,329,167,12.2,34,35360
MSappap,188,328,165,12.2,31,39825
MSappap,189,328,165,12.2,31,45950
MSappap,190,328,163,12.0,26,45857
MSappap,191,326,162,11.0,34,47231
MSappap,192,325,162,11.4,33,43833
MSappap,193,323,162,11.7,32,49483
MSappap,194,321,162,12.1,31,48559
MSappap,195,321,162,12.1,31,46173
MSappap,196,325,160,11.1,31,44384
MSappap,197,320,163,12.1,34,41071
MSappap,198,323,164,12.0,31,38867
MSappap,199,325,170,12.1,34,40830
MSappap,200,325,173,12.1,31,41963
MSappap,201,326,169,11.3,34,32217
MSappap,202,326,174,12.2,31,41270
MSappap,203,327,170,12.0,34,40616
MSappap,204,327,172,12.1,34,40557
MSappap,205,323,172,12.1,31,44261
MSappap,206,322,174,12.1,34,41251
MSappap,207,324,174,12.1,31,46839
MSappap,208,318,169,12.2,34,45394
MSappap,209,316,171,12.1,31,42084
MSappap,210,321,169,12.2,34,45779
MSappap,211,321,167,12.1,31,41877
MSappap,212,323,167,12.1,34,41445
MSappap,213,318,168,12.0,31,44587
MSappap,214,318,168,11.1,34,39450
MSappap,215,318,166,10.0,31,36916
MSappap,216,317,167,12.1,34,42081
MSappap,217,315,164,11.2,31,50632
MSappap,218,318,166,11.2,34,43842
MSappap,219,317,166,12.1,31,49193
MSappap,220,317,165,11.1,34,49263
MSappp,115,375,132,14.2,34,6523
MSappp,116,390,129,13.3,34,6492
MSappp,117,395,131,13.2,34,8625
MSappp,118,398,135,12.3,38,7774
MSappp,119,402,142,12.1,40,7643
MSappp,120,406,148,11.0,42,7398
MSappp,121,408,156,10.9,42,6542
MSappp,122,407,164,10.1,42,7945
MSappp,123,400,166,10.0,42,8552
MSappp,124,395,167,10.0,42,8775
MSappp,125,393,170,10.0,42,8294
MSappp,126,389,173,10.0,42,10402
MSappp,127,383,173,10.8,42,8372
MSappp,128,379,176,10.8,42,9636
MSappp,129,374,181,10.9,42,10141
MSappp,130,381,187,10.9,42,8533
MSappp,131,379,191,10.9,42,9712
MSappp,132,377,193,11.0,42,11239
MSappp,133,377,194,11.1,42,10793
MSappp,134,384,195,11.2,41,12669
MSappp,135,376,194,11.1,41,11081
MSappp,136,371,194,11.1,41,11815
MSappp,137,365,190,10.9,40,12653
MSappp,138,360,186,10.4,41,15048
MSappp,139,356,183,11.0,38,16943
MSappp,140,355,185,11.1,41,14230
MSappp,141,353,182,12.1,39,13644
MSappp,142,351,182,12.3,39,14408
MSappp,143,349,183,13.1,39,14737
MSappp,144,346,177,13.3,39,17288
MSappp,145,346,174,13.3,39,17807
MSappp,146,350,171,13.2,38,20089
MSappp,147,352,171,13.2,38,17591
MSappp,148,355,173,14.0,38,19331
MSappp,149,358,174,13.2,38,17052
MSappp,150,361,173,14.0,38,19830
MSappp,151,362,175,13.3,38,25531
MSappp,152,367,172,14.0,38,20307
MSappp,153,366,173,13.2,38,21030
MSappp,154,368,175,13.2,38,22028
MSappp,155,363,175,13.2,38,20944
MSappp,156,360,175,13.0,38,23519
MSappp,157,361,173,13.0,38,23317
MSappp,158,361,171,13.1,38,17661
MSappp,159,360,171,13.0,38,25569
MSappp,160,360,169,13.1,38,25291
MSappp,161,358,170,12.4,39,27823
MSappp,162,353,171,13.1,39,27034
MSappp,163,350,168,13.1,39,25620
MSappp,164,354,169,13.2,39,27280
MSappp,165,354,170,14.1,39,25877
MSappp,166,355,165,14.1,39,30205
MSappp,167,353,164,14.1,39,30925
MSappp,168,349,165,14.1,39,34283
MSappp,169,350,163,14.2,39,35870
MSappp,170,348,163,14.2,37,37330
MSappp,171,348,161,16.0,35,37626
MSappp,172,351,166,15.9,35,36908
MSappp,173,350,166,16.0,35,33540
MSapppa,174,327,158,15.9,35,25552
MSapppa,175,322,155,15.1,35,34976
MSapppa,176,321,155,15.0,35,30515
MSapppa,177,319,155,15.0,35,30245
MSapppa,178,322,155,15.0,35,31984
MSapppa,179,324,149,15.0,35,28864
MSapppa,180,323,148,14.2,26,34853
MSapppa,181,325,145,15.1,26,31305
MSapppa,182,324,151,15.9,34,30519
MSapppa,183,325,150,16.1,26,35374
MSapppa,184,324,156,15.9,33,36153
MSapppa,185,323,159,15.0,34,33311
MSapppa,186,327,160,15.0,35,33826
MSapppa,187,322,155,16.1,34,33550
MSapppa,188,326,150,15.3,31,35886
MSapppa,189,326,151,16.0,34,27521
MSapppa,190,328,149,15.0,31,39605
MSapppa,191,334,150,15.0,34,36330
MSapppa,192,335,152,14.1,31,47941
MSapppa,193,329,154,14.1,34,43346
MSapppa,194,332,151,14.3,31,40690
MSapppa,195,326,150,14.1,34,41943
MSapppa,196,324,148,15.0,31,50251
MSapppa,197,327,147,15.0,34,41324
MSapppa,198,312,150,16.1,26,31680
MSapppa,199,321,153,16.0,34,38055
MSapppa,200,320,151,15.2,31,45131
MSapppa,201,323,151,15.1,34,45798
MSapppa,202,319,155,15.2,31,47323
MSapppa,203,317,156,15.1,34,44817
MSapppa,204,316,157,16.0,34,52071
MSapppa,205,316,158,16.0,31,42170
MSapppa,206,311,163,16.1,34,46422
MSapppa,207,309,162,16.2,31,45953
MSapppa,208,308,158,16.1,34,49269
MSapppa,209,304,160,16.3,31,49215
MSapppa,210,309,157,16.2,34,51828
MSapppa,211,307,159,17.1,31,44760
MSapppa,212,308,155,17.1,34,51132
MSapppa,213,308,154,17.1,31,47212
MSapppa,214,307,154,17.0,34,51356
MSapppa,215,304,152,17.2,31,51181
MSapppa,216,303,155,17.1,29,47868
MSapppa,217,301,158,17.0,26,40110
MSapppa,218,301,158,17.0,26,50868
MSapppa,219,302,157,18.0,26,40874
MSapppa,220,302,159,16.9,26,47911
MSapppp,174,371,174,16.0,35,22765
MSapppp,175,369,174,17.0,35,21785
MSapppp,176,368,179,17.0,35,18306
MSapppp,177,364,181,17.9,35,19256
MSapppp,178,364,182,18.0,35,15481
MSapppp,179,362,185,17.9,35,16635
MSapppp,180,364,176,18.0,35,12526
MSapppp,181,365,167,17.2,39,14835
MSapppp,182,364,171,17.1,34,26263
MSapppp,183,361,171,17.1,36,20744
MSapppp,184,364,171,17.1,37,16021
MSapppp,185,361,172,17.9,32,19807
MSapppp,186,362,176,17.2,35,20199
MSapppp,187,364,177,17.1,34,17029
MSapppp,188,363,172,17.2,31,20284
MSapppp,189,361,169,17.0,34,16071
MSapppp,190,366,166,18.0,31,28768
MSapppp,191,368,162,17.1,34,29977
MSapppp,192,368,162,17.1,34,19530
MSapppp,193,369,165,17.0,34,26973
MSapppp,194,370,158,17.1,31,36427
MSapppp,195,367,156,18.1,34,32093
MSapppp,196,366,155,18.1,31,33048
MSapppp,197,366,155,18.2,34,29698
MSapppp,198,366,156,19.0,31,31731
MSapppp,199,362,158,19.0,34,31948
MSapppp,200,364,155,18.2,31,37100
MSapppp,201,363,155,18.1,34,28745
MSapppp,202,363,152,19.0,31,31516
MSapppp,203,363,152,19.0,31,40338
MSapppp,204,357,151,18.0,26,27275
MSapppp,205,357,151,18.0,26,20499
MSapppp,206,349,157,19.2,34,30657
MSapppp,207,340,158,19.1,31,33657
MSapppp,208,335,167,18.3,34,38491
MSapppp,209,335,167,18.3,34,31526
MSapppp,210,338,174,18.2,34,35437
MSapppp,211,338,179,19.0,31,34305
MSapppp,212,336,176,19.0,34,35835
MSapppp,213,336,176,19.0,34,38655
MSapppp,214,330,177,19.2,26,32646
MSapppp,215,330,177,19.2,26,40486
MSapppp,216,331,181,20.1,34,41640
MSapppp,217,326,182,21.1,26,24766
MSapppp,218,324,182,20.7,27,45283
MSapppp,219,322,182,20.2,28,46120
MSapppp,220,320,182,19.8,29,43846
MSp,25,345,195,10.0,32,207
MSp,26,349,207,9.1,34,-130
MSp,27,347,218,9.2,45,-857
MSp,28,348,229,9.7,57,-438
MSp,29,363,227,9.7,56,-1149
MSp,30,373,228,9.3,59,-869
MSp,31,375,225,8.2,61,-979
MSp,32,376,218,9.5,62,-243
MSp,33,378,216,8.4,63,-668
MSp,34,382,216,8.8,63,-1054
MSp,35,383,225,8.8,64,-692
MSp,36,391,224,8.1,64,-656
MSp,37,390,224,8.1,64,-587
MSp,38,390,223,7.3,60,-921
MSp,39,366,211,7.3,58,-51
MSp,40,354,217,8.1,58,-732
MSp,41,351,216,8.1,50,-361
MSp,42,349,216,8.1,50,-450
MSp,43,353,213,8.1,52,-964
MSp,44,352,209,8.2,56,-390
MSp,45,344,209,8.1,55,-697
MSp,46,341,207,8.0,29,-956
MSpa,47,335,209,8.2,28,306
MSpa,48,313,221,8.1,32,-196
MSpa,49,317,216,7.1,38,-352
MSpa,50,312,212,8.0,53,-779
MSpa,51,304,216,8.1,55,-404
MSpa,52,297,219,7.9,55,-570
MSpa,53,296,218,7.7,57,-381
MSpa,54,298,213,7.7,57,-106
MSpa,55,301,214,7.5,58,-943
MSpa,56,301,215,7.7,58,-778
MSpa,57,297,217,7.6,59,-618
MSpa,58,296,209,7.6,58,-677
MSpa,59,304,202,7.0,58,-826
MSpa,60,309,199,7.5,58,-689
MSpa,61,303,192,6.8,56,-1102
MSpa,62,303,195,7.0,56,408
MSpa,63,299,194,7.0,55,-83
MSpa,64,303,198,6.5,55,-839
MSpa,65,311,186,7.0,56,-310
MSpa,66,311,179,7.2,53,-673
MSpa,67,318,174,7.0,53,258
MSpa,68,333,178,6.5,53,-1097
MSpa,69,339,184,7.1,53,-389
MSpa,70,341,191,7.4,56,-1143
MSpa,71,343,196,7.4,56,15
MSpa,72,350,196,7.5,54,-132
MSpa,73,341,190,8.0,51,-723
MSpa,74,329,212,8.1,49,-404
MSpaa,75,316,225,7.2,35,2337
MSpaa,76,309,237,7.1,35,884
MSpaa,77,314,249,7.6,50,-1015
MSpaa,78,301,250,7.7,50,-148
MSpaa,79,299,257,7.4,48,1130
MSpaa,80,296,264,7.1,49,195
MSpaa,81,292,262,7.1,49,233
MSpaa,82,298,261,7.2,49,-322
MSpaa,83,298,264,7.0,49,-356
MSpaa,84,294,257,6.9,49,-162
MSpaa,85,294,256,7.0,50,-809
MSpaa,86,292,260,7.0,50,-805
MSpaa,87,290,258,7.2,50,-702
MSpaa,88,290,257,6.9,50,-192
MSpaa,89,295,261,6.9,49,31
MSpaa,90,295,256,7.0,49,73
MSpaa,91,294,251,6.9,49,-533
MSpaa,92,295,254,7.0,49,210
MSpaa,93,300,249,7.1,49,133
MSpaa,94,301,246,7.2,49,286
MSpaa,95,306,246,7.2,49,-1209
MSpaa,96,306,243,7.2,48,-226
MSpaa,97,319,234,8.0,46,-232
MSpaa,98,318,228,8.1,46,50
MSpaa,99,319,234,8.3,46,-907
MSpaa,100,317,232,8.2,45,119
MSpaa,101,321,239,8.2,44,604
MSpaa,102,323,234,8.2,44,-326
MSpaa,103,321,248,8.3,44,-159
MSpaa,104,321,257,9.1,45,869
MSpaa,105,322,258,8.5,46,1009
MSpaa,106,317,258,9.1,46,694
MSpaa,107,314,254,9.0,42,709
MSpaa,108,316,261,8.1,36,518
MSpaa,109,306,273,8.3,46,-214
MSpaaa,110,291,280,9.1,34,1188
MSpaaa,111,295,280,9.3,39,318
MSpaaa,112,297,278,9.8,42,48
MSpaaa,113,298,276,9.9,42,107
MSpaaa,114,293,273,9.9,42,44
MSpaaa,115,295,275,9.2,42,61
MSpaaa,116,296,281,9.9,42,1077
MSpaaa,117,294,286,10.0,42,70
MSpaaa,118,296,295,10.0,42,467
MSpaaa,119,286,300,10.2,42,1532
MSpaaa,120,275,303,10.1,42,1446
MSpaaa,121,271,296,10.0,42,320
MSpaaa,122,264,302,10.1,44,905
MSpaaa,123,259,302,10.1,42,320
MSpaaa,124,255,297,10.3,44,834
MSpaaa,125,257,303,10.2,44,1388
MSpaaa,126,260,308,11.0,42,430
MSpaaa,127,256,312,10.4,44,10
MSpaaa,128,254,312,11.9,42,1086
MSpaaa,129,252,315,11.2,44,70
MSpaaa,130,247,318,12.1,44,234
MSpaaa,131,245,320,12.1,44,1107
MSpaaa,132,240,320,13.0,44,1393
MSpaaa,133,237,315,13.1,44,1933
MSpaaa,134,240,312,13.2,45,704
MSpaaa,135,242,311,13.3,43,1183
MSpaaa,136,244,307,14.1,45,1305
MSpaaa,137,243,305,14.1,44,-1204
MSpaaa,138,238,301,14.2,43,-136
MSpaaa,139,235,297,14.1,42,-106
MSpaaa,140,234,300,14.1,41,2019
MSpaaa,141,237,304,14.2,41,1071
MSpaaa,142,237,307,15.0,37,2182
MSpaaa,143,238,308,14.3,37,800
MSpaaa,144,239,303,14.9,35,2992
MSpaaaa,145,212,311,13.1,35,1325
MSpaaaa,146,207,311,13.8,34,890
MSpaaaa,147,208,308,13.1,34,2200
MSpaaaa,148,207,306,13.8,34,1140
MSpaaaa,149,208,307,13.1,34,1150
MSpaaaa,150,207,310,13.2,36,57
MSpaaaa,151,201,308,13.1,36,-372
MSpaaaa,152,197,305,14.0,36,227
MSpaaaa,153,194,306,14.3,36,539
MSpaaaa,154,191,303,14.3,38,619
MSpaaaa,155,185,304,14.2,38,-1479
MSpaaaa,156,183,299,14.4,36,-186
MSpaaaa,157,181,297,15.0,38,-339
MSpaaaa,158,181,296,14.2,38,673
MSpaaaa,159,181,301,14.3,38,985
MSpaaaa,160,179,300,14.4,38,365
MSpaaaa,161,179,304,15.0,39,-91
MSpaaaa,162,181,302,15.1,39,-402
MSpaaaa,163,180,303,15.2,39,-1121
MSpaaaa,164,177,300,15.2,39,-112
MSpaaaa,165,172,304,15.2,39,1463
MSpaaaa,166,174,297,16.1,39,810
MSpaaaa,167,176,298,16.1,39,1622
MSpaaaa,168,174,301,16.0,39,889
MSpaaaa,169,179,301,16.0,39,683
MSpaaaa,170,177,298,15.3,39,-88
MSpaaaa,171,175,299,16.0,39,-2430
MSpaaaa,172,172,296,16.0,39,-994
MSpaaaa,173,173,292,15.1,39,1758
MSpaaaa,174,174,297,16.1,39,-2337
MSpaaaa,175,178,299,16.1,39,2088
MSpaaaa,176,178,302,16.2,39,-819
MSpaaaa,177,180,304,16.1,39,-1678
MSpaaaa,178,181,302,16.1,39,-2266
MSpaaaa,179,180,301,16.1,39,-4899
MSpaaaa,180,178,300,16.1,39,-2114
MSpaaaa,181,179,305,16.0,39,-2231
MSpaaaa,182,173,302,16.1,38,617
MSpaaaa,183,176,299,16.2,38,-2823
MSpaaaa,184,173,301,16.2,37,-3131
MSpaaaa,185,178,296,16.2,36,-2443
MSpaaaa,186,179,300,16.2,35,1689
MSpaaaa,187,178,302,16.3,34,862
MSpaaaa,188,179,305,17.0,29,5586
MSpaaaa,189,179,304,17.0,30,2468
MSpaaaaa,190,153,297,15.3,31,-5971
MSpaaaaa,191,146,293,16.0,30,-4242
MSpaaaaa,192,149,281,16.1,31,-2396
MSpaaaaa,193,151,286,16.8,30,-1507
MSpaaaaa,194,156,283,16.1,26,-3924
MSpaaaaa,195,154,283,16.1,32,-1655
MSpaaaaa,196,156,282,16.0,29,-1638
MSpaaaaa,197,150,286,15.4,32,4343
MSpaaaaa,198,152,286,16.0,31,-130
MSpaaaaa,199,151,285,15.4,32,-1287
MSpaaaaa,200,146,276,15.3,31,795
MSpaaaaa,201,149,274,16.1,30,-5886
MSpaaaaa,202,148,275,16.1,31,-3652
MSpaaaaa,203,149,276,15.9,30,-309
MSpaaaaa,204,149,279,15.2,32,782
MSpaaaaa,205,151,276,15.3,31,-310
MSpaaaaa,206,155,274,15.2,34,-638
MSpaaaaa,207,152,278,15.2,31,-1342
MSpaaaaa,208,152,281,15.3,34,1779
MSpaaaaa,209,148,282,15.2,31,3803
MSpaaaaa,210,153,280,15.2,32,-3911
MSpaaaaa,211,151,276,15.1,31,912
MSpaaaaa,212,154,275,15.1,30,3771
MSpaaaaa,213,155,277,15.2,31,-4180
MSpaaaaa,214,155,279,15.2,34,-3294
MSpaaaaa,215,155,278,16.0,31,-1457
MSpaaaaa,216,157,275,16.1,34,-5054
MSpaaaaa,217,162,279,16.0,31,-3521
MSpaaaaa,218,160,279,16.1,34,-2942
MSpaaaaa,219,161,282,16.1,31,-1139
MSpaaaaa,220,164,280,16.0,34,-2001
MSpaaaap,190,195,302,16.1,29,4035
MSpaaaap,191,197,302,16.0,30,751
MSpaaaap,192,200,297,16.1,26,4011
MSpaaaap,193,204,299,16.2,34,-151
MSpaaaap,194,205,295,15.3,31,432
MSpaaaap,195,205,292,16.1,34,-950
MSpaaaap,196,203,287,16.1,31,520
MSpaaaap,197,203,287,16.1,31,1735
MSpaaaap,198,196,289,16.2,31,53
MSpaaaap,199,192,284,17.1,26,-11
MSpaaaap,200,187,283,16.4,31,-450
MSpaaaap,201,189,280,17.1,34,-1301
MSpaaaap,202,194,278,17.1,31,-1346
MSpaaaap,203,189,277,17.2,34,-2842
MSpaaaap,204,195,275,17.2,34,-1766
MSpaaaap,205,191,271,17.4,31,-3115
MSpaaaap,206,197,275,17.2,34,-2211
MSpaaaap,207,190,272,17.1,31,-2828
MSpaaaap,208,194,276,17.2,34,-1669
MSpaaaap,209,189,278,17.2,31,-2593
MSpaaaap,210,187,277,17.2,34,-3171
MSpaaaap,211,187,276,18.0,31,-1705
MSpaaaap,212,190,278,17.2,34,-4314
MSpaaaap,213,191,281,17.3,31,-5182
MSpaaaap,214,192,282,18.0,34,-5485
MSpaaaap,215,193,284,17.3,31,-2506
MSpaaaap,216,196,282,18.0,34,-3578
MSpaaaap,217,197,284,17.4,31,-1996
MSpaaaap,218,197,283,18.1,34,-6603
MSpaaaap,219,199,282,18.0,31,-2275
MSpaaaap,220,196,285,17.3,34,-1789
MSpaaap,145,250,299,15.9,35,-433
MSpaaap,146,253,302,16.9,34,2616
MSpaaap,147,254,296,17.1,34,1325
MSpaaap,148,256,301,17.0,36,449
MSpaaap,149,256,296,17.0,34,2064
MSpaaap,150,259,294,17.1,36,-1272
MSpaaap,151,251,296,17.4,36,644
MSpaaap,152,242,299,18.1,38,307
MSpaaap,153,243,299,18.2,38,709
MSpaaap,154,239,300,18.1,38,-32
MSpaaap,155,238,310,18.2,38,446
MSpaaap,156,239,311,18.2,38,-25
MSpaaap,157,235,312,18.1,38,617
MSpaaap,158,231,311,18.1,38,-1784
MSpaaap,159,231,311,18.2,38,-333
MSpaaap,160,234,305,18.1,38,-1572
MSpaaap,161,233,304,18.0,39,1561
MSpaaap,162,237,305,17.1,39,1758
MSpaaap,163,233,308,17.3,39,1004
MSpaaap,164,231,309,17.2,39,-710
MSpaaap,165,231,309,17.2,39,-506
MSpaaap,166,229,306,18.1,39,-635
MSpaaap,167,235,305,18.1,39,-987
MSpaaap,168,231,305,18.0,39,446
MSpaaap,169,229,305,18.1,39,1813
MSpaaap,170,229,306,18.1,39,-2446
MSpaaap,171,226,310,18.1,39,-522
MSpaaap,172,225,312,18.0,39,-2808
MSpaaap,173,225,309,18.2,39,-1872
MSpaaap,174,226,310,18.2,39,-1294
MSpaaap,175,229,314,18.3,39,-3008
MSpaaap,176,227,314,19.0,39,-513
MSpaaap,177,230,312,18.2,39,-2809
MSpaaap,178,232,307,18.1,39,-3360
MSpaaap,179,231,304,18.1,39,151
MSpaaap,180,230,304,18.1,39,-1200
MSpaaap,181,228,305,18.2,39,-4959
MSpaaap,182,225,303,18.1,38,-973
MSpaaap,183,227,302,18.0,36,-1416
MSpaaap,184,225,299,18.1,37,-731
MSpaaap,185,226,297,18.1,36,-19
MSpaaap,186,227,297,17.2,35,1890
MSpaaap,187,226,300,18.0,34,689
MSpaaap,188,227,294,18.0,31,1284
MSpaaap,189,222,300,18.0,30,-47
MSpaaap,190,226,300,19.0,29,288
MSpaaapa,191,209,302,19.0,30,-3505
MSpaaapa,192,212,298,18.4,31,245
MSpaaapa,193,216,298,19.0,30,-3982
MSpaaapa,194,215,295,18.2,31,-1032
MSpaaapa,195,210,292,18.9,30,-1559
MSpaaapa,196,211,286,18.2,31,245
MSpaaapa,197,209,282,19.0,34,292
MSpaaapa,198,209,282,19.3,31,-90
MSpaaapa,199,213,281,20.0,30,-2735
MSpaaapa,200,212,281,19.2,31,-1721
MSpaaapa,201,215,277,19.1,32,-884
MSpaaapa,202,216,274,19.3,31,-2004
MSpaaapa,203,213,272,19.2,34,-3148
MSpaaapa,204,216,268,19.3,34,1308
MSpaaapa,205,214,265,19.3,31,52
MSpaaapa,206,212,266,19.2,34,-4557
MSpaaapa,207,211,264,20.0,31,2571
MSpaaapa,208,215,266,20.0,34,1310
MSpaaapa,209,212,270,19.3,31,586
MSpaaapa,210,214,270,19.2,34,-200
MSpaaapa,211,217,268,19.1,31,2375
MSpaaapa,212,219,270,19.2,34,-267
MSpaaapa,213,220,271,19.3,31,-316
MSpaaapa,214,220,272,19.3,34,-452
MSpaaapa,215,219,275,20.1,31,491
MSpaaapa,216,219,274,20.1,32,-1964
MSpaaapa,217,222,278,20.1,31,-389
MSpaaapa,218,222,275,20.1,34,2024
MSpaaapa,219,221,278,20.0,31,220
MSpaaapa,220,224,277,20.0,34,-2755
MSpaaapp,191,249,292,19.1,30,-4370
MSpaaapp,192,259,287,19.0,29,-1458
MSpaaapp,193,265,289,18.9,30,1016
MSpaaapp,194,267,288,18.3,31,-3839
MSpaaapp,195,266,292,19.1,34,-3178
MSpaaapp,196,267,296,19.1,31,-808
MSpaaapp,197,263,290,20.1,34,-3260
MSpaaapp,198,261,291,19.3,31,-2713
MSpaaapp,199,267,290,21.0,34,-689
MSpaaapp,200,264,285,20.3,31,1136
MSpaaapp,201,262,282,21.1,34,-1853
MSpaaapp,202,263,287,20.4,31,974
MSpaaapp,203,262,283,21.1,34,2147
MSpaaapp,204,263,282,21.2,34,-2569
MSpaaapp,205,258,274,22.1,31,-1024
MSpaaapp,206,255,279,21.2,34,125
MSpaaapp,207,256,279,21.2,33,-1068
MSpaaapp,208,257,279,21.3,32,1045
MSpaaapp,209,259,280,21.3,31,-342
MSpaaapp,210,259,280,21.3,31,-2865
MSpaaapp,211,259,275,22.0,31,4202
MSpaaapp,212,262,274,22.0,34,1324
MSpaaapp,213,265,278,21.1,31,-1092
MSpaaapp,214,263,274,21.1,34,-1161
MSpaaapp,215,263,279,21.1,31,-571
MSpaaapp,216,265,279,21.1,34,-1784
MSpaaapp,217,262,273,21.9,31,6644
MSpaaapp,218,265,274,20.2,34,-625
MSpaaapp,219,264,275,21.1,31,-342
MSpaaapp,220,265,273,21.0,34,-1095
MSpaap,110,340,263,7.4,34,2329
MSpaap,111,344,261,7.2,35,583
MSpaap,112,349,255,8.0,38,91
MSpaap,113,350,252,8.0,38,-48
MSpaap,114,354,248,8.3,40,1133
MSpaap,115,359,246,8.2,42,846
MSpaap,116,357,245,8.8,42,927
MSpaap,117,358,246,8.3,42,39
MSpaap,118,354,251,8.2,40,-7
MSpaap,119,346,251,8.9,42,784
MSpaap,120,341,254,9.0,42,894
MSpaap,121,339,255,9.1,40,604
MSpaap,122,336,257,10.0,42,601
MSpaap,123,333,257,9.2,42,1121
MSpaap,124,330,260,9.8,42,608
MSpaap,125,328,267,9.8,42,1337
MSpaap,126,319,270,9.9,42,-133
MSpaap,127,312,270,9.9,42,2148
MSpaap,128,306,270,9.9,42,1988
MSpaap,129,302,271,10.0,42,914
MSpaap,130,304,273,9.8,42,1936
MSpaap,131,301,276,9.8,42,1451
MSpaap,132,299,279,9.9,42,1156
MSpaap,133,293,282,10.0,42,316
MSpaap,134,295,282,10.1,41,1081
MSpaap,135,295,279,10.9,41,780
MSpaap,136,296,273,10.9,41,2100
MSpaap,137,295,271,11.0,40,871
MSpaap,138,291,274,11.0,41,1721
MSpaap,139,289,274,11.2,40,343
MSpaap,140,285,279,11.3,39,1210
MSpaap,141,287,281,11.3,41,3340
MSpaap,142,284,284,11.3,39,2287
MSpaap,143,286,286,11.4,39,1175
MSpaap,144,288,285,11.4,39,1635
MSpaap,145,283,285,11.3,39,2278
MSpaap,146,280,292,11.5,36,2355
MSpaap,147,278,295,12.1,38,1744
MSpaap,148,279,292,12.0,38,1838
MSpaap,149,275,288,12.2,36,4212
MSpaap,150,275,286,12.1,32,3146
MSpaap,151,277,286,12.0,34,2700
MSpaapa,152,255,281,12.2,32,-380
MSpaapa,153,249,286,12.4,32,1688
MSpaapa,154,246,289,13.1,34,-238
MSpaapa,155,244,293,13.1,34,1890
MSpaapa,156,240,297,13.1,36,1443
MSpaapa,157,238,300,13.2,36,2201
MSpaapa,158,235,297,13.3,38,419
MSpaapa,159,231,303,14.1,38,2216
MSpaapa,160,233,301,14.0,36,661
MSpaapa,161,232,300,13.3,39,1095
MSpaapa,162,234,302,13.3,39,1640
MSpaapa,163,230,303,14.0,39,-17
MSpaapa,164,231,300,13.3,39,1307
MSpaapa,165,232,302,13.4,39,834
MSpaapa,166,232,303,14.1,39,927
MSpaapa,167,233,303,14.2,39,-912
MSpaapa,168,229,300,14.1,39,-343
MSpaapa,169,228,297,14.0,39,1054
MSpaapa,170,229,299,14.1,39,883
MSpaapa,171,230,298,14.3,39,-540
MSpaapa,172,226,297,15.0,26,2309
MSpaapa,173,235,296,14.3,39,498
MSpaapa,174,234,294,15.1,39,-1041
MSpaapa,175,237,296,15.1,39,376
MSpaapa,176,236,297,15.2,39,249
MSpaapa,177,235,292,15.0,39,-433
MSpaapa,178,235,295,14.3,39,-1210
MSpaapa,179,234,292,14.3,39,738
MSpaapa,180,231,293,15.1,39,264
MSpaapa,181,228,293,15.0,39,728
MSpaapa,182,220,293,15.1,26,1388
MSpaapa,183,224,297,14.2,38,481
MSpaapa,184,225,297,14.2,37,1377
MSpaapa,185,226,297,14.2,37,1691
MSpaapa,186,227,298,14.2,36,-1347
MSpaapa,187,228,299,14.1,36,-176
MSpaapa,188,229,300,14.1,35,605
MSpaapa,189,231,301,14.1,34,-880
MSpaapa,190,233,300,14.2,31,-1075
MSpaapa,191,235,302,14.3,34,-2439
MSpaapa,192,234,291,15.0,31,254
MSpaapa,193,234,286,15.0,34,-419
MSpaapa,194,238,284,15.1,31,-1944
MSpaapa,195,240,286,15.0,34,1623
MSpaapa,196,240,277,15.1,31,683
MSpaapa,197,240,286,16.1,30,2101
MSpaapa,198,238,290,16.1,29,5811
MSpaapaa,199,218,285,15.1,30,-662
MSpaapaa,200,210,286,15.0,31,478
MSpaapaa,201,210,288,14.9,30,1318
MSpaapaa,202,210,285,14.4,31,447
MSpaapaa,203,208,285,15.1,30,317
MSpaapaa,204,213,284,15.1,32,1284
MSpaapaa,205,211,286,15.0,31,-2554
MSpaapaa,206,214,285,14.4,32,25
MSpaapaa,207,215,279,15.0,31,-953
MSpaapaa,208,217,281,15.0,34,110
MSpaapaa,209,218,290,15.0,31,276
MSpaapaa,210,223,292,15.0,32,-1041
MSpaapaa,211,221,289,15.1,29,1194
MSpaapaa,212,220,288,15.2,32,-754
MSpaapaa,213,220,289,15.2,31,-1599
MSpaapaa,214,219,290,15.1,32,1498
MSpaapaa,215,218,295,15.2,31,-1103
MSpaapaa,216,219,295,15.3,34,-1437
MSpaapaa,217,219,297,15.2,31,2808
MSpaapaa,218,217,297,15.2,34,-3045
MSpaapaa,219,222,295,15.2,31,-1054
MSpaapaa,220,220,295,15.2,34,-789
MSpaapap,199,252,288,16.1,30,-1812
MSpaapap,200,258,296,16.9,29,2553
MSpaapap,201,259,302,16.1,30,1188
MSpaapap,202,260,303,16.1,31,-957
MSpaapap,203,259,303,17.1,30,1910
MSpaapap,204,262,310,17.1,34,-2472
MSpaapap,205,255,305,17.1,31,1742
MSpaapap,206,254,305,16.0,34,-2171
MSpaapap,207,254,304,16.1,31,-282
MSpaapap,208,253,299,16.0,34,167
MSpaapap,209,252,300,16.1,31,441
MSpaapap,210,249,299,16.2,34,-374
MSpaapap,211,251,292,16.1,31,871
MSpaapap,212,252,295,16.0,34,860
MSpaapap,213,248,291,16.1,31,1209
MSpaapap,214,250,291,16.1,34,435
MSpaapap,215,251,289,16.1,31,1927
MSpaapap,216,251,288,16.1,34,655
MSpaapap,217,250,286,16.0,31,-586
MSpaapap,218,250,292,15.2,34,-29
MSpaapap,219,251,293,16.0,31,998
MSpaapap,220,257,294,16.0,34,179
MSpaapp,152,283,282,12.0,24,3721
MSpaapp,153,287,281,12.0,28,5078
MSpaapp,154,288,280,12.2,32,2469
MSpaapp,155,287,285,12.2,32,4126
MSpaapp,156,282,291,12.7,34,2487
MSpaapp,157,283,290,12.9,34,2131
MSpaapp,158,284,289,12.7,34,2442
MSpaapp,159,285,287,12.7,34,1327
MSpaapp,160,287,285,12.8,34,1685
MSpaapp,161,289,287,12.8,35,2200
MSpaapp,162,291,285,12.8,35,972
MSpaapp,163,287,284,12.9,35,2238
MSpaapp,164,285,283,12.8,35,375
MSpaapp,165,286,283,12.9,35,1695
MSpaapp,166,284,285,12.8,35,1433
MSpaapp,167,282,290,12.8,35,2318
MSpaapp,168,276,283,12.9,35,2340
MSpaapp,169,275,285,13.0,35,732
MSpaapp,170,273,288,12.9,35,1070
MSpaapp,171,272,295,12.8,35,645
MSpaapp,172,269,295,13.1,35,-346
MSpaapp,173,276,290,13.8,35,2822
MSpaapp,174,275,288,13.9,35,1895
MSpaapp,175,277,289,14.0,35,-1319
MSpaapp,176,279,291,14.0,35,3452
MSpaapp,177,274,292,14.0,35,1850
MSpaapp,178,277,290,14.1,35,1641
MSpaapp,179,275,291,14.2,33,1985
MSpaapp,180,273,290,14.0,35,2006
MSpaapp,181,273,291,14.0,35,2676
MSpaapp,182,270,288,14.8,34,3951
MSpaapp,183,279,287,14.9,34,5232
MSpaapp,184,284,288,14.9,33,8650
MSpaapp,185,280,289,14.9,32,3363
MSpaapp,186,281,286,14.9,31,5803
MSpaapp,187,284,281,14.9,30,8873
MSpaapp,188,286,280,15.0,29,7269
MSpaapp,189,281,285,15.0,30,5761
MSpaapp,190,280,287,15.1,29,5677
MSpaapp,191,282,285,14.1,30,4082
MSpaapp,192,285,296,14.1,29,1289
MSpaapp,193,286,303,14.0,30,1950
MSpaapp,194,288,308,13.2,31,321
MSpaapp,195,291,312,13.1,34,3652
MSpaapp,196,294,310,13.0,26,5743
MSpaapp,197,295,313,14.1,34,1963
MSpaapp,198,295,313,14.1,34,6399
MSpaapp,199,297,313,15.0,34,248
MSpaapp,200,299,319,15.0,29,-834
MSpaapp,201,302,318,15.8,30,1018
MSpaapp,202,303,313,16.0,31,768
MSpaapp,203,300,306,15.9,30,6717
MSpaapp,204,304,302,15.0,30,6144
MSpaapp,205,306,298,16.2,31,5831
MSpaapp,206,304,289,16.2,34,5798
MSpaapp,207,297,291,16.0,29,9312
MSpaapp,208,302,307,16.0,32,5341
MSpaapp,209,303,299,16.1,31,6712
MSpaapp,210,307,308,16.2,34,-885
MSpap,75,367,188,8.4,49,409
MSpap,76,372,183,7.4,39,491
MSpap,77,376,191,7.5,42,-321
MSpap,78,385,201,7.9,50,-352
MSpap,79,392,196,7.0,50,867
MSpap,80,399,204,6.8,49,-214
MSpap,81,393,198,7.0,49,-335
MSpap,82,397,198,7.0,49,-188
MSpap,83,393,197,6.9,49,202
MSpap,84,392,191,6.9,49,612
MSpap,85,396,191,7.1,50,-182
MSpap,86,390,196,7.1,50,239
MSpap,87,384,194,7.0,50,-908
MSpap,88,383,193,7.1,50,-337
MSpap,89,381,190,7.2,49,82
MSpap,90,385,187,7.0,49,-301
MSpap,91,382,187,6.9,49,-183
MSpap,92,378,194,6.8,49,366
MSpap,93,387,195,6.9,49,-108
MSpap,94,388,199,7.0,49,-149
MSpap,95,387,198,7.0,49,-94
MSpap,96,387,196,7.0,48,22
MSpap,97,387,192,7.0,46,-101
MSpap,98,383,192,7.2,46,373
MSpap,99,379,193,7.2,46,249
MSpap,100,380,196,7.2,45,143
MSpap,101,379,201,7.2,44,415
MSpap,102,380,199,7.2,44,1392
MSpap,103,379,202,8.0,44,6
MSpap,104,382,208,8.0,45,1387
MSpap,105,379,209,8.0,42,1192
MSpap,106,371,208,8.8,42,649
MSpap,107,375,214,8.1,34,1838
MSpapa,108,359,218,8.1,34,1245
MSpapa,109,359,226,7.1,34,2237
MSpapa,110,370,223,7.1,40,726
MSpapa,111,368,217,7.0,41,-79
MSpapa,112,368,213,7.1,42,328
MSpapa,113,369,213,7.1,42,1412
MSpapa,114,371,220,6.9,42,232
MSpapa,115,370,219,6.2,42,405
MSpapa,116,372,222,6.0,42,347
MSpapa,117,370,223,6.1,30,483
MSpapa,118,364,230,6.0,30,1115
MSpapa,119,357,232,6.1,42,452
MSpapa,120,352,237,6.0,42,-86
MSpapa,121,347,241,6.1,42,1705
MSpapa,122,339,250,7.1,30,648
MSpapa,123,339,250,7.1,30,381
MSpapa,124,337,252,6.1,42,1665
MSpapa,125,337,252,6.1,42,375
MSpapa,126,328,263,6.8,42,1696
MSpapa,127,331,265,6.8,42,1118
MSpapa,128,333,269,6.9,42,1435
MSpapa,129,330,274,6.9,42,1434
MSpapa,130,327,278,6.2,42,1232
MSpapa,131,322,281,6.1,44,785
MSpapa,132,325,279,6.1,44,-476
MSpapa,133,322,276,6.2,42,2088
MSpapa,134,330,280,6.3,43,1132
MSpapa,135,327,279,6.3,45,2386
MSpapa,136,321,277,6.2,45,1221
MSpapa,137,323,280,6.8,40,2008
MSpapa,138,325,281,6.2,43,1771
MSpapa,139,332,280,6.3,42,1233
MSpapa,140,332,275,7.1,39,1804
MSpapa,141,333,275,6.4,41,1906
MSpapa,142,332,272,7.1,37,745
MSpapa,143,332,278,7.9,35,2050
MSpapa,144,337,285,8.0,35,2273
MSpapaa,145,310,284,7.4,33,2550
MSpapaa,146,310,290,7.0,28,2230
MSpapaa,147,318,295,6.9,34,836
MSpapaa,148,321,276,7.0,34,1208
MSpapaa,149,320,293,6.9,34,1803
MSpapaa,150,308,289,7.3,36,485
MSpapaa,151,311,285,7.1,34,2401
MSpapaa,152,305,282,7.4,38,487
MSpapaa,153,310,281,7.4,38,709
MSpapaa,154,304,286,8.0,36,22
MSpapaa,155,306,285,8.0,38,484
MSpapaa,156,301,287,8.1,38,1048
MSpapaa,157,298,287,8.0,38,1392
MSpapaa,158,298,283,8.1,38,362
MSpapaa,159,298,279,8.3,38,9
MSpapaa,160,301,277,8.2,36,-687
MSpapaa,161,304,279,8.3,37,2048
MSpapaa,162,307,283,8.2,39,2235
MSpapaa,163,306,279,8.1,39,1116
MSpapaa,164,303,277,8.3,39,-241
MSpapaa,165,306,273,8.1,39,1446
MSpapaa,166,299,276,8.3,39,223
MSpapaa,167,303,275,8.3,39,1137
MSpapaa,168,297,272,8.1,39,2179
MSpapaa,169,300,271,8.3,39,1716
MSpapaa,170,298,269,8.4,39,1401
MSpapaa,171,297,271,9.2,39,1523
MSpapaa,172,293,274,9.1,39,1177
MSpapaa,173,297,274,9.2,39,945
MSpapaa,174,296,274,9.2,39,1107
MSpapaa,175,293,273,9.2,39,2525
MSpapaa,176,295,268,9.3,39,1541
MSpapaa,177,294,270,10.1,39,1174
MSpapaa,178,291,273,10.0,39,2200
MSpapaa,179,293,273,10.1,39,1873
MSpapaa,180,292,270,10.1,39,2112
MSpapaa,181,288,268,10.1,39,993
MSpapaa,182,286,266,10.2,38,524
MSpapaa,183,292,262,11.0,38,1038
MSpapaa,184,293,263,10.5,37,383
MSpapaa,185,295,265,11.1,36,940
MSpapaa,186,300,267,11.1,35,-14
MSpapaa,187,301,261,11.1,34,2291
MSpapaa,188,300,262,11.2,31,3421
MSpapaa,189,301,265,10.8,30,-397
MSpapaa,190,309,261,11.1,29,3169
MSpapaaa,191,282,260,9.9,30,2188
MSpapaaa,192,278,264,9.1,26,-1915
MSpapaaa,193,272,270,9.2,26,2815
MSpapaaa,194,271,266,9.2,31,1429
MSpapaaa,195,276,259,10.0,30,3465
MSpapaaa,196,278,259,9.3,31,-3126
MSpapaaa,197,272,254,9.4,34,-990
MSpapaaa,198,272,256,10.0,31,453
MSpapaaa,199,272,256,10.1,34,-1833
MSpapaaa,200,272,256,10.1,34,-2812
MSpapaaa,201,275,264,10.2,34,-708
MSpapaaa,202,274,265,10.3,31,-447
MSpapaaa,203,272,269,10.2,34,-2739
MSpapaaa,204,273,264,10.2,34,-2749
MSpapaaa,205,275,266,10.2,31,93
MSpapaaa,206,273,269,10.2,34,900
MSpapaaa,207,272,265,10.1,31,-1768
MSpapaaa,208,268,270,10.1,34,1655
MSpapaaa,209,265,271,10.0,31,809
MSpapaaa,210,265,271,10.1,31,6580
MSpapaaa,211,265,270,10.1,31,9317
MSpapaaa,212,265,270,10.2,31,6179
MSpapaaa,213,265,269,10.2,31,2555
MSpapaaa,214,265,277,10.4,30,2522
MSpapaaa,215,266,271,9.8,31,7803
MSpapaaa,216,266,270,9.0,34,11831
MSpapaaa,217,266,272,9.3,33,9706
MSpapaaa,218,267,274,9.7,32,9203
MSpapaaa,219,267,276,10.0,30,7953
MSpapaaa,220,268,278,10.3,29,2487
MSpapaap,191,333,266,12.2,30,-1975
MSpapaap,192,332,263,12.0,31,2075
MSpapaap,193,333,267,11.9,30,501
MSpapaap,194,334,268,10.4,31,259
MSpapaap,195,332,264,11.1,32,2949
MSpapaap,196,330,267,11.1,31,3397
MSpapaap,197,324,262,11.4,34,444
MSpapaap,198,323,260,12.1,31,-1157
MSpapaap,199,320,260,12.1,34,641
MSpapaap,200,320,262,11.3,31,79
MSpapaap,201,316,266,12.1,34,-819
MSpapaap,202,313,264,11.2,31,238
MSpapaap,203,312,261,11.1,34,583
MSpapaap,204,311,259,11.1,34,1077
MSpapaap,205,312,262,12.0,31,1880
MSpapaap,206,310,256,12.0,34,-1270
MSpapaap,207,308,256,11.1,31,-713
MSpapaap,208,305,256,10.4,34,-284
MSpapaap,209,301,257,11.0,31,-965
MSpapaap,210,300,259,11.0,34,1711
MSpapaap,211,304,252,10.4,31,-2029
MSpapaap,212,301,254,11.0,34,-2329
MSpapaap,213,302,254,10.3,31,-436
MSpapaap,214,304,251,10.4,34,-1517
MSpapaap,215,304,250,11.0,31,2199
MSpapaap,216,303,253,10.3,34,-1744
MSpapaap,217,301,256,11.0,31,1244
MSpapaap,218,300,256,11.1,34,-40
MSpapaap,219,301,259,11.2,31,-794
MSpapaap,220,302,263,11.2,34,135
MSpapap,145,363,264,7.6,31,2528
MSpapap,146,367,266,8.2,32,3754
MSpapap,147,368,263,8.9,34,2651
MSpapap,148,371,271,9.7,34,682
MSpapap,149,374,269,9.8,34,2507
MSpapap,150,373,266,10.1,34,1793
MSpapap,151,371,268,10.3,36,2002
MSpapap,152,370,275,10.5,36,556
MSpapap,153,365,281,10.3,36,2335
MSpapap,154,366,287,10.1,34,1850
MSpapap,155,366,291,10.0,34,2068
MSpapap,156,365,292,10.0,34,1319
MSpapap,157,364,291,9.1,34,1587
MSpapap,158,361,287,9.1,34,1911
MSpapap,159,360,287,9.0,34,842
MSpapap,160,359,281,9.0,34,2292
MSpapap,161,361,283,8.3,37,127
MSpapap,162,362,286,8.3,37,1252
MSpapap,163,361,287,8.9,35,2692
MSpapap,164,360,288,8.9,35,796
MSpapap,165,359,285,8.9,35,192
MSpapap,166,359,287,8.8,35,514
MSpapap,167,357,285,8.1,35,444
MSpapap,168,354,283,8.1,37,3151
MSpapap,169,353,280,8.1,37,3093
MSpapap,170,350,281,8.1,35,1834
MSpapap,171,350,278,8.8,35,578
MSpapap,172,350,280,8.9,35,2115
MSpapap,173,349,281,8.9,35,711
MSpapap,174,347,280,8.2,37,1203
MSpapap,175,349,278,8.2,39,1617
MSpapap,176,346,279,8.9,35,2794
MSpapap,177,347,279,8.4,39,1443
MSpapap,178,347,277,8.8,35,4313
MSpapap,179,347,276,8.3,37,1394
MSpapap,180,345,279,8.3,39,2660
MSpapap,181,343,278,8.4,37,1734
MSpapap,182,344,281,9.1,34,2366
MSpapap,183,348,278,9.3,38,1140
MSpapap,184,346,286,9.3,37,824
MSpapap,185,343,290,9.3,34,-142
MSpapap,186,346,296,10.0,35,1525
MSpapap,187,345,292,9.2,34,8971
MSpapap,188,347,288,10.0,31,3169
MSpapap,189,349,294,9.2,34,18035
MSpapap,190,349,288,10.0,31,6485
MSpapap,191,352,292,9.3,34,-2824
MSpapap,192,352,288,9.1,31,-820
MSpapap,193,348,287,9.1,34,131
MSpapap,194,345,294,8.3,31,3918
MSpapap,195,342,301,8.3,34,6310
MSpapap,196,340,300,8.3,31,6871
MSpapap,197,343,296,8.8,30,1844
MSpapap,198,343,296,8.9,29,3048
MSpapap,199,342,293,8.9,30,4801
MSpapapa,200,329,295,8.1,29,3949
MSpapapa,201,321,296,9.0,30,1225
MSpapapa,202,319,294,8.9,29,-1519
MSpapapa,203,319,292,8.9,30,512
MSpapapa,204,317,288,9.0,30,317
MSpapapa,205,318,285,9.1,29,-2075
MSpapapa,206,317,281,9.2,26,3806
MSpapapa,207,320,285,8.4,31,431
MSpapapa,208,322,286,8.9,30,-105
MSpapapa,209,322,283,8.9,29,382
MSpapapa,210,320,286,9.1,26,-2345
MSpapapa,211,321,288,9.4,31,-3203
MSpapapa,212,322,287,9.9,30,282
MSpapapa,213,319,289,9.4,31,-735
MSpapapa,214,321,289,10.0,30,-1647
MSpapapa,215,321,291,10.0,29,-2813
MSpapapa,216,320,290,9.8,30,-325
MSpapapa,217,318,291,9.3,31,2424
MSpapapa,218,320,289,9.2,32,354
MSpapapa,219,318,290,9.1,29,-4162
MSpapapa,220,319,289,9.1,32,-2741
MSpapapp,200,358,283,9.0,29,-541
MSpapapp,201,364,279,9.7,30,2119
MSpapapp,202,363,276,9.9,29,705
MSpapapp,203,363,272,9.9,30,3237
MSpapapp,204,371,273,9.2,30,1841
MSpapapp,205,370,273,8.4,31,963
MSpapapp,206,369,267,9.0,30,599
MSpapapp,207,366,267,9.2,31,470
MSpapapp,208,362,268,9.0,30,-2186
MSpapapp,209,358,267,9.1,31,-63
MSpapapp,210,356,268,9.2,32,-297
MSpapapp,211,354,267,9.3,31,-2474
MSpapapp,212,354,266,9.3,32,2586
MSpapapp,213,348,266,9.3,31,-2107
MSpapapp,214,350,268,9.1,30,-146
MSpapapp,215,345,262,9.1,31,-1991
MSpapapp,216,343,263,9.2,34,-2647
MSpapapp,217,344,264,9.1,31,424
MSpapapp,218,345,266,9.0,32,1716
MSpapapp,219,343,266,8.3,31,-523
MSpapapp,220,345,266,8.2,32,5796
MSpapp,108,392,195,9.0,34,2797
MSpapp,109,405,191,8.1,34,2532
MSpapp,110,416,184,8.4,38,1364
MSpapp,111,417,177,9.1,41,136
MSpapp,112,414,170,9.8,42,405
MSpapp,113,415,165,9.7,42,1278
MSpapp,114,418,158,8.8,42,463
MSpapp,115,425,151,8.0,42,1215
MSpapp,116,426,151,7.9,42,-935
MSpapp,117,423,151,7.9,42,1006
MSpapp,118,421,152,7.2,42,408
MSpapp,119,418,162,6.9,42,763
MSpapp,120,415,167,6.2,42,723
MSpapp,121,415,174,6.0,42,584
MSpapp,122,407,185,5.9,42,1367
MSpapp,123,407,192,5.8,42,1081
MSpapp,124,402,199,5.7,42,-865
MSpapp,125,400,210,5.8,42,1441
MSpapp,126,398,214,5.7,42,1898
MSpapp,127,396,223,5.8,42,1246
MSpapp,128,398,227,5.8,42,512
MSpapp,129,391,233,5.8,42,1725
MSpapp,130,395,236,5.8,42,2079
MSpapp,131,396,243,5.9,42,576
MSpapp,132,394,254,5.9,42,975
MSpapp,133,395,262,5.9,42,1448
MSpapp,134,397,267,5.9,41,2222
MSpapp,135,400,272,5.9,41,1368
MSpapp,136,398,275,5.5,43,1838
MSpapp,137,397,281,5.4,42,2032
MSpapp,138,396,291,5.5,41,1241
MSpapp,139,391,296,5.4,42,783
MSpapp,140,390,290,5.3,41,740
MSpapp,141,393,289,5.4,41,1716
MSpapp,142,395,290,5.4,41,2371
MSpapp,143,393,286,5.4,39,207
MSpapp,144,393,287,5.4,39,2640
MSpapp,145,393,295,5.5,39,2745
MSpapp,146,397,297,5.5,38,1399
MSpapp,147,394,298,6.2,38,1940
MSpapp,148,392,297,6.2,38,1965
MSpapp,149,391,292,6.3,38,2824
MSpapp,150,387,289,7.0,38,2652
MSpapp,151,389,286,7.0,34,2558
MSpapp,152,394,282,7.2,32,3536
MSpapp,153,397,284,7.2,34,1574
MSpappa,154,368,291,6.3,30,2063
MSpappa,155,368,293,6.3,30,4745
MSpappa,156,363,290,6.8,34,979
MSpappa,157,366,286,6.1,26,4371
MSpappa,158,362,281,6.1,26,3059
MSpappa,159,360,284,5.0,32,3086
MSpappa,160,360,284,5.0,32,822
MSpappa,161,361,285,5.0,32,2141
MSpappa,162,362,286,5.0,32,3162
MSpappa,163,363,287,5.0,32,4160
MSpappa,164,364,288,5.0,32,3351
MSpappa,165,365,289,5.0,32,4106
MSpappa,166,363,289,5.0,31,1637
MSpappa,167,361,289,5.1,30,3227
MSpappa,168,359,289,5.1,29,3110
MSpappa,169,357,289,5.2,28,1264
MSpappa,170,354,288,5.2,26,3298
MSpappa,171,361,285,5.8,35,2522
MSpappa,172,364,283,6.0,35,1867
MSpappa,173,362,279,5.3,26,2079
MSpappa,174,367,282,5.9,35,806
MSpappa,175,368,275,6.1,26,3414
MSpappa,176,369,274,6.8,35,1137
MSpappa,177,371,272,7.0,35,745
MSpappa,178,369,271,6.3,26,4331
MSpappa,179,366,267,6.2,26,3707
MSpappa,180,363,270,7.0,26,3765
MSpappa,181,364,269,6.9,35,2470
MSpappa,182,364,268,7.0,34,723
MSpappa,183,363,265,7.1,34,751
MSpappa,184,362,266,7.3,35,3272
MSpappa,185,361,268,7.8,32,2425
MSpappa,186,361,267,7.9,31,2221
MSpappa,187,364,258,7.5,32,3291
MSpappa,188,366,256,8.1,31,2899
MSpappa,189,371,257,8.3,32,3333
MSpappa,190,374,251,8.4,31,6321
MSpappa,191,375,252,8.2,32,3583
MSpappa,192,379,251,8.2,31,12
MSpappa,193,376,249,7.4,34,2047
MSpappa,194,376,249,7.4,31,251
MSpappa,195,376,253,7.3,32,2085
MSpappa,196,377,250,7.4,31,794
MSpappa,197,375,250,8.0,30,-594
MSpappa,198,377,250,8.1,31,4681
MSpappa,199,379,256,8.2,30,3924
MSpappa,200,381,250,8.1,31,1858
MSpappa,201,387,246,8.0,30,3567
MSpappa,202,387,243,7.5,31,248
MSpappa,203,383,242,7.5,32,1794
MSpappa,204,384,240,7.5,34,1696
MSpappa,205,388,238,7.3,31,1028
MSpappa,206,388,239,7.4,34,3544
MSpappa,207,388,240,7.4,31,-739
MSpappa,208,382,242,8.0,34,2897
MSpappa,209,381,242,8.1,31,-1044
MSpappa,210,381,241,8.2,34,-2990
MSpappa,211,382,243,8.3,31,-2664
MSpappa,212,380,246,8.3,34,-1580
MSpappa,213,379,244,8.2,31,672
MSpappa,214,384,243,8.2,34,2718
MSpappa,215,385,240,8.0,31,-1009
MSpappa,216,387,241,8.1,34,564
MSpappa,217,390,243,7.5,31,1954
MSpappa,218,391,243,7.5,34,1251
MSpappa,219,386,247,7.5,31,6296
MSpappa,220,388,250,7.6,34,2441
MSpappp,154,417,278,6.3,28,5084
MSpappp,155,424,277,6.2,28,4045
MSpappp,156,421,278,6.3,32,2405
MSpappp,157,425,279,6.9,34,1457
MSpappp,158,425,272,6.2,34,1169
MSpappp,159,427,270,6.9,34,2006
MSpappp,160,425,268,6.3,36,2067
MSpappp,161,424,276,6.2,37,2007
MSpappp,162,419,277,6.2,37,328
MSpappp,163,417,279,6.3,39,1716
MSpappp,164,418,279,6.1,39,1595
MSpappp,165,419,274,6.1,37,988
MSpappp,166,414,277,5.6,39,2970
MSpappp,167,411,279,6.1,39,1972
MSpappp,168,407,278,6.2,39,1445
MSpappp,169,406,282,6.1,37,1558
MSpappp,170,408,283,6.1,39,-41
MSpappp,171,404,282,6.1,39,588
MSpappp,172,406,276,6.1,37,2005
MSpappp,173,405,276,6.5,37,2173
MSpappp,174,406,273,7.2,39,1357
MSpappp,175,405,264,7.2,37,1885
MSpappp,176,407,265,7.4,39,889
MSpappp,177,406,263,8.1,37,1584
MSpappp,178,406,258,8.1,39,-301
MSpappp,179,403,256,8.1,37,-279
MSpappp,180,400,259,7.4,39,1352
MSpappp,181,401,259,7.5,37,1991
MSpappp,182,401,259,7.3,38,-186
MSpappp,183,398,259,7.3,38,340
MSpappp,184,397,262,7.3,37,-1328
MSpappp,185,397,265,7.3,36,-2515
MSpappp,186,396,263,7.3,35,-2488
MSpappp,187,397,264,7.4,34,902
MSpappp,188,399,257,7.3,31,-405
MSpappp,189,403,256,7.3,34,576
MSpappp,190,405,252,8.1,31,-465
MSpappp,191,406,256,8.0,34,-2520
MSpappp,192,407,258,7.4,31,-1632
MSpappp,193,407,259,7.3,34,-1887
MSpappp,194,408,263,7.4,31,-2189
MSpappp,195,408,262,8.0,34,-1131
MSpappp,196,410,259,8.1,31,-23
MSpappp,197,408,259,8.1,34,-1764
MSpappp,198,410,260,8.2,31,-2454
MSpappp,199,409,263,8.2,34,-2443
MSpappp,200,408,267,8.1,31,-2301
MSpappp,201,410,270,8.1,34,-2851
MSpappp,202,404,275,8.1,31,-1982
MSpappp,203,402,273,7.4,34,-889
MSpappp,204,406,274,7.3,34,3902
MSpappp,205,405,273,7.3,31,-3120
MSpappp,206,405,280,7.2,34,10705
MSpappp,207,402,281,7.3,31,598
MSpappp,208,399,282,8.2,34,-1941
MSpappp,209,389,284,8.3,31,-4936
MSpappp,210,390,282,8.3,34,-2894
MSpappp,211,391,279,9.2,31,-1852
MSpappp,212,393,283,9.2,34,952
MSpappp,213,390,282,9.1,31,-1503
MSpappp,214,392,283,9.1,34,3157
MSpappp,215,393,280,9.0,31,-1721
MSpappp,216,391,283,8.4,34,2072
MSpappp,217,394,286,8.2,31,2984
MSpappp,218,394,287,8.2,34,7165
MSpappp,219,394,288,8.2,31,3270
MSpappp,220,393,289,9.1,34,-213
MSpp,47,369,210,8.3,34,-2
MSpp,48,386,219,8.2,32,-83
MSpp,49,395,219,7.2,40,-808
MSpp,50,396,222,6.2,43,-866
MSpp,51,403,223,6.3,51,-864
MSpp,52,411,226,6.1,53,-513
MSpp,53,423,225,6.6,57,-452
MSpp,54,421,219,6.6,57,-294
MSpp,55,419,218,5.9,56,-835
MSpp,56,424,213,6.5,58,-195
MSpp,57,426,216,6.5,59,-400
MSpp,58,434,208,6.4,58,-1114
MSpp,59,433,207,5.9,58,-550
MSpp,60,438,199,6.4,58,-777
MSpp,61,441,190,6.1,56,-44
MSpp,62,434,190,6.0,56,-615
MSpp,63,437,194,6.1,57,-1295
MSpp,64,443,207,6.0,55,-286
MSpp,65,447,204,6.2,54,-909
MSpp,66,443,207,6.1,53,-1014
MSpp,67,446,207,6.2,53,-361
MSpp,68,439,203,6.3,53,-453
MSpp,69,439,205,6.3,53,-369
MSpp,70,440,200,6.2,54,-577
MSpp,71,444,200,6.3,54,-704
MSpp,72,447,206,6.3,50,-524
MSpp,73,442,216,6.5,55,-494
MSpp,74,433,227,7.0,53,-540
MSpp,75,436,236,7.9,51,157
MSpp,76,431,238,8.0,53,-513
MSpp,77,434,244,7.7,50,94
MSpp,78,428,255,7.2,44,276
MSppa,79,421,282,6.4,36,435
MSppa,80,419,286,6.7,49,-187
MSppa,81,421,288,6.8,49,-340
MSppa,82,423,289,7.0,45,-180
MSppa,83,423,296,6.7,49,-936
MSppa,84,417,296,6.2,49,-13
MSppa,85,418,304,6.2,48,921
MSppa,86,417,299,6.1,50,171
MSppa,87,410,295,6.1,50,-352
MSppa,88,408,294,6.0,50,-123
MSppa,89,411,293,6.1,49,-62
MSppa,90,413,290,6.1,49,201
MSppa,91,415,290,6.1,49,1043
MSppa,92,414,294,6.1,49,252
MSppa,93,413,290,6.1,49,-141
MSppa,94,414,291,6.1,49,1634
MSppa,95,413,289,6.2,49,1786
MSppa,96,418,290,6.3,48,823
MSppa,97,418,286,6.8,46,450
MSppa,98,419,281,7.0,44,2336
MSppa,99,424,268,7.1,44,890
MSppa,100,424,267,7.2,45,1449
MSppa,101,430,273,7.3,42,289
MSppa,102,427,276,7.1,42,1975
MSppa,103,422,278,7.2,44,3342
MSppa,104,424,279,8.0,45,1123
MSppa,105,422,279,8.1,44,3112
MSppa,106,420,282,8.1,44,2661
MSppa,107,419,285,8.1,44,2700
MSppa,108,415,286,8.3,46,1711
MSppa,109,414,292,8.2,42,3771
MSppa,110,415,291,8.9,42,2765
MSppa,111,412,283,8.1,39,6284
MSppa,112,409,279,8.0,38,6194
MSppaa,113,392,293,7.1,34,4724
MSppaa,114,385,298,6.2,34,5089
MSppaa,115,388,293,6.3,36,4275
MSppaa,116,387,299,6.3,38,4023
MSppaa,117,385,302,6.9,42,4319
MSppaa,118,384,306,6.9,42,3409
MSppaa,119,371,309,6.9,42,4086
MSppaa,120,365,310,7.1,42,3765
MSppaa,121,355,311,7.2,42,4926
MSppaa,122,346,315,8.0,42,4515
MSppaa,123,344,314,8.7,42,3350
MSppaa,124,333,315,8.2,42,4349
MSppaa,125,325,320,8.9,42,5734
MSppaa,126,323,325,9.1,42,6452
MSppaa,127,320,324,9.8,42,5158
MSppaa,128,316,326,9.2,42,6614
MSppaa,129,308,332,10.1,42,5836
MSppaa,130,296,334,10.0,42,8102
MSppaa,131,290,337,10.8,42,8510
MSppaa,132,286,343,10.9,42,7080
MSppaa,133,279,342,11.1,42,9247
MSppaa,134,279,341,11.9,41,6732
MSppaa,135,283,340,11.9,41,8296
MSppaa,136,282,335,12.0,41,7850
MSppaa,137,282,331,12.9,40,6762
MSppaa,138,280,330,13.1,39,9765
MSppaa,139,277,332,13.1,40,7750
MSppaa,140,273,336,12.3,39,11639
MSppaa,141,277,343,12.4,39,7405
MSppaa,142,276,343,12.3,41,8681
MSppaa,143,268,342,13.1,39,9184
MSppaa,144,266,343,12.4,39,10176
MSppaa,145,258,344,12.4,39,14083
MSppaa,146,256,342,13.2,38,11000
MSppaa,147,256,343,13.3,38,9854
MSppaa,148,256,341,13.1,38,13127
MSppaa,149,253,337,13.2,38,14218
MSppaa,150,247,339,13.4,38,15258
MSppaa,151,239,341,14.2,38,16145
MSppaa,152,243,338,14.1,38,12619
MSppaa,153,239,344,14.1,34,13986
MSppaa,154,236,347,14.0,34,12936
MSppaaa,155,219,345,12.8,34,16411
MSppaaa,156,201,342,12.0,34,14360
MSppaaa,157,201,341,12.0,34,13685
MSppaaa,158,198,347,12.2,34,13409
MSppaaa,159,195,345,12.1,34,12584
MSppaaa,160,195,343,12.9,34,10062
MSppaaa,161,193,343,12.9,35,10911
MSppaaa,162,194,339,12.2,37,11189
MSppaaa,163,199,338,12.0,37,14437
MSppaaa,164,198,335,12.3,37,13852
MSppaaa,165,197,331,12.7,36,10202
MSppaaa,166,196,327,13.0,35,11523
MSppaaa,167,197,328,12.2,39,12990
MSppaaa,168,196,336,12.4,37,12475
MSppaaa,169,192,331,13.2,39,10037
MSppaaa,170,197,335,13.2,39,12742
MSppaaa,171,197,332,12.1,35,14438
MSppaaa,172,194,329,12.1,37,13662
MSppaaa,173,195,329,12.2,37,12426
MSppaaa,174,197,330,12.1,39,14886
MSppaaa,175,195,330,11.4,39,11323
MSppaaa,176,198,328,11.3,39,10374
MSppaaa,177,197,327,11.9,35,15349
MSppaaa,178,193,326,11.3,37,11545
MSppaaa,179,191,325,11.3,37,14213
MSppaaa,180,192,325,11.2,39,12124
MSppaaa,181,187,322,12.0,26,13508
MSppaaa,182,179,322,12.1,26,15209
MSppaaa,183,180,324,12.1,26,18209
MSppaaa,184,178,327,12.1,26,10500
MSppaaa,185,179,323,12.0,36,12326
MSppaaa,186,178,329,12.0,26,14694
MSppaaa,187,183,325,11.2,34,16377
MSppaaa,188,189,321,11.0,31,13983
MSppaaa,189,191,322,10.1,34,17034
MSppaaa,190,189,321,10.4,33,11388
MSppaaa,191,186,320,10.8,32,17034
MSppaaa,192,183,318,11.1,31,15313
MSppaaa,193,186,318,11.1,34,13600
MSppaaa,194,186,317,11.1,34,13973
MSppaaa,195,187,316,11.1,34,10851
MSppaaa,196,187,315,11.1,33,12150
MSppaaa,197,188,314,11.0,33,16333
MSppaaa,198,188,313,11.0,32,11989
MSppaaa,199,189,312,11.0,32,13819
MSppaaa,200,190,310,11.0,31,14093
MSppaaa,201,187,305,12.1,34,19122
MSppaaa,202,184,303,13.0,31,17537
MSppaaa,203,188,303,12.3,32,20680
MSppaaa,204,187,305,12.9,30,23874
MSppaaa,205,184,304,12.3,31,22794
MSppaaa,206,187,305,12.4,34,21403
MSppaaaa,207,162,304,12.1,29,20307
MSppaaaa,208,158,305,12.0,30,16506
MSppaaaa,209,158,305,11.9,30,12344
MSppaaaa,210,159,306,11.8,31,12596
MSppaaaa,211,160,307,11.7,32,16385
MSppaaaa,212,161,308,11.5,32,17858
MSppaaaa,213,162,309,11.4,33,12791
MSppaaaa,214,163,310,11.3,34,9822
MSppaaaa,215,164,307,12.1,31,14455
MSppaaaa,216,167,307,12.0,26,16854
MSppaaaa,217,167,308,12.0,26,12016
MSppaaaa,218,167,312,12.0,26,16876
MSppaaaa,219,167,315,11.1,31,13378
MSppaaaa,220,168,314,11.3,30,7932
MSppaaap,207,205,306,14.0,26,19454
MSppaaap,208,202,300,14.0,26,14163
MSppaaap,209,201,304,14.1,26,14133
MSppaaap,210,201,304,14.1,26,16706
MSppaaap,211,201,306,14.2,26,15093
MSppaaap,212,203,311,14.0,26,14480
MSppaaap,213,204,311,13.9,26,13615
MSppaaap,214,205,311,13.7,27,14873
MSppaaap,215,206,312,13.6,28,12578
MSppaaap,216,207,312,13.5,28,15741
MSppaaap,217,208,313,13.4,29,7744
MSppaaap,218,209,313,13.2,30,5996
MSppaaap,219,210,314,13.1,31,8576
MSppaaap,220,209,314,13.1,26,17508
MSppaap,155,240,348,14.1,26,16222
MSppaap,156,240,348,14.1,26,20648
MSppaap,157,245,352,15.0,34,12091
MSppaap,158,246,350,15.0,34,9745
MSppaap,159,241,351,15.1,34,9830
MSppaap,160,241,348,15.0,34,8714
MSppaap,161,239,346,15.9,35,9766
MSppaap,162,248,347,15.0,35,11500
MSppaap,163,247,345,14.4,37,12269
MSppaap,164,246,346,15.0,37,8639
MSppaap,165,245,350,14.9,35,10839
MSppaap,166,243,350,14.9,35,14075
MSppaap,167,242,351,14.2,35,15618
MSppaap,168,243,351,14.1,35,12658
MSppaap,169,244,349,14.1,37,14513
MSppaap,170,243,349,14.2,37,14051
MSppaap,171,240,347,14.1,35,12904
MSppaap,172,240,349,13.2,37,15295
MSppaap,173,239,344,13.1,37,14550
MSppaap,174,239,341,13.0,35,16047
MSppaap,175,241,338,13.0,35,14152
MSppaap,176,239,338,12.3,37,15639
MSppaap,177,239,334,12.1,37,13689
MSppaap,178,237,335,12.1,35,15699
MSppaap,179,236,333,12.1,35,16847
MSppaap,180,234,328,12.0,35,14929
MSppaap,181,232,329,12.1,35,16494
MSppaap,182,226,326,11.9,34,16505
MSppaap,183,228,324,11.1,36,19960
MSppaap,184,225,323,11.1,37,20005
MSppaap,185,223,323,11.9,32,20924
MSppaap,186,223,320,11.0,35,17541
MSppaap,187,225,311,10.2,34,17425
MSppaap,188,227,315,10.2,31,19680
MSppaap,189,228,316,10.2,34,18391
MSppaap,190,231,315,10.2,31,19648
MSppaap,191,231,315,10.2,31,18174
MSppaap,192,221,310,11.1,31,20857
MSppaap,193,223,310,11.1,34,16402
MSppaap,194,225,307,11.1,31,17606
MSppaap,195,226,309,10.4,34,21637
MSppaap,196,229,306,11.0,31,20133
MSppaap,197,234,305,10.3,34,18836
MSppaap,198,235,304,10.9,31,17063
MSppaap,199,232,303,11.0,34,19104
MSppaap,200,233,304,11.0,31,21239
MSppaap,201,230,304,10.4,34,16695
MSppaap,202,230,302,11.0,31,19215
MSppaap,203,233,304,10.3,34,21986
MSppaap,204,232,305,10.2,34,24301
MSppaap,205,233,306,10.2,31,27869
MSppaap,206,230,309,10.1,34,20638
MSppaap,207,230,307,10.1,31,24931
MSppaap,208,232,314,10.1,34,27649
MSppaap,209,235,312,10.2,31,22137
MSppaap,210,235,312,10.3,34,23722
MSppaap,211,235,312,11.0,31,20438
MSppaap,212,236,314,11.1,34,22390
MSppaap,213,236,314,10.3,31,28430
MSppaap,214,242,317,11.0,34,21742
MSppaap,215,242,318,11.0,31,31341
MSppaap,216,244,321,11.1,34,24108
MSppaap,217,246,320,11.0,31,24745
MSppaap,218,248,323,11.0,34,24793
MSppaap,219,251,322,11.1,31,28220
MSppaap,220,253,324,11.1,34,21852
MSppap,113,432,267,7.4,36,4919
MSppap,114,432,266,7.4,36,2527
MSppap,115,437,263,8.0,38,3394
MSppap,116,434,264,8.2,40,3556
MSppap,117,435,269,8.8,42,2057
MSppap,118,435,270,8.8,42,3666
MSppap,119,428,277,8.2,42,3666
MSppap,120,424,287,8.9,42,2915
MSppap,121,414,300,9.0,42,2620
MSppap,122,404,308,9.9,42,3058
MSppap,123,405,313,10.1,42,5533
MSppap,124,397,312,10.2,42,3294
MSppap,125,396,320,10.8,42,4119
MSppap,126,391,323,10.9,42,5000
MSppap,127,390,326,10.9,42,5492
MSppap,128,376,325,11.0,42,6097
MSppap,129,366,328,11.0,42,4659
MSppap,130,354,332,10.9,42,4794
MSppap,131,351,331,11.0,42,5223
MSppap,132,344,329,11.2,42,5722
MSppap,133,337,329,11.9,42,6908
MSppap,134,335,328,12.2,43,4527
MSppap,135,336,328,12.2,43,6179
MSppap,136,334,332,13.0,41,7132
MSppap,137,335,335,13.1,42,7175
MSppap,138,333,341,13.2,41,6979
MSppap,139,330,348,13.3,42,8772
MSppap,140,322,348,14.1,41,5365
MSppap,141,323,346,13.3,41,5409
MSppap,142,322,345,14.0,41,7420
MSppap,143,317,349,14.1,39,7113
MSppap,144,315,351,14.1,39,9083
MSppap,145,312,351,14.1,39,7101
MSppap,146,307,350,14.2,38,8744
MSppap,147,306,352,15.2,38,7134
MSppap,148,304,352,15.1,38,11943
MSppap,149,305,355,15.0,38,13122
MSppap,150,304,353,15.2,38,12075
MSppap,151,300,352,15.2,38,11558
MSppap,152,297,350,15.0,34,16544
MSppap,153,290,344,15.9,34,14741
MSppap,154,293,343,16.0,34,16675
MSppapa,155,264,351,14.1,34,9460
MSppapa,156,265,352,14.1,36,11343
MSppapa,157,269,350,14.0,26,11427
MSppapa,158,273,344,13.2,26,12262
MSppapa,159,269,348,14.0,36,9201
MSppapa,160,270,342,14.1,26,8172
MSppapa,161,266,352,14.1,37,8550
MSppapa,162,275,352,15.0,26,9247
MSppapa,163,275,352,15.0,26,6883
MSppapa,164,276,353,14.2,37,6804
MSppapa,165,276,352,14.2,39,9084
MSppapa,166,273,355,14.3,37,9779
MSppapa,167,273,354,14.1,35,8700
MSppapa,168,270,353,14.0,26,14553
MSppapa,169,273,349,13.3,26,12104
MSppapa,170,274,351,14.1,37,11710
MSppapa,171,268,352,14.0,26,11961
MSppapa,172,266,352,14.1,26,7398
MSppapa,173,266,350,14.1,39,10798
MSppapa,174,265,345,14.1,26,15507
MSppapa,175,270,343,14.1,37,9174
MSppapa,176,268,342,14.0,39,10747
MSppapa,177,270,342,14.0,39,8959
MSppapa,178,266,341,14.0,39,10797
MSppapa,179,263,343,13.3,39,12001
MSppapa,180,260,344,13.2,39,12062
MSppapa,181,258,343,13.2,37,12998
MSppapa,182,255,342,13.1,36,14317
MSppapa,183,253,340,12.2,38,14443
MSppapa,184,251,336,12.3,37,14196
MSppapa,185,254,336,12.2,36,13901
MSppapa,186,255,336,12.1,35,13230
MSppapa,187,254,330,12.1,34,12430
MSppapa,188,260,327,12.2,31,19233
MSppapa,189,265,325,12.3,34,13287
MSppapa,190,263,321,12.3,31,14828
MSppapa,191,259,322,12.2,34,12053
MSppapa,192,257,323,12.2,31,6521
MSppapa,193,255,326,13.0,34,16144
MSppapa,194,253,326,12.1,31,16077
MSppapa,195,255,324,12.1,34,15935
MSppapa,196,255,325,12.1,31,14184
MSppapa,197,261,322,12.2,34,14385
MSppapa,198,259,320,13.1,31,16144
MSppapa,199,253,321,12.3,34,16878
MSppapa,200,246,323,13.1,31,15132
MSppapa,201,240,323,13.2,34,15433
MSppapa,202,235,323,13.2,31,17579
MSppapa,203,238,327,13.3,34,18590
MSppapa,204,233,324,13.2,34,21355
MSppapa,205,233,327,13.4,31,25884
MSppapa,206,233,326,13.9,30,21604
MSppapa,207,237,325,14.0,31,22274
MSppapaa,208,219,330,13.2,30,14758
MSppapaa,209,215,333,12.4,31,14622
MSppapaa,210,213,331,13.2,30,11996
MSppapaa,211,210,332,13.0,31,15362
MSppapaa,212,209,338,13.2,34,14385
MSppapaa,213,213,337,13.1,31,14352
MSppapaa,214,215,338,13.1,26,13463
MSppapaa,215,213,338,13.0,31,10723
MSppapaa,216,212,340,13.1,26,9150
MSppapaa,217,213,339,12.2,31,12064
MSppapaa,218,218,336,12.2,34,12506
MSppapaa,219,216,339,12.3,31,15063
MSppapaa,220,220,342,12.3,34,11692
MSppapap,208,255,330,15.0,30,19116
MSppapap,209,259,334,15.0,30,18050
MSppapap,210,263,336,15.0,30,21334
MSppapap,211,261,334,15.5,28,13949
MSppapap,212,259,331,16.0,26,13651
MSppapap,213,258,332,15.6,27,15282
MSppapap,214,257,333,15.2,28,20185
MSppapap,215,256,334,14.9,29,17250
MSppapap,216,255,335,14.5,30,8634
MSppapap,217,253,336,14.1,31,16207
MSppapap,218,254,337,14.1,34,14162
MSppapap,219,257,339,14.2,31,11297
MSppapap,220,256,340,14.1,34,11032
MSppapp,155,313,333,17.0,34,8825
MSppapp,156,317,339,17.8,34,8203
MSppapp,157,314,341,18.0,34,6898
MSppapp,158,317,340,17.3,36,5723
MSppapp,159,318,340,18.0,38,4860
MSppapp,160,320,341,18.1,36,7473
MSppapp,161,320,343,18.0,39,4500
MSppapp,162,318,344,17.1,35,8681
MSppapp,163,320,348,17.1,39,5043
MSppapp,164,319,351,16.3,39,7035
MSppapp,165,319,349,16.3,37,8081
MSppapp,166,312,348,17.0,35,7931
MSppapp,167,311,348,16.3,39,9851
MSppapp,168,307,349,16.3,37,8382
MSppapp,169,302,347,16.2,37,8181
MSppapp,170,304,349,16.2,39,8591
MSppapp,171,301,350,16.1,37,9858
MSppapp,172,301,351,16.0,37,9368
MSppapp,173,300,353,16.1,39,7903
MSppapp,174,299,353,16.2,39,7163
MSppapp,175,300,349,16.2,37,8706
MSppapp,176,299,350,16.2,37,15327
MSppapp,177,299,349,16.1,39,10185
MSppapp,178,300,347,16.1,39,9645
MSppapp,179,295,347,16.1,39,8100
MSppapp,180,291,349,16.0,37,8377
MSppapp,181,289,346,15.2,39,9851
MSppapp,182,285,346,15.2,38,8045
MSppapp,183,284,341,15.0,38,8234
MSppapp,184,280,340,15.0,37,10438
MSppapp,185,279,335,15.1,36,11022
MSppapp,186,280,337,15.1,35,11760
MSppapp,187,279,334,14.1,34,15143
MSppapp,188,274,329,14.2,31,13800
MSppapp,189,282,336,16.0,34,15340
MSppapp,190,279,338,16.1,31,14233
MSppapp,191,278,336,16.0,34,12993
MSppapp,192,274,336,15.2,31,13522
MSppapp,193,275,343,15.3,34,13412
MSppapp,194,271,337,15.1,31,14323
MSppapp,195,274,337,15.2,34,15184
MSppapp,196,274,335,16.1,31,14684
MSppapp,197,272,332,16.1,34,14763
MSppapp,198,272,329,16.2,31,16254
MSppapp,199,272,329,16.2,34,11350
MSppapp,200,278,335,17.1,31,14711
MSppapp,201,278,337,16.2,34,13401
MSppapp,202,275,336,17.0,31,12534
MSppapp,203,275,335,17.0,34,17313
MSppapp,204,277,338,17.0,34,17172
MSppapp,205,272,333,17.1,31,11490
MSppapp,206,271,334,17.1,34,13716
MSppapp,207,269,333,17.2,31,12446
MSppapp,208,267,338,17.2,34,10903
MSppapp,209,268,337,17.1,31,12835
MSppapp,210,267,339,17.3,34,10067
MSppapp,211,262,336,18.7,31,8527
MSppapp,212,266,339,18.0,34,9830
MSppapp,213,261,336,18.1,31,9871
MSppapp,214,259,332,17.2,34,18956
MSppapp,215,259,336,17.1,31,21107
MSppapp,216,258,334,18.0,30,27148
MSppappa,217,249,339,17.2,31,14952
MSppappa,218,238,346,18.0,26,17386
MSppappa,219,238,343,17.3,31,12929
MSppappa,220,237,341,17.2,26,13194
MSppappp,217,271,328,18.2,31,14889
MSppappp,218,283,324,18.1,30,18564
MSppappp,219,283,324,18.2,31,13878
MSppappp,220,287,327,18.1,34,5827
MSppp,79,447,225,7.5,34,-137
MSppp,80,451,224,7.3,41,-108
MSppp,81,449,220,7.8,49,-82
MSppp,82,452,217,7.8,49,1066
MSppp,83,456,212,7.8,49,483
MSppp,84,458,202,7.7,49,-454
MSppp,85,459,203,7.2,50,-514
MSppp,86,457,203,7.0,48,67
MSppp,87,449,197,6.8,50,10
MSppp,88,450,203,7.1,50,-499
MSppp,89,453,199,6.9,49,104
MSppp,90,456,201,7.0,49,-679
MSppp,91,455,206,6.9,49,521
MSppp,92,457,214,6.9,49,-99
MSppp,93,465,217,7.0,49,544
MSppp,94,469,213,7.0,49,1247
MSppp,95,472,217,6.9,49,1166
MSppp,96,475,216,7.1,48,362
MSppp,97,475,215,7.1,46,942
MSppp,98,466,211,7.0,44,2652
MSppp,99,459,209,7.1,44,738
MSppp,100,460,216,7.1,45,957
MSppp,101,460,221,7.1,44,969
MSppp,102,459,220,7.2,44,480
MSppp,103,460,226,7.1,44,2073
MSppp,104,463,231,7.2,45,797
MSppp,105,464,225,7.1,44,2179
MSppp,106,464,229,7.3,44,2177
MSppp,107,455,234,7.4,44,4118
MSppp,108,451,235,8.1,44,3332
MSppp,109,447,238,8.1,42,2980
MSppp,110,455,239,8.1,42,4189
MSppp,111,453,239,8.1,41,2855
MSppp,112,455,235,8.0,40,6506
MSpppa,113,443,232,7.1,32,7502
MSpppa,114,442,235,6.3,30,3049
MSpppa,115,438,227,6.1,36,3619
MSpppa,116,447,235,5.4,36,4325
MSpppa,117,445,243,5.5,38,3984
MSpppa,118,440,248,6.0,42,4326
MSpppa,119,434,256,6.2,30,6429
MSpppa,120,429,261,6.2,30,4751
MSpppa,121,419,272,6.7,42,6409
MSpppa,122,412,282,6.8,42,5163
MSpppa,123,407,283,6.9,42,4866
MSpppa,124,401,284,7.1,40,7363
MSpppa,125,397,286,7.8,42,5283
MSpppa,126,395,292,8.0,42,3968
MSpppa,127,393,296,8.2,42,6641
MSpppa,128,390,303,8.2,42,6237
MSpppa,129,385,306,8.2,40,6353
MSpppa,130,380,312,8.7,42,6426
MSpppa,131,374,314,8.8,42,7959
MSpppa,132,369,313,9.0,40,7781
MSpppa,133,365,314,9.9,42,6203
MSpppa,134,363,311,9.9,41,8674
MSpppa,135,361,312,10.0,41,6087
MSpppa,136,358,311,10.1,41,9073
MSpppa,137,354,309,10.2,40,8343
MSpppa,138,347,312,10.2,39,8614
MSpppa,139,348,317,11.0,38,9991
MSpppa,140,344,313,11.2,39,9357
MSpppa,141,343,314,11.1,39,10133
MSpppa,142,339,315,11.1,41,8939
MSpppa,143,340,317,11.2,39,9931
MSpppa,144,340,322,11.1,39,10081
MSpppa,145,339,321,10.3,39,8983
MSpppa,146,339,321,11.0,38,8591
MSpppa,147,339,321,11.1,38,10123
MSpppa,148,339,321,11.0,38,13512
MSpppa,149,336,319,11.0,38,11775
MSpppa,150,332,319,11.1,38,13303
MSpppa,151,325,318,11.1,38,14036
MSpppa,152,323,318,11.1,38,13399
MSpppa,153,320,321,11.1,38,12407
MSpppa,154,318,321,11.1,38,14020
MSpppa,155,322,325,11.2,38,13350
MSpppa,156,318,325,11.1,36,15321
MSpppa,157,322,329,11.2,36,18434
MSpppa,158,323,318,11.9,34,15162
MSpppa,159,323,323,11.2,28,22181
MSpppaa,160,302,326,11.3,32,11032
MSpppaa,161,292,328,11.9,35,15401
MSpppaa,162,294,327,12.0,35,12983
MSpppaa,163,291,322,12.0,35,11141
MSpppaa,164,291,323,11.9,35,12192
MSpppaa,165,293,319,12.0,35,12625
MSpppaa,166,296,323,12.1,37,13043
MSpppaa,167,294,328,11.4,37,13833
MSpppaa,168,287,322,11.2,37,15037
MSpppaa,169,289,323,11.2,37,14526
MSpppaa,170,291,325,11.2,37,13151
MSpppaa,171,293,326,12.0,35,10572
MSpppaa,172,291,330,11.3,37,13546
MSpppaa,173,290,331,11.1,37,12818
MSpppaa,174,286,329,11.1,37,15828
MSpppaa,175,289,327,11.3,37,15128
MSpppaa,176,288,324,11.1,37,11600
MSpppaa,177,292,324,11.0,37,15151
MSpppaa,178,293,326,11.1,37,13583
MSpppaa,179,292,323,11.3,37,11153
MSpppaa,180,289,323,11.2,37,13755
MSpppaa,181,287,322,11.0,37,12705
MSpppaa,182,280,319,11.0,36,16020
MSpppaa,183,282,315,10.2,38,11476
MSpppaa,184,283,321,10.1,37,14236
MSpppaa,185,281,322,10.2,36,14215
MSpppaa,186,283,323,10.2,35,11764
MSpppaa,187,285,315,10.0,34,13432
MSpppaa,188,287,318,10.0,31,16323
MSpppaa,189,283,315,9.2,34,17902
MSpppaa,190,286,315,10.1,31,19685
MSpppaa,191,290,314,10.1,34,12733
MSpppaa,192,288,309,10.3,31,16142
MSpppaa,193,288,317,11.0,34,18110
MSpppaa,194,288,317,11.0,34,15792
MSpppaa,195,290,309,11.1,34,15526
MSpppaa,196,292,309,11.1,31,13367
MSpppaa,197,292,308,11.3,34,18415
MSpppaa,198,294,311,12.0,31,16379
MSpppaa,199,294,315,11.1,34,17005
MSpppaa,200,296,316,11.1,31,15760
MSpppaa,201,297,317,11.2,34,16012
MSpppaa,202,295,318,11.2,31,17604
MSpppaa,203,297,317,12.0,34,16096
MSpppaa,204,293,316,11.2,34,14371
MSpppaa,205,296,315,12.1,31,18644
MSpppaa,206,298,316,12.1,34,17176
MSpppaa,207,296,317,12.1,31,19802
MSpppaa,208,293,319,11.2,34,25923
MSpppaa,209,294,319,12.1,31,14836
MSpppaa,210,298,319,12.1,34,14517
MSpppaa,211,298,316,12.0,31,16716
MSpppaa,212,303,316,12.2,34,15386
MSpppaa,213,301,316,12.1,31,23099
MSpppaa,214,304,315,12.1,34,22718
MSpppaa,215,302,313,12.1,31,22280
MSpppaa,216,303,315,12.0,34,18325
MSpppaa,217,308,314,12.1,31,16479
MSpppaa,218,312,313,11.2,34,19091
MSpppaa,219,312,314,12.0,31,16761
MSpppaa,220,315,316,12.1,34,13336
MSpppap,160,334,320,11.1,30,16816
MSpppap,161,341,321,11.0,33,13183
MSpppap,162,348,325,11.0,35,12094
MSpppap,163,346,322,11.0,35,13075
MSpppap,164,345,324,10.9,35,11198
MSpppap,165,348,326,11.1,35,12715
MSpppap,166,348,329,11.1,35,11886
MSpppap,167,348,329,11.0,35,12650
MSpppap,168,346,326,11.0,35,11906
MSpppap,169,344,330,10.8,35,11982
MSpppap,170,345,330,11.0,35,10407
MSpppap,171,344,328,10.8,35,10447
MSpppap,172,343,327,10.9,35,14881
MSpppap,173,342,326,10.8,35,8647
MSpppap,174,341,325,10.2,35,13018
MSpppap,175,341,323,10.2,35,16185
MSpppap,176,342,326,10.2,35,14559
MSpppap,177,341,325,10.1,35,14204
MSpppap,178,342,320,10.0,35,12722
MSpppap,179,340,322,10.1,37,11555
MSpppap,180,338,327,10.0,37,13517
MSpppap,181,334,329,10.1,35,15947
MSpppap,182,329,330,10.2,34,16282
MSpppap,183,332,329,10.2,36,14469
MSpppap,184,328,336,10.3,37,14701
MSpppap,185,327,338,10.3,36,20166
MSpppap,186,329,340,10.2,35,17392
MSpppap,187,327,337,10.2,34,21907
MSpppap,188,331,335,10.3,31,19612
MSpppap,189,333,338,11.1,34,15434
MSpppap,190,331,338,11.0,31,22969
MSpppap,191,331,339,11.0,31,21300
MSpppap,192,331,341,11.1,32,18855
MSpppap,193,331,342,11.1,32,16116
MSpppap,194,331,344,11.2,33,22465
MSpppap,195,332,346,11.2,34,17574
MSpppap,196,331,344,11.1,31,19244
MSpppap,197,329,344,11.0,34,20199
MSpppap,198,335,346,11.1,31,18153
MSpppap,199,333,344,11.0,34,21773
MSpppap,200,328,345,10.5,31,14055
MSpppap,201,329,344,11.1,34,17663
MSpppap,202,325,342,10.4,31,23845
MSpppap,203,326,342,11.1,34,19737
MSpppap,204,323,340,11.1,34,15568
MSpppap,205,323,340,11.1,34,13963
MSpppap,206,324,335,11.3,34,11173
MSpppap,207,327,333,11.2,31,20857
MSpppap,208,329,333,11.1,34,20288
MSpppap,209,328,332,10.4,31,23729
MSpppap,210,331,334,11.1,34,21056
MSpppap,211,328,338,11.1,31,22130
MSpppap,212,330,338,11.1,34,20678
MSpppap,213,328,338,11.1,31,19411
MSpppap,214,331,342,11.2,34,18526
MSpppap,215,331,343,11.1,31,17581
MSpppap,216,329,344,10.3,34,19380
MSpppap,217,327,347,10.4,31,22131
MSpppap,218,327,344,11.2,34,22340
MSpppap,219,323,346,11.0,31,21437
MSpppap,220,325,345,11.1,34,17329
MSpppp,113,471,204,9.0,34,4328
MSpppp,114,478,200,9.1,36,3484
MSpppp,115,477,194,8.5,38,2590
MSpppp,116,480,198,8.8,42,3775
MSpppp,117,479,202,9.0,42,3853
MSpppp,118,483,207,8.8,42,3558
MSpppp,119,476,217,8.1,40,3301
MSpppp,120,470,232,7.8,42,2824
MSpppp,121,468,244,7.2,42,3790
MSpppp,122,458,257,7.1,42,4073
MSpppp,123,450,263,7.2,42,5547
MSpppp,124,444,262,7.8,42,5453
MSpppp,125,440,267,7.2,42,3992
MSpppp,126,438,274,7.3,42,5002
MSpppp,127,434,282,7.9,42,5279
MSpppp,128,430,291,7.9,42,4363
MSpppp,129,429,296,7.8,42,5599
MSpppp,130,421,304,8.0,40,7873
MSpppp,131,419,307,8.1,42,7288
MSpppp,132,414,314,9.0,42,6397
MSpppp,133,407,313,8.8,42,6389
MSpppp,134,409,311,9.1,41,5834
MSpppp,135,403,307,9.1,41,7944
MSpppp,136,401,312,9.8,41,8193
MSpppp,137,401,317,9.9,40,7663
MSpppp,138,396,321,10.1,41,7929
MSpppp,139,392,323,10.9,38,8222
MSpppp,140,390,324,10.4,41,10751
MSpppp,141,387,326,11.2,39,9121
MSpppp,142,386,327,11.9,37,8104
MSpppp,143,384,325,12.1,39,7163
MSpppp,144,384,327,12.2,39,8595
MSpppp,145,379,324,12.2,39,7222
MSpppp,146,378,323,12.3,38,10071
MSpppp,147,378,327,13.0,38,11270
MSpppp,148,381,329,13.1,38,8649
MSpppp,149,377,331,13.3,38,9250
MSpppp,150,376,331,14.1,38,7010
MSpppp,151,375,332,13.2,38,10595
MSpppp,152,373,333,13.4,38,8654
MSpppp,153,372,335,14.0,38,10740
MSpppp,154,372,335,13.2,38,13375
MSpppp,155,375,334,13.3,38,10981
MSpppp,156,373,337,13.2,38,12090
MSpppp,157,372,334,13.2,38,10870
MSpppp,158,370,335,13.2,38,10556
MSpppp,159,372,336,13.3,38,12540
MSpppp,160,365,336,13.4,38,15118
MSpppp,161,368,345,14.0,39,13503
MSpppp,162,368,342,14.0,37,17863
MSpppp,163,371,344,15.0,35,18079
MSpppp,164,366,348,15.0,35,21565
MSppppa,165,350,361,14.1,35,13409
MSppppa,166,344,356,14.8,35,12116
MSppppa,167,345,360,15.0,35,10682
MSppppa,168,340,355,14.9,35,13113
MSppppa,169,342,354,15.0,35,14068
MSppppa,170,341,351,14.9,35,11908
MSppppa,171,341,356,14.0,26,14669
MSppppa,172,334,349,14.1,35,13262
MSppppa,173,334,350,14.9,35,15086
MSppppa,174,334,353,15.0,35,15093
MSppppa,175,336,354,15.0,35,14565
MSppppa,176,336,358,15.0,37,15011
MSppppa,177,336,355,14.9,35,20402
MSppppa,178,335,358,14.1,35,17959
MSppppa,179,334,358,14.2,37,17321
MSppppa,180,328,356,14.9,35,18851
MSppppa,181,329,355,14.2,35,15058
MSppppa,182,326,353,14.0,34,25219
MSppppa,183,324,355,14.1,34,19906
MSppppa,184,321,360,14.1,35,18866
MSppppa,185,323,362,15.0,36,21264
MSppppa,186,324,362,15.0,33,24263
MSppppa,187,321,360,14.2,34,18974
MSppppa,188,321,358,15.1,31,28666
MSppppa,189,320,356,15.0,34,24388
MSppppa,190,319,356,15.0,31,30252
MSppppa,191,315,358,14.2,34,23577
MSppppa,192,309,358,14.2,31,28255
MSppppa,193,310,361,14.2,34,26105
MSppppa,194,309,358,14.1,31,32343
MSppppa,195,311,359,14.2,34,22828
MSppppa,196,307,359,15.0,31,40406
MSppppa,197,308,356,14.3,34,29744
MSppppa,198,309,352,15.0,31,33789
MSppppa,199,305,351,14.2,34,36430
MSppppa,200,302,350,14.2,31,34773
MSppppa,201,303,351,14.2,34,37363
MSppppa,202,299,349,14.2,31,33264
MSppppa,203,301,346,15.1,34,37594
MSppppa,204,301,345,15.0,34,45020
MSppppa,205,298,343,15.1,31,42043
MSppppa,206,299,344,15.1,34,39941
MSppppa,207,300,344,15.2,31,42169
MSppppa,208,308,351,15.2,34,43276
MSppppa,209,305,347,15.2,31,47056
MSppppa,210,304,350,15.1,34,49382
MSppppa,211,300,344,14.4,31,45173
MSppppa,212,298,346,14.4,34,48256
MSppppa,213,301,346,14.3,31,50218
MSppppa,214,301,348,14.2,34,51293
MSppppa,215,295,346,14.2,31,57259
MSppppa,216,293,345,14.2,34,50081
MSppppa,217,289,343,14.1,31,58056
MSppppa,218,292,343,14.2,34,51700
MSppppa,219,292,345,14.1,31,57793
MSppppa,220,293,347,14.2,34,55172
MSppppp,165,389,331,14.1,35,10729
MSppppp,166,395,327,14.9,35,8612
MSppppp,167,394,327,15.0,35,10960
MSppppp,168,390,327,15.1,35,12625
MSppppp,169,391,328,15.0,35,11619
MSppppp,170,390,327,15.1,35,11836
MSppppp,171,389,330,15.9,35,8917
MSppppp,172,384,329,15.1,35,13588
MSppppp,173,384,334,15.9,35,18045
MSppppp,174,381,331,15.9,35,14037
MSppppp,175,381,336,16.8,35,15523
MSppppp,176,380,333,16.0,35,13681
MSppppp,177,379,336,16.2,35,12498
MSppppp,178,376,336,16.1,35,16133
MSppppp,179,372,341,16.3,37,14907
MSppppp,180,371,340,16.1,37,15250
MSppppp,181,369,342,16.0,37,14217
MSppppp,182,364,337,16.0,34,19690
MSppppp,183,368,345,16.3,38,15714
MSppppp,184,361,347,16.4,37,18004
MSppppp,185,364,349,17.1,36,20810
MSppppp,186,364,349,17.1,35,20602
MSppppp,187,363,349,17.1,34,22466
MSppppp,188,364,352,17.2,31,23031
MSppppp,189,364,350,17.1,34,17186
MSppppp,190,355,346,18.1,31,20858
MSppppp,191,356,348,18.2,34,19075
MSppppp,192,353,343,18.4,31,17097
MSppppp,193,354,346,17.0,34,21912
MSppppp,194,352,346,17.0,31,26743
MSppppp,195,360,345,16.3,34,21632
MSppppp,196,357,345,16.2,31,29884
MSppppp,197,358,347,17.1,34,26524
MSppppp,198,359,348,17.1,31,31725
MSppppp,199,353,350,17.0,34,26023
MSppppp,200,352,348,17.1,31,34439
MSppppp,201,347,350,17.1,34,30895
MSppppp,202,342,348,17.1,31,33274
MSppppp,203,342,350,17.2,34,25017
MSppppp,204,341,348,17.2,34,27571
MSppppp,205,336,350,17.2,31,30490
MSppppp,206,339,354,17.2,34,30384
MSppppp,207,340,352,17.1,31,34317
MSppppp,208,343,352,18.1,34,29981
MSppppp,209,339,350,18.0,31,31511
MSppppp,210,341,352,17.2,34,24391
MSppppp,211,337,350,17.3,31,34602
MSppppp,212,336,348,18.1,34,36867
MSppppp,213,338,348,17.3,31,36998
MSppppp,214,334,348,18.0,34,36034
MSppppp,215,331,348,18.0,31,34985
MSppppp,216,331,348,18.1,34,33010
MSppppp,217,327,345,18.1,31,40781
MSppppp,218,329,347,17.2,34,37878
MSppppp,219,328,347,18.0,31,42638
MSppppp,220,327,346,18.1,34,41704
E,8,417,158,14.2,34,-384
E,9,419,161,15.0,43,846
E,10,420,162,13.2,63,170
E,11,431,165,13.8,67,-516
E,12,449,168,14.4,68,-179
E,13,450,175,14.3,73,-438
E,14,460,180,13.3,75,10
E,15,447,177,13.1,74,-592
E,16,450,181,12.0,70,-313
E,17,450,181,11.9,73,-842
E,18,446,177,11.6,73,-632
E,19,450,171,12.4,67,-743
E,20,451,151,16.2,59,-80
E,21,459,148,16.2,57,-535
E,22,461,161,16.2,60,-461
E,23,465,172,17.0,61,-712
E,24,464,173,16.3,63,-503
E,25,446,184,16.1,54,-51
E,26,458,167,15.0,38,-1734
Ea,27,432,159,13.3,35,429
Ea,28,426,150,13.1,39,-198
Ea,29,428,146,14.1,52,-1548
Ea,30,419,141,14.5,57,-289
Ea,31,401,143,13.8,59,-703
Ea,32,391,147,13.9,62,-270
Ea,33,395,138,13.9,61,-826
Ea,34,402,138,13.9,63,-464
Ea,35,416,146,13.9,64,-589
Ea,36,416,151,14.7,62,-728
Ea,37,418,152,14.2,62,-604
Ea,38,414,157,13.2,64,-573
Ea,39,401,155,13.2,60,-557
Ea,40,395,160,13.2,58,-695
Ea,41,392,172,13.1,50,-474
Ea,42,389,171,14.0,50,63
Ea,43,395,168,14.2,52,-937
Ea,44,390,171,16.0,56,-621
Ea,45,386,170,16.1,59,-477
Ea,46,389,173,16.3,61,-556
Ea,47,389,181,16.3,61,-317
Ea,48,386,178,16.0,62,-405
Ea,49,379,178,16.0,60,-367
Ea,50,382,185,14.2,59,18
Ea,51,380,195,13.2,61,-825
Ea,52,376,196,13.2,61,-561
Ea,53,374,200,12.1,63,-520
Ea,54,374,198,12.1,63,-728
Ea,55,374,199,11.2,64,-514
Ea,56,374,204,11.1,64,-566
Ea,57,366,204,11.1,65,-2
Ea,58,367,208,11.1,64,-881
Ea,59,367,211,10.4,64,-789
Ea,60,371,210,10.3,60,132
Ea,61,370,210,10.3,62,-561
Ea,62,368,212,10.4,62,-620
Ea,63,369,217,10.4,61,-334
Ea,64,372,220,11.1,59,-1099
Ea,65,379,219,12.0,58,-38
Ea,66,366,235,10.4,53,-795
Eal,67,357,225,13.2,36,-704
Eal,68,355,217,14.2,49,-265
Eal,69,347,213,14.9,49,60
Eal,70,349,211,15.9,50,8
Eal,71,341,210,17.1,50,327
Eal,72,344,209,17.9,50,-123
Eal,73,351,214,17.2,53,-265
Eal,74,346,218,17.2,53,-628
Eal,75,346,214,17.1,55,681
Eal,76,342,218,16.3,57,653
Eal,77,344,218,16.2,54,109
Eal,78,347,220,16.1,54,23
Eal,79,350,226,15.2,56,728
Eal,80,347,222,15.0,53,251
Eal,81,349,216,14.1,53,790
Eal,82,353,215,14.1,53,514
Eal,83,350,215,13.4,53,153
Eal,84,354,212,13.3,53,534
Eal,85,348,213,13.2,54,464
Eal,86,345,214,13.2,52,459
Eal,87,345,212,13.1,54,938
Eal,88,343,213,13.0,54,-274
Eal,89,339,216,13.2,53,710
Eal,90,340,216,13.2,51,942
Eal,91,337,220,13.2,53,1027
Eal,92,333,222,13.2,53,1339
Eal,93,333,221,13.0,53,947
Eal,94,328,223,12.3,53,1764
Eal,95,326,220,12.3,53,1491
Eal,96,326,222,12.2,52,904
Eal,97,330,214,12.2,50,1942
Eal,98,327,215,13.1,48,2675
Eal,99,325,218,13.2,46,2170
Eal,100,326,222,12.2,45,1848
Eal,101,333,222,12.1,44,826
Eal,102,333,222,12.1,44,3094
Eal,103,331,230,12.1,42,2816
Eal,104,330,238,13.1,45,2479
Eal,105,329,240,13.2,46,3359
Eal,106,327,242,13.1,44,2280
Eal,107,321,243,13.0,44,1758
Eal,108,320,235,14.2,46,4161
Eal,109,320,237,14.2,46,5602
Eal,110,322,234,15.0,46,5943
Eal,111,324,240,14.1,45,4835
Eal,112,325,240,15.0,46,3889
Eal,113,324,244,14.3,46,4079
Eal,114,326,247,15.1,46,4092
Eal,115,331,243,15.0,44,8455
Eal,116,327,233,16.0,42,5367
Eal,117,330,236,14.9,42,11393
Eala,118,307,256,15.0,42,3710
Eala,119,303,257,15.0,42,4445
Eala,120,297,260,16.0,42,4998
Eala,121,295,257,15.3,46,3495
Eala,122,295,258,16.1,44,5721
Eala,123,294,256,15.3,46,5180
Eala,124,293,257,16.0,46,4518
Eala,125,288,252,16.0,44,4337
Eala,126,286,252,16.2,46,4999
Eala,127,283,256,16.0,46,5252
Eala,128,288,250,16.1,46,6380
Eala,129,283,252,15.2,46,4626
Eala,130,284,248,17.0,46,5604
Eala,131,286,247,16.1,46,5602
Eala,132,284,238,16.9,46,6116
Eala,133,286,238,17.0,46,6390
Eala,134,288,235,17.1,45,7398
Eala,135,290,234,17.1,45,9037
Eala,136,293,229,17.1,45,8372
Eala,137,295,227,16.2,44,8429
Eala,138,293,223,16.1,41,7901
Eala,139,290,221,17.1,42,8380
Eala,140,293,224,17.0,41,10335
Eala,141,287,226,17.0,41,8440
Eala,142,291,227,17.0,41,9702
Eala,143,296,229,18.0,39,8856
Eala,144,298,230,17.2,39,7123
Eala,145,299,227,17.0,39,4287
Eala,146,297,227,18.1,38,8270
Eala,147,295,221,18.1,38,6472
Eala,148,290,223,18.0,38,8238
Eala,149,287,221,18.1,38,10308
Eala,150,288,217,18.1,38,8649
Eala,151,286,216,18.2,38,8025
Eala,152,292,216,19.0,38,8103
Eala,153,290,220,18.1,38,12396
Eala,154,294,215,18.2,38,6986
Eala,155,283,223,18.0,38,10304
Eala,156,283,223,18.0,38,8685
Eala,157,289,225,18.1,38,8977
Eala,158,285,226,18.1,38,6934
Eala,159,279,225,17.1,38,5585
Eala,160,282,224,17.1,38,9430
Eala,161,283,233,17.1,39,11597
Eala,162,283,235,17.0,39,12409
Eala,163,283,235,17.0,39,10440
Eala,164,276,230,18.0,39,11562
Eala,165,276,230,18.0,39,9912
Eala,166,281,236,18.0,39,9323
Eala,167,279,234,18.0,39,8288
Eala,168,279,234,18.0,39,15065
Eala,169,279,210,20.0,26,2347
Eala,170,279,210,20.0,26,2782
Eala,171,278,236,18.0,39,9948
Eala,172,274,236,17.0,39,6701
Eala,173,274,236,17.0,39,7327
Eala,174,287,237,20.1,26,7273
Eala,175,287,237,20.1,26,6047
Eala,176,276,234,19.0,26,8444
Eala,177,282,229,20.0,26,7125
Eala,178,287,233,19.0,39,8406
Eala,179,276,234,20.0,26,5910
Eala,180,293,230,20.0,26,8582
Eala,181,293,230,20.0,26,5705
Eala,182,289,240,19.0,26,17668
Eala,183,291,237,19.1,38,18005
Eala,184,293,231,21.0,37,10212
Eala,185,292,232,20.0,36,16269
Eala,186,291,230,19.0,35,17047
Eala,187,300,229,20.0,34,19392
Eala,188,313,230,19.0,31,20436
Eala,189,315,223,20.0,26,14604
Eala,190,321,227,19.2,31,20554
Eala,191,320,227,19.0,34,18639
Eala,192,320,226,18.1,31,17162
Eala,193,326,239,18.0,30,33982
Eala,194,332,234,19.0,31,30701
Ealaa,195,304,238,20.0,30,26518
Ealaa,196,301,236,19.1,31,22745
Ealaa,197,301,236,19.1,31,21255
Ealaa,198,303,234,18.0,31,9641
Ealaa,199,298,234,19.0,26,13440
Ealaa,200,298,233,19.0,26,11251
Ealaa,201,297,231,19.0,27,19082
Ealaa,202,297,229,19.0,28,18575
Ealaa,203,296,228,19.0,28,16532
Ealaa,204,296,226,19.0,29,15194
Ealaa,205,295,224,19.0,30,16852
Ealaa,206,295,225,19.1,30,15825
Ealaa,207,295,227,19.3,30,13134
Ealaa,208,295,229,19.4,30,9551
Ealaa,209,295,231,19.6,30,9619
Ealaa,210,295,233,19.7,30,15281
Ealaa,211,295,235,19.9,30,19397
Ealaa,212,294,237,20.0,30,21225
Ealaa,213,294,237,19.9,30,21203
Ealaa,214,295,237,19.8,30,20263
Ealaa,215,296,237,19.6,30,21186
Ealaa,216,297,237,19.5,30,23871
Ealaa,217,297,237,19.4,30,18732
Ealaa,218,298,237,19.3,30,13819
Ealaa,219,299,237,19.1,30,18517
Ealaa,220,300,237,19.0,30,18053
Ealap,195,361,240,19.1,32,22939
Ealap,196,360,239,19.1,29,22741
Ealap,197,362,238,19.2,32,19892
Ealap,198,360,244,18.2,31,19359
Ealap,199,356,246,19.0,34,22272
Ealap,200,352,241,18.0,31,16192
Ealap,201,356,243,19.1,34,15234
Ealap,202,357,243,18.1,31,18889
Ealap,203,356,243,19.0,34,16426
Ealap,204,356,244,20.0,34,15468
Ealap,205,351,246,19.2,31,17741
Ealap,206,350,246,20.0,30,13034
Ealap,207,351,258,20.9,29,10422
Ealap,208,348,256,20.1,34,12968
Ealap,209,343,252,20.1,29,18813
Ealap,210,352,252,20.0,34,11955
Ealap,211,343,253,21.1,31,12861
Ealap,212,348,249,19.1,34,11915
Ealap,213,352,249,21.1,29,9958
Ealap,214,346,252,20.0,32,14328
Ealap,215,350,245,20.1,31,16077
Ealap,216,354,253,20.0,30,13728
Ealap,217,350,249,20.1,31,21142
Ealap,218,349,250,20.1,30,14916
Ealap,219,348,251,20.0,31,16828
Ealap,220,348,253,19.0,30,17892
Ealp,118,354,222,15.0,36,9505
Ealp,119,356,222,15.9,42,4518
Ealp,120,357,225,15.8,42,6006
Ealp,121,356,224,15.0,42,7435
Ealp,122,357,222,15.1,42,7717
Ealp,123,356,220,14.2,44,5282
Ealp,124,354,222,14.2,44,6267
Ealp,125,350,224,14.3,44,6541
Ealp,126,346,220,14.9,42,5092
Ealp,127,348,228,15.0,42,7837
Ealp,128,346,227,14.4,44,6769
Ealp,129,345,231,15.1,42,8073
Ealp,130,341,230,15.1,44,6793
Ealp,131,346,228,15.1,42,8863
Ealp,132,347,224,15.1,46,8207
Ealp,133,353,224,15.3,46,6691
Ealp,134,362,219,16.0,45,7296
Ealp,135,362,220,15.2,45,8913
Ealp,136,359,222,15.2,43,12871
Ealp,137,356,218,14.3,44,9548
Ealp,138,352,221,15.1,43,12869
Ealp,139,350,220,14.2,42,10499
Ealp,140,355,224,15.2,41,10954
Ealp,141,353,230,15.2,41,11841
Ealp,142,349,230,16.0,41,7838
Ealp,143,351,232,17.0,39,7857
Ealp,144,354,234,16.2,39,14213
Ealp,145,356,234,17.1,39,9634
Ealp,146,358,227,17.1,38,8951
Ealp,147,353,222,18.0,38,9019
Ealp,148,355,224,17.1,38,12611
Ealp,149,352,218,17.1,38,8660
Ealp,150,352,219,18.0,38,10203
Ealp,151,352,210,17.1,38,12017
Ealp,152,344,214,17.1,38,10264
Ealp,153,345,214,17.0,38,10169
Ealp,154,342,217,16.1,38,13673
Ealp,155,343,216,16.0,38,15727
Ealp,156,345,219,16.1,38,16880
Ealp,157,342,218,15.1,38,15351
Ealp,158,342,214,16.0,38,17916
Ealp,159,345,207,16.1,38,13564
Ealp,160,346,204,17.0,38,15061
Ealp,161,345,211,16.1,39,13077
Ealp,162,345,210,17.1,39,17346
Ealp,163,344,211,17.1,39,14509
Ealp,164,345,213,17.1,39,15003
Ealp,165,336,212,17.0,39,11673
Ealp,166,341,212,17.1,39,12860
Ealp,167,339,210,16.1,39,17907
Ealp,168,339,215,16.1,39,17131
Ealp,169,339,213,16.0,39,17273
Ealp,170,335,213,17.0,39,13295
Ealp,171,336,214,16.2,39,17583
Ealp,172,333,223,16.1,39,18542
Ealp,173,337,222,16.1,39,17855
Ealp,174,333,217,15.1,39,14562
Ealp,175,335,217,16.1,39,18099
Ealp,176,331,218,16.0,39,20077
Ealp,177,335,218,17.0,39,17748
Ealp,178,329,216,15.1,39,15672
Ealp,179,335,216,16.0,39,18611
Ealp,180,338,217,15.0,39,16432
Ealp,181,339,210,16.0,39,22207
Ealp,182,339,207,16.0,38,22249
Ealp,183,338,204,16.1,38,19529
Ealp,184,340,203,15.1,37,18777
Ealp,185,340,204,16.1,36,19180
Ealp,186,337,208,16.1,35,14439
Ealp,187,339,207,16.1,34,21695
Ealp,188,339,207,16.1,34,21967
Ealp,189,337,204,15.6,33,18673
Ealp,190,335,200,15.0,31,17301
Ealp,191,342,205,14.0,34,16705
Ealp,192,348,212,15.0,31,23710
Ealp,193,348,211,14.1,34,24082
Ealp,194,351,207,14.0,31,25777
Ealp,195,352,206,14.0,34,24778
Ealp,196,340,210,16.0,31,21799
Ealp,197,347,206,15.1,34,24164
Ealp,198,347,207,15.0,31,28729
Ealp,199,349,212,15.0,34,29156
Ealp,200,346,210,14.1,31,27403
Ealp,201,349,204,14.1,34,27636
Ealp,202,345,205,15.0,31,32526
Ealp,203,347,204,15.1,34,33429
Ealp,204,342,205,15.0,34,31144
Ealp,205,344,209,15.0,31,27619
Ealp,206,346,216,16.0,32,43767
Ealp,207,345,216,16.0,29,53897
Ealpa,208,318,212,16.0,30,42114
Ealpa,209,316,212,15.4,30,41940
Ealpa,210,314,212,14.7,30,24641
Ealpa,211,312,211,14.1,31,14404
Ealpa,212,312,208,15.0,26,20596
Ealpa,213,313,209,17.0,26,13882
Ealpa,214,313,210,16.7,26,23073
Ealpa,215,313,212,16.4,26,16355
Ealpa,216,313,214,16.1,26,17324
Ealpa,217,313,214,16.1,26,16523
Ealpa,218,314,213,16.0,26,24387
Ealpa,219,314,213,16.0,26,29137
Ealpa,220,318,214,15.1,26,19044
Ealpp,208,362,217,16.3,32,25188
Ealpp,209,367,218,16.2,31,31296
Ealpp,210,369,219,17.1,34,24954
Ealpp,211,370,224,17.1,31,21600
Ealpp,212,373,224,16.1,34,18697
Ealpp,213,370,217,16.1,31,19318
Ealpp,214,364,224,15.1,34,18459
Ealpp,215,365,222,15.2,31,21923
Ealpp,216,363,225,15.1,32,19913
Ealpp,217,365,224,15.1,31,22006
Ealpp,218,363,223,16.1,34,20828
Ealpp,219,364,227,15.2,31,23368
Ealpp,220,364,222,15.0,32,18531
Ear,67,359,249,10.7,49,-223
Ear,68,367,270,9.9,49,-484
Ear,69,370,274,10.0,49,-335
Ear,70,370,280,10.1,50,-60
Ear,71,372,292,10.0,50,-453
Ear,72,373,303,9.8,50,38
Ear,73,373,297,9.9,51,-280
Ear,74,371,297,10.1,51,108
Ear,75,374,303,10.9,51,-263
Ear,76,374,299,11.1,53,125
Ear,77,372,304,11.3,52,703
Ear,78,366,303,11.3,50,-78
Ear,79,362,304,12.0,52,247
Ear,80,363,304,12.2,53,567
Ear,81,362,304,12.2,53,1095
Ear,82,365,297,12.2,53,512
Ear,83,365,296,12.0,53,647
Ear,84,368,295,11.9,49,418
Ear,85,369,293,11.4,52,1222
Ear,86,366,291,11.4,54,1219
Ear,87,369,292,11.9,50,1243
Ear,88,365,291,11.4,54,1442
Ear,89,365,286,11.4,53,551
Ear,90,369,289,11.3,53,377
Ear,91,369,288,11.2,53,1429
Ear,92,371,286,11.4,53,1008
Ear,93,371,281,11.4,53,1402
Ear,94,370,278,11.4,53,1524
Ear,95,368,278,11.4,53,2119
Ear,96,372,275,11.3,50,1935
Ear,97,379,270,11.2,50,2752
Ear,98,377,267,12.0,48,3166
Ear,99,376,263,12.2,46,3507
Ear,100,377,266,12.1,45,3067
Ear,101,384,269,12.2,44,3703
Ear,102,392,273,12.1,44,1974
Ear,103,391,273,13.0,44,3536
Ear,104,391,283,13.0,45,3522
Ear,105,385,280,13.1,46,3721
Ear,106,386,282,13.1,46,2046
Ear,107,390,286,13.2,46,3914
Ear,108,388,281,14.0,46,3559
Ear,109,389,282,14.1,46,4893
Ear,110,388,282,14.0,46,4848
Ear,111,385,284,13.2,45,5102
Ear,112,382,288,13.2,46,5118
Ear,113,380,291,13.0,46,7129
Ear,114,380,290,12.3,46,5527
Ear,115,381,296,13.1,46,6086
Ear,116,380,292,14.0,46,6171
Ear,117,383,294,14.1,44,7313
Ear,118,377,292,13.9,42,9106
Eara,119,359,310,13.2,40,6954
Eara,120,344,315,13.0,42,6189
Eara,121,338,318,13.1,42,7836
Eara,122,334,319,13.8,42,6942
Eara,123,331,316,13.1,42,5947
Eara,124,326,324,13.3,44,3883
Eara,125,323,323,14.1,44,7167
Eara,126,312,319,14.1,46,6228
Eara,127,313,318,14.1,46,6428
Eara,128,310,314,14.2,46,4809
Eara,129,310,313,15.0,46,5289
Eara,130,309,309,16.0,46,5779
Eara,131,309,307,16.0,46,5871
Eara,132,310,305,16.0,46,6979
Eara,133,305,302,16.1,46,4997
Eara,134,304,304,16.1,45,6584
Eara,135,309,301,17.1,45,7270
Eara,136,309,294,17.0,45,6365
Eara,137,309,293,17.1,44,5233
Eara,138,308,287,16.1,43,4469
Eara,139,309,288,17.1,42,3161
Eara,140,304,292,17.0,26,3781
Eara,141,304,290,16.0,41,6133
Eara,142,303,295,17.0,41,8039
Eara,143,301,296,16.0,39,2054
Eara,144,298,301,17.0,39,7614
Eara,145,303,295,17.0,39,5427
Eara,146,298,296,18.0,38,7761
Eara,147,298,290,17.1,38,6318
Eara,148,295,284,16.1,38,3786
Eara,149,296,284,16.0,38,7219
Eara,150,293,277,17.2,26,5331
Eara,151,290,279,17.1,38,7588
Eara,152,282,274,17.1,38,8712
Eara,153,288,280,18.0,38,9312
Eara,154,276,278,18.0,38,6353
Eara,155,276,280,17.1,38,10681
Eara,156,284,281,18.0,38,10184
Eara,157,278,283,18.1,38,9769
Eara,158,273,282,18.1,26,5779
Eara,159,284,282,18.1,38,14441
Eara,160,283,286,17.0,38,10189
Eara,161,277,290,18.0,39,10557
Eara,162,285,287,17.0,26,5281
Eara,163,285,288,17.0,30,9267
Eara,164,285,289,17.0,34,9776
Eara,165,286,290,17.0,39,10880
Eara,166,281,290,17.0,39,14749
Eara,167,281,290,17.1,38,12520
Eara,168,281,291,17.3,37,13648
Eara,169,281,291,17.4,36,14373
Eara,170,282,292,17.6,34,14315
Eara,171,282,292,17.7,33,11650
Eara,172,282,293,17.9,32,17339
Eara,173,283,294,18.0,30,11488
Eara,174,283,294,18.0,30,7416
Eara,175,284,294,18.0,30,9036
Eara,176,285,295,18.0,30,19486
Eara,177,285,295,18.0,30,13118
Eara,178,286,296,18.0,30,15075
Eara,179,287,296,18.0,30,15645
Eara,180,288,297,18.0,30,15996
Eara,181,288,296,18.0,30,19511
Eara,182,288,295,18.0,30,14135
Eara,183,288,294,18.0,30,16069
Eara,184,288,292,18.0,30,11773
Eara,185,288,291,18.0,30,18944
Eara,186,288,290,18.0,30,18366
Eara,187,288,289,18.0,30,20725
Eara,188,289,287,18.0,30,19439
Eara,189,291,288,18.0,30,12110
Eara,190,294,290,18.0,29,12540
Eara,191,297,291,18.0,29,7933
Eara,192,300,293,18.0,28,17836
Eara,193,303,294,18.0,28,20902
Eara,194,306,296,18.0,27,15499
Eara,195,309,298,18.0,26,13760
Eara,196,307,296,18.0,31,16291
Eara,197,300,290,17.1,34,23779
Eara,198,295,294,17.0,31,26395
Eara,199,300,295,18.1,34,27234
Eara,200,299,302,18.0,31,15041
Eara,201,308,294,19.0,26,18171
Eara,202,308,294,19.0,26,23060
Eara,203,310,290,19.0,34,41750
Eara,204,310,295,18.1,32,48265
Earaa,205,294,291,19.0,30,35863
Earaa,206,290,294,18.7,29,42158
Earaa,207,286,297,18.3,28,34268
Earaa,208,282,300,18.0,26,32285
Earaa,209,280,296,18.1,26,17673
Earaa,210,283,305,19.0,34,21407
Earaa,211,283,305,19.0,34,19841
Earaa,212,285,303,18.7,34,17169
Earaa,213,287,300,18.4,33,16334
Earaa,214,289,298,18.1,33,18788
Earaa,215,291,295,17.9,32,22629
Earaa,216,293,293,17.6,32,15370
Earaa,217,295,290,17.3,31,29150
Earaa,218,297,287,17.0,30,24076
Earaa,219,297,287,17.0,30,25748
Earaa,220,298,287,17.0,30,23807
Earap,205,340,297,19.1,31,19623
Earap,206,345,300,19.0,32,27537
Earap,207,353,302,18.1,31,27692
Earap,208,350,298,18.0,34,19175
Earap,209,343,289,18.0,31,17486
Earap,210,343,296,17.0,34,17706
Earap,211,340,296,17.1,31,28566
Earap,212,341,292,17.1,34,21313
Earap,213,332,296,17.2,31,19686
Earap,214,341,288,17.1,34,21563
Earap,215,338,296,17.2,31,22773
Earap,216,336,295,17.1,34,21931
Earap,217,341,295,17.1,31,21402
Earap,218,345,297,17.1,34,22408
Earap,219,346,296,17.1,31,19724
Earap,220,346,295,17.1,34,20196
Earp,119,390,277,14.9,42,5921
Earp,120,391,276,14.2,36,7760
Earp,121,391,278,14.9,42,5967
Earp,122,392,270,15.0,42,5800
Earp,123,394,267,14.2,44,5383
Earp,124,394,267,14.9,42,4382
Earp,125,396,268,14.2,44,6169
Earp,126,392,271,14.9,42,6776
Earp,127,392,278,15.1,44,6369
Earp,128,390,280,14.2,46,5363
Earp,129,384,278,14.3,46,5791
Earp,130,374,287,15.1,46,6678
Earp,131,377,289,15.0,46,7625
Earp,132,374,287,15.1,46,7328
Earp,133,378,289,15.1,46,6887
Earp,134,378,288,16.0,45,8008
Earp,135,380,283,15.2,45,7190
Earp,136,378,282,15.3,45,7725
Earp,137,376,286,15.2,44,9428
Earp,138,373,291,15.1,43,8217
Earp,139,372,297,15.0,42,7861
Earp,140,362,304,15.1,41,5762
Earp,141,368,310,15.0,41,8447
Earp,142,369,302,16.1,41,10529
Earp,143,374,314,14.0,26,419
Earp,144,373,310,15.0,39,5895
Earp,145,370,308,15.5,39,7549
Earp,146,366,306,16.0,39,6877
Earp,147,363,304,16.5,39,10418
Earp,148,359,302,17.0,38,12128
Earp,149,352,304,16.0,38,12849
Earp,150,352,301,17.0,38,12526
Earp,151,351,306,16.1,38,10139
Earp,152,352,299,16.1,38,15867
Earp,153,351,309,16.1,38,12243
Earp,154,351,307,17.0,38,12800
Earp,155,356,303,16.1,38,13960
Earp,156,363,308,16.0,26,3660
Earp,157,348,297,15.1,38,12242
Earp,158,351,291,16.1,38,16909
Earp,159,354,291,14.0,38,11958
Earp,160,353,287,14.0,38,16187
Earp,161,351,286,13.2,39,10955
Earp,162,349,282,14.2,39,16788
Earp,163,351,283,14.1,39,19576
Earp,164,344,280,13.2,39,14741
Earp,165,341,275,14.1,39,17266
Earp,166,339,279,13.1,39,18375
Earp,167,339,277,14.0,39,18785
Earp,168,340,281,14.0,39,17900
Earp,169,339,287,13.1,39,16354
Earp,170,340,279,15.1,39,16873
Earp,171,341,282,15.0,39,20541
Earp,172,340,283,14.2,39,19612
Earp,173,346,290,13.1,39,17600
Earp,174,345,292,14.1,39,22102
Earp,175,348,294,14.1,39,24434
Earp,176,344,297,14.1,39,21573
Earp,177,344,296,14.0,39,24022
Earp,178,341,295,14.0,39,21787
Earp,179,347,290,14.0,39,21671
Earp,180,344,291,12.0,39,18189
Earp,181,345,291,12.2,38,16629
Earp,182,346,291,12.3,36,19324
Earp,183,347,291,12.5,35,19871
Earp,184,348,291,12.7,33,22556
Earp,185,349,291,12.8,32,20963
Earp,186,350,290,13.0,30,19448
Earp,187,348,289,13.5,29,20625
Earp,188,346,288,14.1,28,25902
Earp,189,344,287,14.6,27,10473
Earp,190,342,286,15.1,26,15858
Earp,191,351,290,15.1,26,24458
Earp,192,348,284,13.0,31,11506
Earp,193,353,286,14.0,34,20671
Earp,194,357,287,15.0,31,26062
Earp,195,355,281,14.0,34,25901
Earp,196,353,280,14.1,31,23171
Earp,197,351,280,14.1,34,22598
Earp,198,357,285,14.0,31,27361
Earp,199,354,283,15.1,34,30918
Earp,200,354,277,14.1,31,26467
Earp,201,352,280,15.0,34,32592
Earp,202,351,272,15.0,26,24174
Earp,203,354,272,14.1,34,44898
Earp,204,365,271,14.1,34,46378
Earp,205,358,277,14.0,29,43366
Earpa,206,338,284,13.9,30,39248
Earpa,207,330,283,13.2,31,42372
Earpa,208,326,278,13.1,34,34643
Earpa,209,321,273,13.1,31,34339
Earpa,210,322,273,13.1,31,35279
Earpa,211,323,274,13.1,31,31245
Earpa,212,324,274,13.1,31,28965
Earpa,213,326,275,13.1,31,29504
Earpa,214,326,269,13.1,34,28535
Earpa,215,328,271,13.1,34,30042
Earpa,216,331,273,13.1,33,34879
Earpa,217,333,276,13.0,32,36018
Earpa,218,336,278,13.0,31,34383
Earpa,219,339,281,13.0,30,31173
Earpa,220,339,281,13.0,30,37509
Earpp,206,380,275,14.1,30,38682
Earpp,207,386,275,14.2,31,35133
Earpp,208,387,273,14.2,34,32515
Earpp,209,392,274,14.3,31,28633
Earpp,210,387,273,15.1,34,24504
Earpp,211,388,272,15.1,31,25066
Earpp,212,389,274,15.0,34,23374
Earpp,213,391,267,15.0,31,17039
Earpp,214,389,272,15.0,34,26877
Earpp,215,385,266,15.1,31,28246
Earpp,216,385,270,14.1,34,27507
Earpp,217,376,271,15.0,31,21567
Earpp,218,384,273,13.1,34,21864
Earpp,219,382,273,13.1,31,29836
Earpp,220,379,271,14.0,26,19291
Ep,27,481,173,16.1,37,123
Ep,28,494,171,15.1,41,52
Ep,29,498,173,16.3,39,-182
Ep,30,503,174,17.2,42,-725
Ep,31,502,167,17.9,59,111
Ep,32,501,167,17.9,62,183
Ep,33,499,160,18.9,61,-488
Ep,34,491,155,18.8,63,-856
Ep,35,488,153,19.0,62,-1054
Ep,36,479,157,20.0,62,-1067
Ep,37,471,158,20.9,60,-140
Ep,38,465,161,20.0,58,-941
Ep,39,460,154,19.1,56,-386
Ep,40,460,164,19.1,58,-601
Ep,41,459,176,18.1,50,-533
Ep,42,463,180,17.1,50,-87
Ep,43,467,185,17.2,52,-370
Ep,44,468,187,18.1,56,-528
Ep,45,469,188,18.0,59,-185
Ep,46,473,194,18.1,61,3
Ep,47,472,192,18.9,57,-868
Ep,48,471,191,18.0,62,-427
Ep,49,471,185,17.0,60,-3
Ep,50,470,183,16.3,59,6
Ep,51,461,188,16.2,61,-549
Ep,52,460,192,16.2,61,-577
Ep,53,456,198,15.2,63,-428
Ep,54,460,203,15.2,63,-913
Ep,55,460,201,15.3,62,-623
Ep,56,465,205,15.3,60,-743
Ep,57,459,213,14.2,65,-245
Ep,58,465,223,15.0,64,11
Ep,59,462,224,14.0,64,-402
Ep,60,467,222,13.3,62,-120
Ep,61,469,225,13.4,62,-516
Ep,62,470,224,13.4,62,-349
Ep,63,464,224,13.3,61,-572
Ep,64,469,227,13.3,59,-57
Ep,65,470,228,14.1,58,7
Ep,66,465,226,14.2,53,656
Ep,67,470,231,15.1,53,19
Ep,68,463,232,15.0,53,43
Ep,69,455,233,14.1,53,-25
Ep,70,452,237,14.2,56,-40
Ep,71,445,240,13.3,56,228
Ep,72,445,239,14.0,56,736
Ep,73,460,247,14.0,51,999
Epl,74,448,232,15.0,51,541
Epl,75,443,229,16.0,51,1070
Epl,76,445,227,17.9,51,-72
Epl,77,442,220,17.9,50,921
Epl,78,439,209,18.1,52,1838
Epl,79,427,206,18.0,50,1003
Epl,80,425,206,18.1,49,1901
Epl,81,425,210,17.2,53,1295
Epl,82,425,208,17.2,51,1794
Epl,83,428,209,16.3,53,662
Epl,84,425,206,16.3,51,1368
Epl,85,424,205,16.2,52,1385
Epl,86,417,208,16.2,54,1191
Epl,87,417,208,15.4,52,2648
Epl,88,415,206,15.3,52,1832
Epl,89,414,201,15.2,53,2731
Epl,90,414,206,16.1,53,2673
Epl,91,414,205,15.1,53,2781
Epl,92,411,208,15.1,53,3399
Epl,93,414,204,15.2,53,3985
Epl,94,412,207,15.3,53,3625
Epl,95,415,203,15.2,53,3053
Epl,96,420,202,15.2,52,3270
Epl,97,425,200,15.2,50,4854
Epl,98,418,200,16.1,48,3621
Epl,99,424,193,16.1,46,5301
Epl,100,429,193,16.0,45,6769
Epl,101,434,194,15.1,44,3431
Epl,102,427,194,16.0,44,5230
Epl,103,425,199,16.0,44,6001
Epl,104,426,198,16.1,45,6749
Epl,105,430,206,16.2,46,5616
Epl,106,428,209,17.0,46,4919
Epl,107,428,209,16.2,46,4018
Epl,108,425,205,16.2,46,5562
Epl,109,423,208,17.1,46,6275
Epl,110,421,210,18.0,46,4423
Epl,111,426,214,17.1,45,4492
Epl,112,422,218,17.1,46,5620
Epl,113,421,222,17.1,46,7050
Epl,114,425,221,17.1,46,6945
Epl,115,425,219,17.2,46,5943
Epl,116,422,215,17.0,46,8772
Epl,117,414,213,16.1,46,9160
Epl,118,421,212,15.1,46,9481
Epl,119,426,218,15.1,46,11168
Epl,120,427,212,15.1,46,11923
Epl,121,422,206,15.1,46,13677
Epl,122,422,205,15.0,46,11963
Epl,123,420,206,15.0,46,12127
Epl,124,418,204,14.2,46,14305
Epl,125,419,205,14.2,46,12636
Epl,126,417,206,14.2,46,12521
Epl,127,416,210,15.0,42,15704
Epl,128,421,203,15.0,34,19937
Epla,129,403,224,15.1,36,13634
Epla,130,399,229,15.8,42,12203
Epla,131,400,229,15.0,42,11315
Epla,132,403,230,15.1,42,11002
Epla,133,402,232,15.0,42,9960
Epla,134,403,230,15.2,43,12589
Epla,135,404,225,16.0,45,11023
Epla,136,401,223,15.2,45,7362
Epla,137,399,219,15.1,44,9122
Epla,138,397,217,14.3,43,11554
Epla,139,396,218,14.2,42,9150
Epla,140,397,224,14.1,41,9313
Epla,141,396,224,14.2,41,12152
Epla,142,395,219,15.1,41,10909
Epla,143,394,220,15.3,39,10748
Epla,144,394,219,16.1,39,10347
Epla,145,395,219,16.1,39,11825
Epla,146,395,219,16.1,39,11326
Epla,147,399,215,17.1,38,7766
Epla,148,398,216,18.0,38,6548
Epla,149,395,218,18.0,38,6838
Epla,150,401,217,18.1,38,10505
Epla,151,401,221,18.1,26,11690
Epla,152,394,227,19.0,38,10029
Epla,153,389,227,18.2,38,7356
Epla,154,395,233,19.0,38,9691
Epla,155,391,224,18.1,38,8103
Epla,156,396,220,19.0,38,9081
Epla,157,394,226,19.0,38,8351
Epla,158,401,216,18.1,38,11852
Epla,159,400,219,19.0,38,10837
Epla,160,393,231,19.0,34,7767
Epla,161,392,222,19.0,39,9691
Epla,162,396,227,19.1,39,10709
Epla,163,397,225,18.1,39,10497
Epla,164,393,236,18.2,39,10150
Epla,165,388,227,20.0,39,12322
Epla,166,388,227,20.0,39,12046
Epla,167,393,228,19.1,39,8631
Epla,168,390,222,19.0,39,10632
Epla,169,394,230,19.1,35,12186
Epla,170,394,228,18.1,26,8535
Epla,171,394,228,18.1,26,4541
Epla,172,401,227,18.1,37,9595
Epla,173,401,229,18.2,39,13162
Epla,174,398,225,18.2,39,13806
Epla,175,402,228,19.1,39,10824
Epla,176,401,229,21.0,26,2519
Epla,177,401,229,21.0,26,8317
Epla,178,401,235,21.0,24,4093
Epla,179,403,242,20.0,35,10511
Epla,180,405,241,18.9,35,12228
Epla,181,405,241,18.9,35,15894
Epla,182,411,237,20.0,34,12863
Epla,183,412,236,20.0,36,18717
Epla,184,409,239,20.0,33,16151
Epla,185,407,247,18.0,32,16811
Epla,186,415,238,21.1,33,19895
Epla,187,410,243,19.0,34,16224
Epla,188,415,244,19.0,31,16123
Epla,189,409,247,18.1,34,14006
Epla,190,405,247,18.1,31,17426
Epla,191,402,244,18.0,34,21911
Epla,192,404,240,18.0,31,20137
Epla,193,402,240,18.1,34,19466
Epla,194,408,238,17.0,31,21332
Epla,195,409,234,18.0,34,19613
Epla,196,411,239,17.0,31,28635
Epla,197,406,238,16.2,34,24250
Epla,198,408,241,16.2,31,28735
Epla,199,411,240,17.1,34,30498
Epla,200,412,241,17.1,31,33799
Epla,201,412,246,16.2,34,31503
Epla,202,410,241,17.1,31,41408
Epla,203,421,241,18.1,32,41437
Eplaa,204,401,239,19.1,32,30446
Eplaa,205,393,235,19.2,31,37625
Eplaa,206,392,236,19.1,30,30414
Eplaa,207,386,233,19.1,29,29544
Eplaa,208,393,241,20.0,34,22635
Eplaa,209,397,236,20.0,31,22062
Eplaa,210,397,236,20.0,31,18859
Eplaa,211,402,243,20.1,31,19952
Eplaa,212,403,232,19.1,34,21326
Eplaa,213,399,234,20.0,29,13316
Eplaa,214,400,239,19.0,30,17905
Eplaa,215,393,234,19.0,31,22231
Eplaa,216,394,238,19.0,32,22695
Eplaa,217,385,237,19.1,29,17616
Eplaa,218,386,240,19.0,30,15257
Eplaa,219,382,243,18.1,31,15748
Eplaa,220,386,250,18.0,34,19305
Eplap,204,440,239,17.1,30,34338
Eplap,205,444,234,16.9,29,43834
Eplap,206,446,238,16.1,34,31089
Eplap,207,449,237,15.2,31,31888
Eplap,208,451,242,16.0,34,31514
Eplap,209,454,239,17.0,31,32021
Eplap,210,446,239,17.0,34,29138
Eplap,211,441,237,18.0,31,21650
Eplap,212,439,237,17.1,30,23164
Eplap,213,440,236,18.0,29,17398
Eplap,214,432,235,17.0,34,29757
Eplap,215,435,233,17.1,31,25319
Eplap,216,436,236,16.9,30,24674
Eplap,217,436,236,16.9,30,25223
Eplap,218,433,233,15.9,30,23363
Eplap,219,432,233,16.1,31,27761
Eplap,220,434,233,17.1,32,21840
Eplp,129,444,191,14.2,36,13272
Eplp,130,455,195,14.0,38,13376
Eplp,131,461,197,13.9,42,12135
Eplp,132,467,203,13.8,42,12339
Eplp,133,473,197,13.2,46,8273
Eplp,134,478,199,13.2,45,10047
Eplp,135,480,201,13.2,45,10909
Eplp,136,473,215,13.1,45,11054
Eplp,137,468,218,13.1,44,9986
Eplp,138,465,220,14.0,43,10520
Eplp,139,458,219,13.1,42,11232
Eplp,140,462,217,14.0,41,11326
Eplp,141,458,217,14.1,41,10673
Eplp,142,457,217,14.1,41,12724
Eplp,143,450,206,14.2,39,8743
Eplp,144,448,207,15.0,39,11509
Eplp,145,444,208,14.1,39,8859
Eplp,146,450,208,15.1,38,9964
Eplp,147,448,211,15.1,38,10728
Eplp,148,453,208,15.1,38,7840
Eplp,149,455,213,17.0,38,8535
Eplp,150,462,211,17.0,38,10599
Eplp,151,462,214,17.0,38,10640
Eplp,152,463,210,18.0,26,6670
Eplp,153,458,220,16.1,38,9241
Eplp,154,461,221,17.1,38,12502
Eplp,155,461,216,18.0,38,8251
Eplp,156,460,216,17.1,38,9154
Eplp,157,465,226,17.1,38,12677
Eplp,158,469,227,18.0,38,10295
Eplp,159,471,224,17.1,38,11315
Eplp,160,479,226,18.0,38,11705
Eplp,161,475,225,17.1,39,13125
Eplp,162,476,225,17.1,39,12438
Eplp,163,479,231,16.2,39,19065
Eplp,164,482,232,17.0,39,15824
Eplp,165,484,231,17.0,39,14092
Eplp,166,481,228,17.0,39,14483
Eplp,167,482,224,17.1,39,18075
Eplp,168,484,225,17.1,39,17465
Eplp,169,482,222,18.0,39,9963
Eplp,170,483,227,16.1,39,14987
Eplp,171,483,228,18.0,39,13490
Eplp,172,477,233,16.1,39,18162
Eplp,173,471,230,17.1,39,14287
Eplp,174,474,227,16.1,39,12316
Eplp,175,471,231,16.2,39,19104
Eplp,176,478,225,16.0,39,18126
Eplp,177,478,222,17.0,39,19299
Eplp,178,470,229,16.2,37,16147
Eplp,179,472,229,16.1,39,20570
Eplp,180,474,229,16.1,39,18050
Eplp,181,472,229,15.0,39,23463
Eplp,182,467,231,16.0,38,16877
Eplp,183,467,241,15.0,38,21842
Eplp,184,460,233,15.0,37,23016
Eplp,185,465,235,15.1,36,25728
Eplp,186,456,232,15.1,35,22973
Eplp,187,462,230,15.0,34,16446
Eplp,188,471,236,16.0,31,22189
Eplp,189,467,232,15.0,34,17376
Eplp,190,472,232,15.1,31,19343
Eplp,191,466,237,15.1,34,28349
Eplp,192,468,228,16.0,31,13073
Eplp,193,461,228,16.1,34,19887
Eplp,194,466,236,16.1,31,19910
Eplp,195,462,233,16.1,34,24584
Eplp,196,470,233,16.1,31,25370
Eplp,197,468,233,15.1,34,24809
Eplp,198,475,234,15.0,31,22974
Eplp,199,470,233,16.1,34,20452
Eplp,200,463,235,15.1,31,30752
Eplp,201,468,243,14.1,34,25236
Eplp,202,463,239,15.0,31,27035
Eplp,203,460,241,15.0,34,31673
Eplp,204,470,247,14.1,34,34197
Eplp,205,474,254,13.1,31,31494
Eplp,206,478,255,13.1,34,38811
Eplp,207,476,250,12.1,31,38274
Eplp,208,473,245,13.0,34,44832
Eplp,209,483,244,12.3,31,45309
Eplp,210,490,237,13.0,34,41676
Eplpa,211,475,227,16.3,31,37483
Eplpa,212,474,223,17.0,32,35240
Eplpa,213,469,214,16.2,31,22719
Eplpa,214,464,220,17.0,34,27393
Eplpa,215,467,222,16.1,31,27799
Eplpa,216,470,229,16.1,32,29368
Eplpa,217,473,225,16.0,31,31657
Eplpa,218,467,226,15.2,34,27220
Eplpa,219,468,226,16.0,31,27120
Eplpa,220,467,231,15.1,34,30002
Eplpp,211,498,250,11.2,31,49295
Eplpp,212,499,250,11.1,32,47910
Eplpp,213,500,248,10.3,31,40571
Eplpp,214,497,244,10.1,34,36007
Eplpp,215,501,240,10.0,31,32353
Eplpp,216,499,245,10.1,34,30663
Eplpp,217,488,246,10.1,31,25654
Eplpp,218,498,241,9.2,34,24946
Eplpp,219,499,240,9.2,31,26670
Eplpp,220,498,247,10.1,34,27707
Epr,74,480,264,13.1,51,51
Epr,75,494,270,13.1,51,809
Epr,76,496,272,13.2,51,555
Epr,77,498,272,13.1,50,766
Epr,78,503,279,12.9,50,1125
Epr,79,501,278,12.9,50,1274
Epr,80,500,275,13.0,49,1224
Epr,81,496,271,13.9,49,1287
Epr,82,489,269,13.1,49,2645
Epr,83,490,261,13.0,51,932
Epr,84,493,265,12.4,51,745
Epr,85,485,260,13.0,50,1444
Epr,86,485,261,13.0,50,1296
Epr,87,485,257,12.8,50,2048
Epr,88,482,257,12.2,50,3096
Epr,89,473,263,12.1,49,3335
Epr,90,471,259,12.3,53,1929
Epr,91,473,255,12.9,49,3646
Epr,92,469,256,13.1,53,2518
Epr,93,469,257,13.1,53,3254
Epr,94,472,255,13.3,51,3370
Epr,95,470,255,14.1,53,3879
Epr,96,470,257,14.1,52,2909
Epr,97,472,256,14.2,48,4569
Epr,98,467,254,14.3,48,4662
Epr,99,467,255,14.2,46,5125
Epr,100,468,264,14.1,45,3614
Epr,101,474,269,14.1,44,3712
Epr,102,473,266,14.1,44,4940
Epr,103,475,269,15.0,44,6259
Epr,104,472,268,14.2,45,4632
Epr,105,474,268,15.0,46,6044
Epr,106,475,273,15.0,46,6733
Epr,107,470,270,15.1,46,6258
Epr,108,471,270,15.0,46,5267
Epr,109,475,268,14.3,46,8097
Epr,110,476,268,14.3,46,7610
Epr,111,478,271,14.1,45,8868
Epr,112,478,268,14.1,46,7885
Epr,113,476,267,14.1,46,10254
Epr,114,474,268,13.2,46,8457
Epr,115,474,268,13.3,46,8305
Epr,116,475,273,14.1,46,10696
Epr,117,468,279,14.1,46,9153
Epr,118,465,279,14.1,46,9363
Epr,119,464,281,14.1,46,10179
Epr,120,460,284,14.1,46,12927
Epr,121,457,284,13.2,46,11829
Epr,122,461,280,14.0,46,15066
Epr,123,458,280,14.1,46,14211
Epr,124,460,278,13.2,46,12000
Epr,125,461,278,13.2,46,16001
Epr,126,457,270,13.0,44,16573
Epr,127,462,278,13.2,38,19415
Epra,128,452,288,13.1,40,8064
Epra,129,432,296,14.0,34,13212
Epra,130,431,303,14.9,42,7863
Epra,131,433,307,14.1,42,10600
Epra,132,423,306,14.9,42,9396
Epra,133,425,308,14.1,42,12286
Epra,134,421,308,14.1,43,10469
Epra,135,419,306,14.0,43,14079
Epra,136,414,307,13.1,45,13061
Epra,137,412,304,13.1,44,10829
Epra,138,414,306,13.1,43,12466
Epra,139,412,305,14.0,42,12636
Epra,140,408,307,14.0,41,10434
Epra,141,406,312,14.1,41,10442
Epra,142,405,309,14.1,41,9011
Epra,143,409,302,15.0,39,14684
Epra,144,410,306,15.1,39,10098
Epra,145,409,301,16.0,39,8891
Epra,146,408,303,16.0,38,13497
Epra,147,408,303,16.1,38,13902
Epra,148,404,303,16.1,38,13730
Epra,149,403,304,16.1,38,12741
Epra,150,397,305,16.2,38,10832
Epra,151,397,307,17.0,38,14360
Epra,152,401,306,16.2,38,15119
Epra,153,397,315,17.0,38,11518
Epra,154,403,306,17.1,38,13507
Epra,155,405,309,18.0,38,13841
Epra,156,404,307,17.0,38,14755
Epra,157,404,305,17.0,38,16335
Epra,158,400,309,18.0,38,13788
Epra,159,400,306,18.1,38,15527
Epra,160,395,308,18.1,38,9693
Epra,161,392,308,18.1,39,12893
Epra,162,391,302,18.0,39,9732
Epra,163,391,303,18.1,39,14252
Epra,164,387,302,18.1,39,13720
Epra,165,390,307,17.2,39,9655
Epra,166,377,295,18.1,39,10288
Epra,167,382,289,18.1,39,12173
Epra,168,382,291,18.1,39,14538
Epra,169,381,298,18.2,39,10566
Epra,170,381,294,19.0,39,11672
Epra,171,379,292,19.0,39,13772
Epra,172,384,303,18.1,39,11646
Epra,173,385,303,19.0,39,12201
Epra,174,385,303,19.0,39,9627
Epra,175,381,301,19.0,39,13933
Epra,176,385,303,18.1,39,11042
Epra,177,382,302,20.1,37,10841
Epra,178,378,304,19.0,39,12487
Epra,179,379,306,19.0,39,16137
Epra,180,380,299,18.0,39,16470
Epra,181,380,310,17.1,39,14775
Epra,182,377,297,17.2,38,14150
Epra,183,385,303,17.1,38,18254
Epra,184,391,305,17.1,35,14379
Epra,185,398,305,17.1,34,16161
Epra,186,385,310,18.1,35,14447
Epra,187,391,307,19.0,34,17070
Epra,188,391,307,18.1,31,19400
Epra,189,399,311,19.0,32,9828
Epra,190,392,313,17.1,31,10753
Epra,191,395,308,18.0,34,13990
Epra,192,389,297,18.1,31,16174
Epra,193,399,298,18.0,34,13429
Epra,194,389,293,18.1,31,15930
Epra,195,398,293,19.0,34,17083
Epra,196,394,288,17.0,31,11342
Epra,197,394,291,18.1,32,18981
Epra,198,402,297,18.1,31,16402
Epra,199,401,296,17.1,34,17882
Epra,200,398,295,17.1,31,19012
Epra,201,401,293,16.1,34,24357
Epra,202,398,295,18.0,31,25792
Epra,203,399,299,17.1,34,27295
Epra,204,408,296,17.0,34,29329
Epra,205,409,291,16.1,31,27083
Epra,206,417,287,17.1,34,27549
Epra,207,420,291,18.1,31,33367
Epraa,208,396,305,19.9,30,18730
Epraa,209,389,301,20.0,29,27796
Epraa,210,385,303,19.1,30,24125
Epraa,211,381,296,18.2,31,18256
Epraa,212,383,296,19.1,30,22585
Epraa,213,382,294,19.1,29,20933
Epraa,214,381,292,19.0,28,22901
Epraa,215,380,289,19.0,26,18296
Epraa,216,378,296,19.0,32,23477
Epraa,217,377,298,19.0,26,14879
Epraa,218,372,292,18.0,26,9697
Epraa,219,379,291,18.0,29,17460
Epraa,220,382,296,18.0,30,17846
Eprap,208,437,287,17.9,30,26892
Eprap,209,438,285,17.0,29,30761
Eprap,210,438,289,18.0,30,20610
Eprap,211,436,290,16.2,31,23350
Eprap,212,434,288,17.0,32,20672
Eprap,213,435,292,16.9,29,26471
Eprap,214,428,291,17.1,30,29067
Eprap,215,420,293,17.0,31,22310
Eprap,216,418,293,17.0,30,19142
Eprap,217,418,288,17.1,31,22796
Eprap,218,416,292,16.1,30,24570
Eprap,219,420,292,17.0,31,18595
Eprap,220,425,292,16.0,34,19138
Eprp,128,480,270,14.1,28,14615
Eprp,129,489,260,13.3,36,13433
Eprp,130,493,264,14.1,38,10862
Eprp,131,500,269,14.0,42,10113
Eprp,132,503,274,14.0,42,9430
Eprp,133,507,280,14.0,42,11552
Eprp,134,508,276,13.3,45,9642
Eprp,135,502,278,13.1,43,8859
Eprp,136,501,283,13.3,45,11813
Eprp,137,495,282,14.1,44,11605
Eprp,138,494,282,15.0,43,12265
Eprp,139,493,281,14.2,42,11776
Eprp,140,491,279,14.2,41,13666
Eprp,141,491,276,15.1,41,12032
Eprp,142,492,279,15.0,41,12610
Eprp,143,486,273,15.1,39,10791
Eprp,144,487,275,15.1,39,11764
Eprp,145,490,274,16.0,39,10265
Eprp,146,490,273,15.2,38,13922
Eprp,147,492,279,15.2,38,12999
Eprp,148,483,286,15.1,38,11076
Eprp,149,481,286,16.1,38,12103
Eprp,150,483,287,15.2,38,10968
Eprp,151,486,289,16.1,38,13309
Eprp,152,486,290,16.0,38,15381
Eprp,153,485,284,15.0,38,14291
Eprp,154,480,283,15.1,38,12238
Eprp,155,472,283,17.0,38,11483
Eprp,156,473,284,16.0,38,13153
Eprp,157,471,289,16.1,38,15416
Eprp,158,473,289,16.1,38,13145
Eprp,159,472,291,17.0,38,13795
Eprp,160,467,282,16.1,38,11103
Eprp,161,470,287,17.1,39,9184
Eprp,162,465,282,17.1,39,12911
Eprp,163,471,285,18.0,39,14284
Eprp,164,471,285,17.1,39,13972
Eprp,165,464,286,17.1,39,13463
Eprp,166,461,285,18.0,39,10808
Eprp,167,459,289,18.1,39,11617
Eprp,168,459,289,18.1,39,12807
Eprp,169,451,292,17.0,39,11220
Eprp,170,454,283,17.1,37,16516
Eprp,171,456,282,19.0,39,11004
Eprp,172,458,283,18.1,37,9853
Eprp,173,460,278,18.1,39,12453
Eprp,174,457,274,18.2,39,11813
Eprp,175,461,282,18.0,39,13950
Eprp,176,463,281,18.0,37,18188
Eprp,177,457,281,17.1,37,14565
Eprp,178,457,285,18.0,37,15079
Eprp,179,455,279,19.0,35,12908
Eprp,180,454,283,19.0,35,8146
Eprp,181,454,290,17.0,39,18552
Eprp,182,464,286,16.9,34,18099
Eprp,183,461,286,17.0,38,19411
Eprp,184,466,290,17.0,37,20407
Eprp,185,467,286,17.1,36,19855
Eprp,186,468,286,17.0,35,22201
Eprp,187,467,287,17.1,34,20129
Eprp,188,469,276,17.1,31,18568
Eprp,189,476,287,17.1,34,17411
Eprp,190,465,288,17.2,31,12562
Eprp,191,473,279,18.1,34,21038
Eprp,192,478,275,18.1,31,20175
Eprp,193,473,276,18.1,34,18326
Eprp,194,471,276,18.1,31,16185
Eprp,195,468,271,19.0,34,18700
Eprp,196,465,269,20.1,29,11349
Eprp,197,464,260,19.0,34,16038
Eprp,198,463,263,18.0,31,17331
Eprp,199,460,266,18.1,34,17892
Eprp,200,462,265,18.1,31,15124
Eprp,201,466,280,18.0,34,21923
Eprp,202,463,275,17.0,31,17600
Eprp,203,464,279,17.0,34,24818
Eprp,204,463,287,17.0,34,26431
Eprp,205,462,287,17.0,31,19723
Eprp,206,469,294,15.1,34,24628
Eprp,207,469,288,16.0,31,31387
Eprp,208,482,293,15.1,34,33842
Eprp,209,490,291,15.0,31,33140
Eprp,210,484,296,16.0,34,37233
Eprp,211,488,289,16.1,31,40676
Eprp,212,477,282,16.1,34,34902
Eprp,213,484,271,15.1,31,33756
Eprpa,214,467,282,18.9,30,28261
Eprpa,215,457,279,17.2,31,28602
Eprpa,216,452,279,18.0,30,23613
Eprpa,217,452,279,18.0,30,23407
Eprpa,218,453,279,16.2,32,24009
Eprpa,219,455,279,17.0,29,20090
Eprpa,220,458,276,16.1,34,23102
Eprpp,214,502,270,14.1,30,41629
Eprpp,215,501,267,13.2,31,36008
Eprpp,216,506,263,14.0,30,33797
Eprpp,217,501,261,13.1,31,37177
Eprpp,218,496,257,13.0,34,31384
Eprpp,219,494,259,14.0,31,29757
Eprpp,220,497,262,13.0,34,22480
P2,1,529,263,14.1,80,-957
P2,2,523,266,14.1,82,-589
P2,3,516,273,14.9,84,-153
P2,4,509,255,16.7,86,-315
P2,5,509,222,17.0,86,-559
P2,6,501,215,18.1,80,-182
P2,7,509,209,17.3,73,-333
P2,8,514,235,17.1,74,-513
P2,9,516,229,17.1,62,-29
P2,10,519,222,17.0,50,342
C,11,505,247,17.5,50,-978
C,12,490,273,18.0,50,521
C,13,490,270,19.0,49,-232
C,14,489,266,20.0,48,-1256
C,15,488,263,21.0,47,164
C,16,487,259,22.0,46,878
C,17,484,245,22.0,48,-639
C,18,470,238,21.3,48,-579
C,19,471,253,21.1,40,486
C,20,479,292,19.9,53,436
C,21,473,301,21.9,34,-335
C,22,480,314,22.0,36,1191
C,23,475,316,20.8,36,305
C,24,455,309,20.0,38,-125
C,25,448,308,20.0,44,842
C,26,440,306,20.0,50,-200
C,27,439,303,20.0,50,238
C,28,437,299,20.0,50,307
Ca,29,428,299,20.0,50,-898
Ca,30,418,298,20.0,50,266
Ca,31,408,297,20.0,50,-907
Ca,32,398,296,20.0,50,-82
Ca,33,398,293,20.0,50,-524
Ca,34,398,290,20.0,50,-877
Ca,35,399,286,20.0,50,116
Ca,36,399,283,20.0,50,-789
Ca,37,400,279,20.0,50,942
Ca,38,400,276,20.0,50,-144
Ca,39,401,272,20.0,50,722
Ca,40,401,277,19.8,48,24
Ca,41,400,282,19.7,46,-176
Ca,42,400,287,19.5,44,64
Ca,43,399,293,19.4,42,-451
Ca,44,399,298,19.2,40,-374
Ca,45,398,303,19.1,38,1097
Ca,46,397,309,18.9,36,425
Ca,47,389,300,18.5,38,-784
Ca,48,381,291,18.0,41,-598
Ca,49,381,291,18.0,41,-271
Ca,50,374,293,18.1,37,-816
Ca,51,369,297,18.1,38,1425
Ca,52,369,298,18.3,38,155
Ca,53,369,299,18.6,38,175
Caa,54,369,300,18.8,38,305
Caa,55,369,301,19.1,38,555
Caa,56,369,302,19.3,38,304
Caa,57,369,303,19.5,38,83
Caa,58,369,304,19.8,38,64
Caa,59,370,306,20.0,38,240
Caa,60,375,295,18.1,42,-126
Caa,61,386,292,19.0,37,593
Caa,62,394,280,18.1,39,289
Caa,63,404,277,20.0,38,-782
Caa,64,389,281,20.0,53,-566
Caa,65,380,286,21.0,52,-583
Caa,66,370,293,20.0,49,-220
Caa,67,360,297,21.0,51,-570
Caa,68,366,298,20.9,49,1431
Caa,69,374,297,20.1,51,-722
Caa,70,372,298,21.0,50,5
Caa,71,377,302,20.0,50,-922
Caa,72,373,312,21.0,56,281
Caa,73,379,319,21.1,57,-656
Caa,74,379,315,21.1,53,-36
Caa,75,380,309,21.1,55,-361
Caa,76,378,309,22.0,51,477
Caa,77,370,305,22.0,50,291
Caa,78,369,298,22.0,52,-559
Caa,79,375,294,22.0,50,362
Caa,80,371,290,22.1,51,-213
Caa,81,367,279,22.0,53,129
Caa,82,366,272,22.0,53,-231
Caa,83,365,264,22.0,53,249
Caa,84,368,265,21.1,51,-578
Caa,85,373,264,22.1,56,-114
Caa,86,368,265,21.1,52,-507
Caa,87,367,261,21.9,50,-805
Caa,88,377,273,22.0,50,606
Caa,89,379,267,21.8,49,-496
Caaa,90,356,283,21.1,34,253
Caaa,91,358,290,22.0,36,141
Caaa,92,362,286,22.1,49,-363
Caaa,93,361,279,22.1,49,159
Caaa,94,364,281,22.0,49,361
Caaa,95,369,285,22.1,51,-89
Caaa,96,375,277,22.1,50,-790
Caaa,97,373,268,23.1,46,-1001
Caaa,98,368,259,23.1,48,-315
Caaa,99,367,259,24.0,42,-710
Caaa,100,372,255,23.9,41,384
Caaa,101,378,251,23.0,44,-140
Caaa,102,378,255,23.0,42,-314
Caaa,103,379,248,22.0,44,409
Caaa,104,385,254,23.1,45,-861
Caaa,105,388,268,24.0,44,-269
Caaa,106,392,264,24.1,46,-312
Caaa,107,393,253,23.1,46,-721
Caaa,108,392,256,23.1,46,-721
Caaa,109,398,252,23.1,46,-1184
Caaa,110,399,254,24.0,46,66
Caaa,111,405,258,23.1,45,-494
Caaa,112,405,258,23.1,46,-392
Caaa,113,407,252,23.0,46,-604
Caaa,114,411,249,23.0,46,-846
Caaa,115,407,246,24.0,46,-718
Caaa,116,405,238,23.1,46,-179
Caaa,117,406,235,23.0,46,96
Caaa,118,407,229,23.0,46,-290
Caaa,119,408,226,23.1,46,-1243
Caaa,120,410,217,23.0,46,-872
Caaa,121,410,213,22.2,46,-633
Caaa,122,421,209,22.2,46,-210
Caaa,123,426,212,22.2,46,-1318
Caaa,124,432,214,22.1,46,814
Caaa,125,439,214,22.1,46,-257
Caaa,126,443,214,22.0,46,7
Caaa,127,453,215,22.1,46,-846
Caaa,128,456,213,22.1,46,-44
Caaa,129,463,215,22.1,46,685
Caaa,130,462,209,22.9,42,400
Caaa,131,468,207,21.2,44,17
Caaaa,132,440,223,23.1,40,-363
Caaaa,133,441,225,23.9,42,-706
Caaaa,134,440,221,24.0,41,-388
Caaaa,135,442,218,24.0,41,-774
Caaaa,136,447,211,24.0,41,-997
Caaaa,137,444,209,24.0,40,-348
Caaaa,138,447,211,24.0,39,-1049
Caaaa,139,445,210,24.1,38,-873
Caaaa,140,455,205,25.1,41,-2075
Caaaa,141,459,207,24.1,41,1120
Caaaa,142,468,200,25.0,41,-273
Caaaa,143,472,197,24.2,39,-1032
Caaaa,144,474,198,24.2,39,-681
Caaaa,145,470,206,24.1,39,-1722
Caaaa,146,468,200,25.1,38,599
Caaaa,147,466,199,25.0,38,826
Caaaa,148,465,200,24.1,38,1857
Caaaa,149,464,202,25.1,38,996
Caaaa,150,470,199,25.0,38,-804
Caaaa,151,470,195,24.1,38,-1215
Caaaa,152,467,198,24.0,38,1012
Caaaa,153,466,194,23.2,38,1263
Caaaa,154,465,196,24.0,38,-860
Caaaa,155,465,197,23.2,38,-115
Caaaa,156,466,195,23.2,38,2017
Caaaa,157,458,198,23.1,26,-2184
Caaaa,158,471,201,23.1,38,789
Caaaa,159,470,205,23.1,38,-50
Caaaa,160,468,207,24.0,38,1542
Caaaa,161,465,209,23.1,39,-2400
Caaaa,162,465,211,23.1,39,-695
Caaaa,163,470,217,22.1,39,140
Caaaa,164,470,218,23.0,39,-1319
Caaaa,165,475,211,23.1,39,-196
Caaaa,166,475,202,23.1,39,3019
Caaaa,167,477,191,23.1,39,1830
Caaaa,168,475,193,22.1,39,5128
Caaaa,169,477,194,23.0,39,4370
Caaaa,170,477,194,23.0,39,6175
Caaaa,171,486,206,23.1,39,1546
Caaaa,172,485,199,23.0,39,2724
Caaaa,173,481,206,24.0,39,-1698
Caaaa,174,487,199,23.1,39,4036
Caaaa,175,488,198,22.1,26,-1686
Caaaa,176,491,203,23.0,39,4555
Caaaa,177,497,205,24.1,39,2448
Caaaa,178,493,210,24.0,39,1463
Caaaa,179,493,208,24.1,39,3535
Caaaa,180,494,212,24.0,39,5034
Caaaa,181,498,216,23.1,39,2476
Caaaa,182,500,218,24.0,38,2739
Caaaa,183,495,215,24.0,38,1873
Caaaa,184,489,216,24.0,37,4699
Caaaa,185,485,224,24.0,32,971
Caaaa,186,489,227,23.1,35,284
Caaaaa,187,465,238,23.0,24,-1528
Caaaaa,188,460,228,24.0,24,3685
Caaaaa,189,460,225,24.0,24,-670
Caaaaa,190,459,221,24.0,24,-1824
Caaaaa,191,458,217,24.0,24,3805
Caaaaa,192,458,217,24.0,24,3566
Caaaaa,193,462,209,23.9,24,-927
Caaaaa,194,462,209,23.9,24,-4823
Caaaaa,195,471,215,22.1,30,372
Caaaaa,196,475,212,23.1,31,985
Caaaaa,197,471,204,24.1,30,-41
Caaaaa,198,471,204,24.1,30,-5188
Caaaaa,199,471,213,23.9,30,-3624
Caaaaa,200,469,216,24.0,29,-1327
Caaaaa,201,470,218,24.0,24,893
Caaaaa,202,470,218,24.0,24,226
Caaaaa,203,467,212,24.0,30,-581
Caaaaa,204,459,216,23.1,34,-3418
Caaaaa,205,461,210,24.0,29,3096
Caaaaa,206,461,210,24.0,29,5353
Caaaaa,207,458,217,24.0,31,-428
Caaaaa,208,458,220,23.1,34,2488
Caaaaa,209,460,220,23.0,24,5784
Caaaaa,210,458,221,23.1,26,-1835
Caaaaa,211,458,221,23.1,26,554
Caaaaa,212,458,221,23.1,26,-636
Caaaaa,213,457,221,23.1,27,3202
Caaaaa,214,457,221,23.1,27,1990
Caaaaa,215,456,221,23.0,28,3611
Caaaaa,216,456,221,23.0,28,2419
Caaaaa,217,455,221,23.0,29,-359
Caaaaa,218,455,221,23.0,29,-93
Caaaaa,219,454,221,23.0,30,1421
Caaaaa,220,453,221,23.2,30,2754
Caaaap,187,508,232,23.0,32,1194
Caaaap,188,516,228,22.0,29,-1179
Caaaap,189,516,224,22.2,32,100
Caaaap,190,525,227,21.2,31,-1454
Caaaap,191,520,227,21.2,34,-2921
Caaaap,192,517,222,21.2,31,1827
Caaaap,193,520,214,23.0,34,-728
Caaaap,194,525,214,22.2,31,-1836
Caaaap,195,527,213,23.0,34,1336
Caaaap,196,528,210,23.1,31,4750
Caaaap,197,527,213,23.2,34,3492
Caaaap,198,523,209,24.0,31,2260
Caaaap,199,520,212,23.1,34,-1051
Caaaap,200,518,218,23.2,31,545
Caaaap,201,519,216,24.0,34,4961
Caaaap,202,518,223,24.0,31,2318
Caaaap,203,514,223,23.2,34,2366
Caaaap,204,508,225,23.1,34,1141
Caaaap,205,506,224,22.1,31,-244
Caaaap,206,511,217,23.1,34,1809
Caaaap,207,510,217,23.2,31,-17
Caaaap,208,509,216,23.1,34,1607
Caaaap,209,512,218,24.1,31,2542
Caaaap,210,505,224,24.1,30,1100
Caaaap,211,510,225,24.0,29,1809
Caaaap,212,502,216,24.0,30,888
Caaaap,213,499,217,23.9,24,3190
Caaaap,214,509,226,24.0,24,1971
Caaaap,215,504,226,24.1,31,3193
Caaaap,216,504,230,24.2,30,942
Caaaap,217,497,227,24.0,29,2557
Caaaap,218,492,229,22.0,26,697
Caaaap,219,492,227,22.7,27,-3642
Caaaap,220,493,224,23.3,28,-786
Caaap,132,482,197,20.1,36,1049
Caaap,133,491,194,20.0,36,1093
Caaap,134,496,192,19.9,41,976
Caaap,135,502,186,20.0,41,926
Caaap,136,510,184,20.0,41,968
Caaap,137,510,189,21.0,40,1887
Caaap,138,513,189,20.1,39,-970
Caaap,139,516,191,20.1,38,526
Caaap,140,516,189,20.1,37,257
Caaap,141,518,186,19.2,41,-53
Caaap,142,522,189,19.1,41,643
Caaap,143,527,191,19.1,39,1479
Caaap,144,524,196,19.0,39,-649
Caaap,145,522,197,19.2,39,1639
Caaap,146,523,197,19.1,38,1917
Caaap,147,519,196,19.1,38,1440
Caaap,148,519,201,19.3,38,334
Caaap,149,516,202,20.0,38,1265
Caaap,150,521,199,20.2,38,-288
Caaap,151,524,191,20.1,38,242
Caaap,152,528,193,21.0,38,103
Caaap,153,523,193,20.0,38,-462
Caaap,154,526,187,19.3,36,722
Caaap,155,522,190,19.2,38,1300
Caaap,156,525,196,20.1,38,2481
Caaap,157,524,209,20.2,38,610
Caaap,158,531,206,21.1,38,2276
Caaap,159,531,212,21.0,38,1284
Caaap,160,528,209,21.1,38,2536
Caaap,161,527,212,21.0,39,455
Caaap,162,526,208,21.0,39,-191
Caaap,163,528,215,20.1,39,1901
Caaap,164,528,218,20.0,39,3026
Caaap,165,532,218,19.2,39,1166
Caaap,166,531,222,20.0,39,1582
Caaap,167,541,222,20.0,39,1757
Caaap,168,534,221,20.1,39,2913
Caaap,169,536,222,21.0,39,1248
Caaap,170,536,223,20.0,39,2349
Caaap,171,542,226,20.2,39,4384
Caaap,172,538,226,20.2,39,1854
Caaap,173,535,222,21.0,39,2193
Caaap,174,540,222,20.2,39,4264
Caaap,175,542,220,20.2,39,3339
Caaap,176,542,221,20.2,39,5494
Caaap,177,542,222,20.1,39,5289
Caaap,178,544,222,19.1,39,4853
Caaap,179,543,224,19.1,39,5803
Caaap,180,539,227,19.1,39,5540
Caaap,181,536,228,19.0,39,5411
Caaap,182,529,226,18.2,38,3666
Caaap,183,533,225,18.3,38,6741
Caaapa,184,530,229,20.2,37,2242
Caaapa,185,535,229,21.1,36,2895
Caaapa,186,537,231,22.0,35,2293
Caaapa,187,547,237,22.1,34,7273
Caaapa,188,558,243,21.0,31,5295
Caaapa,189,560,238,21.0,34,3130
Caaapa,190,562,240,20.1,31,4953
Caaapa,191,558,246,21.2,34,6538
Caaapa,192,559,249,22.0,31,7510
Caaapa,193,559,245,22.1,34,6208
Caaapa,194,557,244,22.1,31,3665
Caaapa,195,562,244,22.0,34,4478
Caaapa,196,562,241,21.3,31,5050
Caaapa,197,558,238,22.1,34,4003
Caaapa,198,555,237,22.1,31,4303
Caaapa,199,555,236,22.2,34,2503
Caaapa,200,551,237,22.2,31,5744
Caaapa,201,548,243,22.1,34,2795
Caaapa,202,546,243,22.3,31,5653
Caaapa,203,544,246,23.0,34,5047
Caaapa,204,545,242,23.1,34,5022
Caaapa,205,546,242,23.1,31,3216
Caaapa,206,544,240,22.2,34,5766
Caaapa,207,546,244,23.0,31,4050
Caaapa,208,541,238,22.1,34,3858
Caaapa,209,533,238,21.2,31,1663
Caaapa,210,532,234,22.1,34,4823
Caaapa,211,532,237,23.0,31,2377
Caaapa,212,532,232,23.0,34,6449
Caaapa,213,535,233,23.0,31,2840
Caaapa,214,533,232,22.1,34,4078
Caaapa,215,529,235,22.1,31,6151
Caaapa,216,532,227,22.1,34,3954
Caaapa,217,525,226,22.2,31,6540
Caaapa,218,526,224,22.2,34,6079
Caaapa,219,523,221,22.1,31,5392
Caaapa,220,526,224,22.0,34,4322
Caaapp,184,532,221,15.4,37,4207
Caaapp,185,532,223,15.1,36,3499
Caaapp,186,532,219,15.3,35,895
Caaapp,187,534,221,15.1,34,3625
Caaapp,188,536,224,14.3,31,8674
Caaapp,189,539,218,14.1,34,7098
Caaapp,190,540,219,14.1,31,2828
Caaapp,191,547,222,14.3,34,7216
Caaapp,192,549,224,14.3,31,5458
Caaapp,193,551,216,14.2,34,5533
Caaapp,194,553,220,14.4,31,8071
Caaapp,195,559,222,14.2,34,3453
Caaapp,196,557,223,14.2,31,4457
Caaapp,197,557,217,15.0,34,2753
Caaapp,198,557,214,16.0,31,6903
Caaapp,199,560,214,16.1,34,4304
Caaapp,200,561,215,16.2,31,4120
Caaapp,201,554,217,17.0,34,6160
Caaapp,202,556,221,17.0,31,2720
Caaapp,203,553,225,16.2,34,4926
Caaapp,204,555,224,17.1,34,5698
Caaapp,205,556,222,16.3,31,5332
Caaapp,206,559,229,17.0,34,2405
Caaapp,207,556,231,17.1,31,3332
Caaapp,208,556,227,17.1,34,3684
Caaapp,209,557,225,17.1,31,3382
Caaapp,210,551,228,17.1,34,6277
Caaapp,211,553,226,17.1,31,-27
Caaapp,212,551,225,17.3,34,2209
Caaapp,213,550,225,17.2,31,1971
Caaapp,214,553,227,17.1,34,4326
Caaapp,215,548,221,18.0,31,2349
Caaapp,216,551,221,18.1,34,1009
Caaapp,217,552,219,18.1,31,3625
Caaapp,218,546,217,18.0,34,4003
Caaapp,219,548,217,18.1,31,900
Caaapp,220,552,218,17.3,34,1334
Caap,90,405,253,21.9,32,439
Caap,91,412,247,21.2,34,-1100
Caap,92,416,239,21.1,41,-1078
Caap,93,420,232,21.1,49,-809
Caap,94,429,231,22.0,49,-1177
Caap,95,437,235,22.9,49,83
Caap,96,448,225,22.2,36,-24
Caap,97,448,221,23.2,44,-1065
Caap,98,452,213,24.0,44,-557
Caap,99,454,204,24.1,42,-518
Caap,100,457,204,24.0,41,-727
Caap,101,462,205,24.0,40,-1211
Caap,102,462,205,23.1,42,-532
Caap,103,469,208,24.1,42,-230
Caap,104,471,209,24.2,43,144
Caap,105,473,210,24.1,46,-143
Caap,106,475,205,24.1,44,598
Caap,107,475,207,24.0,44,-841
Caap,108,476,203,24.1,44,-336
Caap,109,481,201,24.0,42,-303
Caap,110,480,201,24.2,46,19
Caap,111,482,197,24.1,45,-699
Caap,112,484,193,24.0,42,-1158
Caap,113,482,197,24.1,46,-46
Caap,114,486,195,24.1,46,732
Caap,115,485,196,25.0,44,-1236
Caap,116,494,188,24.2,44,510
Caap,117,488,186,24.2,46,-4
Caap,118,487,186,24.9,42,-510
Caap,119,491,181,24.1,46,151
Caap,120,497,178,23.1,46,2303
Caap,121,493,174,24.0,46,-161
Caap,122,501,171,23.1,42,1346
Caap,123,504,169,23.1,44,1850
Caap,124,507,164,23.1,46,917
Caap,125,508,160,23.0,44,679
Caap,126,513,159,23.0,46,1310
Caap,127,517,157,22.1,42,482
Caap,128,519,154,21.2,44,733
Caap,129,524,155,20.1,44,71
Caap,130,522,158,19.2,46,2034
Caap,131,525,167,18.2,44,1451
Caap,132,527,166,17.9,42,1534
Caap,133,529,163,17.2,44,298
Caap,134,535,161,18.0,43,2408
Caap,135,536,159,18.3,41,1468
Caap,136,528,159,17.3,45,1612
Caap,137,530,159,17.9,40,1983
Caapa,138,534,151,19.9,39,1300
Caapa,139,534,155,21.0,38,2743
Caapa,140,539,159,22.0,37,975
Caapa,141,539,156,22.0,37,-337
Caapa,142,543,152,21.1,37,3495
Caapa,143,550,159,21.0,35,1227
Caapa,144,544,155,21.0,35,2140
Caapa,145,541,150,20.1,37,957
Caapa,146,539,147,20.0,34,-6
Caapa,147,540,152,20.2,36,3460
Caapa,148,541,156,20.9,34,2677
Caapa,149,541,156,20.1,36,2468
Caapa,150,548,166,20.9,34,2881
Caapa,151,551,165,20.9,34,2542
Caapa,152,555,165,20.0,36,3242
Caapa,153,557,168,20.1,36,3939
Caapa,154,558,165,20.0,34,5899
Caapa,155,558,166,19.9,34,3237
Caapa,156,557,171,19.1,34,5726
Caapa,157,556,178,20.0,34,4917
Caapa,158,560,181,19.2,36,4965
Caapa,159,560,187,19.0,36,1555
Caapa,160,560,190,19.0,34,4130
Caapa,161,561,187,19.0,35,5875
Caapa,162,564,187,18.2,37,6361
Caapa,163,561,187,18.0,35,7186
Caapa,164,559,189,18.1,35,8228
Caapa,165,560,186,17.1,37,9215
Caapa,166,558,185,17.1,35,6831
Caapa,167,560,181,16.2,35,11655
Caapa,168,561,185,16.0,35,11016
Caapa,169,560,187,15.2,37,11194
Caapa,170,565,191,15.0,35,13851
Caapa,171,563,197,14.9,35,12416
Caapa,172,560,198,14.9,35,9967
Caapa,173,555,197,14.9,35,13391
Caapa,174,555,199,14.1,37,13379
Caapa,175,558,204,13.1,37,15069
Caapa,176,551,197,13.0,35,14993
Caapa,177,549,199,12.1,35,17797
Caapa,178,547,194,12.1,37,18169
Caapa,179,548,198,12.0,35,17259
Caapa,180,549,197,11.3,37,18170
Caapa,181,545,200,12.0,35,17987
Caapa,182,548,201,11.3,38,19345
Caapa,183,544,195,12.0,34,17973
Caapa,184,543,191,11.3,37,20772
Caapa,185,543,192,11.3,36,24941
Caapa,186,540,197,11.1,35,18526
Caapa,187,539,199,10.1,34,23659
Caapa,188,542,201,11.1,31,20600
Caapa,189,542,198,11.1,34,20872
Caapa,190,543,198,11.0,31,25613
Caapa,191,543,198,11.0,31,29755
Caapa,192,544,201,11.0,26,27539
Caapa,193,539,200,11.0,26,28978
Caapa,194,541,206,11.0,26,27426
Caapa,195,535,208,10.3,34,26440
Caapa,196,531,213,10.2,31,32642
Caapa,197,534,212,10.3,34,30405
Caapa,198,534,211,11.0,31,34668
Caapa,199,534,215,11.2,34,23420
Caapa,200,532,219,11.3,31,22589
Caapa,201,536,222,11.3,34,29008
Caapa,202,529,225,11.0,31,28488
Caapa,203,526,231,10.3,34,34471
Caapa,204,529,234,10.2,34,27592
Caapa,205,531,239,10.1,31,35435
Caapa,206,534,243,9.3,34,29187
Caapa,207,533,242,9.2,31,37854
Caapa,208,537,237,9.3,34,38277
Caapa,209,536,239,9.0,31,41858
Caapa,210,536,242,8.3,34,42102
Caapa,211,536,241,8.3,31,46377
Caapa,212,541,242,9.0,34,45341
Caapa,213,541,242,8.3,31,51949
Caapa,214,540,242,8.1,32,50263
Caapa,215,536,240,8.0,31,44790
Caapa,216,537,240,7.2,34,51651
Caapa,217,538,237,7.1,31,57278
Caapa,218,535,239,7.2,34,51396
Caapa,219,536,238,7.2,31,49677
Caapa,220,536,237,7.0,34,47223
Caapp,138,538,171,16.1,39,-12
Caapp,139,549,181,16.0,38,595
Caapp,140,550,182,16.0,37,-268
Caapp,141,548,179,15.9,37,1484
Caapp,142,548,179,15.9,37,-554
Caapp,143,557,191,14.3,39,2849
Caapp,144,564,184,15.0,37,-198
Caapp,145,565,180,15.8,35,329
Caapp,146,564,184,15.1,36,1116
Caapp,147,564,181,15.0,34,2091
Caapp,148,561,182,15.0,34,626
Caapp,149,563,186,15.0,38,627
Caapp,150,564,186,14.3,36,312
Caapp,151,564,189,14.2,36,3825
Caapp,152,563,185,14.2,38,3031
Caapp,153,559,181,14.1,36,489
Caapp,154,564,186,15.0,36,770
Caapp,155,567,187,15.0,36,2196
Caapp,156,564,188,14.4,38,3197
Caapp,157,567,190,15.0,36,3531
Caapp,158,570,192,14.3,38,3475
Caapp,159,572,195,15.0,36,4016
Caapp,160,571,197,15.0,36,3651
Caapp,161,572,199,15.1,39,5249
Caapp,162,569,196,14.3,37,5647
Caapp,163,571,198,14.0,39,5393
Caapp,164,569,198,13.2,37,4796
Caapp,165,570,201,13.2,39,6498
Caapp,166,569,201,13.1,37,6668
Caapp,167,565,200,12.2,39,5102
Caapp,168,561,200,11.3,39,6590
Caapp,169,562,202,11.1,37,7473
Caapp,170,563,204,11.1,39,8560
Caapp,171,562,209,10.2,37,11647
Caapp,172,560,209,10.2,39,11088
Caapp,173,562,213,10.9,35,9751
Caapp,174,560,216,10.0,37,7797
Caapp,175,554,213,9.2,39,13976
Caapp,176,548,210,8.2,39,10116
Caapp,177,547,211,8.2,39,10795
Caapp,178,543,209,8.1,39,9416
Caapp,179,540,205,8.0,39,13739
Caapp,180,540,209,7.3,39,12223
Caapp,181,537,206,7.2,39,11940
Caapp,182,538,204,7.4,36,14442
Caapp,183,538,201,7.4,36,14550
Caapp,184,537,201,8.1,37,15267
Caapp,185,536,200,8.1,36,18011
Caapp,186,530,199,7.2,35,17851
Caapp,187,524,205,6.3,34,19290
Caapp,188,530,206,7.1,31,14096
Caapp,189,525,205,6.3,32,19035
Caapp,190,521,212,6.1,31,16347
Caapp,191,522,216,6.2,34,20337
Caapp,192,527,223,7.0,31,23812
Caapp,193,523,220,6.1,34,24670
Caapp,194,526,223,6.1,31,29755
Caapp,195,529,228,7.0,34,25954
Caapp,196,527,231,7.2,31,32277
Caapp,197,528,228,7.2,32,34196
Caapp,198,531,223,8.0,31,38250
Caappd,199,542,212,8.0,30,29978
Caappd,200,544,210,8.7,29,27550
Caappd,201,550,215,8.0,30,24650
Caappd,202,555,222,8.0,31,22762
Caappd,203,556,220,8.2,32,23350
Caappd,204,557,222,8.2,34,25388
Caappd,205,562,228,8.3,31,24147
Caappd,206,563,229,9.0,34,25227
Caappd,207,566,232,10.0,31,26308
Caappd,208,566,223,10.0,34,30842
Caappd,209,566,221,11.0,31,29862
Caappd,210,565,221,10.1,34,31218
Caappd,211,565,223,10.1,31,36102
Caappd,212,569,224,10.3,34,33052
Caappd,213,566,224,11.0,31,36291
Caappd,214,566,222,10.2,34,29317
Caappd,215,566,223,11.0,31,36143
Caappd,216,563,218,11.0,34,31296
Caappd,217,566,218,10.3,31,37175
Caappd,218,562,220,10.2,34,37594
Caappd,219,561,223,10.2,31,35712
Caappd,220,561,219,10.1,34,32753
Caappv,199,521,237,8.1,30,21275
Caappv,200,516,243,8.3,31,28360
Caappv,201,519,244,9.0,26,38943
Caappv,202,517,240,8.9,29,27104
Caappv,203,517,242,8.1,32,32484
Caappv,204,514,242,7.1,26,46250
Caappv,205,518,243,7.2,26,30684
Caappv,206,518,241,6.9,32,21732
Caappv,207,520,241,6.6,32,22826
Caappv,208,522,241,6.3,32,19198
Caappv,209,524,240,6.0,31,31430
Caappv,210,524,241,5.2,26,42963
Caappv,211,523,236,5.3,26,37892
Caappv,212,523,236,5.3,26,41850
Caappv,213,526,238,6.0,26,45865
Caappv,214,524,235,6.0,26,36604
Caappv,215,528,237,6.1,31,44547
Caappv,216,528,237,5.7,31,45159
Caappv,217,528,238,5.3,31,50542
Caappv,218,527,238,4.8,31,46969
Caappv,219,527,239,4.4,31,46335
Caappv,220,526,240,4.0,30,48381
Cap,54,379,283,19.1,42,95
Cap,55,389,267,19.5,46,16
Cap,56,399,250,20.0,50,160
Cap,57,413,244,20.4,46,-760
Cap,58,428,237,20.7,42,893
Cap,59,443,230,21.1,38,-92
Cap,60,451,219,20.0,38,-833
Cap,61,457,211,20.7,38,-100
Cap,62,463,203,21.4,38,-816
Cap,63,469,195,22.1,38,-579
Cap,64,469,189,23.1,39,958
Cap,65,460,204,22.1,38,-193
Cap,66,452,212,22.9,49,-46
Cap,67,450,218,23.0,49,-1073
Cap,68,454,220,22.1,49,-82
Cap,69,453,221,22.1,45,-737
Cap,70,452,222,22.1,41,-47
Cap,71,451,224,22.1,37,571
Cap,72,453,227,23.0,50,-168
Cap,73,451,225,23.1,51,799
Cap,74,451,220,23.1,38,-475
Cap,75,448,209,24.1,34,1215
Cap,76,443,203,24.1,39,-173
Cap,77,438,196,24.0,44,-623
Cap,78,433,189,24.0,50,-6
Cap,79,432,189,23.0,50,-735
Cap,80,431,184,24.0,51,743
Cap,81,430,180,23.1,53,569
Cap,82,435,170,23.1,53,-715
Cap,83,434,169,22.1,53,-675
Cap,84,444,176,22.1,53,269
Cap,85,449,173,23.0,52,-441
Cap,86,446,175,23.1,54,-220
Cap,87,447,180,23.0,56,70
Cap,88,447,182,23.1,52,-193
Cap,89,448,184,22.2,53,40
Cap,90,445,176,23.0,53,237
Cap,91,438,171,22.2,53,-232
Cap,92,441,169,23.0,53,240
Cap,93,431,164,22.2,53,-163
Cap,94,425,161,22.0,49,613
Cap,95,432,165,22.0,49,781
Capa,96,407,164,22.0,32,645
Capa,97,405,162,23.0,46,-500
Capa,98,410,151,22.0,44,-55
Capa,99,401,152,23.0,42,1095
Capa,100,404,152,23.0,41,1651
Capa,101,408,151,22.1,44,1369
Capa,102,407,156,22.1,42,950
Capa,103,407,153,22.1,44,757
Capa,104,409,159,23.1,45,1345
Capa,105,414,157,23.2,44,1540
Capa,106,416,154,23.0,42,337
Capa,107,421,153,22.9,42,939
Capa,108,418,147,22.2,46,2221
Capa,109,418,150,22.9,42,3846
Capa,110,417,145,22.0,44,2353
Capa,111,416,148,22.1,43,1096
Capa,112,416,151,23.1,42,3561
Capa,113,416,150,23.0,44,2431
Capa,114,421,151,23.0,42,2607
Capa,115,424,148,22.1,46,3937
Capa,116,426,145,22.2,46,6301
Capa,117,422,143,21.3,46,4997
Capa,118,426,139,21.3,46,5402
Capa,119,439,138,21.1,46,7195
Capa,120,443,131,20.2,46,8457
Capa,121,447,124,19.3,46,9390
Capa,122,451,119,18.3,46,10752
Capa,123,457,117,17.9,42,9902
Capa,124,458,118,16.2,44,13091
Capa,125,463,118,16.0,42,14122
Capa,126,462,120,14.4,44,15225
Capa,127,459,119,15.1,44,15838
Capa,128,456,119,15.0,44,19196
Capa,129,450,119,13.4,44,22913
Capa,130,454,125,13.0,42,21669
Capa,131,456,128,12.2,44,24245
Capa,132,459,133,11.0,46,24143
Capa,133,463,137,10.2,46,25557
Capa,134,467,140,10.2,45,28289
Capa,135,474,148,10.1,45,32080
Capa,136,491,157,9.3,45,30776
Capa,137,495,158,10.1,44,28894
Capa,138,502,161,9.3,43,38545
Capa,139,509,164,9.4,42,37925
Capa,140,514,170,9.2,41,41458
Capa,141,515,175,9.1,41,41114
Capa,142,515,185,8.2,41,44605
Capa,143,510,195,7.1,39,42448
Capa,144,514,200,7.1,39,42824
Capa,145,515,203,7.0,39,46602
Capa,146,517,204,7.1,38,53638
Capa,147,511,204,7.1,38,57496
Capa,148,513,207,7.1,38,59851
Capa,149,510,209,7.3,38,64632
Capa,150,505,210,7.3,38,67281
Capa,151,506,207,7.2,36,75102
Capa,152,499,207,8.1,34,74798
Capa,153,499,208,8.1,38,74560
Capaa,154,471,197,8.1,32,72876
Capaa,155,469,196,7.9,34,60649
Capaa,156,466,193,7.8,34,52688
Capaa,157,470,184,7.9,34,51787
Capaa,158,466,181,8.0,34,55060
Capaa,159,465,187,7.3,36,55024
Capaa,160,464,192,7.3,38,59232
Capaa,161,465,194,8.0,26,51180
Capaa,162,462,200,7.1,37,59417
Capaa,163,458,194,7.3,39,58581
Capaa,164,457,191,7.3,39,65713
Capaa,165,455,191,7.3,39,57133
Capaa,166,451,190,7.2,39,58575
Capaa,167,450,188,7.1,26,47744
Capaa,168,450,188,7.1,26,37824
Capaa,169,443,194,6.2,26,47420
Capaa,170,439,194,7.1,26,66307
Capaa,171,437,193,8.0,26,67573
Capaa,172,431,201,7.0,34,73974
Capaa,173,430,200,7.0,34,68323
Capaa,174,428,199,7.0,34,82475
Capaa,175,427,198,7.0,34,86536
Capaa,176,425,197,7.0,34,77051
Capaa,177,424,196,7.0,34,75987
Capaa,178,422,194,7.0,34,78430
Capaa,179,421,194,6.9,34,60115
Capaa,180,420,193,6.9,34,71243
Capaa,181,419,193,6.8,34,83271
Capaa,182,417,192,6.7,34,77778
Capaa,183,416,186,7.2,38,70781
Capaa,184,417,187,7.5,34,82153
Capaa,185,418,188,7.7,30,58632
Capaa,186,419,189,8.0,26,52854
Capaa,187,410,190,9.1,26,57350
Capaa,188,413,196,10.0,31,80991
Capaa,189,411,197,9.3,34,83679
Capaa,190,411,195,9.2,31,69158
Capaa,191,415,201,9.1,34,70008
Capaa,192,418,202,9.2,31,84842
Capaa,193,418,202,9.1,34,88599
Capaa,194,420,203,8.1,31,76451
Capaa,195,421,200,9.1,34,84174
Capaa,196,422,201,8.3,31,77464
Capaa,197,419,200,9.0,34,92889
Capaa,198,416,201,8.3,31,88936
Capaa,199,418,203,9.1,34,93227
Capaa,200,418,198,8.3,31,75801
Capaa,201,418,199,9.1,34,93185
Capaa,202,417,196,9.1,31,94182
Capaa,203,418,197,9.0,34,95121
Capaa,204,421,189,9.0,34,95990
Capaa,205,422,186,9.0,31,95564
Capaa,206,418,187,9.1,34,96933
Capaa,207,418,188,9.2,31,99093
Capaa,208,409,187,9.1,34,104813
Capaa,209,412,192,10.1,31,108031
Capaa,210,416,188,10.1,34,100686
Capaa,211,417,191,10.1,31,129180
Capaaa,212,406,180,12.3,34,79448
Capaaa,213,405,175,12.3,31,87482
Capaaa,214,404,175,12.4,31,73865
Capaaa,215,403,174,12.5,31,56959
Capaaa,216,402,174,12.7,31,58582
Capaaa,217,401,173,12.8,31,63221
Capaaa,218,400,173,12.9,31,83697
Capaaa,219,398,172,13.0,30,89855
Capaaa,220,400,172,12.8,30,88004
Capaap,212,427,208,8.1,26,103167
Capaap,213,424,211,7.1,26,89665
Capaap,214,424,211,7.2,26,89573
Capaap,215,424,211,7.3,27,83170
Capaap,216,424,211,7.4,28,79193
Capaap,217,424,211,7.5,29,70378
Capaap,218,424,211,7.6,30,75994
Capaap,219,424,211,7.6,30,84220
Capaap,220,424,211,7.7,31,83590
Capap,154,521,219,9.1,34,63379
Capap,155,524,216,9.8,34,52529
Capap,156,524,218,9.0,34,59547
Capap,157,523,219,9.1,34,61347
Capap,158,525,217,9.1,34,63482
Capap,159,524,219,10.1,34,57829
Capap,160,522,219,9.2,36,59222
Capap,161,518,211,9.3,37,57562
Capap,162,517,205,9.1,37,65321
Capap,163,514,204,8.4,37,63679
Capap,164,511,198,8.2,39,61250
Capap,165,512,201,8.0,39,62510
Capap,166,504,196,8.1,37,60930
Capap,167,500,200,8.2,39,69275
Capap,168,495,206,7.3,39,60995
Capap,169,489,208,8.1,39,65340
Capap,170,485,209,8.2,37,75041
Capap,171,481,211,8.2,39,65667
Capap,172,478,217,8.2,37,77445
Capap,173,480,215,8.3,39,73340
Capap,174,478,221,8.3,39,69722
Capap,175,475,222,8.3,39,70198
Capap,176,465,224,8.3,39,72295
Capap,177,461,222,9.0,37,68876
Capap,178,458,218,9.0,37,70190
Capap,179,457,214,8.4,37,71357
Capap,180,459,213,8.3,37,71287
Capap,181,456,214,8.3,37,73987
Capap,182,458,211,8.2,38,73253
Capap,183,454,212,8.2,36,80012
Capap,184,455,215,8.2,37,72476
Capap,185,455,216,8.2,36,75001
Capap,186,453,211,8.3,35,75434
Capap,187,455,208,8.2,34,72731
Capap,188,457,212,8.4,31,76415
Capap,189,454,214,9.1,34,68143
Capap,190,457,217,9.2,31,78661
Capap,191,457,217,9.2,31,72638
Capap,192,468,219,9.1,31,72371
Capap,193,469,209,10.0,34,67610
Capap,194,473,216,9.0,31,72608
Capap,195,472,211,9.2,34,75317
Capap,196,465,212,9.1,31,79124
Capap,197,464,213,9.1,34,81246
Capap,198,462,216,9.2,31,78893
Capap,199,461,214,9.0,34,78085
Capap,200,461,213,9.0,34,76754
Capap,201,460,212,9.0,34,80808
Capap,202,459,210,9.0,34,70149
Capap,203,459,209,9.0,34,73208
Capap,204,458,208,9.0,34,75283
Capap,205,457,206,9.0,34,55868
Capap,206,457,205,9.0,34,68285
Capap,207,456,204,9.0,34,76885
Capap,208,455,202,9.0,34,88217
Capap,209,452,202,9.1,31,80900
Capap,210,458,201,9.2,34,97966
Capap,211,462,192,9.3,31,103491
Capap,212,467,198,10.1,34,98889
Capap,213,463,196,10.1,31,105659
Capapa,214,451,186,11.4,34,77928
Capapa,215,448,183,12.4,31,82941
Capapa,216,448,180,13.0,34,71662
Capapa,217,442,179,13.1,31,77071
Capapa,218,442,178,13.1,34,72252
Capapa,219,441,181,13.1,31,84449
Capapa,220,442,178,13.0,34,66930
Capapp,214,467,204,8.3,34,60555
Capapp,215,471,203,8.2,26,94972
Capapp,216,471,204,8.0,27,89011
Capapp,217,471,205,7.7,29,81656
Capapp,218,471,206,7.5,30,68873
Capapp,219,471,207,7.2,32,68626
Capapp,220,471,209,7.0,34,75363
Capp,96,453,165,22.1,48,1166
Capp,97,467,168,22.9,46,994
Capp,98,476,158,22.0,44,577
Capp,99,486,156,22.9,42,809
Capp,100,500,153,22.1,43,1721
Capp,101,508,161,22.1,44,733
Capp,102,508,159,22.0,40,1947
Capp,103,509,160,22.1,44,1527
Capp,104,505,156,22.0,45,1903
Capp,105,508,157,22.1,44,1582
Capp,106,508,159,22.1,44,1691
Capp,107,513,160,21.1,44,2370
Capp,108,510,157,22.0,42,3063
Capp,109,514,153,22.0,42,2784
Capp,110,513,154,22.0,44,2090
Capp,111,513,154,22.1,43,4385
Capp,112,512,154,22.0,42,4574
Capp,113,511,157,21.2,46,3012
Capp,114,508,159,21.1,46,5078
Capp,115,506,157,21.1,44,2967
Capp,116,511,157,21.0,44,4415
Capp,117,512,155,21.0,42,5585
Capp,118,510,160,20.9,42,7366
Capp,119,511,159,20.0,46,7362
Capp,120,509,166,19.2,46,7916
Capp,121,509,161,19.0,42,10233
Capp,122,507,162,19.0,46,8136
Capp,123,509,160,19.1,46,11231
Capp,124,509,164,19.1,30,7219
Capp,125,509,158,18.2,44,10236
Capp,126,505,159,19.0,44,11152
Capp,127,503,158,17.3,46,13520
Capp,128,495,158,17.2,44,15642
Capp,129,499,156,16.1,46,15570
Capp,130,503,157,15.1,44,20311
Capp,131,503,162,14.1,44,22645
Capp,132,504,167,13.1,42,25973
Capp,133,508,168,12.1,44,24623
Capp,134,513,169,12.2,43,27216
Capp,135,509,170,13.2,45,28982
Capp,136,507,179,14.0,45,27759
Capp,137,509,187,13.4,44,27356
Capp,138,510,193,13.3,43,32426
Capp,139,513,202,14.0,42,31462
Capp,140,517,204,13.2,39,30783
Capp,141,517,200,13.2,41,34356
Capp,142,518,203,13.1,41,37872
Capp,143,531,207,13.0,39,47155
Capp,144,535,203,13.0,35,48855
Cappa,145,528,194,13.1,37,35602
Cappa,146,521,175,13.8,34,43317
Cappa,147,519,169,13.9,34,36227
Cappa,148,518,166,13.1,36,38757
Cappa,149,524,169,14.0,34,36870
Cappa,150,521,169,13.2,36,38636
Cappa,151,521,170,13.1,36,39891
Cappa,152,516,167,14.0,38,40489
Cappa,153,516,164,13.4,38,42640
Cappa,154,516,172,13.3,38,42930
Cappa,155,518,174,13.1,38,37387
Cappa,156,518,179,13.1,38,43879
Cappa,157,515,180,13.2,38,49798
Cappa,158,519,177,13.3,36,44206
Cappa,159,522,179,13.1,36,45687
Cappa,160,519,188,13.2,38,55512
Cappa,161,517,181,13.1,37,51578
Cappa,162,517,178,13.1,39,57711
Cappa,163,515,184,13.2,39,60534
Cappa,164,514,178,13.2,39,57861
Cappa,165,511,182,13.0,39,54757
Cappa,166,507,184,13.0,39,59397
Cappa,167,504,183,12.4,39,61171
Cappa,168,500,185,12.2,39,64016
Cappa,169,502,188,12.3,39,65682
Cappa,170,501,189,12.3,39,60174
Cappa,171,505,188,12.1,39,58843
Cappa,172,505,186,12.1,39,62616
Cappa,173,509,192,12.0,39,57021
Cappa,174,509,193,11.2,37,66810
Cappa,175,507,193,11.2,39,64541
Cappa,176,506,195,11.2,39,68626
Cappa,177,503,193,11.3,37,68752
Cappa,178,499,193,12.0,39,62601
Cappa,179,499,192,11.3,39,62289
Cappa,180,499,193,11.2,39,64170
Cappa,181,498,190,11.3,39,69203
Cappa,182,499,196,12.0,36,72412
Cappa,183,495,190,11.4,36,71095
Cappa,184,493,193,12.1,37,65557
Cappa,185,489,193,12.1,36,63298
Cappa,186,490,192,12.2,35,63464
Cappa,187,495,188,13.0,34,65334
Cappa,188,496,189,13.0,31,62237
Cappa,189,494,184,13.1,34,66562
Cappa,190,498,185,13.1,31,58473
Cappa,191,501,192,13.1,34,59992
Cappa,192,504,189,14.0,31,69071
Cappa,193,496,190,14.1,34,69399
Cappa,194,500,186,14.1,31,63428
Cappa,195,498,193,14.1,34,67873
Cappa,196,497,191,14.1,31,79948
Cappa,197,497,189,14.2,34,68733
Cappa,198,488,192,14.1,31,73541
Cappa,199,488,190,15.1,34,74077
Cappa,200,479,192,15.1,31,62720
Cappa,201,484,192,15.2,34,62778
Cappa,202,478,198,14.2,31,82156
Cappa,203,477,194,15.1,34,79135
Cappa,204,479,191,15.1,34,73022
Cappa,205,472,190,14.1,31,77948
Cappa,206,475,188,14.2,34,89975
Cappa,207,471,187,15.0,31,83279
Cappa,208,470,185,15.1,34,96006
Cappaa,209,465,179,16.3,31,77569
Cappaa,210,462,178,17.2,34,56008
Cappaa,211,460,177,18.1,31,69256
Cappaa,212,462,172,18.1,34,54784
Cappaa,213,459,169,17.3,31,65457
Cappaa,214,458,173,17.1,34,58737
Cappaa,215,460,175,17.3,31,59986
Cappaa,216,457,175,17.1,34,60565
Cappaa,217,458,174,17.0,31,73926
Cappaa,218,461,173,17.1,34,64849
Cappaa,219,459,171,16.3,31,54866
Cappaa,220,464,175,17.1,34,59648
Cappap,209,479,185,13.1,31,78391
Cappap,210,488,180,12.4,34,67135
Cappap,211,489,179,13.0,29,80989
Cappap,212,493,178,12.2,32,75215
Cappap,213,493,176,12.3,31,66662
Cappap,214,494,172,12.2,34,58490
Cappap,215,492,176,12.3,31,60854
Cappap,216,485,182,12.2,34,62831
Cappap,217,485,188,13.0,31,65850
Cappap,218,476,187,12.0,34,71068
Cappap,219,475,187,12.2,31,68794
Cappap,220,476,180,12.2,34,68452
Cappp,145,538,212,11.3,26,39586
Cappp,146,547,218,12.0,34,43065
Cappp,147,549,217,11.8,34,44593
Cappp,148,550,222,12.0,34,41961
Cappp,149,553,227,12.3,38,39510
Cappp,150,549,226,11.1,34,42226
Cappp,151,554,224,10.2,36,47532
Cappp,152,554,220,10.3,36,46592
Cappp,153,550,218,10.4,36,52924
Cappp,154,555,226,11.1,36,51667
Cappp,155,559,228,11.1,36,58556
Cappp,156,559,226,10.3,36,55636
Cappp,157,560,230,11.0,38,55271
Cappp,158,555,229,11.0,38,56050
Cappp,159,553,230,11.1,36,56236
Cappp,160,548,232,11.1,36,59007
Cappp,161,543,226,12.1,39,59677
Cappp,162,538,220,11.2,39,63777
Cappp,163,535,223,11.1,37,59059
Cappp,164,531,218,11.1,39,61277
Cappp,165,531,219,11.0,39,60475
Cappp,166,529,222,11.0,39,54926
Cappp,167,524,217,11.1,37,62854
Cappp,168,520,220,10.2,39,66636
Cappp,169,521,220,10.2,37,70479
Cappp,170,523,220,10.2,39,67888
Cappp,171,522,222,10.1,37,69354
Cappp,172,518,222,10.1,37,74173
Cappp,173,523,226,10.1,37,69246
Cappp,174,519,231,10.2,39,66859
Cappp,175,517,232,10.1,39,74311
Cappp,176,515,232,9.3,39,69465
Cappp,177,511,228,9.2,39,74119
Cappp,178,504,225,9.2,39,71063
Cappp,179,504,221,9.0,39,63473
Cappp,180,503,221,9.0,39,71961
Cappp,181,500,221,9.0,39,72497
Cappp,182,505,224,9.0,38,73585
Cappp,183,501,217,9.0,38,77104
Cappp,184,501,218,9.0,37,72567
Cappp,185,499,216,9.0,36,74086
Cappp,186,499,216,9.0,35,72161
Cappp,187,498,217,9.1,34,81092
Cappp,188,502,219,9.3,31,79419
Cappp,189,501,219,9.3,34,75664
Cappp,190,503,220,10.0,31,78045
Cappp,191,505,224,10.1,34,85360
Cappp,192,513,224,10.2,31,71297
Cappp,193,511,226,10.2,34,66568
Cappp,194,516,221,12.0,31,56894
Cappp,195,514,225,11.1,34,58926
Cappp,196,509,225,11.2,31,58665
Cappp,197,504,221,11.1,34,71240
Cappp,198,501,218,11.1,31,68394
Cappp,199,498,218,11.1,34,70304
Cappp,200,496,215,11.2,31,59359
Cappp,201,496,215,11.2,31,61802
Cappp,202,497,202,12.0,31,60585
Cappp,203,492,209,11.1,34,92064
Cappp,204,500,212,11.3,34,96793
Cappp,205,499,212,10.4,31,97491
Cappp,206,499,217,10.3,34,111661
Capppa,207,499,206,13.0,29,83374
Capppa,208,499,200,13.2,34,78382
Capppa,209,501,196,13.1,31,85374
Capppa,210,511,194,13.1,34,70803
Capppa,211,510,194,14.0,31,59060
Capppa,212,508,195,14.0,30,58094
Capppa,213,507,199,14.0,31,64512
Capppa,214,508,197,13.2,34,65487
Capppa,215,513,195,13.2,31,69240
Capppa,216,507,193,13.3,34,65511
Capppa,217,510,195,14.0,31,66372
Capppa,218,505,192,13.1,34,72589
Capppa,219,504,193,13.1,31,77342
Capppa,220,505,191,13.1,34,73901
Capppp,207,501,227,8.0,34,74165
Capppp,208,500,226,8.0,34,68002
Capppp,209,499,225,8.0,34,75039
Capppp,210,497,224,8.0,34,61839
Capppp,211,496,223,8.0,34,66721
Capppp,212,494,222,8.0,34,73244
Capppp,213,495,222,7.8,34,82413
Capppp,214,496,221,7.6,34,71464
Capppp,215,497,220,7.4,34,75424
Capppp,216,498,219,7.2,34,69067
Capppp,217,499,218,7.0,34,73686
Capppp,218,496,218,8.0,26,74399
Capppp,219,492,218,8.0,26,62262
Capppp,220,493,222,7.2,26,64359
Cp,29,446,299,20.0,50,-406
Cp,30,455,299,20.0,50,-201
Cp,31,464,299,20.0,50,-575
Cp,32,474,300,20.0,50,476
Cp,33,477,300,20.2,48,144
Cp,34,481,301,20.4,46,-10
Cp,35,484,302,20.6,44,-160
Cp,36,488,303,20.8,42,351
Cp,37,492,304,21.0,40,661
Cp,38,497,307,21.0,38,-529
Cp,39,501,308,21.1,36,-520
Cp,40,506,308,20.0,36,-2086
Cp,41,505,300,20.0,46,-472
Cp,42,507,296,20.1,48,-929
Cp,43,506,294,19.2,52,-323
Cp,44,505,304,18.1,52,41
Cp,45,508,307,17.2,59,-361
Cp,46,505,304,17.2,57,-436
Cp,47,516,301,17.1,61,-346
Cp,48,513,300,18.1,58,-737
Cp,49,504,301,18.1,60,125
Cp,50,497,308,18.1,59,-424
Cp,51,499,303,18.1,57,-500
Cp,52,499,299,19.1,61,-381
Cp,53,499,299,19.1,61,-480
Cp,54,493,303,18.0,38,-137
Cp,55,493,303,18.0,38,-225
Cpa,56,463,329,20.0,36,-608
Cpa,57,462,330,20.0,39,541
Cpa,58,469,328,20.5,39,-709
Cpa,59,477,326,21.0,38,-228
Cpa,60,480,329,22.0,40,-402
Cpa,61,491,326,22.1,41,-257
Cpa,62,502,311,23.0,41,-364
Cpa,63,506,306,22.1,55,-554
Cpa,64,494,310,22.1,53,-1269
Cpa,65,484,317,22.1,52,-573
Cpa,66,473,322,21.1,49,-186
Cpa,67,474,326,21.1,53,-544
Cpa,68,468,321,20.2,53,725
Cpa,69,468,319,21.1,53,-333
Cpa,70,474,324,21.1,56,-171
Cpa,71,470,327,21.1,56,-785
Cpa,72,471,328,21.1,56,-998
Cpa,73,475,334,21.1,57,9
Cpa,74,479,327,21.0,55,-108
Cpa,75,480,323,21.1,57,-463
Cpa,76,479,325,21.2,57,-135
Cpa,77,478,320,21.2,56,-680
Cpa,78,472,313,22.1,56,-420
Cpa,79,480,306,21.2,52,111
Cpa,80,473,302,22.0,53,-702
Cpa,81,474,298,22.1,53,-74
Cpa,82,473,294,22.1,53,-495
Cpa,83,471,283,22.1,53,-169
Cpa,84,470,284,22.0,53,-428
Cpa,85,478,276,22.0,56,-191
Cpa,86,475,280,21.2,56,-222
Cpa,87,477,283,22.0,50,-533
Cpa,88,483,281,20.1,50,-38
Cpa,89,487,278,19.9,49,317
Cpaa,90,469,318,22.0,49,-463
Cpaa,91,467,318,22.0,53,-222
Cpaa,92,468,317,22.2,53,-273
Cpaa,93,466,314,23.0,53,-825
Cpaa,94,475,309,23.0,53,174
Cpaa,95,475,310,23.0,49,886
Cpaa,96,479,307,23.1,52,-901
Cpaa,97,479,303,22.1,50,-272
Cpaa,98,479,287,23.0,48,-177
Cpaa,99,482,283,24.0,46,347
Cpaa,100,490,288,23.0,45,-208
Cpaa,101,485,288,23.1,44,-500
Cpaa,102,487,287,24.0,44,-1732
Cpaa,103,479,302,24.0,28,-539
Cpaa,104,488,304,22.3,29,-50
Cpaa,105,488,304,22.3,29,-1147
Cpaa,106,487,308,23.0,46,422
Cpaa,107,482,304,23.0,46,148
Cpaa,108,482,303,24.0,30,-1217
Cpaa,109,484,302,22.1,46,-241
Cpaa,110,488,307,23.0,46,-1745
Cpaa,111,489,298,22.1,45,-645
Cpaa,112,489,304,23.0,30,423
Cpaa,113,491,298,23.0,46,-146
Cpaa,114,489,302,23.0,46,490
Cpaa,115,490,305,23.1,30,1656
Cpaa,116,485,296,23.1,46,-1320
Cpaa,117,484,285,22.1,46,-432
Cpaa,118,475,289,22.0,46,-433
Cpaa,119,479,287,23.0,46,-746
Cpaa,120,480,282,23.0,46,20
Cpaa,121,475,275,23.1,46,-368
Cpaa,122,480,273,22.0,46,286
Cpaa,123,480,277,22.0,46,-129
Cpaa,124,484,271,22.1,46,392
Cpaa,125,486,270,22.0,42,190
Cpaaa,126,477,285,22.1,42,-719
Cpaaa,127,460,296,23.1,44,-742
Cpaaa,128,471,301,23.1,30,-407
Cpaaa,129,470,298,23.0,30,-506
Cpaaa,130,466,282,23.9,42,-1438
Cpaaa,131,467,284,23.9,42,-1394
Cpaaa,132,474,291,24.0,30,-2084
Cpaaa,133,473,283,24.1,30,-1381
Cpaaa,134,470,284,24.0,29,-581
Cpaaa,135,472,275,25.0,29,-966
Cpaaa,136,463,271,24.1,29,1986
Cpaaa,137,463,264,23.0,28,-1697
Cpaaa,138,455,268,23.0,28,3238
Cpaaa,139,453,266,23.2,28,4468
Cpaaa,140,450,263,23.4,28,-217
Cpaaa,141,447,261,23.7,27,-364
Cpaaa,142,444,258,23.9,27,2299
Cpaaa,143,441,255,24.1,26,-2554
Cpaaa,144,433,250,25.0,26,-1680
Cpaaa,145,432,252,25.0,39,-1820
Cpaaa,146,432,252,25.0,39,-1408
Cpaaa,147,434,253,25.0,26,2487
Cpaaa,148,422,254,24.1,34,-2061
Cpaaa,149,422,254,24.1,34,-2459
Cpaaa,150,426,255,25.1,26,42
Cpaaa,151,426,255,25.1,26,-194
Cpaaa,152,428,254,24.0,26,766
Cpaaa,153,432,253,23.1,26,-2555
Cpaaa,154,430,257,24.9,34,-681
Cpaaa,155,431,258,24.9,33,856
Cpaaa,156,432,260,24.9,32,3205
Cpaaa,157,433,261,24.9,31,1524
Cpaaa,158,434,263,25.0,30,-461
Cpaaa,159,435,265,25.0,29,-917
Cpaaa,160,436,266,25.0,28,783
Cpaaa,161,437,268,25.0,27,393
Cpaaa,162,439,270,25.0,26,1237
Cpaaa,163,434,277,25.1,35,772
Cpaaa,164,434,279,25.0,26,-346
Cpaaa,165,434,279,25.0,26,403
Cpaaa,166,435,279,25.0,25,-866
Cpaaa,167,435,279,24.9,25,984
Cpaaa,168,436,280,24.9,24,1078
Cpaaa,169,439,290,24.1,35,609
Cpaaa,170,435,287,25.0,24,-512
Cpaaa,171,446,292,25.1,35,-3608
Cpaaa,172,445,289,25.0,37,-1208
Cpaaa,173,448,286,26.1,24,-816
Cpaaa,174,450,284,25.0,26,602
Cpaaa,175,452,283,24.1,24,611
Cpaaa,176,453,279,22.1,24,3176
Cpaaa,177,453,279,22.1,24,1958
Cpaaa,178,452,289,22.9,35,232
Cpaaa,179,453,289,24.0,35,-776
Cpaaa,180,459,298,23.0,35,-703
Cpaaa,181,464,298,23.1,35,-913
Cpaaaa,182,436,298,23.9,24,2003
Cpaaaa,183,424,299,23.0,24,5394
Cpaaaa,184,420,298,24.0,24,1059
Cpaaaa,185,420,298,24.0,24,545
Cpaaaa,186,426,300,24.0,24,1930
Cpaaaa,187,434,307,24.0,24,1955
Cpaaaa,188,435,294,24.0,24,-429
Cpaaaa,189,435,293,23.9,24,5972
Cpaaaa,190,435,292,23.8,24,-734
Cpaaaa,191,435,291,23.7,24,3835
Cpaaaa,192,435,290,23.6,24,-427
Cpaaaa,193,435,288,23.4,25,-1780
Cpaaaa,194,435,287,23.3,25,-485
Cpaaaa,195,435,286,23.2,25,373
Cpaaaa,196,435,285,23.1,25,586
Cpaaaa,197,435,283,23.0,26,-605
Cpaaaa,198,431,285,24.0,24,5494
Cpaaaa,199,430,285,24.0,24,1781
Cpaaaa,200,429,285,24.0,25,-601
Cpaaaa,201,427,285,24.0,26,2756
Cpaaaa,202,426,285,24.0,27,348
Cpaaaa,203,424,285,24.0,28,2117
Cpaaaa,204,423,285,24.0,29,744
Cpaaaa,205,421,286,24.0,30,1508
Cpaaaa,206,421,286,24.0,30,-1700
Cpaaaa,207,421,286,24.0,29,-1628
Cpaaaa,208,420,286,24.0,28,1366
Cpaaaa,209,420,287,24.0,27,-1382
Cpaaaa,210,419,287,24.0,26,2313
Cpaaaa,211,419,287,24.0,25,2076
Cpaaaa,212,419,287,24.0,25,5140
Cpaaaa,213,419,287,24.0,25,-1094
Cpaaaa,214,419,287,24.0,26,532
Cpaaaa,215,419,286,24.0,26,3882
Cpaaaa,216,419,286,24.0,27,1489
Cpaaaa,217,419,286,24.0,27,-1502
Cpaaaa,218,419,286,24.0,27,2809
Cpaaaa,219,419,285,24.0,28,2105
Cpaaaa,220,419,285,24.0,28,1226
Cpaaap,182,484,292,24.0,28,-11
Cpaaap,183,482,290,23.2,26,-613
Cpaaap,184,487,302,23.0,24,1681
Cpaaap,185,491,300,24.0,32,-1299
Cpaaap,186,495,308,24.0,31,3564
Cpaaap,187,499,305,24.0,30,4136
Cpaaap,188,498,297,24.0,29,269
Cpaaap,189,505,303,22.1,34,-4017
Cpaaap,190,502,299,24.0,29,994
Cpaaap,191,503,296,23.9,24,-4238
Cpaaap,192,503,296,23.9,24,1188
Cpaaap,193,498,295,24.1,32,-3678
Cpaaap,194,500,294,23.9,24,1083
Cpaaap,195,495,288,23.8,24,-3291
Cpaaap,196,494,290,23.8,24,-3183
Cpaaap,197,493,292,23.9,25,-3913
Cpaaap,198,492,294,23.9,26,-4253
Cpaaap,199,491,296,23.9,26,-1716
Cpaaap,200,490,298,23.9,27,-893
Cpaaap,201,489,300,24.0,28,-633
Cpaaap,202,488,302,24.0,29,2710
Cpaaap,203,481,300,24.9,24,1420
Cpaaap,204,481,300,24.9,24,-22
Cpaaap,205,480,300,24.9,25,-2962
Cpaaap,206,479,299,24.9,26,3205
Cpaaap,207,478,299,24.9,26,-2936
Cpaaap,208,477,299,25.0,27,-2455
Cpaaap,209,476,298,25.0,28,-2703
Cpaaap,210,475,298,25.0,28,-1552
Cpaaap,211,474,298,25.0,29,-1645
Cpaaap,212,473,297,25.0,30,-2743
Cpaaap,213,473,296,24.9,30,-1778
Cpaaap,214,473,295,24.8,30,1143
Cpaaap,215,472,294,24.7,30,738
Cpaaap,216,472,293,24.6,30,-26
Cpaaap,217,472,292,24.5,30,-3277
Cpaaap,218,471,291,24.5,30,-3645
Cpaaap,219,471,290,24.4,30,113
Cpaaap,220,471,289,24.3,30,1170
Cpaap,126,506,264,21.1,42,714
Cpaap,127,516,263,20.2,40,-12
Cpaap,128,521,259,21.0,42,450
Cpaap,129,525,264,20.1,42,446
Cpaap,130,526,256,20.0,42,56
Cpaap,131,534,253,20.0,42,-153
Cpaap,132,533,251,20.0,42,1834
Cpaap,133,530,252,20.0,42,-298
Cpaap,134,534,254,20.0,41,669
Cpaap,135,535,256,20.1,41,1157
Cpaap,136,536,259,20.2,43,278
Cpaap,137,542,263,21.1,42,167
Cpaap,138,535,266,21.1,41,475
Cpaap,139,537,266,21.1,42,685
Cpaap,140,532,267,21.1,41,1834
Cpaap,141,534,264,22.1,41,620
Cpaap,142,536,262,22.1,41,681
Cpaap,143,534,266,21.2,39,531
Cpaap,144,527,265,23.0,39,988
Cpaap,145,529,271,22.1,39,2929
Cpaap,146,526,267,23.1,38,-527
Cpaap,147,523,264,23.0,38,648
Cpaap,148,525,271,22.1,38,2001
Cpaap,149,522,271,23.1,38,-173
Cpaap,150,526,270,22.1,38,181
Cpaap,151,527,266,22.1,38,1952
Cpaap,152,531,259,23.0,38,459
Cpaap,153,533,258,23.0,38,1557
Cpaap,154,530,254,22.1,38,2106
Cpaap,155,530,254,22.2,38,-17
Cpaap,156,528,263,23.0,38,406
Cpaap,157,524,272,23.1,38,17
Cpaap,158,530,271,23.0,38,89
Cpaap,159,527,272,22.1,38,565
Cpaap,160,528,274,23.1,38,367
Cpaap,161,531,271,22.1,39,2177
Cpaap,162,535,269,21.1,39,1579
Cpaap,163,538,268,22.0,39,1255
Cpaap,164,541,274,21.1,39,998
Cpaap,165,539,271,21.2,39,943
Cpaap,166,539,273,20.2,39,608
Cpaap,167,535,270,20.2,39,1001
Cpaap,168,532,272,21.1,39,2034
Cpaap,169,535,272,21.0,39,1100
Cpaap,170,535,275,21.0,39,1227
Cpaap,171,540,276,20.1,39,1163
Cpaap,172,540,279,20.3,39,3199
Cpaap,173,540,277,20.1,39,972
Cpaap,174,539,281,20.1,39,1611
Cpaap,175,543,279,21.0,39,2162
Cpaap,176,548,274,20.2,39,2492
Cpaap,177,542,274,20.1,39,1925
Cpaap,178,539,278,20.0,39,3384
Cpaap,179,535,279,20.0,39,2404
Cpaap,180,534,287,20.0,35,4128
Cpaap,181,536,284,18.9,35,1266
Cpaapa,182,525,298,22.0,36,-1652
Cpaapa,183,530,299,21.2,36,-2138
Cpaapa,184,532,296,21.2,35,-2685
Cpaapa,185,542,289,21.2,36,778
Cpaapa,186,544,287,21.2,35,3232
Cpaapa,187,538,293,21.0,34,2232
Cpaapa,188,537,295,22.1,31,1730
Cpaapa,189,538,291,21.2,32,383
Cpaapa,190,537,290,22.0,31,-1092
Cpaapa,191,532,298,23.1,34,838
Cpaapa,192,533,297,23.1,31,2569
Cpaapa,193,528,297,22.1,34,-740
Cpaapa,194,534,298,22.2,31,-139
Cpaapa,195,528,295,23.1,34,-2569
Cpaapa,196,533,293,22.1,31,-691
Cpaapa,197,531,296,23.1,34,-2946
Cpaapa,198,531,295,23.1,31,-623
Cpaapa,199,528,297,23.1,31,-8460
Cpaapa,200,525,299,23.2,31,-3924
Cpaapa,201,522,301,23.2,30,-1787
Cpaapa,202,521,303,23.1,31,-339
Cpaapa,203,521,303,23.1,31,-6826
Cpaapa,204,521,296,24.1,32,-3385
Cpaapa,205,519,290,24.0,29,-3256
Cpaapa,206,520,290,24.1,26,4201
Cpaapa,207,514,292,24.0,29,-2805
Cpaapa,208,515,296,25.0,34,-2548
Cpaapa,209,517,293,25.1,31,1136
Cpaapa,210,518,296,24.0,30,-5597
Cpaapa,211,516,297,24.1,29,1571
Cpaapa,212,512,293,24.0,30,-2123
Cpaapa,213,511,287,23.1,31,-3887
Cpaapa,214,512,286,24.0,32,178
Cpaapa,215,512,293,24.0,31,-3181
Cpaapa,216,509,291,23.1,34,-471
Cpaapa,217,510,285,23.1,31,1657
Cpaapa,218,511,287,22.1,34,4308
Cpaapa,219,509,286,23.0,31,-1291
Cpaapa,220,509,286,23.0,31,3284
Cpaapp,182,541,281,17.0,34,1179
Cpaapp,183,547,273,16.2,34,3447
Cpaapp,184,550,273,15.4,37,3141
Cpaapp,185,551,271,15.2,36,1968
Cpaapp,186,552,266,15.2,35,2464
Cpaapp,187,558,269,16.0,34,3911
Cpaapp,188,569,269,17.1,31,2854
Cpaapp,189,571,263,17.0,34,2604
Cpaapp,190,568,267,17.0,31,4842
Cpaapp,191,566,269,17.1,34,3138
Cpaapp,192,565,275,17.1,31,2164
Cpaapp,193,566,269,17.1,34,6302
Cpaapp,194,568,274,17.0,31,5681
Cpaapp,195,571,277,17.1,34,6376
Cpaapp,196,571,277,17.1,34,9123
Cpaapp,197,571,277,17.1,34,7201
Cpaapp,198,574,278,16.2,31,14890
Cpaapp,199,575,278,17.1,34,11302
Cpaapp,200,574,279,18.0,31,10817
Cpaapp,201,570,280,17.6,31,8286
Cpaapp,202,566,282,17.1,31,12858
Cpaapp,203,566,282,17.1,34,12446
Cpaapp,204,566,279,18.0,34,10147
Cpaapp,205,564,281,18.1,31,8018
Cpaapp,206,564,283,18.1,34,11695
Cpaapp,207,566,288,18.1,31,14844
Cpaapp,208,570,280,18.1,34,15214
Cpaapp,209,566,281,19.0,31,7157
Cpaapp,210,565,278,19.1,34,6180
Cpaapp,211,564,280,20.0,31,2567
Cpaapp,212,561,272,20.0,34,2275
Cpaapp,213,563,274,20.0,31,2840
Cpaapp,214,560,280,19.0,32,8338
Cpaapp,215,560,278,19.1,31,7452
Cpaapp,216,556,272,20.0,34,6392
Cpaapp,217,554,271,19.2,31,3697
Cpaapp,218,553,270,19.1,34,6735
Cpaapp,219,553,265,21.0,31,2940
Cpaapp,220,555,267,20.1,34,4001
Cpap,90,485,248,21.1,34,333
Cpap,91,485,241,22.2,36,535
Cpap,92,486,237,22.1,49,-177
Cpap,93,486,229,22.1,49,-104
Cpap,94,493,219,22.0,49,-131
Cpap,95,497,216,22.1,49,-9
Cpap,96,515,218,23.0,48,-438
Cpap,97,519,226,22.9,46,314
Cpap,98,530,216,23.0,44,8
Cpap,99,536,216,22.1,44,625
Cpap,100,533,215,23.0,45,-175
Cpap,101,540,216,22.1,44,-291
Cpap,102,539,216,23.0,44,-249
Cpap,103,537,218,23.1,44,-280
Cpap,104,537,217,23.0,45,172
Cpap,105,535,221,22.2,46,-256
Cpap,106,538,218,23.0,46,-282
Cpap,107,542,222,22.1,46,245
Cpap,108,540,219,22.1,46,-500
Cpap,109,537,223,22.1,46,-325
Cpap,110,537,226,22.1,46,296
Cpap,111,541,223,22.0,45,-196
Cpap,112,538,222,22.1,46,-71
Cpap,113,541,223,22.1,46,-436
Cpap,114,542,223,22.2,46,542
Cpap,115,542,221,23.0,46,-447
Cpap,116,542,221,22.2,46,264
Cpap,117,537,222,22.2,46,702
Cpap,118,540,220,22.2,46,921
Cpap,119,547,218,22.1,46,-781
Cpap,120,547,219,22.1,46,-7
Cpap,121,548,222,22.2,46,-18
Cpap,122,545,222,22.1,46,1489
Cpap,123,539,225,21.2,44,287
Cpap,124,539,218,21.1,46,826
Cpap,125,543,215,20.2,44,772
Cpap,126,543,220,20.1,44,667
Cpap,127,545,216,20.0,42,235
Cpapa,128,543,226,22.0,42,1346
Cpapa,129,549,216,22.9,42,873
Cpapa,130,555,217,22.0,42,726
Cpapa,131,555,206,21.9,42,1162
Cpapa,132,566,208,21.2,42,1946
Cpapa,133,565,206,22.0,42,759
Cpapa,134,567,210,21.9,41,1390
Cpapa,135,566,218,22.1,41,528
Cpapa,136,563,221,22.0,41,2370
Cpapa,137,563,221,22.1,42,1065
Cpapa,138,561,222,22.0,41,280
Cpapa,139,558,226,21.2,42,431
Cpapa,140,560,233,22.1,41,-439
Cpapa,141,560,230,21.2,41,977
Cpapa,142,565,234,21.1,39,1939
Cpapa,143,565,240,21.0,39,298
Cpapa,144,560,236,22.1,37,570
Cpapa,145,562,235,21.2,39,1834
Cpapa,146,560,235,21.1,38,137
Cpapa,147,558,234,21.1,38,3572
Cpapa,148,555,237,22.0,38,2074
Cpapa,149,558,236,20.2,38,2396
Cpapa,150,557,244,20.1,38,3280
Cpapa,151,560,240,20.1,38,3540
Cpapa,152,563,239,20.0,38,3618
Cpapa,153,564,243,19.1,38,5109
Cpapa,154,565,244,19.2,38,5199
Cpapa,155,563,246,19.1,38,5434
Cpapa,156,559,253,19.1,38,5431
Cpapa,157,561,257,19.0,38,4111
Cpapa,158,563,260,19.0,38,6907
Cpapa,159,566,267,18.2,38,7612
Cpapa,160,565,265,19.0,36,6767
Cpapa,161,567,268,18.2,39,7403
Cpapa,162,564,266,18.0,39,7470
Cpapa,163,565,272,17.1,39,11392
Cpapa,164,567,271,17.0,39,9589
Cpapa,165,570,265,16.2,39,10637
Cpapa,166,569,266,16.1,39,11007
Cpapa,167,568,263,16.0,39,13987
Cpapa,168,567,262,16.0,39,13265
Cpapa,169,567,266,15.0,39,16032
Cpapa,170,567,265,15.2,39,16631
Cpapa,171,566,270,14.2,39,16092
Cpapa,172,566,269,15.1,39,16149
Cpapa,173,566,275,14.2,39,18368
Cpapa,174,568,274,14.2,39,18975
Cpapa,175,568,271,14.0,39,16882
Cpapa,176,567,265,13.1,39,22779
Cpapa,177,562,265,12.3,37,20993
Cpapa,178,561,265,13.1,39,22611
Cpapa,179,562,269,13.1,39,19748
Cpapa,180,564,271,12.1,39,27214
Cpapa,181,565,271,12.2,39,29370
Cpapa,182,569,269,11.3,38,27590
Cpapa,183,568,258,11.1,38,33914
Cpapa,184,563,259,11.2,37,39483
Cpapa,185,560,263,10.3,36,40335
Cpapa,186,555,264,11.1,35,39549
Cpapa,187,551,263,11.0,34,42740
Cpapaa,188,550,245,10.0,31,29214
Cpapaa,189,547,238,9.8,30,31198
Cpapaa,190,548,237,9.1,31,33480
Cpapaa,191,549,237,9.1,34,28346
Cpapaa,192,551,238,9.1,31,26526
Cpapaa,193,554,236,8.3,32,33994
Cpapaa,194,556,237,9.1,31,33453
Cpapaa,195,562,240,9.0,34,31988
Cpapaa,196,562,239,9.2,31,35729
Cpapaa,197,566,238,10.2,34,38023
Cpapaa,198,568,233,11.1,31,35984
Cpapaa,199,568,240,11.1,34,33825
Cpapaa,200,563,242,12.0,31,37347
Cpapaa,201,564,244,11.3,34,36407
Cpapaa,202,561,244,11.4,31,38649
Cpapaa,203,560,246,12.2,34,39613
Cpapaa,204,562,246,12.2,34,40040
Cpapaa,205,565,244,12.3,31,40865
Cpapaa,206,571,244,12.2,34,42468
Cpapaa,207,569,242,12.3,31,46424
Cpapaa,208,570,234,13.0,34,49230
Cpapaa,209,571,228,13.2,31,51689
Cpapaa,210,576,231,13.2,34,48385
Cpapaa,211,571,235,13.2,31,46436
Cpapaa,212,569,235,13.2,34,48329
Cpapaa,213,572,234,13.1,31,55223
Cpapaa,214,570,235,14.0,34,51073
Cpapaa,215,571,234,14.1,31,55440
Cpapaa,216,573,231,14.2,34,51385
Cpapaa,217,567,231,14.3,31,54041
Cpapaa,218,571,225,14.2,34,56458
Cpapaa,219,569,222,15.0,31,49726
Cpapaa,220,575,228,14.1,34,59580
Cpapap,188,566,281,12.1,31,32350
Cpapap,189,568,281,12.0,30,36132
Cpapap,190,568,283,12.0,29,38989
Cpapap,191,568,286,12.0,30,34921
Cpapap,192,573,290,12.2,31,34259
Cpapap,193,576,284,13.2,34,30750
Cpapap,194,575,287,14.1,31,35564
Cpapap,195,572,291,14.1,34,30902
Cpapap,196,574,290,15.0,31,30917
Cpapap,197,574,290,15.0,31,30450
Cpapap,198,575,285,14.2,31,33639
Cpapap,199,573,288,14.2,34,35068
Cpapap,200,577,282,15.0,31,45396
Cpapap,201,572,285,14.6,34,35128
Cpapap,202,572,285,14.8,34,31019
Cpapap,203,572,286,14.9,34,30574
Cpapap,204,572,287,15.1,34,40035
Cpapap,205,570,293,15.0,31,44639
Cpapap,206,571,295,16.0,34,43414
Cpapap,207,574,291,16.1,31,46488
Cpapap,208,578,285,16.0,34,49443
Cpapap,209,578,281,16.1,31,51177
Cpapap,210,573,286,16.0,34,49137
Cpapap,211,573,289,15.3,31,44461
Cpapap,212,575,288,16.2,34,49170
Cpapap,213,568,286,16.1,31,53654
Cpapap,214,568,291,16.0,34,55129
Cpapap,215,568,290,16.2,31,52689
Cpapap,216,565,287,17.1,34,49042
Cpapap,217,565,285,16.3,31,56444
Cpapap,218,566,279,17.0,34,51939
Cpapap,219,568,275,16.2,31,48144
Cpapap,220,566,278,16.1,34,56177
Cpapp,128,549,195,18.9,42,-227
Cpapp,129,555,191,16.3,40,1703
Cpapp,130,561,188,16.9,42,-748
Cpapp,131,560,190,15.2,40,435
Cpapp,132,565,196,13.5,38,637
Cpapp,133,570,196,14.0,40,1618
Cpapp,134,574,199,14.1,39,1372
Cpapp,135,575,199,14.9,41,1167
Cpapp,136,579,206,15.0,41,569
Cpapp,137,581,208,15.1,40,469
Cpapp,138,582,210,15.1,39,657
Cpapp,139,587,219,15.9,38,1744
Cpapp,140,588,226,16.9,37,1744
Cpapp,141,587,220,16.9,37,2454
Cpapp,142,587,226,16.1,37,3531
Cpapp,143,588,237,16.1,39,1445
Cpapp,144,586,236,16.3,37,699
Cpapp,145,586,234,16.2,37,2866
Cpapp,146,586,237,17.0,36,2719
Cpapp,147,587,233,17.1,36,3952
Cpapp,148,588,233,17.1,38,4402
Cpapp,149,586,234,17.2,36,5026
Cpapp,150,585,233,16.4,38,5694
Cpapp,151,586,240,16.3,38,4746
Cpapp,152,588,238,16.2,38,4269
Cpapp,153,587,236,15.3,38,5825
Cpapp,154,588,240,16.1,38,7047
Cpapp,155,587,242,16.1,38,6819
Cpapp,156,587,245,16.1,38,7858
Cpapp,157,588,248,15.2,38,8005
Cpapp,158,586,250,15.0,38,10931
Cpapp,159,586,255,14.3,38,10274
Cpapp,160,585,254,14.2,38,10534
Cpapp,161,585,252,14.2,39,10842
Cpapp,162,582,251,14.0,39,9521
Cpapp,163,579,252,13.2,37,11438
Cpapp,164,578,246,12.3,39,6381
Cpapp,165,577,250,12.1,37,14053
Cpapp,166,574,250,11.3,39,15201
Cpapp,167,573,251,11.3,39,18826
Cpapp,168,568,253,11.0,39,15158
Cpapp,169,566,256,10.1,39,16906
Cpapp,170,566,261,10.1,39,15479
Cpapp,171,563,266,9.3,39,18010
Cpapp,172,561,268,9.2,39,16872
Cpapp,173,565,269,9.3,39,15919
Cpapp,174,563,271,9.3,39,19437
Cpapp,175,560,269,9.1,39,20899
Cpapp,176,556,265,9.1,39,21027
Cpapp,177,557,263,8.3,37,20706
Cpapp,178,549,262,8.1,39,22193
Cpapp,179,549,258,8.1,39,24016
Cpapp,180,550,264,8.1,39,25712
Cpapp,181,547,264,7.4,37,24583
Cpapp,182,553,264,8.0,38,30339
Cpapp,183,547,260,7.3,38,27044
Cpapp,184,543,259,7.2,37,29398
Cpapp,185,540,259,7.0,36,30647
Cpapp,186,536,255,6.2,35,29372
Cpapp,187,530,256,6.1,34,32082
Cpapp,188,528,263,6.3,31,34344
Cpapp,189,527,262,6.4,32,36288
Cpapp,190,526,261,7.3,31,42300
Cpapp,191,525,268,7.4,34,40732
Cpappd,192,537,279,9.2,31,31186
Cpappd,193,549,279,9.0,30,32428
Cpappd,194,552,279,9.9,29,38059
Cpappd,195,558,279,9.9,30,34326
Cpappd,196,561,277,10.2,31,27926
Cpappd,197,561,270,10.2,34,29043
Cpappd,198,562,269,10.1,31,24299
Cpappd,199,565,270,10.1,34,30273
Cpappd,200,565,273,10.1,31,33994
Cpappd,201,568,279,10.2,34,30043
Cpappd,202,563,280,10.1,31,37534
Cpappd,203,564,285,10.1,34,35263
Cpappd,204,565,286,10.1,34,33395
Cpappd,205,570,286,11.0,31,37770
Cpappd,206,568,288,11.2,34,36388
Cpappd,207,571,287,11.1,31,46712
Cpappd,208,574,278,11.2,34,39648
Cpappd,209,570,276,12.0,31,36722
Cpappd,210,573,276,11.4,32,37364
Cpappd,211,568,280,11.3,31,41402
Cpappd,212,574,279,12.2,34,39766
Cpappd,213,570,281,12.2,31,41748
Cpappd,214,572,279,12.0,34,40956
Cpappd,215,570,281,12.1,31,49542
Cpappd,216,566,278,12.1,34,40009
Cpappd,217,569,276,12.3,31,48145
Cpappd,218,569,273,12.1,34,38322
Cpappd,219,570,273,12.1,31,58504
Cpappd,220,571,279,12.1,34,46654
Cpappv,192,518,267,6.5,31,30931
Cpappv,193,518,261,6.0,30,38246
Cpappv,194,521,262,6.7,29,38649
Cpappv,195,521,263,6.7,30,28395
Cpappv,196,519,265,6.1,31,39496
Cpappv,197,521,264,5.8,30,30538
Cpappv,198,523,263,5.5,28,36769
Cpappv,199,525,262,5.2,26,36536
Cpappv,200,524,251,7.0,26,37129
Cpappv,201,524,251,7.0,26,40667
Cpappv,202,521,250,7.0,26,37383
Cpappv,203,521,250,7.0,26,34128
Cpappv,204,528,262,6.1,26,46455
Cpappv,205,532,265,6.3,31,40003
Cpappv,206,533,267,6.2,32,43565
Cpappv,207,535,269,6.3,31,38622
Cpappv,208,538,262,6.3,32,43963
Cpappv,209,537,259,7.0,26,38212
Cpappv,210,540,259,7.1,26,48977
Cpappv,211,541,257,6.5,31,53427
Cpappv,212,541,258,6.5,31,40845
Cpappv,213,541,259,6.4,30,50507
Cpappv,214,541,260,6.4,29,50230
Cpappv,215,541,261,6.4,29,48346
Cpappv,216,541,262,6.4,28,55802
Cpappv,217,541,263,6.3,27,60478
Cpappv,218,541,265,6.3,26,50162
Cpappv,219,545,266,7.1,26,47963
Cpappv,220,545,265,7.0,26,54607
Cpp,56,511,273,20.0,28,362
Cpp,57,515,269,21.0,33,190
Cpp,58,519,264,21.9,38,-1209
Cpp,59,530,248,22.0,38,-214
Cpp,60,547,236,21.1,42,-1112
Cpp,61,555,229,21.1,54,-698
Cpp,62,565,226,20.2,56,-1121
Cpp,63,570,219,20.1,55,-809
Cpp,64,571,218,20.2,55,-261
Cpp,65,567,229,20.1,56,-349
Cpp,66,562,245,21.1,53,-1623
Cpp,67,566,255,19.2,53,-1144
Cpp,68,561,256,19.2,53,-963
Cpp,69,563,259,20.1,53,-875
Cpp,70,563,259,20.2,56,-643
Cpp,71,558,254,20.2,56,-306
Cpp,72,551,250,21.2,56,-626
Cpp,73,555,242,21.2,57,-640
Cpp,74,551,232,21.3,55,-177
Cpp,75,547,231,21.3,55,-750
Cpp,76,542,228,22.1,55,-705
Cpp,77,530,227,22.1,50,-103
Cpp,78,526,229,21.9,50,-232
Cpp,79,526,222,21.1,52,227
Cpp,80,525,219,21.1,53,-84
Cpp,81,535,207,22.2,53,-426
Cpp,82,525,196,21.2,53,-468
Cpp,83,534,202,21.2,53,-947
Cpp,84,538,206,22.1,53,268
Cpp,85,540,200,22.0,56,-149
Cpp,86,540,201,21.1,54,-194
Cpp,87,539,202,21.1,56,46
Cpp,88,537,198,20.1,54,151
Cpp,89,542,205,20.0,49,-312
Cpp,90,549,202,20.9,49,-15
Cpp,91,538,198,19.2,51,277
Cppa,92,564,224,20.0,41,477
Cppa,93,563,227,19.2,47,142
Cppa,94,564,231,19.0,49,-385
Cppa,95,568,232,18.9,49,-608
Cppa,96,570,231,17.9,48,-184
Cppa,97,571,240,17.9,46,786
Cppa,98,574,238,17.0,44,896
Cppa,99,571,235,17.1,42,1033
Cppa,100,572,242,17.9,41,89
Cppa,101,568,247,17.0,40,275
Cppa,102,567,240,17.0,44,2066
Cppa,103,568,244,16.1,44,2220
Cppa,104,568,242,17.0,43,1627
Cppa,105,566,238,16.1,44,714
Cppa,106,563,239,16.0,42,1869
Cppa,107,564,241,15.2,44,1862
Cppa,108,565,241,16.0,42,3057
Cppa,109,562,241,16.2,44,2830
Cppa,110,564,245,16.2,46,2262
Cppa,111,560,245,17.0,41,5184
Cppa,112,564,242,16.2,44,2197
Cppa,113,561,247,16.1,44,4135
Cppa,114,563,249,16.1,44,4698
Cppa,115,562,256,16.9,42,5455
Cppa,116,557,253,16.1,46,6032
Cppa,117,557,248,16.2,44,4335
Cppa,118,554,253,16.3,46,6143
Cppa,119,551,255,16.2,44,6155
Cppa,120,553,258,16.0,44,7005
Cppa,121,547,259,16.1,42,6670
Cppa,122,551,266,15.2,30,8318
Cppa,123,551,266,15.2,30,8529
Cppa,124,546,275,16.0,42,11249
Cppa,125,550,278,15.1,30,14580
Cppa,126,555,270,14.9,42,9746
Cppa,127,554,264,14.1,46,12360
Cppa,128,555,265,13.3,46,11922
Cppa,129,559,265,12.0,42,16419
Cppa,130,562,270,12.1,42,16331
Cppa,131,563,275,12.1,46,15741
Cppa,132,562,285,11.2,44,18892
Cppa,133,561,288,11.0,42,18989
Cppa,134,563,285,10.2,45,20656
Cppa,135,563,287,10.1,45,22445
Cppa,136,561,291,10.2,43,20659
Cppa,137,563,289,10.3,44,21302
Cppa,138,562,292,10.3,43,25948
Cppa,139,562,295,10.2,42,24050
Cppa,140,559,299,10.2,41,27715
Cppa,141,562,295,10.2,41,31626
Cppa,142,558,296,10.1,41,32966
Cppa,143,554,296,10.1,39,34980
Cppa,144,553,292,10.1,39,35861
Cppa,145,551,285,10.0,39,35193
Cppa,146,550,289,10.1,38,39097
Cppa,147,551,285,10.1,36,43647
Cppa,148,547,287,10.1,36,45344
Cppa,149,541,285,10.1,38,44446
Cppaa,150,515,303,8.3,34,39738
Cppaa,151,512,310,8.1,34,39743
Cppaa,152,511,313,8.0,34,38724
Cppaa,153,512,307,8.0,34,37671
Cppaa,154,503,309,8.0,36,32705
Cppaa,155,502,313,7.3,36,31990
Cppaa,156,499,317,7.2,38,34575
Cppaa,157,495,315,7.3,38,33796
Cppaa,158,492,315,8.0,26,22875
Cppaa,159,493,311,7.0,26,31794
Cppaa,160,486,314,7.2,38,36236
Cppaa,161,481,310,7.2,26,31298
Cppaa,162,480,309,7.3,28,35420
Cppaa,163,478,308,7.5,30,29814
Cppaa,164,476,306,7.6,32,36857
Cppaa,165,474,305,7.7,34,42276
Cppaa,166,472,304,7.9,36,45394
Cppaa,167,470,302,8.0,39,41645
Cppaa,168,464,309,7.2,39,49102
Cppaa,169,462,313,7.1,39,43269
Cppaa,170,456,311,7.2,39,45512
Cppaa,171,455,310,7.2,39,52562
Cppaa,172,453,309,7.2,39,57381
Cppaa,173,451,308,7.2,39,62271
Cppaa,174,449,307,7.1,39,56865
Cppaa,175,447,306,7.1,39,59991
Cppaa,176,445,305,7.1,39,56059
Cppaa,177,443,303,7.1,39,49908
Cppaa,178,436,301,8.0,39,48920
Cppaa,179,433,301,8.0,39,50444
Cppaa,180,430,300,8.1,39,56880
Cppaa,181,426,299,8.1,39,56527
Cppaa,182,430,301,8.0,38,55594
Cppaa,183,435,299,8.0,38,55092
Cppaa,184,436,300,7.0,37,42267
Cppaa,185,436,300,7.0,37,50580
Cppaa,186,435,295,8.0,35,51168
Cppaa,187,427,290,9.0,34,52673
Cppaa,188,435,297,9.1,26,47835
Cppaa,189,439,298,8.0,34,48571
Cppaa,190,430,297,9.3,31,62893
Cppaa,191,430,297,9.3,31,58101
Cppaa,192,434,295,9.2,32,64080
Cppaa,193,439,292,9.0,34,60430
Cppaa,194,439,289,9.0,31,59586
Cppaa,195,439,293,9.1,34,59250
Cppaa,196,437,295,9.1,31,57625
Cppaa,197,437,300,9.1,34,53851
Cppaa,198,431,297,8.2,31,58735
Cppaa,199,434,299,9.0,34,60913
Cppaa,200,434,303,9.2,31,59149
Cppaa,201,435,301,9.1,34,56679
Cppaa,202,433,299,9.1,31,53799
Cppaa,203,427,300,9.2,34,59169
Cppaa,204,427,307,9.1,34,65804
Cppaa,205,426,312,9.1,31,71963
Cppaa,206,430,311,9.1,34,72528
Cppaa,207,426,311,9.0,31,67291
Cppaa,208,429,312,10.1,34,85469
Cppaa,209,425,312,9.3,31,79551
Cppaa,210,427,310,10.2,34,85220
Cppaaa,211,415,327,11.1,31,76384
Cppaaa,212,413,330,11.2,34,51088
Cppaaa,213,413,327,12.0,29,72754
Cppaaa,214,413,324,12.1,34,55012
Cppaaa,215,410,323,12.1,31,62818
Cppaaa,216,409,330,12.0,34,56557
Cppaaa,217,404,329,12.1,26,60321
Cppaaa,218,407,327,12.0,34,64112
Cppaaa,219,406,324,12.2,31,60527
Cppaaa,220,406,332,12.1,34,56630
Cppaap,211,431,289,10.0,29,67572
Cppaap,212,438,282,9.1,30,67982
Cppaap,213,436,280,9.0,31,67207
Cppaap,214,436,281,8.9,31,57432
Cppaap,215,436,282,8.8,30,42601
Cppaap,216,437,284,8.7,30,37433
Cppaap,217,437,285,8.6,29,34362
Cppaap,218,437,286,8.5,29,23076
Cppaap,219,438,288,8.4,28,51591
Cppaap,220,438,289,8.3,28,55445
Cppap,150,556,266,10.1,34,33448
Cppap,151,553,264,9.8,34,38307
Cppap,152,551,261,9.3,36,35301
Cppap,153,549,253,9.4,36,37099
Cppap,154,549,261,9.3,36,33765
Cppap,155,551,269,10.1,36,41336
Cppap,156,550,263,9.1,38,36405
Cppap,157,546,263,8.3,38,34644
Cppap,158,537,265,8.2,38,37345
Cppap,159,535,265,8.2,38,35189
Cppap,160,529,266,9.0,38,37740
Cppap,161,524,261,9.0,39,33546
Cppap,162,522,251,8.3,37,38609
Cppap,163,516,254,8.1,37,38617
Cppap,164,510,246,8.2,39,37992
Cppap,165,505,249,8.3,39,38044
Cppap,166,500,250,7.4,37,37277
Cppap,167,492,252,8.4,39,43882
Cppap,168,483,254,8.3,39,37322
Cppap,169,483,251,9.2,39,40576
Cppap,170,481,251,9.2,39,41501
Cppap,171,477,252,9.2,39,41958
Cppap,172,476,254,10.1,39,43509
Cppap,173,476,257,10.1,39,45235
Cppap,174,472,261,10.0,39,40619
Cppap,175,469,262,9.4,37,44926
Cppap,176,465,265,9.3,39,44600
Cppap,177,463,259,9.2,39,46805
Cppap,178,458,259,9.1,39,47042
Cppap,179,457,254,9.0,37,47898
Cppap,180,453,254,8.1,39,53339
Cppap,181,455,259,8.0,39,50347
Cppap,182,458,260,8.0,38,54372
Cppap,183,460,260,8.1,38,55027
Cppap,184,460,263,8.0,37,55960
Cppap,185,460,270,8.1,36,52769
Cppap,186,461,261,7.2,35,54693
Cppap,187,460,264,7.3,32,48545
Cppap,188,462,268,8.0,31,61937
Cppap,189,464,274,8.2,34,62958
Cppap,190,465,277,8.5,32,48323
Cppap,191,467,280,8.8,29,47198
Cppap,192,469,283,9.1,26,36250
Cppap,193,469,283,9.1,27,33129
Cppap,194,470,282,9.1,28,53332
Cppap,195,471,282,9.1,29,36868
Cppap,196,472,281,9.1,31,42320
Cppap,197,468,278,10.1,34,55987
Cppap,198,471,275,10.0,31,56457
Cppap,199,471,277,9.8,31,56894
Cppap,200,471,279,9.6,32,55257
Cppap,201,471,281,9.4,32,47830
Cppap,202,471,283,9.2,33,52598
Cppap,203,471,285,9.0,34,50273
Cppap,204,471,285,9.1,34,45486
Cppap,205,470,286,9.1,33,58216
Cppap,206,469,287,9.2,33,62506
Cppap,207,469,288,9.2,32,59274
Cppap,208,468,289,9.3,32,67888
Cppap,209,467,290,9.3,31,71192
Cppap,210,464,297,8.1,34,66256
Cppap,211,468,296,9.1,31,79336
Cppap,212,469,299,9.1,34,85728
Cppap,213,467,300,9.2,31,90229
Cppap,214,466,303,9.2,34,75377
Cppap,215,464,303,9.0,31,70450
Cppapa,216,444,314,11.1,30,72034
Cppapa,217,444,316,11.4,31,61292
Cppapa,218,444,320,12.1,32,59466
Cppapa,219,444,318,11.2,31,54023
Cppapa,220,442,319,12.1,34,51274
Cppapp,216,485,294,8.3,26,66494
Cppapp,217,486,296,8.3,26,71123
Cppapp,218,486,292,8.1,26,65665
Cppapp,219,485,293,8.4,26,61091
Cppapp,220,484,295,8.6,27,64365
Cppp,92,522,183,19.1,47,22
Cppp,93,517,182,19.1,49,-531
Cppp,94,520,176,20.0,47,37
Cppp,95,527,172,20.1,49,196
Cppp,96,531,163,21.0,48,-200
Cppp,97,537,167,20.9,46,-3
Cppp,98,540,161,19.1,44,-787
Cppp,99,544,164,19.1,42,687
Cppp,100,548,163,18.9,41,-33
Cppp,101,551,169,18.9,40,1580
Cppp,102,551,168,18.0,40,961
Cppp,103,548,172,18.0,40,74
Cppp,104,547,169,18.3,43,1188
Cppp,105,548,175,18.1,42,2069
Cppp,106,550,177,18.0,42,997
Cppp,107,550,174,17.1,42,2465
Cppp,108,548,172,17.9,42,1016
Cppp,109,551,175,17.9,42,2867
Cppp,110,549,180,17.9,42,2217
Cppp,111,551,175,17.2,43,3480
Cppp,112,547,178,17.2,44,3634
Cppp,113,550,183,18.0,44,2185
Cppp,114,552,182,18.0,44,4088
Cppp,115,547,186,18.1,44,3667
Cppp,116,549,189,17.2,44,3890
Cppp,117,546,187,17.1,46,4009
Cppp,118,542,194,17.9,42,5463
Cppp,119,538,191,16.2,44,4698
Cppp,120,536,199,17.0,46,6322
Cppp,121,533,199,17.2,44,8011
Cppp,122,534,202,16.3,46,7109
Cppp,123,533,207,17.0,44,5634
Cppp,124,534,208,15.2,44,9986
Cppp,125,541,206,15.1,46,9296
Cppp,126,544,202,15.0,44,11613
Cppp,127,545,197,14.3,44,10440
Cppp,128,535,196,14.2,46,10977
Cppp,129,524,208,14.0,46,12061
Cppp,130,532,218,14.0,42,15227
Cppp,131,535,224,14.1,44,14452
Cppp,132,539,236,14.0,42,18478
Cppp,133,540,238,15.0,42,17078
Cppp,134,543,238,14.3,45,15849
Cppp,135,545,244,15.1,45,19429
Cppp,136,547,245,15.1,45,20456
Cppp,137,548,247,15.3,42,23031
Cppp,138,538,254,16.0,39,19688
Cppp,139,546,264,15.1,42,19920
Cpppa,140,534,277,17.0,37,12903
Cpppa,141,543,273,17.8,37,14823
Cpppa,142,543,276,17.1,41,16289
Cpppa,143,538,284,16.2,39,13996
Cpppa,144,545,284,18.1,39,15320
Cpppa,145,545,280,18.1,39,16358
Cpppa,146,547,284,18.0,38,16824
Cpppa,147,547,283,17.2,38,20043
Cpppa,148,550,283,18.2,38,20260
Cpppa,149,548,285,18.0,38,25503
Cpppa,150,544,292,17.0,38,22370
Cpppa,151,543,290,16.1,38,24855
Cpppa,152,544,296,16.1,38,29852
Cpppa,153,543,291,16.1,38,25917
Cpppa,154,535,290,16.1,38,23477
Cpppa,155,533,287,15.1,36,28225
Cpppa,156,533,287,15.1,36,23271
Cpppa,157,528,296,14.1,26,30326
Cpppa,158,531,298,14.2,38,38743
Cpppa,159,531,300,14.1,34,37475
Cpppa,160,531,302,14.1,30,38381
Cpppa,161,532,305,14.0,26,28875
Cpppa,162,524,302,13.1,26,39501
Cpppa,163,523,302,13.1,26,41068
Cpppa,164,523,298,13.2,39,42589
Cpppa,165,523,298,13.2,39,41752
Cpppa,166,528,295,13.2,26,26680
Cpppa,167,520,294,13.1,26,37475
Cpppa,168,519,294,12.9,26,32605
Cpppa,169,517,295,12.7,26,27208
Cpppa,170,516,296,12.4,26,32621
Cpppa,171,514,297,12.2,26,42245
Cpppa,172,512,300,13.1,26,44306
Cpppa,173,511,309,12.0,26,26220
Cpppa,174,513,306,13.0,26,38531
Cpppa,175,511,301,13.0,26,45220
Cpppa,176,518,310,12.1,26,35502
Cpppa,177,516,297,13.1,26,42413
Cpppa,178,515,302,12.1,39,48846
Cpppa,179,514,292,12.0,39,51176
Cpppa,180,515,292,11.2,39,56951
Cpppa,181,514,297,11.1,39,58479
Cpppa,182,513,304,11.1,38,58341
Cpppa,183,511,305,11.2,38,59627
Cpppa,184,507,305,12.0,37,69170
Cpppa,185,501,306,12.0,36,68716
Cpppa,186,497,301,11.2,35,64083
Cpppa,187,493,305,12.0,34,62592
Cpppa,188,493,309,13.0,31,63519
Cpppa,189,493,309,13.2,34,60256
Cpppa,190,488,309,14.1,31,58000
Cpppa,191,490,310,14.0,34,68389
Cpppa,192,484,314,14.3,31,64685
Cpppa,193,486,309,14.1,34,65096
Cpppa,194,484,308,15.1,31,67100
Cpppa,195,484,305,15.0,34,69139
Cpppa,196,481,310,15.2,31,69819
Cpppa,197,475,309,15.1,34,85752
Cpppa,198,474,309,15.0,31,84494
Cpppa,199,471,312,15.0,30,95328
Cpppaa,200,455,324,16.2,31,63917
Cpppaa,201,442,331,17.0,30,77300
Cpppaa,202,437,331,16.3,31,65408
Cpppaa,203,433,334,17.2,34,63132
Cpppaa,204,434,336,17.0,34,54433
Cpppaa,205,432,337,16.2,31,56508
Cpppaa,206,435,337,16.1,34,50537
Cpppaa,207,437,336,16.1,31,58490
Cpppaa,208,440,329,15.1,34,56590
Cpppaa,209,440,331,16.0,31,48653
Cpppaa,210,441,327,15.1,34,56776
Cpppaa,211,445,328,15.1,31,55365
Cpppaa,212,447,329,15.0,34,55528
Cpppaa,213,448,325,15.0,31,72135
Cpppaa,214,445,327,15.1,34,58186
Cpppaa,215,446,327,15.1,31,65872
Cpppaa,216,444,328,15.0,34,62499
Cpppaa,217,443,330,15.1,31,70341
Cpppaa,218,445,329,15.2,34,69268
Cpppaa,219,446,330,15.2,31,64683
Cpppaa,220,451,331,15.1,26,55006
Cpppap,200,488,301,13.3,31,64089
Cpppap,201,482,302,13.3,26,66710
Cpppap,202,482,306,13.2,26,66862
Cpppap,203,481,311,13.1,26,55413
Cpppap,204,481,312,13.2,26,65774
Cpppap,205,481,312,13.2,31,59775
Cpppap,206,482,310,12.3,26,55416
Cpppap,207,482,310,12.3,26,63339
Cpppap,208,485,315,13.1,26,65506
Cpppap,209,487,309,13.1,31,74011
Cpppap,210,495,309,13.1,26,56591
Cpppap,211,487,313,13.2,31,70756
Cpppap,212,487,315,13.1,34,60338
Cpppap,213,490,321,13.0,26,70515
Cpppap,214,485,318,14.0,34,64229
Cpppap,215,480,312,14.1,31,70091
Cpppap,216,480,307,14.0,34,64809
Cpppap,217,481,308,14.0,31,73895
Cpppap,218,483,314,13.2,34,65884
Cpppap,219,483,312,13.2,31,72393
Cpppap,220,480,320,14.0,26,75334
Cpppp,140,567,252,13.9,37,23931
Cpppp,141,565,244,13.0,37,26140
Cpppp,142,567,246,12.8,37,23519
Cpppp,143,567,253,12.0,35,27039
Cpppp,144,564,252,12.3,39,23078
Cpppp,145,569,245,12.3,39,23842
Cpppp,146,577,249,13.0,36,29031
Cpppp,147,577,245,13.0,36,30812
Cpppp,148,571,248,13.3,38,28342
Cpppp,149,569,249,14.2,38,33134
Cpppp,150,568,247,14.1,38,28545
Cpppp,151,564,247,14.0,38,30181
Cpppp,152,560,247,13.3,38,30762
Cpppp,153,558,246,14.0,38,31980
Cpppp,154,561,254,14.1,38,34191
Cpppp,155,560,253,13.2,38,38196
Cpppp,156,560,250,13.1,38,42277
Cpppp,157,553,253,13.2,38,42129
Cpppp,158,556,253,13.0,38,39014
Cpppp,159,553,254,13.0,38,43276
Cpppp,160,551,257,13.1,38,42325
Cpppp,161,548,257,13.1,39,41627
Cpppp,162,544,257,12.2,39,41918
Cpppp,163,543,261,12.2,39,38737
Cpppp,164,543,255,11.1,39,41035
Cpppp,165,538,256,11.2,39,45222
Cpppp,166,534,258,11.0,39,44685
Cpppp,167,530,253,10.3,37,43374
Cpppp,168,526,256,10.3,39,44664
Cpppp,169,525,255,10.2,39,51405
Cpppp,170,526,255,10.0,39,53549
Cpppp,171,522,259,10.1,39,51214
Cpppp,172,523,261,10.0,39,49623
Cpppp,173,524,266,9.3,37,57307
Cpppp,174,519,267,9.2,37,62201
Cpppp,175,515,269,9.2,39,56130
Cpppp,176,512,268,9.1,39,57018
Cpppp,177,510,263,9.0,39,54541
Cpppp,178,506,261,8.2,37,65315
Cpppp,179,502,259,8.0,39,53861
Cpppp,180,502,259,7.3,37,61791
Cpppp,181,503,262,7.3,37,64908
Cpppp,182,505,263,7.3,36,65872
Cpppp,183,504,261,7.3,36,60346
Cpppp,184,504,265,8.1,37,62352
Cpppp,185,500,264,8.1,36,63038
Cpppp,186,499,274,8.1,35,65821
Cpppp,187,499,277,9.0,34,53018
Cpppp,188,498,286,8.1,31,67836
Cpppp,189,500,285,9.1,34,62135
Cpppp,190,497,295,9.2,31,69354
Cpppp,191,499,304,9.2,34,59164
Cpppp,192,499,307,10.1,31,60417
Cpppp,193,501,306,10.0,34,67791
Cpppp,194,504,303,10.1,31,76268
Cpppp,195,505,304,10.3,34,72530
Cpppp,196,503,303,10.2,31,73918
Cpppp,197,501,304,10.1,34,75514
Cpppp,198,506,297,11.0,31,84446
Cpppp,199,503,296,11.3,34,83153
Cpppp,200,504,291,10.4,31,88941
Cppppa,201,505,310,12.3,32,71329
Cppppa,202,499,313,12.3,31,74073
Cppppa,203,502,320,12.1,34,63910
Cppppa,204,506,315,12.0,34,67772
Cppppa,205,506,315,12.0,34,54318
Cppppa,206,505,313,12.0,34,52009
Cppppa,207,503,316,12.1,31,63519
Cppppa,208,509,317,12.0,30,70638
Cppppa,209,513,319,12.0,31,62873
Cppppa,210,511,319,12.1,26,64438
Cppppa,211,507,320,12.1,31,76719
Cppppa,212,507,320,12.1,31,72410
Cppppa,213,507,320,12.1,32,73814
Cppppa,214,506,320,12.1,32,76298
Cppppa,215,506,320,12.1,33,71415
Cppppa,216,505,319,12.1,34,64648
Cppppa,217,505,319,12.1,34,70896
Cppppa,218,503,322,12.1,34,71598
Cppppa,219,513,318,13.1,26,79568
Cppppa,220,502,323,12.1,34,70633
Cppppp,201,512,280,10.0,34,70376
Cppppp,202,512,279,9.8,34,64999
Cppppp,203,511,278,9.7,33,74676
Cppppp,204,511,276,9.5,32,77351
Cppppp,205,510,275,9.3,32,74404
Cppppp,206,510,274,9.2,31,78846
Cppppp,207,509,272,9.0,30,73568
Cppppp,208,510,273,9.2,30,63781
Cppppp,209,512,275,9.3,30,68597
Cppppp,210,513,277,9.5,30,65318
Cppppp,211,515,278,9.7,30,72856
Cppppp,212,516,280,9.8,30,72077
Cppppp,213,518,282,10.0,30,72757
Cppppp,214,519,282,10.0,30,56185
Cppppp,215,520,282,10.0,30,61168
Cppppp,216,521,283,10.0,30,88645
Cppppp,217,522,283,10.0,30,86097
Cppppp,218,523,283,10.0,30,95357
Cppppp,219,524,284,10.0,30,83027
Cppppp,220,523,284,10.0,30,89405
P3,11,521,209,17.5,50,-362
P3,12,523,196,18.0,50,-149
P3,13,525,187,17.1,53,-1023
P3,14,528,178,16.1,57,13
P3,15,527,160,14.4,60,-1000
P3,16,538,157,14.5,62,-122
P3,17,530,150,15.5,63,-573
P3,18,532,154,16.2,67,-544
P3,19,530,156,17.6,61,-1058
P3,20,539,174,19.2,59,-1511
P3,21,544,191,19.4,57,-236
P3,22,547,198,19.3,56,-176
P3,23,553,212,18.5,57,-671
P3,24,550,224,19.9,57,44
P3,25,547,224,20.0,60,395
P3,26,549,234,19.2,44,-374
P3,27,551,231,18.4,57,-569
P3,28,558,242,18.7,57,-458
P3,29,557,244,17.2,56,-540
P3,30,553,248,17.1,61,-1154
P3,31,552,227,17.0,61,-424
P3,32,543,228,17.8,62,63
P3,33,543,225,17.0,61,-112
P3,34,542,218,17.9,63,-723
P3,35,546,213,17.0,62,-562
P3,36,546,202,16.2,43,-200
P3,37,544,188,19.0,40,170
P3,38,550,214,18.1,34,936
D,39,554,224,17.0,36,-783
D,40,561,223,18.1,34,-735
D,41,561,216,17.9,46,-758
D,42,572,214,17.1,48,-14
D,43,578,219,17.2,52,-939
D,44,573,229,16.2,52,-598
D,45,571,228,17.0,53,-1081
D,46,566,233,18.1,55,-588
D,47,566,227,18.1,55,-1223
D,48,560,227,18.2,56,-845
D,49,556,216,19.0,54,-653
D,50,556,217,19.1,53,52
D,51,554,210,19.1,55,-1168
D,52,551,210,20.0,55,-541
D,53,553,201,20.0,42,-7
D,54,552,206,19.9,57,165
D,55,548,208,20.0,58,-121
D,56,552,204,20.0,58,199
D,57,558,200,19.1,43,-1300
D,58,555,193,18.9,58,-1224
D,59,556,187,17.8,58,-1120
D,60,553,184,16.8,58,-494
D,61,548,177,16.1,56,-192
D,62,544,171,15.0,60,-725
D,63,538,165,14.2,57,5
D,64,539,167,14.2,57,-1167
D,65,541,166,15.1,58,-1078
D,66,541,162,16.2,53,-606
D,67,541,167,17.0,53,-583
D,68,539,175,17.0,53,-484
D,69,536,181,16.2,53,81
D,70,528,177,17.2,56,-489
D,71,525,171,17.0,52,-836
D,72,521,171,17.0,54,-545
D,73,510,173,17.1,36,-337
D,74,506,159,17.0,38,-159
D,75,501,159,16.0,45,-506
D,76,501,159,16.0,45,-545
D,77,534,178,13.9,33,986
Da,78,483,131,17.0,33,-318
Da,79,488,125,18.0,33,-1317
Da,80,474,116,16.2,34,-1254
Da,81,475,118,17.1,36,-945
Da,82,473,119,17.0,36,374
Da,83,476,120,17.0,36,96
Da,84,476,120,17.0,36,-1228
Da,85,471,116,17.1,37,-1042
Da,86,474,121,15.2,35,-374
Da,87,470,120,17.0,37,133
Da,88,460,119,17.0,37,-487
Da,89,456,117,17.1,36,283
Da,90,457,119,16.2,36,1850
Da,91,459,121,17.0,36,2413
Da,92,453,119,16.1,36,528
Da,93,461,121,16.1,36,1053
Da,94,456,122,15.9,49,1350
Da,95,454,122,15.1,49,1021
Da,96,461,124,15.1,36,427
Da,97,474,125,16.0,34,3600
Da,98,476,128,15.0,44,1283
Da,99,475,128,14.9,42,1953
Da,100,466,131,13.2,43,1696
Da,101,477,133,13.2,44,2034
Da,102,477,133,13.4,44,2045
Da,103,477,133,13.6,44,2233
Da,104,477,133,13.7,45,2967
Da,105,477,133,13.9,45,2286
Da,106,477,133,14.1,46,2834
Da,107,480,134,15.0,30,3467
Da,108,472,127,15.0,46,2671
Da,109,474,129,15.0,46,3911
Da,110,476,126,14.2,30,2215
Da,111,473,129,16.0,45,3554
Da,112,468,125,16.1,44,3830
Da,113,468,122,16.1,46,3635
Da,114,471,121,16.0,42,3108
Da,115,463,122,16.1,46,7150
Da,116,461,127,15.1,46,5964
Da,117,455,133,15.1,44,5818
Da,118,454,138,15.0,46,6829
Da,119,459,138,14.1,46,6496
Da,120,464,143,14.0,42,9698
Da,121,465,152,13.1,38,12221
Da,122,464,151,13.8,42,9717
Daa,123,442,152,11.9,28,10845
Daa,124,435,148,11.0,28,9505
Daa,125,436,147,9.1,30,9307
Daa,126,436,147,9.1,30,10039
Daa,127,429,155,8.9,42,4541
Daa,128,429,166,8.0,30,4869
Daa,129,421,172,8.1,30,5605
Daa,130,425,189,8.0,30,6150
Daa,131,428,195,7.1,30,5879
Daa,132,423,199,7.9,42,5148
Daa,133,423,203,7.9,42,5560
Daa,134,429,206,8.0,41,8751
Daa,135,437,212,7.9,41,9967
Daa,136,434,215,8.0,41,8814
Daa,137,431,213,8.0,40,10441
Daa,138,428,212,8.0,41,8647
Daa,139,431,215,8.0,27,7772
Daa,140,429,217,8.1,39,11265
Daa,141,428,216,8.0,41,9773
Daa,142,425,215,8.0,26,6027
Daa,143,424,213,8.3,39,9119
Daa,144,424,216,9.0,39,11665
Daa,145,424,212,8.4,37,9589
Daa,146,424,208,9.1,38,11226
Daa,147,422,207,9.2,38,10403
Daa,148,425,212,9.1,38,11112
Daa,149,425,212,9.1,38,16348
Daa,150,421,208,10.0,26,14159
Daa,151,421,208,10.0,26,11395
Daa,152,427,217,8.3,36,15807
Daa,153,421,220,9.1,38,13040
Daa,154,421,223,9.1,38,15874
Daa,155,422,217,9.2,38,18214
Daa,156,420,221,10.1,38,13529
Daa,157,425,219,9.2,38,17211
Daa,158,426,218,9.3,38,14453
Daa,159,420,211,10.1,38,16177
Daa,160,414,208,10.1,38,16012
Daa,161,413,210,10.0,39,12612
Daa,162,413,205,10.0,39,17473
Daa,163,412,203,9.2,39,16440
Daa,164,410,207,9.2,39,14593
Daa,165,410,207,9.2,39,16612
Daa,166,407,201,10.0,39,15482
Daa,167,405,204,9.2,39,18041
Daa,168,394,198,10.0,39,17435
Daa,169,391,201,9.2,39,17100
Daa,170,391,203,9.3,39,17756
Daa,171,389,197,10.2,39,21713
Daa,172,388,199,10.2,39,26835
Daa,173,389,195,11.0,39,20632
Daa,174,391,186,11.1,39,24336
Daa,175,389,186,11.3,39,24225
Daa,176,397,183,13.1,39,23451
Daa,177,398,186,13.2,39,23278
Daa,178,394,182,11.2,37,16782
Daa,179,398,180,10.3,39,12704
Daaa,180,401,182,16.1,37,16018
Daaa,181,404,183,16.1,39,11654
Daaa,182,406,180,15.1,38,14976
Daaa,183,408,174,16.1,38,11783
Daaa,184,403,170,17.0,37,8597
Daaa,185,398,169,16.2,36,8314
Daaa,186,399,169,17.0,35,10390
Daaa,187,401,172,17.1,34,13568
Daaa,188,397,169,16.2,31,16068
Daaa,189,398,171,16.1,34,15323
Daaa,190,402,172,17.1,31,10063
Daaa,191,403,171,17.1,34,13301
Daaa,192,402,169,17.0,31,10738
Daaa,193,398,167,16.1,34,17498
Daaa,194,402,164,16.1,31,19130
Daaa,195,397,162,16.1,34,12372
Daaa,196,395,160,16.2,31,15451
Daaa,197,392,157,16.2,34,15322
Daaa,198,388,159,16.1,31,18318
Daaa,199,383,162,16.0,34,21234
Daaa,200,385,161,16.2,31,20211
Daaa,201,391,157,16.0,34,15857
Daaa,202,393,154,16.1,31,14828
Daaa,203,389,151,16.2,34,11681
Daaa,204,389,152,16.2,34,10910
Daaa,205,383,151,16.1,31,21023
Daaa,206,381,153,16.2,34,18828
Daaa,207,382,151,16.2,31,22437
Daaa,208,376,159,17.1,34,20542
Daaa,209,372,156,16.2,31,14610
Daaa,210,372,156,17.0,34,16173
Daaa,211,373,155,17.0,31,20244
Daaa,212,369,152,17.1,34,14155
Daaa,213,369,154,17.1,31,25680
Daaa,214,368,154,17.2,34,18670
Daaa,215,366,155,17.2,31,23649
Daaa,216,363,157,17.2,34,22153
Daaa,217,363,156,17.1,31,25333
Daaa,218,364,156,17.2,34,22772
Daaa,219,365,156,17.3,31,19160
Daaa,220,363,157,18.0,34,14292
Daap,180,403,182,10.1,26,27893
Daap,181,405,187,10.2,39,19286
Daap,182,409,188,10.2,38,22982
Daap,183,411,187,11.1,36,20830
Daap,184,411,186,11.1,37,22285
Daap,185,401,186,11.2,36,15822
Daap,186,399,181,11.2,35,19184
Daap,187,397,181,12.0,34,21381
Daap,188,393,176,12.1,31,22299
Daap,189,393,174,11.4,34,17369
Daap,190,394,171,12.1,31,17740
Daap,191,391,172,11.3,34,12844
Daap,192,393,173,11.2,31,22795
Daap,193,389,172,12.0,34,17661
Daap,194,392,169,11.2,31,25414
Daap,195,386,174,11.2,34,25491
Daap,196,387,173,12.0,31,26501
Daap,197,382,174,11.3,34,19473
Daap,198,379,167,12.1,31,22856
Daap,199,378,167,12.2,34,27845
Daap,200,374,167,12.0,31,27755
Daap,201,375,172,11.2,34,17838
Daap,202,370,171,11.1,31,15436
Daap,203,370,169,11.4,31,18761
Daap,204,370,167,11.8,31,19347
Daap,205,369,164,12.1,31,27795
Daap,206,369,164,12.1,31,17862
Daap,207,370,156,13.9,26,10520
Daap,208,357,168,13.0,34,27087
Daap,209,356,168,13.1,34,27885
Daap,210,354,168,13.1,34,21873
Daap,211,353,168,13.2,34,22213
Daap,212,351,167,13.2,34,23617
Daap,213,347,165,13.2,31,28167
Daap,214,348,164,13.1,34,31430
Daap,215,341,161,13.2,31,27740
Daap,216,345,160,13.2,34,30939
Daap,217,342,160,13.1,31,31306
Daap,218,342,158,13.1,34,30789
Daap,219,341,157,13.2,31,28714
Daap,220,338,157,13.3,34,29037
Dap,123,489,156,13.0,30,9081
Dap,124,491,158,13.0,30,13930
Dap,125,492,161,13.1,30,9951
Dap,126,492,159,12.7,32,8991
Dap,127,492,157,12.4,34,10289
Dap,128,491,154,12.0,36,6939
Dap,129,493,161,11.0,38,6965
Dap,130,496,168,10.0,40,7943
Dap,131,499,175,9.0,42,7841
Dap,132,499,175,9.0,42,4076
Dap,133,506,193,8.0,42,8612
Dap,134,508,194,8.2,43,7819
Dap,135,511,196,9.0,41,8716
Dap,136,513,209,9.0,41,8274
Dap,137,513,209,9.0,41,8105
Dap,138,501,215,8.2,41,8352
Dap,139,501,215,8.2,41,6586
Dap,140,494,219,9.1,41,10184
Dap,141,492,220,9.1,41,8348
Dap,142,482,226,9.3,41,7538
Dap,143,480,221,10.1,39,9724
Dap,144,480,220,10.1,39,8824
Dap,145,475,216,11.0,39,10990
Dap,146,484,214,11.0,38,11003
Dap,147,484,214,11.1,38,14509
Dap,148,487,211,11.1,38,10416
Dap,149,485,210,12.1,38,12753
Dap,150,480,217,12.1,38,10336
Dap,151,477,217,13.0,38,10021
Dap,152,467,221,15.0,38,10113
Dap,153,462,216,13.1,38,13027
Dap,154,461,213,14.0,38,9805
Dap,155,466,210,12.1,38,10100
Dap,156,468,211,11.2,38,14035
Dap,157,467,206,11.2,38,12715
Dap,158,468,217,11.2,38,12022
Dap,159,461,205,12.1,38,13366
Dap,160,455,203,12.2,38,11208
Dap,161,454,201,12.2,39,10860
Dap,162,443,199,13.0,39,12758
Dap,163,435,201,13.0,39,13390
Dap,164,439,202,13.1,39,10084
Dap,165,434,198,14.1,39,15497
Dap,166,423,196,14.0,39,12369
Dap,167,421,195,14.1,39,15765
Dap,168,419,194,13.2,39,12732
Dap,169,424,190,14.0,35,20415
Dap,170,417,192,13.0,35,20582
Dapa,171,403,186,13.2,26,20277
Dapa,172,401,189,14.0,24,22767
Dapa,173,402,185,14.1,35,14751
Dapa,174,404,186,14.0,35,11066
Dapa,175,410,184,15.9,35,12866
Dapa,176,409,185,15.9,32,16252
Dapa,177,408,186,16.0,29,18347
Dapa,178,407,187,16.0,26,13008
Dapa,179,414,189,18.0,39,9442
Dapa,180,416,187,18.1,26,13918
Dapa,181,416,189,18.0,26,13851
Dapa,182,416,186,17.1,38,10188
Dapa,183,422,182,18.1,26,12584
Dapa,184,421,186,19.0,37,6339
Dapa,185,424,185,18.1,36,12393
Dapa,186,422,183,19.1,35,12338
Dapa,187,420,184,19.1,34,14173
Dapa,188,421,183,18.1,31,12270
Dapa,189,423,183,18.2,34,10688
Dapa,190,420,186,19.0,31,12341
Dapa,191,425,184,18.1,34,15283
Dapa,192,426,181,18.2,31,12657
Dapa,193,423,180,17.3,34,14943
Dapa,194,427,180,17.2,31,16617
Dapa,195,424,177,16.3,34,15833
Dapa,196,420,175,16.3,31,12689
Dapa,197,422,172,17.1,34,16248
Dapa,198,419,175,17.2,31,23528
Dapa,199,418,171,17.1,34,15921
Dapa,200,413,168,17.1,31,22279
Dapa,201,419,163,17.0,32,20237
Dapa,202,421,160,16.2,31,24333
Dapa,203,419,156,17.0,34,19479
Dapa,204,415,161,17.1,34,19408
Dapa,205,413,158,16.4,31,26390
Dapa,206,414,160,17.1,34,16197
Dapa,207,410,163,17.1,31,18992
Dapa,208,409,162,17.0,34,19828
Dapa,209,406,158,17.0,31,17740
Dapa,210,406,157,17.0,34,13668
Dapa,211,404,158,17.0,31,17475
Dapa,212,405,159,16.1,34,21113
Dapa,213,403,156,16.1,31,25829
Dapa,214,404,156,15.3,32,26320
Dapa,215,400,155,16.0,31,27627
Dapa,216,397,157,16.1,34,27305
Dapa,217,398,161,16.1,31,40254
Dapa,218,398,163,16.1,34,37736
Dapa,219,397,158,16.1,31,37940
Dapa,220,402,163,16.1,34,33136
Dapp,171,447,199,13.2,37,12466
Dapp,172,457,194,13.0,35,13746
Dapp,173,464,193,13.0,35,10042
Dapp,174,467,202,13.0,37,9497
Dapp,175,464,202,12.9,35,12423
Dapp,176,460,203,12.1,39,10909
Dapp,177,459,196,12.1,37,9768
Dapp,178,457,200,12.2,37,10163
Dapp,179,456,202,12.0,39,11836
Dapp,180,458,193,12.2,39,10784
Dapp,181,458,199,12.1,37,11754
Dapp,182,452,201,12.2,38,11803
Dapp,183,450,203,12.1,36,17068
Dapp,184,445,203,12.2,37,12756
Dapp,185,445,205,12.3,36,15762
Dapp,186,443,202,13.0,35,12233
Dapp,187,447,202,13.1,34,16495
Dapp,188,450,200,13.1,31,13071
Dapp,189,449,200,13.1,34,12413
Dapp,190,456,199,14.0,31,12091
Dapp,191,454,203,13.1,34,14486
Dapp,192,455,199,14.0,31,14211
Dapp,193,453,196,13.2,34,16123
Dapp,194,453,195,13.1,31,14158
Dapp,195,450,195,13.2,34,15794
Dapp,196,450,191,14.1,31,17006
Dapp,197,448,192,14.0,34,15628
Dapp,198,447,191,15.0,31,16488
Dapp,199,442,193,14.1,34,12598
Dapp,200,438,192,15.0,31,16227
Dapp,201,434,194,14.0,34,15635
Dapp,202,432,187,14.1,31,19127
Dapp,203,433,185,14.1,34,19316
Dapp,204,429,184,13.2,34,13949
Dapp,205,428,182,14.0,31,18850
Dapp,206,432,183,14.3,34,14240
Dapp,207,426,183,15.1,31,17011
Dapp,208,425,183,16.0,34,14530
Dapp,209,424,184,17.0,31,16373
Dapp,210,423,183,16.2,34,18953
Dapp,211,425,178,17.1,31,12998
Dapp,212,423,175,17.1,34,16510
Dapp,213,421,175,17.1,31,15835
Dapp,214,414,177,17.1,34,22014
Dapp,215,411,180,18.0,31,20817
Dapp,216,408,182,18.1,34,19563
Dapp,217,406,183,18.1,31,18254
Dapp,218,411,183,19.0,34,15744
Dapp,219,412,181,19.1,31,14363
Dapp,220,415,183,18.1,34,17734
Dp,78,534,176,12.0,35,-501
Dp,79,540,175,11.3,35,-310
Dp,80,546,183,12.0,36,-915
Dp,81,543,195,11.1,36,117
Dp,82,551,195,12.0,49,-429
Dp,83,550,191,12.0,47,-851
Dp,84,549,187,12.9,49,384
Dp,85,548,182,13.0,37,-999
Dp,86,544,182,12.1,50,-71
Dp,87,542,177,11.1,35,546
Dp,88,536,176,12.0,37,-707
Dp,89,528,174,12.1,49,540
Dp,90,525,175,11.2,34,438
Dp,91,524,176,11.9,49,519
Dp,92,526,180,12.0,49,309
Dp,93,536,184,12.0,49,-253
Dp,94,533,184,13.0,49,706
Dp,95,532,178,13.0,49,370
Dp,96,537,177,13.0,36,951
Dp,97,537,186,12.9,46,1128
Dp,98,534,190,12.9,44,327
Dp,99,531,193,12.0,42,2055
Dp,100,532,191,12.1,43,1411
Dp,101,531,192,11.1,42,1734
Dp,102,526,196,12.0,40,2556
Dp,103,525,198,12.1,44,2166
Dp,104,524,197,12.1,45,2763
Dp,105,511,198,12.0,30,1543
Dp,106,516,192,11.1,30,2856
Dp,107,516,192,11.1,30,5334
Dp,108,515,196,11.0,46,3045
Dp,109,518,197,11.1,46,5262
Dp,110,521,195,11.1,46,3974
Dp,111,520,194,11.0,45,3300
Dp,112,517,188,11.0,46,4476
Dp,113,518,179,11.1,46,5078
Dp,114,527,184,11.2,46,5569
Dp,115,526,191,12.0,46,6649
Dp,116,523,194,12.0,46,4996
Dp,117,524,194,11.0,46,7362
Dp,118,525,197,11.0,46,6421
Dp,119,526,211,10.1,46,6294
Dp,120,517,219,10.1,46,6848
Dp,121,518,224,10.1,46,7569
Dp,122,516,227,10.1,46,8182
Dp,123,511,232,9.2,44,10229
Dp,124,506,235,9.9,42,9213
Dp,125,507,236,9.9,42,11782
Dpa,126,493,251,7.9,28,13022
Dpa,127,490,266,7.0,30,15502
Dpa,128,490,266,7.0,30,7818
Dpa,129,480,283,7.0,30,9823
Dpa,130,474,292,7.2,38,9744
Dpa,131,468,296,7.9,42,7088
Dpa,132,463,302,7.9,42,8589
Dpa,133,459,305,8.0,42,8898
Dpa,134,463,306,8.0,41,9092
Dpa,135,462,303,8.0,43,9995
Dpa,136,456,306,8.0,41,12419
Dpa,137,455,304,8.0,40,10798
Dpa,138,455,302,8.1,43,9867
Dpa,139,454,305,8.1,42,10334
Dpa,140,452,301,8.1,41,11350
Dpa,141,456,304,8.2,41,10249
Dpa,142,456,303,8.3,41,13050
Dpa,143,451,300,8.2,39,12530
Dpa,144,451,297,8.1,39,12925
Dpa,145,449,296,8.2,39,14701
Dpa,146,449,294,8.3,36,13506
Dpa,147,453,297,9.0,26,12796
Dpa,148,448,293,8.3,36,14838
Dpa,149,450,296,8.1,36,17798
Dpa,150,443,300,8.2,38,14689
Dpa,151,443,297,8.1,38,17570
Dpa,152,446,305,8.1,38,16570
Dpa,153,449,304,8.2,38,18141
Dpa,154,444,309,9.1,38,16619
Dpa,155,439,314,9.2,38,16299
Dpa,156,435,319,9.1,38,17521
Dpa,157,425,319,9.2,38,19064
Dpa,158,421,318,9.1,38,17079
Dpa,159,417,325,9.1,38,18907
Dpa,160,410,318,10.0,38,19017
Dpa,161,411,318,9.1,39,20377
Dpa,162,413,317,9.2,39,16660
Dpa,163,412,313,9.2,39,18441
Dpa,164,410,318,9.2,39,21299
Dpa,165,409,316,9.2,39,20640
Dpa,166,407,317,9.2,39,19506
Dpa,167,403,320,10.0,39,20384
Dpa,168,399,317,10.1,39,19022
Dpa,169,396,319,10.0,39,21603
Dpa,170,393,320,10.0,39,26725
Dpa,171,391,320,10.0,39,20914
Dpa,172,390,318,9.2,39,23542
Dpa,173,385,311,9.4,39,23109
Dpa,174,384,308,10.1,39,25443
Dpa,175,381,309,10.1,39,29319
Dpa,176,381,314,10.2,39,28471
Dpa,177,385,322,10.2,39,28585
Dpa,178,386,324,11.0,39,29643
Dpa,179,381,327,11.0,39,32126
Dpa,180,388,325,11.2,39,34781
Dpa,181,386,325,11.2,39,34284
Dpaa,182,371,341,12.0,36,21883
Dpaa,183,370,345,14.0,36,22192
Dpaa,184,370,346,14.2,36,21981
Dpaa,185,370,347,14.3,36,23822
Dpaa,186,370,348,14.5,36,25483
Dpaa,187,370,349,14.7,36,19433
Dpaa,188,370,350,14.8,36,21515
Dpaa,189,369,352,15.0,36,13728
Dpaa,190,368,348,14.2,35,21723
Dpaa,191,367,344,13.3,34,24514
Dpaa,192,365,340,13.2,31,29601
Dpaa,193,367,342,13.2,34,22798
Dpaa,194,366,339,13.1,31,26711
Dpaa,195,369,345,13.0,26,30347
Dpaa,196,365,347,13.2,31,37783
Dpaa,197,363,348,13.2,34,30768
Dpaa,198,363,353,13.2,31,35082
Dpaa,199,356,354,13.2,34,33217
Dpaa,200,356,353,13.1,31,36584
Dpaa,201,350,357,13.1,34,29645
Dpaa,202,346,355,13.2,31,31135
Dpaa,203,344,354,13.2,34,29476
Dpaa,204,341,351,13.2,34,29077
Dpaa,205,338,352,13.2,31,24674
Dpaa,206,342,351,14.0,34,25082
Dpaa,207,341,350,14.0,31,32110
Dpaa,208,341,347,14.0,34,26721
Dpaa,209,340,347,13.2,31,23411
Dpaa,210,342,351,13.2,34,24155
Dpaa,211,338,351,14.1,31,31194
Dpaa,212,340,350,14.0,34,30769
Dpaa,213,339,349,14.0,31,34865
Dpaa,214,340,351,14.1,34,29337
Dpaa,215,338,349,14.0,31,30577
Dpaa,216,335,352,14.0,34,28025
Dpaa,217,335,352,14.0,31,34117
Dpaa,218,335,352,14.3,34,35433
Dpaa,219,335,354,14.1,31,38777
Dpaa,220,336,352,14.2,34,34734
Dpap,182,390,324,10.0,36,24555
Dpap,183,395,321,9.1,34,28560
Dpap,184,398,318,9.1,37,19643
Dpap,185,399,318,9.2,36,16738
Dpap,186,397,316,9.9,31,25019
Dpap,187,395,314,10.0,34,23379
Dpap,188,399,315,9.3,31,24919
Dpap,189,393,317,10.2,34,19521
Dpap,190,390,317,10.1,31,23752
Dpap,191,395,317,10.2,34,20178
Dpap,192,395,319,9.4,31,21897
Dpap,193,394,317,9.3,34,21842
Dpap,194,396,316,9.3,31,27704
Dpap,195,394,316,9.2,34,28320
Dpap,196,394,314,9.9,31,30480
Dpap,197,390,315,10.0,34,33190
Dpap,198,389,319,10.0,31,30425
Dpap,199,384,323,10.2,34,29314
Dpap,200,383,321,10.0,31,27018
Dpap,201,379,321,10.2,34,33700
Dpap,202,369,321,10.1,31,30098
Dpap,203,367,324,9.4,34,31793
Dpap,204,368,320,9.4,34,32906
Dpap,205,365,319,10.0,31,30702
Dpap,206,368,320,10.0,34,33360
Dpap,207,367,316,10.2,31,37860
Dpap,208,370,313,11.0,34,34149
Dpap,209,368,316,11.2,31,34545
Dpap,210,364,316,11.2,34,33798
Dpap,211,365,315,11.2,31,35749
Dpap,212,363,320,11.3,34,33671
Dpap,213,362,321,12.0,31,37791
Dpap,214,363,320,11.4,34,32814
Dpap,215,361,321,11.2,31,39276
Dpap,216,356,323,11.3,34,35382
Dpap,217,356,327,11.2,31,39763
Dpap,218,357,327,11.2,34,36712
Dpap,219,353,332,12.1,31,29339
Dpap,220,358,332,12.1,34,35588
Dpp,126,516,223,9.5,36,9332
Dpp,127,517,218,10.0,30,10437
Dpp,128,521,217,10.9,42,6182
Dpp,129,521,217,10.9,42,7549
Dpp,130,523,230,9.0,42,6780
Dpp,131,525,236,9.0,42,8639
Dpp,132,528,245,9.0,42,8074
Dpp,133,526,251,8.9,42,5795
Dpp,134,525,251,8.9,41,8917
Dpp,135,527,254,8.3,41,9085
Dpp,136,528,261,9.1,43,7773
Dpp,137,526,262,9.1,42,7586
Dpp,138,521,266,9.3,41,8029
Dpp,139,520,269,9.2,42,9009
Dpp,140,521,269,10.0,41,10227
Dpp,141,521,270,10.1,41,8448
Dpp,142,522,270,10.1,41,10227
Dpp,143,512,275,10.2,39,13068
Dpp,144,512,274,10.1,39,9501
Dpp,145,505,274,11.1,39,11596
Dpp,146,504,272,11.2,38,9552
Dpp,147,506,274,11.1,38,11885
Dpp,148,498,273,11.0,38,12400
Dpp,149,496,275,11.1,36,10206
Dpp,150,495,272,11.1,38,13112
Dpp,151,491,278,11.1,38,12858
Dpp,152,495,280,10.2,38,13419
Dpp,153,495,281,11.1,38,13997
Dpp,154,491,285,11.0,38,14638
Dpp,155,492,282,10.2,38,13374
Dpp,156,487,283,10.2,38,17558
Dpp,157,486,286,10.1,38,15566
Dpp,158,480,289,11.0,38,14671
Dpp,159,479,288,11.1,38,16202
Dpp,160,474,291,11.0,38,16850
Dpp,161,473,297,11.1,39,17436
Dpp,162,470,299,11.1,39,18419
Dpp,163,470,303,11.1,39,19023
Dpp,164,467,305,12.0,39,18405
Dpp,165,465,306,11.1,39,22533
Dpp,166,460,304,12.1,39,23761
Dpp,167,459,303,11.1,39,24020
Dpp,168,452,308,12.1,39,21034
Dpp,169,448,312,12.1,39,21374
Dpp,170,448,316,12.2,39,21622
Dpp,171,441,320,13.1,39,26392
Dpp,172,438,323,13.2,39,28686
Dpp,173,427,323,13.1,35,31377
Dpp,174,430,322,13.1,35,29140
Dpp,175,431,319,12.2,39,18685
Dppa,176,414,335,13.1,37,17511
Dppa,177,416,335,13.9,35,18041
Dppa,178,412,333,13.2,37,16746
Dppa,179,408,328,13.9,35,16599
Dppa,180,408,325,13.1,26,22157
Dppa,181,406,322,14.0,26,20756
Dppa,182,408,321,14.0,36,15275
Dppa,183,405,324,14.0,38,17187
Dppa,184,407,332,14.0,37,18035
Dppa,185,405,334,14.1,36,21247
Dppa,186,406,338,14.1,35,19452
Dppa,187,402,336,14.2,32,19845
Dppa,188,401,335,14.2,31,22337
Dppa,189,402,337,14.2,34,21907
Dppa,190,401,336,15.1,31,28205
Dppa,191,397,336,15.1,34,23358
Dppa,192,394,334,15.2,31,28587
Dppa,193,388,333,15.1,34,21926
Dppa,194,393,335,15.2,31,25207
Dppa,195,392,333,15.0,34,25835
Dppa,196,388,334,15.1,31,26352
Dppa,197,387,336,15.1,34,28487
Dppa,198,389,340,15.1,31,23538
Dppa,199,381,345,15.0,34,25635
Dppa,200,381,344,14.1,31,36615
Dppa,201,360,351,15.0,34,22336
Dppa,202,372,346,15.0,31,24090
Dppa,203,372,351,14.2,34,29247
Dppa,204,375,354,14.1,34,29903
Dppa,205,378,354,14.1,31,36101
Dppa,206,377,354,14.1,34,28701
Dppa,207,374,352,14.1,31,30641
Dppa,208,378,352,14.0,34,21949
Dppa,209,376,352,14.1,31,26592
Dppa,210,378,351,14.0,34,24142
Dppa,211,374,353,14.1,31,31509
Dppa,212,374,354,14.1,34,27334
Dppa,213,378,351,14.2,31,27240
Dppa,214,380,352,14.1,34,30513
Dppa,215,375,349,14.2,31,29742
Dppa,216,375,356,14.2,34,31117
Dppa,217,377,358,14.2,31,32822
Dppa,218,378,359,14.1,34,31781
Dppa,219,379,359,14.3,31,38531
Dppa,220,379,358,14.2,34,26825
Dppp,176,465,308,13.0,35,17835
Dppp,177,473,304,12.8,35,17709
Dppp,178,473,303,12.0,35,17920
Dppp,179,475,305,12.0,35,17063
Dppp,180,476,298,12.1,37,14643
Dppp,181,478,301,12.1,37,14430
Dppp,182,475,300,11.1,38,14781
Dppp,183,469,302,11.2,38,16399
Dppp,184,465,302,11.4,37,13390
Dppp,185,461,311,12.3,36,18815
Dppp,186,457,308,13.0,35,18401
Dppp,187,451,311,13.1,34,19356
Dppp,188,453,310,13.1,31,26743
Dppp,189,452,307,13.2,34,13129
Dppp,190,448,313,14.1,31,19323
Dppp,191,443,316,15.1,34,15822
Dppp,192,446,315,15.1,31,20019
Dppp,193,445,314,15.1,34,13985
Dppp,194,439,319,16.1,31,19017
Dppp,195,441,318,15.2,34,19636
Dppp,196,435,318,15.1,31,22396
Dppp,197,434,313,15.0,34,20682
Dppp,198,434,318,15.1,31,23633
Dppp,199,430,322,15.1,34,22043
Dppp,200,425,328,15.2,31,27706
Dppp,201,415,330,15.1,34,22531
Dppp,202,413,328,15.1,31,29987
Dppp,203,407,328,15.0,34,23726
Dppp,204,403,332,15.0,34,23835
Dppp,205,401,331,15.1,31,31120
Dppp,206,400,336,16.0,34,21881
Dppp,207,402,333,15.1,31,24881
Dppp,208,406,336,15.1,34,29930
Dppp,209,404,331,15.3,31,28168
Dppp,210,407,335,16.1,34,24445
Dppp,211,407,335,16.0,31,27721
Dppp,212,410,335,17.1,34,17886
Dppp,213,410,334,16.1,31,22953
Dppp,214,405,333,17.1,34,23716
Dppp,215,403,334,17.1,31,22390
Dppp,216,400,338,17.1,34,30148
Dppp,217,403,334,17.1,31,28308
Dppp,218,405,337,17.1,34,27009
Dppp,219,410,334,18.1,31,22749
Dppp,220,412,338,17.2,34,21059
P4,39,527,157,17.2,36,-80
P4,40,526,150,16.1,42,-1358
P4,41,521,146,16.9,46,-519
P4,42,515,139,17.9,46,-1237
P4,43,514,137,18.0,48,-587
P4,44,519,137,18.0,50,-950
P4,45,521,139,18.0,53,-1027
P4,46,525,144,17.2,53,-1035
P4,47,517,141,18.0,55,-85
P4,48,521,143,17.2,50,-400
P4,49,514,139,17.0,54,-833
P4,50,515,139,17.0,53,-978
P4,51,512,141,16.4,53,-543
P4,52,510,140,16.8,55,-707
P4,53,507,139,16.1,55,-1166
P4,54,505,139,16.3,55,-122
P4,55,509,140,16.1,54,-193
P4,56,516,145,16.8,58,-409
P4,57,510,144,16.0,57,-965
P4,58,509,140,15.2,56,-1104
P4,59,495,134,14.3,52,-355
P4,60,490,130,15.2,56,-1139
P4,61,485,129,15.1,56,-1078
P4,62,476,128,15.1,54,-849
P4,63,466,127,14.9,55,-719
P4,64,468,130,14.0,53,-664
P4,65,474,130,14.1,52,-634
P4,66,473,133,14.1,51,-368
P4,67,476,135,14.3,51,-778
P4,68,479,139,14.1,51,-450
P4,69,474,141,13.2,51,-994
P4,70,468,143,13.1,52,-411
P4,71,462,144,12.2,52,-298
P4,72,461,149,12.2,52,-1007
P4,73,454,150,12.0,53,-949
P4,74,445,156,11.2,53,-523
P4,75,440,159,11.1,55,-393
P4,76,450,161,11.1,51,-428
P4,77,452,167,11.0,50,-618
P4,78,455,170,11.0,50,-527
P4,79,457,162,11.1,50,-805
P4,80,454,161,11.1,49,-164
P4,81,451,164,11.0,51,-604
P4,82,455,160,10.1,36,781
P4,83,455,159,11.0,49,-872
P4,84,457,156,11.0,53,-475
P4,85,453,160,10.3,52,-651
P4,86,452,160,11.0,50,-421
P4,87,448,160,10.3,52,-8
P4,88,446,154,11.1,50,-712
P4,89,442,154,11.0,51,-1308
P4,90,435,156,11.1,51,-556
P4,91,434,159,10.2,49,-1191
P4,92,432,160,10.0,49,-600
P4,93,440,162,10.0,49,-149
P4,94,439,166,10.1,51,-1046
P4,95,442,167,9.2,51,-474
P4,96,444,168,10.0,48,-523
P4,97,444,170,10.0,46,-199
P4,98,436,164,10.0,48,-1479
P4,99,430,163,10.1,46,-782
P4,100,430,164,9.1,43,-1153
P4,101,426,168,10.1,44,331
P4,102,423,169,10.1,44,-479
P4,103,419,168,11.0,44,-181
P4,104,420,173,11.1,45,-875
P4,105,410,179,11.3,46,-1723
P4,106,410,180,13.1,46,-1012
P4,107,409,180,12.2,46,-1215
P4,108,407,173,13.1,30,-535
P4,109,398,166,12.1,30,480
P4,110,399,168,12.1,30,-675
P4,111,401,170,12.1,30,-1086
P4,112,403,173,12.2,30,-1357
P4,113,405,175,12.2,30,-957
P4,114,407,178,12.2,30,-2045
P4,115,381,194,12.0,28,852
P4,116,376,185,11.0,28,1421
P4,117,376,201,10.1,28,-1447
P4,118,376,201,10.1,28,-218
P4,119,366,214,12.0,28,775
P4,120,366,214,12.0,28,-889
P4,121,367,222,9.1,30,-684
P4,122,364,230,10.1,28,-835
P4,123,364,230,10.1,28,-733
P4,124,369,220,10.1,42,-436
P4,125,369,220,10.1,42,-826
P4,126,373,231,10.1,28,47
P4,127,374,237,10.0,42,-509
P4,128,372,237,10.0,42,-197
P4,129,371,240,10.0,30,-24
P4,130,371,243,10.0,30,-1163
P4,131,370,246,10.1,30,2015
P4,132,369,250,10.1,30,-1323
P4,133,375,249,10.0,42,-752
P4,134,378,259,11.1,27,187
P4,135,374,251,11.0,41,-722
P4,136,372,250,10.8,38,-271
P4,137,370,249,10.6,34,-621
P4,138,368,248,10.3,31,-468
P4,139,365,246,10.1,27,-307
P4,140,365,246,10.1,27,-2775
P4,141,367,247,10.1,26,-1293
P4,142,358,245,11.0,26,-569
P4,143,371,251,11.0,26,-753
