cell,time,x,y,z,size,blot
ABa,1,122,254,17.9,80,-66
ABa,2,111,243,17.5,80,-89
ABa,3,121,243,17.4,84,-102
ABa,4,143,237,17.3,88,21
ABa,5,144,231,19.1,86,37
ABa,6,142,229,17.1,90,-156
ABal,7,142,237,16.9,84,337
ABal,8,143,246,16.7,77,-294
ABal,9,144,254,16.4,70,-357
ABal,10,145,263,16.2,63,-246
ABal,11,146,272,16.0,56,-472
ABal,12,142,284,16.4,66,-198
ABal,13,129,297,16.1,70,-180
ABal,14,126,294,14.3,71,-568
ABal,15,122,294,13.3,75,-596
ABal,16,121,283,12.7,77,122
ABal,17,109,289,13.6,77,-326
ABal,18,114,303,16.2,79,-745
ABal,19,113,306,17.7,79,-320
ABal,20,110,299,19.3,77,-275
ABal,21,97,273,20.1,57,-431
ABal,22,112,258,20.9,44,-575
ABala,23,119,242,18.9,36,-889
ABala,24,107,230,17.5,35,934
ABala,25,104,219,18.9,30,-639
ABala,26,102,221,17.9,44,560
ABala,27,93,229,19.2,49,83
ABala,28,84,226,20.3,50,698
ABala,29,78,235,21.3,51,-478
ABala,30,81,237,21.2,50,-519
ABala,31,89,225,21.1,52,-261
ABala,32,93,213,21.0,57,-256
ABala,33,97,223,21.0,60,47
ABala,34,89,224,19.2,60,-521
ABala,35,81,218,20.0,63,-539
ABala,36,89,217,20.1,62,69
ABala,37,89,220,20.0,59,-384
ABala,38,95,220,20.0,60,-536
ABala,39,109,225,20.1,40,-929
ABala,40,106,203,21.1,46,-276
ABalaa,41,81,209,21.3,38,-302
ABalaa,42,85,214,22.0,34,284
ABalaa,43,83,214,22.0,38,-217
ABalaa,44,83,221,21.2,37,243
ABalaa,45,83,225,24.0,42,-225
ABalaa,46,77,233,23.1,45,225
ABalaa,47,82,234,24.0,46,128
ABalaa,48,84,229,24.1,49,756
ABalaa,49,94,222,24.1,50,277
ABalaa,50,96,235,25.9,51,-28
ABalaa,51,90,234,24.2,59,289
ABalaa,52,81,238,22.2,58,-687
ABalaa,53,78,233,22.2,61,11
ABalaa,54,75,232,22.1,59,-283
ABalaa,55,79,227,22.8,58,246
ABalaa,56,82,231,22.1,60,-369
ABalaa,57,85,230,22.2,62,-169
ABalaa,58,78,234,22.2,61,-725
ABalaa,59,77,231,23.8,59,-212
ABalaa,60,79,233,23.8,60,-208
ABalaa,61,78,229,23.0,59,-313
ABalaa,62,85,229,23.8,57,-460
ABalaa,63,86,235,23.0,60,-473
ABalaa,64,95,236,22.2,57,-93
ABalaa,65,95,240,22.9,52,717
ABalaaa,66,86,233,22.9,48,-236
ABalaaa,67,80,238,21.1,40,-775
ABalaaa,68,78,236,22.1,45,580
ABalaaa,69,76,238,23.0,46,28
ABalaaa,70,69,236,23.0,47,-539
ABalaaa,71,63,234,22.0,48,-207
ABalaaa,72,62,235,21.2,49,-144
ABalaaa,73,66,230,21.9,49,-458
ABalaaa,74,64,223,21.2,50,669
ABalaaa,75,63,224,21.0,50,-562
ABalaaa,76,63,228,20.9,50,219
ABalaaa,77,65,216,20.1,49,624
ABalaaa,78,67,215,20.1,49,297
ABalaaa,79,67,220,21.0,49,-156
ABalaaa,80,65,222,21.0,49,-629
ABalaaa,81,66,224,21.1,50,-439
ABalaaa,82,65,222,20.9,50,-242
ABalaaa,83,65,221,20.2,50,-348
ABalaaa,84,66,216,20.0,50,-579
ABalaaa,85,70,211,20.0,50,-20
ABalaaa,86,66,210,20.0,50,-400
ABalaaa,87,72,204,19.9,50,-215
ABalaaa,88,76,203,20.2,50,-137
ABalaaa,89,70,206,20.1,49,-176
ABalaaa,90,70,212,20.9,49,-497
ABalaaa,91,72,214,20.9,49,-1027
ABalaaa,92,71,222,21.1,48,-767
ABalaaa,93,74,228,21.2,50,110
ABalaaa,94,73,239,21.1,47,-889
ABalaaa,95,75,243,21.1,45,-1104
ABalaaa,96,76,237,21.3,42,463
ABalaaaa,97,81,253,23.3,38,-255
ABalaaaa,98,86,264,24.9,40,-875
ABalaaaa,99,90,263,25.9,41,157
ABalaaaa,100,85,268,25.1,42,618
ABalaaaa,101,93,273,26.1,42,128
ABalaaaa,102,92,277,26.0,42,356
ABalaaaa,103,101,272,27.0,42,145
ABalaaaa,104,88,260,26.0,42,119
ABalaaaa,105,81,252,25.1,42,-231
ABalaaaa,106,79,238,25.0,42,340
ABalaaaa,107,77,226,24.1,42,51
ABalaaaa,108,80,218,24.0,42,-360
ABalaaaa,109,86,208,23.9,42,-436
ABalaaap,97,96,232,20.2,38,-468
ABalaaap,98,94,236,20.1,40,67
ABalaaap,99,97,237,20.2,41,397
ABalaaap,100,98,232,20.0,42,152
ABalaaap,101,98,231,19.2,42,-202
ABalaaap,102,97,218,19.9,42,419
ABalaaap,103,98,211,20.9,42,-181
ABalaaap,104,95,207,20.9,42,747
ABalaaap,105,98,205,20.0,42,-315
ABalaaap,106,104,202,19.9,42,-63
ABalaaap,107,104,193,19.1,42,226
ABalaaap,108,103,199,19.1,42,-428
ABalaaap,109,109,200,19.1,42,-13
ABalaap,66,109,262,23.1,34,190
ABalaap,67,117,282,23.0,46,330
ABalaap,68,120,282,24.0,45,372
ABalaap,69,122,294,24.1,46,681
ABalaap,70,124,293,24.9,47,40
ABalaap,71,129,306,25.1,52,-110
ABalaap,72,124,304,25.3,51,-241
ABalaap,73,120,293,25.9,49,-391
ABalaap,74,110,291,25.0,50,406
ABalaap,75,111,285,26.0,50,560
ABalaap,76,100,283,25.1,50,99
ABalaap,77,94,278,24.9,49,321
ABalaap,78,94,282,24.0,49,-123
ABalaap,79,104,279,25.0,49,-71
ABalaap,80,114,267,25.2,49,492
ABalaap,81,124,260,25.9,50,368
ABalaap,82,120,259,25.0,50,280
ABalaap,83,117,260,24.0,50,-224
ABalaap,84,125,255,23.0,50,-72
ABalaap,85,124,251,22.1,50,-674
ABalaap,86,122,247,22.1,50,-22
ABalaap,87,120,243,22.0,50,205
ABalaap,88,127,242,22.0,50,329
ABalaap,89,136,237,21.2,53,-477
ABalaap,90,141,251,22.0,51,-122
ABalaap,91,146,256,21.2,51,28
ABalaap,92,152,253,21.1,52,-545
ABalaap,93,163,254,20.2,50,696
ABalaap,94,161,256,20.2,47,-167
ABalaap,95,159,253,20.1,43,-224
ABalaap,96,157,260,22.0,38,-483
ABalaapa,97,152,257,21.3,34,-201
ABalaapa,98,149,258,22.0,36,262
ABalaapa,99,152,260,22.1,41,748
ABalaapa,100,148,260,23.1,42,416
ABalaapa,101,143,259,23.0,42,-836
ABalaapa,102,146,252,22.0,42,120
ABalaapa,103,148,242,22.0,42,817
ABalaapa,104,151,233,21.9,42,-444
ABalaapa,105,146,232,21.0,42,891
ABalaapa,106,149,240,20.9,42,-466
ABalaapa,107,148,234,20.9,42,3
ABalaapa,108,151,233,20.1,42,576
ABalaapa,109,156,229,19.9,42,-988
ABalaapp,97,191,266,20.9,40,-707
ABalaapp,98,202,267,19.3,34,965
ABalaapp,99,205,266,19.9,41,235
ABalaapp,100,208,271,20.0,42,239
ABalaapp,101,216,263,19.1,42,-752
ABalaapp,102,224,256,18.1,44,244
ABalaapp,103,223,250,18.1,42,65
ABalaapp,104,219,251,18.9,42,666
ABalaapp,105,214,252,18.3,44,-92
ABalaapp,106,209,253,18.1,42,365
ABalaapp,107,206,247,18.0,42,136
ABalaapp,108,209,244,17.9,42,825
ABalaapp,109,211,242,17.9,42,223
ABalap,41,116,207,18.2,40,-441
ABalap,42,120,198,17.2,38,1139
ABalap,43,130,201,16.2,38,-14
ABalap,44,127,202,16.1,39,832
ABalap,45,123,200,15.2,42,-1077
ABalap,46,123,193,15.0,45,107
ABalap,47,116,194,15.0,46,-290
ABalap,48,116,193,14.3,49,407
ABalap,49,115,198,15.1,52,53
ABalap,50,120,199,16.1,57,-515
ABalap,51,115,195,16.2,59,474
ABalap,52,117,189,15.3,60,180
ABalap,53,127,191,15.0,59,236
ABalap,54,126,198,14.3,61,-880
ABalap,55,125,194,14.9,58,-290
ABalap,56,125,200,14.2,58,-79
ABalap,57,128,196,14.9,58,-577
ABalap,58,125,187,15.1,59,226
ABalap,59,116,192,16.0,59,83
ABalap,60,122,193,16.8,60,146
ABalap,61,119,195,16.0,61,392
ABalap,62,120,197,15.3,63,-374
ABalap,63,121,190,15.9,56,-50
ABalap,64,118,191,14.1,49,-697
ABalapa,65,104,179,15.2,34,-292
ABalapa,66,108,181,15.8,48,-171
ABalapa,67,106,181,16.8,46,1101
ABalapa,68,96,182,16.9,45,-436
ABalapa,69,92,177,16.9,46,-848
ABalapa,70,88,182,16.1,47,-106
ABalapa,71,100,179,16.1,48,208
ABalapa,72,98,182,16.8,49,-721
ABalapa,73,96,178,15.8,49,689
ABalapa,74,99,182,15.8,50,-1076
ABalapa,75,104,182,15.0,50,308
ABalapa,76,109,185,15.8,50,-262
ABalapa,77,108,180,15.2,49,464
ABalapa,78,112,180,16.0,49,-677
ABalapa,79,108,188,16.0,49,-1036
ABalapa,80,108,195,15.9,49,-447
ABalapa,81,107,193,16.0,50,-20
ABalapa,82,112,191,15.9,50,-399
ABalapa,83,111,188,16.0,50,-727
ABalapa,84,116,182,15.8,50,-285
ABalapa,85,126,178,15.9,50,-746
ABalapa,86,122,177,15.2,50,666
ABalapa,87,126,170,15.2,50,490
ABalapa,88,126,171,15.9,50,-110
ABalapa,89,127,174,16.3,51,-559
ABalapa,90,128,174,17.1,51,-489
ABalapa,91,128,175,17.2,49,635
ABalapa,92,127,173,18.1,48,-115
ABalapa,93,111,176,17.0,40,-777
ABalapaa,94,94,178,18.1,35,-517
ABalapaa,95,89,181,17.3,37,-371
ABalapaa,96,96,180,17.9,40,37
ABalapaa,97,91,181,18.0,40,1037
ABalapaa,98,87,179,17.9,40,326
ABalapaa,99,84,181,17.9,41,-422
ABalapaa,100,85,181,17.9,42,-160
ABalapaa,101,88,181,17.1,42,172
ABalapaa,102,88,180,16.8,42,-166
ABalapaa,103,89,178,17.1,42,311
ABalapaa,104,92,178,17.0,42,-439
ABalapaa,105,95,174,16.8,42,-197
ABalapaa,106,95,174,16.2,42,662
ABalapaa,107,101,177,16.0,42,-143
ABalapaa,108,99,182,15.0,42,-460
ABalapaa,109,101,189,14.8,42,-755
ABalapap,94,125,184,15.2,37,1148
ABalapap,95,126,181,14.3,39,402
ABalapap,96,129,178,14.1,40,331
ABalapap,97,129,181,13.9,40,1361
ABalapap,98,129,180,12.9,40,828
ABalapap,99,133,181,13.1,41,574
ABalapap,100,135,182,13.0,42,-272
ABalapap,101,139,174,12.9,42,958
ABalapap,102,136,175,12.1,42,-188
ABalapap,103,140,171,12.9,42,182
ABalapap,104,139,169,13.0,42,-1044
ABalapap,105,145,167,12.1,42,175
ABalapap,106,143,172,11.8,42,219
ABalapap,107,148,175,11.2,42,344
ABalapap,108,142,184,10.8,42,-327
ABalapap,109,150,191,10.8,42,946
ABalapp,65,143,224,15.8,52,-309
ABalapp,66,157,225,16.2,48,-356
ABalapp,67,158,230,16.9,46,-144
ABalapp,68,159,236,16.9,45,1009
ABalapp,69,165,250,16.9,46,-407
ABalapp,70,170,256,17.1,49,196
ABalapp,71,168,255,16.9,48,166
ABalapp,72,164,248,17.1,49,-254
ABalapp,73,158,245,17.2,49,-262
ABalapp,74,157,244,17.1,50,-532
ABalapp,75,163,244,16.1,50,-52
ABalapp,76,163,243,16.2,50,-382
ABalapp,77,160,246,16.2,49,-435
ABalapp,78,153,242,16.9,49,421
ABalapp,79,150,239,17.1,49,75
ABalapp,80,156,246,17.1,49,-40
ABalapp,81,155,250,16.9,50,-329
ABalapp,82,162,246,16.8,50,-407
ABalapp,83,163,243,17.9,50,267
ABalapp,84,168,235,17.0,50,-600
ABalapp,85,173,233,16.2,50,-146
ABalapp,86,170,232,16.1,50,-152
ABalapp,87,178,233,16.2,50,155
ABalapp,88,189,224,16.9,50,-793
ABalapp,89,191,220,16.8,49,-627
ABalapp,90,195,218,16.8,49,-583
ABalapp,91,192,220,16.0,49,-322
ABalapp,92,182,225,16.8,48,303
ABalapp,93,181,233,15.3,40,90
ABalappa,94,166,230,16.3,41,-823
ABalappa,95,156,228,16.1,41,719
ABalappa,96,155,229,16.0,40,-266
ABalappa,97,159,232,16.1,40,-208
ABalappa,98,153,233,16.9,40,448
ABalappa,99,151,233,16.1,41,-458
ABalappa,100,151,226,16.2,42,897
ABalappa,101,155,223,16.2,42,180
ABalappa,102,155,223,16.1,42,-107
ABalappa,103,151,217,16.1,42,-457
ABalappa,104,153,216,16.0,42,341
ABalappa,105,153,213,15.9,42,-23
ABalappa,106,153,215,15.2,42,607
ABalappa,107,151,216,15.0,42,262
ABalappa,108,159,222,14.8,42,529
ABalappa,109,160,224,14.1,42,423
ABalappp,94,202,233,13.4,35,1016
ABalappp,95,206,233,13.4,39,38
ABalappp,96,212,240,13.8,40,214
ABalappp,97,215,238,13.0,40,614
ABalappp,98,223,234,13.0,40,223
ABalappp,99,226,227,13.1,41,-493
ABalappp,100,225,229,13.1,42,-101
ABalappp,101,228,222,13.0,42,117
ABalappp,102,225,221,13.0,42,-17
ABalappp,103,226,218,12.2,42,-722
ABalappp,104,224,217,12.0,42,-944
ABalappp,105,223,219,12.1,42,-82
ABalappp,106,224,216,12.9,42,-548
ABalappp,107,220,221,12.9,42,-717
ABalappp,108,222,221,12.0,42,-134
ABalappp,109,231,226,12.1,42,-10
ABalp,23,123,269,20.8,42,582
ABalp,24,134,281,20.6,40,-251
ABalp,25,145,293,20.5,38,230
ABalp,26,156,305,20.4,36,-315
ABalp,27,167,317,20.2,34,-172
ABalp,28,178,329,20.1,32,514
ABalp,29,183,335,19.9,47,81
ABalp,30,172,332,18.4,50,511
ABalp,31,155,336,18.1,52,-394
ABalp,32,146,323,17.0,57,-322
ABalp,33,159,330,17.0,58,-155
ABalp,34,151,337,16.1,62,-100
ABalp,35,146,339,15.2,61,-11
ABalp,36,145,336,15.1,62,-917
ABalp,37,147,325,17.1,63,-898
ABalp,38,148,332,16.2,60,-190
ABalp,39,152,329,19.0,40,-635
ABalp,40,155,325,18.9,46,1065
ABalpa,41,133,325,20.2,36,-804
ABalpa,42,121,320,18.2,36,1498
ABalpa,43,122,314,18.1,38,-670
ABalpa,44,117,310,18.1,39,-476
ABalpa,45,115,325,18.0,42,-1045
ABalpa,46,106,330,19.1,45,485
ABalpa,47,111,330,20.1,46,-572
ABalpa,48,107,327,20.0,49,-201
ABalpa,49,104,321,20.2,52,501
ABalpa,50,106,319,20.1,57,-131
ABalpa,51,111,323,18.3,59,-286
ABalpa,52,110,316,17.0,58,-870
ABalpa,53,101,302,16.2,61,174
ABalpa,54,103,313,16.3,59,-882
ABalpa,55,103,305,17.1,60,-455
ABalpa,56,105,310,17.2,62,-689
ABalpa,57,102,307,17.1,62,-675
ABalpa,58,105,315,16.2,61,-523
ABalpa,59,111,317,17.1,61,-481
ABalpa,60,118,314,18.7,60,118
ABalpa,61,119,312,18.1,61,-276
ABalpa,62,114,306,18.8,57,21
ABalpa,63,110,306,17.9,56,-944
ABalpa,64,118,309,17.0,55,41
ABalpaa,65,96,290,15.0,38,-1174
ABalpaa,66,98,290,14.2,48,394
ABalpaa,67,99,297,14.8,46,-856
ABalpaa,68,95,295,15.0,45,-167
ABalpaa,69,86,285,14.9,46,-253
ABalpaa,70,83,285,14.9,47,-760
ABalpaa,71,94,285,14.2,48,173
ABalpaa,72,92,285,14.8,49,-818
ABalpaa,73,95,280,14.0,49,443
ABalpaa,74,90,277,14.1,50,701
ABalpaa,75,85,276,14.8,50,290
ABalpaa,76,85,280,14.2,50,656
ABalpaa,77,82,279,14.9,49,-505
ABalpaa,78,84,283,14.5,51,-208
ABalpaa,79,88,288,15.2,49,-179
ABalpaa,80,82,289,15.8,49,-1080
ABalpaa,81,89,297,15.9,50,145
ABalpaa,82,88,297,16.2,50,17
ABalpaa,83,88,299,16.8,50,-585
ABalpaa,84,89,288,15.8,50,-355
ABalpaa,85,85,285,15.9,50,-272
ABalpaa,86,83,286,16.0,50,-729
ABalpaa,87,91,287,16.1,50,-278
ABalpaa,88,96,280,17.0,50,-439
ABalpaa,89,97,283,17.1,49,50
ABalpaa,90,93,280,17.0,49,23
ABalpaa,91,95,284,16.8,49,271
ABalpaa,92,97,288,16.2,52,-190
ABalpaaa,93,81,283,19.3,36,-448
ABalpaaa,94,83,290,20.1,41,-1509
ABalpaaa,95,87,300,21.0,41,-1289
ABalpaaa,96,84,294,21.8,40,106
ABalpaaa,97,79,300,22.0,40,-1632
ABalpaaa,98,82,302,21.1,40,-1431
ABalpaaa,99,90,300,22.1,41,-1592
ABalpaaa,100,90,294,22.0,42,-603
ABalpaaa,101,90,297,21.9,42,-664
ABalpaaa,102,89,289,21.0,42,-372
ABalpaaa,103,81,278,22.0,42,-372
ABalpaaa,104,75,266,21.9,42,-654
ABalpaaa,105,65,256,20.9,42,-2366
ABalpaaa,106,66,258,20.9,42,-896
ABalpaaa,107,63,251,21.0,42,-407
ABalpaaa,108,62,252,21.0,42,-1117
ABalpaaa,109,63,247,21.8,42,-531
ABalpaap,93,118,294,15.4,38,-781
ABalpaap,94,122,294,15.9,43,-43
ABalpaap,95,125,297,15.9,41,286
ABalpaap,96,127,297,15.1,44,-157
ABalpaap,97,128,298,15.0,44,519
ABalpaap,98,130,296,14.3,42,-23
ABalpaap,99,130,293,14.2,45,228
ABalpaap,100,131,292,15.2,46,116
ABalpaap,101,132,291,15.9,42,-401
ABalpaap,102,129,289,15.1,42,77
ABalpaap,103,119,287,15.2,44,-208
ABalpaap,104,113,279,16.1,42,-345
ABalpaap,105,116,281,15.3,44,-396
ABalpaap,106,110,283,16.0,44,-352
ABalpaap,107,108,280,17.0,44,1
ABalpaap,108,110,278,17.0,46,-59
ABalpaap,109,108,280,17.3,44,530
ABalpap,65,133,335,18.1,50,663
ABalpap,66,135,342,18.2,48,-813
ABalpap,67,146,352,17.9,46,137
ABalpap,68,147,355,18.1,45,184
ABalpap,69,163,354,18.2,48,68
ABalpap,70,161,360,18.3,49,-15
ABalpap,71,166,364,19.1,50,-697
ABalpap,72,164,368,19.1,51,287
ABalpap,73,167,369,18.4,51,-686
ABalpap,74,160,367,18.4,52,-893
ABalpap,75,158,364,18.2,50,742
ABalpap,76,160,362,18.1,50,-3
ABalpap,77,153,357,17.4,51,-495
ABalpap,78,152,358,17.9,49,-427
ABalpap,79,154,355,18.3,51,-449
ABalpap,80,157,356,19.1,51,312
ABalpap,81,154,354,19.9,50,-814
ABalpap,82,160,353,19.9,50,-257
ABalpap,83,152,352,19.4,52,-302
ABalpap,84,149,352,19.1,52,-350
ABalpap,85,145,350,19.1,50,-39
ABalpap,86,147,346,19.2,52,180
ABalpap,87,147,343,19.1,52,-531
ABalpap,88,143,344,19.3,52,75
ABalpap,89,142,348,20.1,49,-623
ABalpap,90,143,335,20.0,41,-713
ABalpapa,91,120,338,20.0,49,537
ABalpapa,92,109,340,20.1,36,-980
ABalpapa,93,113,340,20.2,38,91
ABalpapa,94,116,345,20.9,43,-525
ABalpapa,95,115,347,21.0,41,-136
ABalpapa,96,107,341,21.9,40,-429
ABalpapa,97,109,340,21.9,40,385
ABalpapa,98,114,342,21.2,42,-648
ABalpapa,99,113,343,21.2,43,241
ABalpapa,100,105,341,21.9,42,16
ABalpapa,101,107,341,21.9,42,-597
ABalpapa,102,111,343,22.0,42,599
ABalpapa,103,104,332,22.0,42,-357
ABalpapa,104,95,322,22.0,42,-253
ABalpapa,105,88,315,21.1,42,-935
ABalpapa,106,91,317,21.9,42,-487
ABalpapa,107,89,305,22.9,42,8
ABalpapa,108,84,303,21.2,44,-1519
ABalpapa,109,84,302,21.3,44,-590
ABalpapp,91,161,350,20.1,32,-1078
ABalpapp,92,171,355,20.7,48,756
ABalpapp,93,175,360,21.1,42,-407
ABalpapp,94,179,361,21.0,43,-89
ABalpapp,95,187,364,20.1,41,836
ABalpapp,96,189,363,21.1,44,-244
ABalpapp,97,194,370,21.1,42,39
ABalpapp,98,195,370,20.1,42,985
ABalpapp,99,192,371,20.0,43,499
ABalpapp,100,188,371,20.1,44,-194
ABalpapp,101,183,371,20.0,42,-302
ABalpapp,102,185,371,20.9,42,-345
ABalpapp,103,173,365,20.0,44,-257
ABalpapp,104,164,361,19.3,44,69
ABalpapp,105,164,362,20.0,44,-515
ABalpapp,106,166,360,20.2,44,-622
ABalpapp,107,157,353,22.0,42,-65
ABalpapp,108,155,352,21.1,44,589
ABalpapp,109,160,352,22.1,44,441
ABalpp,41,173,336,15.3,38,1100
ABalpp,42,179,336,14.2,36,-441
ABalpp,43,176,328,13.1,38,-466
ABalpp,44,174,336,13.1,39,-23
ABalpp,45,185,344,12.1,42,-780
ABalpp,46,197,343,11.2,45,-181
ABalpp,47,197,344,11.2,46,-252
ABalpp,48,202,339,11.1,49,-977
ABalpp,49,196,339,11.2,52,-425
ABalpp,50,192,333,12.0,57,15
ABalpp,51,198,330,11.0,59,118
ABalpp,52,206,330,10.2,56,-186
ABalpp,53,211,326,11.1,61,-64
ABalpp,54,209,332,11.9,57,-403
ABalpp,55,210,331,11.8,58,424
ABalpp,56,212,330,12.0,60,576
ABalpp,57,208,337,12.0,58,177
ABalpp,58,207,330,11.1,59,-599
ABalpp,59,208,328,11.7,59,-161
ABalpp,60,203,331,11.7,60,322
ABalpp,61,204,331,11.4,63,-79
ABalpp,62,204,334,12.8,57,-366
ABalpp,63,201,332,12.9,56,-195
ABalpp,64,202,318,12.0,55,11
ABalppa,65,206,322,10.9,34,-782
ABalppa,66,195,326,10.3,36,206
ABalppa,67,197,327,10.8,46,618
ABalppa,68,194,336,10.1,45,-406
ABalppa,69,196,337,10.0,46,-475
ABalppa,70,190,341,9.2,47,-462
ABalppa,71,188,339,9.1,48,-20
ABalppa,72,187,336,9.1,49,-250
ABalppa,73,185,330,9.2,49,315
ABalppa,74,184,337,9.8,50,9
ABalppa,75,180,336,9.8,50,-343
ABalppa,76,177,341,10.2,50,9
ABalppa,77,171,332,10.2,49,193
ABalppa,78,165,334,10.9,49,-437
ABalppa,79,163,333,10.9,49,95
ABalppa,80,167,338,11.1,51,-77
ABalppa,81,172,343,12.1,50,-511
ABalppa,82,171,345,12.2,50,91
ABalppa,83,171,351,12.9,50,-892
ABalppa,84,172,345,12.0,50,-413
ABalppa,85,171,351,12.8,50,-9
ABalppa,86,156,351,13.0,50,72
ABalppa,87,156,355,12.8,50,-706
ABalppa,88,150,352,13.0,50,-164
ABalppa,89,153,355,13.0,51,-65
ABalppa,90,153,349,12.5,51,153
ABalppa,91,159,346,12.1,49,-140
ABalppa,92,157,340,12.0,34,818
ABalppa,93,155,341,12.0,34,184
ABalppaa,94,134,339,12.2,31,74
ABalppaa,95,127,342,13.1,35,-664
ABalppaa,96,119,343,13.2,38,751
ABalppaa,97,115,348,13.9,40,250
ABalppaa,98,116,350,14.1,40,88
ABalppaa,99,109,343,14.2,41,-436
ABalppaa,100,111,346,14.8,42,-82
ABalppaa,101,109,339,14.1,42,267
ABalppaa,102,108,344,15.0,42,547
ABalppaa,103,102,337,15.8,42,-676
ABalppaa,104,98,332,15.9,42,397
ABalppaa,105,96,329,15.1,42,-90
ABalppaa,106,97,332,15.8,42,-582
ABalppaa,107,92,328,15.9,42,27
ABalppaa,108,97,323,14.8,42,-600
ABalppaa,109,100,327,15.0,42,-501
ABalppap,94,182,351,12.1,31,178
ABalppap,95,181,351,11.3,35,530
ABalppap,96,179,355,12.9,40,47
ABalppap,97,180,355,12.9,40,-386
ABalppap,98,179,360,11.4,42,-8
ABalppap,99,180,357,11.4,43,466
ABalppap,100,178,352,11.9,42,-436
ABalppap,101,175,351,11.8,42,534
ABalppap,102,174,354,12.1,42,-1221
ABalppap,103,162,346,12.1,42,391
ABalppap,104,161,344,12.2,44,-140
ABalppap,105,159,347,13.8,42,-305
ABalppap,106,163,357,14.3,44,48
ABalppap,107,161,359,15.1,44,470
ABalppap,108,157,360,15.3,44,-924
ABalppap,109,161,356,16.3,44,-138
ABalppp,65,222,350,14.0,50,-22
ABalppp,66,226,359,14.9,48,-153
ABalppp,67,244,362,14.9,46,302
ABalppp,68,253,360,15.0,45,-587
ABalppp,69,265,360,15.1,46,-370
ABalppp,70,263,367,16.1,49,-513
ABalppp,71,263,374,16.9,48,180
ABalppp,72,258,370,16.1,49,-68
ABalppp,73,262,370,15.0,49,-588
ABalppp,74,254,373,14.9,50,-379
ABalppp,75,255,374,14.9,50,272
ABalppp,76,251,378,14.9,50,-514
ABalppp,77,243,375,14.2,53,-314
ABalppp,78,246,369,14.1,51,-305
ABalppp,79,244,368,14.1,51,-219
ABalppp,80,252,372,15.0,51,130
ABalppp,81,259,374,15.8,50,187
ABalppp,82,264,375,15.8,50,69
ABalppp,83,258,371,15.3,52,101
ABalppp,84,247,363,16.0,50,-194
ABalppp,85,242,355,16.1,52,288
ABalppp,86,239,354,16.9,50,515
ABalppp,87,233,349,16.9,50,1028
ABalppp,88,225,348,17.1,50,260
ABalppp,89,226,343,17.0,49,-249
ABalppp,90,220,340,17.0,49,411
ABalppp,91,221,339,17.9,49,1469
ABalpppa,92,208,334,17.1,32,60
ABalpppa,93,204,332,17.1,34,-644
ABalpppa,94,207,329,16.2,39,335
ABalpppa,95,205,322,17.0,41,-233
ABalpppa,96,202,328,17.1,40,435
ABalpppa,97,200,331,17.1,40,-178
ABalpppa,98,202,327,17.9,40,-114
ABalpppa,99,198,325,17.1,43,519
ABalpppa,100,198,329,16.3,44,738
ABalpppa,101,194,326,16.1,42,-342
ABalpppa,102,191,321,17.0,42,276
ABalpppa,103,182,319,16.1,42,236
ABalpppa,104,176,314,16.0,42,-186
ABalpppa,105,179,315,16.1,42,-99
ABalpppa,106,176,310,17.0,42,-103
ABalpppa,107,173,311,17.0,42,192
ABalpppa,108,170,302,17.0,44,744
ABalpppa,109,175,303,17.2,44,-29
ABalpppp,92,252,343,17.2,46,-224
ABalpppp,93,259,339,17.9,46,1
ABalpppp,94,263,336,17.8,43,252
ABalpppp,95,262,340,17.0,41,-141
ABalpppp,96,269,343,16.3,42,609
ABalpppp,97,273,344,16.8,40,-654
ABalpppp,98,276,333,16.0,40,437
ABalpppp,99,273,326,15.9,41,1132
ABalpppp,100,270,329,16.0,42,-306
ABalpppp,101,267,329,15.9,42,287
ABalpppp,102,263,325,15.9,42,731
ABalpppp,103,253,324,15.8,42,-388
ABalpppp,104,249,322,15.8,42,-124
ABalpppp,105,249,327,16.0,42,377
ABalpppp,106,250,326,16.0,42,-49
ABalpppp,107,245,323,16.0,42,-254
ABalpppp,108,249,323,16.2,44,-490
ABalpppp,109,249,328,16.9,42,-212
ABar,7,148,221,17.9,85,323
ABar,8,155,212,18.8,79,-29
ABar,9,161,203,19.6,73,-466
ABar,10,168,195,20.5,68,-286
ABar,11,174,186,21.3,62,333
ABar,12,181,177,22.2,56,-723
ABar,13,188,168,23.0,50,-212
ABar,14,182,159,24.2,67,-43
ABar,15,196,149,22.9,69,-501
ABar,16,210,139,21.2,71,-147
ABar,17,207,129,20.4,75,0
ABar,18,214,130,18.3,79,-181
ABar,19,225,131,16.0,77,294
ABar,20,233,131,15.2,79,592
ABar,21,256,134,14.0,77,-403
ABara,22,254,137,14.9,76,-110
ABara,23,251,140,15.7,74,99
ABara,24,248,143,16.6,72,-244
ABara,25,246,146,17.5,70,558
ABara,26,243,150,18.3,68,-264
ABara,27,240,153,19.2,67,27
ABara,28,238,156,20.1,65,-7
ABara,29,235,159,20.9,63,235
ABara,30,232,162,21.8,61,-274
ABara,31,230,166,22.7,59,-225
ABara,32,227,169,23.5,58,116
ABara,33,224,172,24.4,56,212
ABara,34,222,175,25.3,54,-19
ABara,35,219,178,26.1,52,-550
ABara,36,216,182,27.0,50,-398
ABara,37,221,182,27.0,50,-61
ABara,38,226,182,27.0,50,-394
ABara,39,232,183,27.0,50,-110
ABaraa,40,221,189,26.3,50,-167
ABaraa,41,209,196,25.5,50,-475
ABaraa,42,197,203,24.8,50,585
ABaraa,43,185,210,24.0,50,-7
ABaraa,44,185,211,24.3,50,62
ABaraa,45,185,212,24.6,50,372
ABaraa,46,185,214,24.9,50,-74
ABaraa,47,185,215,25.1,50,-155
ABaraa,48,185,217,25.4,50,-910
ABaraa,49,185,218,25.7,50,-343
ABaraa,50,184,220,26.0,50,167
ABaraa,51,179,215,26.0,47,433
ABaraa,52,173,210,26.0,44,-101
ABaraa,53,168,205,26.0,41,-745
ABaraa,54,162,200,26.0,38,-431
ABaraa,55,165,200,25.0,58,-67
ABaraa,56,168,205,26.0,56,619
ABaraa,57,165,203,28.0,42,698
ABaraa,58,164,212,26.0,57,267
ABaraa,59,162,215,25.8,59,82
ABaraa,60,164,217,25.0,60,-343
ABaraa,61,163,210,24.1,61,189
ABaraa,62,162,206,23.9,57,546
ABaraa,63,169,206,23.2,54,-367
ABaraaa,64,157,179,23.1,41,-669
ABaraaa,65,157,181,24.1,50,290
ABaraaa,66,150,177,24.1,48,-737
ABaraaa,67,147,177,25.9,46,-172
ABaraaa,68,145,175,25.3,49,-605
ABaraaa,69,136,181,25.3,50,91
ABaraaa,70,130,178,24.3,49,-378
ABaraaa,71,126,185,24.2,52,112
ABaraaa,72,121,182,24.2,51,-115
ABaraaa,73,123,176,24.1,51,-767
ABaraaa,74,119,178,23.9,50,-101
ABaraaa,75,119,172,23.9,50,-187
ABaraaa,76,116,175,23.1,50,-182
ABaraaa,77,122,172,23.9,49,-666
ABaraaa,78,123,175,24.1,53,404
ABaraaa,79,124,170,23.1,49,68
ABaraaa,80,120,172,22.2,53,118
ABaraaa,81,124,166,22.3,54,129
ABaraaa,82,131,166,22.4,52,-485
ABaraaa,83,130,168,23.0,50,1188
ABaraaa,84,132,169,22.4,52,-35
ABaraaa,85,133,165,23.0,52,272
ABaraaa,86,134,167,23.1,52,83
ABaraaa,87,140,161,22.9,50,-401
ABaraaa,88,151,164,23.0,50,226
ABaraaa,89,150,167,23.1,51,-124
ABaraaa,90,149,170,24.1,51,-282
ABaraaa,91,153,181,24.0,49,192
ABaraaa,92,141,180,25.0,48,536
ABaraaaa,93,125,189,25.8,30,1044
ABaraaaa,94,116,202,26.9,43,-562
ABaraaaa,95,116,205,26.9,41,349
ABaraaaa,96,115,205,27.0,40,181
ABaraaaa,97,121,202,27.1,42,93
ABaraaaa,98,117,207,27.1,44,268
ABaraaaa,99,115,209,27.1,41,-33
ABaraaaa,100,114,213,28.0,42,-33
ABaraaaa,101,109,215,27.1,42,187
ABaraaaa,102,120,209,28.0,42,-168
ABaraaaa,103,126,217,28.1,44,0
ABaraaaa,104,125,211,27.1,44,96
ABaraaaa,105,130,207,27.9,42,-919
ABaraaaa,106,127,207,27.0,42,-906
ABaraaaa,107,122,198,27.0,44,599
ABaraaaa,108,122,194,26.1,42,-2
ABaraaaa,109,129,184,26.1,42,373
ABaraaap,93,146,184,23.0,48,16
ABaraaap,94,150,179,22.2,41,403
ABaraaap,95,147,189,22.9,41,1354
ABaraaap,96,147,187,22.0,40,-1162
ABaraaap,97,154,191,21.9,40,340
ABaraaap,98,158,189,21.2,42,436
ABaraaap,99,159,186,21.2,43,-785
ABaraaap,100,154,185,22.0,42,912
ABaraaap,101,154,187,21.9,42,-339
ABaraaap,102,163,188,21.2,44,-749
ABaraaap,103,155,174,22.1,44,-15
ABaraaap,104,167,176,22.1,42,-248
ABaraaap,105,167,179,22.0,44,1303
ABaraaap,106,165,182,21.1,42,58
ABaraaap,107,170,167,21.1,42,292
ABaraaap,108,172,173,21.1,42,-60
ABaraaap,109,173,171,21.0,44,130
ABaraap,64,191,222,24.1,41,-661
ABaraap,65,195,230,25.0,34,986
ABaraap,66,186,223,25.0,32,-970
ABaraap,67,201,234,26.1,32,125
ABaraap,68,201,239,26.1,30,1413
ABaraap,69,207,247,25.3,34,-509
ABaraap,70,209,239,26.1,35,-566
ABaraap,71,203,233,26.1,48,181
ABaraap,72,196,232,27.0,49,-432
ABaraap,73,197,229,26.0,49,-567
ABaraap,74,195,222,26.1,50,44
ABaraap,75,196,216,26.9,50,183
ABaraap,76,187,225,27.0,54,-302
ABaraap,77,183,233,26.9,49,186
ABaraap,78,177,233,27.0,51,44
ABaraap,79,180,223,27.0,49,-922
ABaraap,80,180,219,27.1,53,133
ABaraap,81,183,212,26.2,56,175
ABaraap,82,180,212,27.1,54,-283
ABaraap,83,185,210,27.1,54,-363
ABaraap,84,186,217,26.2,52,-198
ABaraap,85,179,213,27.1,52,-285
ABaraap,86,187,215,26.2,56,241
ABaraap,87,186,219,26.9,50,88
ABaraap,88,198,217,26.1,54,-350
ABaraap,89,198,221,26.9,49,-123
ABaraap,90,200,226,26.0,49,584
ABaraap,91,204,231,25.9,49,322
ABaraapa,92,176,225,26.9,48,-313
ABaraapa,93,175,228,27.0,46,-351
ABaraapa,94,171,231,27.0,43,149
ABaraapa,95,172,233,26.2,43,-19
ABaraapa,96,168,222,27.2,44,-618
ABaraapa,97,167,234,27.1,42,-116
ABaraapa,98,168,233,27.1,44,516
ABaraapa,99,171,238,28.0,45,-294
ABaraapa,100,168,230,28.1,42,801
ABaraapa,101,166,227,27.2,44,-114
ABaraapa,102,172,223,27.0,42,-890
ABaraapa,103,178,222,27.0,44,484
ABaraapa,104,178,223,28.0,42,155
ABaraapa,105,174,219,27.2,44,-766
ABaraapa,106,169,214,27.1,46,717
ABaraapa,107,171,208,27.2,46,-161
ABaraapa,108,166,205,27.9,42,-391
ABaraapa,109,166,206,28.0,44,-1376
ABaraapp,92,229,240,25.9,32,-204
ABaraapp,93,235,246,25.0,48,-630
ABaraapp,94,225,248,25.1,47,-80
ABaraapp,95,231,250,25.1,45,451
ABaraapp,96,235,249,27.0,44,589
ABaraapp,97,237,249,27.1,44,212
ABaraapp,98,243,251,25.1,44,182
ABaraapp,99,239,250,27.0,45,255
ABaraapp,100,240,255,27.0,44,-473
ABaraapp,101,235,254,27.0,44,-360
ABaraapp,102,243,250,27.1,46,-391
ABaraapp,103,242,253,27.1,44,496
ABaraapp,104,240,249,27.0,46,591
ABaraapp,105,230,252,26.1,46,440
ABaraapp,106,230,243,27.1,46,-196
ABaraapp,107,230,237,27.0,46,346
ABaraapp,108,228,235,26.2,46,14
ABaraapp,109,230,232,27.0,46,589
ABarap,40,237,179,26.3,50,-1111
ABarap,41,243,175,25.5,50,-324
ABarap,42,249,171,24.8,50,562
ABarap,43,255,166,24.0,50,562
ABarap,44,255,162,23.8,48,-265
ABarap,45,255,157,23.5,46,64
ABarap,46,255,153,23.3,44,360
ABarap,47,254,148,23.0,42,9
ABarap,48,263,145,23.9,30,-191
ABarap,49,266,140,24.0,48,467
ABarap,50,262,140,23.1,51,550
ABarap,51,268,150,23.1,37,-53
ABarap,52,258,144,24.0,38,317
ABarap,53,257,156,24.0,36,1035
ABarap,54,255,154,25.0,40,-22
ABarap,55,254,154,23.2,40,1246
ABarap,56,253,155,25.0,56,-221
ABarap,57,241,150,24.1,42,1479
ABarap,58,256,158,25.9,57,-797
ABarap,59,250,169,25.1,59,585
ABarap,60,257,168,24.1,44,-1001
ABarap,61,258,169,24.9,59,411
ABarap,62,260,167,23.9,57,-528
ABarap,63,257,165,23.2,48,66
ABarapa,64,244,147,24.0,36,-97
ABarapa,65,233,156,24.1,36,-828
ABarapa,66,225,150,25.0,48,178
ABarapa,67,216,154,24.0,46,377
ABarapa,68,208,139,23.2,49,-502
ABarapa,69,199,135,24.1,50,-281
ABarapa,70,193,133,23.2,51,-227
ABarapa,71,196,136,23.1,52,-348
ABarapa,72,198,134,23.1,51,-186
ABarapa,73,192,135,23.1,51,215
ABarapa,74,193,132,22.2,50,-392
ABarapa,75,199,136,22.1,50,-804
ABarapa,76,194,140,22.9,50,-333
ABarapa,77,193,142,23.0,51,679
ABarapa,78,204,136,22.2,53,13
ABarapa,79,198,140,23.0,51,90
ABarapa,80,196,139,21.3,51,-74
ABarapa,81,202,135,21.2,52,-214
ABarapa,82,206,134,21.9,50,-361
ABarapa,83,207,132,21.3,52,403
ABarapa,84,213,135,22.0,50,-726
ABarapa,85,209,130,22.0,50,-148
ABarapa,86,209,133,23.0,52,24
ABarapa,87,218,144,24.0,50,36
ABarapa,88,226,146,24.1,50,559
ABarapa,89,228,147,24.1,51,-452
ABarapa,90,232,152,24.2,51,431
ABarapa,91,225,152,23.9,49,447
ABarapa,92,233,149,24.2,46,73
ABarapaa,93,199,143,25.9,46,-91
ABarapaa,94,192,143,26.0,43,148
ABarapaa,95,187,145,26.0,41,-1599
ABarapaa,96,187,141,25.0,42,-496
ABarapaa,97,179,141,25.0,40,-877
ABarapaa,98,176,147,25.0,40,360
ABarapaa,99,176,142,25.1,41,-1090
ABarapaa,100,173,147,25.1,44,416
ABarapaa,101,168,150,25.9,42,-212
ABarapaa,102,172,145,25.0,42,-40
ABarapaa,103,183,140,25.1,42,-497
ABarapaa,104,190,138,25.1,42,-550
ABarapaa,105,189,142,25.1,42,-590
ABarapaa,106,183,144,25.1,44,-604
ABarapaa,107,185,146,25.1,42,40
ABarapaa,108,180,146,25.1,42,412
ABarapaa,109,186,144,25.0,42,-843
ABarapap,93,245,160,25.0,46,-642
ABarapap,94,240,169,25.0,43,-657
ABarapap,95,228,182,25.0,41,407
ABarapap,96,230,177,24.0,42,129
ABarapap,97,233,181,24.1,44,17
ABarapap,98,237,181,25.0,44,-369
ABarapap,99,235,175,25.1,43,-425
ABarapap,100,237,182,27.1,44,-424
ABarapap,101,233,178,27.1,44,287
ABarapap,102,238,174,28.0,46,269
ABarapap,103,246,173,28.0,42,-906
ABarapap,104,251,171,28.1,44,-496
ABarapap,105,251,171,28.1,46,-1
ABarapap,106,256,172,28.1,46,244
ABarapap,107,260,172,27.1,44,-501
ABarapap,108,257,172,27.0,44,-852
ABarapap,109,261,163,27.1,46,-245
ABarapp,64,276,200,26.0,44,-503
ABarapp,65,281,200,26.5,47,860
ABarapp,66,287,201,27.0,50,135
ABarapp,67,285,196,27.2,50,28
ABarapp,68,283,190,27.3,50,205
ABarapp,69,281,184,27.5,50,-15
ABarapp,70,279,179,27.7,50,-238
ABarapp,71,277,173,27.8,50,-288
ABarapp,72,275,167,28.0,49,223
ABarapp,73,278,165,27.9,49,-1347
ABarapp,74,275,163,27.9,50,70
ABarapp,75,277,155,27.2,50,-476
ABarapp,76,274,160,26.9,50,-311
ABarapp,77,280,160,27.1,49,-185
ABarapp,78,282,162,27.0,51,-222
ABarapp,79,286,160,27.1,51,105
ABarapp,80,281,160,27.1,51,-533
ABarapp,81,288,152,27.0,50,359
ABarapp,82,288,149,26.0,50,-362
ABarapp,83,289,151,27.0,50,411
ABarapp,84,286,158,26.2,56,-301
ABarapp,85,289,155,26.1,52,-205
ABarapp,86,297,155,26.2,54,166
ABarapp,87,306,160,26.0,50,-170
ABarapp,88,313,165,26.0,54,-10
ABarapp,89,315,172,26.1,53,441
ABarapp,90,315,176,26.1,51,118
ABarapp,91,305,183,26.9,49,-545
ABarapp,92,305,184,26.0,48,65
ABarappa,93,288,168,27.9,46,140
ABarappa,94,283,164,27.0,43,-35
ABarappa,95,278,174,27.0,41,-997
ABarappa,96,269,161,27.0,42,11
ABarappa,97,265,157,27.1,42,261
ABarappa,98,262,154,27.1,44,-77
ABarappa,99,265,150,27.2,43,-477
ABarappa,100,270,154,27.0,44,-351
ABarappa,101,273,154,28.0,44,162
ABarappa,102,276,155,27.2,44,386
ABarappa,103,284,150,27.1,44,67
ABarappa,104,292,152,27.0,44,-953
ABarappa,105,293,147,27.0,42,-452
ABarappa,106,296,148,27.0,42,338
ABarappa,107,297,142,25.2,44,-396
ABarappa,108,289,141,26.0,44,275
ABarappa,109,285,137,24.1,44,-26
ABarappp,93,328,200,25.1,42,660
ABarappp,94,330,195,26.0,43,-426
ABarappp,95,325,195,26.0,41,233
ABarappp,96,325,192,25.0,44,1149
ABarappp,97,328,190,26.0,40,73
ABarappp,98,333,189,24.1,44,325
ABarappp,99,333,184,25.0,43,1605
ABarappp,100,333,173,24.2,44,623
ABarappp,101,336,175,24.1,44,-118
ABarappp,102,336,169,25.0,42,412
ABarappp,103,343,165,24.1,42,-505
ABarappp,104,348,163,25.0,44,812
ABarappp,105,347,168,24.1,46,-664
ABarappp,106,350,164,25.1,46,393
ABarappp,107,351,166,24.0,42,226
ABarappp,108,350,163,25.0,42,15
ABarappp,109,336,155,22.0,42,370
ABarp,22,266,146,15.0,44,211
ABarp,23,267,163,14.3,40,-519
ABarp,24,283,150,12.3,35,425
ABarp,25,311,148,14.2,32,609
ABarp,26,295,147,14.9,44,-194
ABarp,27,281,146,14.1,49,-276
ABarp,28,283,144,12.2,50,-326
ABarp,29,283,138,12.2,51,-166
ABarp,30,280,143,13.0,50,-233
ABarp,31,278,143,11.2,52,-579
ABarp,32,280,147,12.0,57,-154
ABarp,33,281,147,11.1,62,-25
ABarp,34,290,144,11.1,62,-145
ABarp,35,294,141,12.0,63,396
ABarp,36,289,134,13.0,62,234
ABarp,37,280,131,13.1,63,-601
ABarp,38,291,138,13.1,64,-28
ABarp,39,293,142,12.1,43,-556
ABarp,40,306,153,13.0,38,-157
ABarpa,41,263,134,15.1,34,-57
ABarpa,42,258,136,15.1,36,-1216
ABarpa,43,254,130,13.1,38,-299
ABarpa,44,242,123,14.1,39,272
ABarpa,45,237,123,15.1,42,-207
ABarpa,46,219,121,16.1,45,-303
ABarpa,47,215,122,15.1,46,-281
ABarpa,48,222,124,14.2,49,-308
ABarpa,49,218,129,14.2,52,225
ABarpa,50,222,132,14.1,57,-148
ABarpa,51,220,132,15.1,59,840
ABarpa,52,226,135,14.2,60,-629
ABarpa,53,226,134,15.2,61,207
ABarpa,54,218,132,15.0,61,-360
ABarpa,55,226,132,14.3,60,-310
ABarpa,56,223,133,15.1,62,-377
ABarpa,57,221,128,16.1,60,-104
ABarpa,58,223,125,16.1,61,-137
ABarpa,59,225,135,15.3,61,-646
ABarpa,60,223,137,16.7,60,-223
ABarpa,61,229,141,15.4,61,-27
ABarpa,62,234,140,15.2,61,-32
ABarpa,63,234,140,15.0,56,-328
ABarpa,64,234,137,15.5,51,276
ABarpaa,65,210,131,15.1,40,-963
ABarpaa,66,200,135,15.9,48,-181
ABarpaa,67,191,139,16.0,46,-821
ABarpaa,68,180,134,16.1,45,788
ABarpaa,69,174,130,16.1,46,-513
ABarpaa,70,176,126,15.3,49,551
ABarpaa,71,175,129,15.1,48,103
ABarpaa,72,172,129,15.1,49,95
ABarpaa,73,174,128,15.0,49,-462
ABarpaa,74,177,130,14.8,50,445
ABarpaa,75,176,134,14.7,50,-293
ABarpaa,76,177,137,14.2,50,-148
ABarpaa,77,181,131,15.0,49,-127
ABarpaa,78,182,132,14.2,51,-45
ABarpaa,79,172,137,15.0,49,240
ABarpaa,80,176,136,14.4,51,-180
ABarpaa,81,180,143,14.0,50,246
ABarpaa,82,176,143,13.9,50,-805
ABarpaa,83,175,148,13.2,50,-599
ABarpaa,84,184,146,13.8,50,-134
ABarpaa,85,192,142,12.5,52,808
ABarpaa,86,194,140,13.2,50,-704
ABarpaa,87,204,143,13.9,50,144
ABarpaa,88,204,145,14.0,50,-422
ABarpaa,89,203,140,14.8,49,90
ABarpaa,90,199,135,15.1,49,12
ABarpaa,91,189,130,15.2,43,-695
ABarpaaa,92,176,130,17.3,46,-401
ABarpaaa,93,172,128,17.3,36,689
ABarpaaa,94,165,125,17.3,39,953
ABarpaaa,95,153,130,18.1,41,-10
ABarpaaa,96,155,128,18.0,40,-220
ABarpaaa,97,144,135,17.9,40,-154
ABarpaaa,98,141,135,17.8,40,-284
ABarpaaa,99,142,136,17.8,41,-754
ABarpaaa,100,142,135,18.0,42,-41
ABarpaaa,101,143,136,18.0,42,-252
ABarpaaa,102,146,139,18.1,42,1139
ABarpaaa,103,151,133,18.9,42,-240
ABarpaaa,104,155,134,18.9,42,-95
ABarpaaa,105,157,131,18.2,42,-120
ABarpaaa,106,156,134,17.2,42,78
ABarpaaa,107,156,130,17.0,42,937
ABarpaaa,108,152,135,16.0,42,547
ABarpaaa,109,152,144,15.2,42,733
ABarpaap,92,199,140,13.3,36,-1263
ABarpaap,93,199,143,13.8,46,-428
ABarpaap,94,195,147,13.2,43,95
ABarpaap,95,197,148,12.5,43,-394
ABarpaap,96,210,154,12.1,42,390
ABarpaap,97,206,159,12.0,40,392
ABarpaap,98,203,161,11.5,42,310
ABarpaap,99,203,155,11.4,43,195
ABarpaap,100,202,157,12.1,42,142
ABarpaap,101,202,153,12.9,42,-202
ABarpaap,102,202,149,12.9,42,-816
ABarpaap,103,202,145,12.1,42,98
ABarpaap,104,198,151,12.1,42,-1020
ABarpaap,105,208,150,12.2,44,628
ABarpaap,106,205,150,12.0,44,361
ABarpaap,107,205,152,11.9,42,63
ABarpaap,108,205,154,10.4,44,365
ABarpaap,109,202,158,10.2,44,538
ABarpap,65,244,168,18.0,50,-816
ABarpap,66,246,177,18.1,48,-240
ABarpap,67,242,185,18.1,48,-379
ABarpap,68,245,183,18.2,49,-942
ABarpap,69,250,189,18.2,50,22
ABarpap,70,255,190,19.0,51,-124
ABarpap,71,253,189,18.2,50,-226
ABarpap,72,250,187,18.2,49,1077
ABarpap,73,249,184,18.2,53,-92
ABarpap,74,252,183,18.0,50,-355
ABarpap,75,254,179,17.1,52,464
ABarpap,76,253,182,17.9,50,-349
ABarpap,77,251,185,17.2,53,88
ABarpap,78,252,184,17.4,51,-444
ABarpap,79,247,184,17.2,51,-77
ABarpap,80,245,185,17.9,49,248
ABarpap,81,248,187,17.9,50,-311
ABarpap,82,248,193,17.2,50,-646
ABarpap,83,245,184,18.0,50,-601
ABarpap,84,249,182,18.0,50,54
ABarpap,85,249,182,18.1,50,178
ABarpap,86,253,181,18.0,52,-478
ABarpap,87,254,173,17.5,52,280
ABarpap,88,257,166,17.5,52,-59
ABarpap,89,259,168,18.0,51,-258
ABarpap,90,256,169,18.3,51,-121
ABarpap,91,250,174,18.0,35,590
ABarpap,92,251,184,18.2,48,-92
ABarpapa,93,219,180,19.1,46,-436
ABarpapa,94,210,188,19.2,37,-437
ABarpapa,95,205,190,19.9,41,187
ABarpapa,96,205,193,19.9,40,184
ABarpapa,97,203,187,19.1,42,-38
ABarpapa,98,200,191,18.4,42,-53
ABarpapa,99,202,187,19.0,41,-741
ABarpapa,100,202,184,19.0,42,624
ABarpapa,101,205,181,19.1,42,323
ABarpapa,102,206,180,18.8,42,-556
ABarpapa,103,212,180,18.0,42,-61
ABarpapa,104,217,177,18.1,42,587
ABarpapa,105,218,176,18.0,42,-614
ABarpapa,106,214,167,17.1,42,-251
ABarpapa,107,217,162,16.9,42,763
ABarpapa,108,217,160,15.9,42,270
ABarpapa,109,216,169,15.9,42,-138
ABarpapp,93,269,181,17.1,46,15
ABarpapp,94,270,182,17.9,43,654
ABarpapp,95,268,184,17.1,41,-145
ABarpapp,96,272,181,17.1,40,704
ABarpapp,97,275,180,17.0,40,-371
ABarpapp,98,276,175,16.1,42,87
ABarpapp,99,272,168,16.3,43,745
ABarpapp,100,277,168,16.9,42,1077
ABarpapp,101,278,163,17.0,46,191
ABarpapp,102,282,162,16.2,46,-188
ABarpapp,103,286,155,16.2,44,-545
ABarpapp,104,283,151,16.8,42,144
ABarpapp,105,287,156,16.1,42,833
ABarpapp,106,286,150,15.4,44,-492
ABarpapp,107,287,147,15.8,42,315
ABarpapp,108,287,144,14.4,44,-406
ABarpapp,109,280,149,14.2,44,-235
ABarpp,41,328,146,12.2,38,-210
ABarpp,42,332,140,12.0,34,-1125
ABarpp,43,342,144,12.0,38,-310
ABarpp,44,354,151,12.1,39,-152
ABarpp,45,363,154,10.3,40,781
ABarpp,46,366,144,10.1,45,-1264
ABarpp,47,356,138,10.1,46,708
ABarpp,48,360,146,10.0,49,583
ABarpp,49,368,146,10.2,52,-227
ABarpp,50,365,146,10.3,53,-350
ABarpp,51,367,139,11.2,59,340
ABarpp,52,365,139,11.2,60,-61
ABarpp,53,361,136,11.2,59,-302
ABarpp,54,355,132,11.3,61,-343
ABarpp,55,350,131,11.2,62,102
ABarpp,56,348,126,12.2,62,33
ABarpp,57,350,127,13.1,60,-606
ABarpp,58,360,125,13.1,61,-652
ABarpp,59,355,123,12.4,61,283
ABarpp,60,350,124,12.4,62,-227
ABarpp,61,348,130,13.8,59,-188
ABarpp,62,349,132,12.2,59,-262
ABarpp,63,351,139,12.1,62,-457
ABarpp,64,339,136,12.1,39,386
ABarpp,65,325,124,12.3,56,-425
ABarppa,66,299,132,11.3,34,2549
ABarppa,67,285,126,12.1,42,-232
ABarppa,68,280,126,12.0,45,-481
ABarppa,69,274,124,12.0,46,-753
ABarppa,70,271,122,11.9,47,-820
ABarppa,71,267,122,12.0,48,-119
ABarppa,72,265,126,11.2,49,-210
ABarppa,73,262,127,11.1,51,15
ABarppa,74,265,125,11.2,50,397
ABarppa,75,265,127,11.1,50,-189
ABarppa,76,269,128,11.1,50,434
ABarppa,77,263,130,11.9,49,129
ABarppa,78,258,132,12.0,51,-131
ABarppa,79,259,131,12.1,51,-312
ABarppa,80,264,139,11.4,51,972
ABarppa,81,265,143,11.1,50,368
ABarppa,82,254,146,11.0,50,848
ABarppa,83,261,145,11.1,50,-552
ABarppa,84,267,146,11.1,50,280
ABarppa,85,271,140,11.0,50,470
ABarppa,86,275,142,10.9,50,-582
ABarppa,87,285,150,11.2,50,-111
ABarppa,88,285,151,11.7,50,441
ABarppa,89,290,147,12.1,51,-653
ABarppa,90,293,137,13.2,49,-76
ABarppa,91,283,135,12.1,35,995
ABarppaa,92,267,123,12.2,30,-161
ABarppaa,93,261,120,13.2,36,412
ABarppaa,94,253,119,14.2,41,74
ABarppaa,95,251,113,14.9,41,932
ABarppaa,96,253,117,14.9,40,-692
ABarppaa,97,245,115,14.8,40,317
ABarppaa,98,236,112,15.0,40,150
ABarppaa,99,241,113,13.9,41,785
ABarppaa,100,239,113,13.9,42,445
ABarppaa,101,242,110,13.9,42,-629
ABarppaa,102,242,111,13.1,42,139
ABarppaa,103,248,114,12.2,42,-116
ABarppaa,104,247,115,12.1,42,330
ABarppaa,105,257,117,12.0,42,-630
ABarppaa,106,263,125,10.9,42,189
ABarppaa,107,263,128,10.1,42,120
ABarppaa,108,262,134,9.9,42,151
ABarppaa,109,256,148,9.0,42,90
ABarppap,92,305,136,11.2,34,101
ABarppap,93,310,131,11.3,34,-172
ABarppap,94,301,135,11.1,41,48
ABarppap,95,297,138,10.1,41,-368
ABarppap,96,307,137,9.9,40,608
ABarppap,97,309,141,9.2,40,1139
ABarppap,98,307,144,9.1,40,-203
ABarppap,99,310,146,9.1,43,32
ABarppap,100,307,144,9.1,42,-5
ABarppap,101,316,147,9.2,42,586
ABarppap,102,312,154,9.2,42,317
ABarppap,103,315,162,9.2,42,147
ABarppap,104,314,163,9.9,42,-784
ABarppap,105,312,172,9.3,44,174
ABarppap,106,312,175,9.9,42,-57
ABarppap,107,310,181,9.4,44,430
ABarppap,108,313,182,10.0,42,600
ABarppap,109,315,188,9.9,42,-254
ABarppp,66,344,133,15.7,48,-314
ABarppp,67,337,124,15.9,46,-309
ABarppp,68,337,128,16.0,45,-59
ABarppp,69,338,129,16.1,46,-597
ABarppp,70,348,124,17.0,47,-427
ABarppp,71,352,132,17.3,50,451
ABarppp,72,355,127,17.3,51,531
ABarppp,73,353,127,16.3,51,-77
ABarppp,74,356,127,16.8,50,168
ABarppp,75,354,129,16.1,50,1136
ABarppp,76,355,125,16.1,50,242
ABarppp,77,351,124,16.1,49,-334
ABarppp,78,348,125,16.1,51,-284
ABarppp,79,348,127,15.9,49,-175
ABarppp,80,344,134,15.1,51,-48
ABarppp,81,343,137,14.2,50,252
ABarppp,82,345,142,14.8,50,-182
ABarppp,83,341,145,14.8,50,-412
ABarppp,84,349,146,15.1,50,-391
ABarppp,85,357,151,14.9,50,-303
ABarppp,86,362,153,16.0,50,69
ABarppp,87,363,156,15.2,50,-32
ABarppp,88,361,157,15.9,50,-580
ABarppp,89,365,161,15.4,51,487
ABarppp,90,370,171,17.0,49,-501
ABarppp,91,369,174,16.2,51,230
ABarppp,92,367,177,16.2,50,25
ABarppp,93,358,172,15.9,46,-103
ABarpppa,94,346,170,15.2,35,1008
ABarpppa,95,337,165,15.1,37,-812
ABarpppa,96,339,165,15.0,38,101
ABarpppa,97,340,160,14.9,40,670
ABarpppa,98,333,158,14.2,40,763
ABarpppa,99,334,154,14.8,41,808
ABarpppa,100,330,154,15.0,42,211
ABarpppa,101,330,153,14.9,42,-439
ABarpppa,102,333,152,14.9,42,615
ABarpppa,103,335,154,14.1,42,450
ABarpppa,104,337,153,14.0,42,-579
ABarpppa,105,343,157,13.1,42,205
ABarpppa,106,346,152,13.0,42,-168
ABarpppa,107,344,154,13.0,42,-34
ABarpppa,108,347,154,12.1,42,410
ABarpppa,109,343,159,12.0,42,173
ABarpppp,94,380,187,14.1,35,549
ABarpppp,95,387,189,14.1,35,149
ABarpppp,96,396,194,13.9,40,-163
ABarpppp,97,396,195,13.9,40,-145
ABarpppp,98,403,186,12.9,40,-441
ABarpppp,99,413,186,13.1,41,249
ABarpppp,100,411,179,13.1,42,506
ABarpppp,101,415,177,13.1,42,822
ABarpppp,102,416,184,13.1,42,229
ABarpppp,103,420,186,13.1,42,185
ABarpppp,104,421,183,13.0,42,-590
ABarpppp,105,419,185,13.0,42,18
ABarpppp,106,417,184,12.9,42,1012
ABarpppp,107,417,188,12.9,42,92
ABarpppp,108,416,189,13.0,42,-373
ABarpppp,109,417,186,13.1,42,81
ABp,1,325,154,18.0,80,-131
ABp,2,350,125,17.4,80,100
ABp,3,362,131,17.4,84,-157
ABp,4,357,144,17.3,84,-18
ABp,5,344,151,17.2,90,-121
ABp,6,342,156,16.1,88,76
ABpl,7,342,158,15.3,83,67
ABpl,8,342,160,14.5,77,-209
ABpl,9,342,162,13.8,72,-107
ABpl,10,342,164,13.0,66,-421
ABpl,11,341,166,12.2,60,254
ABpl,12,331,174,11.1,68,162
ABpl,13,326,167,10.1,70,55
ABpl,14,322,169,9.3,67,116
ABpl,15,326,190,9.3,71,-21
ABpl,16,322,201,9.4,73,-257
ABpl,17,306,242,9.7,73,-253
ABpl,18,309,306,9.6,75,-138
ABpl,19,304,332,10.8,77,-326
ABpl,20,296,339,10.9,77,309
ABpl,21,280,341,11.9,77,-333
ABpl,22,273,328,12.0,44,274
ABpl,23,258,331,13.1,49,-870
ABpla,24,235,298,11.0,38,-116
ABpla,25,235,298,11.0,38,-1122
ABpla,26,215,265,10.0,44,60
ABpla,27,199,261,9.2,34,14
ABpla,28,194,264,9.2,50,542
ABpla,29,174,239,10.1,35,770
ABpla,30,174,233,10.2,50,-428
ABpla,31,179,229,10.0,52,14
ABpla,32,182,226,10.1,57,244
ABpla,33,176,219,9.2,41,-96
ABpla,34,191,218,10.0,62,-328
ABpla,35,188,207,10.1,63,-48
ABpla,36,192,209,10.1,60,-140
ABpla,37,189,223,9.1,59,-346
ABpla,38,189,222,9.2,60,-288
ABpla,39,191,228,10.1,51,-303
ABpla,40,188,222,11.0,34,915
ABplaa,41,160,224,11.2,34,-439
ABplaa,42,182,219,11.0,34,-17
ABplaa,43,192,222,10.1,38,-462
ABplaa,44,181,225,11.0,39,58
ABplaa,45,174,213,11.1,42,-293
ABplaa,46,169,211,9.1,45,-431
ABplaa,47,158,213,9.0,46,-514
ABplaa,48,158,221,9.1,49,32
ABplaa,49,149,215,10.0,52,-169
ABplaa,50,154,215,10.0,57,682
ABplaa,51,160,216,10.1,59,107
ABplaa,52,166,221,10.0,60,173
ABplaa,53,170,223,10.0,61,-806
ABplaa,54,173,230,9.1,61,-243
ABplaa,55,167,234,9.0,60,-27
ABplaa,56,171,240,9.2,60,-195
ABplaa,57,170,237,9.1,62,-84
ABplaa,58,164,225,9.2,63,3
ABplaa,59,161,233,10.0,61,-689
ABplaa,60,160,231,10.0,60,-590
ABplaa,61,164,230,9.3,61,-325
ABplaa,62,169,233,10.7,57,357
ABplaa,63,172,223,10.3,54,-319
ABplaaa,64,177,198,9.2,37,1315
ABplaaa,65,175,199,8.3,38,-476
ABplaaa,66,163,199,9.7,48,82
ABplaaa,67,149,200,10.1,46,-108
ABplaaa,68,139,195,9.3,47,197
ABplaaa,69,138,196,10.0,48,314
ABplaaa,70,139,199,9.9,47,234
ABplaaa,71,149,199,9.8,48,511
ABplaaa,72,143,200,9.8,49,-466
ABplaaa,73,140,201,9.3,51,-826
ABplaaa,74,144,208,9.1,50,-334
ABplaaa,75,141,208,9.2,50,140
ABplaaa,76,142,211,9.2,50,-40
ABplaaa,77,138,216,9.8,49,370
ABplaaa,78,141,213,9.2,51,-269
ABplaaa,79,138,212,9.3,51,-66
ABplaaa,80,142,218,9.3,53,-316
ABplaaa,81,145,222,9.2,50,-335
ABplaaa,82,139,230,9.2,50,21
ABplaaa,83,142,235,10.0,50,370
ABplaaa,84,144,224,9.8,50,-852
ABplaaa,85,142,227,9.8,50,111
ABplaaa,86,138,228,9.9,50,-835
ABplaaa,87,140,224,10.1,50,-572
ABplaaa,88,140,220,11.0,50,-525
ABplaaa,89,141,210,11.1,51,-100
ABplaaa,90,141,210,11.1,49,-105
ABplaaa,91,140,206,11.0,49,1392
ABplaaa,92,130,207,11.5,50,-92
ABplaaaa,93,99,228,13.0,34,667
ABplaaaa,94,93,234,13.0,37,808
ABplaaaa,95,96,238,13.1,41,464
ABplaaaa,96,92,236,13.2,40,504
ABplaaaa,97,85,235,13.8,40,399
ABplaaaa,98,87,239,13.9,40,-224
ABplaaaa,99,89,237,13.2,43,439
ABplaaaa,100,93,233,13.8,42,-228
ABplaaaa,101,100,235,13.8,42,169
ABplaaaa,102,96,236,13.1,42,-418
ABplaaaa,103,93,224,13.2,42,-612
ABplaaaa,104,97,220,13.1,42,-476
ABplaaaa,105,101,217,12.8,42,23
ABplaaaa,106,106,228,12.0,42,-178
ABplaaaa,107,105,230,12.0,42,448
ABplaaaa,108,110,237,11.8,42,-547
ABplaaaa,109,114,244,11.0,42,-1052
ABplaaap,93,140,208,10.2,34,-317
ABplaaap,94,137,218,10.2,37,-374
ABplaaap,95,143,216,10.0,41,292
ABplaaap,96,145,217,9.2,42,-424
ABplaaap,97,151,219,8.9,40,-94
ABplaaap,98,155,220,8.9,40,953
ABplaaap,99,155,221,8.9,41,-414
ABplaaap,100,152,221,9.1,42,-523
ABplaaap,101,156,219,9.2,42,168
ABplaaap,102,152,222,9.0,42,-262
ABplaaap,103,153,219,9.0,42,213
ABplaaap,104,154,222,9.1,42,458
ABplaaap,105,158,219,9.2,42,629
ABplaaap,106,162,230,9.1,42,376
ABplaaap,107,165,232,8.3,44,1069
ABplaaap,108,171,233,8.9,42,-1039
ABplaaap,109,175,238,9.0,42,133
ABplaap,64,192,247,10.3,43,-773
ABplaap,65,196,253,10.7,52,2
ABplaap,66,198,255,11.1,48,-462
ABplaap,67,186,260,11.0,46,-700
ABplaap,68,187,271,10.2,47,-56
ABplaap,69,194,276,10.1,48,-514
ABplaap,70,195,278,10.3,49,-160
ABplaap,71,195,278,10.9,48,-220
ABplaap,72,190,275,10.3,51,-983
ABplaap,73,196,268,11.0,51,-248
ABplaap,74,195,275,11.1,50,128
ABplaap,75,195,271,11.0,50,146
ABplaap,76,190,274,11.1,52,-378
ABplaap,77,194,271,11.2,53,354
ABplaap,78,194,274,11.0,53,-528
ABplaap,79,190,275,11.3,53,-245
ABplaap,80,191,276,11.3,51,-530
ABplaap,81,193,281,11.1,52,-732
ABplaap,82,190,288,10.5,52,49
ABplaap,83,191,285,11.5,52,407
ABplaap,84,192,285,11.1,52,-122
ABplaap,85,192,283,10.4,52,109
ABplaap,86,186,287,11.0,52,-218
ABplaap,87,187,283,11.0,54,216
ABplaap,88,184,284,11.0,50,-416
ABplaap,89,178,279,11.0,49,343
ABplaap,90,186,278,10.1,33,-718
ABplaapa,91,152,277,9.3,33,511
ABplaapa,92,143,278,9.2,34,-238
ABplaapa,93,143,275,8.3,38,439
ABplaapa,94,136,281,9.0,41,-605
ABplaapa,95,135,280,8.9,41,-839
ABplaapa,96,132,279,9.0,40,-211
ABplaapa,97,132,282,9.3,42,424
ABplaapa,98,130,282,9.9,40,701
ABplaapa,99,130,287,9.9,41,544
ABplaapa,100,128,283,10.0,42,124
ABplaapa,101,134,277,9.9,42,220
ABplaapa,102,129,282,10.1,42,-234
ABplaapa,103,121,270,10.1,42,-322
ABplaapa,104,125,274,10.1,44,-10
ABplaapa,105,129,272,10.1,44,253
ABplaapa,106,136,279,10.2,42,-246
ABplaapa,107,134,279,10.2,42,142
ABplaapa,108,143,290,9.9,42,-110
ABplaapa,109,146,293,10.1,44,-1008
ABplaapp,91,203,283,10.1,31,1004
ABplaapp,92,198,276,10.1,34,593
ABplaapp,93,201,273,10.1,40,829
ABplaapp,94,205,278,10.0,43,476
ABplaapp,95,211,279,9.9,41,-351
ABplaapp,96,219,283,9.9,40,54
ABplaapp,97,224,285,9.2,42,-211
ABplaapp,98,228,286,9.1,44,717
ABplaapp,99,224,286,9.2,43,-265
ABplaapp,100,224,284,9.1,44,106
ABplaapp,101,224,283,9.1,46,-333
ABplaapp,102,220,283,8.4,44,610
ABplaapp,103,217,279,9.0,46,86
ABplaapp,104,213,282,9.3,46,216
ABplaapp,105,215,282,9.3,44,102
ABplaapp,106,222,286,9.2,46,-637
ABplaapp,107,220,285,10.0,46,306
ABplaapp,108,222,292,10.3,46,-155
ABplaapp,109,225,301,11.0,46,554
ABplap,41,222,217,9.1,28,-734
ABplap,42,257,217,9.9,34,-136
ABplap,43,267,222,9.1,36,578
ABplap,44,268,218,10.1,39,-988
ABplap,45,272,207,9.1,42,-897
ABplap,46,270,212,9.0,29,685
ABplap,47,278,217,9.1,46,-420
ABplap,48,270,216,9.1,49,-309
ABplap,49,276,215,9.1,52,-215
ABplap,50,277,217,9.2,55,-455
ABplap,51,274,211,9.3,55,267
ABplap,52,270,209,9.1,58,-147
ABplap,53,275,209,9.2,59,222
ABplap,54,267,209,9.3,59,87
ABplap,55,260,211,9.3,60,27
ABplap,56,263,211,9.2,58,-69
ABplap,57,262,200,9.9,58,-135
ABplap,58,267,201,9.3,59,-316
ABplap,59,266,204,10.1,61,91
ABplap,60,266,203,10.7,60,230
ABplap,61,274,207,10.8,59,-343
ABplap,62,267,213,10.8,57,86
ABplap,63,272,218,10.4,50,-177
ABplapa,64,259,194,9.1,37,-2252
ABplapa,65,259,195,9.1,42,388
ABplapa,66,243,199,9.2,48,154
ABplapa,67,237,191,9.8,46,-133
ABplapa,68,226,190,9.2,47,1024
ABplapa,69,225,186,9.1,46,-39
ABplapa,70,219,189,9.1,47,-367
ABplapa,71,223,190,9.2,48,-106
ABplapa,72,225,190,9.1,49,-27
ABplapa,73,220,191,9.2,49,336
ABplapa,74,224,194,9.3,50,-298
ABplapa,75,219,199,9.8,50,-124
ABplapa,76,228,198,9.8,50,137
ABplapa,77,223,197,9.2,49,-38
ABplapa,78,221,195,9.2,51,-297
ABplapa,79,216,200,9.2,51,-710
ABplapa,80,215,199,9.1,51,-402
ABplapa,81,215,208,9.1,50,-175
ABplapa,82,217,212,9.3,52,451
ABplapa,83,220,214,9.0,50,-788
ABplapa,84,219,211,9.2,50,424
ABplapa,85,227,212,9.0,50,604
ABplapa,86,232,218,8.9,50,235
ABplapa,87,232,218,8.9,50,660
ABplapa,88,228,213,9.0,50,665
ABplapa,89,227,210,8.8,49,31
ABplapa,90,217,193,9.1,37,510
ABplapaa,91,199,199,8.2,31,947
ABplapaa,92,188,199,8.3,32,1175
ABplapaa,93,190,195,8.1,40,637
ABplapaa,94,186,197,8.1,43,513
ABplapaa,95,193,194,7.9,41,422
ABplapaa,96,192,201,8.0,40,-305
ABplapaa,97,196,214,7.9,40,-211
ABplapaa,98,197,209,7.9,40,1295
ABplapaa,99,193,207,7.4,43,555
ABplapaa,100,191,203,7.9,42,979
ABplapaa,101,195,202,7.9,42,562
ABplapaa,102,196,202,8.0,42,-25
ABplapaa,103,196,197,8.0,42,355
ABplapaa,104,197,199,8.0,42,115
ABplapaa,105,205,204,8.0,42,111
ABplapaa,106,210,216,7.9,42,-211
ABplapaa,107,215,223,7.8,42,100
ABplapaa,108,227,231,7.9,42,311
ABplapaa,109,230,247,8.0,42,759
ABplapap,91,239,206,9.1,32,-546
ABplapap,92,237,200,9.1,34,650
ABplapap,93,238,195,9.2,40,1162
ABplapap,94,239,195,9.8,43,131
ABplapap,95,256,199,10.0,41,313
ABplapap,96,270,202,10.1,42,-217
ABplapap,97,271,201,9.2,42,-168
ABplapap,98,267,201,9.0,42,822
ABplapap,99,268,207,9.0,43,-1045
ABplapap,100,270,202,8.5,44,171
ABplapap,101,271,197,8.3,44,280
ABplapap,102,267,207,9.0,42,-214
ABplapap,103,271,208,8.9,42,773
ABplapap,104,273,211,8.9,42,-306
ABplapap,105,273,217,8.9,42,236
ABplapap,106,283,221,9.1,42,-685
ABplapap,107,284,226,9.2,44,-416
ABplapap,108,296,234,9.0,42,-616
ABplapap,109,296,246,9.1,42,-1442
ABplapp,64,282,243,10.2,37,439
ABplapp,65,287,248,10.3,44,-430
ABplapp,66,282,252,11.1,48,-41
ABplapp,67,279,252,11.2,46,-257
ABplapp,68,286,255,10.4,47,249
ABplapp,69,286,259,11.1,48,-1009
ABplapp,70,288,256,10.9,47,-181
ABplapp,71,290,258,10.8,48,1326
ABplapp,72,287,257,10.8,49,-676
ABplapp,73,287,255,10.2,49,484
ABplapp,74,283,261,10.0,50,-225
ABplapp,75,284,264,10.0,50,-107
ABplapp,76,279,265,9.9,50,-205
ABplapp,77,281,261,9.4,51,-355
ABplapp,78,277,262,9.8,49,-849
ABplapp,79,267,264,9.5,51,254
ABplapp,80,271,268,9.9,49,-32
ABplapp,81,274,271,10.2,50,181
ABplapp,82,278,275,10.2,50,-371
ABplapp,83,275,279,10.0,50,151
ABplapp,84,276,280,10.0,50,602
ABplapp,85,276,282,10.0,50,537
ABplapp,86,274,284,10.1,50,-136
ABplapp,87,275,291,11.0,50,508
ABplapp,88,268,291,10.9,50,252
ABplapp,89,269,285,10.8,49,126
ABplapp,90,274,281,10.0,37,197
ABplapp,91,291,280,10.1,37,-231
ABplappa,92,267,266,10.1,30,149
ABplappa,93,273,263,10.1,34,-132
ABplappa,94,276,266,10.1,43,1540
ABplappa,95,279,266,9.9,41,224
ABplappa,96,277,263,10.2,42,482
ABplappa,97,276,263,10.2,42,419
ABplappa,98,279,260,9.4,42,866
ABplappa,99,281,260,9.9,41,379
ABplappa,100,284,255,9.9,42,-3
ABplappa,101,287,255,9.9,42,-12
ABplappa,102,291,262,9.0,42,432
ABplappa,103,291,264,8.9,42,116
ABplappa,104,292,268,9.0,42,-352
ABplappa,105,295,270,9.1,42,981
ABplappa,106,293,278,9.1,44,382
ABplappa,107,289,284,9.3,42,106
ABplappa,108,294,295,9.1,44,299
ABplappa,109,303,306,9.2,44,163
ABplappp,92,315,280,10.5,34,-721
ABplappp,93,327,275,9.3,34,840
ABplappp,94,332,281,9.3,39,342
ABplappp,95,345,280,9.8,41,-28
ABplappp,96,350,286,9.0,40,-461
ABplappp,97,354,290,9.1,40,0
ABplappp,98,362,286,9.0,40,-321
ABplappp,99,363,288,8.9,41,-290
ABplappp,100,364,286,8.2,42,1015
ABplappp,101,364,290,8.9,42,318
ABplappp,102,364,302,8.8,42,907
ABplappp,103,362,304,8.2,42,-245
ABplappp,104,362,304,8.2,42,-560
ABplappp,105,364,309,8.8,42,-104
ABplappp,106,357,312,8.9,42,382
ABplappp,107,355,319,8.9,42,-68
ABplappp,108,355,326,9.1,42,591
ABplappp,109,359,333,9.1,42,-390
ABplp,24,270,334,14.8,33,-658
ABplp,25,270,319,12.9,30,-454
ABplp,26,279,328,12.9,44,-271
ABplp,27,286,327,12.4,49,1040
ABplp,28,297,341,12.2,50,-712
ABplp,29,302,347,12.0,51,253
ABplp,30,324,340,10.3,50,-172
ABplp,31,325,348,12.0,52,-75
ABplp,32,322,351,11.1,57,-126
ABplp,33,331,346,10.2,60,256
ABplp,34,332,340,10.1,58,-478
ABplp,35,325,347,11.8,57,95
ABplp,36,318,342,10.1,62,-72
ABplp,37,305,352,11.0,63,-299
ABplp,38,305,350,10.1,62,-226
ABplp,39,296,357,12.1,55,-11
ABplp,40,281,339,12.0,36,585
ABplpa,41,271,340,12.2,30,1209
ABplpa,42,273,352,11.9,34,16
ABplpa,43,276,359,12.1,36,1053
ABplpa,44,270,352,12.1,39,-154
ABplpa,45,275,348,12.2,42,-319
ABplpa,46,263,351,12.1,45,-1119
ABplpa,47,269,350,11.0,46,-541
ABplpa,48,265,348,11.2,49,-782
ABplpa,49,270,347,11.0,52,-142
ABplpa,50,267,344,11.1,57,-503
ABplpa,51,272,338,10.2,59,-342
ABplpa,52,279,336,10.3,56,-785
ABplpa,53,281,335,10.3,59,-392
ABplpa,54,284,336,10.2,61,-125
ABplpa,55,290,333,10.9,58,30
ABplpa,56,295,338,10.1,60,-510
ABplpa,57,297,343,10.8,58,-114
ABplpa,58,291,341,10.3,59,87
ABplpa,59,301,338,10.7,59,-327
ABplpa,60,300,336,10.0,60,-6
ABplpa,61,300,341,10.7,59,-810
ABplpa,62,303,339,10.2,61,-175
ABplpa,63,301,341,9.9,56,-227
ABplpa,64,297,341,11.9,55,-635
ABplpaa,65,298,336,10.0,34,-356
ABplpaa,66,287,342,9.2,38,2273
ABplpaa,67,295,340,9.8,46,-372
ABplpaa,68,293,338,9.1,45,100
ABplpaa,69,293,342,8.9,46,-589
ABplpaa,70,290,336,8.2,47,-62
ABplpaa,71,285,335,8.2,48,568
ABplpaa,72,282,332,8.9,49,-402
ABplpaa,73,285,330,8.8,49,844
ABplpaa,74,276,337,8.3,50,-165
ABplpaa,75,278,342,9.0,50,-461
ABplpaa,76,269,344,9.0,50,-68
ABplpaa,77,265,342,8.9,49,-186
ABplpaa,78,257,335,8.9,49,555
ABplpaa,79,258,335,8.9,49,344
ABplpaa,80,256,339,8.9,49,-234
ABplpaa,81,257,346,9.0,50,-395
ABplpaa,82,260,352,9.2,50,-338
ABplpaa,83,256,351,9.1,50,396
ABplpaa,84,255,350,9.8,50,175
ABplpaa,85,254,355,9.8,50,-876
ABplpaa,86,245,358,10.0,50,316
ABplpaa,87,248,359,9.9,50,-171
ABplpaa,88,241,356,10.1,50,-715
ABplpaa,89,239,354,10.4,51,-227
ABplpaa,90,239,346,10.4,53,221
ABplpaa,91,246,346,10.4,51,-238
ABplpaa,92,243,345,10.1,32,29
ABplpaa,93,260,339,10.0,32,3556
ABplpaaa,94,236,351,10.1,33,1592
ABplpaaa,95,238,348,9.2,35,-814
ABplpaaa,96,228,350,9.2,36,87
ABplpaaa,97,225,353,9.9,40,1
ABplpaaa,98,231,355,9.2,40,-90
ABplpaaa,99,228,360,10.0,41,285
ABplpaaa,100,223,360,9.9,42,295
ABplpaaa,101,217,360,10.0,42,1159
ABplpaaa,102,218,363,10.1,42,218
ABplpaaa,103,202,356,10.0,42,83
ABplpaaa,104,198,357,10.1,42,720
ABplpaaa,105,191,354,10.1,42,1061
ABplpaaa,106,187,357,11.0,44,-631
ABplpaaa,107,182,357,11.0,42,377
ABplpaaa,108,184,359,11.8,42,-10
ABplpaaa,109,173,360,12.2,42,737
ABplpaap,94,282,341,10.1,35,549
ABplpaap,95,291,336,10.1,35,3
ABplpaap,96,288,331,9.9,40,205
ABplpaap,97,287,336,9.8,40,1075
ABplpaap,98,292,333,9.1,40,-291
ABplpaap,99,288,329,9.8,41,-676
ABplpaap,100,286,328,9.2,42,338
ABplpaap,101,282,329,9.0,42,665
ABplpaap,102,279,331,9.0,42,87
ABplpaap,103,270,331,8.9,42,-180
ABplpaap,104,265,327,8.9,42,1006
ABplpaap,105,260,326,9.0,42,-393
ABplpaap,106,256,333,9.1,42,424
ABplpaap,107,250,337,9.8,42,726
ABplpaap,108,248,344,10.0,42,864
ABplpaap,109,246,356,10.9,42,472
ABplpap,65,327,358,12.2,36,-371
ABplpap,66,331,369,13.8,48,-230
ABplpap,67,348,366,14.0,46,29
ABplpap,68,358,369,14.0,45,-67
ABplpap,69,366,366,14.1,46,-430
ABplpap,70,370,374,14.8,47,162
ABplpap,71,377,377,13.9,48,-84
ABplpap,72,377,378,14.0,49,-131
ABplpap,73,372,380,13.8,49,-179
ABplpap,74,359,379,13.9,50,-599
ABplpap,75,351,377,14.8,50,444
ABplpap,76,353,378,15.0,50,103
ABplpap,77,350,375,14.3,51,-925
ABplpap,78,346,379,14.8,49,366
ABplpap,79,343,377,14.8,49,95
ABplpap,80,341,379,14.4,51,406
ABplpap,81,346,383,15.1,50,-316
ABplpap,82,353,384,15.9,50,157
ABplpap,83,345,381,15.1,50,-51
ABplpap,84,340,381,14.9,50,-491
ABplpap,85,331,382,15.8,50,716
ABplpap,86,329,381,15.1,50,-5
ABplpap,87,333,381,15.2,50,76
ABplpap,88,325,380,15.8,50,-327
ABplpap,89,317,380,15.3,51,167
ABplpap,90,317,377,15.0,49,1188
ABplpap,91,317,375,15.1,49,-153
ABplpap,92,312,375,15.0,48,201
ABplpap,93,312,370,15.1,34,425
ABplpapa,94,302,380,16.3,35,-787
ABplpapa,95,303,380,15.2,35,-628
ABplpapa,96,303,381,14.3,38,-223
ABplpapa,97,302,379,15.0,40,187
ABplpapa,98,302,382,14.1,40,29
ABplpapa,99,295,386,14.1,41,569
ABplpapa,100,287,386,14.2,42,-161
ABplpapa,101,282,386,14.1,42,-24
ABplpapa,102,273,388,14.9,42,-560
ABplpapa,103,255,385,14.0,42,-431
ABplpapa,104,250,385,14.0,42,438
ABplpapa,105,246,385,14.0,42,-62
ABplpapa,106,243,389,14.8,42,-1474
ABplpapa,107,234,385,15.0,42,-331
ABplpapa,108,234,386,16.1,42,287
ABplpapa,109,232,389,17.9,42,733
ABplpapp,94,343,380,16.2,35,-1161
ABplpapp,95,360,380,16.3,37,-63
ABplpapp,96,361,381,16.0,38,1358
ABplpapp,97,367,383,16.1,40,-443
ABplpapp,98,370,380,16.1,40,447
ABplpapp,99,374,386,16.1,41,556
ABplpapp,100,370,388,15.8,42,-33
ABplpapp,101,366,388,15.9,42,-111
ABplpapp,102,357,387,16.1,42,415
ABplpapp,103,341,388,15.9,42,-254
ABplpapp,104,336,389,15.2,42,1140
ABplpapp,105,329,389,15.2,42,-382
ABplpapp,106,319,391,15.9,42,1139
ABplpapp,107,308,388,16.0,42,-710
ABplpapp,108,308,388,15.4,44,214
ABplpapp,109,310,387,16.4,44,-244
ABplpp,41,317,326,11.1,34,590
ABplpp,42,342,337,11.8,34,183
ABplpp,43,349,347,11.2,36,449
ABplpp,44,352,352,11.1,39,-418
ABplpp,45,367,347,11.1,42,359
ABplpp,46,385,342,11.0,45,-317
ABplpp,47,392,345,10.1,46,387
ABplpp,48,386,343,10.1,49,-186
ABplpp,49,390,351,10.1,52,-158
ABplpp,50,394,350,10.0,57,-55
ABplpp,51,397,347,10.1,57,-268
ABplpp,52,402,339,9.2,56,-429
ABplpp,53,398,339,10.0,61,-213
ABplpp,54,402,330,9.3,59,-506
ABplpp,55,399,329,9.9,58,-214
ABplpp,56,396,330,9.2,58,-220
ABplpp,57,394,335,9.3,60,-342
ABplpp,58,393,337,9.3,59,-312
ABplpp,59,396,341,9.9,59,-54
ABplpp,60,393,346,10.7,60,57
ABplpp,61,386,349,11.6,59,197
ABplpp,62,387,348,11.7,57,154
ABplpp,63,389,344,11.1,56,268
ABplpp,64,391,345,10.9,55,11
ABplpp,65,405,344,11.1,52,-153
ABplppa,66,383,337,8.3,32,-326
ABplppa,67,382,329,8.0,40,-422
ABplppa,68,377,327,8.1,45,-9
ABplppa,69,371,325,8.1,46,1272
ABplppa,70,371,332,8.1,47,236
ABplppa,71,373,321,8.1,48,738
ABplppa,72,372,324,8.0,49,-139
ABplppa,73,376,328,8.2,49,300
ABplppa,74,369,331,8.1,50,50
ABplppa,75,362,328,8.2,50,229
ABplppa,76,359,328,8.2,50,-438
ABplppa,77,355,321,8.2,49,-661
ABplppa,78,346,330,8.2,49,-74
ABplppa,79,344,329,8.2,49,-154
ABplppa,80,345,325,8.3,51,-457
ABplppa,81,346,334,8.8,50,342
ABplppa,82,349,338,8.9,50,345
ABplppa,83,345,339,8.8,50,185
ABplppa,84,345,337,8.8,50,451
ABplppa,85,347,340,8.9,50,399
ABplppa,86,343,340,9.0,50,-477
ABplppa,87,337,341,8.9,50,-147
ABplppa,88,332,347,8.9,50,-355
ABplppa,89,326,346,9.0,49,-503
ABplppa,90,326,342,9.0,49,266
ABplppa,91,331,344,9.2,49,-155
ABplppa,92,331,344,9.8,48,187
ABplppa,93,338,341,10.0,38,-312
ABplppa,94,343,348,10.0,35,-338
ABplppaa,95,335,344,9.3,33,-1322
ABplppaa,96,333,346,9.1,36,727
ABplppaa,97,333,349,9.8,40,-818
ABplppaa,98,337,347,9.1,40,447
ABplppaa,99,329,346,9.0,41,-352
ABplppaa,100,328,339,9.2,42,-356
ABplppaa,101,324,337,9.0,42,36
ABplppaa,102,321,343,9.0,42,179
ABplppaa,103,312,342,8.9,42,917
ABplppaa,104,306,340,8.9,42,-705
ABplppaa,105,300,344,8.9,42,-399
ABplppaa,106,295,347,9.0,42,15
ABplppaa,107,289,347,9.1,42,543
ABplppaa,108,288,355,10.0,42,-284
ABplppaa,109,286,366,11.1,42,13
ABplppap,95,375,351,10.0,33,255
ABplppap,96,380,352,9.2,34,-1149
ABplppap,97,381,351,9.2,38,424
ABplppap,98,387,351,9.2,40,481
ABplppap,99,387,352,9.2,41,-39
ABplppap,100,387,347,9.9,42,799
ABplppap,101,383,352,9.9,42,89
ABplppap,102,380,357,10.1,42,546
ABplppap,103,371,360,10.8,42,53
ABplppap,104,366,361,10.8,42,-586
ABplppap,105,356,354,11.2,42,-352
ABplppap,106,352,359,11.9,42,-52
ABplppap,107,342,359,13.0,42,246
ABplppap,108,346,360,14.0,42,-512
ABplppap,109,345,362,14.9,42,479
ABplppp,66,419,360,12.0,38,620
ABplppp,67,428,356,11.8,46,-487
ABplppp,68,434,358,11.9,45,506
ABplppp,69,438,363,12.1,46,-488
ABplppp,70,454,362,13.0,47,4
ABplppp,71,457,358,13.0,48,34
ABplppp,72,457,360,13.0,49,108
ABplppp,73,461,362,13.2,49,-413
ABplppp,74,455,373,14.1,50,-98
ABplppp,75,447,379,13.9,50,330
ABplppp,76,438,381,13.2,50,-693
ABplppp,77,436,381,13.8,49,-319
ABplppp,78,433,383,13.9,49,-164
ABplppp,79,422,382,13.2,49,-1014
ABplppp,80,422,379,12.8,49,-220
ABplppp,81,425,377,13.1,50,-364
ABplppp,82,425,374,12.9,50,-293
ABplppp,83,420,380,13.2,50,-207
ABplppp,84,419,381,13.2,50,52
ABplppp,85,413,382,13.2,50,194
ABplppp,86,406,381,13.1,50,163
ABplppp,87,410,383,13.1,50,-1154
ABplppp,88,405,379,13.0,50,294
ABplppp,89,398,378,13.0,49,227
ABplppp,90,397,374,13.0,49,7
ABplppp,91,400,371,13.0,49,481
ABplppp,92,397,370,12.2,40,442
ABplppp,93,403,367,12.1,32,447
ABplpppa,94,393,369,12.1,33,-1127
ABplpppa,95,410,369,11.4,35,770
ABplpppa,96,416,370,11.9,40,-659
ABplpppa,97,422,369,11.1,40,83
ABplpppa,98,428,365,11.0,40,-353
ABplpppa,99,425,371,10.9,41,-328
ABplpppa,100,423,367,10.2,42,330
ABplpppa,101,419,369,10.1,42,-1141
ABplpppa,102,418,374,11.0,42,-659
ABplpppa,103,405,378,11.1,42,-412
ABplpppa,104,397,378,12.0,42,-1060
ABplpppa,105,390,379,12.0,42,633
ABplpppa,106,388,380,11.9,42,354
ABplpppa,107,378,379,11.8,42,1309
ABplpppa,108,378,379,11.8,42,493
ABplpppa,109,380,382,12.9,42,532
ABplpppp,94,430,371,13.0,36,114
ABplpppp,95,445,370,15.8,41,-530
ABplpppp,96,445,377,15.9,40,269
ABplpppp,97,453,375,16.0,40,35
ABplpppp,98,464,377,16.9,40,1227
ABplpppp,99,462,381,16.9,41,512
ABplpppp,100,452,387,17.1,42,-149
ABplpppp,101,448,389,17.0,42,245
ABplpppp,102,449,389,17.1,42,602
ABplpppp,103,444,391,17.8,42,315
ABplpppp,104,444,391,17.1,42,1428
ABplpppp,105,447,389,16.0,42,460
ABplpppp,106,444,389,16.0,42,420
ABplpppp,107,436,390,16.0,42,1139
ABplpppp,108,443,386,15.1,42,11
ABplpppp,109,439,385,15.0,42,812
ABpr,7,347,157,16.9,85,-206
ABpr,8,353,159,17.7,82,-37
ABpr,9,359,160,18.5,78,103
ABpr,10,364,162,19.3,75,254
ABpr,11,370,164,20.1,71,208
ABpr,12,376,165,21.0,68,293
ABpr,13,382,167,21.8,64,169
ABpr,14,387,169,22.6,61,231
ABpr,15,393,170,23.4,57,322
ABpr,16,399,172,24.2,54,-937
ABpr,17,405,174,25.0,50,-609
ABpr,18,411,167,24.3,50,458
ABpr,19,417,160,23.5,50,-488
ABpr,20,423,153,22.8,50,-365
ABpr,21,430,146,22.0,50,-211
ABpr,22,429,156,21.0,50,391
ABpr,23,428,167,20.0,50,1092
ABpra,24,417,164,21.5,50,-62
ABpra,25,406,161,23.0,50,-234
ABpra,26,400,149,23.1,47,-317
ABpra,27,394,136,23.2,43,749
ABpra,28,388,123,23.2,39,-81
ABpra,29,381,110,23.3,35,-291
ABpra,30,373,112,22.1,34,-19
ABpra,31,381,109,23.1,32,525
ABpra,32,377,112,22.2,53,-9
ABpra,33,369,105,23.0,37,-141
ABpra,34,370,109,23.0,41,-303
ABpra,35,381,119,23.9,38,538
ABpra,36,387,125,22.0,37,1063
ABpra,37,392,135,22.0,40,-598
ABpra,38,392,135,22.0,40,1262
ABpra,39,384,125,21.1,36,-408
ABpra,40,397,150,22.0,36,654
ABpraa,41,365,124,22.2,30,-1109
ABpraa,42,370,121,22.0,34,670
ABpraa,43,374,114,22.1,29,2010
ABpraa,44,373,113,22.1,39,-229
ABpraa,45,364,112,23.1,40,354
ABpraa,46,355,109,24.0,41,-344
ABpraa,47,344,107,23.1,44,631
ABpraa,48,332,115,24.0,45,298
ABpraa,49,342,109,22.1,52,420
ABpraa,50,340,112,23.1,53,158
ABpraa,51,343,113,22.2,55,80
ABpraa,52,334,121,22.9,54,423
ABpraa,53,336,123,23.1,55,50
ABpraa,54,335,121,24.1,57,669
ABpraa,55,338,124,23.2,42,-813
ABpraa,56,346,126,24.0,56,-159
ABpraa,57,346,128,24.9,58,-456
ABpraa,58,354,127,25.0,59,98
ABpraa,59,345,133,25.0,59,64
ABpraa,60,348,132,24.9,60,-582
ABpraa,61,347,130,25.0,59,-707
ABpraa,62,354,127,24.0,57,431
ABpraa,63,350,132,23.0,52,-226
ABpraaa,64,331,123,22.2,43,1399
ABpraaa,65,319,122,23.0,38,-220
ABpraaa,66,311,116,22.9,48,-113
ABpraaa,67,295,115,22.2,48,590
ABpraaa,68,295,109,22.0,45,-238
ABpraaa,69,285,107,21.1,48,-335
ABpraaa,70,278,105,20.9,47,632
ABpraaa,71,275,107,21.1,48,-166
ABpraaa,72,276,103,19.1,49,61
ABpraaa,73,279,103,19.3,51,-320
ABpraaa,74,279,106,20.0,50,-189
ABpraaa,75,277,109,20.1,50,-458
ABpraaa,76,269,110,20.1,50,51
ABpraaa,77,273,109,20.9,49,11
ABpraaa,78,275,112,20.3,51,101
ABpraaa,79,277,107,20.1,51,-669
ABpraaa,80,274,109,20.0,53,-201
ABpraaa,81,280,105,18.4,52,-8
ABpraaa,82,284,109,19.0,50,192
ABpraaa,83,287,107,19.1,50,228
ABpraaa,84,287,110,19.3,50,99
ABpraaa,85,295,110,19.0,52,301
ABpraaa,86,298,105,19.1,50,206
ABpraaa,87,303,106,18.8,50,-285
ABpraaa,88,311,106,19.1,50,33
ABpraaa,89,312,112,20.0,49,-3
ABpraaa,90,313,116,20.3,51,-906
ABpraaa,91,309,118,20.3,51,-109
ABpraaa,92,310,117,20.2,48,-144
ABpraaa,93,300,117,21.1,46,-12
ABpraaaa,94,272,117,21.2,41,-1219
ABpraaaa,95,254,118,22.0,41,-9
ABpraaaa,96,250,117,21.0,40,-195
ABpraaaa,97,245,117,21.9,40,-447
ABpraaaa,98,238,118,22.0,40,-738
ABpraaaa,99,233,118,22.1,41,-306
ABpraaaa,100,233,120,23.0,42,-298
ABpraaaa,101,231,119,22.9,42,-461
ABpraaaa,102,238,121,23.0,42,-815
ABpraaaa,103,246,122,22.1,42,-569
ABpraaaa,104,248,124,22.9,42,207
ABpraaaa,105,254,123,23.0,44,92
ABpraaaa,106,249,118,22.9,42,196
ABpraaaa,107,257,119,22.1,42,597
ABpraaaa,108,250,119,21.9,42,-237
ABpraaaa,109,246,119,21.0,42,-485
ABpraaap,94,309,126,18.8,43,506
ABpraaap,95,298,123,19.0,41,280
ABpraaap,96,299,123,18.0,40,1313
ABpraaap,97,303,123,18.0,40,1270
ABpraaap,98,306,118,17.1,42,-49
ABpraaap,99,309,120,17.1,41,1027
ABpraaap,100,310,114,17.1,42,-812
ABpraaap,101,312,114,18.0,42,-461
ABpraaap,102,307,112,17.3,44,43
ABpraaap,103,309,107,17.1,42,429
ABpraaap,104,306,108,17.8,42,-233
ABpraaap,105,304,106,18.0,42,-88
ABpraaap,106,300,103,17.9,42,-206
ABpraaap,107,304,104,17.8,42,963
ABpraaap,108,304,105,17.1,42,-285
ABpraaap,109,299,102,15.9,42,-257
ABpraap,64,355,154,24.9,36,-584
ABpraap,65,355,170,23.0,34,-116
ABpraap,66,354,165,23.0,34,439
ABpraap,67,350,171,24.0,46,-607
ABpraap,68,359,181,24.1,45,571
ABpraap,69,363,183,24.9,46,28
ABpraap,70,362,174,25.0,47,-8
ABpraap,71,353,175,25.1,48,-303
ABpraap,72,353,169,26.0,49,-343
ABpraap,73,357,159,25.1,51,-848
ABpraap,74,355,157,26.0,50,-396
ABpraap,75,359,149,25.2,54,526
ABpraap,76,357,148,25.1,54,-287
ABpraap,77,353,146,25.2,53,288
ABpraap,78,357,146,26.0,53,-286
ABpraap,79,355,142,25.2,53,-174
ABpraap,80,349,140,25.1,53,-171
ABpraap,81,350,128,24.2,54,-679
ABpraap,82,352,126,24.1,50,483
ABpraap,83,360,123,24.1,54,27
ABpraap,84,361,125,24.2,52,-92
ABpraap,85,363,126,24.2,54,-77
ABpraap,86,369,119,24.0,50,281
ABpraap,87,378,121,24.0,50,-710
ABpraap,88,385,123,23.9,50,-694
ABpraap,89,390,120,24.0,49,-194
ABpraap,90,392,120,24.1,49,-177
ABpraap,91,379,129,23.2,49,303
ABpraapa,92,369,121,26.0,48,-355
ABpraapa,93,361,126,26.0,46,1175
ABpraapa,94,343,127,26.0,43,314
ABpraapa,95,328,131,25.1,43,-212
ABpraapa,96,321,125,26.0,40,-881
ABpraapa,97,311,120,25.1,42,468
ABpraapa,98,312,114,25.0,40,-173
ABpraapa,99,315,114,25.0,41,1309
ABpraapa,100,317,112,24.0,44,442
ABpraapa,101,321,113,25.0,42,-394
ABpraapa,102,320,113,24.1,42,-239
ABpraapa,103,330,110,24.0,44,640
ABpraapa,104,331,108,24.0,42,-120
ABpraapa,105,337,107,23.1,42,-643
ABpraapa,106,337,108,23.2,42,814
ABpraapa,107,342,105,23.0,42,-219
ABpraapa,108,335,105,21.3,44,260
ABpraapa,109,334,100,20.3,44,241
ABpraapp,92,387,142,23.0,48,228
ABpraapp,93,386,157,22.1,46,272
ABpraapp,94,378,150,21.1,43,-390
ABpraapp,95,378,143,21.0,45,226
ABpraapp,96,381,143,20.0,42,-289
ABpraapp,97,387,140,19.2,44,-107
ABpraapp,98,386,138,19.0,44,-815
ABpraapp,99,390,127,19.1,45,69
ABpraapp,100,391,119,19.1,42,405
ABpraapp,101,391,112,20.0,42,-621
ABpraapp,102,394,110,19.0,44,1117
ABpraapp,103,398,109,18.9,42,-663
ABpraapp,104,399,109,18.8,42,214
ABpraapp,105,397,110,18.0,42,-428
ABpraapp,106,398,112,18.1,42,291
ABpraapp,107,408,115,17.3,44,-307
ABpraapp,108,404,121,17.3,46,998
ABpraapp,109,404,116,17.2,44,-134
ABprap,41,423,142,19.1,27,-127
ABprap,42,437,146,18.1,34,30
ABprap,43,440,157,18.0,29,2666
ABprap,44,442,160,18.1,39,-677
ABprap,45,451,160,17.1,42,-483
ABprap,46,464,153,17.1,45,-1042
ABprap,47,457,143,17.1,46,969
ABprap,48,452,133,18.1,49,-388
ABprap,49,457,133,18.1,52,-229
ABprap,50,457,139,18.2,57,114
ABprap,51,452,131,18.1,59,233
ABprap,52,449,131,18.1,60,605
ABprap,53,452,127,18.1,59,160
ABprap,54,453,126,19.0,59,48
ABprap,55,449,125,19.0,62,-31
ABprap,56,447,126,19.2,60,-447
ABprap,57,454,126,19.2,62,162
ABprap,58,449,123,20.0,57,495
ABprap,59,443,127,20.0,63,-53
ABprap,60,441,136,20.8,60,-248
ABprap,61,443,138,19.2,63,-628
ABprap,62,451,137,18.2,61,-312
ABprap,63,447,139,17.4,52,-81
ABprap,64,446,132,18.2,61,-66
ABprapa,65,411,109,18.1,34,144
ABprapa,66,411,105,19.2,48,6
ABprapa,67,404,102,20.0,46,299
ABprapa,68,402,98,20.1,45,-874
ABprapa,69,400,99,20.9,46,-871
ABprapa,70,394,99,20.1,47,-216
ABprapa,71,394,101,21.0,48,-324
ABprapa,72,397,102,21.1,49,-854
ABprapa,73,396,101,20.0,51,-223
ABprapa,74,395,106,20.0,50,-643
ABprapa,75,404,109,19.9,50,-859
ABprapa,76,407,110,19.2,50,13
ABprapa,77,403,110,20.0,49,-255
ABprapa,78,404,111,19.9,49,-183
ABprapa,79,399,111,19.1,51,207
ABprapa,80,397,110,19.0,51,-52
ABprapa,81,398,120,18.0,50,10
ABprapa,82,396,115,17.3,52,-105
ABprapa,83,395,112,17.1,50,196
ABprapa,84,398,108,17.2,50,507
ABprapa,85,401,113,17.8,50,-372
ABprapa,86,408,112,17.2,50,1041
ABprapa,87,418,112,17.4,52,-282
ABprapa,88,424,114,17.9,50,-786
ABprapa,89,427,115,18.1,49,-653
ABprapa,90,428,118,18.9,49,383
ABprapa,91,414,112,17.0,49,-86
ABprapa,92,418,119,16.4,52,-99
ABprapaa,93,382,104,18.9,46,-631
ABprapaa,94,362,99,17.1,41,-783
ABprapaa,95,352,98,17.9,41,-828
ABprapaa,96,356,97,17.2,40,-538
ABprapaa,97,349,96,16.9,40,-261
ABprapaa,98,353,96,16.9,40,1129
ABprapaa,99,350,98,16.1,41,-112
ABprapaa,100,350,98,15.1,42,-1380
ABprapaa,101,347,98,14.9,42,382
ABprapaa,102,340,101,14.1,42,-526
ABprapaa,103,339,103,13.8,42,-186
ABprapaa,104,338,102,14.0,42,632
ABprapaa,105,338,104,13.9,42,-250
ABprapaa,106,334,104,13.2,42,-537
ABprapaa,107,338,106,13.0,42,442
ABprapaa,108,337,106,12.8,42,-476
ABprapaa,109,340,109,11.8,42,-133
ABprapap,93,423,119,16.1,36,7
ABprapap,94,409,118,14.3,39,-1005
ABprapap,95,403,119,15.0,41,-458
ABprapap,96,412,126,14.8,40,298
ABprapap,97,415,126,14.0,42,-784
ABprapap,98,418,119,14.0,42,56
ABprapap,99,427,120,13.3,43,83
ABprapap,100,431,121,14.0,42,-385
ABprapap,101,430,121,14.0,42,-1
ABprapap,102,432,127,13.2,42,-283
ABprapap,103,431,125,13.1,42,-391
ABprapap,104,430,124,13.1,42,262
ABprapap,105,431,124,13.1,42,-248
ABprapap,106,424,123,13.1,44,814
ABprapap,107,427,128,12.9,42,1309
ABprapap,108,429,126,12.9,42,-83
ABprapap,109,435,125,12.8,42,-784
ABprapp,65,465,137,19.1,36,479
ABprapp,66,467,145,19.1,48,-228
ABprapp,67,468,137,19.9,46,766
ABprapp,68,470,134,19.0,45,-616
ABprapp,69,477,138,19.0,46,-584
ABprapp,70,477,137,18.9,47,309
ABprapp,71,474,139,19.2,48,-761
ABprapp,72,475,145,19.9,49,-320
ABprapp,73,476,147,20.0,49,122
ABprapp,74,480,149,20.0,50,-756
ABprapp,75,486,152,19.9,50,52
ABprapp,76,479,150,19.9,50,-376
ABprapp,77,474,144,20.0,49,-203
ABprapp,78,472,150,19.9,49,473
ABprapp,79,472,151,19.1,49,-10
ABprapp,80,468,147,19.0,51,302
ABprapp,81,467,152,17.9,50,-288
ABprapp,82,464,151,18.9,50,271
ABprapp,83,462,152,19.1,52,35
ABprapp,84,463,155,19.1,50,-483
ABprapp,85,469,158,19.1,50,-126
ABprapp,86,476,164,19.0,50,332
ABprapp,87,479,172,19.9,50,-296
ABprapp,88,478,175,19.1,50,-176
ABprapp,89,476,178,18.9,49,267
ABprapp,90,477,181,18.0,49,541
ABprapp,91,474,177,18.0,49,-65
ABprapp,92,474,172,17.7,48,-16
ABprappa,93,466,162,18.1,46,1135
ABprappa,94,463,149,17.1,43,205
ABprappa,95,461,142,17.1,41,165
ABprappa,96,461,140,17.1,40,99
ABprappa,97,464,140,17.2,42,-398
ABprappa,98,463,135,17.0,42,-1023
ABprappa,99,469,132,17.0,43,1001
ABprappa,100,477,131,17.0,42,-1109
ABprappa,101,470,131,17.0,42,126
ABprappa,102,467,140,17.0,44,239
ABprappa,103,470,137,16.1,42,766
ABprappa,104,467,139,16.1,44,-105
ABprappa,105,470,135,16.9,42,-582
ABprappa,106,465,134,16.1,44,567
ABprappa,107,470,143,16.1,44,12
ABprappa,108,468,140,16.1,44,548
ABprappa,109,468,142,16.2,44,291
ABprappp,93,484,196,17.1,30,736
ABprappp,94,484,202,15.9,43,-13
ABprappp,95,488,194,15.9,41,493
ABprappp,96,492,198,15.8,40,243
ABprappp,97,498,204,15.1,40,179
ABprappp,98,504,204,15.2,40,-244
ABprappp,99,509,212,15.2,41,-110
ABprappp,100,512,210,15.8,42,-735
ABprappp,101,513,202,16.0,42,266
ABprappp,102,516,202,15.9,42,433
ABprappp,103,522,205,16.0,42,1023
ABprappp,104,517,203,16.2,42,-651
ABprappp,105,520,203,16.9,42,863
ABprappp,106,518,202,17.0,42,1280
ABprappp,107,519,201,17.8,42,293
ABprappp,108,516,200,17.9,42,187
ABprappp,109,516,195,18.0,42,241
ABprp,24,435,198,21.0,50,-59
ABprp,25,442,229,22.0,50,27
ABprp,26,446,227,22.3,50,-353
ABprp,27,450,224,22.5,50,15
ABprp,28,454,221,22.8,50,-706
ABprp,29,458,218,23.0,50,-1131
ABprp,30,462,215,23.3,50,761
ABprp,31,466,212,23.5,50,-342
ABprp,32,470,209,23.8,50,-346
ABprp,33,475,206,24.0,50,-233
ABprp,34,476,210,24.0,50,-31
ABprp,35,477,214,24.0,50,123
ABprp,36,478,218,24.0,50,-819
ABprp,37,479,222,24.0,50,39
ABprp,38,480,226,24.0,50,368
ABprp,39,481,230,24.0,50,491
ABprp,40,483,234,24.0,50,-266
ABprpa,41,461,227,25.0,50,-291
ABprpa,42,438,220,26.0,50,-95
ABprpa,43,437,218,26.1,50,8
ABprpa,44,435,215,26.2,50,684
ABprpa,45,433,213,26.3,50,-359
ABprpa,46,432,210,26.4,50,1053
ABprpa,47,430,208,26.6,50,-159
ABprpa,48,428,205,26.7,50,-39
ABprpa,49,427,203,26.8,50,-295
ABprpa,50,425,200,26.9,50,149
ABprpa,51,423,197,27.0,50,46
ABprpa,52,424,197,26.8,50,376
ABprpa,53,426,196,26.6,49,73
ABprpa,54,427,196,26.4,48,-102
ABprpa,55,429,195,26.2,47,-358
ABprpa,56,430,194,26.1,46,-411
ABprpa,57,432,194,25.9,45,598
ABprpa,58,433,193,25.7,44,1125
ABprpa,59,435,193,25.5,43,-175
ABprpa,60,436,192,25.3,42,597
ABprpa,61,438,191,25.1,41,-401
ABprpa,62,446,198,26.1,57,244
ABprpa,63,449,191,25.1,37,-184
ABprpa,64,446,198,26.0,47,127
ABprpaa,65,437,173,26.0,38,398
ABprpaa,66,441,168,25.3,34,-51
ABprpaa,67,436,164,26.1,34,1270
ABprpaa,68,436,149,26.1,47,-5
ABprpaa,69,428,140,26.1,48,22
ABprpaa,70,426,145,27.9,47,-329
ABprpaa,71,431,152,27.9,48,286
ABprpaa,72,428,147,27.1,49,838
ABprpaa,73,428,145,27.1,51,-256
ABprpaa,74,431,143,27.1,50,-119
ABprpaa,75,431,143,27.1,52,-655
ABprpaa,76,431,143,27.0,50,-55
ABprpaa,77,431,143,26.3,51,-324
ABprpaa,78,433,135,26.2,53,300
ABprpaa,79,433,137,26.2,53,-764
ABprpaa,80,427,131,26.1,53,-308
ABprpaa,81,434,129,25.1,52,-228
ABprpaa,82,432,128,25.1,52,201
ABprpaa,83,438,133,25.9,50,494
ABprpaa,84,435,138,25.3,54,-516
ABprpaa,85,438,137,26.1,50,-533
ABprpaa,86,439,139,26.1,50,-399
ABprpaa,87,446,145,26.1,50,-376
ABprpaa,88,446,154,26.1,50,547
ABprpaa,89,452,156,26.1,51,323
ABprpaa,90,454,157,25.2,51,42
ABprpaa,91,455,158,26.0,51,117
ABprpaa,92,451,152,25.1,48,-94
ABprpaa,93,443,149,26.0,46,365
ABprpaaa,94,407,134,27.0,39,-9
ABprpaaa,95,399,129,27.0,41,-354
ABprpaaa,96,395,123,27.0,40,1047
ABprpaaa,97,391,122,27.9,40,-131
ABprpaaa,98,383,119,27.1,40,301
ABprpaaa,99,386,119,27.9,41,1493
ABprpaaa,100,386,119,28.0,42,-463
ABprpaaa,101,385,124,28.1,42,-147
ABprpaaa,102,384,122,27.9,42,744
ABprpaaa,103,386,121,27.1,42,148
ABprpaaa,104,381,122,27.9,42,-98
ABprpaaa,105,375,126,28.1,46,685
ABprpaaa,106,374,124,27.1,42,-239
ABprpaaa,107,378,120,27.1,46,-848
ABprpaaa,108,370,117,27.0,42,1067
ABprpaaa,109,358,117,26.9,42,-326
ABprpaap,94,447,154,24.0,43,-747
ABprpaap,95,442,151,24.0,41,271
ABprpaap,96,439,152,23.1,40,-147
ABprpaap,97,440,143,22.0,40,-116
ABprpaap,98,441,141,22.0,40,1148
ABprpaap,99,449,138,21.9,41,-418
ABprpaap,100,451,133,22.0,42,-963
ABprpaap,101,448,127,22.0,42,-441
ABprpaap,102,451,122,22.0,42,-497
ABprpaap,103,451,118,22.0,42,-229
ABprpaap,104,451,120,21.1,42,398
ABprpaap,105,438,120,22.0,42,-422
ABprpaap,106,437,121,22.0,42,-1217
ABprpaap,107,434,124,22.0,42,-18
ABprpaap,108,427,121,22.0,42,-1028
ABprpaap,109,422,117,22.9,42,-97
ABprpap,65,463,218,26.1,38,850
ABprpap,66,476,217,26.0,32,-683
ABprpap,67,479,221,25.1,34,1055
ABprpap,68,484,221,26.0,45,3
ABprpap,69,505,226,26.0,46,-433
ABprpap,70,507,221,25.0,51,547
ABprpap,71,503,225,25.9,48,-508
ABprpap,72,498,222,25.1,51,-519
ABprpap,73,494,218,26.0,51,-535
ABprpap,74,491,218,26.9,50,-407
ABprpap,75,486,223,26.3,54,-60
ABprpap,76,487,218,27.0,52,-356
ABprpap,77,490,217,26.1,53,63
ABprpap,78,493,205,25.9,49,979
ABprpap,79,484,211,25.3,53,-320
ABprpap,80,494,204,25.9,49,603
ABprpap,81,494,200,25.1,50,-333
ABprpap,82,492,201,26.1,52,-1005
ABprpap,83,493,199,26.1,52,-440
ABprpap,84,497,205,26.0,52,-971
ABprpap,85,496,204,26.0,52,629
ABprpap,86,499,206,25.3,52,580
ABprpap,87,505,209,25.9,50,-716
ABprpap,88,509,213,25.3,52,-221
ABprpap,89,511,211,25.1,51,-396
ABprpap,90,506,210,25.9,49,248
ABprpap,91,509,210,25.1,49,-269
ABprpapa,92,498,195,26.9,48,287
ABprpapa,93,499,192,27.0,46,684
ABprpapa,94,482,181,27.9,43,-817
ABprpapa,95,478,180,27.1,45,5
ABprpapa,96,475,173,27.1,42,583
ABprpapa,97,472,166,28.0,42,88
ABprpapa,98,465,159,28.0,44,-340
ABprpapa,99,464,154,27.2,45,-150
ABprpapa,100,463,157,28.0,42,460
ABprpapa,101,462,157,28.0,42,238
ABprpapa,102,455,156,28.1,44,646
ABprpapa,103,454,146,27.1,42,-1152
ABprpapa,104,448,147,27.9,42,-67
ABprpapa,105,440,143,27.1,42,-1029
ABprpapa,106,440,146,27.9,42,-664
ABprpapa,107,440,138,27.0,42,575
ABprpapa,108,432,133,26.1,44,-601
ABprpapa,109,419,129,26.0,42,-275
ABprpapp,92,521,233,25.0,48,327
ABprpapp,93,521,239,25.1,46,1016
ABprpapp,94,516,224,26.2,45,-4
ABprpapp,95,516,219,25.2,45,-309
ABprpapp,96,521,222,26.0,44,-174
ABprpapp,97,521,223,26.1,42,53
ABprpapp,98,521,211,26.0,40,1665
ABprpapp,99,515,207,26.0,45,-764
ABprpapp,100,516,205,26.0,42,-210
ABprpapp,101,512,207,26.0,44,-96
ABprpapp,102,509,199,26.9,42,289
ABprpapp,103,503,195,27.0,44,-438
ABprpapp,104,501,190,26.3,44,-93
ABprpapp,105,501,188,26.2,44,70
ABprpapp,106,496,185,27.0,42,-30
ABprpapp,107,493,182,27.0,42,160
ABprpapp,108,482,180,26.1,46,1051
ABprpapp,109,473,179,27.0,46,819
ABprpp,41,493,232,25.0,50,-383
ABprpp,42,504,230,26.0,50,183
ABprpp,43,511,228,25.0,48,-274
ABprpp,44,518,226,24.1,46,89
ABprpp,45,525,224,23.1,44,-93
ABprpp,46,532,222,22.1,41,459
ABprpp,47,533,215,21.0,44,-429
ABprpp,48,523,214,22.0,47,132
ABprpp,49,524,211,22.1,48,-44
ABprpp,50,531,221,23.0,51,-91
ABprpp,51,528,218,22.9,53,613
ABprpp,52,533,208,22.1,54,273
ABprpp,53,531,217,22.1,55,-208
ABprpp,54,529,220,23.8,57,-539
ABprpp,55,527,215,24.0,58,228
ABprpp,56,531,211,23.0,60,-437
ABprpp,57,528,214,23.9,58,127
ABprpp,58,526,224,23.1,59,-735
ABprpp,59,524,217,23.9,59,370
ABprpp,60,520,213,22.9,60,55
ABprpp,61,520,210,21.2,61,259
ABprpp,62,521,213,21.7,57,-376
ABprpp,63,521,208,20.9,56,292
ABprpp,64,518,204,20.8,55,13
ABprppa,65,520,178,20.0,52,-287
ABprppa,66,523,178,19.9,48,-431
ABprppa,67,522,174,20.0,46,952
ABprppa,68,522,168,19.9,45,677
ABprppa,69,527,169,20.0,46,-594
ABprppa,70,524,167,19.0,47,-689
ABprppa,71,524,162,19.1,48,-797
ABprppa,72,524,174,19.9,49,842
ABprppa,73,527,174,20.2,49,-458
ABprppa,74,530,178,19.9,50,-125
ABprppa,75,532,186,20.9,50,-795
ABprppa,76,527,181,20.1,50,-106
ABprppa,77,525,172,19.2,49,-861
ABprppa,78,524,172,18.9,49,728
ABprppa,79,525,174,19.0,49,-176
ABprppa,80,519,169,19.1,49,-483
ABprppa,81,519,166,18.8,50,110
ABprppa,82,517,166,19.9,50,177
ABprppa,83,517,167,19.8,50,36
ABprppa,84,520,172,20.1,50,623
ABprppa,85,522,174,19.8,50,785
ABprppa,86,529,181,19.0,50,489
ABprppa,87,534,186,18.9,50,-311
ABprppa,88,538,195,18.8,50,-606
ABprppa,89,541,196,18.8,49,-118
ABprppa,90,543,197,18.9,49,-905
ABprppa,91,542,193,19.0,49,17
ABprppa,92,540,193,19.1,48,-259
ABprppa,93,539,196,19.1,46,293
ABprppa,94,523,181,19.1,43,28
ABprppaa,95,509,153,21.1,37,-1010
ABprppaa,96,508,151,21.9,40,287
ABprppaa,97,512,154,22.0,40,-6
ABprppaa,98,510,146,23.0,40,-108
ABprppaa,99,506,140,22.2,41,-121
ABprppaa,100,503,139,22.9,42,-1152
ABprppaa,101,498,136,23.0,42,19
ABprppaa,102,498,137,23.0,42,-490
ABprppaa,103,498,137,23.0,42,-1319
ABprppaa,104,498,135,23.0,42,-322
ABprppaa,105,493,133,22.9,42,-479
ABprppaa,106,487,133,22.1,42,-398
ABprppaa,107,486,129,22.0,42,361
ABprppaa,108,483,126,21.9,42,-273
ABprppaa,109,477,123,22.0,42,-809
ABprppap,95,530,188,19.2,37,-3
ABprppap,96,535,191,20.0,40,136
ABprppap,97,536,193,19.9,40,-889
ABprppap,98,533,194,19.9,40,1245
ABprppap,99,539,202,19.8,41,-161
ABprppap,100,538,207,19.9,42,428
ABprppap,101,536,208,20.1,42,-146
ABprppap,102,536,203,20.1,42,-467
ABprppap,103,528,205,21.1,42,-399
ABprppap,104,526,197,22.0,42,31
ABprppap,105,524,192,21.9,42,369
ABprppap,106,516,191,22.0,42,-46
ABprppap,107,513,184,22.9,42,-513
ABprppap,108,500,185,22.0,42,714
ABprppap,109,494,181,22.2,44,1072
ABprppp,65,534,215,20.1,34,1107
ABprppp,66,544,227,20.2,48,640
ABprppp,67,551,229,20.2,46,-204
ABprppp,68,554,233,20.1,47,574
ABprppp,69,561,244,19.9,46,87
ABprppp,70,558,251,19.1,49,337
ABprppp,71,561,251,19.2,48,-386
ABprppp,72,554,247,20.0,49,540
ABprppp,73,551,250,21.0,49,-338
ABprppp,74,553,256,21.1,50,-693
ABprppp,75,551,257,22.1,50,-276
ABprppp,76,553,247,22.0,50,66
ABprppp,77,550,237,20.8,49,-41
ABprppp,78,545,234,19.1,49,625
ABprppp,79,551,231,19.1,51,-157
ABprppp,80,548,229,19.0,49,-107
ABprppp,81,545,227,19.1,50,-346
ABprppp,82,543,226,20.1,50,-459
ABprppp,83,542,228,20.2,50,69
ABprppp,84,549,232,20.2,50,-223
ABprppp,85,549,234,20.0,50,-228
ABprppp,86,555,247,20.0,50,-394
ABprppp,87,556,254,20.1,50,371
ABprppp,88,553,256,20.2,50,162
ABprppp,89,552,262,19.9,49,-15
ABprppp,90,551,263,19.8,49,-191
ABprppp,91,551,262,20.2,51,-199
ABprppp,92,550,255,20.9,48,-384
ABprppp,93,556,268,20.0,46,319
ABprpppa,94,550,234,21.1,39,896
ABprpppa,95,550,238,22.1,41,59
ABprpppa,96,551,236,21.9,40,7
ABprpppa,97,554,237,22.0,40,157
ABprpppa,98,554,233,22.9,40,-230
ABprpppa,99,552,231,23.0,41,-473
ABprpppa,100,551,230,23.1,44,-924
ABprpppa,101,547,235,24.0,42,-697
ABprpppa,102,549,236,24.1,42,-667
ABprpppa,103,544,235,25.0,42,179
ABprpppa,104,535,233,26.0,42,-525
ABprpppa,105,531,230,26.0,42,-124
ABprpppa,106,532,228,25.0,42,-380
ABprpppa,107,528,223,24.9,42,1080
ABprpppa,108,516,223,24.2,44,300
ABprpppa,109,511,222,25.1,44,122
ABprpppp,94,565,280,20.0,35,739
ABprpppp,95,566,286,20.2,41,454
ABprpppp,96,564,286,21.0,40,-297
ABprpppp,97,558,290,21.1,40,-1456
ABprpppp,98,558,294,21.0,40,-833
ABprpppp,99,557,297,22.0,41,-30
ABprpppp,100,554,300,23.0,42,-234
ABprpppp,101,559,306,22.9,42,-209
ABprpppp,102,558,305,23.0,42,-342
ABprpppp,103,558,304,23.0,42,-570
ABprpppp,104,560,293,23.0,42,-64
ABprpppp,105,567,291,22.1,42,163
ABprpppp,106,570,279,22.0,42,-78
ABprpppp,107,567,271,21.9,42,-573
ABprpppp,108,567,259,21.3,44,323
ABprpppp,109,564,255,22.9,42,172
EMS,1,381,313,16.2,64,446
EMS,2,362,322,17.1,72,50
EMS,3,352,329,18.2,76,49
EMS,4,358,339,18.4,78,-36
EMS,5,364,355,18.8,82,-248
EMS,6,361,360,18.7,84,3
EMS,7,345,368,17.9,86,-372
EMS,8,330,365,17.8,84,-300
EMS,9,335,368,18.1,85,240
EMS,10,367,358,18.6,84,-66
MS,11,357,354,19.3,81,-472
MS,12,347,350,20.1,78,-345
MS,13,337,346,20.8,74,72
MS,14,327,342,21.6,71,-146
MS,15,317,338,22.3,67,112
MS,16,307,334,23.0,64,-220
MS,17,297,330,23.8,61,-295
MS,18,287,326,24.5,57,-43
MS,19,277,322,25.3,54,-40
MS,20,266,317,26.0,50,-828
MS,21,271,316,26.1,50,119
MS,22,276,315,26.3,50,440
MS,23,281,313,26.4,50,-487
MS,24,287,312,26.6,50,70
MS,25,292,310,26.7,50,-164
MS,26,297,309,26.9,50,-96
MS,27,303,307,27.0,50,99
MSa,28,298,309,26.8,50,-632
MSa,29,293,311,26.6,50,110
MSa,30,288,313,26.5,50,913
MSa,31,283,316,26.3,50,-109
MSa,32,278,318,26.1,50,-480
MSa,33,273,320,25.9,50,437
MSa,34,268,322,25.7,50,49
MSa,35,263,325,25.5,50,518
MSa,36,258,327,25.4,50,-562
MSa,37,253,329,25.2,50,748
MSa,38,247,332,25.0,50,282
MSa,39,247,333,25.0,42,-312
MSa,40,246,334,25.0,34,-480
MSa,41,243,340,24.0,40,-124
MSa,42,217,321,23.1,36,-130
MSa,43,218,331,23.1,38,689
MSa,44,212,335,23.1,39,435
MSa,45,213,328,23.1,38,235
MSa,46,237,349,22.0,29,48
MSa,47,235,342,22.1,46,-12
MSa,48,233,343,22.1,47,-13
MSa,49,220,352,23.0,32,116
MSa,50,209,316,22.0,41,-557
MSa,51,248,344,20.0,37,442
MSa,52,256,350,20.0,40,852
MSaa,53,185,320,23.1,38,-73
MSaa,54,175,306,25.0,38,-692
MSaa,55,168,295,25.1,42,-414
MSaa,56,159,302,25.9,56,-554
MSaa,57,160,302,26.0,58,248
MSaa,58,165,306,26.0,57,-123
MSaa,59,176,307,25.9,59,-238
MSaa,60,180,310,25.8,60,-95
MSaa,61,182,306,25.8,59,-248
MSaa,62,178,301,24.2,63,168
MSaa,63,181,296,24.0,62,616
MSaa,64,178,299,24.1,61,-50
MSaa,65,182,303,25.0,58,-391
MSaa,66,178,300,25.1,52,425
MSaa,67,188,319,25.1,50,-901
MSaa,68,183,309,24.2,49,-850
MSaa,69,193,323,25.2,50,-252
MSaa,70,198,317,25.0,51,287
MSaa,71,203,320,24.1,52,-298
MSaa,72,201,320,25.1,53,465
MSaa,73,202,316,25.0,53,213
MSaa,74,198,312,24.1,50,203
MSaa,75,195,301,24.9,50,1077
MSaaa,76,164,305,24.1,50,-3
MSaaa,77,162,307,24.0,49,83
MSaaa,78,166,309,23.9,49,470
MSaaa,79,162,310,25.0,49,-132
MSaaa,80,162,309,25.0,51,485
MSaaa,81,163,302,25.1,50,197
MSaaa,82,161,297,25.1,50,-472
MSaaa,83,159,297,25.9,50,-5
MSaaa,84,155,307,25.1,50,-420
MSaaa,85,152,300,25.1,50,551
MSaaa,86,152,297,25.9,50,650
MSaaa,87,151,292,26.0,52,-375
MSaaa,88,158,289,26.0,52,247
MSaaa,89,151,289,26.1,53,-290
MSaaa,90,156,295,26.9,49,164
MSaaa,91,144,301,26.4,53,-693
MSaaa,92,146,308,26.1,50,579
MSaaa,93,148,306,25.3,50,-110
MSaaa,94,150,307,26.2,47,-185
MSaaa,95,158,312,27.0,45,293
MSaaa,96,157,307,27.1,44,1022
MSaaa,97,167,314,27.0,44,194
MSaaa,98,176,313,26.1,44,-12
MSaaa,99,188,317,25.2,45,-195
MSaaa,100,190,318,25.2,46,-342
MSaaa,101,189,313,25.1,46,824
MSaaa,102,196,308,25.0,42,-289
MSaaa,103,183,303,24.1,46,-322
MSaaaa,104,150,292,25.1,36,69
MSaaaa,105,141,287,25.0,36,-808
MSaaaa,106,140,284,26.0,42,180
MSaaaa,107,139,273,25.1,42,-28
MSaaaa,108,129,273,26.0,42,821
MSaaaa,109,127,271,26.0,42,-429
MSaaap,104,207,314,24.1,40,-86
MSaaap,105,201,318,24.0,42,-105
MSaaap,106,206,311,25.0,42,-518
MSaaap,107,208,301,25.0,42,-587
MSaaap,108,208,300,24.1,44,-625
MSaaap,109,205,301,24.2,44,89
MSaap,76,220,314,25.1,42,293
MSaap,77,227,310,25.0,49,-67
MSaap,78,240,315,26.1,36,-384
MSaap,79,246,315,26.0,49,-466
MSaap,80,257,317,26.9,49,548
MSaap,81,277,313,26.9,50,-423
MSaap,82,274,314,27.1,50,-331
MSaap,83,266,315,27.0,50,274
MSaap,84,266,316,26.2,54,-179
MSaap,85,270,318,26.9,50,410
MSaap,86,264,309,27.0,50,123
MSaap,87,265,309,26.2,54,280
MSaap,88,271,315,26.2,56,541
MSaap,89,274,321,26.1,53,179
MSaap,90,272,332,27.0,53,651
MSaap,91,269,334,27.0,53,-220
MSaap,92,265,329,26.2,52,969
MSaap,93,261,330,27.0,48,309
MSaap,94,260,332,27.1,47,-159
MSaap,95,260,340,26.1,45,-592
MSaap,96,260,339,26.1,44,-422
MSaap,97,270,344,26.1,44,519
MSaap,98,269,339,26.1,42,44
MSaap,99,271,340,25.1,45,-411
MSaap,100,273,340,26.0,46,337
MSaap,101,273,332,26.0,44,391
MSaap,102,273,328,26.0,42,262
MSaap,103,278,318,25.0,42,-906
MSaapa,104,257,312,25.0,42,-374
MSaapa,105,257,307,26.0,42,285
MSaapa,106,262,298,25.9,42,-1537
MSaapa,107,260,292,25.1,44,843
MSaapa,108,253,291,26.1,42,-202
MSaapa,109,245,292,26.1,44,-148
MSaapp,104,305,323,24.2,38,99
MSaapp,105,316,321,25.9,42,433
MSaapp,106,325,315,25.9,42,-22
MSaapp,107,328,320,26.0,42,314
MSaapp,108,332,318,25.0,42,943
MSaapp,109,338,321,27.0,42,-417
MSap,53,260,350,20.2,40,-275
MSap,54,264,363,22.0,55,164
MSap,55,273,372,22.0,56,95
MSap,56,277,378,21.0,56,114
MSap,57,269,381,20.7,58,-192
MSap,58,264,379,20.0,57,-126
MSap,59,267,382,20.8,59,234
MSap,60,264,384,20.0,60,-210
MSap,61,267,381,20.9,59,-251
MSap,62,265,376,21.1,59,-182
MSap,63,257,378,21.2,58,-24
MSap,64,265,372,22.1,57,-381
MSap,65,277,379,21.2,58,47
MSap,66,282,374,21.3,52,-873
MSap,67,289,372,22.1,50,-148
MSap,68,289,374,21.1,49,-313
MSap,69,292,371,23.0,50,-20
MSap,70,299,367,23.0,51,283
MSap,71,304,371,23.1,52,158
MSap,72,298,374,22.1,53,-944
MSap,73,296,369,21.3,53,-136
MSap,74,285,363,21.2,56,436
MSap,75,278,360,21.0,50,-309
MSap,76,277,355,21.9,50,725
MSapa,77,258,369,20.0,49,-399
MSapa,78,243,372,20.0,49,-426
MSapa,79,248,374,20.1,49,-469
MSapa,80,246,374,21.0,49,-481
MSapa,81,242,372,22.0,50,304
MSapa,82,239,371,21.8,50,-39
MSapa,83,231,368,22.0,50,-313
MSapa,84,224,372,22.8,50,-338
MSapa,85,222,371,23.0,50,-42
MSapa,86,219,370,23.1,50,-65
MSapa,87,223,367,23.2,50,-544
MSapa,88,226,369,23.8,50,-327
MSapa,89,224,368,24.0,49,75
MSapa,90,224,372,22.3,51,84
MSapa,91,232,377,23.1,53,-185
MSapa,92,237,375,23.2,50,-557
MSapa,93,240,373,22.2,48,-605
MSapa,94,242,375,22.1,45,231
MSapa,95,249,381,21.1,45,-660
MSapa,96,247,381,21.1,44,76
MSapa,97,254,381,21.1,44,-718
MSapa,98,263,382,20.1,44,304
MSapa,99,257,381,19.2,45,-470
MSapa,100,253,384,19.2,46,-835
MSapa,101,251,382,19.3,46,-944
MSapa,102,253,372,20.1,46,235
MSapa,103,254,373,20.2,46,-220
MSapa,104,261,366,20.1,46,358
MSapa,105,273,362,21.0,42,-81
MSapa,106,268,357,21.1,34,443
MSapaa,107,246,346,23.0,34,1072
MSapaa,108,237,341,23.1,38,553
MSapaa,109,232,347,24.9,42,92
MSapap,107,295,361,22.0,34,-649
MSapap,108,300,363,22.1,34,-678
MSapap,109,302,364,23.0,42,103
MSapp,77,288,356,22.8,49,-124
MSapp,78,308,357,23.9,49,398
MSapp,79,316,354,23.1,49,-203
MSapp,80,322,356,24.1,49,-6
MSapp,81,327,359,24.9,50,-1015
MSapp,82,339,358,24.3,52,-2
MSapp,83,343,364,24.9,50,336
MSapp,84,346,366,24.9,50,-135
MSapp,85,340,369,24.0,50,-394
MSapp,86,340,369,23.2,52,325
MSapp,87,346,375,24.0,50,375
MSapp,88,357,379,24.0,50,330
MSapp,89,357,379,23.9,49,-402
MSapp,90,365,378,23.9,49,25
MSapp,91,370,381,23.1,49,-97
MSapp,92,373,382,23.1,48,177
MSapp,93,376,383,23.0,48,-146
MSapp,94,383,384,23.1,43,-517
MSapp,95,382,377,24.1,45,-306
MSapp,96,380,378,24.0,44,-397
MSapp,97,380,377,24.0,44,274
MSapp,98,383,374,23.1,44,-161
MSapp,99,382,375,23.0,45,-878
MSapp,100,380,375,23.0,46,161
MSapp,101,369,369,23.0,46,-98
MSapp,102,370,366,21.2,44,194
MSapp,103,354,364,21.1,46,-97
MSapp,104,359,363,21.1,46,213
MSapp,105,360,366,21.0,42,-561
MSapp,106,361,361,21.0,34,-671
MSappa,107,346,365,22.0,38,-693
MSappa,108,345,369,22.2,34,712
MSappa,109,349,370,23.1,42,965
MSappp,107,383,370,20.2,34,501
MSappp,108,399,371,20.1,34,1099
MSappp,109,408,370,20.2,36,400
MSp,28,308,301,26.8,50,-207
MSp,29,313,295,26.6,50,525
MSp,30,318,289,26.5,50,-532
MSp,31,324,283,26.3,50,-71
MSp,32,329,277,26.1,50,-741
MSp,33,334,270,25.9,50,218
MSp,34,339,264,25.7,50,330
MSp,35,345,258,25.5,50,732
MSp,36,350,252,25.4,50,-465
MSp,37,355,246,25.2,50,809
MSp,38,361,239,25.0,50,-298
MSp,39,359,241,25.0,50,-619
MSp,40,357,243,25.0,50,-98
MSp,41,354,245,25.0,50,-253
MSp,42,352,247,25.0,50,-576
MSp,43,349,249,25.0,50,105
MSp,44,347,252,25.0,50,-303
MSp,45,345,254,25.0,50,450
MSp,46,342,256,25.0,50,-351
MSp,47,340,258,25.0,50,78
MSp,48,337,260,25.0,50,458
MSp,49,335,262,25.0,50,249
MSp,50,332,265,25.0,50,138
MSpa,51,307,262,25.0,50,143
MSpa,52,282,259,25.0,50,-282
MSpa,53,280,261,25.1,49,-317
MSpa,54,277,264,25.3,47,-302
MSpa,55,274,267,25.4,46,428
MSpa,56,271,269,25.6,44,391
MSpa,57,268,272,25.7,43,526
MSpa,58,265,275,25.9,41,-561
MSpa,59,262,278,26.0,39,623
MSpa,60,262,278,26.0,39,-1115
MSpa,61,271,288,26.0,39,-490
MSpa,62,274,280,25.1,40,-155
MSpa,63,265,275,24.2,39,-384
MSpa,64,273,276,25.1,55,-335
MSpa,65,279,285,25.0,52,222
MSpa,66,290,274,25.0,36,-582
MSpa,67,290,270,25.0,46,-107
MSpa,68,301,279,24.1,30,-294
MSpa,69,289,278,25.0,48,830
MSpa,70,294,268,24.1,49,-44
MSpa,71,293,262,24.1,50,-372
MSpa,72,288,257,24.2,51,-181
MSpa,73,289,260,24.1,51,-176
MSpa,74,281,259,25.0,33,91
MSpa,75,282,240,25.0,35,-989
MSpaa,76,262,240,24.0,33,219
MSpaa,77,255,233,24.0,39,489
MSpaa,78,257,236,24.1,34,602
MSpaa,79,256,235,24.9,49,330
MSpaa,80,253,227,25.0,49,-523
MSpaa,81,251,213,25.1,50,-999
MSpaa,82,248,220,26.0,50,884
MSpaa,83,252,217,26.0,50,342
MSpaa,84,251,224,25.9,50,139
MSpaa,85,248,228,26.0,50,-154
MSpaa,86,249,223,25.1,52,-236
MSpaa,87,254,226,25.1,52,-158
MSpaa,88,260,234,25.9,50,10
MSpaa,89,264,233,25.1,53,-915
MSpaa,90,266,237,24.1,53,828
MSpaa,91,267,241,24.1,53,42
MSpaa,92,268,244,22.1,50,852
MSpaa,93,263,246,21.2,50,449
MSpaa,94,260,240,21.1,47,-57
MSpaa,95,257,240,21.1,45,7
MSpaa,96,259,241,21.1,44,568
MSpaa,97,261,238,21.1,44,-413
MSpaa,98,263,236,21.0,44,-918
MSpaa,99,265,232,21.1,45,1219
MSpaa,100,267,226,21.1,44,912
MSpaa,101,265,222,23.0,46,-166
MSpaa,102,265,224,21.1,46,273
MSpaa,103,269,220,20.9,42,238
MSpaa,104,276,225,23.0,42,155
MSpaa,105,271,223,22.0,44,128
MSpaaa,106,240,210,21.2,40,-104
MSpaaa,107,235,204,22.0,42,-351
MSpaaa,108,237,203,21.9,42,633
MSpaaa,109,237,205,21.2,44,327
MSpaap,106,291,231,21.2,40,-282
MSpaap,107,291,225,22.1,42,228
MSpaap,108,295,228,22.1,42,608
MSpaap,109,295,228,22.1,42,674
MSpap,76,299,268,25.0,35,-671
MSpap,77,309,279,25.1,41,1327
MSpap,78,317,282,25.1,41,8
MSpap,79,321,282,26.0,34,853
MSpap,80,332,280,26.0,49,-505
MSpap,81,349,289,27.0,33,230
MSpap,82,349,277,27.1,35,17
MSpap,83,349,278,27.1,37,-730
MSpap,84,345,280,27.1,50,-141
MSpap,85,344,284,27.1,50,-157
MSpap,86,349,275,27.9,50,-34
MSpap,87,349,279,27.1,50,-85
MSpap,88,355,283,27.1,50,282
MSpap,89,353,282,27.1,53,-877
MSpap,90,353,289,27.1,51,-452
MSpap,91,359,290,27.2,51,-169
MSpap,92,363,287,27.0,48,348
MSpap,93,360,284,26.3,48,-378
MSpap,94,363,280,28.0,47,892
MSpap,95,354,271,26.2,45,-1011
MSpap,96,346,266,26.2,44,980
MSpap,97,353,263,27.0,44,302
MSpap,98,342,262,26.1,44,837
MSpap,99,338,260,25.1,45,-5
MSpap,100,337,254,26.0,46,531
MSpap,101,337,252,25.0,46,-611
MSpap,102,339,252,25.1,44,-420
MSpap,103,341,264,25.0,42,-818
MSpap,104,345,263,25.1,42,-372
MSpapa,105,324,237,25.1,42,-33
MSpapa,106,325,235,26.0,42,116
MSpapa,107,324,232,26.3,42,-33
MSpapa,108,323,228,26.5,42,-71
MSpapa,109,322,224,26.8,42,-138
MSpapp,105,372,272,25.1,30,-40
MSpapp,106,378,273,26.0,40,-108
MSpapp,107,380,274,26.9,42,-166
MSpapp,108,379,274,27.0,42,28
MSpapp,109,378,272,26.0,44,-611
MSpp,51,345,266,25.0,50,405
MSpp,52,347,266,25.1,49,-203
MSpp,53,350,266,25.1,48,397
MSpp,54,353,265,25.2,47,-453
MSpp,55,355,265,25.2,46,279
MSpp,56,358,264,25.3,45,519
MSpp,57,361,264,25.3,44,-290
MSpp,58,364,264,25.4,43,168
MSpp,59,366,263,25.4,42,-219
MSpp,60,369,263,25.5,41,1002
MSpp,61,372,262,25.5,40,556
MSpp,62,375,262,25.6,39,-211
MSpp,63,377,261,25.6,38,221
MSpp,64,380,261,25.7,37,355
MSpp,65,383,261,25.7,36,-348
MSpp,66,386,260,25.8,35,-1260
MSpp,67,388,260,25.8,34,-1552
MSpp,68,391,259,25.9,33,97
MSpp,69,394,259,25.9,32,-700
MSpp,70,397,258,26.0,31,266
MSpp,71,398,260,26.0,32,-45
MSpp,72,383,264,26.0,49,102
MSpp,73,385,264,26.1,49,-699
MSpp,74,386,258,26.0,50,-6
MSpp,75,387,255,27.0,50,485
MSpp,76,380,251,27.0,37,-188
MSpp,77,398,239,26.1,34,-49
MSpp,78,414,267,26.9,32,-860
MSppa,79,380,210,26.9,32,1167
MSppa,80,387,211,27.0,32,819
MSppa,81,397,200,27.0,33,265
MSppa,82,396,195,27.1,50,532
MSppa,83,395,191,27.1,50,-158
MSppa,84,389,196,27.1,50,606
MSppa,85,388,199,27.0,33,563
MSppa,86,386,204,27.0,50,626
MSppa,87,394,210,26.2,52,-498
MSppa,88,397,216,26.9,50,56
MSppa,89,398,217,27.0,49,147
MSppa,90,405,218,27.1,49,10
MSppa,91,405,217,27.1,53,275
MSppa,92,405,217,27.0,48,14
MSppa,93,411,215,27.1,48,-434
MSppa,94,407,202,26.2,47,593
MSppa,95,399,194,27.1,45,119
MSppa,96,393,194,27.1,44,745
MSppa,97,400,194,27.1,44,-296
MSppa,98,396,189,27.0,44,151
MSppa,99,398,189,27.1,45,-218
MSppa,100,402,191,27.1,46,-512
MSppa,101,404,194,27.0,46,423
MSppa,102,401,199,27.0,46,354
MSppa,103,408,200,25.2,46,-211
MSppa,104,406,200,25.1,46,399
MSppa,105,407,204,25.0,46,134
MSppa,106,410,212,24.0,46,-464
MSppa,107,408,210,26.0,42,701
MSppa,108,391,197,24.9,42,-1016
MSppaa,109,364,186,24.0,42,1084
MSppap,109,415,217,25.0,42,-1079
MSppp,79,416,279,27.0,32,659
MSppp,80,426,281,27.0,32,-1546
MSppp,81,431,277,27.0,37,-425
MSppp,82,433,293,27.9,50,-75
MSppp,83,441,293,27.9,50,-19
MSppp,84,448,291,27.1,50,115
MSppp,85,445,293,27.9,50,729
MSppp,86,449,296,28.0,50,232
MSppp,87,452,299,27.1,52,299
MSppp,88,456,303,28.0,50,-134
MSppp,89,456,304,28.1,49,191
MSppp,90,456,299,28.0,51,-439
MSppp,91,458,300,27.1,51,208
MSppp,92,459,304,27.2,50,267
MSppp,93,463,298,28.9,46,473
MSppp,94,457,288,28.0,47,255
MSppp,95,448,275,28.0,45,-133
MSppp,96,444,269,27.1,44,254
MSppp,97,441,266,28.0,44,-937
MSppp,98,441,253,28.0,44,-486
MSppp,99,449,253,27.1,45,1212
MSppp,100,450,252,28.0,46,127
MSppp,101,452,254,28.0,46,402
MSppp,102,454,252,27.0,46,469
MSppp,103,452,252,26.1,46,131
MSppp,104,450,249,26.0,46,-3
MSppp,105,463,246,26.0,42,-305
MSppp,106,458,251,26.9,42,403
MSppp,107,453,255,26.0,42,324
MSpppa,108,433,241,26.1,42,-77
MSpppa,109,435,237,28.0,42,-384
MSpppp,108,465,277,27.0,42,-583
MSpppp,109,467,287,27.1,42,395
E,11,374,355,18.9,81,-280
E,12,382,352,19.3,78,-122
E,13,390,349,19.6,74,-90
E,14,398,346,20.0,71,87
E,15,406,343,20.3,67,168
E,16,413,340,20.6,64,-379
E,17,421,337,21.0,61,43
E,18,429,334,21.3,57,-196
E,19,437,331,21.7,54,208
E,20,445,328,22.0,50,467
E,21,446,330,22.0,50,710
E,22,447,332,22.0,50,-377
E,23,448,334,22.0,50,-173
E,24,449,336,22.0,50,465
E,25,451,338,22.0,50,-644
E,26,452,340,22.0,50,-285
E,27,453,342,22.0,50,178
E,28,454,344,22.0,50,-136
E,29,456,346,22.0,50,198
Ea,30,443,348,21.6,48,654
Ea,31,430,350,21.2,45,-414
Ea,32,417,353,20.8,43,821
Ea,33,404,355,20.4,40,337
Ea,34,391,358,20.0,37,439
Ea,35,385,353,21.0,38,43
Ea,36,362,359,20.1,41,-438
Ea,37,362,359,20.1,41,-148
Ea,38,369,352,21.1,40,714
Ea,39,374,357,21.0,40,-110
Ea,40,381,354,20.1,34,581
Ea,41,361,350,20.0,40,-654
Ea,42,373,346,21.1,34,-589
Ea,43,373,346,21.1,34,666
Ea,44,345,338,20.1,37,548
Ea,45,349,351,21.1,42,-133
Ea,46,354,353,21.0,45,962
Ea,47,348,350,22.0,46,73
Ea,48,349,348,22.0,49,-21
Ea,49,351,347,19.1,52,-361
Ea,50,347,345,19.2,57,215
Ea,51,357,341,19.1,59,-261
Ea,52,354,343,19.1,60,-537
Ea,53,356,339,19.1,61,-278
Ea,54,345,338,20.2,63,-97
Ea,55,346,336,20.1,64,218
Ea,56,350,328,21.1,60,-18
Ea,57,343,324,21.1,62,-236
Ea,58,342,318,20.1,63,31
Ea,59,341,320,22.0,65,2
Ea,60,333,312,20.1,64,-377
Ea,61,333,311,19.2,65,410
Ea,62,331,311,19.1,63,-299
Ea,63,338,302,19.1,62,-437
Ea,64,336,300,18.2,61,316
Ea,65,337,293,18.1,58,516
Ea,66,339,289,18.0,52,-181
Ea,67,345,288,17.1,50,-429
Ea,68,336,283,16.2,49,-157
Ea,69,328,273,16.0,48,314
Eal,70,323,307,17.0,47,-327
Eal,71,325,305,16.1,48,-417
Eal,72,326,306,15.8,49,278
Eal,73,326,312,15.2,51,110
Eal,74,324,324,16.0,50,352
Eal,75,324,327,15.4,52,-60
Eal,76,318,326,15.8,50,-395
Eal,77,313,324,15.1,51,-23
Eal,78,309,319,15.1,51,253
Eal,79,308,315,16.1,51,-183
Eal,80,305,313,16.3,53,-53
Eal,81,305,318,17.3,52,-200
Eal,82,307,317,17.3,52,256
Eal,83,309,315,17.3,52,-236
Eal,84,307,317,18.1,56,176
Eal,85,302,310,18.1,56,-263
Eal,86,299,306,18.1,52,-88
Eal,87,300,311,18.3,54,-515
Eal,88,302,312,19.0,56,-379
Eal,89,299,307,18.3,53,-409
Eal,90,302,306,19.1,53,-310
Eal,91,307,304,18.3,53,-127
Eal,92,311,303,19.1,52,132
Eal,93,319,303,19.1,50,-154
Eal,94,319,305,20.0,47,-126
Eal,95,319,309,19.0,45,76
Eal,96,320,308,19.1,44,1
Eal,97,317,303,18.2,44,-645
Eal,98,317,305,19.0,44,852
Eal,99,320,300,18.0,45,-205
Eal,100,308,293,17.1,46,-783
Eal,101,306,292,16.2,46,177
Eal,102,311,289,16.1,46,204
Eal,103,307,289,16.0,46,-105
Eal,104,309,288,16.1,46,697
Eal,105,305,289,16.1,46,-81
Eal,106,308,287,17.0,46,173
Eal,107,310,287,17.1,46,80
Eal,108,316,285,17.1,46,595
Eal,109,319,292,19.0,42,1089
Eala,110,302,284,19.1,28,831
Eala,111,281,278,19.0,34,475
Eala,112,275,279,19.1,42,-313
Eala,113,279,274,19.1,43,-499
Eala,114,280,272,19.0,44,-36
Eala,115,277,270,19.0,44,-109
Eala,116,277,265,18.1,46,114
Eala,117,270,260,18.0,44,-143
Eala,118,268,253,18.0,44,1075
Eala,119,271,251,18.1,44,-421
Eala,120,265,248,18.0,46,-210
Eala,121,269,246,18.1,44,231
Eala,122,268,248,18.1,46,272
Eala,123,269,253,18.1,47,-510
Eala,124,269,258,18.0,46,86
Eala,125,271,255,17.1,44,362
Eala,126,267,250,17.1,43,312
Eala,127,271,256,17.1,43,305
Eala,128,262,251,17.1,42,756
Eala,129,258,255,16.1,41,-84
Eala,130,256,259,17.1,41,-290
Eala,131,255,256,16.2,41,18
Eala,132,254,256,16.1,40,757
Eala,133,247,260,15.1,39,41
Eala,134,246,260,15.1,39,16
Eala,135,248,263,14.1,40,-282
Eala,136,241,261,14.0,40,-1030
Eala,137,241,262,13.2,40,290
Eala,138,234,262,13.2,40,-427
Eala,139,239,267,13.2,40,-848
Eala,140,238,270,14.1,40,691
Eala,141,243,272,14.0,40,-348
Eala,142,238,276,14.1,40,-264
Eala,143,237,275,14.1,40,-149
Eala,144,233,274,14.1,40,-258
Eala,145,239,271,14.1,40,514
Eala,146,244,274,14.1,40,-454
Eala,147,246,271,14.0,40,-140
Eala,148,247,269,13.2,40,196
Eala,149,246,269,14.0,40,42
Eala,150,247,272,13.1,40,-322
Eala,151,245,275,14.0,40,318
Eala,152,249,274,14.0,40,-729
Eala,153,248,271,14.0,40,-831
Eala,154,252,271,13.2,40,-320
Eala,155,252,271,13.2,40,-815
Eala,156,257,275,13.1,40,-94
Eala,157,258,277,13.0,40,697
Eala,158,257,274,13.0,40,127
Eala,159,265,273,13.0,40,-768
Eala,160,268,267,13.1,40,-499
Eala,161,267,269,13.1,40,339
Eala,162,265,274,13.1,40,316
Eala,163,268,277,13.1,40,360
Eala,164,263,280,14.0,40,-343
Eala,165,267,279,13.2,40,-762
Eala,166,265,280,14.2,40,17
Eala,167,271,281,13.2,40,688
Eala,168,265,278,14.0,40,524
Eala,169,268,281,13.2,39,628
Eala,170,271,275,13.2,38,-66
Eala,171,270,277,13.1,37,125
Eala,172,272,273,13.1,36,2005
Eala,173,276,273,13.1,36,803
Eala,174,278,272,13.1,35,413
Eala,175,276,273,13.1,35,1735
Eala,176,281,274,14.0,35,1375
Eala,177,287,271,13.0,31,950
Ealaa,178,266,274,12.9,31,259
Ealaa,179,255,281,12.9,31,1140
Ealaa,180,252,276,12.9,31,972
Ealaa,181,249,282,12.2,35,162
Ealaa,182,254,288,11.3,35,1107
Ealaa,183,257,280,12.0,35,872
Ealaa,184,258,279,11.2,35,-156
Ealaa,185,254,274,11.2,35,40
Ealaa,186,265,273,12.0,35,1648
Ealaa,187,259,273,12.0,35,1028
Ealaa,188,258,271,11.2,35,856
Ealaa,189,257,272,11.1,35,71
Ealaa,190,258,270,12.0,35,-460
Ealaa,191,257,270,12.1,35,399
Ealaa,192,257,265,12.1,35,506
Ealaa,193,260,264,12.0,35,793
Ealaa,194,261,260,11.2,35,-779
Ealaa,195,262,263,12.1,35,893
Ealaa,196,267,262,12.1,35,1629
Ealaa,197,268,266,12.1,35,1464
Ealaa,198,268,266,12.1,35,-138
Ealaa,199,271,268,12.0,35,2105
Ealaa,200,272,261,12.0,35,821
Ealaa,201,267,267,12.0,35,840
Ealaa,202,269,261,12.1,35,2308
Ealaa,203,275,263,12.1,35,989
Ealaa,204,275,268,12.1,35,880
Ealaa,205,274,263,12.0,35,1368
Ealaa,206,285,266,11.1,35,2357
Ealaa,207,285,262,11.2,33,2406
Ealaa,208,292,263,12.1,35,2230
Ealaa,209,289,268,11.3,35,2398
Ealaa,210,293,271,12.1,35,1602
Ealaa,211,292,269,12.0,35,1798
Ealaa,212,293,269,12.1,35,4080
Ealaa,213,292,269,12.1,35,2011
Ealaa,214,292,269,12.1,35,721
Ealaa,215,294,276,13.0,35,982
Ealaa,216,294,270,12.2,35,2203
Ealaa,217,295,272,12.1,35,2884
Ealaa,218,303,269,13.1,35,2107
Ealaa,219,299,274,12.1,35,2563
Ealaa,220,306,270,12.0,35,2441
Ealaa,221,309,267,13.0,35,2424
Ealaa,222,305,266,13.0,35,2759
Ealaa,223,307,271,12.1,35,1470
Ealaa,224,305,274,12.2,35,1182
Ealaa,225,315,265,13.0,35,1259
Ealaa,226,314,264,12.2,35,2926
Ealaa,227,315,260,12.1,35,2889
Ealaa,228,319,260,12.2,35,4404
Ealaa,229,325,256,12.1,35,1272
Ealaa,230,325,255,12.2,35,2390
Ealaa,231,324,257,12.1,35,3007
Ealaa,232,326,258,12.2,35,3081
Ealaa,233,329,259,12.2,35,3826
Ealaa,234,329,259,12.5,33,1596
Ealaa,235,330,260,12.7,31,3313
Ealaa,236,331,261,13.0,29,6769
Ealaa,237,331,260,13.0,29,3451
Ealaa,238,331,261,13.2,29,2897
Ealaa,239,331,262,13.3,29,2466
Ealaa,240,331,264,13.5,29,6936
Ealaa,241,331,265,13.7,29,2369
Ealaa,242,331,266,13.8,29,6080
Ealaa,243,332,268,14.0,29,4670
Ealaa,244,332,268,14.0,29,897
Ealaa,245,332,268,13.9,29,4651
Ealaa,246,332,268,13.8,29,5813
Ealaa,247,332,268,13.8,29,5900
Ealaa,248,333,268,13.7,29,6174
Ealaa,249,333,268,13.6,29,3077
Ealaa,250,333,268,13.5,29,4094
Ealaa,251,334,268,13.4,29,3165
Ealaa,252,334,268,13.4,29,2670
Ealaa,253,334,268,13.3,29,6328
Ealaa,254,335,268,13.2,29,2291
Ealaa,255,335,268,13.3,30,2435
Ealaa,256,335,269,13.4,32,5616
Ealaa,257,335,269,13.5,33,6787
Ealaa,258,335,270,13.7,35,5362
Ealaa,259,335,270,13.8,36,6145
Ealaa,260,335,271,13.9,38,7556
Ealaa,261,335,272,14.0,40,7273
Ealaa,262,335,272,14.0,40,6800
Ealaa,263,335,271,14.0,40,5419
Ealaa,264,335,270,14.0,40,5956
Ealaa,265,336,269,14.0,40,5129
Ealaa,266,336,268,14.0,40,8443
Ealaa,267,336,268,14.0,40,6835
Ealaa,268,336,267,14.0,40,6912
Ealaa,269,337,266,14.0,40,7142
Ealaa,270,337,265,14.0,40,6352
Ealaa,271,337,264,14.0,40,8854
Ealaa,272,337,264,14.0,40,8443
Ealaa,273,338,263,14.0,40,7193
Ealaa,274,338,262,14.0,40,6970
Ealap,178,305,271,12.1,31,1153
Ealap,179,320,269,11.3,29,1466
Ealap,180,322,270,12.0,31,1052
Ealap,181,326,270,12.1,35,621
Ealap,182,330,267,11.3,35,521
Ealap,183,334,269,12.1,35,2050
Ealap,184,338,268,12.0,35,1138
Ealap,185,343,268,11.1,35,199
Ealap,186,340,263,11.0,35,-459
Ealap,187,330,262,11.1,35,61
Ealap,188,330,270,11.0,35,630
Ealap,189,328,271,12.0,35,998
Ealap,190,330,274,12.0,35,893
Ealap,191,324,278,12.0,35,422
Ealap,192,329,277,12.0,35,1104
Ealap,193,328,279,12.1,35,2010
Ealap,194,327,282,11.3,35,1365
Ealap,195,328,280,12.0,35,1056
Ealap,196,330,274,11.2,35,461
Ealap,197,333,273,12.0,35,59
Ealap,198,335,271,12.0,35,1297
Ealap,199,335,269,11.2,35,1199
Ealap,200,334,267,11.2,35,2930
Ealap,201,333,268,11.2,35,2330
Ealap,202,336,269,12.1,35,1601
Ealap,203,339,274,11.2,35,847
Ealap,204,341,273,13.0,35,928
Ealap,205,340,273,12.1,35,1346
Ealap,206,344,275,12.1,35,1580
Ealap,207,341,271,13.1,35,1343
Ealap,208,345,271,12.2,35,2166
Ealap,209,346,274,13.0,35,943
Ealap,210,347,269,12.2,35,2908
Ealap,211,345,273,12.1,35,2212
Ealap,212,344,276,12.2,35,1869
Ealap,213,348,277,13.1,35,1087
Ealap,214,344,276,12.1,35,1823
Ealap,215,347,275,12.1,35,1132
Ealap,216,347,274,13.1,35,2745
Ealap,217,348,272,12.2,35,1224
Ealap,218,353,275,13.1,35,2256
Ealap,219,346,272,12.3,33,1760
Ealap,220,349,271,13.1,35,2534
Ealap,221,351,268,13.1,35,4119
Ealap,222,350,267,13.1,35,1459
Ealap,223,349,269,13.0,35,2167
Ealap,224,349,272,13.0,35,1262
Ealap,225,356,270,13.2,35,3315
Ealap,226,357,272,13.1,35,1493
Ealap,227,360,269,13.2,35,1368
Ealap,228,363,269,14.1,35,1819
Ealap,229,367,271,13.2,35,1846
Ealap,230,364,272,14.1,35,2557
Ealap,231,364,270,14.2,35,3527
Ealap,232,368,272,14.1,35,3410
Ealap,233,369,276,14.1,35,3008
Ealap,234,369,277,14.1,35,3074
Ealap,235,368,275,15.0,34,4300
Ealap,236,365,275,14.1,34,4149
Ealap,237,368,271,14.1,34,3269
Ealap,238,365,273,14.1,34,5539
Ealap,239,367,273,14.1,34,2786
Ealap,240,372,275,14.1,34,3813
Ealap,241,369,277,15.0,34,4742
Ealap,242,368,273,15.1,34,2761
Ealap,243,367,277,15.2,34,5714
Ealap,244,368,274,15.0,34,5013
Ealap,245,371,279,15.2,34,3819
Ealap,246,372,278,16.0,34,5327
Ealap,247,372,278,15.1,34,6640
Ealap,248,372,275,16.0,34,3102
Ealap,249,374,279,15.1,34,4183
Ealap,250,371,278,15.1,32,5517
Ealap,251,362,275,17.1,29,3962
Ealap,252,368,273,15.1,34,2329
Ealap,253,368,273,15.0,34,4597
Ealap,254,370,273,15.2,32,4016
Ealap,255,373,274,15.1,34,4330
Ealap,256,373,272,15.0,34,4219
Ealap,257,373,273,15.1,34,4214
Ealap,258,369,271,14.1,32,4452
Ealap,259,372,270,14.2,34,4295
Ealap,260,369,270,14.1,32,6489
Ealap,261,373,273,14.1,34,6370
Ealap,262,374,271,15.0,34,8260
Ealap,263,377,273,14.1,34,5542
Ealap,264,375,270,14.1,32,7355
Ealap,265,377,270,15.0,34,7490
Ealap,266,375,274,15.1,29,8670
Ealap,267,373,272,15.1,34,7556
Ealap,268,372,273,15.2,34,5553
Ealap,269,371,273,15.0,32,8079
Ealap,270,375,271,16.1,29,7117
Ealap,271,374,268,14.3,34,6653
Ealap,272,374,269,14.2,34,5233
Ealap,273,374,271,15.0,31,9679
Ealap,274,374,265,14.1,32,9529
Ealp,110,332,294,19.0,42,396
Ealp,111,340,302,19.0,34,362
Ealp,112,342,306,19.9,42,814
Ealp,113,352,310,20.1,43,380
Ealp,114,355,306,20.9,44,-298
Ealp,115,361,313,21.0,44,36
Ealp,116,359,308,21.1,46,440
Ealp,117,355,301,21.1,46,98
Ealp,118,356,293,20.2,48,47
Ealp,119,356,281,20.2,46,-458
Ealp,120,355,273,20.0,46,90
Ealp,121,351,272,20.1,44,258
Ealp,122,355,270,20.1,46,-273
Ealp,123,348,268,20.0,43,1
Ealp,124,344,268,19.0,44,52
Ealp,125,351,269,18.2,44,499
Ealp,126,347,267,17.2,43,452
Ealp,127,344,265,17.2,43,907
Ealp,128,339,270,19.0,42,-437
Ealp,129,336,271,18.1,41,-20
Ealp,130,337,277,18.1,41,-81
Ealp,131,335,275,17.2,41,-270
Ealp,132,336,274,17.0,40,-200
Ealp,133,326,275,15.2,39,-949
Ealp,134,331,278,16.1,39,-300
Ealp,135,329,282,15.2,40,149
Ealp,136,331,281,15.1,40,413
Ealp,137,325,280,16.0,40,825
Ealp,138,326,274,15.1,40,-231
Ealp,139,325,276,15.2,40,-622
Ealp,140,326,276,15.2,40,629
Ealp,141,327,276,15.1,40,917
Ealp,142,324,281,15.2,40,-609
Ealp,143,321,272,15.1,40,745
Ealp,144,320,272,16.0,40,427
Ealp,145,321,272,16.0,40,-94
Ealp,146,322,270,16.2,40,-189
Ealp,147,320,265,16.1,40,266
Ealp,148,318,265,16.2,40,-223
Ealp,149,319,264,17.0,40,-189
Ealp,150,318,266,16.2,40,-277
Ealp,151,320,267,16.2,40,-341
Ealp,152,317,267,17.0,40,190
Ealp,153,314,268,17.1,40,-750
Ealp,154,317,271,17.0,40,1012
Ealp,155,311,274,17.0,40,131
Ealp,156,318,277,17.0,40,-501
Ealp,157,313,286,17.0,40,464
Ealp,158,314,286,16.2,40,-394
Ealp,159,314,285,17.0,40,-10
Ealp,160,323,290,16.1,40,-132
Ealp,161,326,290,15.1,40,-185
Ealp,162,326,294,15.0,40,-281
Ealp,163,326,296,15.1,40,328
Ealp,164,322,292,15.0,40,504
Ealp,165,322,289,16.0,40,-1413
Ealp,166,330,295,16.0,40,-410
Ealp,167,327,299,16.0,40,91
Ealp,168,323,295,16.1,40,64
Ealp,169,325,296,17.1,39,126
Ealp,170,324,297,17.1,38,228
Ealp,171,330,306,16.1,37,952
Ealp,172,329,304,16.1,36,1019
Ealp,173,325,309,16.2,36,161
Ealp,174,332,311,16.2,35,52
Ealp,175,333,308,16.1,35,368
Ealp,176,337,304,16.1,35,345
Ealp,177,333,305,17.1,35,-384
Ealp,178,336,302,17.1,35,772
Ealp,179,337,300,17.0,35,232
Ealp,180,336,298,17.0,35,1697
Ealp,181,336,297,17.0,35,390
Ealp,182,334,295,17.0,35,-302
Ealp,183,335,297,16.1,35,572
Ealp,184,340,287,16.1,35,1342
Ealp,185,340,285,15.9,31,-79
Ealpa,186,318,285,15.1,31,-191
Ealpa,187,308,283,15.9,31,1108
Ealpa,188,303,280,15.1,31,627
Ealpa,189,299,278,16.0,31,-389
Ealpa,190,301,283,15.2,35,713
Ealpa,191,295,284,16.0,35,926
Ealpa,192,294,285,16.0,35,359
Ealpa,193,294,282,15.2,35,553
Ealpa,194,292,279,15.2,35,459
Ealpa,195,293,279,15.1,35,554
Ealpa,196,296,275,16.0,35,594
Ealpa,197,297,278,15.2,35,-615
Ealpa,198,298,272,15.2,35,713
Ealpa,199,300,271,15.2,35,854
Ealpa,200,299,271,15.1,35,1452
Ealpa,201,299,268,15.2,35,233
Ealpa,202,300,269,16.0,35,1011
Ealpa,203,304,272,16.1,35,-12
Ealpa,204,302,275,16.1,35,-627
Ealpa,205,299,268,16.1,35,-814
Ealpa,206,303,269,15.1,35,1278
Ealpa,207,306,270,16.1,35,213
Ealpa,208,306,268,16.0,35,384
Ealpa,209,310,268,15.2,35,916
Ealpa,210,315,272,15.4,33,2248
Ealpa,211,310,274,15.2,35,1384
Ealpa,212,313,276,15.3,35,1855
Ealpa,213,315,280,16.1,35,959
Ealpa,214,316,281,16.1,35,1340
Ealpa,215,319,282,16.1,35,2742
Ealpa,216,321,280,16.1,35,2485
Ealpa,217,319,281,16.1,35,2435
Ealpa,218,322,282,15.2,35,2441
Ealpa,219,326,278,16.0,35,2471
Ealpa,220,325,279,16.1,35,1837
Ealpa,221,327,280,17.0,35,3494
Ealpa,222,334,276,16.1,35,2228
Ealpa,223,331,277,16.2,35,1624
Ealpa,224,330,278,17.1,35,2709
Ealpa,225,336,277,16.1,35,1660
Ealpa,226,341,276,17.1,35,2629
Ealpa,227,338,278,17.1,35,3125
Ealpa,228,344,281,17.1,35,3834
Ealpa,229,341,283,17.2,35,2779
Ealpa,230,338,287,17.1,29,-276
Ealpa,231,343,281,17.1,35,2783
Ealpa,232,346,288,17.1,35,2963
Ealpa,233,350,281,17.2,35,2083
Ealpa,234,350,280,17.0,35,1843
Ealpa,235,346,280,17.1,34,2507
Ealpa,236,347,279,16.2,34,2043
Ealpa,237,344,282,17.1,34,3649
Ealpa,238,346,279,17.1,34,4105
Ealpa,239,348,280,18.1,34,3704
Ealpa,240,348,280,18.2,34,3114
Ealpa,241,348,281,18.4,34,3581
Ealpa,242,349,282,18.5,34,4457
Ealpa,243,349,283,18.6,35,3913
Ealpa,244,350,284,18.7,35,4312
Ealpa,245,350,285,18.9,35,4509
Ealpa,246,351,286,19.0,36,2995
Ealpa,247,351,285,18.9,36,3396
Ealpa,248,352,283,18.7,36,4890
Ealpa,249,352,282,18.6,36,5555
Ealpa,250,353,280,18.5,35,3345
Ealpa,251,353,279,18.4,35,6078
Ealpa,252,354,277,18.2,35,2898
Ealpa,253,355,275,18.1,34,7115
Ealpa,254,363,273,17.1,29,2969
Ealpa,255,355,282,19.0,29,4221
Ealpa,256,353,274,18.2,34,4484
Ealpa,257,352,276,19.0,34,4696
Ealpa,258,353,276,18.5,34,2416
Ealpa,259,354,276,18.1,34,4201
Ealpa,260,355,276,17.6,34,4081
Ealpa,261,357,276,17.1,34,3636
Ealpa,262,357,276,17.1,34,3879
Ealpa,263,353,272,17.2,32,2854
Ealpa,264,353,268,18.2,34,6049
Ealpa,265,353,268,18.2,34,6120
Ealpa,266,354,267,19.1,34,3568
Ealpa,267,348,265,20.0,29,2645
Ealpa,268,349,268,18.1,29,6192
Ealpa,269,353,261,18.2,32,5884
Ealpa,270,355,267,19.0,34,5574
Ealpa,271,355,265,18.1,34,7030
Ealpa,272,351,260,18.0,34,6696
Ealpa,273,351,258,18.1,31,7766
Ealpa,274,349,256,18.0,34,6861
Ealpp,186,356,287,16.1,29,1357
Ealpp,187,365,287,16.1,31,203
Ealpp,188,364,283,15.9,31,1450
Ealpp,189,366,280,16.0,35,599
Ealpp,190,369,278,15.1,35,353
Ealpp,191,363,276,15.1,35,666
Ealpp,192,358,275,15.2,35,1678
Ealpp,193,364,280,15.2,35,52
Ealpp,194,361,278,15.1,35,2795
Ealpp,195,360,276,15.1,35,713
Ealpp,196,359,278,15.1,35,1276
Ealpp,197,358,273,16.0,35,588
Ealpp,198,360,280,15.3,33,1999
Ealpp,199,361,281,15.2,35,2164
Ealpp,200,362,282,15.2,35,271
Ealpp,201,360,279,16.0,35,1179
Ealpp,202,360,278,16.0,35,774
Ealpp,203,364,282,15.2,33,501
Ealpp,204,363,282,16.2,35,3050
Ealpp,205,359,274,16.1,35,6
Ealpp,206,360,279,17.1,35,2324
Ealpp,207,366,280,17.0,35,-199
Ealpp,208,369,284,17.0,31,1339
Ealpp,209,372,282,16.2,35,454
Ealpp,210,373,281,17.1,35,425
Ealpp,211,377,283,16.1,35,1270
Ealpp,212,375,277,16.0,35,1253
Ealpp,213,378,286,16.1,33,2429
Ealpp,214,380,287,17.0,35,1607
Ealpp,215,380,279,16.1,35,2669
Ealpp,216,379,284,16.2,35,2492
Ealpp,217,382,281,16.1,35,3173
Ealpp,218,381,282,16.1,35,3406
Ealpp,219,382,285,16.1,35,1916
Ealpp,220,380,288,16.2,35,2772
Ealpp,221,382,281,16.2,35,1945
Ealpp,222,387,284,16.1,33,3372
Ealpp,223,388,286,16.1,35,1034
Ealpp,224,385,281,16.1,35,3056
Ealpp,225,387,286,16.2,35,2391
Ealpp,226,396,283,16.1,35,2566
Ealpp,227,397,276,15.1,33,1967
Ealpp,228,403,283,16.1,35,3827
Ealpp,229,403,282,17.0,35,2711
Ealpp,230,404,284,16.1,35,1449
Ealpp,231,404,285,17.1,35,1593
Ealpp,232,407,287,17.1,35,3091
Ealpp,233,407,287,17.1,35,3609
Ealpp,234,410,286,17.0,35,830
Ealpp,235,408,286,17.0,34,2102
Ealpp,236,413,283,16.0,34,2263
Ealpp,237,412,288,17.1,34,3724
Ealpp,238,414,286,17.0,34,3022
Ealpp,239,415,283,17.1,34,2744
Ealpp,240,416,284,17.0,29,3214
Ealpp,241,418,286,18.0,34,2255
Ealpp,242,412,287,17.0,34,2914
Ealpp,243,410,283,17.0,30,4343
Ealpp,244,415,288,17.0,34,3213
Ealpp,245,419,285,17.1,30,3588
Ealpp,246,418,293,17.1,34,4638
Ealpp,247,424,290,17.2,32,4331
Ealpp,248,416,282,17.1,34,2563
Ealpp,249,416,288,17.1,34,4249
Ealpp,250,417,277,17.0,30,903
Ealpp,251,415,283,17.1,34,4162
Ealpp,252,417,276,16.1,32,2407
Ealpp,253,418,276,16.1,34,3243
Ealpp,254,422,279,17.1,32,6703
Ealpp,255,421,280,17.2,34,4394
Ealpp,256,428,283,17.1,34,3870
Ealpp,257,423,281,17.1,32,1779
Ealpp,258,424,278,17.1,34,5241
Ealpp,259,419,277,16.1,34,3490
Ealpp,260,421,279,17.0,34,5766
Ealpp,261,426,285,17.1,34,5105
Ealpp,262,425,287,16.2,32,6669
Ealpp,263,421,282,15.9,30,5171
Ealpp,264,423,282,16.1,34,2956
Ealpp,265,425,284,15.1,32,3477
Ealpp,266,423,283,16.1,30,4166
Ealpp,267,425,285,15.2,34,4787
Ealpp,268,427,284,15.9,30,5726
Ealpp,269,427,284,15.9,30,4680
Ealpp,270,435,280,16.0,30,7732
Ealpp,271,435,280,16.0,30,5988
Ealpp,272,435,279,15.0,34,7541
Ealpp,273,437,282,14.2,31,6338
Ealpp,274,438,276,14.1,32,5132
Ear,70,322,254,16.2,49,-122
Ear,71,332,234,17.2,48,-147
Ear,72,334,222,17.2,51,-703
Ear,73,334,215,17.3,51,143
Ear,74,338,198,17.9,50,-288
Ear,75,343,189,17.1,52,-581
Ear,76,340,196,16.4,52,78
Ear,77,334,199,17.2,51,21
Ear,78,337,207,17.1,51,791
Ear,79,334,210,17.1,51,-1123
Ear,80,335,212,16.3,51,-437
Ear,81,335,217,17.1,54,-434
Ear,82,336,219,18.1,54,-72
Ear,83,339,220,17.2,54,-717
Ear,84,339,223,17.2,52,344
Ear,85,337,222,18.0,54,-207
Ear,86,339,221,18.2,56,-531
Ear,87,343,219,18.1,56,-259
Ear,88,344,223,18.2,56,223
Ear,89,345,228,18.3,53,-19
Ear,90,343,231,18.2,53,74
Ear,91,338,231,18.2,53,-360
Ear,92,335,231,18.3,52,-914
Ear,93,334,235,18.3,50,-152
Ear,94,335,237,18.1,47,104
Ear,95,336,233,19.0,45,-261
Ear,96,339,229,19.1,44,597
Ear,97,338,232,18.1,44,696
Ear,98,342,228,18.0,44,-398
Ear,99,343,218,19.0,45,311
Ear,100,346,212,19.0,46,-271
Ear,101,346,207,18.2,46,517
Ear,102,351,204,19.0,46,-687
Ear,103,351,204,18.1,46,-450
Ear,104,350,207,18.0,46,58
Ear,105,352,208,17.3,46,322
Ear,106,352,204,18.0,46,-324
Ear,107,346,206,17.1,46,-137
Ear,108,344,205,16.3,46,-15
Ear,109,339,204,16.1,46,18
Ear,110,340,199,17.0,42,104
Ear,111,345,215,16.1,40,-19
Eara,112,321,204,17.0,42,221
Eara,113,303,200,17.9,43,-245
Eara,114,296,197,17.2,44,-561
Eara,115,289,198,17.0,44,-749
Eara,116,288,193,15.9,44,-824
Eara,117,285,190,16.0,44,803
Eara,118,277,189,15.9,44,-684
Eara,119,271,193,15.9,44,325
Eara,120,269,191,15.1,44,-421
Eara,121,269,193,15.2,46,-570
Eara,122,271,195,15.1,44,-311
Eara,123,276,199,15.1,47,57
Eara,124,278,196,14.3,46,-3
Eara,125,280,193,14.1,44,113
Eara,126,284,191,14.1,43,228
Eara,127,279,186,14.1,43,-291
Eara,128,277,188,14.1,42,567
Eara,129,273,189,14.1,41,-53
Eara,130,269,196,15.0,41,284
Eara,131,265,195,14.3,41,129
Eara,132,267,193,14.2,40,-30
Eara,133,263,196,14.1,39,-194
Eara,134,264,197,14.2,39,-1062
Eara,135,264,197,14.2,40,-697
Eara,136,266,200,14.2,40,-612
Eara,137,264,202,14.1,40,-188
Eara,138,270,207,13.1,40,755
Eara,139,271,215,13.2,40,-246
Eara,140,270,212,13.2,40,220
Eara,141,268,215,13.2,40,-9
Eara,142,264,212,14.1,40,-89
Eara,143,265,211,13.2,40,46
Eara,144,264,212,13.2,40,-782
Eara,145,265,207,14.1,40,-237
Eara,146,264,211,14.2,40,684
Eara,147,260,213,14.2,40,-415
Eara,148,259,208,14.2,40,-1273
Eara,149,258,213,15.0,40,-454
Eara,150,263,215,14.2,40,519
Eara,151,260,212,14.2,40,927
Eara,152,261,211,15.0,40,25
Eara,153,259,214,14.1,40,553
Eara,154,260,215,14.1,40,-333
Eara,155,260,216,14.1,40,169
Eara,156,260,216,14.1,40,700
Eara,157,261,217,15.0,40,740
Eara,158,259,218,14.1,40,478
Eara,159,258,213,14.0,40,907
Eara,160,259,214,14.0,40,619
Eara,161,264,217,14.1,40,185
Eara,162,263,221,14.1,40,-134
Eara,163,267,224,14.1,40,110
Eara,164,265,220,14.2,40,-121
Eara,165,265,220,14.3,40,-424
Eara,166,265,220,14.4,40,-80
Eara,167,265,220,14.5,39,-402
Eara,168,265,220,14.6,39,340
Eara,169,265,220,14.6,38,-396
Eara,170,265,220,14.7,38,403
Eara,171,265,220,14.8,37,-728
Eara,172,265,220,14.9,37,1070
Eara,173,265,220,15.0,36,129
Eara,174,268,217,14.2,35,1299
Eara,175,277,218,14.1,35,399
Eara,176,278,218,14.1,35,703
Eara,177,281,216,14.1,35,1089
Eara,178,281,217,13.1,35,407
Eara,179,276,223,13.0,35,508
Eara,180,281,225,13.1,35,1098
Eara,181,285,227,13.0,31,714
Eara,182,282,223,13.0,31,1884
Earaa,183,262,223,13.1,31,1916
Earaa,184,254,221,14.0,31,236
Earaa,185,248,222,14.0,31,937
Earaa,186,253,224,14.1,35,2023
Earaa,187,250,223,13.1,35,-21
Earaa,188,252,225,13.2,33,1609
Earaa,189,247,224,13.1,35,906
Earaa,190,246,230,13.2,35,1812
Earaa,191,252,229,13.2,35,2151
Earaa,192,252,228,13.3,35,1623
Earaa,193,253,221,14.0,35,1228
Earaa,194,252,223,14.1,35,1278
Earaa,195,253,225,14.1,35,863
Earaa,196,256,224,14.0,35,2038
Earaa,197,256,226,14.0,35,781
Earaa,198,258,226,14.2,35,2350
Earaa,199,255,227,14.1,35,2835
Earaa,200,257,227,14.1,35,2201
Earaa,201,257,225,14.2,35,1186
Earaa,202,261,227,14.1,35,1709
Earaa,203,259,229,14.1,35,1976
Earaa,204,260,228,14.0,35,1596
Earaa,205,267,229,14.1,35,2160
Earaa,206,265,225,14.2,35,1388
Earaa,207,270,226,14.2,35,3762
Earaa,208,277,228,14.2,35,1539
Earaa,209,279,228,14.2,35,2234
Earaa,210,281,228,14.2,35,2775
Earaa,211,283,228,14.1,35,1104
Earaa,212,285,229,14.1,35,1097
Earaa,213,287,229,14.1,35,3113
Earaa,214,289,229,14.1,35,1639
Earaa,215,291,229,14.1,35,1198
Earaa,216,293,230,14.1,35,3309
Earaa,217,295,230,14.0,35,3589
Earaa,218,297,230,14.0,35,2825
Earaa,219,299,231,14.0,36,3551
Earaa,220,300,230,13.9,36,3016
Earaa,221,301,229,13.7,36,4224
Earaa,222,302,228,13.6,36,3548
Earaa,223,303,227,13.5,36,692
Earaa,224,304,226,13.3,36,4699
Earaa,225,306,224,13.2,35,4217
Earaa,226,306,221,14.0,35,4281
Earaa,227,302,218,14.1,35,3486
Earaa,228,307,222,14.1,35,2042
Earaa,229,309,219,14.2,35,3574
Earaa,230,308,223,15.1,35,4065
Earaa,231,305,218,14.1,35,6623
Earaa,232,305,218,14.1,35,4925
Earaa,233,306,218,14.1,35,5441
Earaa,234,307,219,14.1,35,3253
Earaa,235,308,219,14.1,35,5765
Earaa,236,309,220,14.1,35,4349
Earaa,237,309,220,14.0,35,6812
Earaa,238,310,220,14.0,35,7062
Earaa,239,311,221,14.0,35,4769
Earaa,240,312,221,14.0,35,6329
Earaa,241,313,222,14.0,36,6032
Earaa,242,313,222,14.1,36,5045
Earaa,243,313,223,14.2,36,6382
Earaa,244,313,224,14.3,36,7295
Earaa,245,313,225,14.4,36,6718
Earaa,246,313,226,14.6,36,6808
Earaa,247,313,227,14.7,36,5699
Earaa,248,313,228,14.8,36,6006
Earaa,249,313,229,14.9,36,6406
Earaa,250,314,230,15.0,36,6950
Earaa,251,314,230,15.0,36,7114
Earaa,252,314,229,15.0,36,5216
Earaa,253,314,228,15.0,36,4915
Earaa,254,314,227,15.0,36,10918
Earaa,255,315,226,15.0,36,6814
Earaa,256,315,225,15.0,36,8208
Earaa,257,315,224,15.0,36,7823
Earaa,258,315,223,15.0,36,8038
Earaa,259,316,222,15.0,36,8280
Earaa,260,316,222,15.0,36,6470
Earaa,261,317,222,15.0,36,8655
Earaa,262,317,222,15.0,36,8029
Earaa,263,318,222,15.0,36,6369
Earaa,264,318,222,15.0,36,9796
Earaa,265,319,222,15.0,36,8719
Earaa,266,319,222,15.0,36,7699
Earaa,267,320,222,15.0,36,7492
Earaa,268,320,222,15.0,36,5838
Earaa,269,321,223,15.0,36,8252
Earaa,270,321,223,14.9,36,11996
Earaa,271,322,222,14.8,35,10462
Earaa,272,322,222,14.7,34,8487
Earaa,273,323,221,14.6,33,10251
Earaa,274,323,221,14.4,32,6447
Earap,183,312,214,12.9,31,1220
Earap,184,317,215,13.0,31,624
Earap,185,319,216,13.0,31,2405
Earap,186,326,216,13.2,35,809
Earap,187,326,219,14.1,35,1154
Earap,188,329,217,14.2,35,186
Earap,189,331,221,13.3,35,287
Earap,190,327,221,14.1,35,1132
Earap,191,325,219,14.1,35,56
Earap,192,325,222,14.1,35,1565
Earap,193,328,227,14.2,35,1048
Earap,194,328,227,14.1,35,1403
Earap,195,319,224,13.2,35,1350
Earap,196,318,222,13.2,35,2029
Earap,197,322,223,13.2,35,2016
Earap,198,322,221,14.0,35,1449
Earap,199,323,223,14.0,33,1221
Earap,200,322,217,13.2,35,1629
Earap,201,318,215,13.2,35,3429
Earap,202,322,218,13.2,35,902
Earap,203,325,222,13.2,35,1115
Earap,204,323,227,13.2,35,1400
Earap,205,327,227,13.3,33,1355
Earap,206,327,225,14.1,35,2199
Earap,207,327,229,15.0,35,2578
Earap,208,329,230,14.2,35,2133
Earap,209,334,233,14.1,35,2688
Earap,210,331,232,14.1,35,2390
Earap,211,334,235,14.1,35,2638
Earap,212,330,236,14.1,35,2000
Earap,213,331,236,14.0,35,2662
Earap,214,333,240,13.3,33,2769
Earap,215,337,238,13.3,33,2341
Earap,216,333,239,14.1,35,2319
Earap,217,338,235,14.1,35,4221
Earap,218,336,236,13.2,35,2486
Earap,219,335,232,14.0,35,4010
Earap,220,337,233,14.9,35,5600
Earap,221,334,230,13.2,29,4527
Earap,222,340,229,14.1,35,4951
Earap,223,338,233,14.1,35,3971
Earap,224,341,232,14.1,35,4336
Earap,225,347,232,14.2,35,2364
Earap,226,344,231,14.2,35,3295
Earap,227,347,230,14.2,33,3813
Earap,228,351,228,14.2,35,3220
Earap,229,348,231,15.0,35,3795
Earap,230,349,228,14.3,35,3990
Earap,231,350,227,15.0,35,4937
Earap,232,352,229,15.1,35,3755
Earap,233,352,233,15.0,35,2767
Earap,234,354,229,14.1,35,5470
Earap,235,354,235,14.1,34,3560
Earap,236,355,231,14.1,34,3408
Earap,237,354,228,15.1,34,5886
Earap,238,349,224,15.0,29,5116
Earap,239,355,232,14.2,34,3863
Earap,240,358,231,15.1,34,6620
Earap,241,358,230,16.0,34,6845
Earap,242,357,233,15.0,34,7194
Earap,243,356,235,16.0,34,7215
Earap,244,356,235,16.0,34,3607
Earap,245,357,234,16.0,34,7032
Earap,246,358,234,16.0,34,3448
Earap,247,358,233,16.0,34,4659
Earap,248,359,233,16.0,34,7125
Earap,249,360,232,16.0,34,5359
Earap,250,361,234,15.1,34,6480
Earap,251,360,231,16.0,34,6502
Earap,252,363,232,15.0,34,6865
Earap,253,360,231,16.0,34,5441
Earap,254,358,232,15.0,34,5609
Earap,255,361,230,14.2,34,4752
Earap,256,356,232,14.2,32,3301
Earap,257,358,234,14.2,32,3931
Earap,258,357,231,14.1,34,6466
Earap,259,357,231,14.1,34,6239
Earap,260,358,231,14.0,34,5852
Earap,261,359,231,14.0,34,7191
Earap,262,360,232,15.1,34,7075
Earap,263,357,232,15.0,34,8574
Earap,264,358,229,15.1,34,7573
Earap,265,358,227,15.0,34,8025
Earap,266,361,230,16.0,34,7696
Earap,267,365,227,15.1,34,8099
Earap,268,360,228,15.1,34,5774
Earap,269,367,228,15.0,34,6588
Earap,270,372,225,14.1,34,7124
Earap,271,370,224,15.0,30,8981
Earap,272,367,224,15.0,34,4730
Earap,273,368,226,14.1,31,6239
Earap,274,367,224,14.1,34,8551
Earp,112,351,221,16.0,28,775
Earp,113,356,226,15.3,33,-157
Earp,114,356,227,15.1,36,-175
Earp,115,358,227,14.9,44,-528
Earp,116,361,227,14.1,44,434
Earp,117,365,227,15.0,44,-433
Earp,118,366,220,14.4,46,134
Earp,119,359,225,15.0,44,294
Earp,120,361,226,15.0,44,-538
Earp,121,363,224,15.0,44,704
Earp,122,367,222,15.1,48,-107
Earp,123,366,219,14.3,47,155
Earp,124,363,222,15.1,46,366
Earp,125,360,223,14.2,44,-587
Earp,126,365,218,15.1,43,-218
Earp,127,368,211,15.1,43,-557
Earp,128,360,209,16.0,42,624
Earp,129,355,214,15.1,41,-599
Earp,130,356,219,15.0,41,-274
Earp,131,356,218,14.2,41,167
Earp,132,359,212,14.1,40,45
Earp,133,353,212,14.1,39,188
Earp,134,350,213,14.1,39,-871
Earp,135,353,212,14.2,40,-652
Earp,136,354,209,14.0,40,-642
Earp,137,356,211,14.2,40,214
Earp,138,352,210,14.2,40,-1101
Earp,139,350,205,14.1,40,-843
Earp,140,352,205,14.1,40,743
Earp,141,350,203,14.0,40,174
Earp,142,348,203,14.2,40,918
Earp,143,346,200,14.0,40,225
Earp,144,345,205,14.2,40,-380
Earp,145,345,211,14.1,40,-1049
Earp,146,344,207,14.2,40,-454
Earp,147,344,209,14.1,40,-308
Earp,148,345,206,14.2,40,297
Earp,149,339,201,14.1,40,688
Earp,150,341,201,14.0,40,319
Earp,151,345,198,14.2,40,-86
Earp,152,341,199,15.0,40,-886
Earp,153,343,199,14.2,40,-266
Earp,154,339,198,15.0,40,204
Earp,155,337,199,15.1,40,322
Earp,156,335,201,15.2,40,1155
Earp,157,334,202,16.0,40,551
Earp,158,332,204,15.2,40,351
Earp,159,333,204,17.0,40,-893
Earp,160,336,207,16.1,40,299
Earp,161,339,205,16.2,40,196
Earp,162,340,206,16.0,40,208
Earp,163,339,206,16.1,40,-255
Earp,164,336,208,16.1,40,-13
Earp,165,344,209,16.1,40,909
Earp,166,342,211,16.1,40,-1149
Earp,167,343,211,16.0,40,790
Earp,168,341,211,16.0,40,702
Earp,169,339,206,16.1,39,953
Earp,170,339,209,16.2,38,411
Earp,171,343,210,17.1,37,-763
Earp,172,338,206,17.1,36,524
Earp,173,339,211,17.1,36,937
Earp,174,335,211,17.1,35,-87
Earp,175,337,207,17.1,35,-403
Earp,176,333,208,18.1,35,3
Earp,177,345,206,17.0,35,317
Earp,178,344,206,17.1,35,1053
Earp,179,338,207,17.1,35,234
Earp,180,343,208,16.2,35,447
Earp,181,338,216,16.1,35,834
Earp,182,339,214,17.1,35,-662
Earp,183,351,212,17.1,31,1918
Earp,184,348,216,18.0,31,1492
Earpa,185,318,211,17.2,29,992
Earpa,186,313,209,18.8,31,667
Earpa,187,308,214,18.1,33,3121
Earpa,188,305,214,18.2,35,206
Earpa,189,302,209,18.2,35,1194
Earpa,190,303,214,18.2,33,-763
Earpa,191,303,212,18.2,35,827
Earpa,192,300,215,18.2,35,1032
Earpa,193,299,213,19.0,35,391
Earpa,194,306,211,18.2,35,-526
Earpa,195,306,207,18.2,35,574
Earpa,196,305,209,18.1,35,1669
Earpa,197,304,214,19.0,35,804
Earpa,198,304,218,19.1,33,396
Earpa,199,305,216,18.1,35,569
Earpa,200,306,218,18.1,35,2042
Earpa,201,304,220,19.0,29,1397
Earpa,202,308,219,19.1,35,2447
Earpa,203,307,222,20.0,27,1072
Earpa,204,307,223,18.1,35,57
Earpa,205,313,218,19.0,35,288
Earpa,206,317,219,19.0,35,1568
Earpa,207,325,224,18.0,33,1698
Earpa,208,322,227,18.0,35,1176
Earpa,209,323,230,19.0,35,1777
Earpa,210,325,229,19.0,35,1264
Earpa,211,326,228,19.0,35,1121
Earpa,212,328,232,18.0,35,1014
Earpa,213,325,232,18.1,35,916
Earpa,214,327,234,18.0,29,1874
Earpa,215,326,236,18.0,35,2847
Earpa,216,331,236,17.1,35,1875
Earpa,217,328,236,19.0,35,823
Earpa,218,330,234,18.0,35,4265
Earpa,219,332,234,18.0,35,1518
Earpa,220,337,232,17.1,35,2843
Earpa,221,336,228,18.0,35,946
Earpa,222,338,231,17.0,35,435
Earpa,223,337,233,18.1,35,2949
Earpa,224,339,234,19.0,35,1865
Earpa,225,339,234,19.0,35,1407
Earpa,226,342,234,18.0,29,3028
Earpa,227,342,234,18.0,29,2144
Earpa,228,347,231,18.0,35,2352
Earpa,229,347,231,18.0,35,2536
Earpa,230,344,234,19.1,35,2383
Earpa,231,344,233,19.0,29,2005
Earpa,232,344,233,19.0,29,1610
Earpa,233,348,230,18.1,33,5375
Earpa,234,351,231,17.1,35,4606
Earpa,235,350,233,17.6,35,4737
Earpa,236,348,236,18.0,34,2736
Earpa,237,347,232,17.1,34,1672
Earpa,238,350,230,17.1,34,4500
Earpa,239,347,229,17.1,29,4880
Earpa,240,352,232,18.0,34,4111
Earpa,241,352,232,18.0,34,2927
Earpa,242,356,231,18.1,34,5063
Earpa,243,356,231,18.1,34,5503
Earpa,244,353,234,19.0,34,2611
Earpa,245,352,233,18.6,34,5100
Earpa,246,352,237,18.0,34,5361
Earpa,247,349,232,17.6,34,4515
Earpa,248,351,233,18.1,34,6696
Earpa,249,353,236,19.0,34,6599
Earpa,250,354,233,18.0,32,2950
Earpa,251,353,228,18.0,34,4879
Earpa,252,349,231,18.1,29,2480
Earpa,253,351,231,18.1,31,2588
Earpa,254,353,230,18.1,34,2926
Earpa,255,352,230,19.0,34,3505
Earpa,256,354,231,19.0,29,3511
Earpa,257,353,234,17.1,32,4598
Earpa,258,352,233,18.1,34,6033
Earpa,259,357,232,16.5,34,6637
Earpa,260,359,232,17.1,34,6353
Earpa,261,355,230,18.0,34,4297
Earpa,262,354,233,18.0,34,7019
Earpa,263,353,233,18.1,34,3043
Earpa,264,356,231,18.1,34,5919
Earpa,265,355,230,18.1,32,4669
Earpa,266,355,230,18.1,31,3107
Earpa,267,355,230,18.1,30,7279
Earpa,268,355,231,18.1,29,5268
Earpa,269,357,228,18.1,34,8321
Earpa,270,358,232,18.2,34,3661
Earpa,271,361,229,18.0,34,5710
Earpa,272,357,230,18.0,34,6072
Earpa,273,359,228,18.1,31,4994
Earpa,274,361,228,17.1,34,5419
Earpp,185,363,224,18.0,31,37
Earpp,186,374,220,18.1,31,2297
Earpp,187,373,224,18.9,31,951
Earpp,188,379,227,18.1,33,297
Earpp,189,377,224,17.1,35,743
Earpp,190,377,229,17.1,35,450
Earpp,191,377,233,18.1,35,-213
Earpp,192,372,231,17.1,35,1150
Earpp,193,375,231,17.0,35,1289
Earpp,194,377,233,16.1,35,1232
Earpp,195,375,233,17.0,35,-742
Earpp,196,376,233,16.1,33,-8
Earpp,197,375,232,16.1,33,522
Earpp,198,372,231,17.0,35,-109
Earpp,199,375,229,17.0,31,195
Earpp,200,374,236,18.0,31,-489
Earpp,201,372,235,17.1,35,1951
Earpp,202,374,235,18.0,31,-305
Earpp,203,373,233,18.0,31,1659
Earpp,204,372,234,17.1,35,2235
Earpp,205,370,229,17.1,35,634
Earpp,206,371,235,17.9,31,-44
Earpp,207,373,236,17.1,35,1807
Earpp,208,373,237,17.2,35,722
Earpp,209,377,237,17.2,35,6
Earpp,210,373,237,17.1,35,1546
Earpp,211,372,239,17.0,35,1442
Earpp,212,373,241,16.7,33,1019
Earpp,213,374,243,16.3,31,2830
Earpp,214,375,245,16.0,29,3266
Earpp,215,375,245,16.0,29,162
Earpp,216,378,240,16.1,35,2261
Earpp,217,377,241,16.0,35,2477
Earpp,218,374,238,16.1,35,3421
Earpp,219,375,237,16.2,35,795
Earpp,220,376,236,16.2,35,2279
Earpp,221,378,235,16.3,35,893
Earpp,222,379,234,16.4,35,2854
Earpp,223,380,233,16.4,35,2057
Earpp,224,382,232,16.5,35,2169
Earpp,225,383,231,16.6,35,2101
Earpp,226,385,230,16.7,35,2450
Earpp,227,386,229,16.7,35,3321
Earpp,228,387,228,16.8,35,2090
Earpp,229,389,227,16.9,35,2359
Earpp,230,390,226,16.9,35,3050
Earpp,231,392,224,17.0,36,3377
Earpp,232,392,224,16.9,36,1555
Earpp,233,393,224,16.9,36,660
Earpp,234,393,224,16.8,36,2107
Earpp,235,394,225,16.7,36,2538
Earpp,236,395,225,16.7,36,2203
Earpp,237,395,225,16.6,36,3037
Earpp,238,396,226,16.6,35,5832
Earpp,239,397,226,16.5,35,1668
Earpp,240,397,226,16.4,35,5286
Earpp,241,398,226,16.4,35,2154
Earpp,242,399,227,16.3,35,3069
Earpp,243,399,227,16.2,35,2936
Earpp,244,400,227,16.2,35,3319
Earpp,245,401,228,16.1,34,2522
Earpp,246,401,228,15.1,34,4168
Earpp,247,408,233,16.1,29,3713
Earpp,248,399,233,15.1,34,5705
Earpp,249,412,232,17.0,29,2617
Earpp,250,401,229,15.0,34,3972
Earpp,251,403,225,16.1,34,4038
Earpp,252,403,225,16.1,34,5543
Earpp,253,411,226,16.0,34,2797
Earpp,254,411,226,16.0,34,3220
Earpp,255,411,224,16.1,34,4367
Earpp,256,412,224,16.0,27,4713
Earpp,257,408,224,15.9,30,3102
Earpp,258,414,219,15.2,32,3882
Earpp,259,409,220,15.1,34,4365
Earpp,260,415,224,16.1,34,1465
Earpp,261,415,225,16.1,32,3579
Earpp,262,414,226,16.0,29,3539
Earpp,263,418,227,16.0,34,4813
Earpp,264,416,223,16.0,30,777
Earpp,265,418,223,16.1,32,4620
Earpp,266,416,225,15.1,29,5690
Earpp,267,419,228,16.0,30,6762
Earpp,268,419,229,16.0,32,6203
Earpp,269,417,229,15.1,32,3552
Earpp,270,421,226,15.0,32,5018
Earpp,271,421,225,15.0,32,5434
Earpp,272,421,223,15.0,32,7147
Earpp,273,420,221,15.0,31,4107
Earpp,274,428,218,15.1,34,6040
Ep,30,460,343,21.2,48,-30
Ep,31,464,340,20.4,45,-511
Ep,32,469,337,19.5,43,786
Ep,33,473,334,18.7,40,726
Ep,34,478,330,17.9,37,530
Ep,35,481,331,17.0,40,-303
Ep,36,485,330,16.0,56,-110
Ep,37,480,341,16.9,57,-516
Ep,38,476,343,17.0,58,-443
Ep,39,469,343,15.3,57,260
Ep,40,456,342,14.1,50,-128
Ep,41,463,339,14.0,44,-430
Ep,42,453,346,15.0,38,-41
Ep,43,441,343,17.1,38,-115
Ep,44,447,341,17.1,39,167
Ep,45,442,346,18.0,42,-881
Ep,46,445,344,18.0,45,-37
Ep,47,451,341,18.1,46,-753
Ep,48,458,327,18.1,49,-259
Ep,49,458,329,17.3,52,135
Ep,50,456,325,18.2,57,-231
Ep,51,456,322,19.1,59,143
Ep,52,461,319,19.0,60,-1
Ep,53,464,326,19.1,61,-523
Ep,54,456,324,18.1,63,-6
Ep,55,452,323,18.1,64,340
Ep,56,451,313,18.0,62,149
Ep,57,451,313,18.2,64,-482
Ep,58,446,317,17.2,61,434
Ep,59,449,314,18.1,65,301
Ep,60,457,311,18.0,64,391
Ep,61,459,317,18.2,65,-239
Ep,62,451,319,19.0,63,-251
Ep,63,451,317,19.1,62,274
Ep,64,456,311,19.1,61,-86
Ep,65,457,303,18.2,58,-183
Ep,66,456,295,17.2,52,-268
Ep,67,450,285,16.1,50,-615
Ep,68,453,282,16.1,49,-14
Ep,69,451,274,16.0,50,507
Ep,70,443,281,16.2,51,273
Ep,71,442,263,16.0,52,-205
Ep,72,430,275,16.0,49,-160
Epl,73,427,297,15.0,49,-380
Epl,74,420,301,14.2,50,-523
Epl,75,414,307,14.1,50,-846
Epl,76,412,312,13.8,50,710
Epl,77,410,325,13.1,51,979
Epl,78,406,333,12.2,53,-148
Epl,79,400,321,13.0,53,670
Epl,80,399,321,13.3,53,157
Epl,81,402,322,14.1,54,100
Epl,82,399,319,14.1,54,-275
Epl,83,403,321,15.0,52,-120
Epl,84,400,319,15.1,54,341
Epl,85,389,322,15.2,52,-302
Epl,86,388,319,15.3,52,71
Epl,87,388,321,15.3,52,183
Epl,88,389,317,16.0,52,459
Epl,89,386,315,16.2,53,-586
Epl,90,384,315,17.0,53,-416
Epl,91,393,308,16.4,51,-404
Epl,92,402,307,17.2,52,752
Epl,93,409,305,17.3,50,-175
Epl,94,410,298,17.1,47,-521
Epl,95,405,293,16.2,45,-266
Epl,96,392,295,17.0,44,-797
Epl,97,394,294,17.0,44,-67
Epl,98,386,291,15.3,44,-983
Epl,99,382,288,15.1,45,-25
Epl,100,376,284,15.1,46,-359
Epl,101,379,279,15.1,46,540
Epl,102,380,279,14.2,46,284
Epl,103,375,280,14.2,46,217
Epl,104,380,276,15.0,46,180
Epl,105,381,280,14.2,46,538
Epl,106,381,281,14.3,46,149
Epl,107,384,286,15.1,46,-202
Epl,108,388,287,15.1,46,477
Epl,109,390,294,15.2,46,-92
Epl,110,388,287,15.2,46,383
Epl,111,393,283,14.3,46,-350
Epl,112,394,284,14.2,44,-272
Epl,113,395,287,14.2,45,103
Epl,114,399,291,14.3,48,-250
Epl,115,398,288,14.1,46,-334
Epl,116,405,298,15.1,40,358
Epla,117,388,289,15.2,38,994
Epla,118,382,288,15.0,36,373
Epla,119,385,289,15.2,38,-844
Epla,120,382,289,15.2,44,267
Epla,121,383,291,15.9,44,340
Epla,122,381,292,15.0,44,-30
Epla,123,381,285,15.0,43,255
Epla,124,379,288,14.8,42,-782
Epla,125,379,293,14.1,44,-164
Epla,126,382,294,15.0,43,-720
Epla,127,386,288,15.1,43,-1032
Epla,128,381,286,15.1,42,-827
Epla,129,378,280,15.1,41,-492
Epla,130,380,284,15.1,41,-160
Epla,131,382,275,14.2,41,795
Epla,132,389,277,14.3,40,-693
Epla,133,395,274,14.1,39,175
Epla,134,396,277,14.0,39,-659
Epla,135,399,277,14.1,40,-8
Epla,136,393,281,13.1,40,121
Epla,137,388,279,13.2,40,-186
Epla,138,381,280,13.1,40,34
Epla,139,381,281,13.2,40,823
Epla,140,385,280,13.1,40,-1802
Epla,141,382,276,13.1,40,-798
Epla,142,376,276,13.0,40,-89
Epla,143,374,272,13.1,40,-313
Epla,144,371,274,12.1,40,725
Epla,145,374,280,13.1,40,-199
Epla,146,375,278,13.0,40,-327
Epla,147,376,275,12.3,40,-522
Epla,148,370,275,13.0,40,-687
Epla,149,374,270,13.0,40,325
Epla,150,372,273,12.2,40,685
Epla,151,368,277,12.1,40,112
Epla,152,369,275,12.2,40,-525
Epla,153,371,276,12.1,40,-289
Epla,154,372,280,12.1,40,416
Epla,155,371,277,12.1,40,-279
Epla,156,370,275,12.1,40,-337
Epla,157,370,270,12.1,40,186
Epla,158,370,276,12.1,40,213
Epla,159,378,273,12.0,40,221
Epla,160,377,270,12.1,40,-32
Epla,161,385,272,12.2,40,530
Epla,162,385,277,12.0,40,-441
Epla,163,386,275,12.1,40,-270
Epla,164,391,271,12.1,40,73
Epla,165,387,270,12.1,40,212
Epla,166,387,275,12.1,40,-26
Epla,167,388,279,11.2,40,166
Epla,168,386,281,12.1,40,597
Epla,169,387,282,11.1,39,-293
Epla,170,385,282,11.1,38,197
Epla,171,389,283,12.1,37,1239
Epla,172,390,282,12.2,36,495
Epla,173,386,285,13.0,36,-216
Epla,174,391,286,13.0,35,367
Epla,175,392,282,13.0,35,940
Epla,176,385,281,13.0,35,1126
Epla,177,387,277,13.1,35,-165
Epla,178,390,277,13.1,35,731
Epla,179,390,274,12.3,35,1386
Epla,180,390,275,13.0,35,364
Epla,181,388,269,13.1,35,835
Epla,182,388,264,13.2,35,-204
Epla,183,392,266,13.1,35,807
Epla,184,398,264,13.1,33,1286
Epla,185,403,254,12.5,33,-234
Eplaa,186,386,246,11.9,31,958
Eplaa,187,372,240,11.0,31,422
Eplaa,188,372,233,10.9,31,-255
Eplaa,189,372,242,11.1,35,158
Eplaa,190,374,243,10.4,35,247
Eplaa,191,370,245,11.1,35,-774
Eplaa,192,363,243,11.1,35,1695
Eplaa,193,364,248,11.2,35,-19
Eplaa,194,367,249,11.2,35,1155
Eplaa,195,365,249,11.2,35,327
Eplaa,196,369,252,11.2,35,936
Eplaa,197,371,249,11.3,35,-416
Eplaa,198,370,250,11.4,35,-1140
Eplaa,199,371,247,11.3,35,1794
Eplaa,200,370,251,12.0,35,599
Eplaa,201,368,251,12.1,35,73
Eplaa,202,366,249,12.1,35,326
Eplaa,203,369,251,12.2,35,102
Eplaa,204,371,255,13.0,35,159
Eplaa,205,371,255,12.3,35,135
Eplaa,206,372,257,12.3,35,754
Eplaa,207,375,260,13.2,35,624
Eplaa,208,378,258,13.1,35,486
Eplaa,209,383,261,12.3,35,-553
Eplaa,210,384,258,12.3,35,7
Eplaa,211,385,265,13.0,35,62
Eplaa,212,380,264,12.3,35,873
Eplaa,213,382,268,13.0,35,210
Eplaa,214,385,269,12.1,35,697
Eplaa,215,390,270,13.0,35,1614
Eplaa,216,392,266,13.1,35,654
Eplaa,217,400,267,13.0,35,665
Eplaa,218,399,265,12.2,35,656
Eplaa,219,396,264,13.0,35,1049
Eplaa,220,398,265,12.2,35,28
Eplaa,221,400,261,13.1,35,2066
Eplaa,222,399,267,13.0,35,793
Eplaa,223,400,265,12.3,35,1896
Eplaa,224,398,267,12.3,35,711
Eplaa,225,402,266,12.4,35,1360
Eplaa,226,404,264,12.2,35,1313
Eplaa,227,406,262,12.2,35,2022
Eplaa,228,410,264,13.0,35,714
Eplaa,229,407,265,13.0,35,1284
Eplaa,230,406,267,13.0,35,2518
Eplaa,231,408,266,13.1,35,3671
Eplaa,232,410,266,13.2,35,1518
Eplaa,233,410,271,13.2,35,2352
Eplaa,234,411,267,13.1,35,7
Eplaa,235,412,264,13.1,34,281
Eplaa,236,415,266,13.0,34,1205
Eplaa,237,417,265,13.0,34,1468
Eplaa,238,417,265,13.0,34,1732
Eplaa,239,414,267,13.1,34,720
Eplaa,240,412,269,13.2,34,2656
Eplaa,241,412,272,14.0,34,2309
Eplaa,242,412,273,13.2,34,826
Eplaa,243,409,272,13.1,34,1687
Eplaa,244,410,267,13.1,34,2383
Eplaa,245,409,269,13.1,34,1716
Eplaa,246,410,272,13.1,34,2056
Eplaa,247,411,267,13.1,34,1855
Eplaa,248,412,268,12.3,34,1370
Eplaa,249,413,268,13.2,34,2117
Eplaa,250,414,268,13.1,34,2346
Eplaa,251,416,265,13.1,34,3598
Eplaa,252,418,264,13.0,34,2470
Eplaa,253,416,263,13.0,34,2785
Eplaa,254,417,262,13.1,34,3401
Eplaa,255,413,264,13.0,34,3596
Eplaa,256,412,269,14.0,34,3691
Eplaa,257,410,271,13.3,32,1888
Eplaa,258,410,267,13.1,34,4001
Eplaa,259,410,265,13.1,34,3564
Eplaa,260,409,265,14.0,34,2972
Eplaa,261,409,265,13.1,34,544
Eplaa,262,409,268,13.2,34,2003
Eplaa,263,404,263,13.2,34,3730
Eplaa,264,407,264,13.2,34,2528
Eplaa,265,408,263,13.1,34,5280
Eplaa,266,404,268,13.2,34,2936
Eplaa,267,407,271,13.2,34,2077
Eplaa,268,407,274,13.1,34,3027
Eplaa,269,406,277,13.2,34,3042
Eplaa,270,408,275,13.1,34,4393
Eplaa,271,410,271,13.1,34,4596
Eplaa,272,411,269,12.2,34,2678
Eplaa,273,410,268,13.0,31,4502
Eplaa,274,410,263,13.0,34,1702
Eplap,186,415,259,13.8,31,2088
Eplap,187,422,264,14.8,31,1480
Eplap,188,426,268,14.2,31,1245
Eplap,189,429,271,14.2,33,1283
Eplap,190,427,268,14.2,35,-167
Eplap,191,423,269,14.1,35,474
Eplap,192,411,277,13.3,35,470
Eplap,193,412,274,14.1,35,1054
Eplap,194,411,278,14.0,35,317
Eplap,195,406,277,14.1,35,1143
Eplap,196,406,281,14.1,35,1487
Eplap,197,410,283,14.1,35,756
Eplap,198,414,280,13.3,35,879
Eplap,199,410,276,14.1,35,1517
Eplap,200,410,281,14.1,35,601
Eplap,201,411,284,14.1,35,-555
Eplap,202,412,280,14.1,35,-281
Eplap,203,416,277,14.2,35,-383
Eplap,204,419,275,14.2,35,-187
Eplap,205,421,276,14.2,35,2009
Eplap,206,421,280,14.2,35,1482
Eplap,207,422,279,14.3,35,1397
Eplap,208,421,281,15.1,35,-227
Eplap,209,423,279,14.3,35,840
Eplap,210,424,285,15.1,35,793
Eplap,211,427,289,14.3,35,602
Eplap,212,428,286,15.0,35,-932
Eplap,213,422,284,15.1,35,-95
Eplap,214,427,284,15.1,35,-244
Eplap,215,427,285,14.3,35,1096
Eplap,216,431,285,15.1,35,2240
Eplap,217,434,285,15.0,35,802
Eplap,218,435,284,15.2,35,2181
Eplap,219,433,285,15.1,35,-50
Eplap,220,433,285,15.1,35,1148
Eplap,221,441,280,15.1,35,1886
Eplap,222,437,281,15.0,35,3669
Eplap,223,436,279,15.1,35,1345
Eplap,224,434,283,15.1,35,309
Eplap,225,438,280,15.1,35,2929
Eplap,226,436,279,15.1,35,1833
Eplap,227,440,276,15.1,35,1756
Eplap,228,441,274,15.1,35,2157
Eplap,229,442,276,15.1,35,1955
Eplap,230,443,276,15.1,35,1488
Eplap,231,442,274,15.3,35,926
Eplap,232,441,275,16.0,35,2644
Eplap,233,439,275,15.3,35,1087
Eplap,234,445,276,16.0,35,2283
Eplap,235,449,279,15.1,34,1498
Eplap,236,449,279,16.0,34,2192
Eplap,237,446,279,16.1,34,1535
Eplap,238,442,276,16.0,34,2979
Eplap,239,443,276,16.1,34,233
Eplap,240,446,276,16.0,34,1405
Eplap,241,447,279,16.0,34,1471
Eplap,242,446,277,16.1,34,1199
Eplap,243,448,277,16.1,34,2087
Eplap,244,446,275,16.1,34,517
Eplap,245,452,276,16.1,34,1207
Eplap,246,456,277,16.1,34,1623
Eplap,247,458,276,16.0,34,1879
Eplap,248,456,277,16.0,34,3648
Eplap,249,452,277,16.0,34,1461
Eplap,250,451,279,16.0,34,1433
Eplap,251,452,280,16.1,34,3855
Eplap,252,456,281,16.1,34,3671
Eplap,253,458,279,16.0,34,3980
Eplap,254,458,278,16.1,34,4421
Eplap,255,456,277,16.0,34,2283
Eplap,256,459,276,16.1,34,4476
Eplap,257,459,276,16.1,34,2619
Eplap,258,460,275,16.1,34,5087
Eplap,259,460,275,16.1,34,569
Eplap,260,461,274,16.0,34,1581
Eplap,261,461,274,16.0,34,4221
Eplap,262,462,273,16.0,34,2949
Eplap,263,460,276,17.0,34,3077
Eplap,264,460,276,17.0,34,4998
Eplap,265,458,275,17.1,34,3119
Eplap,266,462,274,17.1,34,4780
Eplap,267,461,277,17.0,34,2983
Eplap,268,464,276,16.1,34,4348
Eplap,269,466,276,16.0,34,4724
Eplap,270,468,279,16.0,34,4170
Eplap,271,469,277,15.1,34,4174
Eplap,272,472,273,15.1,34,5551
Eplap,273,475,271,15.0,31,4162
Eplap,274,471,271,14.3,34,2917
Eplp,117,423,310,16.1,34,-138
Eplp,118,442,317,16.2,32,-345
Eplp,119,450,319,17.3,42,-415
Eplp,120,452,318,18.0,44,-703
Eplp,121,462,318,18.0,44,-192
Eplp,122,465,317,18.9,44,464
Eplp,123,467,310,18.1,45,226
Eplp,124,466,310,18.9,42,-34
Eplp,125,473,306,18.1,44,1064
Eplp,126,474,304,18.2,43,-90
Eplp,127,473,298,18.1,43,-146
Eplp,128,471,299,18.2,42,-765
Eplp,129,469,297,18.0,41,187
Eplp,130,465,294,18.2,41,-53
Eplp,131,453,294,18.1,41,-450
Eplp,132,455,293,17.2,40,162
Eplp,133,447,295,17.2,39,79
Eplp,134,449,292,17.1,39,-450
Eplp,135,448,297,18.0,40,447
Eplp,136,448,296,16.2,40,-170
Eplp,137,449,292,16.2,40,78
Eplp,138,449,290,15.3,40,382
Eplp,139,445,300,15.2,40,713
Eplp,140,445,297,15.0,40,1060
Eplp,141,447,296,14.3,38,394
Eplp,142,444,288,14.1,40,132
Eplp,143,447,285,13.3,40,-939
Eplp,144,451,285,13.2,40,338
Eplp,145,451,284,13.2,40,-218
Eplp,146,454,283,13.2,40,-906
Eplp,147,452,278,13.1,40,-747
Eplp,148,453,275,13.1,40,-143
Eplp,149,454,273,13.1,40,-205
Eplp,150,459,269,13.1,40,192
Eplp,151,459,265,13.2,40,-328
Eplp,152,464,271,13.1,40,-509
Eplp,153,465,279,13.1,40,276
Eplp,154,465,276,13.0,40,517
Eplp,155,465,276,13.2,40,-28
Eplp,156,459,282,14.1,40,130
Eplp,157,458,279,14.1,40,-390
Eplp,158,461,283,13.3,40,-1029
Eplp,159,459,284,14.1,40,858
Eplp,160,462,288,14.1,40,138
Eplp,161,462,286,15.0,40,69
Eplp,162,461,284,15.1,40,920
Eplp,163,463,283,14.2,40,35
Eplp,164,459,278,14.2,40,-158
Eplp,165,462,281,14.1,40,1064
Eplp,166,464,282,14.1,40,118
Eplp,167,468,284,14.1,40,19
Eplp,168,464,283,15.0,40,81
Eplp,169,465,277,14.2,39,182
Eplp,170,466,281,15.0,38,-208
Eplp,171,472,279,14.1,37,-547
Eplp,172,478,276,14.2,36,-196
Eplp,173,477,268,14.2,36,-846
Eplp,174,476,269,15.0,35,236
Eplp,175,483,277,14.1,35,916
Eplp,176,477,277,14.1,35,517
Eplp,177,478,276,14.2,35,-95
Eplp,178,473,275,14.2,35,1794
Eplp,179,477,280,14.1,35,952
Eplp,180,465,274,15.0,35,802
Eplp,181,468,280,15.1,35,306
Eplp,182,462,274,15.0,35,680
Eplp,183,469,280,14.3,35,97
Eplp,184,469,275,15.1,35,136
Eplp,185,470,279,16.1,35,-543
Eplp,186,473,273,16.1,35,986
Eplp,187,479,276,17.0,35,-161
Eplp,188,476,276,17.0,35,1066
Eplp,189,472,271,16.4,35,128
Eplp,190,470,273,17.3,35,86
Eplpa,191,454,274,16.2,31,1096
Eplpa,192,446,279,16.1,31,-695
Eplpa,193,443,281,16.1,35,1556
Eplpa,194,439,281,16.1,35,126
Eplpa,195,442,284,15.3,35,468
Eplpa,196,440,285,16.1,35,1282
Eplpa,197,440,286,16.3,35,-30
Eplpa,198,440,283,16.3,35,1659
Eplpa,199,443,279,16.2,35,742
Eplpa,200,443,277,16.2,35,701
Eplpa,201,443,278,17.0,35,-309
Eplpa,202,443,277,17.1,35,-7
Eplpa,203,442,276,17.1,35,-190
Eplpa,204,440,275,17.2,35,1634
Eplpa,205,440,279,16.3,35,-580
Eplpa,206,437,280,17.1,35,331
Eplpa,207,443,281,18.2,35,-616
Eplpa,208,446,282,17.2,35,510
Eplpa,209,448,280,18.0,35,1656
Eplpa,210,450,281,18.0,35,290
Eplpa,211,448,286,17.3,35,1747
Eplpa,212,447,287,18.0,35,577
Eplpa,213,450,289,18.1,35,4
Eplpa,214,451,286,17.2,35,1262
Eplpa,215,453,285,17.2,35,1062
Eplpa,216,453,288,17.2,35,1891
Eplpa,217,450,281,17.2,35,381
Eplpa,218,454,281,18.0,35,493
Eplpa,219,453,280,18.1,35,419
Eplpa,220,453,281,18.0,35,1549
Eplpa,221,459,283,17.2,35,1017
Eplpa,222,457,282,17.3,35,1191
Eplpa,223,461,281,18.0,35,-261
Eplpa,224,461,283,17.2,35,765
Eplpa,225,458,279,17.2,35,-787
Eplpa,226,461,278,18.0,35,1101
Eplpa,227,459,274,18.1,35,2860
Eplpa,228,462,277,18.1,35,1466
Eplpa,229,460,276,18.0,35,2818
Eplpa,230,453,275,18.1,35,918
Eplpa,231,459,273,19.1,35,2344
Eplpa,232,462,277,19.0,35,1578
Eplpa,233,457,277,19.0,35,327
Eplpa,234,455,276,18.0,35,1183
Eplpa,235,467,284,19.0,29,2511
Eplpa,236,467,284,19.0,29,-226
Eplpa,237,474,279,19.0,34,2001
Eplpa,238,470,278,19.0,29,1724
Eplpa,239,473,281,20.1,34,977
Eplpa,240,476,279,20.0,34,1848
Eplpa,241,470,277,20.0,34,1885
Eplpa,242,469,277,20.0,34,1157
Eplpa,243,469,277,19.1,34,2366
Eplpa,244,472,272,19.0,34,1806
Eplpa,245,466,273,18.1,34,801
Eplpa,246,469,274,18.0,34,2254
Eplpa,247,467,274,18.0,34,1458
Eplpa,248,469,275,19.0,34,2572
Eplpa,249,467,278,18.2,34,2119
Eplpa,250,472,279,19.0,34,1971
Eplpa,251,465,281,18.1,34,2661
Eplpa,252,472,282,19.0,34,2065
Eplpa,253,470,281,18.1,34,1210
Eplpa,254,470,281,18.1,34,2483
Eplpa,255,474,278,19.0,34,2584
Eplpa,256,471,276,18.0,34,2354
Eplpa,257,467,274,17.0,34,2185
Eplpa,258,462,276,17.0,34,4688
Eplpa,259,462,273,17.0,34,615
Eplpa,260,460,275,17.0,34,4189
Eplpa,261,461,277,17.0,34,3978
Eplpa,262,466,276,18.1,34,1087
Eplpa,263,466,278,19.0,34,2323
Eplpa,264,463,276,18.1,34,4245
Eplpa,265,468,279,19.1,34,1439
Eplpa,266,468,279,19.1,34,3975
Eplpa,267,466,278,20.0,34,4395
Eplpa,268,466,281,19.0,29,2001
Eplpa,269,468,283,19.1,34,2285
Eplpa,270,469,285,18.1,29,4552
Eplpa,271,470,286,19.0,34,1079
Eplpa,272,473,286,18.0,34,4318
Eplpa,273,474,286,19.1,31,3506
Eplpa,274,471,287,18.0,34,2834
Eplpp,191,484,268,20.8,31,-1195
Eplpp,192,484,267,21.1,33,1100
Eplpp,193,480,266,21.2,35,-933
Eplpp,194,482,268,21.2,35,159
Eplpp,195,477,264,21.1,35,893
Eplpp,196,473,259,22.0,35,-286
Eplpp,197,474,262,22.1,35,634
Eplpp,198,468,263,23.0,35,-750
Eplpp,199,464,263,22.2,35,-1317
Eplpp,200,467,256,22.1,35,-777
Eplpp,201,467,260,22.0,35,-43
Eplpp,202,464,262,22.1,35,745
Eplpp,203,469,261,22.1,35,2242
Eplpp,204,469,259,23.0,35,-497
Eplpp,205,471,268,22.1,35,-277
Eplpp,206,471,269,22.1,35,101
Eplpp,207,468,270,22.1,35,-91
Eplpp,208,468,262,21.2,35,-104
Eplpp,209,470,266,22.0,35,860
Eplpp,210,471,263,21.1,35,-162
Eplpp,211,471,265,20.2,35,1033
Eplpp,212,470,263,21.1,35,362
Eplpp,213,470,265,21.1,35,296
Eplpp,214,467,265,21.0,35,-453
Eplpp,215,463,262,21.0,35,1658
Eplpp,216,462,268,21.0,35,707
Eplpp,217,464,268,20.2,35,999
Eplpp,218,464,257,21.1,35,-597
Eplpp,219,461,262,20.1,35,210
Eplpp,220,458,271,20.0,35,798
Eplpp,221,459,269,20.1,35,1224
Eplpp,222,462,268,20.1,35,531
Eplpp,223,463,264,21.0,35,2109
Eplpp,224,459,265,21.0,35,1182
Eplpp,225,459,273,20.0,35,764
Eplpp,226,460,267,21.0,35,375
Eplpp,227,458,271,20.0,29,422
Eplpp,228,461,273,21.0,35,1124
Eplpp,229,461,274,21.0,34,1124
Eplpp,230,460,275,21.0,33,935
Eplpp,231,459,276,21.0,32,1370
Eplpp,232,458,277,21.0,31,1527
Eplpp,233,457,278,21.0,29,574
Eplpp,234,457,277,21.0,35,1435
Eplpp,235,461,281,21.0,34,2428
Eplpp,236,463,283,20.1,34,-728
Eplpp,237,463,283,20.1,34,1834
Eplpp,238,467,276,22.0,34,1342
Eplpp,239,467,275,22.0,34,2691
Eplpp,240,467,274,22.0,34,2153
Eplpp,241,467,273,22.0,34,1605
Eplpp,242,467,271,22.1,34,1104
Eplpp,243,467,270,22.1,34,1449
Eplpp,244,467,269,22.1,34,1397
Eplpp,245,466,267,22.1,34,1410
Eplpp,246,470,266,22.0,34,3776
Eplpp,247,468,264,22.1,34,2362
Eplpp,248,468,264,22.1,34,1735
Eplpp,249,473,274,21.1,34,2047
Eplpp,250,473,276,21.1,34,1870
Eplpp,251,471,279,21.0,34,255
Eplpp,252,474,279,21.0,34,909
Eplpp,253,475,276,21.0,29,2557
Eplpp,254,475,276,21.0,29,1393
Eplpp,255,476,274,21.0,34,34
Eplpp,256,476,274,21.0,34,1831
Eplpp,257,475,275,21.1,34,35
Eplpp,258,471,276,21.6,34,1647
Eplpp,259,466,277,22.0,34,968
Eplpp,260,469,276,22.1,34,1678
Eplpp,261,468,270,21.9,29,2604
Eplpp,262,472,276,22.0,29,1260
Eplpp,263,467,276,22.1,34,3067
Eplpp,264,467,276,22.0,34,2672
Eplpp,265,468,277,21.9,34,1012
Eplpp,266,468,278,21.8,34,2654
Eplpp,267,469,279,21.8,34,3992
Eplpp,268,469,280,21.7,34,3700
Eplpp,269,470,281,21.6,34,2540
Eplpp,270,471,282,21.5,34,3472
Eplpp,271,472,284,21.5,34,1441
Eplpp,272,478,287,21.0,34,940
Eplpp,273,478,287,21.0,34,3742
Eplpp,274,474,287,20.0,34,2971
Epr,73,437,261,18.1,51,-282
Epr,74,432,242,18.0,50,-61
Epr,75,433,242,18.2,56,-74
Epr,76,437,239,19.1,52,40
Epr,77,448,224,20.1,49,-582
Epr,78,451,227,19.4,53,530
Epr,79,447,229,19.2,53,496
Epr,80,447,241,20.0,49,514
Epr,81,446,240,19.3,52,-413
Epr,82,445,250,20.1,56,-665
Epr,83,442,254,20.1,54,489
Epr,84,443,261,20.1,52,-112
Epr,85,437,267,20.2,54,167
Epr,86,435,264,20.2,56,110
Epr,87,437,264,20.1,54,-685
Epr,88,442,265,19.2,52,228
Epr,89,445,272,19.3,53,482
Epr,90,446,265,19.1,51,339
Epr,91,450,262,19.1,53,115
Epr,92,453,257,20.0,52,50
Epr,93,463,261,20.1,50,497
Epr,94,457,250,21.0,47,39
Epr,95,453,243,20.1,45,474
Epr,96,448,243,21.0,44,319
Epr,97,450,247,20.1,44,575
Epr,98,447,249,20.1,44,6
Epr,99,435,249,19.1,45,-851
Epr,100,435,246,20.0,46,-237
Epr,101,441,248,20.0,46,196
Epr,102,444,244,20.0,46,200
Epr,103,436,253,19.1,46,553
Epr,104,436,250,19.0,46,-183
Epr,105,437,253,19.1,46,2201
Epr,106,437,253,19.1,46,-760
Epr,107,441,252,18.2,46,986
Epr,108,439,253,19.1,46,-223
Epr,109,439,252,20.0,46,1728
Epr,110,444,246,19.1,46,-48
Epr,111,443,244,19.1,46,-973
Epr,112,445,247,19.0,46,702
Epr,113,449,243,18.3,47,227
Epr,114,450,236,18.2,48,-78
Epr,115,445,228,19.0,44,-573
Epr,116,442,226,19.0,44,491
Epra,117,419,218,19.0,44,-447
Epra,118,416,214,18.2,40,-12
Epra,119,416,210,19.0,44,28
Epra,120,415,207,19.0,44,17
Epra,121,409,205,18.0,44,99
Epra,122,403,203,18.0,44,1176
Epra,123,401,200,18.0,43,232
Epra,124,401,209,17.1,44,327
Epra,125,406,208,17.2,44,558
Epra,126,407,211,17.0,43,190
Epra,127,412,210,17.1,43,-63
Epra,128,407,217,16.2,42,-848
Epra,129,405,219,15.1,41,290
Epra,130,403,220,15.0,41,-528
Epra,131,401,208,16.0,41,58
Epra,132,407,204,15.1,40,-141
Epra,133,401,205,15.1,39,-164
Epra,134,399,212,15.0,39,-465
Epra,135,398,216,14.0,40,403
Epra,136,403,217,14.1,40,-740
Epra,137,401,215,14.1,40,-114
Epra,138,402,214,15.0,40,-88
Epra,139,397,216,15.0,40,252
Epra,140,398,207,15.0,40,-464
Epra,141,398,207,14.2,40,-534
Epra,142,396,208,14.1,40,-307
Epra,143,396,205,13.3,40,-752
Epra,144,396,205,14.0,40,-596
Epra,145,397,201,14.0,40,-517
Epra,146,395,203,14.1,40,-45
Epra,147,396,200,15.1,40,-1021
Epra,148,398,203,14.2,40,-900
Epra,149,397,201,14.1,40,-49
Epra,150,397,206,14.1,40,-637
Epra,151,397,206,14.1,40,24
Epra,152,392,217,14.1,40,208
Epra,153,394,219,13.3,40,391
Epra,154,392,222,14.1,40,-253
Epra,155,388,219,14.1,40,-832
Epra,156,386,219,14.1,40,399
Epra,157,384,219,14.2,40,43
Epra,158,384,224,15.0,40,152
Epra,159,384,216,15.0,40,496
Epra,160,389,212,14.3,40,476
Epra,161,396,213,14.2,40,548
Epra,162,397,216,15.0,40,101
Epra,163,397,214,15.0,40,-638
Epra,164,397,211,15.0,40,-413
Epra,165,400,211,14.2,40,102
Epra,166,398,208,14.1,40,372
Epra,167,400,209,14.1,40,595
Epra,168,403,210,14.2,40,78
Epra,169,393,208,14.1,39,-447
Epra,170,403,204,14.1,38,35
Epra,171,399,201,14.2,37,776
Epra,172,393,207,14.1,36,821
Epra,173,393,210,14.1,36,-35
Epra,174,392,213,15.0,35,1358
Epra,175,395,209,14.1,35,-35
Epra,176,402,210,14.1,35,385
Epra,177,402,207,14.1,35,589
Epra,178,392,206,14.1,35,731
Epra,179,401,207,14.1,35,-1331
Epra,180,398,198,15.0,35,-468
Epra,181,391,200,15.0,35,175
Epra,182,393,197,15.0,35,390
Epra,183,411,203,16.0,35,616
Epra,184,406,201,15.0,35,610
Epra,185,410,198,15.0,35,2216
Epra,186,408,198,15.0,35,477
Epra,187,412,196,14.2,35,1095
Epra,188,409,203,15.0,35,1603
Epra,189,410,201,14.2,35,1166
Epra,190,407,204,14.1,33,1834
Epraa,191,406,202,13.3,29,2596
Epraa,192,373,193,13.3,35,1248
Epraa,193,366,194,13.0,31,1400
Epraa,194,362,195,13.0,31,1948
Epraa,195,357,199,13.2,35,1575
Epraa,196,359,198,13.3,35,2678
Epraa,197,358,196,13.1,35,274
Epraa,198,359,198,13.1,35,605
Epraa,199,356,195,13.2,35,1010
Epraa,200,358,195,13.1,35,1796
Epraa,201,357,197,13.0,35,2394
Epraa,202,361,198,13.1,35,732
Epraa,203,357,201,13.0,35,309
Epraa,204,362,206,13.1,35,1675
Epraa,205,360,208,12.3,35,1559
Epraa,206,365,211,13.1,35,3648
Epraa,207,365,213,13.1,35,460
Epraa,208,366,214,13.2,35,2118
Epraa,209,366,217,13.0,35,3177
Epraa,210,368,220,13.1,35,1530
Epraa,211,373,224,12.4,35,3027
Epraa,212,371,225,12.2,35,1338
Epraa,213,373,227,12.2,35,1457
Epraa,214,373,231,13.1,35,2333
Epraa,215,378,232,13.1,35,1695
Epraa,216,379,228,13.1,35,3442
Epraa,217,380,231,12.3,35,2787
Epraa,218,382,230,12.2,35,2085
Epraa,219,378,231,12.3,35,2490
Epraa,220,384,231,12.1,35,1982
Epraa,221,381,227,12.2,35,3046
Epraa,222,385,229,13.0,35,1739
Epraa,223,385,229,13.1,35,3082
Epraa,224,383,228,13.1,35,3144
Epraa,225,388,227,13.0,35,2257
Epraa,226,386,227,13.0,35,-254
Epraa,227,386,225,12.1,35,3426
Epraa,228,388,229,12.1,35,3190
Epraa,229,389,229,13.1,35,2029
Epraa,230,387,232,13.1,35,3270
Epraa,231,388,230,13.0,35,3606
Epraa,232,394,229,13.0,35,3757
Epraa,233,396,233,13.1,35,5228
Epraa,234,392,235,12.2,35,3525
Epraa,235,394,231,13.0,34,5079
Epraa,236,393,233,12.2,34,4613
Epraa,237,392,233,12.2,34,3942
Epraa,238,390,234,12.2,34,2053
Epraa,239,391,239,12.2,34,3146
Epraa,240,392,239,13.2,34,4851
Epraa,241,393,237,13.1,34,3489
Epraa,242,390,237,13.0,34,3972
Epraa,243,387,239,13.0,34,5905
Epraa,244,388,237,13.1,34,3504
Epraa,245,386,239,13.1,34,5331
Epraa,246,386,240,12.2,34,4949
Epraa,247,387,239,12.2,34,5695
Epraa,248,384,238,13.0,34,7637
Epraa,249,390,235,13.1,34,3718
Epraa,250,389,237,13.1,34,7415
Epraa,251,386,235,13.0,34,5763
Epraa,252,386,235,13.1,34,7107
Epraa,253,388,236,13.1,34,5166
Epraa,254,391,236,14.1,34,5948
Epraa,255,387,234,13.1,34,7363
Epraa,256,386,233,13.2,34,6545
Epraa,257,389,231,13.2,34,4631
Epraa,258,390,233,13.1,34,5867
Epraa,259,387,229,13.1,34,8244
Epraa,260,386,227,13.1,34,6176
Epraa,261,389,229,13.1,34,6856
Epraa,262,390,229,13.1,34,8371
Epraa,263,390,230,13.2,34,7092
Epraa,264,390,226,13.1,34,6099
Epraa,265,390,228,13.2,34,5182
Epraa,266,391,232,13.1,34,4365
Epraa,267,389,233,13.1,34,5053
Epraa,268,393,231,13.0,34,6726
Epraa,269,388,235,13.0,34,8007
Epraa,270,392,232,13.0,34,8735
Epraa,271,394,232,12.2,34,8038
Epraa,272,392,229,12.1,34,8135
Epraa,273,398,228,11.4,31,7505
Epraa,274,394,229,12.1,34,7711
Eprap,191,405,202,14.9,31,1478
Eprap,192,425,215,16.0,31,1628
Eprap,193,428,216,16.1,31,2598
Eprap,194,428,217,16.1,31,1438
Eprap,195,429,220,15.3,35,1678
Eprap,196,426,223,16.1,35,787
Eprap,197,425,224,17.1,35,-401
Eprap,198,433,225,16.2,35,1552
Eprap,199,430,223,16.2,35,1520
Eprap,200,432,220,16.2,35,1245
Eprap,201,423,221,16.1,35,472
Eprap,202,422,220,16.2,35,1656
Eprap,203,421,223,16.1,35,1745
Eprap,204,422,224,16.2,35,195
Eprap,205,418,223,16.1,35,952
Eprap,206,422,229,16.1,35,2348
Eprap,207,425,230,16.2,35,3043
Eprap,208,424,232,16.2,35,2316
Eprap,209,424,233,16.1,35,3416
Eprap,210,424,236,16.1,35,1927
Eprap,211,425,240,16.1,35,352
Eprap,212,426,239,16.0,35,1330
Eprap,213,420,242,16.1,35,1153
Eprap,214,423,237,16.1,35,2238
Eprap,215,423,238,16.1,35,2407
Eprap,216,425,239,16.1,35,3113
Eprap,217,426,237,15.2,35,1576
Eprap,218,426,238,16.0,35,1845
Eprap,219,426,236,15.1,35,2442
Eprap,220,427,237,16.0,35,671
Eprap,221,431,236,16.0,35,3431
Eprap,222,427,234,15.1,35,959
Eprap,223,427,235,16.0,35,3490
Eprap,224,425,239,15.1,35,3814
Eprap,225,425,238,16.1,35,4657
Eprap,226,425,240,16.0,35,3915
Eprap,227,428,237,16.0,35,1974
Eprap,228,429,238,17.1,35,2246
Eprap,229,428,239,16.1,35,1742
Eprap,230,423,239,16.0,35,3539
Eprap,231,427,239,16.2,35,2842
Eprap,232,429,240,17.1,35,3383
Eprap,233,429,239,17.1,35,2593
Eprap,234,431,238,16.1,35,3566
Eprap,235,430,240,15.3,34,2124
Eprap,236,439,243,17.1,34,4033
Eprap,237,429,244,17.0,34,3412
Eprap,238,429,241,16.1,34,2843
Eprap,239,433,241,17.0,34,4505
Eprap,240,434,244,17.1,34,3530
Eprap,241,436,245,15.3,32,2052
Eprap,242,432,243,16.1,34,4962
Eprap,243,433,242,16.1,34,3946
Eprap,244,436,241,16.1,34,3153
Eprap,245,435,241,17.0,34,5051
Eprap,246,436,244,15.1,34,4125
Eprap,247,436,243,15.2,34,3239
Eprap,248,435,244,15.2,34,4339
Eprap,249,436,245,16.1,34,6043
Eprap,250,435,245,17.0,34,3685
Eprap,251,437,244,17.0,34,4861
Eprap,252,437,243,17.0,34,5398
Eprap,253,437,245,15.2,34,1631
Eprap,254,438,244,16.0,34,5447
Eprap,255,442,241,15.2,34,4454
Eprap,256,445,242,16.1,34,5325
Eprap,257,445,241,16.1,34,6229
Eprap,258,444,239,16.0,34,6446
Eprap,259,443,237,16.0,34,6595
Eprap,260,447,238,15.1,34,5065
Eprap,261,449,238,17.0,34,5378
Eprap,262,447,242,15.1,34,4763
Eprap,263,444,241,15.2,34,8521
Eprap,264,450,237,15.1,34,6572
Eprap,265,448,240,15.1,34,6198
Eprap,266,452,239,15.1,34,6776
Eprap,267,450,239,15.2,34,7104
Eprap,268,452,240,14.2,34,8916
Eprap,269,454,239,15.1,32,6856
Eprap,270,454,239,15.1,32,9828
Eprap,271,454,237,15.1,34,6551
Eprap,272,455,236,15.0,34,8578
Eprap,273,453,234,15.1,31,6448
Eprap,274,458,232,15.1,34,6282
Eprp,117,470,239,18.1,36,-429
Eprp,118,480,242,17.2,34,863
Eprp,119,488,246,18.1,40,153
Eprp,120,495,239,18.1,44,61
Eprp,121,501,238,18.1,44,138
Eprp,122,506,236,18.0,44,357
Eprp,123,502,235,18.9,43,-302
Eprp,124,496,238,19.0,42,-1062
Eprp,125,497,241,18.1,42,455
Eprp,126,498,248,18.2,43,266
Eprp,127,495,247,18.3,41,-70
Eprp,128,493,245,18.1,42,-1
Eprp,129,483,240,18.2,41,-180
Eprp,130,480,238,18.0,41,-78
Eprp,131,476,240,18.0,41,785
Eprp,132,474,239,18.1,40,-494
Eprp,133,469,238,18.0,39,-125
Eprp,134,469,232,18.1,39,-1374
Eprp,135,461,232,17.2,40,474
Eprp,136,465,234,17.3,40,657
Eprp,137,466,230,17.2,40,18
Eprp,138,472,231,17.1,40,-342
Eprp,139,473,230,17.1,40,421
Eprp,140,474,225,17.0,40,873
Eprp,141,471,228,16.0,40,-324
Eprp,142,470,224,16.0,40,-673
Eprp,143,469,224,15.1,40,-681
Eprp,144,476,231,15.2,40,139
Eprp,145,479,235,15.1,40,-600
Eprp,146,480,231,15.3,40,12
Eprp,147,482,232,15.3,40,77
Eprp,148,478,231,16.0,40,133
Eprp,149,477,228,16.1,40,386
Eprp,150,475,229,16.1,40,-8
Eprp,151,474,225,16.1,40,755
Eprp,152,478,228,15.3,40,393
Eprp,153,479,233,16.0,40,-290
Eprp,154,478,228,15.1,40,412
Eprp,155,475,228,15.2,40,379
Eprp,156,472,230,16.1,40,458
Eprp,157,476,228,15.2,40,-216
Eprp,158,475,229,16.0,40,891
Eprp,159,472,233,15.1,40,27
Eprp,160,466,236,14.2,40,-273
Eprp,161,465,236,15.1,40,-381
Eprp,162,473,234,15.1,40,1186
Eprp,163,474,228,15.0,40,268
Eprp,164,475,227,15.2,40,349
Eprp,165,474,231,15.3,40,52
Eprp,166,476,225,16.1,40,-266
Eprp,167,479,225,16.0,40,674
Eprp,168,473,226,15.3,40,429
Eprp,169,476,224,16.1,39,86
Eprp,170,476,226,17.0,38,852
Eprp,171,478,218,16.2,37,-289
Eprp,172,476,220,16.1,36,-130
Eprp,173,484,214,16.1,36,1652
Eprp,174,483,212,15.1,35,97
Eprp,175,490,215,15.1,35,1195
Eprp,176,490,214,14.1,35,1395
Eprp,177,488,215,15.0,35,-319
Eprp,178,486,212,14.1,35,427
Eprp,179,485,213,14.1,35,-677
Eprp,180,472,213,14.2,35,-59
Eprp,181,473,211,14.2,35,165
Eprp,182,477,217,15.0,35,455
Eprp,183,474,212,16.0,35,-332
Eprp,184,477,209,16.0,35,-641
Eprp,185,480,214,16.1,35,997
Eprp,186,487,213,15.2,35,-41
Eprp,187,486,218,15.1,35,-162
Eprp,188,484,216,15.1,35,1001
Eprp,189,480,214,16.0,35,439
Eprp,190,478,211,16.1,35,2162
Eprp,191,470,215,16.1,35,-70
Eprp,192,478,219,17.0,35,1183
Eprp,193,483,217,16.1,35,1064
Eprp,194,487,216,16.1,35,958
Eprp,195,480,228,15.2,35,-11
Eprp,196,472,238,16.1,35,2276
Eprpa,197,463,230,14.0,31,424
Eprpa,198,461,230,13.2,31,230
Eprpa,199,454,229,13.3,35,417
Eprpa,200,453,230,14.0,35,1174
Eprpa,201,451,232,14.1,35,1618
Eprpa,202,452,230,13.4,35,1067
Eprpa,203,453,236,14.1,35,1105
Eprpa,204,452,238,14.2,35,1762
Eprpa,205,454,236,14.2,35,1686
Eprpa,206,457,239,14.2,35,1327
Eprpa,207,456,240,15.1,35,1849
Eprpa,208,457,242,14.3,35,894
Eprpa,209,457,241,14.3,35,1105
Eprpa,210,459,246,15.0,35,805
Eprpa,211,461,244,15.0,35,1351
Eprpa,212,462,244,14.2,35,547
Eprpa,213,459,246,14.3,35,102
Eprpa,214,457,247,14.1,35,1413
Eprpa,215,457,248,14.1,35,2081
Eprpa,216,461,252,14.2,35,2212
Eprpa,217,461,250,15.0,35,2705
Eprpa,218,460,253,15.0,35,2747
Eprpa,219,460,252,15.1,35,2572
Eprpa,220,462,248,15.1,35,3607
Eprpa,221,464,249,15.1,35,1937
Eprpa,222,465,254,14.3,35,2204
Eprpa,223,459,247,15.1,35,2489
Eprpa,224,458,248,15.1,35,1937
Eprpa,225,461,245,15.2,35,1020
Eprpa,226,459,243,15.2,35,1962
Eprpa,227,464,245,15.2,35,1562
Eprpa,228,464,241,16.0,35,2220
Eprpa,229,463,241,16.2,35,5234
Eprpa,230,460,240,17.1,35,1363
Eprpa,231,465,237,16.2,35,3611
Eprpa,232,463,238,17.2,35,2752
Eprpa,233,467,239,17.0,35,2141
Eprpa,234,466,239,17.1,35,979
Eprpa,235,469,241,17.0,34,2464
Eprpa,236,465,240,17.1,34,1227
Eprpa,237,468,238,16.2,34,2620
Eprpa,238,465,238,17.0,34,2350
Eprpa,239,468,241,16.3,34,1252
Eprpa,240,469,239,17.0,34,1784
Eprpa,241,470,240,17.1,34,1778
Eprpa,242,468,242,17.0,34,2376
Eprpa,243,468,241,16.2,34,1122
Eprpa,244,468,239,17.1,34,2050
Eprpa,245,469,239,16.3,34,1923
Eprpa,246,465,235,17.1,34,3733
Eprpa,247,470,234,17.1,34,3808
Eprpa,248,463,235,17.2,34,2757
Eprpa,249,468,237,17.2,34,1458
Eprpa,250,469,240,17.1,34,3129
Eprpa,251,468,241,17.1,34,2833
Eprpa,252,471,243,17.2,34,4194
Eprpa,253,469,239,17.1,34,1878
Eprpa,254,469,233,17.1,34,3376
Eprpa,255,466,239,17.2,34,2808
Eprpa,256,466,239,17.2,34,2618
Eprpa,257,456,238,18.0,34,2050
Eprpa,258,455,239,18.1,34,3412
Eprpa,259,453,237,19.0,34,1342
Eprpa,260,452,235,19.1,34,3078
Eprpa,261,452,235,19.1,34,4022
Eprpa,262,452,236,18.1,34,4539
Eprpa,263,452,236,18.0,34,5516
Eprpa,264,452,236,18.0,34,2852
Eprpa,265,458,237,18.1,34,5011
Eprpa,266,452,239,17.0,34,4206
Eprpa,267,451,242,18.0,29,5338
Eprpa,268,457,238,16.1,34,6879
Eprpa,269,458,245,18.1,34,5062
Eprpa,270,461,242,17.1,34,6593
Eprpa,271,464,241,18.1,34,4548
Eprpa,272,464,245,18.0,29,4364
Eprpa,273,463,244,18.1,31,5860
Eprpa,274,464,241,19.0,34,3872
Eprpp,197,494,238,18.9,31,229
Eprpp,198,493,240,19.1,35,257
Eprpp,199,487,241,19.3,35,-781
Eprpp,200,486,241,20.0,35,579
Eprpp,201,481,242,19.2,35,645
Eprpp,202,481,238,20.2,35,110
Eprpp,203,481,239,19.2,35,1591
Eprpp,204,477,234,19.2,35,2547
Eprpp,205,477,235,19.1,35,-250
Eprpp,206,479,235,19.1,35,787
Eprpp,207,480,234,19.1,35,735
Eprpp,208,478,230,20.0,35,760
Eprpp,209,477,233,19.0,35,960
Eprpp,210,471,228,18.2,35,788
Eprpp,211,473,228,19.0,35,935
Eprpp,212,473,231,18.2,35,2072
Eprpp,213,464,240,17.0,35,617
Eprpp,214,461,239,18.0,35,3274
Eprpp,215,461,238,17.1,35,635
Eprpp,216,462,244,17.1,35,831
Eprpp,217,462,239,18.0,35,1546
Eprpp,218,459,237,19.0,35,855
Eprpp,219,458,236,18.1,35,958
Eprpp,220,458,239,18.0,35,2416
Eprpp,221,456,243,18.1,35,1366
Eprpp,222,450,243,18.1,35,2151
Eprpp,223,452,238,18.1,35,1728
Eprpp,224,449,241,18.0,35,1980
Eprpp,225,447,242,19.0,35,1539
Eprpp,226,454,239,19.1,35,770
Eprpp,227,455,237,19.1,35,1694
Eprpp,228,454,240,19.1,35,3200
Eprpp,229,454,239,19.1,35,673
Eprpp,230,449,239,20.1,35,2279
Eprpp,231,447,236,20.1,35,1435
Eprpp,232,446,240,21.0,35,2464
Eprpp,233,446,240,21.0,35,1980
Eprpp,234,449,241,21.0,35,379
Eprpp,235,448,245,21.1,34,2337
Eprpp,236,446,242,20.1,34,2640
Eprpp,237,446,242,21.0,34,-48
Eprpp,238,442,241,20.1,34,2453
Eprpp,239,444,245,20.2,34,2088
Eprpp,240,447,243,20.1,34,3337
Eprpp,241,445,249,21.1,34,2609
Eprpp,242,444,242,20.1,34,1455
Eprpp,243,449,239,21.0,34,1156
Eprpp,244,445,237,21.0,34,2353
Eprpp,245,446,240,20.1,34,2396
Eprpp,246,451,243,20.1,34,449
Eprpp,247,449,242,21.0,29,2188
Eprpp,248,448,243,20.1,34,2398
Eprpp,249,450,244,20.1,34,2194
Eprpp,250,447,242,21.0,34,2164
Eprpp,251,451,244,21.1,34,1745
Eprpp,252,449,246,20.2,34,1233
Eprpp,253,449,253,20.1,34,2556
Eprpp,254,449,256,21.0,34,1423
Eprpp,255,448,253,21.0,34,1110
Eprpp,256,446,255,21.0,34,2474
Eprpp,257,446,255,21.1,34,1045
Eprpp,258,448,251,22.1,34,1655
Eprpp,259,444,249,21.0,34,3591
Eprpp,260,441,252,21.0,34,482
Eprpp,261,441,249,22.0,34,2989
Eprpp,262,440,246,20.1,34,3886
Eprpp,263,443,248,21.1,34,1984
Eprpp,264,445,249,21.1,34,3331
Eprpp,265,446,243,21.1,34,3670
Eprpp,266,446,241,21.0,34,2956
Eprpp,267,449,245,21.1,34,2948
Eprpp,268,451,246,21.1,34,5703
Eprpp,269,452,249,20.1,34,4123
Eprpp,270,454,247,21.1,34,2856
Eprpp,271,458,244,20.0,34,2690
Eprpp,272,458,249,20.1,34,3135
Eprpp,273,460,251,21.0,31,2101
Eprpp,274,460,251,21.0,31,3667
P2,1,511,281,16.5,66,8
P2,2,534,290,18.2,72,-72
P2,3,532,289,19.2,76,31
P2,4,537,274,18.6,78,-64
P2,5,535,262,18.2,80,80
P2,6,522,244,18.1,82,2
P2,7,511,232,18.4,82,-150
P2,8,511,227,18.5,82,-109
P2,9,506,212,18.0,83,-174
P2,10,506,243,16.8,84,240
P2,11,505,276,15.8,84,137
P2,12,500,291,16.1,76,220
P2,13,499,286,16.2,72,324
P2,14,504,258,15.2,71,-91
C,15,502,257,14.7,68,-427
C,16,499,255,14.1,65,-347
C,17,496,253,13.6,61,765
C,18,493,251,13.1,58,87
C,19,490,249,12.5,55,132
C,20,487,247,12.0,51,-301
C,21,479,260,10.6,55,235
C,22,466,261,9.0,62,-164
C,23,452,270,9.3,57,-155
C,24,446,249,10.1,56,512
C,25,453,231,10.4,49,-432
C,26,442,227,10.2,48,197
C,27,440,228,10.4,49,150
C,28,439,217,11.2,50,23
C,29,442,208,10.2,51,354
C,30,438,220,11.5,50,-215
C,31,427,212,12.1,52,-591
C,32,418,227,11.1,57,195
C,33,415,229,12.1,56,24
C,34,413,229,12.1,46,787
C,35,411,228,12.0,36,-482
Ca,36,393,232,11.5,38,-698
Ca,37,375,237,11.0,40,-352
Ca,38,378,235,11.0,39,-72
Ca,39,382,232,11.0,38,781
Ca,40,368,234,11.1,46,-260
Ca,41,370,231,10.0,29,103
Ca,42,382,231,11.0,38,244
Ca,43,373,235,11.1,38,-934
Ca,44,370,229,10.1,37,274
Ca,45,379,232,10.0,40,-364
Ca,46,372,227,10.1,45,-230
Ca,47,375,229,11.0,46,-137
Ca,48,373,231,10.1,47,-433
Ca,49,376,240,10.1,52,-131
Ca,50,369,233,10.1,38,-114
Ca,51,376,233,10.1,55,-486
Ca,52,372,230,11.0,56,-355
Ca,53,371,228,11.1,57,39
Ca,54,370,226,11.2,59,19
Ca,55,366,220,11.8,58,-387
Ca,56,366,222,12.0,60,73
Ca,57,366,226,12.0,38,298
Ca,58,361,221,11.0,35,-608
Ca,59,386,247,12.0,37,-741
Ca,60,386,247,12.0,37,202
Caa,61,361,216,11.1,39,-1444
Caa,62,360,217,11.2,49,-219
Caa,63,361,220,11.1,54,-768
Caa,64,349,219,10.8,55,-710
Caa,65,341,210,10.9,52,-137
Caa,66,336,206,10.1,52,362
Caa,67,330,193,10.2,50,123
Caa,68,331,188,10.1,49,177
Caa,69,336,185,10.2,50,177
Caa,70,337,183,10.1,51,-7
Caa,71,337,180,9.1,52,145
Caa,72,343,175,9.1,53,286
Caa,73,341,179,9.3,53,-365
Caa,74,342,184,9.1,52,-12
Caa,75,348,185,10.1,52,150
Caa,76,343,188,9.4,52,-64
Caa,77,340,186,9.3,53,214
Caa,78,336,184,9.2,53,125
Caa,79,327,195,9.3,53,-355
Caa,80,335,199,9.3,53,202
Caa,81,338,205,9.2,52,-8
Caa,82,330,207,9.0,54,-281
Caa,83,336,216,9.2,54,385
Caa,84,339,219,9.3,54,37
Caa,85,345,225,9.2,54,311
Caa,86,347,225,9.2,54,-35
Caa,87,343,226,9.1,50,-271
Caa,88,347,228,9.1,34,-269
Caaa,89,323,215,10.1,32,-401
Caaa,90,321,202,9.4,37,-533
Caaa,91,322,198,9.2,41,167
Caaa,92,320,200,10.1,48,-104
Caaa,93,316,195,10.1,46,-386
Caaa,94,310,200,10.0,45,-480
Caaa,95,319,201,9.2,43,87
Caaa,96,323,205,9.2,44,-44
Caaa,97,324,207,9.1,44,-117
Caaa,98,329,204,8.3,42,-137
Caaa,99,340,202,9.2,45,985
Caaa,100,340,201,9.2,44,17
Caaa,101,345,207,9.1,44,-9
Caaa,102,349,212,8.3,44,18
Caaa,103,355,219,9.1,44,176
Caaa,104,357,221,8.3,46,-291
Caaa,105,362,231,8.4,46,917
Caaa,106,365,235,9.1,46,814
Caaa,107,360,241,9.0,44,-139
Caaa,108,363,242,8.3,46,-391
Caaa,109,364,251,9.1,46,-85
Caap,89,362,232,10.0,35,213
Caap,90,373,241,10.0,33,569
Caap,91,383,240,9.4,39,343
Caap,92,388,238,9.8,48,1069
Caap,93,400,237,9.4,42,481
Caap,94,409,244,10.1,43,564
Caap,95,425,250,10.9,41,743
Caap,96,430,258,10.9,40,-614
Caap,97,430,258,10.8,40,526
Caap,98,438,255,10.1,40,46
Caap,99,440,255,10.1,41,-392
Caap,100,443,257,9.9,42,684
Caap,101,449,262,9.9,42,-147
Caap,102,454,269,9.2,42,1033
Caap,103,451,278,9.1,42,310
Caap,104,452,279,9.0,42,-675
Caap,105,457,279,8.2,42,937
Caap,106,454,278,8.1,42,-122
Caap,107,453,282,8.1,42,-700
Caap,108,457,282,8.0,42,-158
Caap,109,454,283,8.1,42,-187
Cap,61,413,269,11.1,41,-296
Cap,62,418,273,12.1,51,321
Cap,63,435,276,12.3,50,301
Cap,64,447,274,11.9,55,281
Cap,65,450,264,10.9,52,-124
Cap,66,452,260,9.3,50,-474
Cap,67,447,251,9.2,48,-1122
Cap,68,441,253,8.2,47,314
Cap,69,445,259,8.2,50,-283
Cap,70,440,259,8.0,47,-292
Cap,71,435,246,8.2,50,895
Cap,72,441,249,8.3,53,25
Cap,73,444,244,8.3,53,208
Cap,74,445,249,9.0,52,-676
Cap,75,446,255,9.1,54,-541
Cap,76,445,260,9.0,54,54
Cap,77,439,265,8.3,53,298
Cap,78,441,277,8.2,53,-512
Cap,79,432,272,8.2,53,-112
Cap,80,433,281,8.3,53,639
Cap,81,441,288,9.0,54,-141
Cap,82,444,289,9.2,54,-532
Cap,83,444,291,9.2,54,-13
Cap,84,445,298,9.2,54,-399
Cap,85,441,305,9.2,52,111
Cap,86,434,303,8.5,52,469
Cap,87,426,305,9.0,52,355
Cap,88,421,301,8.5,52,-176
Cap,89,415,298,9.0,53,228
Cap,90,415,302,9.1,53,514
Cap,91,417,303,9.1,53,-300
Cap,92,420,294,9.0,34,-392
Cap,93,427,298,9.8,46,128
Capa,94,406,294,8.1,29,336
Capa,95,418,295,8.2,35,-1011
Capa,96,423,296,8.8,40,-512
Capa,97,421,299,8.9,40,-122
Capa,98,427,300,8.1,40,-125
Capa,99,427,299,8.1,43,641
Capa,100,417,298,8.0,42,504
Capa,101,415,302,8.0,42,-18
Capa,102,412,312,8.1,44,104
Capa,103,410,320,8.1,42,1082
Capa,104,409,324,9.0,42,-453
Capa,105,413,325,9.0,44,-417
Capa,106,408,327,9.1,42,-955
Capa,107,407,330,9.9,42,-51
Capa,108,411,332,9.1,42,-163
Capa,109,409,338,9.9,42,276
Capp,94,462,307,10.3,33,966
Capp,95,477,312,11.0,35,-334
Capp,96,483,315,12.0,40,480
Capp,97,488,317,12.9,40,-639
Capp,98,502,318,12.1,40,-51
Capp,99,505,325,11.9,41,86
Capp,100,507,328,12.0,42,722
Capp,101,505,333,12.1,42,-196
Capp,102,502,335,12.0,42,476
Capp,103,497,340,12.1,42,-48
Capp,104,503,335,12.0,42,-650
Capp,105,503,337,11.8,42,-67
Capp,106,500,338,11.8,42,-879
Capp,107,495,338,11.1,42,598
Capp,108,501,337,11.1,42,-32
Capp,109,503,331,11.1,42,51
Cp,36,433,232,11.5,38,443
Cp,37,455,236,11.0,40,-606
Cp,38,455,236,11.0,40,-769
Cp,39,464,230,12.1,40,307
Cp,40,475,233,11.1,48,-273
Cp,41,481,228,11.1,44,-143
Cp,42,486,229,11.1,38,-215
Cp,43,476,246,10.1,36,253
Cp,44,482,239,11.1,39,-499
Cp,45,479,236,12.0,42,380
Cp,46,490,225,12.0,45,285
Cp,47,484,221,13.1,46,-16
Cp,48,483,222,12.1,49,-780
Cp,49,486,222,12.2,52,13
Cp,50,483,224,12.1,57,-658
Cp,51,487,223,13.1,59,251
Cp,52,491,224,14.0,60,-58
Cp,53,483,216,14.0,61,-366
Cp,54,476,213,14.0,63,65
Cp,55,479,215,14.0,58,-444
Cp,56,479,210,13.1,56,-124
Cp,57,468,219,13.0,38,521
Cp,58,482,226,14.0,38,-403
Cp,59,467,196,11.1,35,50
Cp,60,508,252,13.1,40,-348
Cpa,61,476,193,10.1,43,-490
Cpa,62,483,192,10.0,42,-5
Cpa,63,476,196,8.6,54,231
Cpa,64,473,191,9.8,55,-201
Cpa,65,457,174,9.3,54,-237
Cpa,66,458,168,10.1,52,-331
Cpa,67,441,160,11.0,50,-499
Cpa,68,434,159,10.2,49,479
Cpa,69,445,161,11.1,50,-628
Cpa,70,437,158,11.2,51,-74
Cpa,71,437,150,12.0,52,-490
Cpa,72,443,148,12.1,53,-670
Cpa,73,443,152,12.1,53,-290
Cpa,74,450,159,11.2,52,-1002
Cpa,75,454,164,11.3,56,-87
Cpa,76,456,163,11.3,52,-513
Cpa,77,450,168,11.2,53,-80
Cpa,78,453,170,11.0,53,-210
Cpa,79,438,173,11.1,53,55
Cpa,80,444,171,12.0,53,-4
Cpa,81,439,182,11.1,56,-231
Cpa,82,442,185,11.2,56,384
Cpa,83,446,194,11.3,56,212
Cpa,84,448,198,11.3,56,-22
Cpa,85,449,204,11.1,56,-364
Cpa,86,449,200,11.1,56,-28
Cpa,87,445,204,11.0,50,303
Cpa,88,444,201,11.9,50,-409
Cpaa,89,436,172,10.9,49,324
Cpaa,90,430,168,10.8,49,-114
Cpaa,91,428,166,9.8,49,778
Cpaa,92,416,165,9.2,48,41
Cpaa,93,420,156,9.8,46,-311
Cpaa,94,418,160,9.0,43,459
Cpaa,95,430,158,9.0,43,1036
Cpaa,96,437,158,9.1,44,-306
Cpaa,97,438,162,9.0,42,-23
Cpaa,98,443,163,9.0,44,-665
Cpaa,99,449,169,9.1,45,-22
Cpaa,100,452,170,9.1,44,-326
Cpaa,101,452,172,9.2,44,-770
Cpaa,102,460,178,10.0,44,203
Cpaa,103,459,182,9.2,46,-516
Cpaa,104,457,181,9.4,46,258
Cpaa,105,458,184,9.3,46,516
Cpaa,106,461,178,10.0,46,187
Cpaa,107,459,189,9.3,46,901
Cpaa,108,461,190,9.3,46,361
Cpaa,109,462,184,10.1,46,252
Cpap,89,464,229,10.2,39,504
Cpap,90,473,230,10.0,47,101
Cpap,91,480,227,9.3,41,-582
Cpap,92,481,227,9.3,46,108
Cpap,93,487,223,9.8,46,-56
Cpap,94,489,231,9.1,43,934
Cpap,95,499,242,10.0,41,-181
Cpap,96,496,248,10.1,42,366
Cpap,97,497,254,10.3,42,549
Cpap,98,504,255,10.1,40,457
Cpap,99,505,263,10.2,43,-580
Cpap,100,511,269,10.1,42,561
Cpap,101,511,260,10.3,44,-203
Cpap,102,506,268,11.1,44,-464
Cpap,103,511,272,10.4,44,-737
Cpap,104,515,272,10.3,46,583
Cpap,105,520,269,10.4,44,-20
Cpap,106,514,266,10.2,44,-1330
Cpap,107,514,265,10.1,44,-676
Cpap,108,518,262,10.2,46,-406
Cpap,109,521,256,10.2,46,920
Cpp,61,513,260,12.0,43,-750
Cpp,62,523,274,11.2,53,-223
Cpp,63,519,295,12.2,54,319
Cpp,64,523,298,12.1,55,-265
Cpp,65,523,282,11.2,54,149
Cpp,66,521,281,10.3,50,-615
Cpp,67,517,263,11.1,50,785
Cpp,68,522,260,11.1,49,-714
Cpp,69,519,253,11.3,50,355
Cpp,70,522,258,11.3,51,-273
Cpp,71,524,256,12.1,52,-513
Cpp,72,524,262,12.2,53,-383
Cpp,73,523,258,12.2,53,83
Cpp,74,521,265,12.4,54,-177
Cpp,75,515,272,13.9,50,-485
Cpp,76,514,273,13.9,50,-135
Cpp,77,506,271,13.2,53,338
Cpp,78,508,282,13.2,53,-586
Cpp,79,502,281,13.2,53,145
Cpp,80,503,284,13.2,53,-51
Cpp,81,508,290,13.0,54,-172
Cpp,82,509,294,12.3,52,-288
Cpp,83,508,292,12.2,56,-138
Cpp,84,513,290,12.1,54,-239
Cpp,85,512,298,12.1,54,-634
Cpp,86,505,299,12.3,54,669
Cpp,87,503,298,12.2,52,-137
Cpp,88,504,290,12.9,50,-1012
Cpp,89,502,292,12.1,53,568
Cpp,90,504,295,12.3,53,92
Cpp,91,507,289,12.4,51,257
Cpp,92,513,286,12.8,48,396
Cppa,93,530,256,12.1,46,8
Cppa,94,535,251,13.1,43,620
Cppa,95,544,248,14.8,41,1030
Cppa,96,547,248,14.9,40,-452
Cppa,97,553,252,15.0,40,-134
Cppa,98,553,247,15.0,40,-29
Cppa,99,554,252,15.1,43,-61
Cppa,100,553,253,15.0,42,45
Cppa,101,553,251,15.1,44,177
Cppa,102,551,252,15.2,44,163
Cppa,103,551,261,15.0,42,1171
Cppa,104,551,251,15.8,42,325
Cppa,105,551,240,16.0,42,-673
Cppa,106,551,242,15.1,44,-162
Cppa,107,552,240,15.1,44,1215
Cppa,108,542,241,15.2,44,406
Cppa,109,542,237,16.0,46,-708
Cppp,93,519,316,13.0,46,99
Cppp,94,529,321,14.1,41,311
Cppp,95,534,324,14.1,41,-318
Cppp,96,534,330,15.1,40,491
Cppp,97,533,335,15.1,40,350
Cppp,98,534,345,16.0,40,-21
Cppp,99,532,346,16.9,41,-419
Cppp,100,530,352,16.9,42,731
Cppp,101,529,352,16.1,42,82
Cppp,102,531,350,16.1,42,-7
Cppp,103,524,353,16.1,42,-1179
Cppp,104,528,351,16.1,44,-8
Cppp,105,535,343,15.1,42,-365
Cppp,106,533,339,14.4,44,-462
Cppp,107,530,335,14.4,44,-355
Cppp,108,537,332,15.0,44,0
Cppp,109,539,321,14.3,44,-621
P3,15,508,268,16.2,69,-236
P3,16,512,279,17.1,66,-351
P3,17,517,290,18.1,63,280
P3,18,521,300,19.0,60,-174
P3,19,526,311,20.0,57,-130
P3,20,530,322,20.9,54,-414
P3,21,535,333,21.9,51,-333
P3,22,547,330,22.2,48,-128
P3,23,541,335,21.0,55,-162
P3,24,537,333,19.2,54,99
P3,25,540,329,18.1,49,482
P3,26,539,311,16.3,48,333
P3,27,548,311,16.4,49,-747
P3,28,552,298,16.4,50,157
P3,29,549,286,17.1,51,756
P3,30,546,274,16.2,50,80
P3,31,551,280,15.1,48,-477
P3,32,545,288,15.1,57,-8
P3,33,554,274,16.1,60,-428
P3,34,553,275,16.1,60,-182
P3,35,542,270,15.2,59,313
P3,36,545,275,16.0,58,451
P3,37,542,283,16.2,61,-127
P3,38,540,289,17.8,58,-116
P3,39,542,295,17.0,59,-523
P3,40,542,295,17.0,59,-46
P3,41,530,321,15.1,29,-393
P3,42,530,321,15.1,29,-503
D,43,542,283,17.0,27,664
D,44,542,283,17.0,27,-566
D,45,549,295,15.9,38,-536
D,46,547,291,15.9,41,-150
D,47,556,290,15.0,44,-299
D,48,560,287,14.2,47,-352
D,49,556,289,15.0,50,78
D,50,552,296,15.2,53,476
D,51,555,289,15.9,53,-436
D,52,557,291,16.1,54,115
D,53,554,296,16.0,55,256
D,54,553,301,15.9,57,-377
D,55,561,301,16.0,42,-242
D,56,551,302,16.9,56,-51
D,57,540,304,16.1,42,-626
D,58,549,304,16.9,57,17
D,59,550,308,17.7,59,-556
D,60,555,302,18.0,58,355
D,61,549,312,18.8,59,116
D,62,547,313,18.9,57,-393
D,63,545,316,19.0,56,-138
D,64,546,312,19.1,55,317
D,65,551,309,18.2,54,58
D,66,542,316,18.1,52,-271
D,67,544,318,18.0,50,-62
D,68,540,313,19.0,49,168
D,69,532,310,18.1,48,-282
D,70,521,322,19.0,47,822
D,71,516,324,18.1,50,-343
D,72,507,325,19.0,34,-1293
D,73,509,328,19.0,44,-90
Da,74,500,341,19.0,44,586
Da,75,490,355,19.0,44,295
Da,76,490,361,19.0,42,468
Da,77,491,367,19.0,39,303
Da,78,492,373,19.0,36,-902
Da,79,490,378,18.0,36,689
Da,80,486,381,17.0,36,171
Da,81,487,381,16.0,35,-211
Da,82,489,378,17.1,37,420
Da,83,486,376,16.0,35,1164
Da,84,480,378,17.0,33,-734
Da,85,471,376,18.0,37,220
Da,86,462,379,16.1,35,-580
Da,87,468,379,16.1,37,363
Da,88,468,376,15.1,37,546
Da,89,465,373,16.0,49,-735
Da,90,460,375,16.9,49,197
Da,91,459,369,16.9,49,-11
Da,92,463,373,17.1,36,222
Da,93,457,362,18.0,30,-665
Da,94,457,362,18.0,30,284
Da,95,457,362,18.1,30,-830
Da,96,457,362,18.2,31,-1526
Da,97,458,361,18.3,31,-549
Da,98,458,361,18.4,32,-530
Da,99,458,360,18.5,32,1132
Da,100,459,360,18.5,33,-652
Da,101,459,359,18.6,33,109
Da,102,459,359,18.7,34,-426
Da,103,460,358,18.8,34,32
Da,104,460,358,18.9,35,13
Da,105,461,357,19.0,36,-306
Da,106,462,359,19.0,38,-296
Da,107,464,361,19.0,40,-627
Da,108,466,364,19.0,42,-678
Da,109,473,362,18.1,44,-662
Dp,74,509,318,20.0,44,93
Dp,75,510,307,21.0,44,1944
Dp,76,518,304,21.2,42,-482
Dp,77,526,300,21.4,40,-113
Dp,78,534,296,21.6,37,-319
Dp,79,542,292,21.8,35,-1114
Dp,80,550,288,22.0,32,-232
Dp,81,550,288,22.0,32,-353
Dp,82,552,292,21.0,35,250
Dp,83,555,291,21.1,35,2037
Dp,84,557,293,20.2,35,635
Dp,85,557,293,20.2,35,424
Dp,86,548,312,21.1,37,-88
Dp,87,543,317,20.0,37,217
Dp,88,538,319,19.1,37,56
Dp,89,540,320,20.0,36,-534
Dp,90,535,321,20.0,49,-60
Dp,91,524,322,20.0,32,-1141
Dp,92,523,322,20.1,32,-34
Dp,93,522,323,20.2,32,-855
Dp,94,521,324,20.4,31,-809
Dp,95,520,325,20.5,31,-615
Dp,96,519,325,20.6,30,-321
Dp,97,518,326,20.7,30,-381
Dp,98,517,327,20.9,29,488
Dp,99,516,328,21.0,29,-1204
Dp,100,514,329,21.1,28,317
Dp,101,518,331,21.0,30,1098
Dp,102,520,329,21.0,30,-664
Dp,103,523,327,21.0,30,521
Dp,104,525,325,21.0,29,72
Dp,105,528,323,21.0,29,-140
Dp,106,531,321,21.0,28,-430
Dp,107,541,322,20.0,42,-255
Dp,108,549,315,20.0,30,244
P4,43,518,350,20.0,40,186
P4,44,518,349,20.4,40,367
P4,45,518,347,20.9,40,618
P4,46,518,346,21.3,40,-845
P4,47,518,344,21.7,40,-120
P4,48,518,343,22.1,40,-693
P4,49,518,341,22.6,40,-1001
P4,50,518,339,23.0,40,-318
P4,51,518,338,23.2,40,61
P4,52,517,336,23.3,40,-439
P4,53,516,334,23.5,40,146
P4,54,515,333,23.6,40,1042
P4,55,514,331,23.8,40,129
P4,56,513,329,23.9,40,59
P4,57,512,328,24.1,40,-429
P4,58,511,326,24.2,40,214
P4,59,510,324,24.4,40,-49
P4,60,509,323,24.5,40,688
P4,61,508,321,24.7,40,483
P4,62,507,319,24.8,40,-94
P4,63,506,317,25.0,40,1038
P4,64,502,317,25.1,40,-863
P4,65,497,318,25.2,40,-707
P4,66,492,318,25.2,40,536
P4,67,488,319,25.3,40,-1310
P4,68,483,320,25.4,40,598
P4,69,478,320,25.5,40,-523
P4,70,474,321,25.5,40,295
P4,71,469,321,25.6,40,-448
P4,72,464,322,25.7,40,-516
P4,73,460,323,25.8,40,504
P4,74,455,323,25.8,40,251
P4,75,450,324,25.9,40,-479
P4,76,445,325,26.0,40,-1279
P4,77,447,326,26.0,40,147
P4,78,449,328,26.0,40,88
P4,79,452,329,26.0,40,-342
P4,80,454,331,26.0,40,420
P4,81,456,332,26.0,40,637
P4,82,459,334,26.0,40,-932
P4,83,461,335,26.0,40,-647
P4,84,463,337,26.0,40,-180
P4,85,466,338,26.0,40,-492
P4,86,468,340,26.0,40,-630
P4,87,470,341,26.0,40,-480
P4,88,473,343,26.0,40,-703
