cell,time,x,y,z,size,blot
P0,1,394,241,14.0,58,-139
P0,2,418,249,14.0,58,-274
AB,3,363,237,14.0,52,-221
AB,4,353,243,15.1,62,-185
AB,5,342,250,16.2,72,118
AB,6,325,251,16.3,71,-338
AB,7,312,264,16.1,79,84
AB,8,307,256,15.3,87,-199
AB,9,287,244,13.3,95,-230
AB,10,280,246,15.3,99,-218
AB,11,284,244,16.0,98,-91
AB,12,276,241,16.0,87,58
AB,13,268,237,16.0,75,-144
AB,14,260,233,16.0,64,125
AB,15,251,229,16.0,52,-110
ABa,16,246,245,16.3,60,383
ABa,17,241,261,16.7,68,-102
ABa,18,235,278,17.0,77,-68
ABa,19,214,275,17.2,77,-11
ABa,20,180,272,17.3,83,188
ABa,21,175,262,17.0,82,13
ABa,22,187,254,16.1,85,102
ABa,23,195,251,16.4,89,225
ABa,24,193,250,16.1,87,-327
ABa,25,193,250,16.1,75,28
ABa,26,194,250,16.0,63,-300
ABa,27,195,250,16.0,51,-267
ABal,28,194,258,15.0,50,-108
ABal,29,192,266,14.0,48,-507
ABal,30,188,276,14.2,69,-384
ABal,31,176,279,14.0,68,-176
ABal,32,162,284,13.2,68,-44
ABal,33,162,276,13.1,62,-32
ABal,34,147,255,13.0,62,-302
ABal,35,154,271,14.0,62,-298
ABal,36,154,278,13.1,65,49
ABal,37,145,279,15.1,65,-1
ABal,38,159,269,14.1,43,428
ABal,39,161,254,15.6,47,451
ABal,40,163,239,17.0,51,-115
ABala,41,157,243,16.1,42,-478
ABala,42,150,247,15.1,33,30
ABala,43,156,225,17.1,50,184
ABala,44,147,224,18.0,48,-807
ABala,45,132,233,17.0,47,98
ABala,46,131,223,17.1,48,-368
ABala,47,132,217,18.1,49,-105
ABala,48,140,211,18.0,50,-146
ABala,49,132,205,16.0,50,-161
ABala,50,133,208,16.0,53,-1197
ABala,51,136,205,17.0,57,-651
ABala,52,135,198,17.0,58,-81
ABala,53,144,198,19.1,56,174
ABala,54,144,198,19.1,56,-28
ABala,55,157,199,19.0,36,-699
ABala,56,164,172,15.9,30,59
ABalaa,57,137,184,19.0,33,468
ABalaa,58,135,192,19.1,41,-179
ABalaa,59,131,189,18.2,44,140
ABalaa,60,136,183,21.0,47,255
ABalaa,61,142,190,21.0,49,-680
ABalaa,62,145,198,21.2,52,192
ABalaa,63,148,198,21.2,52,-499
ABalaa,64,150,198,23.0,52,-42
ABalaa,65,151,204,23.0,57,-102
ABalaa,66,150,199,22.1,61,-758
ABalaa,67,146,196,21.2,61,-500
ABalaa,68,150,196,22.0,61,-337
ABalaa,69,151,205,22.0,63,-833
ABalaa,70,145,204,21.3,64,-555
ABalaa,71,147,203,22.9,60,-459
ABalaa,72,148,194,22.2,65,-721
ABalaa,73,148,198,22.0,63,-331
ABalaa,74,150,202,22.9,62,-811
ABalaa,75,151,201,22.0,62,-55
ABalaa,76,149,197,21.9,61,-18
ABalaa,77,147,197,21.9,58,-845
ABalaaa,78,141,204,22.1,52,-239
ABalaaa,79,138,213,22.0,50,-608
ABalaaa,80,137,214,21.1,51,-271
ABalaaa,81,129,201,20.1,49,-654
ABalaaa,82,124,200,20.1,49,-628
ABalaaa,83,125,206,20.1,49,-237
ABalaaa,84,122,211,20.0,50,-1022
ABalaaa,85,121,208,19.9,51,-733
ABalaaa,86,119,209,19.1,52,529
ABalaaa,87,121,205,19.0,53,-708
ABalaaa,88,122,205,18.9,54,129
ABalaaa,89,122,201,19.2,54,-120
ABalaaa,90,121,199,19.1,54,1194
ABalaaa,91,123,204,18.8,54,165
ABalaaa,92,118,211,17.8,54,27
ABalaaa,93,123,212,18.0,54,855
ABalaaa,94,122,208,17.9,54,-418
ABalaaa,95,122,215,18.1,54,106
ABalaaa,96,118,216,17.2,54,-316
ABalaaa,97,120,210,18.0,53,-347
ABalaaa,98,121,206,18.1,53,-285
ABalaaa,99,123,208,17.2,53,111
ABalaaa,100,124,208,17.8,54,-491
ABalaaa,101,125,213,17.9,54,-1025
ABalaaa,102,131,216,17.2,53,-616
ABalaaa,103,126,202,18.7,51,195
ABalaaaa,104,118,228,20.0,48,-512
ABalaaaa,105,114,236,19.1,46,467
ABalaaaa,106,113,245,20.1,42,104
ABalaaaa,107,113,241,20.1,44,218
ABalaaaa,108,112,240,19.9,44,101
ABalaaaa,109,113,237,19.2,42,-319
ABalaaaa,110,112,229,19.8,44,190
ABalaaaa,111,115,236,20.1,44,-650
ABalaaaa,112,119,246,20.9,44,-170
ABalaaaa,113,121,255,21.0,44,-508
ABalaaaa,114,117,256,21.0,44,-568
ABalaaaa,115,120,261,21.1,44,435
ABalaaaa,116,113,250,20.0,44,-187
ABalaaaa,117,113,256,19.9,44,541
ABalaaaa,118,114,255,19.9,44,-120
ABalaaaa,119,116,256,20.0,44,398
ABalaaaa,120,117,259,19.9,44,282
ABalaaaa,121,116,261,19.9,44,296
ABalaaaa,122,115,252,19.0,44,35
ABalaaaa,123,113,256,18.2,44,-210
ABalaaaa,124,112,246,18.8,44,-646
ABalaaaa,125,115,235,17.1,44,-23
ABalaaaa,126,118,223,16.1,44,23
ABalaaaa,127,118,218,15.9,44,-87
ABalaaaa,128,116,217,15.1,44,-489
ABalaaaa,129,120,213,15.9,44,-557
ABalaaaa,130,119,212,15.0,43,-785
ABalaaaa,131,121,203,14.9,43,-204
ABalaaaa,132,121,207,14.1,42,-879
ABalaaaa,133,122,213,14.0,42,-182
ABalaaaa,134,123,212,14.2,43,508
ABalaaaa,135,128,217,14.4,42,-454
ABalaaaa,136,131,215,15.1,39,1273
ABalaaaa,137,132,213,15.9,38,344
ABalaaaal,138,128,221,14.5,29,1234
ABalaaaal,139,125,227,14.8,37,607
ABalaaaal,140,124,239,14.2,37,107
ABalaaaal,141,120,242,14.1,37,699
ABalaaaal,142,118,249,14.1,37,353
ABalaaaal,143,114,256,14.0,37,287
ABalaaaal,144,114,258,13.8,37,-226
ABalaaaal,145,113,260,14.0,37,834
ABalaaaal,146,114,260,13.2,37,2368
ABalaaaal,147,115,263,13.0,37,-184
ABalaaaal,148,115,268,13.1,37,216
ABalaaaal,149,118,270,13.0,37,-440
ABalaaaal,150,117,269,12.8,37,-7
ABalaaaal,151,117,268,13.1,37,1420
ABalaaaal,152,120,263,13.1,37,346
ABalaaaal,153,115,267,13.2,37,-88
ABalaaaal,154,114,270,13.8,37,127
ABalaaaal,155,116,274,14.1,37,611
ABalaaaal,156,118,277,14.1,39,1046
ABalaaaal,157,118,282,14.2,37,-993
ABalaaaal,158,120,291,14.2,37,822
ABalaaaal,159,123,294,14.0,37,181
ABalaaaal,160,126,299,14.0,37,-800
ABalaaaal,161,129,302,13.2,37,802
ABalaaaal,162,130,302,13.2,37,-487
ABalaaaal,163,134,300,13.0,37,-966
ABalaaaal,164,130,299,12.8,37,-17
ABalaaaal,165,130,294,12.8,37,-129
ABalaaaal,166,121,287,13.2,37,360
ABalaaaal,167,120,291,13.1,37,-388
ABalaaaal,168,124,298,14.0,38,112
ABalaaaal,169,129,303,13.9,36,1870
ABalaaaal,170,130,303,13.2,39,-879
ABalaaaal,171,129,300,12.5,37,-349
ABalaaaal,172,123,296,13.5,36,-326
ABalaaaal,173,126,309,14.2,37,1391
ABalaaaal,174,129,313,14.4,36,421
ABalaaaal,175,128,308,14.2,35,-746
ABalaaaal,176,133,303,13.3,35,-868
ABalaaaal,177,135,304,14.1,35,615
ABalaaaal,178,139,304,14.1,31,-248
ABalaaaal,179,140,305,14.0,33,-255
ABalaaaal,180,144,311,14.1,33,424
ABalaaaala,181,132,292,14.0,31,103
ABalaaaala,182,134,295,12.5,29,793
ABalaaaala,183,132,293,13.1,33,936
ABalaaaala,184,131,299,13.1,31,307
ABalaaaala,185,129,299,13.3,33,-126
ABalaaaala,186,125,306,14.1,35,364
ABalaaaala,187,126,311,14.1,35,864
ABalaaaala,188,127,317,14.2,33,1030
ABalaaaala,189,130,315,14.1,35,959
ABalaaaala,190,130,315,14.2,33,1628
ABalaaaala,191,132,306,14.3,33,8
ABalaaaala,192,129,309,15.1,31,752
ABalaaaala,193,128,310,15.2,35,-770
ABalaaaala,194,129,305,16.0,35,65
ABalaaaala,195,127,310,16.2,33,114
ABalaaaala,196,130,312,16.1,35,-208
ABalaaaala,197,132,309,17.0,35,746
ABalaaaala,198,130,310,16.2,35,1310
ABalaaaala,199,135,315,16.3,35,799
ABalaaaala,200,137,312,17.1,33,191
ABalaaaala,201,131,309,17.1,35,1417
ABalaaaala,202,130,310,17.1,32,1780
ABalaaaala,203,131,316,17.3,34,1627
ABalaaaala,204,133,319,17.3,34,260
ABalaaaala,205,133,315,18.1,34,803
ABalaaaalp,181,154,328,13.9,31,1590
ABalaaaalp,182,152,338,14.9,31,676
ABalaaaalp,183,152,336,14.4,35,223
ABalaaaalp,184,149,340,15.1,31,1449
ABalaaaalp,185,150,343,16.0,31,3140
ABalaaaalp,186,146,347,16.1,33,783
ABalaaaalp,187,147,345,16.5,33,671
ABalaaaalp,188,151,347,17.9,31,2012
ABalaaaalp,189,153,344,17.1,35,-288
ABalaaaalp,190,149,341,17.1,31,1515
ABalaaaalp,191,145,340,17.3,33,230
ABalaaaalp,192,147,341,18.1,35,421
ABalaaaalp,193,146,341,18.0,31,1032
ABalaaaalp,194,147,342,17.3,33,228
ABalaaaalp,195,148,342,18.1,35,1106
ABalaaaalp,196,149,338,18.2,35,736
ABalaaaalp,197,148,340,18.3,33,599
ABalaaaalp,198,150,337,19.0,33,1171
ABalaaaalp,199,150,339,18.2,35,424
ABalaaaalp,200,155,344,19.0,33,-232
ABalaaaalp,201,150,338,18.2,35,208
ABalaaaalp,202,154,337,19.1,32,-32
ABalaaaalp,203,154,336,19.3,32,23
ABalaaaalp,204,154,343,19.2,34,1354
ABalaaaalp,205,155,343,19.1,34,542
ABalaaaar,138,125,209,17.2,37,-624
ABalaaaar,139,125,197,18.0,37,310
ABalaaaar,140,119,209,18.1,37,402
ABalaaaar,141,116,213,18.1,37,-996
ABalaaaar,142,111,217,18.1,37,116
ABalaaaar,143,113,217,18.0,37,401
ABalaaaar,144,111,217,17.9,37,-513
ABalaaaar,145,110,213,18.0,37,-204
ABalaaaar,146,110,210,16.9,37,-923
ABalaaaar,147,109,214,17.0,39,405
ABalaaaar,148,109,216,16.2,37,338
ABalaaaar,149,109,214,16.0,37,-1224
ABalaaaar,150,108,215,16.8,37,282
ABalaaaar,151,109,219,16.8,37,337
ABalaaaar,152,110,222,16.2,39,-151
ABalaaaar,153,110,221,16.9,37,2211
ABalaaaar,154,109,222,16.0,37,791
ABalaaaar,155,107,221,16.9,37,1062
ABalaaaar,156,106,223,16.1,37,-333
ABalaaaar,157,107,229,16.9,37,483
ABalaaaar,158,108,240,17.0,37,1408
ABalaaaar,159,108,243,16.1,37,-1401
ABalaaaar,160,109,245,16.1,37,-581
ABalaaaar,161,108,249,15.8,37,886
ABalaaaar,162,108,251,15.1,37,-604
ABalaaaar,163,108,246,15.0,37,1094
ABalaaaar,164,108,248,14.4,39,545
ABalaaaar,165,110,236,14.9,37,670
ABalaaaar,166,108,232,15.0,37,-64
ABalaaaar,167,109,238,14.9,37,439
ABalaaaar,168,110,243,14.9,36,684
ABalaaaar,169,114,249,13.3,38,-610
ABalaaaar,170,115,253,13.2,37,-42
ABalaaaar,171,115,245,13.1,37,-60
ABalaaaar,172,109,238,14.3,36,-485
ABalaaaar,173,107,251,15.3,37,893
ABalaaaar,174,109,254,15.3,36,377
ABalaaaar,175,111,251,15.0,35,-1671
ABalaaaar,176,116,250,14.1,35,704
ABalaaaar,177,121,251,14.2,35,-13
ABalaaaar,178,126,255,14.1,33,-31
ABalaaaar,179,125,250,14.0,31,275
ABalaaaar,180,118,258,14.9,31,-683
ABalaaaarl,181,109,265,15.1,31,-384
ABalaaaarl,182,115,269,14.1,31,261
ABalaaaarl,183,113,261,14.2,33,127
ABalaaaarl,184,113,272,14.7,31,1224
ABalaaaarl,185,113,274,14.9,31,173
ABalaaaarl,186,111,277,15.2,33,-155
ABalaaaarl,187,111,281,15.9,31,1078
ABalaaaarl,188,111,280,15.3,33,1372
ABalaaaarl,189,113,278,15.9,31,-1056
ABalaaaarl,190,112,278,15.2,33,1205
ABalaaaarl,191,111,273,15.8,31,7
ABalaaaarl,192,112,277,15.4,35,285
ABalaaaarl,193,115,274,15.3,35,1875
ABalaaaarl,194,113,275,15.4,33,515
ABalaaaarl,195,113,272,16.1,35,1131
ABalaaaarl,196,111,271,16.3,33,1187
ABalaaaarl,197,112,267,17.1,33,632
ABalaaaarl,198,112,267,17.1,35,-676
ABalaaaarl,199,113,272,17.1,33,527
ABalaaaarl,200,110,268,17.1,35,295
ABalaaaarl,201,112,270,16.3,35,230
ABalaaaarl,202,110,267,17.1,32,680
ABalaaaarl,203,112,272,17.0,34,458
ABalaaaarl,204,113,279,16.2,34,359
ABalaaaarl,205,109,272,16.3,32,1353
ABalaaaarr,181,138,237,14.2,31,455
ABalaaaarr,182,143,234,13.9,31,-842
ABalaaaarr,183,144,229,13.9,31,1155
ABalaaaarr,184,141,230,14.0,35,557
ABalaaaarr,185,143,227,13.4,35,-500
ABalaaaarr,186,142,223,13.5,33,2110
ABalaaaarr,187,139,222,14.8,31,526
ABalaaaarr,188,136,224,14.3,35,615
ABalaaaarr,189,133,221,14.3,33,-1447
ABalaaaarr,190,129,217,15.2,35,-834
ABalaaaarr,191,129,216,15.3,35,-244
ABalaaaarr,192,124,219,16.1,35,-227
ABalaaaarr,193,125,219,16.2,33,384
ABalaaaarr,194,123,222,16.1,33,-190
ABalaaaarr,195,126,215,16.0,35,-1270
ABalaaaarr,196,124,211,16.3,35,1184
ABalaaaarr,197,118,214,17.2,35,1273
ABalaaaarr,198,119,211,17.2,35,-731
ABalaaaarr,199,120,214,17.2,35,511
ABalaaaarr,200,122,217,17.1,35,-617
ABalaaaarr,201,121,217,16.3,35,750
ABalaaaarr,202,118,219,17.1,32,190
ABalaaaarr,203,117,222,17.2,34,604
ABalaaaarr,204,116,220,17.4,32,1190
ABalaaaarr,205,113,225,17.9,30,-59
ABalaaap,104,142,197,17.3,46,-233
ABalaaap,105,144,204,16.8,46,-530
ABalaaap,106,139,204,17.1,44,169
ABalaaap,107,143,209,17.0,44,-397
ABalaaap,108,152,204,15.9,44,-864
ABalaaap,109,148,213,15.0,44,-426
ABalaaap,110,144,214,15.0,44,-687
ABalaaap,111,140,213,15.0,44,329
ABalaaap,112,143,217,15.1,44,-370
ABalaaap,113,147,216,15.8,44,-1114
ABalaaap,114,142,218,15.0,44,-268
ABalaaap,115,144,217,15.1,44,-538
ABalaaap,116,144,216,14.1,44,-119
ABalaaap,117,151,215,14.2,44,-480
ABalaaap,118,145,217,14.9,44,67
ABalaaap,119,143,217,14.9,44,-621
ABalaaap,120,146,220,14.1,44,10
ABalaaap,121,136,225,14.0,44,-447
ABalaaap,122,140,223,14.0,44,-196
ABalaaap,123,143,217,13.9,44,-135
ABalaaap,124,141,199,13.3,46,-328
ABalaaap,125,146,186,13.9,44,638
ABalaaap,126,152,175,13.1,44,567
ABalaaap,127,146,177,12.9,44,-51
ABalaaap,128,145,178,13.0,44,-16
ABalaaap,129,145,179,12.9,44,-106
ABalaaap,130,149,180,12.9,43,273
ABalaaap,131,153,173,13.0,43,-727
ABalaaap,132,153,171,13.0,42,661
ABalaaap,133,150,179,12.1,36,133
ABalaaap,134,156,175,12.1,41,-651
ABalaaapa,135,135,181,12.2,34,316
ABalaaapa,136,136,184,12.7,37,-412
ABalaaapa,137,136,181,11.9,38,-272
ABalaaapa,138,128,178,12.1,37,391
ABalaaapa,139,127,182,13.1,37,-238
ABalaaapa,140,126,194,13.1,37,-842
ABalaaapa,141,125,196,13.2,37,148
ABalaaapa,142,128,203,13.8,37,303
ABalaaapa,143,128,206,13.2,37,335
ABalaaapa,144,126,208,13.1,37,-14
ABalaaapa,145,127,207,13.1,39,685
ABalaaapa,146,128,205,12.7,37,55
ABalaaapa,147,124,207,12.2,37,190
ABalaaapa,148,125,206,12.2,37,150
ABalaaapa,149,126,208,12.0,37,-699
ABalaaapa,150,125,209,12.8,37,-1217
ABalaaapa,151,121,211,12.9,37,565
ABalaaapa,152,121,211,12.0,37,-1029
ABalaaapa,153,122,209,12.0,37,-78
ABalaaapa,154,121,211,12.0,37,626
ABalaaapa,155,120,221,12.1,37,224
ABalaaapa,156,117,228,12.1,37,-297
ABalaaapa,157,119,227,12.2,37,135
ABalaaapa,158,118,233,12.9,37,1376
ABalaaapa,159,117,234,12.8,37,816
ABalaaapa,160,117,239,12.1,37,-497
ABalaaapa,161,117,234,12.1,37,408
ABalaaapa,162,118,240,12.0,37,1331
ABalaaapa,163,119,241,11.4,39,-564
ABalaaapa,164,118,239,11.9,37,476
ABalaaapa,165,121,235,11.0,37,759
ABalaaapa,166,121,244,10.9,37,-201
ABalaaapa,167,124,242,10.8,37,1092
ABalaaapa,168,125,249,10.9,36,-133
ABalaaapa,169,125,249,10.4,38,428
ABalaaapa,170,130,250,10.0,39,-626
ABalaaapa,171,130,247,10.1,37,-936
ABalaaapa,172,123,242,11.1,36,-14
ABalaaapa,173,129,246,11.2,37,-815
ABalaaapa,174,131,246,11.2,32,1162
ABalaaapal,175,131,270,10.7,31,1140
ABalaaapal,176,130,266,9.5,33,-125
ABalaaapal,177,128,264,10.4,35,-35
ABalaaapal,178,127,268,10.3,29,-44
ABalaaapal,179,127,267,9.5,35,-577
ABalaaapal,180,126,275,10.1,31,1914
ABalaaapal,181,123,273,9.5,29,270
ABalaaapal,182,123,273,9.5,29,1855
ABalaaapal,183,129,270,9.3,35,-150
ABalaaapal,184,129,275,9.3,35,-305
ABalaaapal,185,124,277,10.1,29,-68
ABalaaapal,186,122,277,11.0,35,600
ABalaaapal,187,120,275,11.3,35,682
ABalaaapal,188,119,273,11.4,35,-157
ABalaaapal,189,118,271,12.1,35,-715
ABalaaapal,190,119,274,11.4,35,92
ABalaaapal,191,120,271,11.3,35,492
ABalaaapal,192,123,277,12.1,33,1739
ABalaaapal,193,122,277,12.2,35,740
ABalaaapal,194,122,283,12.2,33,586
ABalaaapal,195,121,277,12.4,35,589
ABalaaapal,196,119,280,13.3,35,-335
ABalaaapal,197,118,281,14.1,35,76
ABalaaapal,198,118,281,14.1,35,-32
ABalaaapal,199,116,284,14.2,35,-75
ABalaaapal,200,116,286,14.1,33,-975
ABalaaapal,201,117,287,14.0,35,-73
ABalaaapal,202,117,286,14.0,34,1118
ABalaaapal,203,116,289,14.2,34,725
ABalaaapal,204,120,295,14.1,34,1115
ABalaaapal,205,121,298,13.3,34,-820
ABalaaapar,175,130,227,11.4,29,-96
ABalaaapar,176,130,227,11.4,29,-896
ABalaaapar,177,127,228,10.9,31,243
ABalaaapar,178,128,232,11.1,31,-1229
ABalaaapar,179,128,232,10.6,33,859
ABalaaapar,180,122,230,10.9,31,96
ABalaaapar,181,115,232,11.4,33,358
ABalaaapar,182,113,233,11.8,31,-222
ABalaaapar,183,113,231,11.7,31,-1601
ABalaaapar,184,111,235,11.8,31,104
ABalaaapar,185,108,238,12.2,31,488
ABalaaapar,186,105,239,13.8,31,-279
ABalaaapar,187,105,239,14.2,33,2088
ABalaaapar,188,106,234,13.9,31,998
ABalaaapar,189,105,233,14.1,31,-437
ABalaaapar,190,107,232,14.0,31,859
ABalaaapar,191,110,228,13.3,33,1458
ABalaaapar,192,108,238,14.0,31,1113
ABalaaapar,193,107,235,14.1,31,1494
ABalaaapar,194,108,240,13.9,31,2290
ABalaaapar,195,109,239,13.4,33,1751
ABalaaapar,196,109,239,13.4,33,-267
ABalaaapar,197,108,235,14.2,33,2881
ABalaaapar,198,107,237,14.8,31,-74
ABalaaapar,199,107,241,14.1,31,1123
ABalaaapar,200,109,238,14.1,31,2181
ABalaaapar,201,108,240,14.2,35,1924
ABalaaapar,202,107,240,14.2,34,-142
ABalaaapar,203,106,240,14.2,30,1638
ABalaaapar,204,106,244,14.2,30,791
ABalaaapar,205,109,248,13.3,34,1801
ABalaaapp,135,176,168,11.0,30,1094
ABalaaapp,136,179,158,11.2,35,166
ABalaaapp,137,185,159,10.5,36,63
ABalaaapp,138,187,151,11.0,37,306
ABalaaapp,139,184,146,10.2,37,-192
ABalaaapp,140,180,151,10.9,37,-550
ABalaaapp,141,174,151,11.9,37,767
ABalaaapp,142,165,160,11.4,39,343
ABalaaapp,143,162,164,11.9,37,1148
ABalaaapp,144,160,171,12.0,37,208
ABalaaapp,145,157,166,12.9,37,1038
ABalaaapp,146,158,161,11.1,37,-110
ABalaaapp,147,155,163,11.0,37,634
ABalaaapp,148,156,161,11.1,37,306
ABalaaapp,149,153,162,11.0,37,346
ABalaaapp,150,151,158,11.4,39,-828
ABalaaapp,151,154,159,12.1,39,838
ABalaaapp,152,153,155,12.4,39,305
ABalaaapp,153,150,153,13.1,39,322
ABalaaapp,154,155,161,13.2,41,-848
ABalaaapp,155,149,168,13.0,37,79
ABalaaapp,156,146,177,12.3,41,-1049
ABalaaapp,157,137,182,12.9,37,-550
ABalaaapp,158,135,179,12.4,39,745
ABalaaapp,159,136,179,12.9,37,-75
ABalaaapp,160,131,186,12.2,39,-99
ABalaaapp,161,137,182,12.4,39,-680
ABalaaapp,162,137,183,12.0,37,666
ABalaaapp,163,140,184,12.1,39,276
ABalaaapp,164,142,183,11.8,37,922
ABalaaapp,165,143,176,11.4,39,-501
ABalaaapp,166,139,177,11.9,37,241
ABalaaapp,167,136,178,12.1,39,-196
ABalaaapp,168,132,182,12.1,36,-168
ABalaaapp,169,130,181,12.4,38,-650
ABalaaapp,170,132,183,12.3,39,-383
ABalaaapp,171,136,180,12.1,39,-439
ABalaaapp,172,134,185,12.4,36,-22
ABalaaapp,173,134,201,13.1,35,132
ABalaaapp,174,131,200,13.0,36,346
ABalaaappl,175,130,212,13.1,31,-404
ABalaaappl,176,128,212,12.0,31,-727
ABalaaappl,177,127,208,12.8,31,344
ABalaaappl,178,124,212,13.2,31,349
ABalaaappl,179,125,210,13.1,35,1924
ABalaaappl,180,122,211,13.3,35,1582
ABalaaappl,181,120,207,14.2,33,847
ABalaaappl,182,118,205,13.4,33,1942
ABalaaappl,183,121,199,14.0,31,1509
ABalaaappl,184,120,200,13.1,31,81
ABalaaappl,185,121,198,12.5,33,-1376
ABalaaappl,186,119,198,13.8,31,-1369
ABalaaappl,187,117,195,14.2,33,950
ABalaaappl,188,117,192,14.9,31,196
ABalaaappl,189,119,190,15.0,33,877
ABalaaappl,190,117,189,14.4,35,906
ABalaaappl,191,118,189,14.9,31,533
ABalaaappl,192,117,196,14.9,31,1297
ABalaaappl,193,120,195,14.2,35,1669
ABalaaappl,194,119,201,13.3,35,-548
ABalaaappl,195,117,199,14.0,35,-103
ABalaaappl,196,119,197,14.3,35,-1150
ABalaaappl,197,117,199,14.2,33,-240
ABalaaappl,198,119,195,14.3,35,639
ABalaaappl,199,119,199,14.1,33,1122
ABalaaappl,200,117,202,14.2,35,387
ABalaaappl,201,117,201,14.2,33,1977
ABalaaappl,202,121,201,14.8,30,-642
ABalaaappl,203,121,200,14.4,32,2288
ABalaaappl,204,118,203,14.3,34,973
ABalaaappl,205,118,207,14.9,30,-133
ABalaaappr,175,136,170,13.9,31,-1126
ABalaaappr,176,144,162,13.2,29,-28
ABalaaappr,177,140,162,13.1,33,724
ABalaaappr,178,140,162,13.1,33,-1037
ABalaaappr,179,140,165,13.1,35,-1459
ABalaaappr,180,137,167,13.8,31,-1561
ABalaaappr,181,137,167,13.8,31,2100
ABalaaappr,182,139,163,13.2,35,1353
ABalaaappr,183,141,156,13.3,35,199
ABalaaappr,184,141,156,13.3,35,64
ABalaaappr,185,143,149,14.3,35,-751
ABalaaappr,186,140,153,15.0,35,1211
ABalaaappr,187,140,153,15.3,35,-15
ABalaaappr,188,137,153,15.4,35,870
ABalaaappr,189,139,153,16.2,35,-888
ABalaaappr,190,139,155,16.3,33,262
ABalaaappr,191,139,156,16.3,35,1244
ABalaaappr,192,133,158,17.1,35,1755
ABalaaappr,193,131,158,16.4,35,1085
ABalaaappr,194,131,163,16.1,35,1133
ABalaaappr,195,132,163,16.2,35,-708
ABalaaappr,196,135,158,16.2,35,578
ABalaaappr,197,133,159,16.1,29,-198
ABalaaappr,198,134,160,17.0,29,-223
ABalaaappr,199,129,165,17.2,29,-634
ABalaaappr,200,126,166,17.1,35,1316
ABalaaappr,201,129,166,17.1,35,1670
ABalaaappr,202,128,163,17.1,34,32
ABalaaappr,203,127,168,17.2,34,-372
ABalaaappr,204,128,166,17.2,34,141
ABalaaappr,205,126,169,17.2,34,875
ABalaap,78,156,244,21.1,38,-993
ABalaap,79,165,259,21.2,48,333
ABalaap,80,164,260,22.9,49,-859
ABalaap,81,160,260,23.1,51,420
ABalaap,82,161,279,23.2,51,-785
ABalaap,83,164,278,23.1,51,-978
ABalaap,84,162,280,23.1,50,212
ABalaap,85,161,273,23.0,51,-656
ABalaap,86,154,274,23.0,52,244
ABalaap,87,154,270,22.2,53,33
ABalaap,88,151,271,22.2,54,-23
ABalaap,89,147,267,21.9,54,-458
ABalaap,90,144,267,21.1,54,-56
ABalaap,91,141,266,21.8,54,-887
ABalaap,92,147,264,22.9,54,-123
ABalaap,93,150,266,21.9,54,-643
ABalaap,94,150,265,21.1,54,-467
ABalaap,95,158,260,21.9,54,73
ABalaap,96,154,257,21.2,54,-97
ABalaap,97,157,257,21.2,55,-590
ABalaap,98,157,256,22.1,55,321
ABalaap,99,157,253,21.9,53,401
ABalaap,100,167,255,21.1,54,309
ABalaap,101,184,254,21.0,54,-611
ABalaap,102,189,254,20.0,53,-530
ABalaap,103,189,254,20.0,51,199
ABalaap,104,191,258,19.9,48,-101
ABalaapa,105,167,268,19.9,46,1659
ABalaapa,106,170,274,19.9,44,-567
ABalaapa,107,166,276,20.1,44,402
ABalaapa,108,161,271,19.1,44,-550
ABalaapa,109,158,267,20.0,44,663
ABalaapa,110,157,264,20.0,44,27
ABalaapa,111,158,266,19.9,44,-410
ABalaapa,112,164,259,19.0,44,-612
ABalaapa,113,167,259,19.9,44,-156
ABalaapa,114,166,255,19.9,44,-771
ABalaapa,115,165,258,19.8,44,451
ABalaapa,116,164,252,18.9,44,-519
ABalaapa,117,158,249,18.9,44,-373
ABalaapa,118,157,252,18.9,44,-63
ABalaapa,119,160,243,19.0,44,-1004
ABalaapa,120,156,240,18.1,44,-197
ABalaapa,121,158,241,18.1,44,-121
ABalaapa,122,155,236,18.9,44,-383
ABalaapa,123,156,237,18.0,44,-31
ABalaapa,124,158,232,18.1,44,-635
ABalaapa,125,160,218,17.8,44,471
ABalaapa,126,161,210,17.1,44,708
ABalaapa,127,162,199,17.1,44,-47
ABalaapa,128,158,194,17.2,44,-803
ABalaapa,129,156,194,17.1,44,36
ABalaapa,130,158,186,16.9,43,984
ABalaapa,131,159,160,16.2,45,-788
ABalaapa,132,154,149,16.2,44,-561
ABalaapa,133,151,150,16.2,42,603
ABalaapa,134,146,158,16.4,43,-70
ABalaapa,135,152,157,16.3,40,797
ABalaapa,136,157,164,16.1,41,-418
ABalaapa,137,161,164,15.9,38,-32
ABalaapa,138,164,163,17.0,35,-177
ABalaapa,139,168,161,16.3,35,1375
ABalaapaa,140,152,177,17.9,37,778
ABalaapaa,141,152,174,17.9,37,927
ABalaapaa,142,159,179,17.1,37,-250
ABalaapaa,143,152,180,16.9,37,-828
ABalaapaa,144,149,182,16.4,39,235
ABalaapaa,145,147,176,16.9,37,-191
ABalaapaa,146,149,172,15.9,37,432
ABalaapaa,147,141,168,15.9,37,-177
ABalaapaa,148,146,164,16.0,37,-379
ABalaapaa,149,145,164,15.9,37,1163
ABalaapaa,150,142,165,16.2,37,-673
ABalaapaa,151,140,166,16.8,37,1544
ABalaapaa,152,135,166,16.9,37,-1216
ABalaapaa,153,134,165,17.8,37,167
ABalaapaa,154,134,164,17.1,37,311
ABalaapaa,155,133,165,17.1,37,-142
ABalaapaa,156,129,166,17.1,37,44
ABalaapaa,157,129,171,17.9,37,201
ABalaapaa,158,130,171,17.2,39,1773
ABalaapaa,159,130,171,17.8,37,-757
ABalaapaa,160,131,173,17.0,37,-18
ABalaapaa,161,133,172,17.1,37,-308
ABalaapaa,162,134,170,16.8,37,1125
ABalaapaa,163,137,170,17.0,37,-224
ABalaapaa,164,131,168,16.9,37,430
ABalaapaa,165,133,166,17.0,37,2312
ABalaapaa,166,134,165,16.9,37,1115
ABalaapaa,167,130,172,16.8,37,1731
ABalaapaa,168,132,175,16.8,36,70
ABalaapaa,169,132,176,17.2,36,-404
ABalaapaa,170,134,175,17.1,39,586
ABalaapaa,171,136,166,17.1,37,1374
ABalaapaa,172,140,164,18.0,38,1770
ABalaapaa,173,140,170,18.2,37,1358
ABalaapaa,174,142,175,17.4,36,232
ABalaapaa,175,144,177,17.4,35,-263
ABalaapaa,176,138,174,17.3,35,-845
ABalaapaa,177,133,171,17.2,35,-477
ABalaapaa,178,134,172,17.3,35,154
ABalaapaa,179,131,172,17.2,35,130
ABalaapaa,180,132,170,17.3,35,1204
ABalaapaa,181,134,164,18.2,35,-90
ABalaapaa,182,138,170,18.0,35,-54
ABalaapaa,183,136,170,18.4,35,712
ABalaapaaa,184,127,183,16.9,31,-479
ABalaapaaa,185,123,186,16.8,31,-180
ABalaapaaa,186,125,183,17.2,31,1231
ABalaapaaa,187,124,181,18.2,33,504
ABalaapaaa,188,124,179,18.3,33,273
ABalaapaaa,189,122,179,19.0,33,1410
ABalaapaaa,190,126,173,19.2,33,72
ABalaapaaa,191,126,175,19.5,35,-262
ABalaapaaa,192,128,176,19.3,35,1381
ABalaapaaa,193,126,177,20.0,35,916
ABalaapaaa,194,124,179,19.0,33,154
ABalaapaaa,195,124,177,19.2,33,137
ABalaapaaa,196,127,172,19.8,31,142
ABalaapaaa,197,130,174,19.2,35,489
ABalaapaaa,198,130,173,20.0,35,945
ABalaapaaa,199,130,176,20.1,29,1111
ABalaapaaa,200,133,178,21.1,29,1916
ABalaapaaa,201,130,178,21.3,35,1345
ABalaapaaa,202,124,183,21.1,29,869
ABalaapaaa,203,129,183,21.2,34,1728
ABalaapaaa,204,128,182,21.2,29,967
ABalaapaaa,205,130,178,21.0,29,-259
ABalaapaap,184,141,163,20.0,31,621
ABalaapaap,185,144,160,20.9,31,-846
ABalaapaap,186,150,158,21.0,31,1243
ABalaapaap,187,148,153,20.0,29,1321
ABalaapaap,188,151,153,21.1,35,2602
ABalaapaap,189,149,153,21.1,35,-138
ABalaapaap,190,153,145,21.0,35,904
ABalaapaap,191,151,143,21.1,35,238
ABalaapaap,192,151,144,21.1,29,-248
ABalaapaap,193,151,144,21.1,30,2884
ABalaapaap,194,151,144,21.1,32,410
ABalaapaap,195,151,144,21.0,33,775
ABalaapaap,196,151,143,21.0,35,198
ABalaapaap,197,150,148,20.1,35,402
ABalaapaap,198,150,150,21.0,35,1935
ABalaapaap,199,146,150,21.3,35,1809
ABalaapaap,200,147,157,21.3,35,387
ABalaapaap,201,148,158,22.0,35,-5
ABalaapaap,202,146,162,22.0,34,330
ABalaapaap,203,144,166,22.0,33,1558
ABalaapaap,204,142,170,22.0,32,-1188
ABalaapaap,205,140,174,22.0,31,812
ABalaapap,140,183,156,16.2,35,1515
ABalaapap,141,180,150,17.0,37,819
ABalaapap,142,180,152,16.2,37,540
ABalaapap,143,180,151,16.2,37,-1007
ABalaapap,144,186,150,16.1,37,-571
ABalaapap,145,192,155,16.0,37,-823
ABalaapap,146,184,149,15.3,39,526
ABalaapap,147,181,150,15.1,37,1294
ABalaapap,148,182,147,15.0,37,1493
ABalaapap,149,179,149,15.8,37,154
ABalaapap,150,176,155,15.8,37,-588
ABalaapap,151,175,156,15.8,37,484
ABalaapap,152,175,158,15.9,37,852
ABalaapap,153,172,159,16.1,37,-544
ABalaapap,154,169,157,15.2,29,1321
ABalaapap,155,167,156,16.1,37,1349
ABalaapap,156,164,152,15.9,37,-16
ABalaapap,157,158,154,15.2,37,1583
ABalaapap,158,160,155,15.8,37,790
ABalaapap,159,164,156,15.2,37,-14
ABalaapap,160,160,153,15.1,37,1254
ABalaapap,161,161,151,15.1,39,1398
ABalaapap,162,161,146,15.0,39,1287
ABalaapap,163,163,144,15.9,37,1241
ABalaapap,164,159,144,15.3,39,1274
ABalaapap,165,157,141,16.1,37,408
ABalaapap,166,156,139,16.1,37,223
ABalaapap,167,152,148,17.2,39,585
ABalaapap,168,151,147,16.4,38,150
ABalaapap,169,148,151,18.1,38,859
ABalaapap,170,146,150,18.3,37,-95
ABalaapap,171,151,146,19.1,37,376
ABalaapap,172,158,139,20.1,36,-824
ABalaapap,173,154,143,19.4,37,949
ABalaapap,174,149,150,20.2,36,542
ABalaapap,175,148,151,20.3,35,721
ABalaapap,176,148,150,20.2,35,882
ABalaapap,177,153,145,20.1,35,636
ABalaapap,178,154,141,19.0,35,-251
ABalaapap,179,149,144,19.1,35,615
ABalaapap,180,154,143,19.3,35,1220
ABalaapap,181,161,136,18.9,31,-242
ABalaapap,182,165,138,19.0,31,1966
ABalaapap,183,167,131,20.0,31,-1294
ABalaapapa,184,152,134,20.9,31,309
ABalaapapa,185,159,128,20.0,31,430
ABalaapapa,186,159,128,20.0,31,-40
ABalaapapa,187,159,124,19.1,29,1284
ABalaapapa,188,158,124,19.2,29,1780
ABalaapapa,189,152,130,19.3,29,-220
ABalaapapa,190,155,126,19.1,29,691
ABalaapapa,191,153,130,19.1,29,728
ABalaapapa,192,153,127,19.1,29,-697
ABalaapapa,193,153,127,19.1,29,-1019
ABalaapapa,194,153,127,19.0,29,1152
ABalaapapa,195,153,127,19.0,29,2951
ABalaapapa,196,155,123,18.3,33,1184
ABalaapapa,197,156,124,18.2,33,976
ABalaapapa,198,156,124,18.9,31,-410
ABalaapapa,199,152,129,18.9,31,-291
ABalaapapa,200,160,130,19.2,35,398
ABalaapapa,201,159,131,20.9,31,1208
ABalaapapa,202,158,130,21.2,30,108
ABalaapapa,203,162,131,21.2,30,2113
ABalaapapa,204,163,133,20.4,32,487
ABalaapapa,205,165,130,20.2,34,-622
ABalaapapp,184,180,134,19.1,31,1027
ABalaapapp,185,180,135,19.2,29,1119
ABalaapapp,186,181,132,19.4,29,734
ABalaapapp,187,182,129,19.5,30,-785
ABalaapapp,188,183,126,19.7,30,-367
ABalaapapp,189,184,123,19.8,31,705
ABalaapapp,190,186,120,20.0,32,475
ABalaapapp,191,185,121,19.7,32,-104
ABalaapapp,192,184,122,19.4,32,565
ABalaapapp,193,183,123,19.1,31,1136
ABalaapapp,194,160,125,18.3,35,1412
ABalaapapp,195,183,123,19.1,35,-804
ABalaapapp,196,185,121,19.1,35,-749
ABalaapapp,197,185,126,19.2,35,472
ABalaapapp,198,184,124,20.0,35,-60
ABalaapapp,199,181,123,19.2,35,806
ABalaapapp,200,184,125,20.0,29,-995
ABalaapapp,201,188,132,20.1,35,667
ABalaapapp,202,183,133,20.2,34,527
ABalaapapp,203,186,136,21.0,29,273
ABalaapapp,204,185,137,21.2,30,-29
ABalaapapp,205,184,138,21.5,31,614
ABalaapp,105,211,272,18.9,46,-63
ABalaapp,106,218,274,18.9,44,-163
ABalaapp,107,224,276,18.0,44,-75
ABalaapp,108,231,276,18.0,44,119
ABalaapp,109,239,275,17.9,44,-698
ABalaapp,110,242,268,17.1,44,-731
ABalaapp,111,238,267,17.0,44,-177
ABalaapp,112,236,260,17.0,44,-602
ABalaapp,113,234,258,16.8,44,1097
ABalaapp,114,230,252,17.0,44,50
ABalaapp,115,235,253,17.0,44,139
ABalaapp,116,230,255,16.9,44,28
ABalaapp,117,222,254,15.9,44,-497
ABalaapp,118,217,248,16.0,44,74
ABalaapp,119,216,245,16.9,44,-441
ABalaapp,120,215,236,17.0,44,-14
ABalaapp,121,212,238,16.9,44,-149
ABalaapp,122,216,226,17.0,44,-564
ABalaapp,123,219,214,17.9,44,278
ABalaapp,124,220,198,17.9,44,1347
ABalaapp,125,219,187,17.2,44,-148
ABalaapp,126,222,178,17.1,44,-270
ABalaapp,127,220,168,17.0,44,321
ABalaapp,128,216,165,17.0,44,785
ABalaapp,129,216,167,17.0,44,64
ABalaapp,130,216,169,16.3,45,-88
ABalaapp,131,221,169,16.1,45,-369
ABalaapp,132,214,170,15.4,44,-929
ABalaapp,133,209,174,15.2,42,584
ABalaapp,134,212,171,15.0,39,499
ABalaapp,135,212,173,16.0,38,587
ABalaapp,136,220,179,15.1,33,-480
ABalaappa,137,206,180,15.2,34,129
ABalaappa,138,205,178,15.1,35,-203
ABalaappa,139,208,177,14.2,37,-543
ABalaappa,140,205,183,14.1,37,-816
ABalaappa,141,198,183,14.2,37,1008
ABalaappa,142,193,186,14.1,37,-714
ABalaappa,143,191,192,14.0,37,-193
ABalaappa,144,191,194,14.0,37,1869
ABalaappa,145,186,192,13.9,37,-615
ABalaappa,146,185,186,13.0,37,-75
ABalaappa,147,176,187,13.0,37,896
ABalaappa,148,179,186,13.1,37,742
ABalaappa,149,179,183,12.9,37,-364
ABalaappa,150,177,183,12.8,37,432
ABalaappa,151,181,186,12.2,37,-621
ABalaappa,152,176,183,12.2,37,45
ABalaappa,153,176,183,12.8,37,-655
ABalaappa,154,178,183,12.0,37,-21
ABalaappa,155,176,177,11.3,29,2876
ABalaappa,156,171,175,11.1,37,1056
ABalaappa,157,171,172,11.8,37,116
ABalaappa,158,170,170,11.3,39,-124
ABalaappa,159,172,164,11.8,37,383
ABalaappa,160,168,165,11.8,37,1737
ABalaappa,161,169,161,11.2,37,1228
ABalaappa,162,165,159,11.0,37,-286
ABalaappa,163,167,151,11.4,39,191
ABalaappa,164,169,151,12.2,39,606
ABalaappa,165,174,149,12.2,37,152
ABalaappa,166,171,154,12.1,37,-527
ABalaappa,167,167,154,12.5,39,-2
ABalaappa,168,161,153,13.1,38,1211
ABalaappa,169,161,154,14.0,36,-405
ABalaappa,170,159,155,14.2,39,718
ABalaappa,171,167,157,14.3,37,329
ABalaappa,172,163,155,15.0,36,-306
ABalaappa,173,157,157,14.3,37,502
ABalaappa,174,155,158,14.1,36,728
ABalaappa,175,161,148,14.3,35,1285
ABalaappa,176,159,149,15.2,35,1119
ABalaappa,177,163,152,15.3,35,758
ABalaappa,178,163,148,15.9,31,1976
ABalaappa,179,166,150,15.0,31,-230
ABalaappa,180,164,153,15.1,31,734
ABalaappaa,181,153,154,15.0,31,1129
ABalaappaa,182,154,145,14.9,31,815
ABalaappaa,183,160,136,15.8,31,2187
ABalaappaa,184,151,148,16.1,31,1656
ABalaappaa,185,153,149,17.1,31,2676
ABalaappaa,186,154,155,17.1,31,1046
ABalaappaa,187,156,156,17.3,35,-44
ABalaappaa,188,156,155,18.1,35,2141
ABalaappaa,189,157,156,18.3,35,134
ABalaappaa,190,158,153,18.3,35,995
ABalaappaa,191,159,152,18.2,35,-117
ABalaappaa,192,156,153,19.1,35,695
ABalaappaa,193,157,148,19.0,35,544
ABalaappaa,194,153,154,18.3,35,1146
ABalaappaa,195,153,155,18.3,35,949
ABalaappaa,196,154,156,18.3,35,1036
ABalaappaa,197,151,159,18.4,29,100
ABalaappaa,198,153,166,19.1,35,-489
ABalaappaa,199,151,170,19.3,35,-401
ABalaappaa,200,151,174,19.2,33,-454
ABalaappaa,201,152,175,19.2,33,-245
ABalaappaa,202,150,178,19.2,34,-567
ABalaappaa,203,149,178,19.4,32,-150
ABalaappaa,204,148,178,19.4,32,793
ABalaappaa,205,151,177,19.4,32,-175
ABalaappap,181,187,149,15.1,31,485
ABalaappap,182,189,149,15.0,31,91
ABalaappap,183,191,151,15.0,31,-627
ABalaappap,184,187,151,15.0,31,582
ABalaappap,185,185,151,14.3,35,47
ABalaappap,186,189,152,14.1,35,428
ABalaappap,187,183,148,15.0,31,-1007
ABalaappap,188,180,152,14.3,35,601
ABalaappap,189,178,153,15.1,35,999
ABalaappap,190,177,148,15.3,35,-283
ABalaappap,191,182,145,15.3,35,-496
ABalaappap,192,176,145,16.0,35,-426
ABalaappap,193,177,143,16.1,35,956
ABalaappap,194,174,147,16.1,35,455
ABalaappap,195,172,152,16.2,35,-529
ABalaappap,196,177,148,17.1,35,141
ABalaappap,197,172,155,16.2,35,-463
ABalaappap,198,171,154,17.2,35,53
ABalaappap,199,171,153,17.2,35,1097
ABalaappap,200,168,155,17.3,35,-54
ABalaappap,201,170,156,17.2,35,-1233
ABalaappap,202,171,155,17.3,34,-558
ABalaappap,203,164,154,18.0,34,404
ABalaappap,204,164,150,18.0,34,-1016
ABalaappap,205,162,155,17.3,34,-404
ABalaappp,137,243,176,14.9,38,-242
ABalaappp,138,251,183,14.1,35,719
ABalaappp,139,253,184,13.2,37,-584
ABalaappp,140,255,179,12.9,37,-1030
ABalaappp,141,257,172,12.1,39,354
ABalaappp,142,249,174,12.3,41,-540
ABalaappp,143,243,174,12.2,37,349
ABalaappp,144,241,170,11.5,39,-588
ABalaappp,145,233,172,11.8,37,166
ABalaappp,146,228,174,11.9,37,887
ABalaappp,147,223,175,12.1,37,-366
ABalaappp,148,217,170,11.4,39,338
ABalaappp,149,215,165,11.3,39,1260
ABalaappp,150,212,174,11.3,39,-686
ABalaappp,151,210,164,11.0,39,216
ABalaappp,152,199,160,10.9,37,-166
ABalaappp,153,193,159,10.3,39,-595
ABalaappp,154,193,157,10.0,37,-579
ABalaappp,155,188,154,10.0,37,-325
ABalaappp,156,191,153,9.9,37,-148
ABalaappp,157,196,153,9.9,37,-1214
ABalaappp,158,198,157,9.3,39,359
ABalaappp,159,202,156,10.0,37,124
ABalaappp,160,205,155,10.2,37,266
ABalaappp,161,197,147,10.1,37,5
ABalaappp,162,196,144,9.1,37,-1042
ABalaappp,163,194,146,9.1,37,666
ABalaappp,164,187,149,9.3,39,-1125
ABalaappp,165,197,140,9.3,39,106
ABalaappp,166,198,142,9.3,39,-245
ABalaappp,167,193,141,9.4,39,1133
ABalaappp,168,189,143,10.1,36,375
ABalaappp,169,183,146,10.2,38,-1018
ABalaappp,170,177,149,11.2,39,788
ABalaappp,171,182,141,11.0,37,201
ABalaappp,172,180,136,11.1,36,-330
ABalaappp,173,176,147,10.4,35,-34
ABalaappp,174,181,149,10.3,34,1045
ABalaappp,175,183,154,11.1,35,256
ABalaappp,176,184,153,10.3,33,-226
ABalaappp,177,187,162,11.0,31,887
ABalaapppa,178,169,165,10.9,27,2010
ABalaapppa,179,161,166,10.9,31,-752
ABalaapppa,180,162,164,11.1,31,-1546
ABalaapppa,181,164,166,11.9,31,1020
ABalaapppa,182,168,162,12.0,31,2602
ABalaapppa,183,168,161,12.1,31,377
ABalaapppa,184,169,162,12.0,31,-369
ABalaapppa,185,169,159,12.0,33,587
ABalaapppa,186,164,153,11.8,31,-382
ABalaapppa,187,161,157,12.2,31,-510
ABalaapppa,188,159,155,12.0,31,-672
ABalaapppa,189,156,153,12.8,31,-160
ABalaapppa,190,156,151,12.3,33,870
ABalaapppa,191,158,149,12.4,33,-595
ABalaapppa,192,157,153,13.1,33,-1008
ABalaapppa,193,157,154,12.5,33,1848
ABalaapppa,194,156,158,13.0,31,608
ABalaapppa,195,161,160,13.3,33,789
ABalaapppa,196,161,158,13.3,35,895
ABalaapppa,197,159,161,14.1,35,-1369
ABalaapppa,198,159,159,14.3,35,784
ABalaapppa,199,157,164,14.3,35,-150
ABalaapppa,200,157,166,14.3,35,1331
ABalaapppa,201,159,163,15.0,35,-34
ABalaapppa,202,157,161,15.1,34,431
ABalaapppa,203,152,158,15.2,34,-988
ABalaapppa,204,148,159,15.1,32,-169
ABalaapppa,205,146,160,15.2,32,-1708
ABalaapppp,178,194,159,11.1,31,1214
ABalaapppp,179,197,148,11.7,31,87
ABalaapppp,180,201,152,11.9,31,775
ABalaapppp,181,205,153,11.9,31,553
ABalaapppp,182,207,148,11.1,31,537
ABalaapppp,183,207,143,11.2,35,495
ABalaapppp,184,206,149,11.9,31,576
ABalaapppp,185,207,151,11.3,35,377
ABalaapppp,186,202,152,11.3,35,-413
ABalaapppp,187,193,152,11.4,35,-374
ABalaapppp,188,193,152,11.4,35,1102
ABalaapppp,189,190,146,12.1,35,-578
ABalaapppp,190,192,140,12.2,35,169
ABalaapppp,191,193,135,12.1,35,1371
ABalaapppp,192,193,136,12.2,35,-1081
ABalaapppp,193,191,136,12.1,35,-151
ABalaapppp,194,190,135,12.1,35,-158
ABalaapppp,195,190,135,12.1,35,5
ABalaapppp,196,189,138,12.1,35,103
ABalaapppp,197,184,142,12.0,35,-341
ABalaapppp,198,188,146,12.1,35,641
ABalaapppp,199,182,147,12.4,35,37
ABalaapppp,200,177,144,12.3,35,191
ABalaapppp,201,178,140,12.3,35,962
ABalaapppp,202,176,135,13.1,34,-676
ABalaapppp,203,173,139,13.2,34,1133
ABalaapppp,204,174,142,13.3,34,449
ABalaapppp,205,176,140,13.2,34,309
ABalap,57,177,160,15.0,35,-1036
ABalap,58,178,164,15.1,43,-983
ABalap,59,177,163,14.1,44,434
ABalap,60,175,166,13.2,47,-1070
ABalap,61,181,157,14.0,49,-551
ABalap,62,177,153,14.0,52,10
ABalap,63,176,151,14.0,52,-85
ABalap,64,176,146,14.1,56,-243
ABalap,65,179,145,15.0,59,-412
ABalap,66,182,140,15.1,61,-188
ABalap,67,193,138,15.0,63,-582
ABalap,68,196,139,15.1,63,-165
ABalap,69,189,144,15.1,61,-126
ABalap,70,186,144,15.3,64,-557
ABalap,71,186,139,15.3,64,-615
ABalap,72,185,140,15.3,63,-511
ABalap,73,186,141,15.2,63,-374
ABalap,74,185,149,16.1,64,-514
ABalap,75,193,144,16.8,62,-635
ABalap,76,193,145,15.8,61,-166
ABalap,77,186,143,15.2,56,34
ABalapa,78,171,141,17.2,46,655
ABalapa,79,168,151,17.0,50,398
ABalapa,80,167,156,15.9,49,203
ABalapa,81,167,148,15.1,49,-99
ABalapa,82,159,142,15.1,49,-924
ABalapa,83,155,139,15.9,49,-353
ABalapa,84,152,146,16.1,50,80
ABalapa,85,153,151,16.1,51,-774
ABalapa,86,153,152,16.0,52,77
ABalapa,87,158,147,16.2,53,-530
ABalapa,88,158,150,16.2,54,-580
ABalapa,89,162,150,15.9,54,-82
ABalapa,90,162,150,15.0,54,-455
ABalapa,91,164,147,14.2,54,-591
ABalapa,92,163,155,14.3,54,427
ABalapa,93,167,153,14.8,54,103
ABalapa,94,165,157,13.9,54,-741
ABalapa,95,159,161,14.1,54,-14
ABalapa,96,162,158,14.0,54,87
ABalapa,97,160,153,14.0,53,-12
ABalapa,98,163,153,14.2,53,-513
ABalapa,99,166,153,15.2,53,-48
ABalapa,100,170,152,16.0,54,157
ABalapa,101,170,152,16.1,54,-320
ABalapa,102,169,150,16.0,53,17
ABalapa,103,169,145,15.3,39,475
ABalapaa,104,157,134,16.2,48,93
ABalapaa,105,150,145,16.8,46,366
ABalapaa,106,147,145,16.9,44,-79
ABalapaa,107,141,148,17.0,44,360
ABalapaa,108,138,153,18.0,42,426
ABalapaa,109,132,163,17.2,44,961
ABalapaa,110,135,158,17.9,44,1106
ABalapaa,111,133,164,17.9,44,1278
ABalapaa,112,133,164,17.0,44,890
ABalapaa,113,130,168,16.8,44,1308
ABalapaa,114,133,166,16.1,44,785
ABalapaa,115,133,165,16.0,44,1042
ABalapaa,116,139,161,15.0,44,783
ABalapaa,117,144,161,13.9,44,751
ABalapaa,118,142,169,12.1,44,1575
ABalapaa,119,140,175,11.9,44,1963
ABalapaa,120,142,181,11.0,44,1058
ABalapaa,121,141,190,10.9,44,952
ABalapaa,122,146,189,10.1,44,255
ABalapaa,123,151,196,9.9,44,1116
ABalapaa,124,151,196,9.9,44,1679
ABalapaa,125,151,205,9.1,44,2731
ABalapaa,126,156,208,9.0,44,2288
ABalapaa,127,154,208,9.0,44,1231
ABalapaa,128,153,208,8.9,44,2823
ABalapaa,129,160,205,8.1,44,2271
ABalapaa,130,167,202,7.9,43,3167
ABalapaa,131,167,208,7.8,43,3347
ABalapaa,132,164,218,8.0,42,3114
ABalapaa,133,166,238,8.0,40,2757
ABalapaa,134,158,231,9.1,41,2361
ABalapaaa,135,148,228,10.2,38,2714
ABalapaaa,136,138,227,10.8,37,3215
ABalapaaa,137,135,227,10.9,38,3390
ABalapaaa,138,136,227,10.8,37,3070
ABalapaaa,139,128,236,10.9,37,2192
ABalapaaa,140,130,241,10.9,37,3895
ABalapaaa,141,131,242,10.9,37,5651
ABalapaaa,142,127,242,10.2,39,4236
ABalapaaa,143,129,246,10.8,37,4508
ABalapaaa,144,133,260,10.4,39,3670
ABalapaaa,145,134,263,11.1,37,4030
ABalapaaa,146,141,265,11.1,37,5557
ABalapaaa,147,140,266,10.8,37,4804
ABalapaaa,148,141,263,10.5,39,5221
ABalapaaa,149,142,259,10.2,37,6667
ABalapaaa,150,138,256,10.1,37,6391
ABalapaaa,151,137,264,10.4,39,4188
ABalapaaa,152,138,261,10.1,37,5256
ABalapaaa,153,138,263,10.4,39,6954
ABalapaaa,154,135,261,10.2,37,7150
ABalapaaa,155,133,273,11.0,37,7596
ABalapaaa,156,133,282,11.2,29,6735
ABalapaaa,157,130,278,11.2,29,5493
ABalapaaa,158,132,282,10.8,37,6270
ABalapaaa,159,135,278,10.0,37,8093
ABalapaaa,160,138,285,10.2,37,6627
ABalapaaa,161,144,280,10.0,37,7112
ABalapaaa,162,149,278,8.5,39,7039
ABalapaaa,163,150,274,8.4,39,7916
ABalapaaa,164,152,274,8.3,39,7639
ABalapaaa,165,148,277,8.4,39,7946
ABalapaaa,166,146,296,9.4,39,10281
ABalapaaa,167,148,294,9.8,37,8087
ABalapaaa,168,144,296,10.0,36,8611
ABalapaaa,169,145,297,9.8,36,7667
ABalapaaa,170,150,298,9.2,37,10449
ABalapaaa,171,150,293,9.1,37,10721
ABalapaaa,172,148,285,9.1,36,8805
ABalapaaa,173,149,285,9.1,37,9216
ABalapaaa,174,149,290,9.9,32,11497
ABalapaaa,175,159,289,9.1,31,10271
ABalapaaa,176,158,289,8.3,33,12969
ABalapaaaa,177,146,276,8.5,33,12428
ABalapaaaa,178,144,277,8.7,31,7972
ABalapaaaa,179,150,273,7.8,31,7974
ABalapaaaa,180,149,270,7.7,31,9757
ABalapaaaa,181,144,265,7.8,31,7272
ABalapaaaa,182,149,257,7.2,31,11253
ABalapaaaa,183,151,253,7.1,31,9933
ABalapaaaa,184,153,260,7.0,31,9277
ABalapaaaa,185,147,264,7.1,31,12871
ABalapaaaa,186,143,265,7.8,31,11394
ABalapaaaa,187,133,264,8.3,33,10037
ABalapaaaa,188,135,265,8.8,31,11143
ABalapaaaa,189,135,264,8.5,33,10602
ABalapaaaa,190,134,268,8.7,31,11971
ABalapaaaa,191,138,268,8.8,31,12905
ABalapaaaa,192,132,270,9.0,31,12104
ABalapaaaa,193,129,272,9.2,33,13169
ABalapaaaa,194,135,278,8.9,31,15277
ABalapaaaa,195,129,277,9.2,33,13584
ABalapaaaa,196,129,278,9.4,33,11430
ABalapaaaa,197,129,281,9.2,33,12138
ABalapaaaa,198,132,279,9.2,33,12523
ABalapaaaa,199,129,284,9.8,31,9101
ABalapaaaa,200,130,286,10.0,33,11056
ABalapaaaa,201,131,286,9.9,31,13301
ABalapaaaa,202,132,282,9.4,32,9717
ABalapaaaa,203,130,279,9.8,30,14446
ABalapaaaa,204,136,282,9.2,30,12157
ABalapaaaa,205,139,281,9.1,32,11050
ABalapaaap,177,166,303,8.0,31,7192
ABalapaaap,178,163,311,8.2,31,5881
ABalapaaap,179,164,306,8.1,29,8189
ABalapaaap,180,165,306,7.9,30,4193
ABalapaaap,181,166,305,7.7,31,3553
ABalapaaap,182,167,304,7.5,33,8133
ABalapaaap,183,167,304,7.5,33,7623
ABalapaaap,184,166,307,8.0,31,7683
ABalapaaap,185,164,309,8.0,33,7799
ABalapaaap,186,156,312,8.3,29,9196
ABalapaaap,187,153,307,8.3,29,8805
ABalapaaap,188,151,306,8.4,33,7729
ABalapaaap,189,151,303,8.6,35,9469
ABalapaaap,190,150,308,9.2,35,8443
ABalapaaap,191,151,302,9.1,35,9053
ABalapaaap,192,152,304,9.1,31,9358
ABalapaaap,193,149,306,9.1,33,10795
ABalapaaap,194,155,312,9.3,29,9030
ABalapaaap,195,148,309,9.3,35,6701
ABalapaaap,196,145,306,10.1,33,11449
ABalapaaap,197,146,308,10.2,33,11837
ABalapaaap,198,146,304,10.4,35,8403
ABalapaaap,199,149,311,11.0,35,8254
ABalapaaap,200,150,314,11.2,35,8921
ABalapaaap,201,152,313,11.2,33,11032
ABalapaaap,202,152,316,10.4,29,7970
ABalapaaap,203,150,314,11.1,34,11075
ABalapaaap,204,153,321,10.3,34,10414
ABalapaaap,205,154,320,10.2,32,11231
ABalapaap,135,160,249,8.1,32,3711
ABalapaap,136,158,260,8.2,35,4750
ABalapaap,137,158,263,8.3,34,5036
ABalapaap,138,154,265,8.2,37,2512
ABalapaap,139,159,267,8.2,37,4150
ABalapaap,140,161,267,8.0,37,4456
ABalapaap,141,161,270,8.1,37,2256
ABalapaap,142,160,271,8.2,37,3981
ABalapaap,143,163,274,8.7,37,2660
ABalapaap,144,168,279,8.2,37,5029
ABalapaap,145,162,285,8.2,37,5199
ABalapaap,146,162,292,8.3,37,5347
ABalapaap,147,165,294,8.8,37,6303
ABalapaap,148,161,300,9.8,37,4593
ABalapaap,149,166,294,9.9,37,4303
ABalapaap,150,165,289,10.0,37,3582
ABalapaap,151,169,292,9.2,37,4125
ABalapaap,152,168,288,8.9,37,4987
ABalapaap,153,170,291,9.9,37,6026
ABalapaap,154,173,288,10.0,37,5723
ABalapaap,155,174,295,10.1,37,6646
ABalapaap,156,170,301,10.0,37,5444
ABalapaap,157,168,301,10.2,39,6378
ABalapaap,158,174,300,11.0,37,7632
ABalapaap,159,172,298,10.9,37,4904
ABalapaap,160,178,300,11.0,37,5268
ABalapaap,161,177,301,10.9,37,7110
ABalapaap,162,179,301,10.9,37,7732
ABalapaap,163,181,306,11.3,39,6766
ABalapaap,164,180,304,11.4,41,8083
ABalapaap,165,178,304,12.2,39,6333
ABalapaap,166,178,309,12.0,37,7395
ABalapaap,167,179,311,11.2,39,8016
ABalapaap,168,176,315,10.9,36,4834
ABalapaap,169,175,318,10.2,36,9250
ABalapaap,170,178,328,9.2,37,8319
ABalapaap,171,176,329,9.0,35,8774
ABalapaap,172,170,323,10.1,38,9747
ABalapaap,173,168,325,10.1,37,9862
ABalapaap,174,169,329,10.2,34,9182
ABalapaap,175,174,326,10.0,35,9549
ABalapaap,176,183,328,9.1,31,14965
ABalapaap,177,186,331,10.0,31,14970
ABalapaap,178,193,324,10.0,31,17591
ABalapaapa,179,172,330,10.7,31,10060
ABalapaapa,180,169,321,10.0,31,9562
ABalapaapa,181,170,326,9.9,31,9856
ABalapaapa,182,169,322,9.9,31,9500
ABalapaapa,183,168,314,9.4,33,9778
ABalapaapa,184,168,321,9.9,31,10491
ABalapaapa,185,171,326,9.5,33,9402
ABalapaapa,186,169,325,10.2,31,7902
ABalapaapa,187,165,325,10.1,31,10802
ABalapaapa,188,166,325,10.2,31,11237
ABalapaapa,189,170,324,10.3,33,10029
ABalapaapa,190,167,328,10.8,31,9979
ABalapaapa,191,161,327,10.5,33,11973
ABalapaapa,192,163,328,10.2,31,12073
ABalapaapa,193,164,326,11.0,31,10246
ABalapaapa,194,169,328,11.0,31,8953
ABalapaapa,195,164,326,11.2,33,15354
ABalapaapa,196,164,321,11.2,35,10299
ABalapaapa,197,163,324,11.4,35,11140
ABalapaapa,198,165,323,12.2,33,9756
ABalapaapa,199,174,322,12.3,35,10980
ABalapaapa,200,181,320,12.3,35,7897
ABalapaapa,201,181,315,12.3,35,9771
ABalapaapa,202,174,319,12.3,34,10910
ABalapaapa,203,166,324,13.0,34,9480
ABalapaapa,204,167,324,13.1,32,8408
ABalapaapa,205,161,325,13.2,34,12786
ABalapaapp,179,210,320,10.7,31,10295
ABalapaapp,180,210,321,10.8,31,5822
ABalapaapp,181,207,319,10.1,31,7424
ABalapaapp,182,206,316,10.1,35,5735
ABalapaapp,183,208,311,10.1,35,6842
ABalapaapp,184,206,309,10.2,35,6942
ABalapaapp,185,204,310,10.1,35,8262
ABalapaapp,186,198,313,9.3,35,7561
ABalapaapp,187,195,313,9.2,33,8687
ABalapaapp,188,194,319,10.0,33,8937
ABalapaapp,189,198,321,9.4,35,8819
ABalapaapp,190,193,322,9.3,35,7830
ABalapaapp,191,188,321,10.0,33,8808
ABalapaapp,192,192,323,10.1,33,10176
ABalapaapp,193,193,326,10.0,31,7756
ABalapaapp,194,197,328,10.4,33,9073
ABalapaapp,195,192,329,10.2,33,7047
ABalapaapp,196,193,327,11.1,33,8807
ABalapaapp,197,194,328,11.2,35,9095
ABalapaapp,198,191,330,10.4,35,9578
ABalapaapp,199,194,332,10.4,35,8795
ABalapaapp,200,193,334,10.4,33,12489
ABalapaapp,201,196,336,11.1,35,10186
ABalapaapp,202,195,336,11.3,34,9158
ABalapaapp,203,193,338,11.9,30,8269
ABalapaapp,204,197,337,11.3,34,10445
ABalapaapp,205,193,334,11.0,34,8498
ABalapap,104,188,134,13.8,32,372
ABalapap,105,180,144,13.1,38,569
ABalapap,106,185,134,12.2,40,-227
ABalapap,107,183,141,11.9,44,403
ABalapap,108,186,143,11.9,44,174
ABalapap,109,185,145,11.0,44,-443
ABalapap,110,176,150,10.9,44,238
ABalapap,111,178,149,11.0,44,-251
ABalapap,112,179,155,10.8,44,781
ABalapap,113,179,150,10.2,44,775
ABalapap,114,181,150,10.0,44,402
ABalapap,115,178,151,10.2,44,682
ABalapap,116,183,157,9.1,44,1706
ABalapap,117,185,157,9.0,44,282
ABalapap,118,188,165,8.8,44,75
ABalapap,119,191,171,8.0,44,1427
ABalapap,120,199,174,7.8,44,847
ABalapap,121,198,182,7.1,44,1303
ABalapap,122,204,191,7.1,44,166
ABalapap,123,211,198,6.9,44,732
ABalapap,124,210,206,7.0,44,1904
ABalapap,125,217,201,7.9,44,1327
ABalapap,126,219,213,7.9,44,2451
ABalapap,127,222,215,7.8,44,1037
ABalapap,128,214,225,8.9,44,3960
ABalapap,129,215,234,9.0,44,1102
ABalapap,130,220,239,9.0,43,2955
ABalapap,131,215,245,9.1,43,3823
ABalapap,132,203,250,8.1,38,2809
ABalapap,133,207,269,8.0,34,4643
ABalapapa,134,191,265,7.2,31,3409
ABalapapa,135,190,280,7.4,32,2378
ABalapapa,136,194,273,7.1,37,1733
ABalapapa,137,195,276,7.1,38,3674
ABalapapa,138,191,277,7.7,37,2239
ABalapapa,139,193,277,8.0,37,2595
ABalapapa,140,196,281,7.8,37,2548
ABalapapa,141,198,283,8.1,37,5339
ABalapapa,142,198,288,8.0,37,3476
ABalapapa,143,201,286,8.0,37,3419
ABalapapa,144,207,288,8.1,37,4204
ABalapapa,145,209,289,8.8,37,3948
ABalapapa,146,210,293,9.1,37,2849
ABalapapa,147,208,286,10.0,39,4655
ABalapapa,148,200,294,10.1,37,4571
ABalapapa,149,205,289,10.2,37,3716
ABalapapa,150,203,293,10.0,37,4564
ABalapapa,151,202,295,10.1,37,5888
ABalapapa,152,204,296,10.2,37,5345
ABalapapa,153,205,300,10.2,37,5116
ABalapapa,154,208,307,10.0,37,7384
ABalapapa,155,209,312,9.8,37,3841
ABalapapa,156,209,310,9.2,37,7845
ABalapapa,157,207,310,9.9,37,6887
ABalapapa,158,205,311,9.2,37,4726
ABalapapa,159,206,306,9.1,37,8898
ABalapapa,160,207,304,9.8,37,6703
ABalapapa,161,210,309,9.1,39,7425
ABalapapa,162,211,307,9.2,37,9572
ABalapapa,163,211,301,9.1,37,8634
ABalapapa,164,208,295,9.0,37,8186
ABalapapa,165,203,296,8.9,37,8098
ABalapapa,166,200,299,8.9,37,8689
ABalapapa,167,199,298,8.4,39,7269
ABalapapa,168,206,298,9.2,38,5717
ABalapapa,169,203,293,9.8,36,7798
ABalapapa,170,199,286,9.1,35,8905
ABalapapa,171,195,282,8.2,37,6880
ABalapapa,172,189,281,8.1,34,8346
ABalapapa,173,189,288,8.3,35,8039
ABalapapa,174,189,294,8.2,32,9647
ABalapapa,175,203,293,8.8,31,9079
ABalapapa,176,206,294,8.0,31,11804
ABalapapaa,177,199,296,8.0,31,9229
ABalapapaa,178,188,290,8.7,31,6477
ABalapapaa,179,183,295,8.7,31,9131
ABalapapaa,180,188,292,8.1,35,6217
ABalapapaa,181,192,291,7.8,31,7579
ABalapapaa,182,192,285,7.7,31,9822
ABalapapaa,183,187,281,7.7,31,7970
ABalapapaa,184,188,280,7.6,31,10597
ABalapapaa,185,185,275,7.0,33,7258
ABalapapaa,186,177,273,7.3,29,10796
ABalapapaa,187,171,276,7.1,31,11474
ABalapapaa,188,169,277,7.1,31,10321
ABalapapaa,189,170,279,7.7,31,7045
ABalapapaa,190,169,280,7.7,31,8615
ABalapapaa,191,172,269,7.1,31,10196
ABalapapaa,192,166,268,7.1,31,9800
ABalapapaa,193,166,271,7.1,31,11917
ABalapapaa,194,169,278,7.2,29,10268
ABalapapaa,195,166,280,7.2,29,16499
ABalapapaa,196,160,284,7.8,31,9950
ABalapapaa,197,159,289,7.8,31,13842
ABalapapaa,198,157,284,7.4,31,17356
ABalapapaa,199,153,289,7.6,31,15667
ABalapapaa,200,149,294,7.8,31,15926
ABalapapaa,201,158,290,7.8,31,19481
ABalapapaa,202,160,289,7.8,30,15419
ABalapapaa,203,163,287,7.8,30,18683
ABalapapaa,204,163,289,7.2,28,19225
ABalapapaa,205,166,281,6.9,30,15923
ABalapapap,177,215,286,7.4,31,7371
ABalapapap,178,225,277,6.8,31,7566
ABalapapap,179,222,284,6.2,33,6268
ABalapapap,180,223,280,6.3,33,7162
ABalapapap,181,221,278,6.0,33,6554
ABalapapap,182,221,280,6.0,31,7440
ABalapapap,183,214,279,6.1,35,4793
ABalapapap,184,218,279,6.3,29,7872
ABalapapap,185,216,281,7.0,33,8224
ABalapapap,186,212,283,6.4,29,7045
ABalapapap,187,205,282,7.3,35,6786
ABalapapap,188,207,283,7.4,35,7154
ABalapapap,189,203,287,7.5,33,4969
ABalapapap,190,201,289,8.1,35,8964
ABalapapap,191,197,288,8.1,35,7755
ABalapapap,192,197,285,8.0,35,6775
ABalapapap,193,197,286,8.1,35,8187
ABalapapap,194,194,284,8.1,35,7323
ABalapapap,195,192,284,8.1,35,8985
ABalapapap,196,187,283,8.2,35,7830
ABalapapap,197,180,281,8.0,29,11556
ABalapapap,198,180,281,8.0,29,10413
ABalapapap,199,180,280,8.0,29,6932
ABalapapap,200,179,278,8.0,29,1741
ABalapapap,201,179,276,8.0,29,5561
ABalapapap,202,178,274,8.0,30,6745
ABalapapap,203,177,272,8.0,30,7787
ABalapapap,204,177,270,8.0,30,7837
ABalapapap,205,176,268,8.0,30,6967
ABalapapp,134,230,288,7.3,35,3535
ABalapapp,135,230,289,7.3,34,795
ABalapapp,136,234,287,8.0,37,2340
ABalapapp,137,241,284,8.1,38,2585
ABalapapp,138,242,283,7.4,39,2741
ABalapapp,139,238,293,7.3,39,2109
ABalapapp,140,244,294,8.1,39,2235
ABalapapp,141,246,304,8.7,37,702
ABalapapp,142,245,311,8.2,37,3038
ABalapapp,143,250,313,8.6,39,1920
ABalapapp,144,254,315,9.0,37,2533
ABalapapp,145,252,311,8.9,37,2704
ABalapapp,146,251,317,9.2,37,4003
ABalapapp,147,255,319,9.0,37,2837
ABalapapp,148,247,322,9.3,37,4564
ABalapapp,149,254,319,9.4,39,3024
ABalapapp,150,255,322,10.1,37,4217
ABalapapp,151,260,320,10.2,37,4564
ABalapapp,152,259,323,11.0,37,4341
ABalapapp,153,259,325,11.9,37,4063
ABalapapp,154,262,322,12.0,37,5362
ABalapapp,155,262,326,12.0,39,4204
ABalapapp,156,262,329,11.3,39,6538
ABalapapp,157,262,331,11.2,37,4654
ABalapapp,158,259,336,11.3,39,7096
ABalapapp,159,254,329,11.9,37,4369
ABalapapp,160,260,328,11.3,39,5272
ABalapapp,161,264,327,11.2,39,6581
ABalapapp,162,260,331,11.9,37,7220
ABalapapp,163,254,332,11.1,41,7013
ABalapapp,164,246,330,11.0,39,7157
ABalapapp,165,242,330,11.1,39,6158
ABalapapp,166,244,323,11.1,37,4560
ABalapapp,167,246,324,11.0,37,5526
ABalapapp,168,246,326,10.4,40,6456
ABalapapp,169,245,325,11.0,40,7276
ABalapapp,170,244,322,11.1,37,7973
ABalapapp,171,248,324,11.0,37,8475
ABalapapp,172,250,323,11.0,34,7146
ABalapapp,173,253,320,11.1,33,10768
ABalapappa,174,237,319,11.9,32,5543
ABalapappa,175,244,322,11.9,31,6358
ABalapappa,176,243,316,11.2,31,6869
ABalapappa,177,243,317,11.0,35,5236
ABalapappa,178,238,317,11.1,31,8592
ABalapappa,179,245,313,11.4,35,7147
ABalapappa,180,245,312,11.3,33,7971
ABalapappa,181,245,310,12.0,35,5898
ABalapappa,182,245,307,12.1,35,5948
ABalapappa,183,243,308,12.0,35,5460
ABalapappa,184,244,302,11.5,33,6755
ABalapappa,185,241,302,11.4,35,4731
ABalapappa,186,236,306,11.2,33,7187
ABalapappa,187,230,300,11.3,35,5715
ABalapappa,188,231,301,11.3,35,5939
ABalapappa,189,236,302,11.2,35,7962
ABalapappa,190,231,304,11.3,35,5009
ABalapappa,191,231,304,11.0,33,6774
ABalapappa,192,230,308,10.4,33,7633
ABalapappa,193,227,309,10.3,35,7076
ABalapappa,194,227,308,10.1,33,7293
ABalapappa,195,223,309,9.3,35,6984
ABalapappa,196,215,308,10.1,33,7045
ABalapappa,197,212,307,9.3,35,8522
ABalapappa,198,209,309,9.3,35,9104
ABalapappa,199,205,306,9.1,35,8302
ABalapappa,200,201,307,9.1,35,12364
ABalapappa,201,205,306,8.4,35,6492
ABalapappa,202,200,307,9.1,34,9144
ABalapappa,203,197,309,9.3,34,9632
ABalapappa,204,193,306,10.1,34,8124
ABalapappa,205,191,306,9.3,34,10576
ABalapappp,174,270,303,10.1,28,8585
ABalapappp,175,279,307,9.8,31,6992
ABalapappp,176,280,308,9.2,31,9361
ABalapappp,177,285,315,9.6,33,7697
ABalapappp,178,284,309,9.4,35,7268
ABalapappp,179,286,313,9.1,35,6672
ABalapappp,180,290,314,9.1,35,4964
ABalapappp,181,290,315,9.1,35,6126
ABalapappp,182,284,313,9.0,33,5211
ABalapappp,183,281,314,8.3,35,6006
ABalapappp,184,278,310,8.4,35,6134
ABalapappp,185,277,309,8.4,35,7041
ABalapappp,186,272,314,9.0,35,5774
ABalapappp,187,271,312,8.4,33,9072
ABalapappp,188,269,307,9.0,33,7696
ABalapappp,189,271,305,8.9,31,8424
ABalapappp,190,261,305,8.3,33,7853
ABalapappp,191,260,302,8.9,31,7198
ABalapappp,192,262,301,8.9,31,7259
ABalapappp,193,260,297,8.5,33,9468
ABalapappp,194,261,294,8.4,35,8708
ABalapappp,195,260,296,8.4,35,8811
ABalapappp,196,252,299,9.1,35,10399
ABalapappp,197,250,302,9.2,35,8963
ABalapappp,198,248,298,9.1,35,8525
ABalapappp,199,249,300,9.3,35,10049
ABalapappp,200,249,297,9.2,35,8578
ABalapappp,201,252,297,8.5,33,8160
ABalapappp,202,245,301,9.2,32,11314
ABalapappp,203,240,299,9.1,34,6432
ABalapappp,204,237,297,9.1,34,8202
ABalapappp,205,239,297,9.2,34,8319
ABalapp,78,198,172,17.0,36,-569
ABalapp,79,208,198,16.0,50,-207
ABalapp,80,214,204,16.9,49,-70
ABalapp,81,225,206,17.0,49,141
ABalapp,82,231,215,17.2,51,-584
ABalapp,83,236,224,17.1,51,-312
ABalapp,84,230,229,17.2,52,-499
ABalapp,85,226,228,16.4,53,-512
ABalapp,86,220,223,16.2,52,-678
ABalapp,87,217,219,16.2,53,-133
ABalapp,88,214,220,16.8,54,438
ABalapp,89,214,221,16.2,54,-491
ABalapp,90,223,214,16.1,54,-181
ABalapp,91,221,215,16.1,54,-526
ABalapp,92,212,212,16.1,54,-564
ABalapp,93,217,212,16.1,54,232
ABalapp,94,212,205,16.8,54,374
ABalapp,95,218,203,16.0,54,511
ABalapp,96,218,207,16.2,54,153
ABalapp,97,224,208,16.2,53,221
ABalapp,98,227,204,16.2,53,-224
ABalapp,99,233,201,16.2,55,273
ABalapp,100,231,200,16.2,54,217
ABalapp,101,234,195,15.9,54,-315
ABalapp,102,217,208,16.8,53,-394
ABalappa,103,214,202,17.9,51,-990
ABalappa,104,207,204,17.9,48,-254
ABalappa,105,199,218,16.2,46,404
ABalappa,106,199,223,16.0,44,944
ABalappa,107,199,228,15.9,44,945
ABalappa,108,201,231,15.1,44,598
ABalappa,109,202,226,14.9,44,-141
ABalappa,110,199,218,15.0,44,-101
ABalappa,111,201,210,15.0,44,717
ABalappa,112,199,212,14.9,44,536
ABalappa,113,200,212,14.8,44,787
ABalappa,114,200,207,14.1,44,914
ABalappa,115,198,206,14.1,44,175
ABalappa,116,206,204,13.8,44,666
ABalappa,117,205,202,13.9,44,1148
ABalappa,118,203,206,13.0,44,373
ABalappa,119,204,203,13.0,44,249
ABalappa,120,203,209,12.8,44,1586
ABalappa,121,205,212,12.1,44,932
ABalappa,122,209,213,12.1,44,901
ABalappa,123,209,224,12.0,44,1726
ABalappa,124,206,232,12.1,44,2084
ABalappa,125,207,231,12.1,44,1802
ABalappa,126,204,233,12.1,44,2390
ABalappa,127,198,231,12.9,44,959
ABalappa,128,193,228,13.0,44,3066
ABalappa,129,192,224,13.0,44,2422
ABalappa,130,196,222,13.0,43,1760
ABalappa,131,198,222,13.0,43,2623
ABalappa,132,194,226,12.9,42,3393
ABalappa,133,195,228,12.3,42,3144
ABalappa,134,192,228,12.9,39,4517
ABalappa,135,186,228,13.0,38,5452
ABalappa,136,187,228,12.1,29,4817
ABalappaa,137,170,221,12.2,30,2892
ABalappaa,138,167,217,12.3,35,4453
ABalappaa,139,169,217,13.0,37,1934
ABalappaa,140,168,223,13.1,37,3279
ABalappaa,141,162,224,13.2,37,5291
ABalappaa,142,163,226,13.1,37,1756
ABalappaa,143,159,230,13.2,37,3807
ABalappaa,144,162,234,13.0,37,2175
ABalappaa,145,163,236,13.2,37,5336
ABalappaa,146,166,231,12.9,37,2529
ABalappaa,147,160,234,12.2,37,6329
ABalappaa,148,156,229,12.8,37,3525
ABalappaa,149,156,228,12.1,37,5100
ABalappaa,150,155,225,11.9,37,5768
ABalappaa,151,155,225,11.2,37,8246
ABalappaa,152,156,225,11.0,37,6023
ABalappaa,153,155,221,10.8,37,6282
ABalappaa,154,155,221,10.1,37,5597
ABalappaa,155,149,226,9.8,37,6731
ABalappaa,156,149,230,9.8,37,4934
ABalappaa,157,148,236,9.8,37,6442
ABalappaa,158,142,234,9.8,37,8649
ABalappaa,159,144,230,9.0,37,5555
ABalappaa,160,147,239,9.0,37,5061
ABalappaa,161,148,233,9.0,37,8795
ABalappaa,162,146,235,9.0,37,7832
ABalappaa,163,150,229,9.1,37,9922
ABalappaa,164,155,231,9.8,37,6282
ABalappaa,165,159,228,9.2,37,9242
ABalappaa,166,161,235,9.0,37,7830
ABalappaa,167,163,234,8.9,37,8504
ABalappaa,168,156,242,8.8,36,8239
ABalappaa,169,159,238,8.9,36,9438
ABalappaa,170,160,233,8.2,37,8201
ABalappaa,171,159,230,7.8,35,7600
ABalappaa,172,153,229,7.9,34,8106
ABalappaa,173,149,235,7.6,35,13572
ABalappaa,174,152,235,7.5,36,10494
ABalappaa,175,154,237,8.1,35,11906
ABalappaa,176,158,238,7.1,35,12037
ABalappaa,177,157,245,7.3,35,10891
ABalappaa,178,156,241,8.3,35,9864
ABalappaa,179,154,233,8.3,35,11498
ABalappaa,180,149,227,9.1,35,11107
ABalappaa,181,147,228,9.9,31,14607
ABalappaa,182,146,229,10.1,33,11531
ABalappaa,183,148,224,10.0,31,10539
ABalappaa,184,144,226,9.2,31,18734
ABalappaa,185,141,230,9.9,31,15848
ABalappaa,186,130,229,10.7,31,13011
ABalappaaa,187,113,230,12.0,31,12130
ABalappaaa,188,113,230,12.0,31,9853
ABalappaaa,189,116,215,11.7,31,14097
ABalappaaa,190,116,216,11.7,31,9535
ABalappaaa,191,116,210,11.1,27,14003
ABalappaaa,192,115,213,11.9,31,14929
ABalappaaa,193,113,213,11.8,31,13261
ABalappaaa,194,114,222,11.7,31,13337
ABalappaaa,195,113,224,11.9,31,14281
ABalappaaa,196,110,224,13.0,31,4503
ABalappaaa,197,110,224,13.0,31,11322
ABalappaaa,198,111,222,12.8,31,10583
ABalappaaa,199,111,225,12.0,31,16489
ABalappaaa,200,116,225,12.0,31,12003
ABalappaaa,201,114,221,11.7,31,16388
ABalappaaa,202,119,220,12.0,30,11032
ABalappaaa,203,116,215,11.8,30,16465
ABalappaaa,204,116,229,12.0,30,15784
ABalappaaa,205,119,228,11.9,30,23246
ABalappaap,187,137,225,9.1,31,12286
ABalappaap,188,135,224,8.9,31,9431
ABalappaap,189,130,223,8.6,35,8558
ABalappaap,190,130,223,8.6,35,6222
ABalappaap,191,129,227,8.4,33,11706
ABalappaap,192,124,226,9.2,33,9232
ABalappaap,193,127,231,9.1,35,9569
ABalappaap,194,125,236,9.3,33,9058
ABalappaap,195,125,239,9.3,35,11587
ABalappaap,196,119,240,10.3,33,10580
ABalappaap,197,120,240,10.1,29,12418
ABalappaap,198,121,240,10.2,35,7439
ABalappaap,199,123,244,10.2,29,13711
ABalappaap,200,121,247,10.3,29,10309
ABalappaap,201,123,244,10.1,35,10608
ABalappaap,202,123,245,10.2,34,10341
ABalappaap,203,118,243,10.4,34,10598
ABalappaap,204,120,246,10.2,29,12073
ABalappaap,205,120,247,10.2,29,16053
ABalappap,137,204,230,12.2,28,6223
ABalappap,138,207,230,12.1,35,4009
ABalappap,139,206,236,11.9,37,2107
ABalappap,140,212,237,11.2,37,2929
ABalappap,141,209,240,11.0,37,3373
ABalappap,142,206,245,11.1,37,2378
ABalappap,143,206,249,11.1,39,2927
ABalappap,144,204,251,11.2,39,4950
ABalappap,145,202,250,11.8,37,2287
ABalappap,146,200,250,11.8,37,1579
ABalappap,147,202,246,11.2,39,3800
ABalappap,148,198,251,11.0,37,3228
ABalappap,149,200,245,11.1,39,3760
ABalappap,150,200,248,11.2,37,4265
ABalappap,151,195,249,11.3,41,4070
ABalappap,152,194,249,11.8,37,3693
ABalappap,153,192,246,11.1,37,5295
ABalappap,154,193,241,11.0,37,5985
ABalappap,155,189,241,11.1,37,5530
ABalappap,156,188,239,11.0,37,5945
ABalappap,157,185,235,10.8,37,7341
ABalappap,158,182,232,10.2,39,4636
ABalappap,159,179,219,10.1,39,5126
ABalappap,160,176,219,10.1,37,4663
ABalappap,161,173,212,9.1,37,4638
ABalappap,162,176,212,9.1,37,7105
ABalappap,163,173,204,8.8,37,6655
ABalappap,164,174,205,7.9,37,6177
ABalappap,165,173,199,7.4,39,6081
ABalappap,166,169,198,7.3,39,4736
ABalappap,167,170,194,7.9,37,6640
ABalappap,168,162,199,8.0,36,4959
ABalappap,169,159,195,7.9,36,8202
ABalappap,170,160,192,7.4,37,8502
ABalappap,171,163,187,7.4,37,8994
ABalappap,172,158,184,8.2,36,7944
ABalappap,173,147,187,9.2,37,9277
ABalappap,174,150,188,9.1,36,7548
ABalappap,175,148,190,9.2,35,13135
ABalappap,176,153,189,9.1,35,11989
ABalappap,177,153,191,9.8,31,11763
ABalappapa,178,134,200,10.8,31,10828
ABalappapa,179,135,198,11.0,31,6823
ABalappapa,180,137,195,11.1,33,6185
ABalappapa,181,137,193,11.2,33,7133
ABalappapa,182,133,185,11.1,31,11505
ABalappapa,183,133,179,11.2,31,10560
ABalappapa,184,135,180,10.4,33,9179
ABalappapa,185,136,171,10.9,31,11132
ABalappapa,186,133,172,11.2,31,8857
ABalappapa,187,132,171,11.9,31,11175
ABalappapa,188,132,172,11.8,31,12655
ABalappapa,189,127,173,12.0,31,11060
ABalappapa,190,129,176,11.5,33,12760
ABalappapa,191,134,166,12.1,33,11961
ABalappapa,192,130,171,12.1,33,11227
ABalappapa,193,131,170,12.0,31,11613
ABalappapa,194,133,168,11.8,31,12922
ABalappapa,195,137,165,11.5,35,10886
ABalappapa,196,137,162,12.1,35,11345
ABalappapa,197,131,170,12.0,31,12392
ABalappapa,198,132,168,12.1,35,12062
ABalappapa,199,134,168,12.2,35,12780
ABalappapa,200,131,168,13.2,33,15266
ABalappapa,201,130,169,13.2,33,14061
ABalappapa,202,129,168,13.3,34,9682
ABalappapa,203,129,171,13.1,32,15642
ABalappapa,204,124,177,13.0,30,11402
ABalappapa,205,123,179,13.2,32,12410
ABalappapp,178,153,193,8.6,31,8221
ABalappapp,179,163,189,7.4,33,7796
ABalappapp,180,167,183,7.1,31,6183
ABalappapp,181,162,187,7.3,33,8157
ABalappapp,182,165,183,7.3,35,7127
ABalappapp,183,166,181,7.2,33,7741
ABalappapp,184,162,184,7.4,35,6937
ABalappapp,185,162,181,7.3,33,6345
ABalappapp,186,162,180,8.1,35,5930
ABalappapp,187,153,180,8.3,35,6865
ABalappapp,188,155,180,8.1,31,6421
ABalappapp,189,152,173,9.0,35,5673
ABalappapp,190,152,174,9.3,35,8615
ABalappapp,191,154,170,9.3,33,7281
ABalappapp,192,150,168,9.4,29,7745
ABalappapp,193,154,166,10.0,31,6622
ABalappapp,194,153,166,10.1,31,6563
ABalappapp,195,152,166,10.1,31,10070
ABalappapp,196,151,166,10.2,31,10302
ABalappapp,197,149,166,10.2,30,10812
ABalappapp,198,148,166,10.3,30,10614
ABalappapp,199,147,166,10.3,30,11842
ABalappapp,200,146,166,10.3,30,12958
ABalappapp,201,144,165,10.4,29,9955
ABalappapp,202,145,162,11.0,34,9412
ABalappapp,203,146,163,11.0,34,11378
ABalappapp,204,146,163,11.0,34,12533
ABalappapp,205,144,162,11.1,34,11217
ABalappp,103,238,220,15.0,34,560
ABalappp,104,242,230,14.8,48,549
ABalappp,105,245,238,13.9,46,-135
ABalappp,106,262,238,12.9,44,232
ABalappp,107,264,238,12.8,44,161
ABalappp,108,274,232,12.9,44,-714
ABalappp,109,268,231,12.9,44,403
ABalappp,110,269,235,12.8,44,971
ABalappp,111,271,228,13.0,44,234
ABalappp,112,270,232,12.9,44,728
ABalappp,113,271,223,12.9,44,130
ABalappp,114,271,223,12.9,44,73
ABalappp,115,265,223,12.2,44,1183
ABalappp,116,270,223,12.9,44,313
ABalappp,117,269,224,12.9,44,678
ABalappp,118,275,223,12.1,44,2431
ABalappp,119,278,228,12.8,44,1435
ABalappp,120,276,228,12.8,44,238
ABalappp,121,274,228,12.9,44,1314
ABalappp,122,272,231,12.0,44,1774
ABalappp,123,270,225,12.9,44,1273
ABalappp,124,267,224,12.8,44,1066
ABalappp,125,265,223,13.1,44,1601
ABalappp,126,265,220,13.2,46,2425
ABalappp,127,260,213,14.0,44,-15
ABalappp,128,258,212,13.9,44,2001
ABalappp,129,258,211,13.9,44,1715
ABalappp,130,265,211,13.1,43,2500
ABalappp,131,263,216,13.0,43,2425
ABalappp,132,259,239,13.1,42,3174
ABalappp,133,264,243,12.2,44,1821
ABalapppa,134,243,249,13.1,33,2526
ABalapppa,135,239,255,12.3,36,2695
ABalapppa,136,240,253,12.9,37,1618
ABalapppa,137,242,254,13.0,38,1407
ABalapppa,138,243,261,12.9,37,531
ABalapppa,139,247,262,12.9,37,2069
ABalapppa,140,254,258,12.1,39,3230
ABalapppa,141,256,248,12.1,37,3179
ABalapppa,142,254,248,12.1,39,2132
ABalapppa,143,249,248,11.9,37,2392
ABalapppa,144,248,240,10.5,39,2390
ABalapppa,145,243,237,10.5,39,5049
ABalapppa,146,237,236,11.0,37,1241
ABalapppa,147,238,232,10.8,37,4512
ABalapppa,148,234,233,10.2,39,4121
ABalapppa,149,237,227,10.2,37,3211
ABalapppa,150,232,232,10.0,37,4805
ABalapppa,151,228,235,9.5,41,5225
ABalapppa,152,229,233,9.8,37,2867
ABalapppa,153,229,226,9.9,37,5172
ABalapppa,154,227,223,9.8,37,3402
ABalapppa,155,222,219,9.2,39,6201
ABalapppa,156,220,220,9.2,39,5135
ABalapppa,157,221,221,9.9,37,6740
ABalapppa,158,221,222,10.0,37,3597
ABalapppa,159,217,217,9.2,37,5399
ABalapppa,160,213,213,9.9,37,4197
ABalapppa,161,211,203,9.2,41,4879
ABalapppa,162,213,203,9.1,39,5035
ABalapppa,163,214,205,9.2,39,6477
ABalapppa,164,216,200,9.1,41,5900
ABalapppa,165,215,199,9.2,39,7924
ABalapppa,166,212,208,9.3,41,7480
ABalapppa,167,211,205,9.2,39,5227
ABalapppa,168,202,204,9.1,38,6387
ABalapppa,169,203,201,9.2,38,7998
ABalapppa,170,201,194,9.1,37,6995
ABalapppa,171,205,190,8.1,31,8863
ABalapppa,172,202,185,9.0,28,5888
ABalapppaa,173,178,193,8.1,27,8947
ABalapppaa,174,179,200,7.8,32,6565
ABalapppaa,175,179,201,7.8,31,3112
ABalapppaa,176,179,202,7.0,31,5528
ABalapppaa,177,179,218,7.8,31,6758
ABalapppaa,178,180,217,7.8,31,6880
ABalapppaa,179,188,217,7.2,35,6375
ABalapppaa,180,186,220,7.1,35,6354
ABalapppaa,181,180,219,8.1,33,5461
ABalapppaa,182,178,213,8.8,31,5752
ABalapppaa,183,179,205,9.4,33,4681
ABalapppaa,184,172,205,9.9,31,4912
ABalapppaa,185,165,200,9.4,35,6658
ABalapppaa,186,165,201,10.2,35,5919
ABalapppaa,187,164,206,10.4,33,5400
ABalapppaa,188,162,207,10.4,33,8051
ABalapppaa,189,156,204,10.5,33,6669
ABalapppaa,190,157,208,10.5,33,4874
ABalapppaa,191,154,204,10.9,31,7704
ABalapppaa,192,151,205,11.0,33,6711
ABalapppaa,193,150,207,11.1,31,10334
ABalapppaa,194,149,210,10.2,31,8130
ABalapppaa,195,148,208,10.8,31,7893
ABalapppaa,196,144,207,11.0,31,7853
ABalapppaa,197,144,212,11.0,31,9163
ABalapppaa,198,146,208,10.4,35,9779
ABalapppaa,199,147,209,10.3,33,8628
ABalapppaa,200,145,212,10.5,33,9876
ABalapppaa,201,144,213,11.0,31,10374
ABalapppaa,202,146,211,10.4,34,6659
ABalapppaa,203,145,206,10.8,30,8984
ABalapppaa,204,143,208,11.0,30,8124
ABalapppaa,205,141,207,11.1,32,10252
ABalapppap,173,214,187,8.2,31,6202
ABalapppap,174,223,185,8.0,32,6173
ABalapppap,175,217,180,8.1,31,5186
ABalapppap,176,218,190,8.0,31,6475
ABalapppap,177,216,193,7.4,33,5400
ABalapppap,178,221,193,7.9,31,4438
ABalapppap,179,215,189,8.1,35,5460
ABalapppap,180,212,192,8.2,35,4563
ABalapppap,181,210,193,8.2,35,5762
ABalapppap,182,205,188,8.9,31,5567
ABalapppap,183,206,182,8.4,35,3724
ABalapppap,184,205,191,8.4,33,6965
ABalapppap,185,201,193,9.0,31,6828
ABalapppap,186,197,198,8.9,31,3942
ABalapppap,187,193,197,9.0,35,8570
ABalapppap,188,189,197,9.2,35,4166
ABalapppap,189,185,197,9.2,33,6922
ABalapppap,190,183,195,9.1,33,8518
ABalapppap,191,187,188,9.1,33,6093
ABalapppap,192,185,189,9.2,33,7952
ABalapppap,193,184,189,9.0,35,7158
ABalapppap,194,180,190,8.4,33,8945
ABalapppap,195,180,193,8.4,33,9373
ABalapppap,196,173,194,8.3,35,7386
ABalapppap,197,174,193,8.1,35,5778
ABalapppap,198,172,188,8.1,35,10214
ABalapppap,199,171,185,8.4,35,10727
ABalapppap,200,167,195,8.4,35,7061
ABalapppap,201,172,195,8.4,33,8883
ABalapppap,202,175,195,8.4,34,8472
ABalapppap,203,176,193,9.0,34,6906
ABalapppap,204,180,192,8.4,34,7817
ABalapppap,205,176,192,8.3,32,7889
ABalapppp,134,283,237,12.0,37,1917
ABalapppp,135,280,232,12.0,38,1429
ABalapppp,136,280,226,11.9,37,668
ABalapppp,137,286,226,11.2,40,2119
ABalapppp,138,288,227,11.8,37,2222
ABalapppp,139,285,233,10.9,37,709
ABalapppp,140,291,225,11.0,37,1835
ABalapppp,141,293,218,11.0,37,4004
ABalapppp,142,289,217,10.2,37,2982
ABalapppp,143,287,209,10.2,37,3393
ABalapppp,144,285,196,10.9,37,3671
ABalapppp,145,284,187,11.0,37,2380
ABalapppp,146,282,186,11.0,37,2213
ABalapppp,147,277,181,10.4,39,3644
ABalapppp,148,275,181,11.1,39,4629
ABalapppp,149,274,181,11.2,37,4729
ABalapppp,150,278,189,11.0,37,3112
ABalapppp,151,272,190,10.9,37,3024
ABalapppp,152,268,193,10.2,39,1024
ABalapppp,153,263,190,11.1,39,2446
ABalapppp,154,260,185,11.0,37,3880
ABalapppp,155,257,181,10.3,39,3317
ABalapppp,156,258,180,11.0,37,3438
ABalapppp,157,265,180,11.0,37,4016
ABalapppp,158,263,179,10.8,37,4686
ABalapppp,159,265,179,10.1,39,4842
ABalapppp,160,262,176,10.0,37,4839
ABalapppp,161,260,179,10.1,37,6080
ABalapppp,162,262,184,10.2,37,6901
ABalapppp,163,263,185,10.2,37,7891
ABalapppp,164,266,187,10.9,37,6162
ABalapppp,165,270,182,11.0,37,7193
ABalapppp,166,267,177,10.9,37,7383
ABalapppp,167,262,172,10.2,39,6536
ABalapppp,168,258,171,10.2,36,4660
ABalapppp,169,260,171,10.8,36,5087
ABalapppp,170,260,167,10.8,35,8020
ABalapppp,171,264,162,11.2,33,9645
ABalapppp,172,266,163,11.2,38,5904
ABalappppa,173,248,168,11.1,33,5163
ABalappppa,174,247,168,11.1,32,6993
ABalappppa,175,248,161,11.8,31,4657
ABalappppa,176,248,158,11.9,31,4085
ABalappppa,177,245,154,12.0,35,4278
ABalappppa,178,246,154,11.2,33,6259
ABalappppa,179,241,157,11.1,33,7486
ABalappppa,180,241,159,11.1,35,6452
ABalappppa,181,239,158,11.0,33,5657
ABalappppa,182,239,157,10.4,33,6064
ABalappppa,183,240,155,10.2,35,8653
ABalappppa,184,242,162,10.3,35,5079
ABalappppa,185,239,165,10.3,35,5977
ABalappppa,186,233,166,10.1,35,6849
ABalappppa,187,229,158,10.1,35,7863
ABalappppa,188,221,160,10.2,35,8598
ABalappppa,189,218,161,11.0,35,5231
ABalappppa,190,217,160,10.4,33,5917
ABalappppa,191,219,156,10.3,35,7180
ABalappppa,192,217,157,11.1,35,9052
ABalappppa,193,216,157,11.1,35,7436
ABalappppa,194,215,158,11.2,34,8937
ABalappppa,195,214,158,11.2,34,8012
ABalappppa,196,213,159,11.2,33,6717
ABalappppa,197,207,162,11.1,35,7430
ABalappppa,198,203,162,11.1,35,8516
ABalappppa,199,202,160,11.1,35,6482
ABalappppa,200,198,164,11.2,35,8872
ABalappppa,201,198,161,11.3,35,9015
ABalappppa,202,198,161,11.3,35,7336
ABalappppa,203,196,157,12.1,34,12664
ABalappppa,204,195,155,11.3,34,7256
ABalappppa,205,192,156,12.0,34,8720
ABalappppp,173,290,160,11.4,31,5847
ABalappppp,174,291,155,12.0,32,7973
ABalappppp,175,290,155,12.0,31,4565
ABalappppp,176,289,151,12.0,31,4897
ABalappppp,177,289,151,12.0,33,3915
ABalappppp,178,287,151,11.9,31,3696
ABalappppp,179,285,155,11.5,33,4773
ABalappppp,180,281,157,12.0,31,5906
ABalappppp,181,281,155,12.0,31,6114
ABalappppp,182,278,148,11.3,33,4926
ABalappppp,183,282,146,11.2,35,7054
ABalappppp,184,273,148,11.2,33,6005
ABalappppp,185,270,146,11.2,35,5476
ABalappppp,186,262,145,11.1,35,4975
ABalappppp,187,260,142,11.1,33,5743
ABalappppp,188,256,140,10.4,33,4269
ABalappppp,189,254,138,10.9,31,5958
ABalappppp,190,254,135,10.2,33,5837
ABalappppp,191,256,133,10.0,31,7486
ABalappppp,192,252,128,10.2,35,5275
ABalappppp,193,252,127,10.1,35,6001
ABalappppp,194,253,126,10.1,33,7847
ABalappppp,195,252,125,9.4,35,8015
ABalappppp,196,253,128,9.9,31,8906
ABalappppp,197,254,128,9.4,35,7434
ABalappppp,198,256,126,9.3,33,9545
ABalappppp,199,255,125,9.3,33,8527
ABalappppp,200,251,120,10.0,31,7843
ABalappppp,201,250,126,10.2,35,10003
ABalappppp,202,249,125,10.3,34,8204
ABalappppp,203,246,122,10.2,32,6727
ABalappppp,204,248,119,10.2,34,7855
ABalappppp,205,254,114,9.3,32,8227
ABalp,41,174,262,17.7,44,-200
ABalp,42,185,286,18.3,37,159
ABalp,43,197,310,19.0,30,-772
ABalp,44,206,315,18.0,48,444
ABalp,45,214,329,17.0,47,-468
ABalp,46,204,338,14.1,48,-603
ABalp,47,201,321,13.0,49,-181
ABalp,48,186,312,11.1,50,-938
ABalp,49,190,318,13.0,50,-515
ABalp,50,190,330,11.1,51,-150
ABalp,51,194,334,13.1,57,-486
ABalp,52,191,340,14.0,58,-281
ABalp,53,187,347,15.1,56,-203
ABalp,54,194,338,15.6,54,-13
ABalp,55,202,328,16.0,51,-480
ABalpa,56,171,328,15.9,30,-83
ABalpa,57,159,321,15.0,35,1041
ABalpa,58,164,319,15.1,41,88
ABalpa,59,154,318,16.1,44,-44
ABalpa,60,137,308,15.1,47,-847
ABalpa,61,137,301,16.0,49,-453
ABalpa,62,135,297,16.1,52,-651
ABalpa,63,134,287,16.1,52,-340
ABalpa,64,129,279,16.1,56,129
ABalpa,65,136,274,16.0,59,-277
ABalpa,66,133,269,15.1,61,-947
ABalpa,67,135,273,14.2,63,-490
ABalpa,68,140,274,15.1,63,-136
ABalpa,69,139,277,15.3,63,-354
ABalpa,70,142,284,16.0,64,-721
ABalpa,71,144,292,16.1,64,-436
ABalpa,72,149,291,16.2,65,-229
ABalpa,73,149,284,16.2,65,-970
ABalpa,74,149,285,16.1,66,-739
ABalpa,75,146,278,16.0,64,-297
ABalpa,76,141,271,15.7,61,523
ABalpa,77,147,274,13.8,58,-361
ABalpaa,78,136,271,12.7,54,-66
ABalpaa,79,134,263,13.8,50,-425
ABalpaa,80,121,267,14.0,49,-66
ABalpaa,81,119,250,13.2,49,-1592
ABalpaa,82,121,243,13.1,49,-1113
ABalpaa,83,121,234,13.0,51,-537
ABalpaa,84,123,242,12.9,50,-50
ABalpaa,85,123,247,12.0,51,-564
ABalpaa,86,126,248,12.1,52,-38
ABalpaa,87,128,240,12.0,53,-123
ABalpaa,88,127,252,11.9,54,-319
ABalpaa,89,132,242,11.8,54,-508
ABalpaa,90,128,248,12.0,54,153
ABalpaa,91,131,252,12.0,54,-262
ABalpaa,92,132,259,12.0,54,-81
ABalpaa,93,135,257,12.1,54,-470
ABalpaa,94,139,264,13.1,54,-666
ABalpaa,95,133,263,12.1,54,-708
ABalpaa,96,133,263,11.9,54,-551
ABalpaa,97,139,259,12.2,53,-628
ABalpaa,98,140,259,13.1,53,-802
ABalpaa,99,141,265,13.8,53,-266
ABalpaa,100,137,269,13.9,54,594
ABalpaa,101,134,268,14.0,54,-351
ABalpaa,102,128,272,14.0,41,-711
ABalpaaa,103,120,271,16.0,51,-131
ABalpaaa,104,124,273,16.7,48,-224
ABalpaaa,105,122,279,14.1,44,-601
ABalpaaa,106,121,273,14.0,44,-941
ABalpaaa,107,116,277,14.0,44,-677
ABalpaaa,108,115,277,14.1,44,-1091
ABalpaaa,109,120,290,15.0,44,-184
ABalpaaa,110,119,288,15.1,44,48
ABalpaaa,111,119,292,15.0,44,123
ABalpaaa,112,120,295,15.9,44,-501
ABalpaaa,113,119,290,15.1,44,-189
ABalpaaa,114,120,292,16.0,44,-620
ABalpaaa,115,121,293,16.0,44,294
ABalpaaa,116,120,292,15.9,44,-1044
ABalpaaa,117,124,301,16.0,44,-69
ABalpaaa,118,123,294,15.8,44,-452
ABalpaaa,119,120,290,15.1,44,-588
ABalpaaa,120,122,296,14.9,44,197
ABalpaaa,121,123,297,15.1,44,42
ABalpaaa,122,124,300,15.0,44,-18
ABalpaaa,123,125,301,14.9,44,-356
ABalpaaa,124,122,293,14.9,44,193
ABalpaaa,125,118,280,14.2,44,83
ABalpaaa,126,117,274,15.1,44,-1267
ABalpaaa,127,116,270,15.9,44,280
ABalpaaa,128,118,270,15.9,44,111
ABalpaaa,129,117,268,16.0,44,-320
ABalpaaa,130,116,258,16.9,43,269
ABalpaaa,131,117,241,18.0,43,-209
ABalpaaa,132,119,242,18.1,44,165
ABalpaaa,133,120,236,17.3,42,-774
ABalpaaa,134,125,246,18.1,39,274
ABalpaaaa,135,121,227,18.1,38,-50
ABalpaaaa,136,124,233,18.9,37,-53
ABalpaaaa,137,125,239,19.0,38,-153
ABalpaaaa,138,116,246,19.2,37,-200
ABalpaaaa,139,116,236,19.8,37,-332
ABalpaaaa,140,120,247,20.9,37,-1264
ABalpaaaa,141,121,246,20.9,37,9
ABalpaaaa,142,121,245,20.2,37,-612
ABalpaaaa,143,121,251,20.2,37,-493
ABalpaaaa,144,119,249,20.2,37,92
ABalpaaaa,145,115,251,20.1,37,452
ABalpaaaa,146,113,254,20.0,37,1205
ABalpaaaa,147,114,253,20.1,37,-615
ABalpaaaa,148,115,257,20.0,37,1026
ABalpaaaa,149,113,255,19.9,37,-1357
ABalpaaaa,150,114,257,20.0,37,289
ABalpaaaa,151,114,258,20.1,39,-336
ABalpaaaa,152,120,261,20.3,39,-318
ABalpaaaa,153,119,266,20.1,39,-303
ABalpaaaa,154,117,265,20.1,37,-955
ABalpaaaa,155,117,269,20.2,39,-779
ABalpaaaa,156,119,266,21.1,39,1012
ABalpaaaa,157,121,262,21.3,39,237
ABalpaaaa,158,123,258,22.0,39,263
ABalpaaaa,159,120,259,21.2,41,578
ABalpaaaa,160,119,259,21.1,41,-627
ABalpaaaa,161,119,260,21.1,41,-484
ABalpaaaa,162,118,255,21.1,41,-166
ABalpaaaa,163,118,251,21.0,41,-558
ABalpaaaa,164,118,255,21.1,41,-887
ABalpaaaa,165,119,258,21.1,39,394
ABalpaaaa,166,120,261,21.1,39,-137
ABalpaaaa,167,117,264,21.0,41,-172
ABalpaaaa,168,121,268,21.2,38,-779
ABalpaaaa,169,121,270,21.1,38,-510
ABalpaaaa,170,119,270,20.2,39,755
ABalpaaaa,171,116,263,20.1,39,395
ABalpaaaa,172,120,265,21.2,36,-780
ABalpaaaa,173,127,272,22.1,37,-190
ABalpaaaa,174,129,266,20.3,36,452
ABalpaaaa,175,130,266,20.4,35,1069
ABalpaaaaa,176,121,272,18.1,35,231
ABalpaaaaa,177,121,271,19.2,35,-816
ABalpaaaaa,178,124,276,19.1,31,1702
ABalpaaaaa,179,123,276,19.2,35,-139
ABalpaaaaa,180,123,275,20.0,33,656
ABalpaaaaa,181,121,276,20.0,31,-736
ABalpaaaaa,182,118,282,19.0,29,-1066
ABalpaaaaa,183,118,282,19.0,29,81
ABalpaaaaa,184,119,286,19.1,35,-820
ABalpaaaaa,185,120,286,19.0,35,1365
ABalpaaaaa,186,120,286,19.0,35,-473
ABalpaaaaa,187,123,290,21.1,35,-485
ABalpaaaaa,188,123,285,21.1,35,-154
ABalpaaaaa,189,124,284,22.0,31,692
ABalpaaaaa,190,126,283,22.0,35,-1125
ABalpaaaaa,191,126,283,22.2,35,-1445
ABalpaaaaa,192,128,283,22.1,29,1839
ABalpaaaaa,193,128,283,22.1,29,591
ABalpaaaaa,194,133,281,23.1,35,1209
ABalpaaaaa,195,132,281,23.1,35,-450
ABalpaaaaa,196,135,279,23.1,35,413
ABalpaaaaa,197,140,278,23.2,35,-179
ABalpaaaaa,198,140,278,24.0,35,-177
ABalpaaaaa,199,142,281,24.0,35,-221
ABalpaaaaa,200,140,283,23.2,35,-453
ABalpaaaaa,201,138,283,23.2,35,362
ABalpaaaaa,202,143,292,23.2,34,-733
ABalpaaaaa,203,144,298,23.3,34,-145
ABalpaaaaa,204,139,295,23.1,34,-326
ABalpaaaaa,205,137,291,23.1,34,474
ABalpaaaap,176,134,278,22.8,31,-880
ABalpaaaap,177,143,275,24.0,31,1402
ABalpaaaap,178,140,277,24.1,33,1169
ABalpaaaap,179,143,278,23.2,33,-1348
ABalpaaaap,180,149,286,24.1,33,991
ABalpaaaap,181,148,283,24.3,35,-1300
ABalpaaaap,182,144,278,24.1,31,712
ABalpaaaap,183,143,278,24.1,33,529
ABalpaaaap,184,142,277,24.1,35,-783
ABalpaaaap,185,147,279,24.3,35,838
ABalpaaaap,186,149,282,24.4,35,-1009
ABalpaaaap,187,152,284,25.2,35,746
ABalpaaaap,188,156,284,25.3,35,-563
ABalpaaaap,189,157,286,25.3,35,99
ABalpaaaap,190,155,283,25.2,35,422
ABalpaaaap,191,159,278,25.3,35,138
ABalpaaaap,192,162,280,25.3,35,323
ABalpaaaap,193,163,283,25.2,35,-107
ABalpaaaap,194,163,282,25.2,35,-963
ABalpaaaap,195,168,280,25.2,35,999
ABalpaaaap,196,170,275,26.1,35,961
ABalpaaaap,197,172,279,26.1,35,-81
ABalpaaaap,198,167,279,26.1,35,-10
ABalpaaaap,199,169,280,26.0,35,-489
ABalpaaaap,200,166,283,25.3,35,872
ABalpaaaap,201,170,280,26.1,35,321
ABalpaaaap,202,174,280,26.2,34,714
ABalpaaaap,203,172,281,26.1,34,128
ABalpaaaap,204,169,279,26.1,34,1226
ABalpaaaap,205,171,274,26.2,34,-972
ABalpaaap,135,124,275,19.1,38,-533
ABalpaaap,136,127,283,19.0,37,-162
ABalpaaap,137,128,293,19.0,38,355
ABalpaaap,138,130,303,19.0,37,-292
ABalpaaap,139,129,305,19.0,37,-456
ABalpaaap,140,134,315,19.0,37,343
ABalpaaap,141,130,314,18.9,37,-666
ABalpaaap,142,133,313,18.9,37,-3
ABalpaaap,143,133,313,19.0,37,520
ABalpaaap,144,132,312,19.9,37,-47
ABalpaaap,145,136,313,20.0,37,-424
ABalpaaap,146,136,310,20.0,37,-462
ABalpaaap,147,137,312,20.0,39,-64
ABalpaaap,148,135,305,20.1,37,322
ABalpaaap,149,133,305,20.2,37,-586
ABalpaaap,150,134,308,20.2,39,342
ABalpaaap,151,134,308,20.9,37,-1547
ABalpaaap,152,135,308,20.2,37,1059
ABalpaaap,153,140,311,20.2,39,-492
ABalpaaap,154,141,307,20.2,41,-213
ABalpaaap,155,144,308,20.3,41,-12
ABalpaaap,156,145,309,21.9,37,63
ABalpaaap,157,148,302,22.9,37,-1116
ABalpaaap,158,149,305,23.0,39,-143
ABalpaaap,159,151,307,23.1,39,64
ABalpaaap,160,156,316,23.1,37,-1006
ABalpaaap,161,158,317,23.1,37,37
ABalpaaap,162,157,321,23.0,41,168
ABalpaaap,163,154,317,22.3,39,95
ABalpaaap,164,154,316,23.0,41,465
ABalpaaap,165,152,306,23.2,39,-908
ABalpaaap,166,153,302,23.9,37,-237
ABalpaaap,167,158,302,24.1,41,1215
ABalpaaap,168,159,300,24.2,40,157
ABalpaaap,169,152,308,23.2,40,51
ABalpaaap,170,147,304,23.1,39,154
ABalpaaap,171,146,306,22.3,39,653
ABalpaaap,172,153,311,22.3,38,-536
ABalpaaap,173,159,310,22.2,37,-792
ABalpaaap,174,162,306,21.2,36,-121
ABalpaaap,175,170,309,21.2,35,86
ABalpaaap,176,173,301,22.0,31,38
ABalpaaap,177,178,299,23.0,31,-36
ABalpaaapa,178,169,297,23.8,31,678
ABalpaaapa,179,166,298,23.1,31,1384
ABalpaaapa,180,172,299,23.0,31,881
ABalpaaapa,181,171,292,23.0,31,458
ABalpaaapa,182,168,292,23.2,35,-131
ABalpaaapa,183,169,291,23.3,35,252
ABalpaaapa,184,169,292,23.3,35,-308
ABalpaaapa,185,175,301,24.0,35,504
ABalpaaapa,186,176,302,24.0,35,392
ABalpaaapa,187,182,303,24.2,35,-1506
ABalpaaapa,188,181,303,24.2,35,-281
ABalpaaapa,189,180,301,24.2,35,-441
ABalpaaapa,190,173,305,24.1,35,-1142
ABalpaaapa,191,178,302,24.2,35,-63
ABalpaaapa,192,175,308,24.2,35,-824
ABalpaaapa,193,171,310,24.0,35,-206
ABalpaaapa,194,168,314,24.1,35,-513
ABalpaaapa,195,174,312,24.3,35,816
ABalpaaapa,196,174,309,24.3,35,893
ABalpaaapa,197,177,313,24.2,35,413
ABalpaaapa,198,180,314,24.1,35,142
ABalpaaapa,199,181,312,24.1,35,259
ABalpaaapa,200,179,313,24.1,35,-630
ABalpaaapa,201,178,312,24.2,35,809
ABalpaaapa,202,176,315,24.2,34,1452
ABalpaaapa,203,177,314,24.1,34,-341
ABalpaaapa,204,183,306,24.1,34,-240
ABalpaaapa,205,183,298,24.1,34,218
ABalpaaapp,178,202,307,24.1,31,375
ABalpaaapp,179,207,305,23.9,31,-1218
ABalpaaapp,180,214,309,23.1,33,568
ABalpaaapp,181,214,310,23.1,35,18
ABalpaaapp,182,213,313,23.0,35,-754
ABalpaaapp,183,214,318,22.3,35,390
ABalpaaapp,184,214,319,22.3,35,28
ABalpaaapp,185,215,317,21.3,35,-386
ABalpaaapp,186,215,312,21.3,35,-167
ABalpaaapp,187,214,314,22.1,35,1338
ABalpaaapp,188,210,312,22.1,35,439
ABalpaaapp,189,210,311,22.1,35,-47
ABalpaaapp,190,206,307,22.2,35,-854
ABalpaaapp,191,214,309,22.2,35,-190
ABalpaaapp,192,206,309,22.2,35,-397
ABalpaaapp,193,202,309,22.1,35,-1081
ABalpaaapp,194,201,310,22.2,35,-309
ABalpaaapp,195,202,311,22.2,35,-761
ABalpaaapp,196,205,308,22.1,35,1401
ABalpaaapp,197,209,311,21.2,35,-642
ABalpaaapp,198,208,310,22.1,35,759
ABalpaaapp,199,210,312,21.2,35,-958
ABalpaaapp,200,210,317,22.1,35,-450
ABalpaaapp,201,207,318,21.3,35,218
ABalpaaapp,202,209,319,22.0,34,66
ABalpaaapp,203,212,320,22.1,34,783
ABalpaaapp,204,210,320,21.3,34,-1170
ABalpaaapp,205,208,317,22.2,34,59
ABalpaap,103,158,266,12.8,51,-486
ABalpaap,104,165,262,13.1,48,323
ABalpaap,105,169,267,12.2,46,-9
ABalpaap,106,182,262,12.0,44,-509
ABalpaap,107,187,271,11.0,44,-43
ABalpaap,108,186,273,10.4,46,-908
ABalpaap,109,188,274,11.1,44,80
ABalpaap,110,183,278,11.1,44,-376
ABalpaap,111,179,275,11.8,44,-514
ABalpaap,112,176,279,11.2,44,160
ABalpaap,113,172,278,11.2,44,816
ABalpaap,114,166,276,11.8,44,-695
ABalpaap,115,163,271,11.2,46,-142
ABalpaap,116,165,276,11.0,46,-735
ABalpaap,117,164,279,10.2,46,-47
ABalpaap,118,159,286,10.9,44,72
ABalpaap,119,162,287,11.9,44,-623
ABalpaap,120,169,292,11.1,46,-266
ABalpaap,121,175,296,11.2,46,-176
ABalpaap,122,175,294,12.0,46,93
ABalpaap,123,169,296,12.0,44,-558
ABalpaap,124,168,293,12.0,46,-884
ABalpaap,125,163,288,11.3,46,-783
ABalpaap,126,161,296,12.0,44,-329
ABalpaap,127,158,300,12.5,46,-600
ABalpaap,128,161,305,13.9,44,-525
ABalpaap,129,157,301,13.9,44,-150
ABalpaap,130,160,289,13.0,43,-1006
ABalpaapa,131,155,273,14.2,37,-1066
ABalpaapa,132,151,275,14.1,36,-1099
ABalpaapa,133,155,285,13.5,38,-164
ABalpaapa,134,154,285,14.0,39,372
ABalpaapa,135,150,289,14.1,38,-357
ABalpaapa,136,150,282,13.4,41,1602
ABalpaapa,137,148,278,14.0,38,1195
ABalpaapa,138,146,273,14.1,39,-697
ABalpaapa,139,149,270,14.2,41,-637
ABalpaapa,140,157,276,14.1,41,-1127
ABalpaapa,141,156,278,14.2,41,-603
ABalpaapa,142,155,281,14.2,41,-240
ABalpaapa,143,152,290,14.3,39,-568
ABalpaapa,144,150,294,14.3,41,-82
ABalpaapa,145,149,302,14.4,41,-1066
ABalpaapa,146,145,298,15.2,41,-283
ABalpaapa,147,148,304,15.3,41,-379
ABalpaapa,148,152,306,15.3,39,-146
ABalpaapa,149,154,303,15.3,41,711
ABalpaapa,150,153,304,15.3,41,-97
ABalpaapa,151,148,305,15.3,41,-778
ABalpaapa,152,148,308,15.2,41,243
ABalpaapa,153,147,311,16.0,41,325
ABalpaapa,154,149,309,16.1,41,833
ABalpaapa,155,157,308,17.0,41,-814
ABalpaapa,156,154,308,16.3,41,580
ABalpaapa,157,152,309,17.2,41,11
ABalpaapa,158,155,300,17.3,41,-18
ABalpaapa,159,153,299,18.0,41,92
ABalpaapa,160,152,294,19.1,39,328
ABalpaapa,161,150,291,19.0,41,-768
ABalpaapa,162,145,284,19.0,41,-603
ABalpaapa,163,142,279,17.9,37,167
ABalpaapa,164,150,290,17.0,37,-475
ABalpaapaa,165,123,276,16.2,33,-1212
ABalpaapaa,166,126,269,16.4,35,-1045
ABalpaapaa,167,127,276,16.8,37,-394
ABalpaapaa,168,124,282,17.1,36,-193
ABalpaapaa,169,125,280,17.0,36,-169
ABalpaapaa,170,123,276,16.9,35,748
ABalpaapaa,171,118,269,16.1,35,-687
ABalpaapaa,172,116,269,17.1,34,-201
ABalpaapaa,173,120,276,17.5,35,-159
ABalpaapaa,174,121,276,17.2,36,1001
ABalpaapaa,175,120,277,17.1,35,-24
ABalpaapaa,176,121,282,16.0,34,372
ABalpaapaa,177,125,284,17.1,35,-1344
ABalpaapaa,178,125,284,17.1,35,606
ABalpaapaa,179,128,289,17.1,35,162
ABalpaapaa,180,125,294,17.2,35,-270
ABalpaapaa,181,129,287,17.2,35,-660
ABalpaapaa,182,125,292,17.0,35,-464
ABalpaapaa,183,123,290,16.3,35,-751
ABalpaapaa,184,122,291,16.3,35,554
ABalpaapaa,185,124,293,17.2,35,102
ABalpaapaa,186,127,294,17.3,35,-225
ABalpaapaa,187,127,296,18.1,35,580
ABalpaapaa,188,128,297,18.2,35,128
ABalpaapaa,189,126,296,18.2,35,126
ABalpaapaa,190,125,293,18.1,35,-305
ABalpaapaa,191,124,290,18.3,35,-1057
ABalpaapaa,192,127,289,19.2,35,-258
ABalpaapaa,193,131,283,19.2,35,469
ABalpaapaa,194,132,281,19.4,35,-197
ABalpaapaa,195,129,277,19.3,35,-370
ABalpaapaa,196,127,275,20.1,35,256
ABalpaapaa,197,132,274,20.1,35,421
ABalpaapaa,198,133,272,19.3,35,447
ABalpaapaa,199,134,270,19.1,35,-557
ABalpaapaa,200,135,271,19.1,35,-436
ABalpaapaa,201,136,274,18.3,35,690
ABalpaapaa,202,137,274,18.2,34,-373
ABalpaapaa,203,144,279,17.3,34,-678
ABalpaapaa,204,146,278,16.4,34,-786
ABalpaapaa,205,142,275,17.1,34,381
ABalpaapap,165,159,303,18.1,35,201
ABalpaapap,166,163,304,18.1,37,-503
ABalpaapap,167,166,313,17.9,37,-1224
ABalpaapap,168,168,325,17.2,38,-1039
ABalpaapap,169,168,322,17.4,38,-858
ABalpaapap,170,155,321,17.2,39,444
ABalpaapap,171,156,313,17.1,39,-186
ABalpaapap,172,157,307,17.2,38,532
ABalpaapap,173,161,313,18.0,37,824
ABalpaapap,174,161,313,18.0,37,-820
ABalpaapap,175,161,311,18.2,35,572
ABalpaapap,176,160,308,18.2,35,927
ABalpaapap,177,159,303,19.1,35,151
ABalpaapap,178,153,310,20.0,35,-216
ABalpaapap,179,151,308,19.2,35,-802
ABalpaapap,180,147,313,19.1,35,-1760
ABalpaapap,181,156,307,19.0,35,-89
ABalpaapap,182,151,306,19.1,35,-107
ABalpaapap,183,155,305,18.2,35,-798
ABalpaapap,184,155,305,18.3,35,-522
ABalpaapap,185,149,306,19.0,35,406
ABalpaapap,186,158,308,19.2,35,805
ABalpaapap,187,157,309,19.3,35,-122
ABalpaapap,188,156,308,20.1,35,-636
ABalpaapap,189,148,307,20.1,35,-348
ABalpaapap,190,162,299,19.3,35,-612
ABalpaapap,191,157,298,19.2,35,-470
ABalpaapap,192,160,303,19.0,35,-1693
ABalpaapap,193,161,302,19.1,35,-222
ABalpaapap,194,159,303,19.2,35,-1058
ABalpaapap,195,151,302,20.1,35,-116
ABalpaapap,196,156,300,20.1,35,-449
ABalpaapap,197,155,304,20.0,35,-344
ABalpaapap,198,162,300,20.0,35,1015
ABalpaapap,199,165,291,20.1,35,-1459
ABalpaapap,200,173,294,20.1,35,-756
ABalpaapap,201,174,293,20.1,35,-1275
ABalpaapap,202,177,294,20.1,34,-496
ABalpaapap,203,173,293,20.2,34,134
ABalpaapap,204,178,298,20.0,30,280
ABalpaapap,205,165,289,20.3,32,-917
ABalpaapp,131,174,303,15.0,28,48
ABalpaapp,132,182,314,15.2,40,52
ABalpaapp,133,184,315,16.1,40,161
ABalpaapp,134,187,318,16.2,39,-663
ABalpaapp,135,194,322,17.0,38,436
ABalpaapp,136,203,320,16.3,41,-227
ABalpaapp,137,206,313,17.0,38,-422
ABalpaapp,138,205,315,17.0,41,43
ABalpaapp,139,200,310,17.0,37,-170
ABalpaapp,140,203,315,17.9,37,-1234
ABalpaapp,141,198,314,18.9,37,-330
ABalpaapp,142,201,316,19.1,41,76
ABalpaapp,143,195,319,19.1,41,-271
ABalpaapp,144,193,318,19.9,37,-1745
ABalpaapp,145,192,321,19.3,41,1339
ABalpaapp,146,195,320,20.1,39,-477
ABalpaapp,147,194,319,20.1,39,-1300
ABalpaapp,148,193,323,20.1,37,540
ABalpaapp,149,193,321,19.2,37,1450
ABalpaapp,150,196,324,19.1,39,-358
ABalpaapp,151,199,324,19.9,37,363
ABalpaapp,152,195,325,19.2,41,1704
ABalpaapp,153,196,330,18.4,39,215
ABalpaapp,154,194,327,18.2,39,-1200
ABalpaapp,155,197,327,18.3,41,-1743
ABalpaapp,156,195,327,18.3,39,-356
ABalpaapp,157,201,327,19.2,41,46
ABalpaapp,158,201,331,19.3,41,760
ABalpaapp,159,196,334,19.1,41,-861
ABalpaapp,160,197,336,18.4,39,-1205
ABalpaapp,161,195,337,18.3,39,311
ABalpaapp,162,197,333,18.4,39,-1034
ABalpaapp,163,197,335,19.0,41,-373
ABalpaapp,164,188,334,19.0,39,-354
ABalpaapp,165,192,335,19.3,41,-744
ABalpaapp,166,189,337,20.0,39,-994
ABalpaapp,167,190,344,20.1,39,-216
ABalpaapp,168,181,348,20.1,36,-816
ABalpaapp,169,177,351,20.1,36,-394
ABalpaapp,170,180,349,19.0,35,146
ABalpaapp,171,172,347,18.9,35,351
ABalpaappa,172,161,345,18.3,32,-742
ABalpaappa,173,166,354,18.9,33,290
ABalpaappa,174,165,355,19.0,32,258
ABalpaappa,175,169,356,18.1,31,-675
ABalpaappa,176,165,348,18.9,31,-429
ABalpaappa,177,166,345,19.0,31,-1059
ABalpaappa,178,167,347,19.3,33,339
ABalpaappa,179,171,347,19.2,33,-22
ABalpaappa,180,168,352,19.1,31,830
ABalpaappa,181,163,348,20.0,31,-195
ABalpaappa,182,157,346,19.3,35,-176
ABalpaappa,183,154,343,19.2,35,329
ABalpaappa,184,151,345,19.1,35,-252
ABalpaappa,185,155,343,20.1,33,25
ABalpaappa,186,158,343,20.3,33,383
ABalpaappa,187,162,344,21.1,35,-960
ABalpaappa,188,158,344,20.2,35,-647
ABalpaappa,189,160,347,20.1,35,-39
ABalpaappa,190,157,342,20.1,35,61
ABalpaappa,191,158,337,21.1,35,-509
ABalpaappa,192,163,343,21.1,35,810
ABalpaappa,193,162,339,21.1,35,1041
ABalpaappa,194,163,338,20.2,35,233
ABalpaappa,195,162,341,21.0,35,-42
ABalpaappa,196,162,340,21.2,35,893
ABalpaappa,197,166,341,21.2,35,908
ABalpaappa,198,168,344,21.2,35,41
ABalpaappa,199,166,344,22.0,35,294
ABalpaappa,200,162,347,21.1,35,80
ABalpaappa,201,165,340,21.2,35,-991
ABalpaappa,202,168,346,21.2,34,512
ABalpaappa,203,171,351,22.3,34,-509
ABalpaappa,204,162,342,22.0,34,-152
ABalpaappa,205,163,335,23.1,34,-1448
ABalpaappp,172,201,351,20.0,34,999
ABalpaappp,173,210,349,19.9,33,2136
ABalpaappp,174,215,342,20.0,32,-1133
ABalpaappp,175,219,334,19.4,35,64
ABalpaappp,176,219,330,19.2,35,-320
ABalpaappp,177,221,327,20.0,35,-243
ABalpaappp,178,216,327,19.2,35,-1013
ABalpaappp,179,217,331,19.1,35,-754
ABalpaappp,180,214,336,19.1,35,17
ABalpaappp,181,209,339,19.2,35,619
ABalpaappp,182,202,341,19.1,35,108
ABalpaappp,183,196,344,19.1,35,53
ABalpaappp,184,193,345,19.3,35,-142
ABalpaappp,185,193,346,19.3,35,-922
ABalpaappp,186,197,346,20.0,35,481
ABalpaappp,187,200,349,20.0,35,346
ABalpaappp,188,198,346,19.3,35,-72
ABalpaappp,189,196,342,19.4,33,-378
ABalpaappp,190,195,341,20.1,35,-269
ABalpaappp,191,195,340,20.0,35,-279
ABalpaappp,192,198,338,20.0,35,-123
ABalpaappp,193,196,342,20.1,35,429
ABalpaappp,194,194,344,20.2,35,-6
ABalpaappp,195,198,342,20.1,35,-258
ABalpaappp,196,198,342,20.3,35,-163
ABalpaappp,197,204,343,20.3,35,39
ABalpaappp,198,201,348,21.1,35,728
ABalpaappp,199,202,350,20.3,35,-612
ABalpaappp,200,203,350,21.0,35,-192
ABalpaappp,201,202,349,20.2,35,-765
ABalpaappp,202,207,351,20.3,34,-347
ABalpaappp,203,206,352,21.0,34,487
ABalpaappp,204,201,354,21.1,34,255
ABalpaappp,205,195,353,21.1,34,-679
ABalpap,78,163,309,15.1,52,275
ABalpap,79,166,319,16.0,50,-154
ABalpap,80,169,325,17.0,49,-209
ABalpap,81,171,328,17.0,51,153
ABalpap,82,172,334,17.0,53,-202
ABalpap,83,170,340,16.1,53,-225
ABalpap,84,179,342,16.1,50,-559
ABalpap,85,182,352,15.2,53,-415
ABalpap,86,184,352,14.9,52,-591
ABalpap,87,180,346,14.1,53,-1140
ABalpap,88,184,351,14.2,54,-70
ABalpap,89,189,355,14.3,54,-209
ABalpap,90,187,351,15.0,54,-464
ABalpap,91,184,351,15.8,54,-539
ABalpap,92,184,347,16.1,56,-697
ABalpap,93,189,347,16.8,54,-97
ABalpap,94,189,348,17.1,54,-709
ABalpap,95,185,354,18.0,54,-145
ABalpap,96,181,351,17.9,54,-211
ABalpap,97,189,348,17.8,53,-1088
ABalpap,98,184,344,18.0,53,359
ABalpap,99,185,343,17.2,55,-59
ABalpap,100,182,342,17.3,50,-528
ABalpap,101,180,343,18.1,60,366
ABalpapa,102,158,335,18.8,53,233
ABalpapa,103,152,331,18.1,51,222
ABalpapa,104,150,332,17.9,48,8
ABalpapa,105,149,331,17.0,46,153
ABalpapa,106,149,332,16.9,44,-751
ABalpapa,107,150,336,17.0,44,-375
ABalpapa,108,154,344,17.0,44,-243
ABalpapa,109,156,348,17.0,44,872
ABalpapa,110,152,342,18.0,44,-173
ABalpapa,111,153,342,18.0,44,248
ABalpapa,112,154,343,17.9,44,-2
ABalpapa,113,154,345,17.1,44,-109
ABalpapa,114,158,342,17.9,44,-619
ABalpapa,115,154,344,17.1,44,-202
ABalpapa,116,155,346,18.0,44,-1055
ABalpapa,117,164,354,17.9,44,-443
ABalpapa,118,160,351,18.0,44,-603
ABalpapa,119,162,352,18.0,44,14
ABalpapa,120,163,352,18.1,44,-71
ABalpapa,121,160,351,17.9,44,-444
ABalpapa,122,157,349,17.9,44,-1052
ABalpapa,123,158,349,18.0,44,-1028
ABalpapa,124,156,346,17.9,44,-833
ABalpapa,125,147,334,18.0,44,-791
ABalpapa,126,143,329,19.0,44,231
ABalpapa,127,143,318,20.0,44,-973
ABalpapa,128,143,311,20.1,46,82
ABalpapa,129,147,308,20.1,46,-238
ABalpapa,130,142,303,20.1,45,25
ABalpapa,131,145,297,21.0,43,-577
ABalpapa,132,145,294,21.0,42,-584
ABalpapa,133,150,285,21.9,40,-749
ABalpapaa,134,136,285,21.0,37,664
ABalpapaa,135,140,302,21.0,38,429
ABalpapaa,136,142,308,22.0,37,270
ABalpapaa,137,148,311,22.9,38,479
ABalpapaa,138,147,320,21.9,37,-1361
ABalpapaa,139,147,326,21.2,39,-164
ABalpapaa,140,151,336,21.0,37,365
ABalpapaa,141,148,333,21.0,37,127
ABalpapaa,142,146,331,21.0,39,254
ABalpapaa,143,153,334,21.2,37,909
ABalpapaa,144,152,334,21.1,37,871
ABalpapaa,145,159,332,22.9,37,36
ABalpapaa,146,157,328,22.0,37,747
ABalpapaa,147,159,328,22.3,41,0
ABalpapaa,148,158,331,22.8,37,-757
ABalpapaa,149,163,333,22.1,37,-228
ABalpapaa,150,166,332,22.1,41,-338
ABalpapaa,151,167,332,22.0,41,201
ABalpapaa,152,165,336,21.2,41,-1312
ABalpapaa,153,170,342,21.2,41,-669
ABalpapaa,154,169,341,21.2,39,869
ABalpapaa,155,173,339,22.1,39,-467
ABalpapaa,156,172,340,22.1,39,-772
ABalpapaa,157,173,337,22.3,39,-691
ABalpapaa,158,177,339,23.0,39,-1323
ABalpapaa,159,177,338,23.0,39,-74
ABalpapaa,160,187,344,23.1,39,-1328
ABalpapaa,161,184,341,23.1,39,446
ABalpapaa,162,185,335,23.1,29,-143
ABalpapaa,163,181,328,24.0,29,881
ABalpapaa,164,183,325,24.1,29,-1509
ABalpapaa,165,185,325,23.1,41,1415
ABalpapaa,166,181,332,23.1,41,-307
ABalpapaa,167,184,339,23.0,41,542
ABalpapaa,168,187,333,24.0,38,131
ABalpapaa,169,187,327,24.2,38,-448
ABalpapaa,170,182,321,24.1,35,1198
ABalpapaa,171,181,326,24.0,35,319
ABalpapaa,172,188,325,23.9,34,83
ABalpapaa,173,192,331,24.0,33,-905
ABalpapaaa,174,177,326,24.0,32,-360
ABalpapaaa,175,178,344,23.9,31,-31
ABalpapaaa,176,175,345,23.1,33,597
ABalpapaaa,177,175,348,23.0,33,-801
ABalpapaaa,178,181,347,23.2,35,-420
ABalpapaaa,179,176,346,23.1,35,-754
ABalpapaaa,180,177,349,23.1,35,747
ABalpapaaa,181,175,344,23.2,35,-549
ABalpapaaa,182,173,346,23.2,35,-917
ABalpapaaa,183,169,345,23.2,35,-97
ABalpapaaa,184,176,348,23.3,35,500
ABalpapaaa,185,176,348,23.2,35,-776
ABalpapaaa,186,181,346,24.2,35,-757
ABalpapaaa,187,185,349,24.1,35,247
ABalpapaaa,188,186,353,24.0,35,-58
ABalpapaaa,189,187,348,24.1,35,-80
ABalpapaaa,190,183,349,24.1,35,-120
ABalpapaaa,191,183,347,24.1,35,66
ABalpapaaa,192,184,352,23.2,35,-618
ABalpapaaa,193,186,351,24.1,35,-1122
ABalpapaaa,194,188,352,24.0,35,399
ABalpapaaa,195,193,354,23.1,35,-722
ABalpapaaa,196,189,351,24.0,35,-1606
ABalpapaaa,197,195,350,24.1,35,-938
ABalpapaaa,198,196,350,24.1,35,1737
ABalpapaaa,199,201,351,24.0,35,-459
ABalpapaaa,200,202,353,24.0,35,-763
ABalpapaaa,201,203,355,24.1,35,66
ABalpapaaa,202,205,357,24.1,34,-498
ABalpapaaa,203,211,353,25.1,34,594
ABalpapaaa,204,212,352,25.0,34,-242
ABalpapaaa,205,212,352,25.0,34,187
ABalpapaap,174,217,329,24.9,32,-432
ABalpapaap,175,219,329,25.9,31,591
ABalpapaap,176,219,322,25.1,33,498
ABalpapaap,177,222,325,26.0,33,-94
ABalpapaap,178,233,327,25.3,33,-131
ABalpapaap,179,229,335,26.2,35,-1203
ABalpapaap,180,228,344,26.2,33,1804
ABalpapaap,181,222,344,26.2,35,248
ABalpapaap,182,216,342,27.0,33,753
ABalpapaap,183,214,343,26.2,35,1890
ABalpapaap,184,214,339,26.1,33,-1403
ABalpapaap,185,212,336,26.2,35,-301
ABalpapaap,186,215,333,26.1,35,-495
ABalpapaap,187,222,339,26.3,33,1536
ABalpapaap,188,223,338,26.0,31,791
ABalpapaap,189,222,335,25.1,35,-589
ABalpapaap,190,218,333,25.1,31,2038
ABalpapaap,191,221,336,25.1,35,-460
ABalpapaap,192,221,335,25.1,33,268
ABalpapaap,193,219,331,25.2,35,-134
ABalpapaap,194,219,332,25.2,35,696
ABalpapaap,195,222,332,25.2,35,761
ABalpapaap,196,222,332,25.1,35,-467
ABalpapaap,197,229,332,25.3,35,1035
ABalpapaap,198,230,330,26.1,35,1000
ABalpapaap,199,234,327,26.2,35,-268
ABalpapaap,200,234,331,26.1,35,1356
ABalpapaap,201,232,335,25.2,35,-271
ABalpapaap,202,233,336,25.1,34,1149
ABalpapaap,203,240,334,25.1,34,-244
ABalpapaap,204,238,335,24.1,34,-473
ABalpapaap,205,239,340,24.2,34,144
ABalpapap,134,169,310,22.9,39,524
ABalpapap,135,180,320,24.0,38,-382
ABalpapap,136,189,321,24.0,37,-317
ABalpapap,137,190,333,24.9,38,1163
ABalpapap,138,192,331,24.1,41,859
ABalpapap,139,193,332,24.2,39,-491
ABalpapap,140,196,340,24.2,41,99
ABalpapap,141,199,340,24.4,39,-73
ABalpapap,142,199,342,25.1,41,-921
ABalpapap,143,199,342,25.1,41,-1172
ABalpapap,144,204,334,26.0,41,-895
ABalpapap,145,210,331,25.2,41,-556
ABalpapap,146,208,321,25.1,41,-210
ABalpapap,147,209,322,25.1,41,-619
ABalpapap,148,204,321,25.1,41,-1071
ABalpapap,149,201,325,25.2,41,-70
ABalpapap,150,196,322,25.1,41,-492
ABalpapap,151,198,329,25.1,41,-983
ABalpapap,152,198,329,25.1,41,-322
ABalpapap,153,198,331,25.1,37,-197
ABalpapap,154,200,330,25.0,37,93
ABalpapap,155,198,322,24.3,41,900
ABalpapap,156,204,322,25.1,39,-321
ABalpapap,157,208,331,25.2,41,-452
ABalpapap,158,213,331,26.0,41,72
ABalpapap,159,216,335,25.1,41,64
ABalpapap,160,225,339,25.1,41,338
ABalpapap,161,219,341,24.2,41,961
ABalpapap,162,220,338,24.1,41,-1039
ABalpapap,163,221,333,24.0,41,-468
ABalpapap,164,220,336,25.1,41,-251
ABalpapap,165,218,340,26.1,41,296
ABalpapap,166,220,341,26.0,41,266
ABalpapap,167,223,343,25.1,41,-94
ABalpapap,168,233,345,26.1,40,311
ABalpapap,169,233,342,25.1,38,1114
ABalpapap,170,225,342,25.1,39,121
ABalpapap,171,226,341,24.0,35,-783
ABalpapap,172,237,348,24.0,34,-3
ABalpapapa,173,222,356,23.1,33,266
ABalpapapa,174,223,363,24.2,32,397
ABalpapapa,175,225,368,24.1,33,-1020
ABalpapapa,176,222,365,24.2,35,107
ABalpapapa,177,222,364,24.2,35,-147
ABalpapapa,178,224,362,25.1,35,-484
ABalpapapa,179,222,370,24.2,35,346
ABalpapapa,180,220,376,23.2,35,-1304
ABalpapapa,181,218,372,24.0,35,925
ABalpapapa,182,216,370,23.2,35,-1526
ABalpapapa,183,215,371,23.2,35,104
ABalpapapa,184,217,373,24.0,35,173
ABalpapapa,185,218,372,23.2,35,-1184
ABalpapapa,186,227,368,24.2,35,-1605
ABalpapapa,187,230,367,24.2,35,-702
ABalpapapa,188,234,367,24.2,35,823
ABalpapapa,189,234,368,24.3,35,-1024
ABalpapapa,190,232,366,24.2,35,-455
ABalpapapa,191,227,371,24.2,35,-956
ABalpapapa,192,233,369,25.0,35,8
ABalpapapa,193,234,365,25.0,35,-1564
ABalpapapa,194,236,367,24.1,35,56
ABalpapapa,195,242,365,25.2,35,-13
ABalpapapa,196,239,364,25.0,35,451
ABalpapapa,197,243,367,25.0,35,-334
ABalpapapa,198,247,364,25.2,35,-391
ABalpapapa,199,255,366,26.0,35,-535
ABalpapapa,200,259,361,26.1,35,415
ABalpapapa,201,253,364,25.2,35,606
ABalpapapa,202,258,365,25.3,34,-45
ABalpapapa,203,263,362,25.1,34,-1582
ABalpapapa,204,265,362,25.2,34,-20
ABalpapapa,205,264,360,25.2,34,-718
ABalpapapp,173,256,349,24.1,33,584
ABalpapapp,174,271,345,24.9,32,-104
ABalpapapp,175,271,345,26.0,35,-183
ABalpapapp,176,267,341,26.0,35,515
ABalpapapp,177,273,336,27.0,31,1362
ABalpapapp,178,279,342,26.1,35,-279
ABalpapapp,179,278,346,27.0,31,272
ABalpapapp,180,271,356,26.2,33,-395
ABalpapapp,181,267,364,26.1,35,-767
ABalpapapp,182,267,366,26.1,35,32
ABalpapapp,183,261,366,26.1,35,286
ABalpapapp,184,264,364,26.2,35,1654
ABalpapapp,185,261,359,26.1,35,-1078
ABalpapapp,186,263,355,26.2,35,766
ABalpapapp,187,270,365,25.2,35,134
ABalpapapp,188,271,367,26.0,35,-676
ABalpapapp,189,267,363,26.0,35,-347
ABalpapapp,190,268,365,25.1,35,692
ABalpapapp,191,269,367,25.0,35,-1735
ABalpapapp,192,273,368,25.0,35,-24
ABalpapapp,193,271,365,25.1,33,1179
ABalpapapp,194,273,367,25.3,35,743
ABalpapapp,195,275,365,26.0,35,172
ABalpapapp,196,280,362,25.1,35,1379
ABalpapapp,197,283,362,25.1,34,793
ABalpapapp,198,286,361,25.1,33,-277
ABalpapapp,199,289,361,25.1,32,435
ABalpapapp,200,292,360,25.1,31,-1728
ABalpapapp,201,296,359,25.1,29,881
ABalpapapp,202,297,375,25.1,34,372
ABalpapapp,203,297,370,25.1,34,110
ABalpapapp,204,296,367,24.0,34,-514
ABalpapapp,205,301,375,25.1,34,-470
ABalpapp,102,209,357,19.2,53,551
ABalpapp,103,209,361,18.9,51,217
ABalpapp,104,213,366,19.0,48,163
ABalpapp,105,224,374,20.0,46,798
ABalpapp,106,232,378,20.1,44,-1067
ABalpapp,107,232,382,20.0,44,-274
ABalpapp,108,235,376,20.0,46,58
ABalpapp,109,234,377,20.0,44,604
ABalpapp,110,236,377,20.0,44,911
ABalpapp,111,228,378,19.0,44,39
ABalpapp,112,228,380,18.9,44,-1139
ABalpapp,113,229,381,18.1,46,56
ABalpapp,114,227,384,17.1,44,-915
ABalpapp,115,223,381,16.2,46,-256
ABalpapp,116,222,376,17.2,46,-1223
ABalpapp,117,229,376,17.0,46,343
ABalpapp,118,224,373,17.1,44,-11
ABalpapp,119,228,378,17.2,46,-466
ABalpapp,120,226,378,17.3,46,-25
ABalpapp,121,220,374,19.0,44,-252
ABalpapp,122,217,373,19.0,46,-82
ABalpapp,123,218,371,19.2,46,-142
ABalpapp,124,216,370,19.3,46,-339
ABalpapp,125,210,360,19.9,44,359
ABalpapp,126,200,354,20.9,44,699
ABalpapp,127,200,353,21.0,44,-462
ABalpapp,128,202,345,22.0,40,187
ABalpapp,129,199,332,22.0,38,481
ABalpappa,130,184,318,22.1,43,-882
ABalpappa,131,185,315,23.0,43,-82
ABalpappa,132,190,314,23.9,42,678
ABalpappa,133,196,307,24.0,40,151
ABalpappa,134,206,305,26.0,39,-184
ABalpappa,135,211,297,26.1,42,240
ABalpappa,136,216,294,26.0,41,281
ABalpappa,137,221,305,26.1,42,194
ABalpappa,138,220,308,26.1,41,365
ABalpappa,139,220,313,26.1,41,387
ABalpappa,140,229,314,26.1,41,504
ABalpappa,141,221,314,27.0,37,-354
ABalpappa,142,222,314,26.2,41,265
ABalpappa,143,221,309,26.2,39,-825
ABalpappa,144,226,296,26.1,41,528
ABalpappa,145,231,293,25.3,41,-63
ABalpappa,146,229,286,25.2,41,570
ABalpappa,147,228,287,25.3,41,-1078
ABalpappa,148,231,290,25.2,41,-445
ABalpappa,149,231,293,26.0,41,-721
ABalpappa,150,233,292,26.0,41,476
ABalpappa,151,237,298,25.2,41,191
ABalpappa,152,235,297,25.2,41,43
ABalpappa,153,232,295,25.1,39,-396
ABalpappa,154,235,297,26.0,41,546
ABalpappa,155,242,295,25.2,41,-620
ABalpappa,156,241,289,26.0,41,703
ABalpappa,157,248,297,26.1,41,350
ABalpappa,158,242,296,26.1,41,-220
ABalpappa,159,237,296,26.1,41,325
ABalpappa,160,231,289,26.1,41,-496
ABalpappa,161,228,286,26.1,41,223
ABalpappa,162,224,285,26.0,41,-558
ABalpappa,163,220,284,25.1,41,1635
ABalpappa,164,217,287,26.1,37,-638
ABalpappa,165,230,282,25.9,37,1433
ABalpappaa,166,220,286,25.5,32,-332
ABalpappaa,167,209,291,25.0,27,884
ABalpappaa,168,214,293,25.1,36,605
ABalpappaa,169,215,293,24.0,36,-354
ABalpappaa,170,212,293,25.0,35,530
ABalpappaa,171,206,295,24.1,35,348
ABalpappaa,172,219,297,25.0,34,-636
ABalpappaa,173,224,302,25.1,37,280
ABalpappaa,174,229,299,24.2,36,-1057
ABalpappaa,175,227,301,25.1,35,-260
ABalpappaa,176,223,293,25.1,35,249
ABalpappaa,177,223,292,25.0,35,84
ABalpappaa,178,232,287,24.2,35,-726
ABalpappaa,179,235,297,24.2,35,689
ABalpappaa,180,235,297,24.2,35,-50
ABalpappaa,181,228,311,25.2,35,-12
ABalpappaa,182,227,311,25.1,35,-737
ABalpappaa,183,226,313,25.1,35,97
ABalpappaa,184,224,312,25.1,35,-179
ABalpappaa,185,229,313,24.1,35,1200
ABalpappaa,186,224,308,24.0,35,660
ABalpappaa,187,231,310,25.0,35,366
ABalpappaa,188,231,306,25.0,35,-1195
ABalpappaa,189,233,306,25.1,35,543
ABalpappaa,190,232,306,24.1,35,-223
ABalpappaa,191,234,306,24.2,35,128
ABalpappaa,192,233,303,24.2,35,266
ABalpappaa,193,233,305,25.0,35,-687
ABalpappaa,194,238,305,24.1,35,-67
ABalpappaa,195,240,301,24.1,35,-1178
ABalpappaa,196,240,301,24.1,35,-946
ABalpappaa,197,242,299,24.0,35,-838
ABalpappaa,198,235,296,23.1,35,694
ABalpappaa,199,239,295,23.1,35,1008
ABalpappaa,200,237,301,24.2,35,178
ABalpappaa,201,239,303,24.1,35,-444
ABalpappaa,202,237,305,24.1,34,-1070
ABalpappaa,203,236,304,24.1,34,435
ABalpappaa,204,238,302,24.1,34,-779
ABalpappaa,205,233,307,24.1,34,-586
ABalpappap,166,248,285,26.0,37,-533
ABalpappap,167,258,301,25.0,37,-460
ABalpappap,168,261,298,26.1,36,182
ABalpappap,169,264,301,26.0,36,705
ABalpappap,170,266,308,26.1,35,104
ABalpappap,171,266,308,26.1,35,996
ABalpappap,172,273,312,26.1,32,-1704
ABalpappap,173,280,317,26.1,29,1859
ABalpappap,174,285,316,26.0,32,529
ABalpappap,175,281,312,26.0,31,-1622
ABalpappap,176,285,304,26.1,33,360
ABalpappap,177,285,304,26.1,33,-514
ABalpappap,178,282,300,26.0,35,-558
ABalpappap,179,277,299,26.1,35,459
ABalpappap,180,271,308,25.2,35,-19
ABalpappap,181,273,307,25.2,35,-128
ABalpappap,182,267,313,25.1,35,-800
ABalpappap,183,268,315,25.1,29,-237
ABalpappap,184,263,314,25.1,29,-1237
ABalpappap,185,258,311,25.0,35,501
ABalpappap,186,266,308,25.1,35,-1060
ABalpappap,187,267,314,25.1,35,-912
ABalpappap,188,270,313,25.0,35,-1195
ABalpappap,189,266,311,25.1,35,366
ABalpappap,190,269,317,25.1,35,1607
ABalpappap,191,270,314,25.1,35,-158
ABalpappap,192,268,316,24.2,35,-248
ABalpappap,193,268,315,24.2,35,-797
ABalpappap,194,269,319,24.1,35,-279
ABalpappap,195,269,320,24.0,35,-161
ABalpappap,196,265,314,24.2,35,-51
ABalpappap,197,269,309,25.1,35,-106
ABalpappap,198,263,307,24.1,35,-93
ABalpappap,199,263,307,24.1,35,606
ABalpappap,200,268,311,23.0,29,1380
ABalpappap,201,267,311,23.0,35,-216
ABalpappap,202,266,319,24.1,34,583
ABalpappap,203,271,319,23.2,34,-144
ABalpappap,204,267,318,24.0,34,184
ABalpappap,205,266,321,24.1,34,362
ABalpappp,130,223,355,23.0,43,-60
ABalpappp,131,228,358,24.1,43,-744
ABalpappp,132,235,355,24.9,42,97
ABalpappp,133,242,350,26.0,40,-1461
ABalpappp,134,264,342,26.1,43,-362
ABalpappp,135,268,339,26.2,42,1257
ABalpappp,136,268,345,26.1,41,655
ABalpappp,137,268,347,27.0,40,-858
ABalpappp,138,266,342,27.1,41,145
ABalpappp,139,269,341,26.2,41,-1472
ABalpappp,140,278,332,27.0,41,388
ABalpappp,141,273,325,26.1,41,-1345
ABalpappp,142,274,321,26.0,41,-798
ABalpappp,143,271,319,26.1,41,1112
ABalpappp,144,266,318,26.1,41,-167
ABalpappp,145,277,299,26.1,41,-815
ABalpappp,146,271,289,26.1,41,1120
ABalpappp,147,273,283,25.1,41,-288
ABalpappp,148,273,278,26.1,41,428
ABalpappp,149,278,275,26.0,41,-749
ABalpappp,150,278,278,26.0,41,88
ABalpappp,151,283,279,25.2,41,12
ABalpappp,152,280,278,25.1,41,307
ABalpappp,153,275,274,26.0,41,-298
ABalpappp,154,274,274,25.1,39,616
ABalpappp,155,279,276,24.1,41,90
ABalpappp,156,280,275,24.2,41,933
ABalpappp,157,282,276,24.1,41,-649
ABalpappp,158,280,276,23.2,41,141
ABalpappp,159,283,294,22.0,41,1157
ABalpappp,160,272,285,22.2,41,-381
ABalpappp,161,269,285,22.1,39,-358
ABalpappp,162,264,286,23.1,37,112
ABalpappp,163,265,290,23.9,37,-153
ABalpapppa,164,251,294,22.9,37,394
ABalpapppa,165,244,292,23.0,41,630
ABalpapppa,166,257,303,22.1,37,84
ABalpapppa,167,259,312,22.0,37,326
ABalpapppa,168,254,317,22.0,36,-1285
ABalpapppa,169,252,317,21.9,36,-1269
ABalpapppa,170,250,316,21.2,39,-476
ABalpapppa,171,242,310,21.2,37,-71
ABalpapppa,172,244,310,21.1,38,29
ABalpapppa,173,241,310,21.2,35,-621
ABalpapppa,174,242,320,21.3,36,379
ABalpapppa,175,248,319,22.1,35,-34
ABalpapppa,176,247,316,22.2,35,144
ABalpapppa,177,242,309,22.2,35,-790
ABalpapppa,178,250,308,22.1,35,807
ABalpapppa,179,255,307,22.0,35,-980
ABalpapppa,180,256,324,22.1,29,-1178
ABalpapppa,181,252,328,22.2,35,-1198
ABalpapppa,182,250,328,22.1,35,-1177
ABalpapppa,183,250,315,21.0,35,277
ABalpapppa,184,251,320,22.2,35,-1363
ABalpapppa,185,250,318,22.0,35,-385
ABalpapppa,186,251,318,22.0,35,439
ABalpapppa,187,252,315,22.0,35,1201
ABalpapppa,188,250,313,21.3,35,-148
ABalpapppa,189,251,316,22.0,35,734
ABalpapppa,190,248,314,22.1,35,-301
ABalpapppa,191,256,318,21.2,35,-84
ABalpapppa,192,247,322,21.0,35,103
ABalpapppa,193,244,323,20.0,35,139
ABalpapppa,194,250,312,21.1,35,-88
ABalpapppa,195,251,311,21.1,35,346
ABalpapppa,196,244,299,21.3,35,-2358
ABalpapppa,197,252,298,21.2,35,267
ABalpapppa,198,254,301,21.1,35,-935
ABalpapppa,199,256,302,21.1,35,-902
ABalpapppa,200,259,306,21.1,35,492
ABalpapppa,201,257,298,21.1,35,358
ABalpapppa,202,257,292,21.1,34,-291
ABalpapppa,203,259,289,21.0,34,-842
ABalpapppa,204,250,290,21.0,34,-516
ABalpapppa,205,240,286,20.0,34,-1438
ABalpapppp,164,290,287,24.1,37,-1570
ABalpapppp,165,297,289,24.9,37,164
ABalpapppp,166,299,288,24.1,27,281
ABalpapppp,167,307,293,24.1,29,-58
ABalpapppp,168,309,295,24.1,36,-415
ABalpapppp,169,309,291,24.1,29,-569
ABalpapppp,170,302,288,23.1,29,-66
ABalpapppp,171,302,293,22.6,29,-554
ABalpapppp,172,301,298,22.1,29,385
ABalpapppp,173,301,303,21.6,29,-721
ABalpapppp,174,300,308,21.1,29,947
ABalpapppp,175,304,314,22.1,35,-375
ABalpapppp,176,295,308,22.1,35,156
ABalpapppp,177,300,309,23.0,35,383
ABalpapppp,178,301,304,23.0,35,-839
ABalpapppp,179,305,305,22.2,33,246
ABalpapppp,180,307,311,23.1,35,-933
ABalpapppp,181,302,314,23.1,33,-914
ABalpapppp,182,304,323,24.0,35,-1232
ABalpapppp,183,302,326,23.1,35,9
ABalpapppp,184,309,320,23.1,35,783
ABalpapppp,185,302,309,24.0,35,-177
ABalpapppp,186,303,313,23.1,35,-168
ABalpapppp,187,297,307,23.2,35,-583
ABalpapppp,188,289,307,22.1,35,-330
ABalpapppp,189,301,311,23.1,35,-373
ABalpapppp,190,302,314,23.1,35,-1082
ABalpapppp,191,298,316,22.0,35,194
ABalpapppp,192,299,318,21.1,35,-1038
ABalpapppp,193,296,314,22.0,35,-60
ABalpapppp,194,299,315,21.1,35,-1457
ABalpapppp,195,299,310,21.1,35,414
ABalpapppp,196,297,304,22.1,35,-505
ABalpapppp,197,295,308,21.2,35,-953
ABalpapppp,198,300,305,21.1,35,-928
ABalpapppp,199,303,302,21.1,35,-91
ABalpapppp,200,306,302,21.0,35,-159
ABalpapppp,201,303,301,21.1,35,-935
ABalpapppp,202,303,303,21.1,32,-194
ABalpapppp,203,307,301,21.0,30,413
ABalpapppp,204,326,300,21.9,30,-945
ABalpapppp,205,328,300,21.0,30,-210
ABalpp,56,217,336,11.9,30,-1132
ABalpp,57,220,335,11.0,35,-494
ABalpp,58,216,340,10.1,41,-500
ABalpp,59,215,347,10.1,44,2
ABalpp,60,226,353,9.1,47,-911
ABalpp,61,227,353,8.3,47,-257
ABalpp,62,231,345,8.0,50,35
ABalpp,63,226,332,8.0,52,-981
ABalpp,64,223,335,8.0,54,138
ABalpp,65,219,314,8.0,55,-749
ABalpp,66,229,308,8.0,55,-96
ABalpp,67,228,309,8.0,42,-219
ABalpp,68,221,315,8.8,57,392
ABalpp,69,215,316,8.2,61,-356
ABalpp,70,212,316,8.2,60,-654
ABalpp,71,212,323,8.8,60,-347
ABalpp,72,215,331,8.3,61,-925
ABalpp,73,217,336,9.3,65,-652
ABalpp,74,220,329,9.9,62,-616
ABalpp,75,222,329,9.5,64,-831
ABalpp,76,222,328,10.8,61,-517
ABalpp,77,224,333,10.6,58,-599
ABalpp,78,212,332,9.2,54,-386
ABalppa,79,191,314,8.2,40,276
ABalppa,80,182,322,9.0,49,-633
ABalppa,81,175,324,9.0,49,-591
ABalppa,82,168,327,9.0,49,-624
ABalppa,83,166,320,8.9,49,-1224
ABalppa,84,166,317,9.0,50,-1001
ABalppa,85,171,320,8.9,51,74
ABalppa,86,172,320,8.9,52,-482
ABalppa,87,168,310,8.9,53,-628
ABalppa,88,174,315,8.8,54,-990
ABalppa,89,171,312,8.9,54,109
ABalppa,90,176,321,9.0,54,-764
ABalppa,91,176,327,9.1,54,-274
ABalppa,92,181,331,9.1,54,-301
ABalppa,93,181,331,9.2,54,-830
ABalppa,94,179,327,10.0,54,-759
ABalppa,95,176,326,9.9,54,-950
ABalppa,96,181,334,10.2,54,-466
ABalppa,97,179,333,9.8,53,-161
ABalppa,98,173,331,10.2,53,-281
ABalppa,99,181,333,10.3,53,-950
ABalppa,100,185,331,10.0,54,-272
ABalppa,101,189,324,10.0,54,-147
ABalppa,102,189,325,10.8,53,185
ABalppa,103,183,332,10.1,35,941
ABalppaa,104,154,320,10.2,32,768
ABalppaa,105,156,321,9.4,38,185
ABalppaa,106,151,320,10.1,42,-401
ABalppaa,107,147,325,10.2,44,-372
ABalppaa,108,151,334,10.9,44,-666
ABalppaa,109,150,332,11.0,44,-420
ABalppaa,110,152,339,11.9,44,194
ABalppaa,111,155,336,11.2,44,-97
ABalppaa,112,159,343,11.1,44,79
ABalppaa,113,155,333,11.0,44,177
ABalppaa,114,155,336,11.9,44,106
ABalppaa,115,154,335,11.2,44,-391
ABalppaa,116,158,339,11.2,44,-894
ABalppaa,117,160,338,11.1,44,-318
ABalppaa,118,162,340,11.0,44,-620
ABalppaa,119,161,340,11.0,44,-989
ABalppaa,120,166,344,11.0,44,-837
ABalppaa,121,168,348,10.9,44,-727
ABalppaa,122,166,342,10.2,44,-153
ABalppaa,123,171,347,10.0,44,-369
ABalppaa,124,169,346,10.1,44,293
ABalppaa,125,166,346,11.8,44,367
ABalppaa,126,162,348,11.9,44,-78
ABalppaa,127,161,352,13.1,44,-158
ABalppaa,128,165,358,14.1,44,-275
ABalppaa,129,162,358,15.0,44,-1737
ABalppaa,130,157,352,15.1,43,-50
ABalppaa,131,145,340,17.0,43,-114
ABalppaa,132,142,337,16.2,42,124
ABalppaa,133,145,338,16.9,40,-739
ABalppaa,134,148,338,17.3,41,85
ABalppaa,135,157,345,18.0,38,391
ABalppaa,136,157,341,17.9,37,-284
ABalppaaa,137,149,337,17.0,34,-710
ABalppaaa,138,153,336,15.9,37,582
ABalppaaa,139,151,339,16.0,37,-506
ABalppaaa,140,148,344,15.8,37,108
ABalppaaa,141,150,339,15.0,37,302
ABalppaaa,142,162,348,15.2,37,-673
ABalppaaa,143,166,350,15.0,37,-443
ABalppaaa,144,175,351,15.1,37,-452
ABalppaaa,145,180,357,15.9,37,286
ABalppaaa,146,184,353,16.8,37,119
ABalppaaa,147,183,359,16.1,37,-194
ABalppaaa,148,185,359,16.2,37,-968
ABalppaaa,149,189,358,16.8,37,-508
ABalppaaa,150,190,359,16.9,37,-419
ABalppaaa,151,189,354,16.8,37,807
ABalppaaa,152,188,359,16.0,37,-1122
ABalppaaa,153,192,367,15.9,37,2002
ABalppaaa,154,196,369,16.0,37,1076
ABalppaaa,155,196,372,16.0,37,1495
ABalppaaa,156,198,370,16.0,37,-508
ABalppaaa,157,194,362,15.2,37,1539
ABalppaaa,158,191,361,16.0,37,509
ABalppaaa,159,188,361,15.2,39,-551
ABalppaaa,160,186,359,15.1,41,-1693
ABalppaaa,161,182,361,15.2,37,-838
ABalppaaa,162,183,360,15.9,37,-381
ABalppaaa,163,188,359,15.2,41,-94
ABalppaaa,164,179,364,15.0,39,-675
ABalppaaa,165,174,363,15.1,41,54
ABalppaaa,166,171,364,15.0,37,980
ABalppaaa,167,177,366,14.1,37,-119
ABalppaaa,168,178,366,14.0,38,-563
ABalppaaa,169,183,370,13.9,36,737
ABalppaaa,170,178,366,13.9,35,-388
ABalppaaa,171,168,358,13.2,37,-753
ABalppaaa,172,165,352,13.3,36,309
ABalppaaa,173,164,356,14.0,37,-325
ABalppaaa,174,158,353,14.1,36,473
ABalppaaa,175,156,345,14.1,35,-1598
ABalppaaa,176,158,343,13.9,31,923
ABalppaaaa,177,160,336,13.9,31,-302
ABalppaaaa,178,161,340,13.8,31,-1178
ABalppaaaa,179,174,357,14.2,31,-575
ABalppaaaa,180,174,356,14.1,35,-229
ABalppaaaa,181,174,358,14.1,29,993
ABalppaaaa,182,172,358,14.0,29,441
ABalppaaaa,183,170,357,13.8,29,-969
ABalppaaaa,184,168,356,13.7,29,585
ABalppaaaa,185,166,356,13.5,29,-130
ABalppaaaa,186,164,355,13.4,29,1162
ABalppaaaa,187,162,354,13.2,29,-984
ABalppaaaa,188,159,353,13.1,29,-2281
ABalppaaaa,189,159,353,13.1,33,198
ABalppaaaa,190,156,352,13.1,35,205
ABalppaaaa,191,149,347,14.1,29,-1465
ABalppaaaa,192,149,346,14.3,29,811
ABalppaaaa,193,149,345,14.5,29,-215
ABalppaaaa,194,149,344,14.6,30,711
ABalppaaaa,195,149,343,14.8,30,2204
ABalppaaaa,196,149,342,15.0,31,429
ABalppaaaa,197,149,343,15.2,31,752
ABalppaaaa,198,150,344,15.3,31,-1321
ABalppaaaa,199,151,345,15.5,31,-980
ABalppaaaa,200,151,346,15.7,31,-636
ABalppaaaa,201,152,347,15.8,31,-1304
ABalppaaaa,202,153,348,16.0,31,-1557
ABalppaaaa,203,153,348,16.0,31,830
ABalppaaaa,204,153,348,16.0,31,-204
ABalppaaaa,205,154,349,16.0,31,1316
ABalppaaap,177,169,331,12.2,35,592
ABalppaaap,178,169,331,12.2,35,318
ABalppaaap,179,144,332,12.2,31,-333
ABalppaaap,180,143,333,11.2,27,79
ABalppaaap,181,143,330,10.4,29,-778
ABalppaaap,182,140,327,11.8,31,633
ABalppaaap,183,140,324,11.9,31,-1306
ABalppaaap,184,142,332,12.0,33,587
ABalppaaap,185,140,332,12.8,31,361
ABalppaaap,186,139,332,12.9,31,1568
ABalppaaap,187,137,327,12.2,29,-71
ABalppaaap,188,136,326,12.2,29,1352
ABalppaaap,189,134,325,12.1,29,186
ABalppaaap,190,132,324,12.1,30,-459
ABalppaaap,191,131,323,12.1,30,-705
ABalppaaap,192,129,322,12.0,30,-1267
ABalppaaap,193,127,320,12.0,31,875
ABalppaaap,194,128,320,12.4,31,1091
ABalppaaap,195,129,321,12.9,31,110
ABalppaaap,196,131,322,13.3,31,-377
ABalppaaap,197,132,323,13.7,31,-931
ABalppaaap,198,134,324,14.1,31,-632
ABalppaaap,199,135,325,14.6,31,-1362
ABalppaaap,200,137,326,15.0,31,847
ABalppaaap,201,138,326,15.0,31,-714
ABalppaaap,202,140,327,14.9,30,-1380
ABalppaaap,203,142,332,15.1,32,829
ABalppaaap,204,143,337,15.1,30,-945
ABalppaaap,205,140,335,15.8,30,773
ABalppaap,137,174,362,18.1,34,-264
ABalppaap,138,177,368,17.9,37,792
ABalppaap,139,175,371,18.0,37,256
ABalppaap,140,186,380,17.2,37,1003
ABalppaap,141,187,380,17.8,37,-1179
ABalppaap,142,198,383,18.1,37,1955
ABalppaap,143,203,384,18.9,37,-232
ABalppaap,144,207,384,20.0,37,910
ABalppaap,145,212,386,20.1,39,-181
ABalppaap,146,213,382,21.0,37,77
ABalppaap,147,205,380,20.4,39,-727
ABalppaap,148,200,378,21.1,41,1184
ABalppaap,149,204,378,20.9,37,97
ABalppaap,150,206,378,21.0,37,-739
ABalppaap,151,206,380,20.3,39,-726
ABalppaap,152,209,380,21.0,37,-226
ABalppaap,153,217,383,21.0,39,-97
ABalppaap,154,217,384,20.9,37,419
ABalppaap,155,214,381,21.0,37,343
ABalppaap,156,214,382,20.3,39,1032
ABalppaap,157,215,380,19.9,37,-412
ABalppaap,158,217,387,19.1,37,930
ABalppaap,159,216,388,18.3,39,-60
ABalppaap,160,215,387,18.0,37,-70
ABalppaap,161,217,388,17.2,37,353
ABalppaap,162,212,382,17.1,37,521
ABalppaap,163,214,381,17.0,37,36
ABalppaap,164,210,379,17.2,39,-563
ABalppaap,165,211,380,17.9,37,265
ABalppaap,166,208,383,17.0,37,-349
ABalppaap,167,215,386,16.0,39,-12
ABalppaap,168,214,386,16.1,36,-89
ABalppaap,169,214,392,15.4,38,-504
ABalppaap,170,207,388,15.4,39,117
ABalppaap,171,199,383,14.3,39,-499
ABalppaap,172,198,381,14.0,36,-1557
ABalppaap,173,193,381,13.3,35,-748
ABalppaap,174,189,380,14.0,36,1085
ABalppaap,175,188,377,14.2,35,-356
ABalppaap,176,191,377,15.0,31,-845
ABalppaap,177,190,374,16.0,31,-1491
ABalppaapa,178,172,373,16.2,31,-132
ABalppaapa,179,175,375,17.1,31,458
ABalppaapa,180,170,369,16.9,31,10
ABalppaapa,181,169,372,16.2,31,732
ABalppaapa,182,168,370,16.0,35,-486
ABalppaapa,183,161,367,15.9,31,-256
ABalppaapa,184,166,370,15.2,33,245
ABalppaapa,185,167,370,15.3,33,1
ABalppaapa,186,170,374,15.9,31,1012
ABalppaapa,187,166,372,15.2,31,-130
ABalppaapa,188,169,375,15.1,31,784
ABalppaapa,189,174,374,15.1,33,1671
ABalppaapa,190,170,373,15.3,33,347
ABalppaapa,191,167,370,15.9,31,515
ABalppaapa,192,170,372,16.0,33,74
ABalppaapa,193,171,369,16.2,31,89
ABalppaapa,194,171,368,15.4,35,-251
ABalppaapa,195,170,369,16.2,35,327
ABalppaapa,196,177,372,17.0,35,-152
ABalppaapa,197,175,369,17.0,31,-1785
ABalppaapa,198,178,371,17.1,33,1615
ABalppaapa,199,182,377,17.1,35,271
ABalppaapa,200,179,374,16.9,31,510
ABalppaapa,201,179,373,17.1,35,-345
ABalppaapa,202,181,373,17.1,30,396
ABalppaapa,203,183,372,17.7,30,44
ABalppaapa,204,184,372,17.0,32,295
ABalppaapa,205,185,370,16.8,30,164
ABalppaapp,178,201,376,15.9,31,-963
ABalppaapp,179,208,380,15.9,31,2330
ABalppaapp,180,203,380,14.9,31,1236
ABalppaapp,181,205,378,14.2,35,-309
ABalppaapp,182,205,379,14.1,33,2571
ABalppaapp,183,200,377,13.3,35,-1032
ABalppaapp,184,203,379,14.0,35,-134
ABalppaapp,185,205,375,13.3,35,422
ABalppaapp,186,205,380,14.3,35,-340
ABalppaapp,187,202,377,13.3,35,-269
ABalppaapp,188,204,380,13.3,35,-144
ABalppaapp,189,203,384,14.1,35,917
ABalppaapp,190,199,382,13.3,35,502
ABalppaapp,191,195,382,13.3,35,796
ABalppaapp,192,194,382,14.2,35,-205
ABalppaapp,193,192,379,14.1,35,-346
ABalppaapp,194,194,380,14.2,35,1084
ABalppaapp,195,194,380,14.4,35,-1294
ABalppaapp,196,199,381,15.0,35,539
ABalppaapp,197,197,375,15.1,35,-186
ABalppaapp,198,198,372,15.0,35,413
ABalppaapp,199,201,375,15.1,35,-893
ABalppaapp,200,204,380,15.1,35,-188
ABalppaapp,201,198,381,16.1,29,-31
ABalppaapp,202,201,380,15.1,29,-505
ABalppaapp,203,201,380,15.1,29,-592
ABalppaapp,204,201,386,16.0,34,820
ABalppaapp,205,201,386,16.0,34,159
ABalppap,104,188,338,9.9,32,929
ABalppap,105,196,341,8.2,38,2
ABalppap,106,196,341,8.1,42,-67
ABalppap,107,202,348,7.9,44,-179
ABalppap,108,207,354,7.9,44,15
ABalppap,109,211,352,7.9,44,-211
ABalppap,110,212,357,8.1,44,-1212
ABalppap,111,216,355,8.1,44,-207
ABalppap,112,216,353,8.1,44,145
ABalppap,113,210,353,8.9,44,-1465
ABalppap,114,206,350,9.0,44,-851
ABalppap,115,207,341,8.9,44,560
ABalppap,116,210,350,9.1,44,-1280
ABalppap,117,213,347,10.0,44,-735
ABalppap,118,212,345,10.2,44,-367
ABalppap,119,211,350,10.8,44,-562
ABalppap,120,218,344,10.8,44,141
ABalppap,121,218,356,11.1,44,538
ABalppap,122,217,364,11.1,46,161
ABalppap,123,220,357,12.0,44,-70
ABalppap,124,219,359,11.8,44,638
ABalppap,125,215,362,11.9,44,-293
ABalppap,126,214,360,13.1,46,950
ABalppap,127,215,363,13.0,44,-494
ABalppap,128,217,370,14.9,44,-200
ABalppap,129,215,370,15.1,44,-406
ABalppap,130,209,361,16.9,43,-1273
ABalppap,131,201,358,17.9,43,411
ABalppap,132,205,362,17.1,40,-32
ABalppapa,133,199,354,18.2,34,-779
ABalppapa,134,198,346,19.2,37,542
ABalppapa,135,207,351,20.1,34,863
ABalppapa,136,205,352,20.9,37,-646
ABalppapa,137,209,356,21.1,38,-1280
ABalppapa,138,212,361,21.9,37,158
ABalppapa,139,210,367,21.2,39,-84
ABalppapa,140,218,374,21.3,39,1138
ABalppapa,141,220,372,22.2,39,1536
ABalppapa,142,224,369,22.2,39,-1198
ABalppapa,143,228,370,23.0,37,8
ABalppapa,144,222,363,23.1,39,-217
ABalppapa,145,231,365,23.9,37,-37
ABalppapa,146,231,361,23.1,41,-1007
ABalppapa,147,226,363,23.9,37,-744
ABalppapa,148,228,363,23.3,41,1319
ABalppapa,149,228,359,23.3,41,66
ABalppapa,150,227,360,24.1,39,686
ABalppapa,151,236,360,24.1,37,871
ABalppapa,152,233,363,24.1,41,-643
ABalppapa,153,237,363,25.0,37,-477
ABalppapa,154,232,363,24.1,41,952
ABalppapa,155,231,352,23.4,39,-365
ABalppapa,156,233,354,23.2,41,796
ABalppapa,157,237,356,23.2,41,281
ABalppapa,158,231,361,22.2,39,301
ABalppapa,159,228,360,21.2,41,966
ABalppapa,160,235,361,21.2,41,714
ABalppapa,161,233,360,21.2,41,-513
ABalppapa,162,231,360,21.1,41,-2023
ABalppapa,163,229,362,21.2,41,-147
ABalppapa,164,222,369,21.2,41,-1329
ABalppapa,165,225,369,22.1,41,-124
ABalppapa,166,224,366,22.1,39,-173
ABalppapa,167,225,370,21.9,37,-737
ABalppapa,168,220,373,21.9,36,-563
ABalppapa,169,229,377,21.0,36,-261
ABalppapa,170,217,373,20.9,35,-735
ABalppapaa,171,204,387,18.2,35,-916
ABalppapaa,172,202,385,17.2,29,-504
ABalppapaa,173,201,385,18.0,33,-215
ABalppapaa,174,199,380,18.0,32,628
ABalppapaa,175,199,375,18.9,31,-317
ABalppapaa,176,195,372,19.1,35,1476
ABalppapaa,177,200,372,20.1,35,-248
ABalppapaa,178,197,375,20.1,35,1589
ABalppapaa,179,199,375,20.1,35,159
ABalppapaa,180,194,380,18.3,35,399
ABalppapaa,181,190,377,19.1,35,-65
ABalppapaa,182,189,379,18.2,35,-168
ABalppapaa,183,185,378,18.1,35,275
ABalppapaa,184,188,380,18.2,35,-784
ABalppapaa,185,192,381,18.0,35,-1118
ABalppapaa,186,194,378,18.1,35,338
ABalppapaa,187,195,377,17.3,35,-205
ABalppapaa,188,191,380,18.0,35,1400
ABalppapaa,189,185,376,17.2,35,-765
ABalppapaa,190,184,372,18.2,35,1322
ABalppapaa,191,183,372,18.1,35,-539
ABalppapaa,192,190,377,18.3,35,162
ABalppapaa,193,190,378,18.3,35,-935
ABalppapaa,194,193,377,18.1,35,328
ABalppapaa,195,189,378,18.2,35,-174
ABalppapaa,196,189,376,19.1,35,204
ABalppapaa,197,185,374,19.1,35,-98
ABalppapaa,198,190,377,19.1,35,-133
ABalppapaa,199,195,377,19.2,35,-751
ABalppapaa,200,199,379,19.2,35,54
ABalppapaa,201,196,377,19.1,35,395
ABalppapaa,202,199,379,19.2,34,447
ABalppapaa,203,206,382,20.1,34,-772
ABalppapaa,204,205,382,20.1,34,985
ABalppapaa,205,202,376,20.0,34,704
ABalppapap,171,239,376,21.9,35,-520
ABalppapap,172,244,386,20.2,36,-818
ABalppapap,173,242,389,20.1,35,600
ABalppapap,174,242,387,20.5,35,1177
ABalppapap,175,242,385,20.9,34,125
ABalppapap,176,242,383,21.2,33,-211
ABalppapap,177,242,381,21.6,32,175
ABalppapap,178,241,379,22.0,31,-1138
ABalppapap,179,238,381,21.6,31,-351
ABalppapap,180,235,383,21.2,31,782
ABalppapap,181,232,385,20.8,31,-439
ABalppapap,182,229,387,20.4,31,-916
ABalppapap,183,226,389,20.0,31,-1167
ABalppapap,184,225,389,20.2,31,993
ABalppapap,185,223,388,20.3,31,-1622
ABalppapap,186,221,387,20.5,31,-439
ABalppapap,187,219,387,20.7,31,500
ABalppapap,188,217,386,20.8,31,-537
ABalppapap,189,215,385,21.0,31,182
ABalppapap,190,214,380,20.1,29,16
ABalppapap,191,214,380,20.1,29,-1735
ABalppapap,192,221,378,20.1,35,-45
ABalppapap,193,226,374,21.1,35,-550
ABalppapap,194,227,371,21.1,35,565
ABalppapap,195,230,373,21.1,35,975
ABalppapap,196,226,376,22.0,35,-760
ABalppapap,197,230,378,22.1,35,-95
ABalppapap,198,229,379,22.1,35,-574
ABalppapap,199,233,377,22.1,35,-214
ABalppapap,200,235,378,22.1,35,1871
ABalppapap,201,237,377,21.1,35,1289
ABalppapap,202,239,375,21.1,34,-189
ABalppapap,203,241,373,22.1,34,459
ABalppapap,204,243,377,22.2,34,224
ABalppapap,205,237,379,22.2,34,-951
ABalppapp,133,223,375,20.8,40,487
ABalppapp,134,240,385,22.0,39,635
ABalppapp,135,261,387,21.1,38,-308
ABalppapp,136,261,384,21.0,41,-983
ABalppapp,137,277,389,20.2,42,209
ABalppapp,138,277,385,22.0,41,-662
ABalppapp,139,277,394,21.3,41,67
ABalppapp,140,286,392,21.1,41,521
ABalppapp,141,283,387,21.2,41,-323
ABalppapp,142,288,382,22.1,41,586
ABalppapp,143,284,376,22.1,41,593
ABalppapp,144,276,369,22.1,41,-1186
ABalppapp,145,282,373,23.0,41,-330
ABalppapp,146,276,364,23.0,41,-799
ABalppapp,147,277,360,23.1,41,-135
ABalppapp,148,278,360,22.2,39,-1099
ABalppapp,149,275,364,23.2,41,534
ABalppapp,150,272,361,23.1,41,729
ABalppapp,151,274,367,23.0,41,246
ABalppapp,152,273,359,22.0,39,-483
ABalppapp,153,267,362,21.2,41,356
ABalppapp,154,265,364,21.2,41,26
ABalppapp,155,266,358,21.1,41,-269
ABalppapp,156,271,360,21.2,41,-927
ABalppapp,157,266,374,21.3,41,-1199
ABalppapp,158,265,372,23.0,41,174
ABalppapp,159,264,374,22.1,41,-330
ABalppapp,160,266,378,21.2,39,1056
ABalppapp,161,267,374,22.0,41,708
ABalppapp,162,263,385,21.0,39,86
ABalppapp,163,262,388,22.1,41,-991
ABalppapp,164,262,388,22.1,41,-164
ABalppapp,165,263,383,22.1,41,-948
ABalppapp,166,263,382,23.0,29,-689
ABalppapp,167,263,382,23.0,29,875
ABalppapp,168,267,383,22.1,29,-482
ABalppapp,169,271,378,23.0,36,-1077
ABalppappa,170,250,388,23.1,35,674
ABalppappa,171,263,393,24.9,35,-176
ABalppappa,172,272,402,23.0,36,1459
ABalppappa,173,280,401,23.1,35,765
ABalppappa,174,285,396,24.1,34,-827
ABalppappa,175,286,399,24.1,35,1105
ABalppappa,176,282,394,24.1,35,-905
ABalppappa,177,279,395,23.1,35,1041
ABalppappa,178,295,399,23.1,35,-1408
ABalppappa,179,297,402,22.1,35,1661
ABalppappa,180,297,403,22.1,35,-409
ABalppappa,181,291,406,21.2,35,126
ABalppappa,182,285,405,21.1,35,946
ABalppappa,183,282,407,22.1,29,-855
ABalppappa,184,279,405,21.1,35,64
ABalppappa,185,277,405,20.8,33,-394
ABalppappa,186,274,404,20.4,31,80
ABalppappa,187,271,403,20.1,29,-1632
ABalppappa,188,276,408,20.2,35,-1527
ABalppappa,189,277,406,21.1,35,228
ABalppappa,190,266,407,21.2,35,304
ABalppappa,191,265,405,21.0,29,-694
ABalppappa,192,265,405,21.0,29,-622
ABalppappa,193,261,406,21.1,29,-1022
ABalppappa,194,263,403,21.1,29,-473
ABalppappa,195,264,399,22.0,35,1649
ABalppappa,196,265,397,23.0,35,-408
ABalppappa,197,265,397,22.9,35,464
ABalppappa,198,265,397,22.8,35,658
ABalppappa,199,264,397,22.7,34,-480
ABalppappa,200,264,397,22.6,34,-400
ABalppappa,201,264,398,22.4,33,178
ABalppappa,202,263,398,22.3,33,590
ABalppappa,203,263,398,22.2,32,-1816
ABalppappa,204,263,398,22.1,32,-732
ABalppappa,205,262,399,22.0,31,-120
ABalppappp,170,296,368,23.1,35,352
ABalppappp,171,295,362,23.1,35,726
ABalppappp,172,292,368,23.0,34,47
ABalppappp,173,289,362,22.2,37,-1094
ABalppappp,174,298,360,23.0,36,-187
ABalppappp,175,289,366,22.1,35,521
ABalppappp,176,279,358,23.2,35,508
ABalppappp,177,275,361,23.1,35,149
ABalppappp,178,274,365,24.0,35,1696
ABalppappp,179,275,370,24.1,35,460
ABalppappp,180,273,375,23.1,35,-722
ABalppappp,181,270,379,23.1,35,801
ABalppappp,182,266,374,23.1,35,-809
ABalppappp,183,266,375,22.1,35,-1187
ABalppappp,184,268,376,22.1,35,-1291
ABalppappp,185,267,375,22.1,35,-260
ABalppappp,186,266,374,22.0,35,-649
ABalppappp,187,265,375,22.0,35,828
ABalppappp,188,265,375,22.0,35,-252
ABalppappp,189,265,374,21.2,35,685
ABalppappp,190,261,377,21.1,35,-575
ABalppappp,191,265,378,21.0,35,76
ABalppappp,192,265,378,21.0,35,-722
ABalppappp,193,268,382,20.1,35,-934
ABalppappp,194,274,379,21.0,35,220
ABalppappp,195,274,379,21.0,35,1090
ABalppappp,196,269,380,21.0,35,-364
ABalppappp,197,273,377,21.1,35,200
ABalppappp,198,273,377,21.1,35,-720
ABalppappp,199,280,379,21.2,35,768
ABalppappp,200,280,379,21.2,35,481
ABalppappp,201,285,379,21.0,35,301
ABalppappp,202,286,379,21.1,29,197
ABalppappp,203,286,379,21.1,29,534
ABalppappp,204,293,380,21.1,34,-50
ABalppappp,205,293,373,22.1,34,-992
ABalppp,79,231,348,10.1,44,-265
ABalppp,80,231,354,11.0,49,-346
ABalppp,81,228,357,10.2,49,-1146
ABalppp,82,241,361,9.9,49,-231
ABalppp,83,249,362,9.1,49,-449
ABalppp,84,252,359,9.1,52,120
ABalppp,85,256,357,9.2,51,-259
ABalppp,86,261,354,9.8,52,-224
ABalppp,87,265,359,9.3,53,-458
ABalppp,88,262,362,9.3,54,-251
ABalppp,89,260,357,9.0,54,-287
ABalppp,90,269,355,9.2,54,-316
ABalppp,91,270,360,9.1,54,-531
ABalppp,92,274,356,9.3,54,-155
ABalppp,93,267,352,9.8,54,-88
ABalppp,94,264,355,10.1,54,-345
ABalppp,95,267,356,10.3,54,-433
ABalppp,96,268,358,11.2,54,-304
ABalppp,97,267,354,11.2,53,-623
ABalppp,98,260,357,12.1,53,-616
ABalppp,99,262,354,12.8,53,-106
ABalppp,100,268,353,13.0,54,-63
ABalppp,101,275,351,13.1,54,-521
ABalppp,102,262,353,13.9,53,-403
ABalppp,103,260,346,13.3,57,372
ABalpppa,104,236,348,13.9,48,-332
ABalpppa,105,237,357,13.9,46,258
ABalpppa,106,240,355,14.8,44,141
ABalpppa,107,235,355,14.9,44,19
ABalpppa,108,236,350,13.1,44,54
ABalpppa,109,232,351,13.1,44,-13
ABalpppa,110,228,345,13.9,44,-1132
ABalpppa,111,230,342,14.0,44,-651
ABalpppa,112,231,331,14.0,44,-1134
ABalpppa,113,230,335,14.0,44,-27
ABalpppa,114,234,324,14.1,44,20
ABalpppa,115,229,319,14.1,44,389
ABalpppa,116,232,321,14.2,44,-43
ABalpppa,117,237,312,15.0,44,-299
ABalpppa,118,238,308,15.1,44,-217
ABalpppa,119,236,306,15.0,44,-77
ABalpppa,120,237,301,15.1,44,-264
ABalpppa,121,240,299,15.2,46,-1104
ABalpppa,122,239,296,15.0,44,-168
ABalpppa,123,235,294,14.1,44,-380
ABalpppa,124,233,294,14.9,44,-791
ABalpppa,125,231,294,14.0,44,389
ABalpppa,126,227,291,14.1,44,158
ABalpppa,127,223,295,14.8,44,-180
ABalpppa,128,223,292,14.8,44,495
ABalpppa,129,223,287,13.9,44,442
ABalpppa,130,226,292,13.1,43,648
ABalpppa,131,220,296,12.2,45,-554
ABalpppa,132,221,307,12.1,42,-308
ABalpppa,133,216,314,13.0,40,309
ABalpppa,134,214,311,12.9,39,-883
ABalpppaa,135,200,288,13.3,36,551
ABalpppaa,136,198,285,13.9,37,340
ABalpppaa,137,202,280,14.0,38,-99
ABalpppaa,138,202,283,13.0,37,-682
ABalpppaa,139,202,281,12.8,37,-1526
ABalpppaa,140,210,284,12.9,37,-334
ABalpppaa,141,212,280,13.0,37,791
ABalpppaa,142,213,290,13.1,37,-879
ABalpppaa,143,210,290,13.0,37,153
ABalpppaa,144,213,290,13.8,37,-66
ABalpppaa,145,208,295,13.8,37,718
ABalpppaa,146,208,304,13.8,37,-452
ABalpppaa,147,212,315,13.2,37,-1720
ABalpppaa,148,210,326,13.2,37,-400
ABalpppaa,149,213,323,13.2,37,-305
ABalpppaa,150,217,325,13.8,37,-630
ABalpppaa,151,212,327,13.8,37,384
ABalpppaa,152,205,328,13.8,37,242
ABalpppaa,153,205,335,13.2,39,-189
ABalpppaa,154,202,335,13.2,37,985
ABalpppaa,155,207,337,13.3,37,-135
ABalpppaa,156,213,334,13.1,37,-608
ABalpppaa,157,212,343,13.0,39,-407
ABalpppaa,158,208,345,13.8,37,261
ABalpppaa,159,205,347,13.1,37,-398
ABalpppaa,160,203,355,13.0,39,-249
ABalpppaa,161,204,355,13.0,39,127
ABalpppaa,162,208,352,13.0,37,1277
ABalpppaa,163,205,358,12.9,37,-899
ABalpppaa,164,197,358,12.3,39,-1119
ABalpppaa,165,195,363,12.9,37,458
ABalpppaa,166,200,364,12.2,39,-487
ABalpppaa,167,203,369,11.2,37,-253
ABalpppaa,168,203,370,11.3,38,-248
ABalpppaa,169,212,373,11.0,36,-237
ABalpppaa,170,205,366,10.4,37,-924
ABalpppaa,171,208,364,11.1,37,-901
ABalpppaa,172,211,353,11.1,36,619
ABalpppaa,173,210,352,10.9,33,554
ABalpppaa,174,208,352,11.1,32,-400
ABalpppaaa,175,203,349,11.8,31,-1059
ABalpppaaa,176,191,356,11.5,29,-737
ABalpppaaa,177,191,361,12.8,31,1068
ABalpppaaa,178,195,362,12.8,31,-1089
ABalpppaaa,179,195,367,11.8,31,281
ABalpppaaa,180,189,364,11.0,31,-385
ABalpppaaa,181,190,362,10.0,31,-1462
ABalpppaaa,182,192,358,9.5,33,622
ABalpppaaa,183,190,353,9.4,35,23
ABalpppaaa,184,194,355,9.9,31,-478
ABalpppaaa,185,194,359,10.0,31,-891
ABalpppaaa,186,191,361,10.2,33,882
ABalpppaaa,187,191,359,10.2,31,-1212
ABalpppaaa,188,190,363,10.7,31,95
ABalpppaaa,189,191,360,10.3,33,633
ABalpppaaa,190,191,365,10.9,31,-1915
ABalpppaaa,191,184,359,10.9,31,-671
ABalpppaaa,192,185,362,11.1,33,43
ABalpppaaa,193,181,359,11.0,35,-847
ABalpppaaa,194,184,365,11.0,33,7
ABalpppaaa,195,178,363,11.8,31,-188
ABalpppaaa,196,172,360,11.3,35,-1008
ABalpppaaa,197,176,361,11.0,31,-448
ABalpppaaa,198,176,363,11.3,35,-793
ABalpppaaa,199,178,366,11.4,35,-897
ABalpppaaa,200,177,366,11.3,35,-1006
ABalpppaaa,201,178,362,11.9,31,655
ABalpppaaa,202,173,365,12.2,34,-1320
ABalpppaaa,203,173,368,12.3,34,-341
ABalpppaaa,204,174,368,12.2,34,868
ABalpppaaa,205,168,363,12.0,30,-162
ABalpppaap,175,226,354,10.9,27,-394
ABalpppaap,176,235,364,9.9,31,625
ABalpppaap,177,233,364,10.1,31,-130
ABalpppaap,178,232,359,10.0,31,-988
ABalpppaap,179,236,362,10.1,31,1068
ABalpppaap,180,235,363,10.0,31,728
ABalpppaap,181,235,359,10.0,31,-1463
ABalpppaap,182,232,360,9.3,33,107
ABalpppaap,183,229,356,9.3,33,66
ABalpppaap,184,231,351,10.3,33,195
ABalpppaap,185,231,351,10.2,33,-324
ABalpppaap,186,230,352,10.2,33,297
ABalpppaap,187,229,353,10.1,33,-632
ABalpppaap,188,228,354,10.1,33,53
ABalpppaap,189,227,355,10.0,34,165
ABalpppaap,190,221,362,9.3,33,92
ABalpppaap,191,214,365,9.1,35,-283
ABalpppaap,192,209,367,8.4,33,-877
ABalpppaap,193,209,371,9.1,29,849
ABalpppaap,194,216,370,8.5,33,-293
ABalpppaap,195,207,374,9.2,35,1751
ABalpppaap,196,204,369,9.4,33,811
ABalpppaap,197,202,369,9.1,35,561
ABalpppaap,198,202,373,9.3,33,116
ABalpppaap,199,204,375,9.3,33,678
ABalpppaap,200,202,372,9.5,33,-43
ABalpppaap,201,203,373,10.1,35,466
ABalpppaap,202,201,371,9.4,32,-361
ABalpppaap,203,199,370,10.0,32,-1103
ABalpppaap,204,198,370,9.3,34,63
ABalpppaap,205,197,367,9.3,34,370
ABalpppap,135,226,324,12.0,34,-766
ABalpppap,136,223,326,11.8,37,-1375
ABalpppap,137,225,327,11.7,38,1198
ABalpppap,138,226,327,11.1,37,-30
ABalpppap,139,226,333,10.9,37,962
ABalpppap,140,226,338,10.9,37,-969
ABalpppap,141,227,340,11.1,37,299
ABalpppap,142,231,344,11.5,39,-351
ABalpppap,143,235,348,12.0,37,579
ABalpppap,144,240,354,12.9,37,-128
ABalpppap,145,242,359,13.0,37,-828
ABalpppap,146,242,367,13.3,39,266
ABalpppap,147,237,374,13.4,41,-1145
ABalpppap,148,239,381,14.1,37,-936
ABalpppap,149,239,382,14.1,39,-938
ABalpppap,150,238,385,14.0,37,-158
ABalpppap,151,236,380,14.1,39,-46
ABalpppap,152,235,377,13.4,39,1332
ABalpppap,153,243,384,13.2,39,-574
ABalpppap,154,246,382,12.9,37,-1002
ABalpppap,155,242,388,12.1,39,487
ABalpppap,156,247,389,13.0,37,-273
ABalpppap,157,250,390,12.9,37,-253
ABalpppap,158,249,388,13.0,37,-1476
ABalpppap,159,251,384,13.1,39,-859
ABalpppap,160,250,383,13.0,39,697
ABalpppap,161,248,388,12.4,39,47
ABalpppap,162,246,389,12.3,41,163
ABalpppap,163,244,390,12.2,39,-843
ABalpppap,164,242,389,12.1,39,-599
ABalpppap,165,238,390,12.3,41,345
ABalpppap,166,245,395,13.0,39,-693
ABalpppap,167,251,396,12.2,41,-1145
ABalpppap,168,251,399,12.3,38,-543
ABalpppap,169,256,400,12.3,38,401
ABalpppap,170,247,389,12.3,33,525
ABalpppap,171,246,391,12.1,33,897
ABalpppapa,172,234,387,12.0,30,-214
ABalpppapa,173,232,389,11.2,31,504
ABalpppapa,174,236,392,11.2,32,713
ABalpppapa,175,241,397,12.1,33,-271
ABalpppapa,176,232,398,13.2,35,-505
ABalpppapa,177,220,396,12.4,35,-606
ABalpppapa,178,215,394,12.1,31,-101
ABalpppapa,179,222,396,12.2,33,613
ABalpppapa,180,217,391,11.2,33,678
ABalpppapa,181,215,390,10.6,33,77
ABalpppapa,182,216,388,10.5,35,-1348
ABalpppapa,183,217,387,10.4,33,-386
ABalpppapa,184,217,387,10.6,35,-565
ABalpppapa,185,221,389,10.5,33,-1869
ABalpppapa,186,219,387,11.0,31,-787
ABalpppapa,187,216,386,10.2,35,-99
ABalpppapa,188,220,389,10.2,35,586
ABalpppapa,189,221,390,10.4,35,-600
ABalpppapa,190,220,391,11.2,35,-94
ABalpppapa,191,215,388,11.1,35,-276
ABalpppapa,192,216,388,11.1,33,955
ABalpppapa,193,216,387,11.2,35,-1428
ABalpppapa,194,217,389,11.3,33,-912
ABalpppapa,195,214,388,11.3,35,1128
ABalpppapa,196,213,390,12.1,35,243
ABalpppapa,197,212,389,12.1,35,205
ABalpppapa,198,213,389,12.1,35,568
ABalpppapa,199,213,388,12.3,35,426
ABalpppapa,200,214,386,12.2,35,-385
ABalpppapa,201,210,386,12.3,35,727
ABalpppapa,202,208,387,13.0,34,311
ABalpppapa,203,209,387,13.1,34,332
ABalpppapa,204,211,385,12.4,34,112
ABalpppapa,205,204,384,13.0,34,-128
ABalpppapp,172,270,388,11.0,28,1
ABalpppapp,173,276,389,10.8,33,797
ABalpppapp,174,276,383,10.0,32,-1415
ABalpppapp,175,272,391,9.9,31,126
ABalpppapp,176,270,400,10.9,31,-1164
ABalpppapp,177,265,398,10.9,31,1039
ABalpppapp,178,260,397,10.5,35,-301
ABalpppapp,179,263,398,10.5,33,188
ABalpppapp,180,264,396,10.3,33,-131
ABalpppapp,181,263,392,10.4,35,-660
ABalpppapp,182,266,393,10.3,35,-412
ABalpppapp,183,264,387,10.2,35,583
ABalpppapp,184,262,389,10.0,31,-615
ABalpppapp,185,260,384,11.0,33,-1194
ABalpppapp,186,261,383,10.4,35,-778
ABalpppapp,187,259,384,10.2,35,1030
ABalpppapp,188,258,379,10.4,35,-864
ABalpppapp,189,263,380,10.4,35,1431
ABalpppapp,190,260,379,11.1,35,-438
ABalpppapp,191,258,380,10.2,35,-457
ABalpppapp,192,257,380,10.1,35,428
ABalpppapp,193,256,382,10.2,35,783
ABalpppapp,194,255,383,10.2,35,-498
ABalpppapp,195,253,384,10.3,35,876
ABalpppapp,196,251,386,10.3,35,-61
ABalpppapp,197,251,390,10.3,35,807
ABalpppapp,198,252,390,10.3,35,1128
ABalpppapp,199,248,385,11.1,29,683
ABalpppapp,200,247,385,11.1,30,1519
ABalpppapp,201,246,385,11.1,31,14
ABalpppapp,202,245,386,11.0,32,40
ABalpppapp,203,244,386,11.0,33,-130
ABalpppapp,204,243,387,11.0,34,606
ABalpppapp,205,243,388,10.9,34,364
ABalpppp,104,288,349,13.9,48,-443
ABalpppp,105,294,350,13.8,46,268
ABalpppp,106,303,353,13.1,44,-83
ABalpppp,107,309,351,13.1,44,-138
ABalpppp,108,321,350,13.1,44,51
ABalpppp,109,330,354,13.1,44,-354
ABalpppp,110,328,355,13.1,44,204
ABalpppp,111,327,355,13.2,44,-991
ABalpppp,112,324,352,13.9,44,97
ABalpppp,113,326,352,13.9,44,-1254
ABalpppp,114,322,350,13.0,44,-1056
ABalpppp,115,315,354,12.9,44,-190
ABalpppp,116,315,352,12.9,44,-209
ABalpppp,117,312,359,13.0,46,-766
ABalpppp,118,309,355,13.1,46,-709
ABalpppp,119,309,352,13.2,46,-1185
ABalpppp,120,309,354,13.2,46,-618
ABalpppp,121,309,348,14.1,46,86
ABalpppp,122,302,343,14.2,46,367
ABalpppp,123,298,326,14.1,46,-90
ABalpppp,124,294,323,14.1,44,-517
ABalpppp,125,292,308,14.1,44,-300
ABalpppp,126,293,301,14.1,46,210
ABalpppp,127,292,297,13.2,46,255
ABalpppp,128,290,300,13.8,44,45
ABalpppp,129,281,303,13.2,46,-572
ABalpppp,130,284,313,13.1,43,-220
ABalpppp,131,279,320,14.0,35,-368
ABalpppp,132,283,320,13.1,46,196
ABalppppa,133,269,322,14.1,34,434
ABalppppa,134,271,316,14.0,39,315
ABalppppa,135,270,313,14.0,38,-665
ABalppppa,136,258,317,14.9,37,42
ABalppppa,137,254,313,14.3,40,-659
ABalppppa,138,256,306,14.1,37,-985
ABalppppa,139,255,308,13.9,37,-847
ABalppppa,140,262,316,13.2,37,-714
ABalppppa,141,265,321,13.0,37,-686
ABalppppa,142,272,329,13.1,37,-1054
ABalppppa,143,275,328,13.1,37,-521
ABalppppa,144,278,331,13.9,37,295
ABalppppa,145,277,329,13.2,39,6
ABalppppa,146,278,338,13.9,37,890
ABalppppa,147,276,346,13.2,37,-419
ABalppppa,148,274,351,13.1,39,29
ABalppppa,149,275,352,12.9,37,132
ABalppppa,150,278,353,12.2,39,878
ABalppppa,151,278,353,12.1,37,-371
ABalppppa,152,281,354,12.1,39,-109
ABalppppa,153,285,354,12.0,39,-243
ABalppppa,154,286,352,11.8,37,-412
ABalppppa,155,282,359,11.0,39,2
ABalppppa,156,284,363,11.2,37,-1092
ABalppppa,157,290,364,11.2,41,234
ABalppppa,158,287,370,11.1,41,-757
ABalppppa,159,286,372,10.9,37,287
ABalppppa,160,285,371,11.1,39,156
ABalppppa,161,284,368,11.1,41,-27
ABalppppa,162,283,367,11.2,41,249
ABalppppa,163,280,366,11.3,41,80
ABalppppa,164,273,359,11.9,37,-735
ABalppppa,165,268,358,11.9,37,-94
ABalppppa,166,271,359,11.9,37,-722
ABalppppa,167,275,358,11.9,37,-991
ABalppppa,168,269,363,11.0,36,10
ABalppppa,169,275,359,12.1,36,-31
ABalppppa,170,278,359,12.8,35,515
ABalppppaa,171,263,360,13.9,35,-1020
ABalppppaa,172,262,349,13.9,34,533
ABalppppaa,173,260,355,14.0,35,969
ABalppppaa,174,253,354,13.3,34,-939
ABalppppaa,175,251,353,14.0,33,278
ABalppppaa,176,242,353,13.4,35,-1539
ABalppppaa,177,236,347,14.0,35,907
ABalppppaa,178,238,350,14.0,35,-140
ABalppppaa,179,240,353,13.4,35,-107
ABalppppaa,180,239,352,13.2,35,403
ABalppppaa,181,234,347,13.2,35,-382
ABalppppaa,182,233,344,13.0,35,-151
ABalppppaa,183,230,343,13.0,33,-972
ABalppppaa,184,232,341,13.0,31,-653
ABalppppaa,185,231,341,13.0,33,-1040
ABalppppaa,186,229,342,13.1,35,620
ABalppppaa,187,227,348,12.1,33,-981
ABalppppaa,188,228,349,12.1,33,-1186
ABalppppaa,189,230,347,12.2,33,-712
ABalppppaa,190,228,351,12.2,35,-893
ABalppppaa,191,226,348,11.9,31,-812
ABalppppaa,192,226,349,11.4,35,-1557
ABalppppaa,193,226,349,11.3,35,469
ABalppppaa,194,229,349,11.9,31,1147
ABalppppaa,195,227,352,11.4,35,-110
ABalppppaa,196,224,354,12.0,35,515
ABalppppaa,197,227,353,11.3,35,-1132
ABalppppaa,198,227,354,12.0,35,796
ABalppppaa,199,231,353,11.3,35,-565
ABalppppaa,200,235,350,11.2,35,2
ABalppppaa,201,233,347,11.3,35,-370
ABalppppaa,202,225,353,11.4,34,-723
ABalppppaa,203,226,352,11.4,34,-869
ABalppppaa,204,225,354,12.0,34,-1301
ABalppppaa,205,222,353,12.0,34,627
ABalppppap,171,298,348,11.0,35,670
ABalppppap,172,301,350,10.1,34,365
ABalppppap,173,294,347,10.0,33,639
ABalppppap,174,289,341,9.3,36,-380
ABalppppap,175,288,347,9.2,35,756
ABalppppap,176,283,350,9.3,35,-832
ABalppppap,177,280,356,9.3,35,-476
ABalppppap,178,273,352,9.3,35,102
ABalppppap,179,277,353,9.3,35,487
ABalppppap,180,272,355,9.3,35,-555
ABalppppap,181,272,353,10.1,33,-1061
ABalppppap,182,274,354,9.1,35,-874
ABalppppap,183,272,353,9.1,35,-550
ABalppppap,184,270,350,9.2,35,-1406
ABalppppap,185,268,346,10.0,33,-38
ABalppppap,186,265,350,9.2,35,-1306
ABalppppap,187,263,347,9.1,35,-1151
ABalppppap,188,264,344,8.3,35,55
ABalppppap,189,269,342,8.2,35,-1312
ABalppppap,190,262,351,8.2,35,-503
ABalppppap,191,256,344,8.2,35,-780
ABalppppap,192,255,345,8.0,35,-1131
ABalppppap,193,252,348,8.0,35,365
ABalppppap,194,257,354,8.1,35,-1134
ABalppppap,195,250,355,8.1,35,-1150
ABalppppap,196,247,351,8.1,35,-841
ABalppppap,197,245,355,8.3,35,990
ABalppppap,198,241,351,8.4,35,1569
ABalppppap,199,243,349,8.3,35,33
ABalppppap,200,243,349,8.3,35,-195
ABalppppap,201,247,351,8.3,35,612
ABalppppap,202,245,352,8.2,34,-215
ABalppppap,203,241,350,8.4,32,-576
ABalppppap,204,243,347,9.0,34,16
ABalppppap,205,243,349,8.3,34,-749
ABalppppp,133,314,332,13.1,34,-236
ABalppppp,134,317,326,13.0,39,289
ABalppppp,135,315,322,13.0,38,-293
ABalppppp,136,313,319,13.1,41,127
ABalppppp,137,315,311,13.1,38,-641
ABalppppp,138,318,315,13.2,41,367
ABalppppp,139,318,319,13.1,41,-445
ABalppppp,140,322,322,12.3,39,-1166
ABalppppp,141,323,321,12.3,41,-70
ABalppppp,142,325,325,12.2,41,-935
ABalppppp,143,328,326,12.1,41,109
ABalppppp,144,324,324,11.4,41,-141
ABalppppp,145,322,330,11.2,41,-277
ABalppppp,146,322,332,11.3,39,-1481
ABalppppp,147,320,337,11.3,41,157
ABalppppp,148,320,336,11.2,41,70
ABalppppp,149,319,333,11.3,39,31
ABalppppp,150,321,331,11.3,41,669
ABalppppp,151,328,331,12.2,41,1415
ABalppppp,152,336,338,12.1,41,125
ABalppppp,153,337,336,11.4,41,267
ABalppppp,154,337,339,11.3,41,-1169
ABalppppp,155,337,351,11.4,41,-679
ABalppppp,156,332,357,11.4,41,-842
ABalppppp,157,340,367,12.2,41,-739
ABalppppp,158,340,373,12.1,41,-336
ABalppppp,159,339,373,12.2,41,-161
ABalppppp,160,336,366,12.2,41,-280
ABalppppp,161,336,364,12.0,41,665
ABalppppp,162,337,372,12.1,39,115
ABalppppp,163,330,380,12.1,41,-636
ABalppppp,164,326,381,12.0,39,-254
ABalppppp,165,323,380,11.9,37,-682
ABalppppp,166,330,368,12.0,29,-600
ABalpppppa,167,317,371,12.0,27,385
ABalpppppa,168,310,375,12.3,32,405
ABalpppppa,169,317,371,12.3,34,145
ABalpppppa,170,322,372,13.0,35,-1141
ABalpppppa,171,319,375,13.2,35,-716
ABalpppppa,172,321,368,13.0,34,-263
ABalpppppa,173,314,367,13.0,33,171
ABalpppppa,174,310,366,12.9,32,310
ABalpppppa,175,310,372,12.8,31,342
ABalpppppa,176,302,374,12.3,35,177
ABalpppppa,177,296,372,13.0,33,-33
ABalpppppa,178,293,370,12.3,35,-470
ABalpppppa,179,298,376,12.0,33,-903
ABalpppppa,180,300,375,11.3,35,568
ABalpppppa,181,301,377,11.8,31,-198
ABalpppppa,182,303,379,11.2,33,78
ABalpppppa,183,297,373,11.2,33,-959
ABalpppppa,184,298,373,11.0,33,-409
ABalpppppa,185,298,368,11.0,35,481
ABalpppppa,186,296,371,10.9,31,487
ABalpppppa,187,294,373,10.3,35,-391
ABalpppppa,188,292,370,10.3,33,1432
ABalpppppa,189,295,367,10.4,33,-857
ABalpppppa,190,293,370,10.3,33,-47
ABalpppppa,191,290,366,10.2,33,142
ABalpppppa,192,290,367,10.2,33,518
ABalpppppa,193,290,365,10.1,35,-1193
ABalpppppa,194,292,365,10.2,33,-472
ABalpppppa,195,285,363,10.2,35,-485
ABalpppppa,196,283,362,10.1,35,-696
ABalpppppa,197,281,363,9.4,35,-990
ABalpppppa,198,279,366,10.2,35,-807
ABalpppppa,199,276,368,10.1,35,-1301
ABalpppppa,200,282,375,10.2,35,-260
ABalpppppa,201,278,372,10.1,35,-633
ABalpppppa,202,277,367,10.0,34,291
ABalpppppa,203,274,367,10.0,32,-1702
ABalpppppa,204,274,366,10.1,32,511
ABalpppppa,205,268,365,10.2,34,-1380
ABalpppppp,167,345,377,11.4,33,393
ABalpppppp,168,359,372,12.1,34,-529
ABalpppppp,169,363,364,11.3,34,175
ABalpppppp,170,364,373,11.9,35,209
ABalpppppp,171,362,367,12.0,35,-215
ABalpppppp,172,362,365,11.5,36,-111
ABalpppppp,173,359,369,12.0,37,31
ABalpppppp,174,353,370,11.4,36,-33
ABalpppppp,175,361,366,11.3,35,-1403
ABalpppppp,176,357,362,11.2,35,-840
ABalpppppp,177,349,362,11.2,35,-1290
ABalpppppp,178,344,366,11.0,35,-1055
ABalpppppp,179,344,365,11.1,35,-887
ABalpppppp,180,347,364,11.2,35,-708
ABalpppppp,181,348,368,11.1,35,-404
ABalpppppp,182,348,368,11.1,35,-1029
ABalpppppp,183,346,375,10.2,35,-787
ABalpppppp,184,342,368,11.2,35,564
ABalpppppp,185,338,373,11.1,35,1003
ABalpppppp,186,336,365,12.0,35,-635
ABalpppppp,187,331,362,11.2,35,-1641
ABalpppppp,188,331,359,10.4,35,-560
ABalpppppp,189,332,356,11.1,35,330
ABalpppppp,190,329,357,11.0,35,-823
ABalpppppp,191,329,357,10.3,35,370
ABalpppppp,192,329,359,10.3,35,19
ABalpppppp,193,329,363,10.2,35,-957
ABalpppppp,194,329,361,10.2,35,-390
ABalpppppp,195,325,359,10.3,35,-1118
ABalpppppp,196,320,358,10.1,35,-405
ABalpppppp,197,320,359,10.1,35,-446
ABalpppppp,198,319,364,9.2,35,133
ABalpppppp,199,317,366,10.1,35,-1724
ABalpppppp,200,320,366,10.2,35,-58
ABalpppppp,201,320,363,10.1,35,-872
ABalpppppp,202,319,361,10.1,34,-1842
ABalpppppp,203,318,366,10.1,34,-568
ABalpppppp,204,319,366,9.1,34,-2459
ABalpppppp,205,317,365,9.2,34,-682
ABar,28,201,230,18.0,49,330
ABar,29,208,210,20.1,47,19
ABar,30,215,190,22.1,45,-483
ABar,31,222,169,24.1,42,467
ABar,32,219,146,24.0,45,136
ABar,33,233,129,21.1,62,-92
ABar,34,244,119,22.0,62,-276
ABar,35,250,109,20.1,62,-344
ABar,36,249,107,20.0,65,-258
ABar,37,261,97,20.1,65,-474
ABar,38,277,103,19.0,59,-792
ABar,39,288,117,19.5,55,-209
ABar,40,299,132,20.0,51,-296
ABara,41,289,138,20.5,51,-625
ABara,42,278,145,21.0,51,-412
ABara,43,268,152,21.5,51,877
ABara,44,257,159,22.0,51,-736
ABara,45,259,159,22.2,51,586
ABara,46,261,159,22.4,51,-238
ABara,47,263,159,22.6,51,-25
ABara,48,265,159,22.8,51,397
ABara,49,267,160,23.0,51,-640
ABara,50,269,160,23.2,51,932
ABara,51,271,160,23.4,51,206
ABara,52,273,160,23.6,51,2
ABara,53,275,160,23.8,51,-176
ABara,54,278,161,24.0,51,261
ABaraa,55,266,177,24.7,49,-696
ABaraa,56,253,193,25.3,46,232
ABaraa,57,240,209,26.0,43,-849
ABaraa,58,240,208,25.9,43,310
ABaraa,59,240,207,25.8,43,-389
ABaraa,60,240,206,25.7,43,1133
ABaraa,61,240,205,25.6,43,-74
ABaraa,62,240,204,25.4,43,-118
ABaraa,63,240,203,25.3,43,69
ABaraa,64,240,202,25.2,43,-136
ABaraa,65,240,201,25.1,43,-914
ABaraa,66,239,200,25.0,43,-196
ABaraa,67,239,199,25.0,43,-825
ABaraa,68,238,198,25.0,43,182
ABaraa,69,237,197,25.0,43,-786
ABaraa,70,236,196,25.0,43,417
ABaraa,71,235,195,25.0,43,-895
ABaraa,72,234,193,25.0,43,-440
ABaraa,73,238,193,25.0,44,-129
ABaraa,74,237,189,24.0,45,-363
ABaraa,75,240,197,25.0,62,-249
ABaraa,76,237,195,25.0,61,-739
ABaraa,77,237,192,24.9,38,271
ABaraaa,78,228,195,25.0,36,497
ABaraaa,79,213,186,25.0,35,897
ABaraaa,80,204,176,25.0,49,-241
ABaraaa,81,206,167,25.0,49,171
ABaraaa,82,195,163,25.1,51,121
ABaraaa,83,191,159,25.2,53,-434
ABaraaa,84,183,161,24.3,52,-18
ABaraaa,85,180,164,24.2,55,-560
ABaraaa,86,179,161,24.0,52,-571
ABaraaa,87,184,161,24.0,53,137
ABaraaa,88,176,165,23.9,54,-253
ABaraaa,89,179,160,24.1,54,-354
ABaraaa,90,175,160,24.0,54,-334
ABaraaa,91,168,159,23.1,54,105
ABaraaa,92,176,158,24.0,54,376
ABaraaa,93,172,156,24.0,54,-589
ABaraaa,94,169,153,23.2,54,-392
ABaraaa,95,173,155,23.2,54,-53
ABaraaa,96,171,156,23.9,54,220
ABaraaa,97,173,151,23.2,55,250
ABaraaa,98,178,148,23.9,53,-790
ABaraaa,99,181,153,23.0,55,-516
ABaraaa,100,180,159,23.9,54,-11
ABaraaa,101,181,166,24.0,54,39
ABaraaa,102,181,170,23.3,59,92
ABaraaa,103,180,174,24.0,51,-112
ABaraaa,104,167,191,24.2,52,-608
ABaraaaa,105,150,204,24.0,46,-388
ABaraaaa,106,148,201,24.0,44,-887
ABaraaaa,107,146,197,24.0,44,-1246
ABaraaaa,108,145,190,24.0,44,194
ABaraaaa,109,143,186,23.9,44,338
ABaraaaa,110,143,190,24.0,44,-479
ABaraaaa,111,140,190,23.9,44,-603
ABaraaaa,112,140,193,23.1,44,-338
ABaraaaa,113,138,199,23.1,44,-1565
ABaraaaa,114,132,196,22.9,44,-720
ABaraaaa,115,132,191,22.1,44,-681
ABaraaaa,116,130,187,20.9,44,-563
ABaraaaa,117,127,184,20.9,44,879
ABaraaaa,118,127,182,21.0,44,420
ABaraaaa,119,127,183,20.9,44,-805
ABaraaaa,120,125,185,20.9,44,447
ABaraaaa,121,126,185,20.9,44,-727
ABaraaaa,122,129,184,20.9,44,-448
ABaraaaa,123,125,183,20.1,44,-273
ABaraaaa,124,128,184,21.0,44,-174
ABaraaaa,125,127,184,20.9,44,-608
ABaraaaa,126,127,185,21.0,44,-698
ABaraaaa,127,128,189,21.0,44,2059
ABaraaaa,128,128,195,21.1,44,-633
ABaraaaa,129,128,195,21.1,44,-373
ABaraaaa,130,132,189,21.9,43,-399
ABaraaaa,131,134,181,21.2,45,46
ABaraaaa,132,134,183,21.3,44,-154
ABaraaaa,133,135,183,22.0,44,-296
ABaraaaa,134,139,192,22.2,43,-634
ABaraaaa,135,138,195,22.1,42,-162
ABaraaaa,136,136,199,22.0,41,-703
ABaraaaa,137,136,196,21.2,40,-634
ABaraaaa,138,138,206,21.1,41,448
ABaraaaaa,139,138,193,21.1,37,-201
ABaraaaaa,140,134,199,21.0,37,-316
ABaraaaaa,141,130,195,21.1,37,-1275
ABaraaaaa,142,132,195,20.9,37,350
ABaraaaaa,143,130,195,20.3,41,76
ABaraaaaa,144,127,193,20.2,39,-787
ABaraaaaa,145,123,190,20.2,41,-457
ABaraaaaa,146,121,194,19.9,37,-1213
ABaraaaaa,147,121,193,19.2,41,21
ABaraaaaa,148,122,195,19.3,39,-467
ABaraaaaa,149,118,197,19.1,37,-1415
ABaraaaaa,150,120,196,19.9,37,-736
ABaraaaaa,151,122,199,20.0,37,-385
ABaraaaaa,152,122,212,19.1,29,792
ABaraaaaa,153,122,214,19.3,41,-775
ABaraaaaa,154,123,214,19.2,41,-139
ABaraaaaa,155,126,213,19.2,41,-144
ABaraaaaa,156,130,215,19.1,39,-625
ABaraaaaa,157,129,219,19.2,41,-1018
ABaraaaaa,158,130,212,19.1,39,2069
ABaraaaaa,159,132,219,18.3,41,129
ABaraaaaa,160,136,222,18.2,39,-109
ABaraaaaa,161,133,225,18.2,41,76
ABaraaaaa,162,126,217,18.1,41,-678
ABaraaaaa,163,127,217,17.5,39,-675
ABaraaaaa,164,128,224,18.0,37,-1090
ABaraaaaa,165,129,221,17.3,41,-785
ABaraaaaa,166,128,216,17.3,41,-1119
ABaraaaaa,167,127,225,17.3,41,512
ABaraaaaa,168,128,223,17.9,36,55
ABaraaaaa,169,118,229,17.1,40,147
ABaraaaaa,170,118,227,16.3,39,66
ABaraaaaa,171,120,215,16.3,35,-665
ABaraaaaa,172,121,208,18.0,38,-746
ABaraaaaa,173,119,216,18.3,37,-610
ABaraaaaa,174,114,219,18.2,36,479
ABaraaaaa,175,123,221,18.1,35,-58
ABaraaaaa,176,124,219,17.1,35,-1025
ABaraaaaa,177,127,218,17.2,35,-1261
ABaraaaaa,178,129,226,17.3,35,-424
ABaraaaaa,179,131,222,17.2,35,-741
ABaraaaaa,180,128,220,18.0,35,-345
ABaraaaaaa,181,123,244,18.1,31,870
ABaraaaaaa,182,121,249,17.9,31,246
ABaraaaaaa,183,118,255,17.0,33,280
ABaraaaaaa,184,119,253,17.9,31,-356
ABaraaaaaa,185,114,254,18.0,31,-655
ABaraaaaaa,186,113,255,18.4,35,597
ABaraaaaaa,187,112,254,19.2,35,-627
ABaraaaaaa,188,112,258,19.0,33,-613
ABaraaaaaa,189,111,258,19.2,35,-62
ABaraaaaaa,190,113,257,19.3,35,-1089
ABaraaaaaa,191,112,251,19.3,35,93
ABaraaaaaa,192,111,255,20.2,33,-249
ABaraaaaaa,193,109,255,20.1,35,-375
ABaraaaaaa,194,111,251,19.4,35,79
ABaraaaaaa,195,114,247,20.2,35,536
ABaraaaaaa,196,115,240,20.2,35,666
ABaraaaaaa,197,117,246,21.1,35,1559
ABaraaaaaa,198,116,245,21.0,35,446
ABaraaaaaa,199,118,253,21.0,35,109
ABaraaaaaa,200,118,255,21.1,35,211
ABaraaaaaa,201,118,254,20.3,35,-205
ABaraaaaaa,202,121,261,21.0,34,1848
ABaraaaaaa,203,126,268,20.3,34,-1283
ABaraaaaaa,204,122,265,20.3,32,79
ABaraaaaaa,205,123,271,20.3,34,206
ABaraaaaap,181,138,202,18.9,31,2447
ABaraaaaap,182,141,206,18.8,31,-6
ABaraaaaap,183,143,211,18.2,31,-1074
ABaraaaaap,184,143,209,18.1,31,-240
ABaraaaaap,185,143,211,18.1,33,-673
ABaraaaaap,186,146,208,19.1,33,-971
ABaraaaaap,187,143,206,19.1,35,-242
ABaraaaaap,188,144,206,19.3,35,24
ABaraaaaap,189,138,207,19.3,33,-651
ABaraaaaap,190,137,208,19.2,35,-574
ABaraaaaap,191,134,210,19.3,33,299
ABaraaaaap,192,130,209,20.1,35,388
ABaraaaaap,193,132,210,20.2,31,-262
ABaraaaaap,194,136,209,20.1,31,-400
ABaraaaaap,195,137,207,20.2,35,298
ABaraaaaap,196,135,204,21.0,35,-28
ABaraaaaap,197,137,205,21.3,33,-867
ABaraaaaap,198,136,206,21.0,35,-385
ABaraaaaap,199,130,208,21.2,35,-75
ABaraaaaap,200,135,212,21.0,35,319
ABaraaaaap,201,140,209,21.0,35,207
ABaraaaaap,202,136,214,21.1,34,-1343
ABaraaaaap,203,138,213,21.1,34,853
ABaraaaaap,204,140,211,21.2,34,-263
ABaraaaaap,205,145,210,20.3,32,-545
ABaraaaap,139,151,200,23.9,37,428
ABaraaaap,140,159,204,25.0,37,639
ABaraaaap,141,157,199,24.9,37,-686
ABaraaaap,142,157,194,25.0,37,392
ABaraaaap,143,161,188,25.2,39,501
ABaraaaap,144,158,182,25.1,37,739
ABaraaaap,145,154,191,25.0,37,-448
ABaraaaap,146,148,190,24.9,37,-113
ABaraaaap,147,144,196,24.1,37,-830
ABaraaaap,148,145,200,24.0,37,-204
ABaraaaap,149,142,202,23.1,39,-429
ABaraaaap,150,144,206,23.3,39,-210
ABaraaaap,151,146,213,23.9,37,-731
ABaraaaap,152,147,221,23.0,39,-209
ABaraaaap,153,150,230,22.2,39,-276
ABaraaaap,154,153,230,21.2,39,-1115
ABaraaaap,155,158,232,21.1,39,-1053
ABaraaaap,156,160,231,21.1,39,193
ABaraaaap,157,167,224,20.9,37,-254
ABaraaaap,158,171,222,20.2,39,-725
ABaraaaap,159,171,223,20.2,39,-650
ABaraaaap,160,170,223,20.0,37,581
ABaraaaap,161,171,230,19.2,39,-27
ABaraaaap,162,165,228,18.3,39,-300
ABaraaaap,163,167,233,19.0,37,-885
ABaraaaap,164,170,239,18.1,39,1051
ABaraaaap,165,167,240,18.0,37,-746
ABaraaaap,166,165,244,17.2,39,-652
ABaraaaap,167,165,253,17.0,39,21
ABaraaaap,168,160,255,16.9,36,565
ABaraaaap,169,157,249,16.2,38,-95
ABaraaaap,170,159,248,16.0,39,425
ABaraaaap,171,156,247,15.3,39,-823
ABaraaaap,172,150,244,16.1,38,-655
ABaraaaap,173,147,246,16.2,37,-856
ABaraaaap,174,149,248,15.4,36,475
ABaraaaap,175,151,247,15.3,35,79
ABaraaaap,176,155,252,15.1,35,387
ABaraaaap,177,156,257,15.3,35,-312
ABaraaaap,178,161,256,15.3,35,-630
ABaraaaap,179,163,258,16.0,35,-731
ABaraaaap,180,162,261,16.2,33,-835
ABaraaaap,181,163,254,15.4,33,432
ABaraaaap,182,162,256,15.8,31,-575
ABaraaaap,183,162,252,15.9,31,1103
ABaraaaap,184,163,257,16.0,31,501
ABaraaaapa,185,143,254,16.0,31,553
ABaraaaapa,186,137,252,16.9,31,189
ABaraaaapa,187,137,255,17.1,31,389
ABaraaaapa,188,140,253,16.8,31,51
ABaraaaapa,189,143,252,16.2,35,1508
ABaraaaapa,190,139,251,16.2,33,-375
ABaraaaapa,191,138,248,16.1,31,-570
ABaraaaapa,192,140,245,16.2,33,-906
ABaraaaapa,193,142,244,16.2,35,-732
ABaraaaapa,194,142,246,16.2,35,-1209
ABaraaaapa,195,143,243,16.1,33,-851
ABaraaaapa,196,143,243,17.1,35,713
ABaraaaapa,197,141,239,17.1,33,-431
ABaraaaapa,198,140,238,17.2,35,435
ABaraaaapa,199,140,239,17.0,35,-471
ABaraaaapa,200,143,239,17.2,35,535
ABaraaaapa,201,143,239,17.2,35,-336
ABaraaaapa,202,141,237,16.1,34,-791
ABaraaaapa,203,142,243,16.1,34,425
ABaraaaapa,204,139,241,16.0,32,959
ABaraaaapa,205,139,240,16.2,34,-100
ABaraaaapp,185,178,261,15.2,31,-912
ABaraaaapp,186,185,261,15.0,31,475
ABaraaaapp,187,186,259,15.1,31,485
ABaraaaapp,188,182,263,15.1,31,1951
ABaraaaapp,189,187,264,14.9,31,1124
ABaraaaapp,190,184,266,14.9,31,66
ABaraaaapp,191,186,265,15.0,31,-242
ABaraaaapp,192,182,264,14.3,35,-740
ABaraaaapp,193,183,267,14.4,35,-1328
ABaraaaapp,194,182,265,14.9,31,-580
ABaraaaapp,195,182,263,14.3,35,-9
ABaraaaapp,196,178,262,15.0,31,1417
ABaraaaapp,197,178,265,15.2,35,1359
ABaraaaapp,198,180,265,15.0,35,-1705
ABaraaaapp,199,182,271,15.0,33,-888
ABaraaaapp,200,179,271,14.3,35,-171
ABaraaaapp,201,182,261,14.3,35,947
ABaraaaapp,202,181,264,14.3,34,602
ABaraaaapp,203,181,265,14.2,34,-732
ABaraaaapp,204,183,268,14.3,34,-215
ABaraaaapp,205,184,272,14.3,34,838
ABaraaap,105,189,186,21.1,46,-129
ABaraaap,106,194,189,20.3,42,916
ABaraaap,107,199,197,20.9,44,816
ABaraaap,108,205,194,21.0,44,-530
ABaraaap,109,199,189,20.1,44,1238
ABaraaap,110,201,186,20.0,44,-100
ABaraaap,111,201,184,20.1,44,-427
ABaraaap,112,201,178,20.1,44,-262
ABaraaap,113,203,183,20.0,44,-1347
ABaraaap,114,207,181,20.0,44,-716
ABaraaap,115,212,183,20.1,44,-200
ABaraaap,116,202,183,20.0,44,-306
ABaraaap,117,198,185,20.0,44,-48
ABaraaap,118,199,182,19.0,44,430
ABaraaap,119,193,173,19.0,44,-764
ABaraaap,120,191,174,19.0,44,-317
ABaraaap,121,188,174,18.9,44,-377
ABaraaap,122,187,166,18.4,46,713
ABaraaap,123,181,168,20.0,44,-924
ABaraaap,124,179,162,20.1,44,-359
ABaraaap,125,178,151,20.9,44,268
ABaraaap,126,180,147,21.0,44,152
ABaraaap,127,174,145,21.0,46,-103
ABaraaap,128,174,142,21.9,44,-253
ABaraaap,129,174,141,21.1,44,444
ABaraaap,130,177,145,21.2,45,-528
ABaraaap,131,181,140,21.1,45,-893
ABaraaap,132,181,146,22.0,42,-557
ABaraaap,133,193,149,21.0,40,-545
ABaraaapa,134,176,154,22.0,35,-29
ABaraaapa,135,174,154,22.0,38,-605
ABaraaapa,136,168,157,21.9,37,326
ABaraaapa,137,170,157,21.9,38,-477
ABaraaapa,138,175,159,22.1,37,-1
ABaraaapa,139,177,160,23.0,41,-127
ABaraaapa,140,175,167,23.1,41,553
ABaraaapa,141,174,166,23.1,41,458
ABaraaapa,142,172,165,22.1,41,-948
ABaraaapa,143,177,167,21.2,41,401
ABaraaapa,144,178,171,21.1,41,-439
ABaraaapa,145,177,174,21.1,39,-264
ABaraaapa,146,171,169,21.1,41,-841
ABaraaapa,147,172,172,21.1,39,-890
ABaraaapa,148,170,165,21.2,41,201
ABaraaapa,149,167,168,21.2,41,-486
ABaraaapa,150,166,169,22.0,41,602
ABaraaapa,151,165,167,21.3,39,540
ABaraaapa,152,156,172,22.1,41,769
ABaraaapa,153,152,178,23.1,41,417
ABaraaapa,154,147,181,22.2,41,-327
ABaraaapa,155,147,181,22.2,41,1524
ABaraaapa,156,147,180,23.0,41,-1071
ABaraaapa,157,145,181,22.2,41,243
ABaraaapa,158,149,181,22.0,41,-449
ABaraaapa,159,146,180,21.3,41,434
ABaraaapa,160,142,191,22.2,41,-964
ABaraaapa,161,141,194,22.1,41,209
ABaraaapa,162,139,194,22.0,41,57
ABaraaapa,163,146,195,22.1,41,375
ABaraaapa,164,149,194,21.2,41,-172
ABaraaapa,165,152,200,21.1,41,72
ABaraaapa,166,144,208,21.2,41,-38
ABaraaapa,167,143,215,21.1,37,243
ABaraaapa,168,149,217,21.1,36,876
ABaraaapaa,169,131,224,19.9,36,350
ABaraaapaa,170,124,222,19.1,29,-537
ABaraaapaa,171,124,217,20.0,29,-144
ABaraaapaa,172,126,217,20.6,33,-966
ABaraaapaa,173,129,218,21.1,37,1071
ABaraaapaa,174,132,215,21.1,36,423
ABaraaapaa,175,130,215,21.2,35,-995
ABaraaapaa,176,124,223,21.0,35,-462
ABaraaapaa,177,124,221,21.1,33,39
ABaraaapaa,178,124,231,21.1,35,-652
ABaraaapaa,179,122,233,21.2,35,277
ABaraaapaa,180,126,236,22.1,35,-301
ABaraaapaa,181,127,232,21.2,35,19
ABaraaapaa,182,124,235,21.1,35,-693
ABaraaapaa,183,124,236,20.4,35,-32
ABaraaapaa,184,125,238,21.1,35,-79
ABaraaapaa,185,124,238,20.3,35,-905
ABaraaapaa,186,130,239,21.2,35,-587
ABaraaapaa,187,131,238,21.2,35,38
ABaraaapaa,188,132,237,21.4,35,-379
ABaraaapaa,189,131,241,22.1,35,174
ABaraaapaa,190,128,240,22.0,35,92
ABaraaapaa,191,130,242,22.1,35,-295
ABaraaapaa,192,135,241,22.2,35,480
ABaraaapaa,193,136,240,22.1,35,397
ABaraaapaa,194,137,236,22.1,35,409
ABaraaapaa,195,136,237,22.1,35,-855
ABaraaapaa,196,140,233,22.3,35,-1434
ABaraaapaa,197,147,234,22.2,35,-1109
ABaraaapaa,198,140,235,22.1,35,-140
ABaraaapaa,199,142,239,22.3,35,-815
ABaraaapaa,200,141,238,22.2,35,289
ABaraaapaa,201,142,240,21.3,35,594
ABaraaapaa,202,144,243,21.3,34,985
ABaraaapaa,203,147,244,21.1,34,288
ABaraaapaa,204,151,246,21.1,34,540
ABaraaapaa,205,151,244,20.2,34,-140
ABaraaapap,169,153,219,22.1,36,-1040
ABaraaapap,170,155,223,23.0,35,438
ABaraaapap,171,149,221,22.9,35,-1278
ABaraaapap,172,153,223,23.2,36,-528
ABaraaapap,173,159,231,23.2,37,-1136
ABaraaapap,174,156,235,24.0,36,945
ABaraaapap,175,161,238,23.2,35,-708
ABaraaapap,176,159,237,23.2,35,276
ABaraaapap,177,161,225,24.1,35,-599
ABaraaapap,178,161,218,25.0,35,172
ABaraaapap,179,162,226,24.2,35,-484
ABaraaapap,180,164,232,24.2,35,-298
ABaraaapap,181,164,226,24.1,35,668
ABaraaapap,182,155,227,24.0,35,-36
ABaraaapap,183,161,229,23.3,35,741
ABaraaapap,184,155,232,24.1,35,-864
ABaraaapap,185,158,231,23.1,35,-1739
ABaraaapap,186,161,233,24.1,35,-425
ABaraaapap,187,160,235,24.1,35,581
ABaraaapap,188,165,234,24.2,35,-151
ABaraaapap,189,167,234,24.2,35,38
ABaraaapap,190,162,234,24.1,35,936
ABaraaapap,191,171,236,23.1,35,-855
ABaraaapap,192,171,232,23.1,35,-616
ABaraaapap,193,166,232,23.1,35,-276
ABaraaapap,194,172,229,23.1,35,-1167
ABaraaapap,195,171,231,23.1,35,580
ABaraaapap,196,171,226,23.1,35,-1207
ABaraaapap,197,172,224,23.1,35,1086
ABaraaapap,198,173,226,23.1,35,146
ABaraaapap,199,175,227,22.2,35,-1086
ABaraaapap,200,183,226,22.2,35,382
ABaraaapap,201,183,229,22.1,35,-539
ABaraaapap,202,184,230,22.1,34,-1854
ABaraaapap,203,185,230,23.0,34,19
ABaraaapap,204,181,230,22.1,34,-902
ABaraaapap,205,180,229,21.2,34,589
ABaraaapp,134,209,143,21.2,37,-27
ABaraaapp,135,217,139,21.1,36,285
ABaraaapp,136,212,148,21.8,37,-308
ABaraaapp,137,218,149,20.9,38,753
ABaraaapp,138,221,155,20.1,39,405
ABaraaapp,139,224,155,19.2,39,-357
ABaraaapp,140,220,153,19.3,39,347
ABaraaapp,141,219,152,20.2,41,1247
ABaraaapp,142,216,152,20.9,37,-934
ABaraaapp,143,217,157,20.1,39,-480
ABaraaapp,144,220,159,20.1,39,687
ABaraaapp,145,221,160,20.3,39,-902
ABaraaapp,146,222,157,21.1,37,480
ABaraaapp,147,216,155,21.1,37,-840
ABaraaapp,148,210,150,21.2,41,-459
ABaraaapp,149,209,154,21.1,39,834
ABaraaapp,150,206,158,21.0,39,-817
ABaraaapp,151,202,161,21.2,39,-1367
ABaraaapp,152,198,163,21.2,39,-348
ABaraaapp,153,188,162,21.1,39,-576
ABaraaapp,154,186,159,21.1,41,-1145
ABaraaapp,155,185,157,21.3,39,-479
ABaraaapp,156,186,158,21.1,39,-109
ABaraaapp,157,187,160,22.0,41,573
ABaraaapp,158,190,162,21.3,39,-383
ABaraaapp,159,186,157,22.0,39,-558
ABaraaapp,160,179,162,22.1,39,186
ABaraaapp,161,177,162,22.2,39,208
ABaraaapp,162,174,161,22.2,41,689
ABaraaapp,163,172,156,23.0,39,299
ABaraaapp,164,165,158,23.0,41,1397
ABaraaapp,165,173,155,23.2,41,209
ABaraaapp,166,170,157,23.2,41,710
ABaraaapp,167,178,168,23.3,41,64
ABaraaapp,168,175,173,23.1,40,-197
ABaraaapp,169,167,173,24.1,40,949
ABaraaapp,170,162,172,24.1,39,-798
ABaraaapp,171,159,173,24.1,39,-310
ABaraaapp,172,163,176,24.3,36,-554
ABaraaapp,173,162,181,24.0,33,696
ABaraaapp,174,165,188,24.9,32,1061
ABaraaapp,175,168,189,24.9,31,-1304
ABaraaappa,176,134,193,23.0,31,796
ABaraaappa,177,136,185,22.1,31,-501
ABaraaappa,178,136,186,22.9,31,-211
ABaraaappa,179,137,192,22.0,31,878
ABaraaappa,180,141,192,22.4,35,507
ABaraaappa,181,138,190,22.3,33,218
ABaraaappa,182,132,192,22.2,35,54
ABaraaappa,183,133,192,22.2,35,-669
ABaraaappa,184,130,195,22.1,33,-221
ABaraaappa,185,127,195,21.3,35,-588
ABaraaappa,186,137,192,22.2,33,-1070
ABaraaappa,187,137,189,22.2,35,-706
ABaraaappa,188,140,189,23.1,35,-246
ABaraaappa,189,143,192,22.2,35,1083
ABaraaappa,190,148,189,22.1,35,1229
ABaraaappa,191,151,190,22.3,35,228
ABaraaappa,192,147,190,23.1,35,1483
ABaraaappa,193,147,188,23.3,35,-54
ABaraaappa,194,142,186,22.4,35,1202
ABaraaappa,195,144,189,23.1,33,1982
ABaraaappa,196,148,184,23.3,35,-481
ABaraaappa,197,146,183,23.3,35,-1306
ABaraaappa,198,147,179,23.9,31,-985
ABaraaappa,199,151,185,23.3,35,-455
ABaraaappa,200,151,194,24.0,35,544
ABaraaappa,201,150,193,23.2,35,-1333
ABaraaappa,202,150,191,24.2,34,-154
ABaraaappa,203,150,197,24.2,34,-1135
ABaraaappa,204,149,200,24.1,34,-71
ABaraaappa,205,151,196,24.1,34,1225
ABaraaappp,176,171,192,23.1,31,-747
ABaraaappp,177,177,182,23.1,31,855
ABaraaappp,178,171,180,23.1,33,-453
ABaraaappp,179,166,184,23.3,35,37
ABaraaappp,180,173,184,24.1,35,-153
ABaraaappp,181,167,176,23.3,35,-595
ABaraaappp,182,165,181,23.3,33,-32
ABaraaappp,183,166,178,23.2,35,-1265
ABaraaappp,184,160,185,23.3,35,789
ABaraaappp,185,162,182,23.2,35,-142
ABaraaappp,186,168,179,24.0,35,26
ABaraaappp,187,167,180,24.2,35,-264
ABaraaappp,188,164,184,25.2,35,1182
ABaraaappp,189,166,185,25.1,35,426
ABaraaappp,190,175,184,25.2,35,461
ABaraaappp,191,175,187,25.2,35,1060
ABaraaappp,192,176,185,25.3,35,-721
ABaraaappp,193,178,189,26.1,35,-305
ABaraaappp,194,175,190,25.3,35,46
ABaraaappp,195,178,187,25.2,35,-862
ABaraaappp,196,181,181,26.1,35,-303
ABaraaappp,197,182,187,26.2,35,1061
ABaraaappp,198,182,186,26.2,35,-740
ABaraaappp,199,185,186,26.1,35,250
ABaraaappp,200,184,191,26.2,35,503
ABaraaappp,201,179,197,26.3,35,523
ABaraaappp,202,180,195,26.2,34,576
ABaraaappp,203,177,196,26.3,34,291
ABaraaappp,204,174,195,27.1,34,163
ABaraaappp,205,177,196,27.1,34,467
ABaraap,78,254,226,24.0,43,-63
ABaraap,79,260,226,24.0,42,-916
ABaraap,80,266,227,24.0,40,-268
ABaraap,81,272,227,24.0,38,12
ABaraap,82,278,228,24.0,36,-1097
ABaraap,83,268,239,25.0,49,374
ABaraap,84,264,233,25.1,37,1367
ABaraap,85,252,231,25.0,51,742
ABaraap,86,245,231,24.1,54,17
ABaraap,87,242,229,24.0,55,190
ABaraap,88,239,220,24.9,54,690
ABaraap,89,234,233,24.0,56,73
ABaraap,90,231,231,24.2,56,371
ABaraap,91,232,227,24.2,56,-278
ABaraap,92,233,220,25.1,54,-124
ABaraap,93,233,214,26.0,58,-691
ABaraap,94,234,215,24.9,54,184
ABaraap,95,236,216,25.0,54,-47
ABaraap,96,236,210,24.2,56,187
ABaraap,97,235,212,25.0,57,-397
ABaraap,98,240,208,25.0,53,-151
ABaraap,99,240,209,23.2,57,-244
ABaraap,100,243,213,24.0,54,-93
ABaraap,101,247,216,24.1,58,-75
ABaraap,102,246,221,24.0,53,451
ABaraap,103,239,227,24.1,43,504
ABaraapa,104,227,228,25.2,32,-74
ABaraapa,105,211,240,25.0,46,-149
ABaraapa,106,201,234,25.9,44,627
ABaraapa,107,194,244,26.0,44,90
ABaraapa,108,181,250,26.0,48,704
ABaraapa,109,187,235,27.0,44,-1273
ABaraapa,110,189,230,26.9,44,-805
ABaraapa,111,184,230,26.1,46,230
ABaraapa,112,179,235,26.1,46,349
ABaraapa,113,179,237,26.1,46,-441
ABaraapa,114,177,232,26.1,48,279
ABaraapa,115,175,226,26.1,46,-181
ABaraapa,116,162,215,26.0,44,-343
ABaraapa,117,163,213,26.0,44,-1679
ABaraapa,118,163,212,25.9,44,-351
ABaraapa,119,166,213,26.0,46,198
ABaraapa,120,165,215,25.9,44,273
ABaraapa,121,164,213,25.1,46,-444
ABaraapa,122,164,213,25.9,44,-473
ABaraapa,123,156,223,25.9,44,314
ABaraapa,124,158,231,25.0,46,-1304
ABaraapa,125,155,235,24.2,48,-262
ABaraapa,126,154,231,23.4,46,-849
ABaraapa,127,157,229,25.0,46,-123
ABaraapa,128,160,246,24.3,46,-1291
ABaraapa,129,160,243,25.0,46,275
ABaraapa,130,163,246,24.2,47,-346
ABaraapa,131,170,239,25.1,47,-431
ABaraapa,132,172,240,25.0,44,687
ABaraapa,133,175,238,25.0,42,96
ABaraapa,134,176,243,25.0,39,-126
ABaraapa,135,176,233,25.0,38,-1281
ABaraapa,136,175,237,24.9,37,-1085
ABaraapaa,137,156,234,24.0,34,905
ABaraapaa,138,154,239,24.9,37,-453
ABaraapaa,139,150,244,24.2,39,-1133
ABaraapaa,140,153,249,25.0,41,7
ABaraapaa,141,151,244,25.0,37,1344
ABaraapaa,142,149,239,24.4,39,-1240
ABaraapaa,143,144,232,24.1,37,619
ABaraapaa,144,144,228,24.2,37,-1332
ABaraapaa,145,142,235,24.8,37,880
ABaraapaa,146,144,238,24.1,37,-1469
ABaraapaa,147,144,240,23.3,41,-1081
ABaraapaa,148,150,242,23.3,39,-124
ABaraapaa,149,147,245,23.1,39,769
ABaraapaa,150,149,248,23.2,37,-944
ABaraapaa,151,150,255,23.3,41,76
ABaraapaa,152,148,260,24.1,39,-881
ABaraapaa,153,141,263,24.0,39,96
ABaraapaa,154,144,260,24.1,41,-850
ABaraapaa,155,146,256,24.0,37,-565
ABaraapaa,156,157,257,23.2,41,-681
ABaraapaa,157,169,260,22.2,39,-226
ABaraapaa,158,169,257,22.1,39,-1179
ABaraapaa,159,163,255,23.1,41,-508
ABaraapaa,160,164,253,22.3,39,-266
ABaraapaa,161,164,249,23.0,39,-673
ABaraapaa,162,163,245,22.2,39,-234
ABaraapaa,163,164,246,22.1,39,150
ABaraapaa,164,169,250,21.2,39,-441
ABaraapaa,165,165,251,21.1,41,108
ABaraapaa,166,164,253,21.1,39,-622
ABaraapaa,167,163,261,20.1,41,352
ABaraapaa,168,166,273,20.2,38,307
ABaraapaa,169,164,269,20.2,38,-253
ABaraapaa,170,161,266,19.3,37,345
ABaraapaa,171,161,266,19.2,37,-395
ABaraapaa,172,163,264,20.2,38,-371
ABaraapaa,173,166,263,20.0,37,438
ABaraapaa,174,171,259,19.3,36,733
ABaraapaa,175,167,256,19.1,35,-346
ABaraapaa,176,164,256,19.0,31,-47
ABaraapaa,177,164,251,20.0,31,-802
ABaraapaa,178,160,256,20.9,31,-50
ABaraapaaa,179,145,264,20.9,31,570
ABaraapaaa,180,150,266,20.8,31,-781
ABaraapaaa,181,152,260,20.1,31,-1198
ABaraapaaa,182,149,265,20.1,31,-637
ABaraapaaa,183,152,265,20.1,33,-676
ABaraapaaa,184,156,267,20.1,35,-650
ABaraapaaa,185,156,265,20.1,35,-429
ABaraapaaa,186,159,267,20.4,33,-585
ABaraapaaa,187,154,268,21.1,35,-1082
ABaraapaaa,188,155,268,21.0,33,-1073
ABaraapaaa,189,154,264,20.4,35,-205
ABaraapaaa,190,155,260,20.4,33,-612
ABaraapaaa,191,157,263,20.3,35,-527
ABaraapaaa,192,156,264,20.3,35,-247
ABaraapaaa,193,155,260,20.2,35,-538
ABaraapaaa,194,157,262,20.2,35,2011
ABaraapaaa,195,161,261,20.1,35,-675
ABaraapaaa,196,161,258,20.2,35,-1145
ABaraapaaa,197,166,261,20.4,35,866
ABaraapaaa,198,166,257,20.3,35,-204
ABaraapaaa,199,162,254,20.3,35,-739
ABaraapaaa,200,165,257,19.5,33,-150
ABaraapaaa,201,162,256,19.3,35,-436
ABaraapaaa,202,165,256,19.2,34,-157
ABaraapaaa,203,162,257,19.2,34,-1143
ABaraapaaa,204,162,252,19.0,34,-361
ABaraapaaa,205,167,252,18.2,32,-255
ABaraapaap,179,187,253,20.0,31,2
ABaraapaap,180,193,252,19.9,31,-54
ABaraapaap,181,195,246,19.0,35,650
ABaraapaap,182,193,250,19.0,35,-544
ABaraapaap,183,202,250,19.2,35,194
ABaraapaap,184,205,253,19.0,35,-536
ABaraapaap,185,204,253,18.3,35,-1298
ABaraapaap,186,201,256,19.0,33,-703
ABaraapaap,187,192,261,19.2,35,770
ABaraapaap,188,191,266,19.2,35,-75
ABaraapaap,189,189,261,19.1,35,1226
ABaraapaap,190,190,258,19.3,35,-132
ABaraapaap,191,189,258,19.0,35,-22
ABaraapaap,192,185,263,19.0,35,-1166
ABaraapaap,193,190,259,18.2,35,1112
ABaraapaap,194,189,263,18.2,35,315
ABaraapaap,195,192,263,18.3,35,53
ABaraapaap,196,190,259,18.2,35,107
ABaraapaap,197,192,264,18.2,35,60
ABaraapaap,198,190,259,18.2,35,-462
ABaraapaap,199,192,263,17.3,35,102
ABaraapaap,200,192,265,17.2,35,659
ABaraapaap,201,193,260,17.2,35,426
ABaraapaap,202,197,258,18.0,34,-754
ABaraapaap,203,197,263,18.1,32,-308
ABaraapaap,204,199,257,17.3,34,467
ABaraapaap,205,199,255,17.3,34,-571
ABaraapap,137,192,258,25.8,38,605
ABaraapap,138,190,266,25.0,37,776
ABaraapap,139,189,271,24.4,41,-676
ABaraapap,140,201,283,25.1,39,-929
ABaraapap,141,198,279,25.2,41,220
ABaraapap,142,193,281,25.2,41,52
ABaraapap,143,194,272,25.3,41,870
ABaraapap,144,192,264,25.2,41,-415
ABaraapap,145,197,263,25.1,41,424
ABaraapap,146,191,262,24.0,41,-341
ABaraapap,147,195,261,23.1,41,-187
ABaraapap,148,191,265,23.1,41,-381
ABaraapap,149,190,264,23.1,39,-227
ABaraapap,150,194,267,23.1,39,40
ABaraapap,151,197,270,23.1,39,233
ABaraapap,152,197,271,23.1,41,398
ABaraapap,153,197,277,22.3,39,-413
ABaraapap,154,199,275,23.0,41,11
ABaraapap,155,196,270,23.0,37,459
ABaraapap,156,203,275,23.0,37,-134
ABaraapap,157,213,276,22.2,41,-1063
ABaraapap,158,217,275,22.1,41,-476
ABaraapap,159,212,276,22.2,39,349
ABaraapap,160,209,279,22.2,41,743
ABaraapap,161,208,279,22.1,39,-105
ABaraapap,162,205,274,21.3,41,38
ABaraapap,163,204,275,21.9,37,285
ABaraapap,164,210,277,21.0,41,-795
ABaraapap,165,206,275,21.1,39,638
ABaraapap,166,207,279,21.0,41,-189
ABaraapap,167,211,281,20.1,41,-391
ABaraapap,168,211,288,20.0,40,-492
ABaraapap,169,208,290,19.2,40,-1328
ABaraapap,170,209,292,19.2,39,-527
ABaraapap,171,204,290,18.4,39,-896
ABaraapap,172,205,295,19.1,34,-250
ABaraapap,173,208,282,19.9,33,-278
ABaraapapa,174,201,279,19.9,32,1186
ABaraapapa,175,200,276,19.0,31,895
ABaraapapa,176,200,276,18.9,31,819
ABaraapapa,177,206,266,18.1,31,-854
ABaraapapa,178,204,273,19.1,33,9
ABaraapapa,179,204,280,18.3,35,-590
ABaraapapa,180,200,285,18.2,35,950
ABaraapapa,181,199,286,18.1,33,-889
ABaraapapa,182,193,291,18.3,35,159
ABaraapapa,183,196,292,18.2,35,-706
ABaraapapa,184,201,290,18.3,35,-379
ABaraapapa,185,203,289,18.1,35,360
ABaraapapa,186,203,291,17.3,35,-1245
ABaraapapa,187,208,291,17.3,35,-1870
ABaraapapa,188,210,291,17.4,35,281
ABaraapapa,189,208,285,18.1,35,-159
ABaraapapa,190,209,286,18.1,35,-1174
ABaraapapa,191,215,284,18.2,35,74
ABaraapapa,192,216,286,18.1,35,-54
ABaraapapa,193,216,287,18.1,35,893
ABaraapapa,194,217,284,18.1,35,417
ABaraapapa,195,221,287,18.2,35,-180
ABaraapapa,196,219,285,18.0,35,366
ABaraapapa,197,221,286,18.2,35,144
ABaraapapa,198,222,285,18.1,35,1355
ABaraapapa,199,224,285,17.2,35,-823
ABaraapapa,200,226,287,17.2,35,-113
ABaraapapa,201,228,285,18.0,35,-1055
ABaraapapa,202,226,284,18.1,34,-861
ABaraapapa,203,229,286,18.1,34,-324
ABaraapapa,204,227,288,18.0,34,73
ABaraapapa,205,229,289,18.1,34,-503
ABaraapapp,174,227,281,19.3,29,1288
ABaraapapp,175,244,291,20.1,31,490
ABaraapapp,176,247,292,20.1,31,265
ABaraapapp,177,248,291,19.9,31,-287
ABaraapapp,178,250,289,19.1,33,-490
ABaraapapp,179,256,300,20.0,31,-365
ABaraapapp,180,247,305,20.2,33,648
ABaraapapp,181,248,306,20.4,33,170
ABaraapapp,182,245,302,19.4,35,1613
ABaraapapp,183,245,302,19.4,35,1055
ABaraapapp,184,249,303,19.1,31,-351
ABaraapapp,185,249,293,19.0,35,-727
ABaraapapp,186,246,299,18.3,33,36
ABaraapapp,187,250,299,18.1,35,-1367
ABaraapapp,188,248,297,18.1,31,890
ABaraapapp,189,248,293,17.4,33,968
ABaraapapp,190,247,292,17.2,33,227
ABaraapapp,191,250,293,17.0,33,511
ABaraapapp,192,252,293,16.3,35,100
ABaraapapp,193,253,296,16.0,33,-1265
ABaraapapp,194,252,298,15.5,33,-606
ABaraapapp,195,254,298,15.5,35,-184
ABaraapapp,196,251,299,15.5,33,-1442
ABaraapapp,197,253,303,16.0,31,651
ABaraapapp,198,254,298,15.8,31,1435
ABaraapapp,199,255,299,15.2,33,-397
ABaraapapp,200,260,300,15.3,33,-30
ABaraapapp,201,257,300,15.2,33,342
ABaraapapp,202,255,300,15.3,34,-1886
ABaraapapp,203,252,301,15.2,34,-798
ABaraapapp,204,256,300,15.1,34,-1521
ABaraapapp,205,254,296,15.3,34,-811
ABaraapp,104,255,231,23.1,32,56
ABaraapp,105,256,237,22.2,40,-261
ABaraapp,106,254,241,23.1,44,84
ABaraapp,107,257,245,23.9,44,-170
ABaraapp,108,264,251,24.0,44,-201
ABaraapp,109,270,249,25.0,44,-514
ABaraapp,110,266,244,24.9,44,-538
ABaraapp,111,260,241,25.0,44,-74
ABaraapp,112,255,239,26.1,44,136
ABaraapp,113,251,238,26.0,46,3
ABaraapp,114,249,230,27.0,44,409
ABaraapp,115,243,229,27.1,44,-114
ABaraapp,116,226,236,26.1,44,546
ABaraapp,117,226,243,26.1,48,178
ABaraapp,118,227,245,26.0,48,-379
ABaraapp,119,225,253,25.9,44,703
ABaraapp,120,224,250,25.1,48,-702
ABaraapp,121,226,246,25.1,48,-398
ABaraapp,122,219,251,26.0,48,32
ABaraapp,123,222,253,26.1,48,-483
ABaraapp,124,226,259,26.1,48,-413
ABaraapp,125,223,264,26.2,48,373
ABaraapp,126,227,266,26.2,48,-510
ABaraapp,127,227,266,26.3,48,-577
ABaraapp,128,234,260,26.2,48,-283
ABaraapp,129,234,262,26.2,48,-521
ABaraapp,130,234,265,25.2,47,-476
ABaraapp,131,237,268,25.2,47,-539
ABaraapp,132,237,264,25.1,44,486
ABaraapp,133,243,254,25.0,40,-149
ABaraapp,134,252,249,24.1,37,567
ABaraappa,135,235,237,24.1,38,-306
ABaraappa,136,235,233,24.0,37,-75
ABaraappa,137,236,236,24.9,38,187
ABaraappa,138,233,238,25.0,41,-703
ABaraappa,139,229,236,25.1,39,-66
ABaraappa,140,227,241,26.1,41,-1043
ABaraappa,141,223,239,26.1,41,-745
ABaraappa,142,223,237,26.0,41,63
ABaraappa,143,226,238,26.0,37,-540
ABaraappa,144,225,231,26.0,41,-160
ABaraappa,145,224,230,24.1,41,-1416
ABaraappa,146,217,225,24.1,41,1679
ABaraappa,147,218,227,24.1,37,-362
ABaraappa,148,216,229,23.1,41,345
ABaraappa,149,211,226,23.2,41,1983
ABaraappa,150,213,226,23.2,41,-559
ABaraappa,151,216,230,23.1,39,57
ABaraappa,152,217,233,23.0,37,-1498
ABaraappa,153,217,237,23.1,41,652
ABaraappa,154,217,240,22.2,41,1166
ABaraappa,155,216,232,22.1,39,264
ABaraappa,156,212,231,21.1,41,-53
ABaraappa,157,213,233,20.4,39,-1202
ABaraappa,158,210,232,20.9,37,-574
ABaraappa,159,210,238,20.1,41,-1085
ABaraappa,160,210,238,20.3,41,253
ABaraappa,161,211,236,20.2,41,463
ABaraappa,162,209,229,20.2,39,332
ABaraappa,163,208,227,20.2,41,-1017
ABaraappa,164,209,224,20.1,41,-516
ABaraappa,165,210,225,19.4,39,1479
ABaraappa,166,208,228,19.1,41,479
ABaraappa,167,203,231,19.3,41,292
ABaraappa,168,199,236,19.1,38,-932
ABaraappa,169,196,234,19.1,40,162
ABaraappa,170,193,235,18.4,37,-148
ABaraappa,171,191,232,18.9,35,-222
ABaraappa,172,193,230,19.0,34,35
ABaraappaa,173,176,228,18.2,33,-952
ABaraappaa,174,174,224,18.0,32,-990
ABaraappaa,175,173,218,18.0,31,1020
ABaraappaa,176,170,215,18.1,33,206
ABaraappaa,177,168,212,18.9,31,898
ABaraappaa,178,169,216,18.8,31,-877
ABaraappaa,179,170,221,19.0,31,-652
ABaraappaa,180,171,225,19.2,35,-507
ABaraappaa,181,172,222,19.1,33,391
ABaraappaa,182,171,224,18.4,33,1508
ABaraappaa,183,175,224,18.3,35,134
ABaraappaa,184,175,227,18.2,35,1073
ABaraappaa,185,174,226,18.1,35,344
ABaraappaa,186,174,225,17.4,35,-393
ABaraappaa,187,172,227,18.1,33,65
ABaraappaa,188,173,227,18.2,35,1409
ABaraappaa,189,170,226,17.5,35,-990
ABaraappaa,190,169,223,18.1,35,81
ABaraappaa,191,171,221,18.2,35,-811
ABaraappaa,192,170,224,18.1,35,-1455
ABaraappaa,193,172,222,18.1,35,330
ABaraappaa,194,175,222,18.0,35,-233
ABaraappaa,195,174,220,18.1,33,-401
ABaraappaa,196,173,215,18.1,33,-752
ABaraappaa,197,172,220,18.1,31,-422
ABaraappaa,198,173,218,18.1,35,-76
ABaraappaa,199,172,219,18.2,33,-1000
ABaraappaa,200,177,218,17.2,29,-1296
ABaraappaa,201,175,215,18.1,35,-1553
ABaraappaa,202,171,213,17.3,34,-278
ABaraappaa,203,171,213,17.3,34,484
ABaraappaa,204,171,217,17.2,34,-204
ABaraappaa,205,171,217,17.2,34,-788
ABaraappap,173,212,220,19.8,33,383
ABaraappap,174,218,220,19.9,32,-211
ABaraappap,175,216,217,20.1,33,-926
ABaraappap,176,212,215,19.3,33,742
ABaraappap,177,213,214,19.3,35,-549
ABaraappap,178,213,216,19.2,33,617
ABaraappap,179,222,216,20.1,35,-291
ABaraappap,180,218,214,21.0,35,-139
ABaraappap,181,216,216,21.1,35,457
ABaraappap,182,210,223,21.1,35,835
ABaraappap,183,207,223,21.1,35,-103
ABaraappap,184,212,225,21.1,35,-1349
ABaraappap,185,212,231,20.2,35,542
ABaraappap,186,214,228,20.1,35,-162
ABaraappap,187,215,232,20.2,35,-996
ABaraappap,188,214,230,20.1,35,439
ABaraappap,189,210,230,20.1,35,0
ABaraappap,190,208,227,20.1,35,-298
ABaraappap,191,210,222,19.9,31,141
ABaraappap,192,210,229,19.2,33,-1385
ABaraappap,193,212,227,19.2,35,95
ABaraappap,194,213,228,19.2,35,-997
ABaraappap,195,211,231,19.1,35,163
ABaraappap,196,213,225,20.0,35,-95
ABaraappap,197,209,224,19.3,35,-195
ABaraappap,198,213,223,20.0,35,225
ABaraappap,199,210,222,19.0,35,-188
ABaraappap,200,212,228,19.1,35,1038
ABaraappap,201,212,222,18.2,35,-41
ABaraappap,202,211,223,18.2,34,-564
ABaraappap,203,209,222,18.2,34,338
ABaraappap,204,208,217,18.2,34,-527
ABaraappap,205,209,217,18.2,34,-411
ABaraappp,135,271,249,25.1,38,321
ABaraappp,136,277,242,26.0,37,1129
ABaraappp,137,288,242,25.2,40,834
ABaraappp,138,290,232,25.2,39,-113
ABaraappp,139,288,230,25.0,41,-610
ABaraappp,140,294,233,24.0,41,-317
ABaraappp,141,290,232,24.1,41,123
ABaraappp,142,291,231,25.1,41,669
ABaraappp,143,288,231,25.1,39,44
ABaraappp,144,286,231,25.1,41,-296
ABaraappp,145,288,229,25.0,41,-916
ABaraappp,146,274,226,25.2,41,-1097
ABaraappp,147,267,224,25.1,39,-817
ABaraappp,148,266,226,25.1,41,-388
ABaraappp,149,263,227,24.1,39,-178
ABaraappp,150,267,234,25.0,41,332
ABaraappp,151,264,236,25.0,41,558
ABaraappp,152,270,233,24.1,41,485
ABaraappp,153,263,236,24.1,41,-659
ABaraappp,154,260,234,24.0,41,-301
ABaraappp,155,261,235,23.2,41,-840
ABaraappp,156,258,236,24.0,41,976
ABaraappp,157,260,237,23.1,41,1747
ABaraappp,158,257,232,23.1,41,157
ABaraappp,159,250,230,23.1,41,-113
ABaraappp,160,251,229,22.2,41,-462
ABaraappp,161,255,230,22.0,41,471
ABaraappp,162,256,232,22.1,41,214
ABaraappp,163,255,234,22.0,41,-113
ABaraappp,164,257,241,22.0,41,211
ABaraappp,165,260,238,21.2,41,-739
ABaraappp,166,254,243,21.1,41,70
ABaraappp,167,254,250,21.1,41,-565
ABaraappp,168,250,256,21.1,40,21
ABaraappp,169,251,254,21.0,40,-17
ABaraappp,170,249,252,20.3,39,-60
ABaraappp,171,245,245,20.8,35,-641
ABaraappp,172,255,245,21.9,34,161
ABaraappp,173,258,246,21.0,33,1206
ABaraappp,174,266,245,20.9,32,704
ABaraapppa,175,245,252,21.0,31,936
ABaraapppa,176,241,250,21.0,31,-582
ABaraapppa,177,246,251,20.3,33,-1119
ABaraapppa,178,248,242,20.2,35,267
ABaraapppa,179,248,250,19.4,35,1446
ABaraapppa,180,248,252,20.2,35,-60
ABaraapppa,181,246,253,20.2,35,-209
ABaraapppa,182,246,254,20.1,35,-155
ABaraapppa,183,245,257,20.0,35,-77
ABaraapppa,184,245,260,19.4,35,-1132
ABaraapppa,185,247,253,19.1,35,-528
ABaraapppa,186,243,250,19.2,35,-403
ABaraapppa,187,244,247,19.2,35,482
ABaraapppa,188,247,247,19.2,35,503
ABaraapppa,189,243,243,19.1,35,-1458
ABaraapppa,190,243,241,19.3,35,727
ABaraapppa,191,243,242,19.1,35,237
ABaraapppa,192,242,238,19.2,35,-341
ABaraapppa,193,242,238,19.1,35,-256
ABaraapppa,194,245,237,19.2,35,191
ABaraapppa,195,247,233,19.2,35,2
ABaraapppa,196,243,231,20.1,35,-972
ABaraapppa,197,242,225,20.0,35,250
ABaraapppa,198,242,224,19.2,35,1065
ABaraapppa,199,237,224,19.2,35,-1110
ABaraapppa,200,240,226,20.1,35,-721
ABaraapppa,201,247,233,19.2,35,-1194
ABaraapppa,202,241,235,20.0,34,-85
ABaraapppa,203,245,229,19.2,34,-202
ABaraapppa,204,240,222,20.1,34,-1353
ABaraapppa,205,244,219,20.1,34,93
ABaraapppp,175,291,237,19.1,33,-1386
ABaraapppp,176,291,233,19.1,29,-158
ABaraapppp,177,291,226,19.9,27,179
ABaraapppp,178,291,226,19.9,27,-1256
ABaraapppp,179,292,227,18.0,35,953
ABaraapppp,180,291,216,19.2,35,-606
ABaraapppp,181,291,212,19.2,35,-396
ABaraapppp,182,290,209,20.1,35,120
ABaraapppp,183,287,211,20.2,35,239
ABaraapppp,184,284,206,20.1,29,1918
ABaraapppp,185,284,204,20.2,35,581
ABaraapppp,186,277,201,20.2,35,738
ABaraapppp,187,274,201,21.1,35,204
ABaraapppp,188,272,199,21.1,35,-17
ABaraapppp,189,275,201,20.1,35,-1406
ABaraapppp,190,273,197,20.1,35,-740
ABaraapppp,191,274,195,20.0,35,400
ABaraapppp,192,271,192,19.1,35,-521
ABaraapppp,193,271,192,19.1,35,-786
ABaraapppp,194,270,191,19.1,35,-1508
ABaraapppp,195,273,192,18.2,35,48
ABaraapppp,196,274,189,19.0,35,-820
ABaraapppp,197,273,190,19.2,35,485
ABaraapppp,198,272,191,19.1,33,1092
ABaraapppp,199,271,191,19.1,35,57
ABaraapppp,200,270,195,19.0,33,-127
ABaraapppp,201,272,196,19.0,35,-406
ABaraapppp,202,274,196,19.1,34,-2177
ABaraapppp,203,271,195,18.2,34,-1612
ABaraapppp,204,272,198,18.2,34,653
ABaraapppp,205,272,197,19.0,34,-624
ABarap,55,283,164,24.0,49,203
ABarap,56,288,167,24.0,46,-619
ABarap,57,293,170,24.0,43,-668
ABarap,58,298,171,24.0,43,-508
ABarap,59,303,172,24.0,43,1132
ABarap,60,308,174,24.0,43,-744
ABarap,61,313,175,24.0,43,712
ABarap,62,318,176,24.0,43,568
ABarap,63,323,178,24.0,43,61
ABarap,64,328,179,24.0,43,376
ABarap,65,333,180,24.0,43,95
ABarap,66,338,182,24.0,43,-564
ABarap,67,338,181,23.9,43,364
ABarap,68,338,180,23.8,42,443
ABarap,69,337,179,23.8,42,838
ABarap,70,337,177,23.7,41,872
ABarap,71,337,176,23.6,40,-33
ABarap,72,336,175,23.5,40,-244
ABarap,73,336,174,23.4,39,1577
ABarap,74,336,172,23.3,38,-563
ABarap,75,335,171,23.3,38,-757
ABarap,76,335,170,23.2,37,-938
ABarap,77,334,168,23.1,36,191
ABarapa,78,319,158,23.1,36,-544
ABarapa,79,303,147,24.0,33,-1359
ABarapa,80,304,131,26.0,36,-1035
ABarapa,81,293,139,26.0,49,-1156
ABarapa,82,282,135,26.1,51,713
ABarapa,83,271,137,26.0,51,-33
ABarapa,84,273,129,25.2,56,165
ABarapa,85,267,134,25.2,53,377
ABarapa,86,256,129,25.1,52,65
ABarapa,87,255,126,25.1,59,-917
ABarapa,88,261,129,25.1,54,-159
ABarapa,89,255,133,25.1,56,-940
ABarapa,90,256,130,25.1,54,223
ABarapa,91,254,126,25.0,56,-415
ABarapa,92,261,119,25.0,54,-353
ABarapa,93,254,123,25.0,54,-480
ABarapa,94,255,119,23.1,56,-655
ABarapa,95,249,127,23.0,54,609
ABarapa,96,254,118,24.0,54,-393
ABarapa,97,254,119,24.1,55,-591
ABarapa,98,265,117,23.9,53,-125
ABarapa,99,270,124,23.3,55,-184
ABarapa,100,268,129,24.0,54,-859
ABarapa,101,265,131,24.0,54,337
ABarapa,102,266,133,24.1,53,-387
ABarapa,103,266,133,24.8,51,-151
ABarapaa,104,233,128,24.0,48,304
ABarapaa,105,219,135,25.0,46,82
ABarapaa,106,203,142,25.1,44,625
ABarapaa,107,193,141,25.0,44,-797
ABarapaa,108,192,143,25.0,44,-69
ABarapaa,109,191,141,24.9,44,-784
ABarapaa,110,190,144,25.0,44,-3
ABarapaa,111,191,143,25.0,44,51
ABarapaa,112,186,144,25.0,44,357
ABarapaa,113,186,145,25.0,44,-208
ABarapaa,114,188,136,23.9,44,485
ABarapaa,115,189,139,24.1,44,-72
ABarapaa,116,184,134,23.0,44,-516
ABarapaa,117,187,136,23.9,44,-51
ABarapaa,118,185,136,23.1,44,658
ABarapaa,119,176,137,23.0,44,552
ABarapaa,120,173,140,22.9,44,-444
ABarapaa,121,172,141,22.0,44,-212
ABarapaa,122,176,138,22.1,44,-496
ABarapaa,123,174,145,23.1,44,-386
ABarapaa,124,178,152,24.0,44,170
ABarapaa,125,178,152,24.0,44,402
ABarapaa,126,181,154,24.1,48,-555
ABarapaa,127,181,161,25.1,48,-11
ABarapaa,128,183,160,25.1,46,-89
ABarapaa,129,181,164,25.1,44,-604
ABarapaa,130,189,164,25.1,47,868
ABarapaa,131,191,165,25.2,45,331
ABarapaa,132,197,168,26.0,42,56
ABarapaa,133,201,164,26.1,40,-572
ABarapaa,134,204,183,26.0,39,798
ABarapaaa,135,185,179,24.3,36,-254
ABarapaaa,136,179,177,25.0,37,-1263
ABarapaaa,137,183,193,25.2,38,1033
ABarapaaa,138,183,202,25.2,39,621
ABarapaaa,139,185,207,26.1,39,-221
ABarapaaa,140,193,211,27.1,41,844
ABarapaaa,141,191,207,26.2,41,-105
ABarapaaa,142,188,208,27.0,41,-203
ABarapaaa,143,190,211,26.3,39,517
ABarapaaa,144,184,206,27.1,41,1219
ABarapaaa,145,184,207,27.1,41,-195
ABarapaaa,146,175,206,27.0,41,1203
ABarapaaa,147,175,206,26.2,41,-670
ABarapaaa,148,173,208,26.2,41,111
ABarapaaa,149,168,213,27.0,37,318
ABarapaaa,150,170,216,27.0,41,-527
ABarapaaa,151,171,226,26.2,41,-56
ABarapaaa,152,172,229,27.0,37,697
ABarapaaa,153,168,233,26.1,41,48
ABarapaaa,154,171,230,26.0,37,539
ABarapaaa,155,172,221,26.0,37,-411
ABarapaaa,156,171,223,26.0,39,-603
ABarapaaa,157,173,232,26.1,39,1087
ABarapaaa,158,174,231,26.1,41,-1617
ABarapaaa,159,170,236,26.0,39,168
ABarapaaa,160,174,247,26.1,41,461
ABarapaaa,161,169,233,26.0,37,343
ABarapaaa,162,172,232,26.1,39,-729
ABarapaaa,163,171,228,27.0,37,-1097
ABarapaaa,164,175,226,26.2,41,1224
ABarapaaa,165,178,223,26.3,39,191
ABarapaaa,166,179,218,27.0,37,-702
ABarapaaa,167,182,234,27.0,41,335
ABarapaaa,168,179,236,27.1,40,-36
ABarapaaa,169,173,249,27.0,36,-347
ABarapaaa,170,168,259,26.1,39,1522
ABarapaaa,171,160,261,26.1,39,-306
ABarapaaa,172,166,270,26.0,36,598
ABarapaaa,173,178,277,26.1,37,-531
ABarapaaa,174,182,279,26.2,36,742
ABarapaaa,175,183,282,26.0,35,98
ABarapaaa,176,185,270,26.1,31,679
ABarapaaa,177,193,260,26.0,31,-126
ABarapaaaa,178,180,257,26.1,31,-239
ABarapaaaa,179,176,262,26.1,31,-98
ABarapaaaa,180,173,269,26.1,33,-426
ABarapaaaa,181,178,258,26.0,33,-1374
ABarapaaaa,182,172,258,26.2,35,-118
ABarapaaaa,183,170,259,27.0,35,-645
ABarapaaaa,184,168,258,26.3,35,8
ABarapaaaa,185,168,259,26.2,35,352
ABarapaaaa,186,175,256,27.1,35,-230
ABarapaaaa,187,176,255,27.0,33,798
ABarapaaaa,188,183,254,27.1,35,562
ABarapaaaa,189,180,252,27.0,35,1105
ABarapaaaa,190,186,254,27.0,35,-603
ABarapaaaa,191,190,252,26.3,35,-535
ABarapaaaa,192,191,249,27.1,35,-1473
ABarapaaaa,193,190,251,26.3,35,222
ABarapaaaa,194,193,252,26.2,35,-1128
ABarapaaaa,195,197,250,26.2,35,796
ABarapaaaa,196,193,247,26.3,35,-364
ABarapaaaa,197,199,248,27.0,35,202
ABarapaaaa,198,200,248,26.3,35,-71
ABarapaaaa,199,201,246,27.0,29,541
ABarapaaaa,200,198,251,27.0,35,-1334
ABarapaaaa,201,199,254,26.2,35,165
ABarapaaaa,202,201,253,26.2,34,-614
ABarapaaaa,203,203,256,26.3,34,-410
ABarapaaaa,204,202,257,26.2,34,-73
ABarapaaaa,205,202,249,26.2,34,-695
ABarapaaap,178,206,270,27.0,31,-1276
ABarapaaap,179,214,280,27.0,31,-731
ABarapaaap,180,211,284,26.9,31,-329
ABarapaaap,181,212,280,27.2,35,394
ABarapaaap,182,210,284,27.1,35,-14
ABarapaaap,183,210,288,27.1,35,1230
ABarapaaap,184,209,288,27.1,35,217
ABarapaaap,185,206,286,27.1,35,-384
ABarapaaap,186,214,284,26.2,35,995
ABarapaaap,187,215,285,27.1,35,-450
ABarapaaap,188,217,288,27.1,35,-482
ABarapaaap,189,215,291,26.3,35,-288
ABarapaaap,190,215,287,27.0,35,343
ABarapaaap,191,214,284,27.1,35,-457
ABarapaaap,192,210,284,27.0,35,192
ABarapaaap,193,212,285,26.2,35,-83
ABarapaaap,194,211,288,27.0,35,717
ABarapaaap,195,213,286,27.0,31,-249
ABarapaaap,196,208,281,26.1,31,-722
ABarapaaap,197,208,283,26.0,35,-161
ABarapaaap,198,204,284,26.1,35,1074
ABarapaaap,199,207,282,26.1,35,-998
ABarapaaap,200,207,288,26.2,35,-88
ABarapaaap,201,214,287,26.2,35,74
ABarapaaap,202,212,290,25.3,34,-256
ABarapaaap,203,212,289,26.0,32,-1492
ABarapaaap,204,212,290,26.0,34,321
ABarapaaap,205,214,287,26.2,34,-207
ABarapaap,135,225,182,26.1,38,2725
ABarapaap,136,231,178,25.2,37,479
ABarapaap,137,226,178,25.3,40,793
ABarapaap,138,226,176,26.0,41,-77
ABarapaap,139,231,171,24.2,41,-83
ABarapaap,140,232,176,25.1,41,-739
ABarapaap,141,237,176,26.0,41,809
ABarapaap,142,235,178,26.1,41,-1386
ABarapaap,143,237,180,26.1,41,905
ABarapaap,144,231,175,27.0,41,220
ABarapaap,145,229,184,26.1,41,633
ABarapaap,146,222,180,26.1,41,115
ABarapaap,147,219,181,26.1,41,-879
ABarapaap,148,217,186,26.1,41,-357
ABarapaap,149,213,188,26.0,41,331
ABarapaap,150,212,194,26.0,41,-273
ABarapaap,151,211,192,26.1,41,665
ABarapaap,152,212,200,25.3,41,94
ABarapaap,153,207,202,25.1,39,-41
ABarapaap,154,205,199,25.2,39,45
ABarapaap,155,208,204,25.1,41,619
ABarapaap,156,207,214,26.1,41,-204
ABarapaap,157,218,228,26.1,41,177
ABarapaap,158,217,226,26.1,39,376
ABarapaap,159,207,216,26.2,41,-338
ABarapaap,160,204,217,26.1,41,403
ABarapaap,161,204,212,26.0,41,565
ABarapaap,162,207,212,25.1,41,1073
ABarapaap,163,209,207,25.1,39,-1390
ABarapaap,164,205,205,25.1,41,-591
ABarapaap,165,211,202,24.1,41,-692
ABarapaap,166,210,204,24.1,41,-1197
ABarapaap,167,207,222,23.1,41,-98
ABarapaap,168,204,223,24.1,40,-65
ABarapaap,169,201,227,24.1,38,-748
ABarapaap,170,197,230,25.1,39,772
ABarapaap,171,193,228,25.0,35,-1028
ABarapaap,172,195,233,25.0,34,671
ABarapaap,173,198,236,24.3,37,-354
ABarapaapa,174,180,234,26.0,32,772
ABarapaapa,175,177,233,27.0,31,-1333
ABarapaapa,176,173,225,26.2,33,-293
ABarapaapa,177,179,215,26.3,35,-1100
ABarapaapa,178,185,215,27.1,35,381
ABarapaapa,179,186,221,27.1,35,750
ABarapaapa,180,187,223,27.1,35,623
ABarapaapa,181,188,211,26.3,35,-187
ABarapaapa,182,186,211,26.1,35,-357
ABarapaapa,183,185,214,26.2,35,1441
ABarapaapa,184,182,212,26.1,31,-50
ABarapaapa,185,182,214,26.1,35,-626
ABarapaapa,186,186,212,25.2,35,-355
ABarapaapa,187,191,216,25.1,35,-680
ABarapaapa,188,197,217,25.0,35,-55
ABarapaapa,189,197,215,24.2,35,-292
ABarapaapa,190,193,216,25.0,35,763
ABarapaapa,191,200,218,24.2,35,45
ABarapaapa,192,196,224,25.0,35,-332
ABarapaapa,193,198,221,24.1,35,-147
ABarapaapa,194,194,223,25.1,35,-112
ABarapaapa,195,195,221,25.1,35,-1017
ABarapaapa,196,190,217,25.2,35,-351
ABarapaapa,197,195,221,25.1,35,62
ABarapaapa,198,191,224,25.2,35,-738
ABarapaapa,199,187,225,25.2,35,74
ABarapaapa,200,194,228,25.1,35,248
ABarapaapa,201,189,232,24.0,35,-1321
ABarapaapa,202,197,229,24.1,32,-630
ABarapaapa,203,194,231,25.0,34,9
ABarapaapa,204,188,233,25.0,34,-500
ABarapaapa,205,186,235,25.0,34,-1985
ABarapaapp,174,220,243,24.1,32,418
ABarapaapp,175,217,247,24.1,33,1243
ABarapaapp,176,211,240,23.3,35,123
ABarapaapp,177,219,233,23.2,35,71
ABarapaapp,178,217,235,23.2,35,-653
ABarapaapp,179,222,244,24.1,35,-328
ABarapaapp,180,221,253,23.3,35,-377
ABarapaapp,181,222,255,24.1,35,-1783
ABarapaapp,182,217,259,24.0,35,871
ABarapaapp,183,219,258,23.2,35,346
ABarapaapp,184,219,256,23.1,35,183
ABarapaapp,185,221,252,23.1,35,-710
ABarapaapp,186,225,247,23.1,35,211
ABarapaapp,187,224,252,23.2,35,184
ABarapaapp,188,226,248,23.2,35,34
ABarapaapp,189,225,247,23.2,35,256
ABarapaapp,190,225,250,23.2,35,-621
ABarapaapp,191,232,255,23.1,35,637
ABarapaapp,192,224,258,23.1,35,-644
ABarapaapp,193,221,254,23.2,35,-742
ABarapaapp,194,220,253,23.1,35,762
ABarapaapp,195,222,248,23.1,35,426
ABarapaapp,196,225,240,23.2,35,1005
ABarapaapp,197,227,240,23.2,35,-681
ABarapaapp,198,226,243,23.1,35,-1496
ABarapaapp,199,227,238,23.1,35,-150
ABarapaapp,200,227,251,23.1,35,-560
ABarapaapp,201,226,247,22.2,33,-905
ABarapaapp,202,228,246,23.0,34,-225
ABarapaapp,203,229,245,23.1,34,-29
ABarapaapp,204,227,245,23.1,34,375
ABarapaapp,205,225,245,23.0,34,-499
ABarapap,104,273,146,25.0,32,100
ABarapap,105,267,155,25.0,36,-892
ABarapap,106,264,160,25.0,44,-1167
ABarapap,107,268,166,26.0,44,255
ABarapap,108,275,172,26.0,44,-390
ABarapap,109,272,170,26.1,44,467
ABarapap,110,266,171,26.1,48,-1040
ABarapap,111,264,166,26.1,46,136
ABarapap,112,253,161,26.0,44,96
ABarapap,113,259,168,26.1,48,373
ABarapap,114,261,164,26.1,44,259
ABarapap,115,261,159,26.1,44,125
ABarapap,116,253,156,26.1,44,-1153
ABarapap,117,249,173,26.0,46,905
ABarapap,118,245,172,26.1,46,-427
ABarapap,119,239,171,25.2,48,128
ABarapap,120,238,172,26.0,46,-126
ABarapap,121,234,168,25.2,46,-173
ABarapap,122,239,170,26.0,48,588
ABarapap,123,234,161,25.2,48,-122
ABarapap,124,240,162,26.0,48,178
ABarapap,125,247,163,26.0,46,-777
ABarapap,126,255,164,26.1,48,-10
ABarapap,127,253,166,26.2,48,524
ABarapap,128,251,164,25.3,46,952
ABarapap,129,252,164,26.1,44,-140
ABarapap,130,259,173,25.2,47,-445
ABarapap,131,263,175,25.1,43,-435
ABarapap,132,267,181,24.9,42,-26
ABarapap,133,268,180,24.2,34,-746
ABarapapa,134,260,168,25.9,39,-1145
ABarapapa,135,265,167,26.0,38,2527
ABarapapa,136,269,167,25.9,37,-200
ABarapapa,137,270,170,25.0,40,-219
ABarapapa,138,270,165,26.1,41,-618
ABarapapa,139,269,160,26.1,39,370
ABarapapa,140,273,165,26.1,41,1187
ABarapapa,141,276,164,26.0,39,444
ABarapapa,142,273,165,26.9,37,-708
ABarapapa,143,271,165,26.0,39,-102
ABarapapa,144,267,172,26.2,39,4
ABarapapa,145,271,176,26.1,41,85
ABarapapa,146,263,174,26.1,41,204
ABarapapa,147,263,171,26.0,41,-38
ABarapapa,148,260,181,26.0,41,-394
ABarapapa,149,258,180,26.1,41,-210
ABarapapa,150,256,185,26.1,41,-250
ABarapapa,151,254,186,26.1,39,-980
ABarapapa,152,253,191,27.0,41,144
ABarapapa,153,251,197,26.1,37,678
ABarapapa,154,245,204,27.1,37,1019
ABarapapa,155,250,200,27.0,41,172
ABarapapa,156,257,199,27.1,41,1496
ABarapapa,157,258,209,26.1,41,-241
ABarapapa,158,253,206,26.1,41,39
ABarapapa,159,246,212,26.1,41,-1123
ABarapapa,160,246,212,26.1,41,1645
ABarapapa,161,249,228,26.0,41,1491
ABarapapa,162,254,235,26.0,41,182
ABarapapa,163,251,235,26.0,41,-479
ABarapapa,164,248,240,26.0,41,-320
ABarapapa,165,244,236,26.0,41,-702
ABarapapa,166,237,243,25.2,41,51
ABarapapa,167,241,252,26.0,41,-138
ABarapapa,168,241,259,26.1,38,-399
ABarapapa,169,241,258,26.0,36,258
ABarapapa,170,240,259,26.0,35,1057
ABarapapa,171,232,264,25.2,37,-395
ABarapapaa,172,227,258,26.0,34,1215
ABarapapaa,173,232,261,25.2,35,-914
ABarapapaa,174,237,268,26.1,34,34
ABarapapaa,175,236,271,27.0,31,1099
ABarapapaa,176,233,259,26.9,31,-939
ABarapapaa,177,232,256,26.1,35,929
ABarapapaa,178,238,263,26.1,35,-247
ABarapapaa,179,235,258,26.0,35,663
ABarapapaa,180,238,264,26.1,35,-313
ABarapapaa,181,231,262,26.0,29,114
ABarapapaa,182,233,266,26.1,35,108
ABarapapaa,183,233,263,26.1,35,-418
ABarapapaa,184,235,264,25.2,35,619
ABarapapaa,185,231,259,25.1,35,591
ABarapapaa,186,240,259,26.1,35,1083
ABarapapaa,187,239,263,26.1,35,241
ABarapapaa,188,240,258,26.1,35,1382
ABarapapaa,189,240,262,26.1,35,-117
ABarapapaa,190,241,264,27.0,35,602
ABarapapaa,191,246,264,26.1,35,210
ABarapapaa,192,239,265,26.2,35,-335
ABarapapaa,193,242,262,26.1,35,-481
ABarapapaa,194,242,269,26.2,35,109
ABarapapaa,195,243,265,26.1,35,-792
ABarapapaa,196,238,264,26.2,35,-1407
ABarapapaa,197,241,266,27.0,35,-616
ABarapapaa,198,238,266,27.0,35,-937
ABarapapaa,199,241,264,26.2,35,66
ABarapapaa,200,238,262,25.2,35,138
ABarapapaa,201,244,267,26.1,35,-597
ABarapapaa,202,242,275,26.1,34,-481
ABarapapaa,203,244,266,25.3,34,-154
ABarapapaa,204,242,266,26.1,34,-509
ABarapapaa,205,240,268,26.1,34,-242
ABarapapap,172,266,281,26.2,34,-396
ABarapapap,173,278,280,26.1,33,-774
ABarapapap,174,290,277,26.1,32,-140
ABarapapap,175,295,277,26.1,31,-985
ABarapapap,176,295,277,26.1,31,40
ABarapapap,177,298,266,26.1,31,-412
ABarapapap,178,295,270,26.1,31,234
ABarapapap,179,294,265,26.1,31,-970
ABarapapap,180,297,273,26.1,33,-2019
ABarapapap,181,294,280,26.1,33,1308
ABarapapap,182,294,282,26.1,31,-428
ABarapapap,183,288,285,26.1,33,-1297
ABarapapap,184,286,277,27.0,31,784
ABarapapap,185,281,278,26.9,31,2387
ABarapapap,186,285,274,26.2,33,204
ABarapapap,187,285,275,26.1,35,1280
ABarapapap,188,287,280,27.0,35,1827
ABarapapap,189,288,278,27.0,31,-1181
ABarapapap,190,286,285,26.1,35,626
ABarapapap,191,288,281,26.1,33,1384
ABarapapap,192,291,289,26.1,35,166
ABarapapap,193,285,290,26.2,33,1694
ABarapapap,194,288,287,27.0,33,-1123
ABarapapap,195,291,279,27.0,31,-579
ABarapapap,196,286,277,27.0,27,-895
ABarapapap,197,291,275,27.0,31,-126
ABarapapap,198,289,277,26.1,33,531
ABarapapap,199,291,280,26.2,35,-437
ABarapapap,200,286,280,26.1,35,-119
ABarapapap,201,290,279,26.1,35,-392
ABarapapap,202,288,279,26.0,30,1160
ABarapapap,203,288,272,25.3,32,1572
ABarapapap,204,288,276,25.1,30,-687
ABarapapap,205,284,274,25.2,32,-1792
ABarapapp,134,291,170,24.0,39,-416
ABarapapp,135,309,157,24.9,38,468
ABarapapp,136,319,155,24.1,37,30
ABarapapp,137,322,160,25.0,38,-556
ABarapapp,138,326,163,24.1,41,1122
ABarapapp,139,328,161,24.1,41,-258
ABarapapp,140,334,158,24.0,39,1136
ABarapapp,141,337,154,25.1,39,-628
ABarapapp,142,330,159,25.1,41,961
ABarapapp,143,329,161,25.1,39,-987
ABarapapp,144,328,167,25.0,41,375
ABarapapp,145,330,172,24.1,41,769
ABarapapp,146,328,172,24.2,41,-639
ABarapapp,147,325,175,24.1,41,-263
ABarapapp,148,320,184,25.1,41,140
ABarapapp,149,313,189,25.1,41,312
ABarapapp,150,315,190,25.1,41,-88
ABarapapp,151,306,187,26.1,41,-133
ABarapapp,152,306,188,25.0,41,-174
ABarapapp,153,301,191,25.1,41,387
ABarapapp,154,297,195,26.0,37,-474
ABarapapp,155,294,194,26.1,41,-990
ABarapapp,156,298,199,26.0,41,394
ABarapapp,157,304,200,26.0,41,72
ABarapapp,158,301,201,25.2,41,-137
ABarapapp,159,296,196,26.0,41,321
ABarapapp,160,298,205,25.2,39,-719
ABarapapp,161,295,210,25.1,39,-1767
ABarapapp,162,288,208,26.1,39,348
ABarapapp,163,289,206,25.0,41,369
ABarapapp,164,284,201,24.2,41,-58
ABarapapp,165,282,207,26.0,41,139
ABarapapp,166,285,208,26.0,39,-284
ABarapapp,167,284,215,25.0,37,-186
ABarapapp,168,279,224,24.1,40,19
ABarapapp,169,275,228,25.0,34,-447
ABarapapp,170,281,236,25.0,35,122
ABarapappa,171,260,235,24.1,29,-1085
ABarapappa,172,262,236,24.3,29,-520
ABarapappa,173,265,238,24.5,30,-487
ABarapappa,174,267,240,24.7,30,-834
ABarapappa,175,270,242,24.9,31,843
ABarapappa,176,271,236,24.9,31,393
ABarapappa,177,267,238,24.0,31,866
ABarapappa,178,274,238,23.2,33,-1463
ABarapappa,179,275,243,23.2,35,-308
ABarapappa,180,270,243,23.2,35,82
ABarapappa,181,263,243,24.1,35,-559
ABarapappa,182,261,245,23.2,35,244
ABarapappa,183,260,246,24.0,35,213
ABarapappa,184,257,243,23.3,35,-517
ABarapappa,185,257,238,23.1,35,-599
ABarapappa,186,260,235,23.2,35,-368
ABarapappa,187,268,239,24.1,35,321
ABarapappa,188,267,240,24.1,35,-16
ABarapappa,189,272,237,24.1,35,-1523
ABarapappa,190,271,238,24.0,29,-2508
ABarapappa,191,276,237,24.1,35,-983
ABarapappa,192,266,239,24.1,35,779
ABarapappa,193,267,239,24.1,35,1084
ABarapappa,194,266,246,24.1,35,-867
ABarapappa,195,265,241,24.1,35,-308
ABarapappa,196,270,240,23.1,35,-137
ABarapappa,197,268,238,24.0,35,1190
ABarapappa,198,265,241,24.1,35,295
ABarapappa,199,268,241,24.0,35,-1148
ABarapappa,200,267,243,24.1,35,59
ABarapappa,201,268,245,23.2,35,-710
ABarapappa,202,268,244,24.0,34,1218
ABarapappa,203,269,240,24.1,34,-231
ABarapappa,204,268,242,23.1,34,-155
ABarapappa,205,270,244,23.2,34,-1071
ABarapappp,171,297,235,25.5,31,40
ABarapappp,172,313,234,26.0,27,384
ABarapappp,173,317,237,26.0,27,-318
ABarapappp,174,320,232,25.0,29,1437
ABarapappp,175,325,238,26.0,27,489
ABarapappp,176,327,228,26.1,27,-2032
ABarapappp,177,327,228,26.1,27,100
ABarapappp,178,326,216,26.1,29,336
ABarapappp,179,325,221,26.0,29,-1142
ABarapappp,180,324,221,26.0,31,-254
ABarapappp,181,316,232,26.1,31,335
ABarapappp,182,313,239,26.2,35,1345
ABarapappp,183,313,239,26.2,35,-604
ABarapappp,184,306,245,25.0,35,150
ABarapappp,185,306,245,25.0,35,-1666
ABarapappp,186,302,246,24.1,35,927
ABarapappp,187,305,250,25.0,33,-695
ABarapappp,188,316,256,25.1,33,500
ABarapappp,189,320,257,25.1,31,-1282
ABarapappp,190,318,257,25.0,33,398
ABarapappp,191,320,258,26.0,33,464
ABarapappp,192,311,255,25.0,35,-997
ABarapappp,193,310,261,25.0,31,368
ABarapappp,194,307,249,25.0,31,877
ABarapappp,195,306,243,25.1,35,1117
ABarapappp,196,300,238,25.0,31,590
ABarapappp,197,301,234,25.0,31,273
ABarapappp,198,301,236,25.0,31,193
ABarapappp,199,301,238,25.0,31,1163
ABarapappp,200,300,240,25.0,31,146
ABarapappp,201,299,241,24.1,33,241
ABarapappp,202,308,242,24.0,29,597
ABarapappp,203,305,242,23.7,29,620
ABarapappp,204,301,242,23.3,29,-1307
ABarapappp,205,297,243,23.0,29,1336
ABarapp,78,359,182,23.0,43,584
ABarapp,79,362,182,23.8,41,-375
ABarapp,80,365,181,24.5,38,470
ABarapp,81,368,181,25.3,35,601
ABarapp,82,372,180,26.0,32,67
ABarapp,83,367,193,26.0,32,-118
ABarapp,84,367,189,26.0,37,-540
ABarapp,85,359,181,25.1,38,283
ABarapp,86,360,182,25.1,52,16
ABarapp,87,358,168,25.1,53,9
ABarapp,88,357,162,24.1,54,424
ABarapp,89,352,164,24.9,54,-10
ABarapp,90,349,163,24.1,56,-304
ABarapp,91,346,158,24.1,54,-219
ABarapp,92,343,151,24.1,54,73
ABarapp,93,343,153,24.2,56,195
ABarapp,94,340,161,25.0,56,-234
ABarapp,95,335,161,24.1,54,553
ABarapp,96,342,156,24.1,54,1064
ABarapp,97,337,155,25.0,53,-649
ABarapp,98,340,154,24.2,55,487
ABarapp,99,348,150,24.1,57,-211
ABarapp,100,350,152,25.0,54,-474
ABarapp,101,346,158,24.0,54,167
ABarapp,102,333,159,23.2,53,-366
ABarapp,103,340,162,24.0,51,91
ABarappa,104,330,142,23.2,48,-525
ABarappa,105,316,136,24.0,42,1874
ABarappa,106,307,130,25.0,44,609
ABarappa,107,300,130,26.0,44,-849
ABarappa,108,298,128,25.0,44,926
ABarappa,109,299,126,25.0,44,-7
ABarappa,110,295,127,26.0,44,1233
ABarappa,111,297,123,26.0,46,241
ABarappa,112,295,127,25.2,46,-189
ABarappa,113,292,123,26.0,44,-804
ABarappa,114,294,121,25.9,44,951
ABarappa,115,295,125,25.1,46,324
ABarappa,116,287,131,24.9,44,-184
ABarappa,117,284,132,24.2,48,-720
ABarappa,118,280,144,23.3,46,-202
ABarappa,119,275,141,23.2,46,-486
ABarappa,120,274,142,23.3,46,-439
ABarappa,121,267,148,23.9,44,127
ABarappa,122,274,140,23.1,46,69
ABarappa,123,267,145,23.0,44,-456
ABarappa,124,273,145,22.2,46,371
ABarappa,125,270,142,22.1,44,-234
ABarappa,126,266,129,22.9,44,337
ABarappa,127,269,126,23.1,46,-527
ABarappa,128,262,119,23.1,44,-868
ABarappa,129,254,114,23.0,44,-881
ABarappa,130,256,118,23.1,45,-1544
ABarappa,131,265,121,23.1,43,-1185
ABarappa,132,260,128,23.1,46,283
ABarappa,133,255,128,22.9,40,-517
ABarappa,134,250,122,22.0,39,-687
ABarappa,135,259,119,21.2,34,1140
ABarappaa,136,243,125,23.1,37,-422
ABarappaa,137,237,133,23.9,38,893
ABarappaa,138,230,130,24.0,39,56
ABarappaa,139,225,124,24.0,37,528
ABarappaa,140,224,125,24.0,39,-1002
ABarappaa,141,225,124,24.9,37,-652
ABarappaa,142,227,123,24.1,37,637
ABarappaa,143,228,124,24.9,37,-281
ABarappaa,144,228,124,24.2,39,-595
ABarappaa,145,226,127,24.2,39,522
ABarappaa,146,232,130,24.2,41,-662
ABarappaa,147,228,131,24.2,39,-311
ABarappaa,148,228,135,24.2,41,-577
ABarappaa,149,227,139,24.2,39,-633
ABarappaa,150,227,140,24.2,41,-244
ABarappaa,151,222,142,24.2,39,-808
ABarappaa,152,217,149,24.9,37,-1030
ABarappaa,153,218,143,24.3,41,-843
ABarappaa,154,211,142,24.3,41,6
ABarappaa,155,211,145,25.1,41,-1053
ABarappaa,156,217,150,25.9,37,-58
ABarappaa,157,211,158,25.1,41,779
ABarappaa,158,207,159,25.1,41,-433
ABarappaa,159,205,159,25.1,41,-143
ABarappaa,160,206,163,25.1,41,-442
ABarappaa,161,211,163,26.0,41,390
ABarappaa,162,219,165,25.1,41,818
ABarappaa,163,221,165,26.0,41,115
ABarappaa,164,218,175,26.2,41,670
ABarappaa,165,221,185,26.1,29,824
ABarappaa,166,228,191,26.1,29,-74
ABarappaa,167,233,196,26.0,41,-54
ABarappaa,168,231,198,27.0,40,355
ABarappaa,169,232,201,27.0,36,-658
ABarappaa,170,235,207,26.2,37,-222
ABarappaa,171,234,211,26.2,39,-484
ABarappaa,172,241,220,27.0,34,-1471
ABarappaa,173,246,221,27.1,35,25
ABarappaa,174,234,231,26.1,29,1473
ABarappaa,175,239,223,27.0,35,-419
ABarappaa,176,239,214,27.0,35,-138
ABarappaa,177,251,211,26.3,35,123
ABarappaa,178,253,214,26.9,31,-625
ABarappaa,179,260,223,26.1,33,356
ABarappaaa,180,228,221,25.1,33,171
ABarappaaa,181,221,215,25.0,31,-102
ABarappaaa,182,221,215,25.0,31,614
ABarappaaa,183,221,216,26.0,35,777
ABarappaaa,184,218,220,26.1,35,296
ABarappaaa,185,216,220,26.2,35,1867
ABarappaaa,186,222,215,27.0,33,289
ABarappaaa,187,221,215,27.9,31,231
ABarappaaa,188,219,209,27.1,35,634
ABarappaaa,189,225,219,27.0,35,-280
ABarappaaa,190,226,217,27.1,35,-643
ABarappaaa,191,233,220,27.0,35,-1353
ABarappaaa,192,233,223,26.1,35,177
ABarappaaa,193,231,214,26.0,35,684
ABarappaaa,194,231,221,26.1,35,77
ABarappaaa,195,236,216,26.1,35,-610
ABarappaaa,196,235,220,26.1,35,846
ABarappaaa,197,240,216,26.1,35,335
ABarappaaa,198,240,216,26.1,35,-231
ABarappaaa,199,241,216,26.1,35,-114
ABarappaaa,200,242,222,26.2,35,-293
ABarappaaa,201,240,222,26.1,35,-1641
ABarappaaa,202,240,229,26.1,34,11
ABarappaaa,203,241,222,25.2,34,10
ABarappaaa,204,244,222,26.0,34,-924
ABarappaaa,205,249,218,26.1,32,961
ABarappaap,180,269,232,26.0,33,-1150
ABarappaap,181,268,230,26.1,35,-1227
ABarappaap,182,269,230,27.0,31,-802
ABarappaap,183,269,234,26.0,29,-1264
ABarappaap,184,269,230,27.0,31,-417
ABarappaap,185,264,233,25.0,35,-989
ABarappaap,186,274,224,26.1,35,-666
ABarappaap,187,275,225,26.1,29,-35
ABarappaap,188,275,227,26.1,31,53
ABarappaap,189,275,229,26.0,33,642
ABarappaap,190,276,232,26.0,35,561
ABarappaap,191,276,232,26.0,35,-686
ABarappaap,192,275,232,26.0,34,405
ABarappaap,193,275,232,26.0,33,-307
ABarappaap,194,274,232,26.0,32,201
ABarappaap,195,273,232,26.0,32,-1150
ABarappaap,196,273,232,26.0,31,-11
ABarappaap,197,272,232,26.0,30,-441
ABarappaap,198,271,232,26.0,29,1833
ABarappaap,199,275,229,27.0,35,-407
ABarappaap,200,275,230,27.0,35,-648
ABarappaap,201,275,232,27.0,35,-12
ABarappaap,202,275,234,27.0,34,483
ABarappaap,203,275,234,27.0,34,-133
ABarappaap,204,284,232,26.1,29,575
ABarappaap,205,284,232,26.1,29,-848
ABarappap,136,280,109,22.9,37,-10
ABarappap,137,280,109,23.9,38,233
ABarappap,138,275,111,24.1,37,527
ABarappap,139,279,111,22.2,41,-379
ABarappap,140,277,109,23.2,41,-1045
ABarappap,141,284,112,23.1,41,-359
ABarappap,142,285,111,22.1,41,-131
ABarappap,143,284,114,23.1,39,118
ABarappap,144,288,121,23.0,41,569
ABarappap,145,292,127,23.1,39,-133
ABarappap,146,295,127,23.2,39,20
ABarappap,147,293,137,23.2,41,149
ABarappap,148,288,150,23.0,39,-1480
ABarappap,149,282,154,22.1,41,17
ABarappap,150,273,159,22.1,41,-28
ABarappap,151,270,161,22.1,41,400
ABarappap,152,269,160,23.0,41,-566
ABarappap,153,263,157,23.1,41,-149
ABarappap,154,263,160,23.1,41,555
ABarappap,155,269,157,24.0,41,209
ABarappap,156,270,157,23.1,39,98
ABarappap,157,266,161,23.2,41,-864
ABarappap,158,269,157,24.2,41,346
ABarappap,159,267,151,26.1,41,-110
ABarappap,160,265,149,26.1,41,613
ABarappap,161,266,156,27.0,37,1207
ABarappap,162,270,153,26.1,41,447
ABarappap,163,269,151,26.2,41,-381
ABarappap,164,262,152,26.1,41,284
ABarappap,165,264,150,26.2,41,-35
ABarappap,166,270,152,27.0,41,-428
ABarappap,167,270,152,27.0,41,-811
ABarappap,168,272,172,27.0,40,681
ABarappap,169,277,175,27.0,29,-348
ABarappap,170,272,176,27.0,35,594
ABarappap,171,269,182,26.0,35,-213
ABarappap,172,266,189,26.1,34,-1093
ABarappap,173,269,189,26.0,37,-383
ABarappap,174,273,189,26.0,32,515
ABarappap,175,277,186,24.9,31,-1741
ABarappapa,176,266,191,23.1,33,125
ABarappapa,177,270,190,23.0,33,-75
ABarappapa,178,270,189,23.0,31,1625
ABarappapa,179,272,184,22.2,35,-41
ABarappapa,180,269,195,24.0,31,-265
ABarappapa,181,264,189,24.0,31,-161
ABarappapa,182,258,192,25.1,31,-693
ABarappapa,183,255,191,24.1,35,913
ABarappapa,184,251,190,25.0,35,-536
ABarappapa,185,244,188,26.2,35,338
ABarappapa,186,247,183,27.0,31,522
ABarappapa,187,247,184,27.0,35,143
ABarappapa,188,250,182,26.1,35,-241
ABarappapa,189,251,180,27.1,35,-1144
ABarappapa,190,253,183,26.1,35,192
ABarappapa,191,258,184,26.1,35,-342
ABarappapa,192,256,183,26.0,35,-468
ABarappapa,193,257,180,26.1,35,-69
ABarappapa,194,257,183,26.0,35,16
ABarappapa,195,259,178,26.1,35,1291
ABarappapa,196,259,178,26.1,35,-65
ABarappapa,197,269,173,27.0,35,308
ABarappapa,198,266,178,27.0,31,51
ABarappapa,199,267,177,26.9,31,-366
ABarappapa,200,278,178,26.1,35,1559
ABarappapa,201,282,187,26.0,35,464
ABarappapa,202,282,185,26.1,34,1050
ABarappapa,203,284,184,26.0,34,806
ABarappapa,204,276,184,26.1,34,489
ABarappapa,205,275,183,27.0,32,-1052
ABarappapp,176,307,179,25.0,31,403
ABarappapp,177,310,171,24.3,33,1066
ABarappapp,178,312,169,25.0,31,-1055
ABarappapp,179,317,168,24.1,33,-429
ABarappapp,180,314,169,25.1,33,870
ABarappapp,181,311,176,26.1,35,-262
ABarappapp,182,299,178,25.1,33,668
ABarappapp,183,299,174,25.1,29,-1449
ABarappapp,184,293,172,25.1,35,155
ABarappapp,185,293,172,25.2,35,-819
ABarappapp,186,293,172,25.4,35,-1259
ABarappapp,187,293,171,25.5,35,-880
ABarappapp,188,294,171,25.7,35,-859
ABarappapp,189,294,170,25.8,35,415
ABarappapp,190,294,170,26.0,35,295
ABarappapp,191,295,169,26.1,35,-1307
ABarappapp,192,297,170,26.1,35,985
ABarappapp,193,299,171,26.0,35,1449
ABarappapp,194,301,173,26.0,35,594
ABarappapp,195,300,167,27.1,35,8
ABarappapp,196,300,167,27.1,35,-718
ABarappapp,197,304,158,26.1,35,1510
ABarappapp,198,304,158,26.1,35,1085
ABarappapp,199,308,160,26.0,35,130
ABarappapp,200,312,160,25.1,35,38
ABarappapp,201,315,166,26.0,35,-1616
ABarappapp,202,313,161,26.1,34,92
ABarappapp,203,316,159,26.1,34,-343
ABarappapp,204,316,155,26.0,34,-325
ABarappapp,205,310,153,27.0,30,-823
ABarappp,104,364,172,23.0,32,-17
ABarappp,105,364,168,24.0,30,-238
ABarappp,106,363,159,23.1,44,-208
ABarappp,107,366,160,24.0,44,49
ABarappp,108,369,160,24.1,44,-296
ABarappp,109,367,159,24.0,44,-418
ABarappp,110,366,155,23.1,44,21
ABarappp,111,364,149,23.1,46,-320
ABarappp,112,367,149,23.3,46,379
ABarappp,113,366,140,24.0,44,839
ABarappp,114,370,140,24.1,46,-424
ABarappp,115,366,140,24.9,44,518
ABarappp,116,354,140,25.0,44,-251
ABarappp,117,351,137,24.0,44,220
ABarappp,118,347,139,23.0,44,-844
ABarappp,119,349,139,22.9,44,-1064
ABarappp,120,347,141,22.1,44,266
ABarappp,121,347,144,22.1,44,519
ABarappp,122,350,149,21.3,46,402
ABarappp,123,344,152,22.0,46,-739
ABarappp,124,337,152,21.9,44,252
ABarappp,125,343,150,21.0,44,506
ABarappp,126,335,144,21.0,44,520
ABarappp,127,324,146,21.9,44,45
ABarappp,128,313,143,20.1,44,-638
ABarappp,129,305,143,19.9,44,-277
ABarappp,130,302,142,19.0,43,286
ABarappp,131,296,142,18.1,43,-569
ABarappp,132,288,145,17.1,42,32
ABarappp,133,290,147,16.0,34,-263
ABarapppa,134,263,152,15.3,37,618
ABarapppa,135,259,147,15.9,38,487
ABarapppa,136,260,139,16.9,37,758
ABarapppa,137,260,139,17.1,38,-101
ABarapppa,138,255,136,16.9,37,47
ABarapppa,139,251,139,16.3,39,351
ABarapppa,140,249,138,17.0,37,123
ABarapppa,141,239,137,17.1,41,902
ABarapppa,142,239,129,17.0,37,241
ABarapppa,143,235,125,17.9,37,-1113
ABarapppa,144,242,128,18.8,37,83
ABarapppa,145,244,128,19.1,37,-62
ABarapppa,146,252,122,20.0,39,411
ABarapppa,147,247,121,20.8,37,-55
ABarapppa,148,257,120,21.1,39,-476
ABarapppa,149,256,116,21.2,41,499
ABarapppa,150,246,114,22.1,37,-897
ABarapppa,151,246,117,22.1,41,785
ABarapppa,152,246,120,22.1,41,-51
ABarapppa,153,243,125,21.2,41,-746
ABarapppa,154,244,129,21.1,41,713
ABarapppa,155,237,125,22.0,41,352
ABarapppa,156,234,125,22.1,41,597
ABarapppa,157,230,130,23.0,41,-672
ABarapppa,158,234,131,22.2,41,423
ABarapppa,159,229,133,22.1,41,-784
ABarapppa,160,226,134,22.2,41,-213
ABarapppa,161,225,138,23.0,41,-394
ABarapppa,162,222,145,23.1,41,478
ABarapppa,163,220,138,23.1,41,-1892
ABarapppa,164,213,142,23.0,41,-364
ABarapppa,165,216,131,23.2,41,390
ABarapppa,166,213,135,23.2,41,178
ABarapppa,167,218,142,24.0,41,69
ABarapppa,168,213,149,24.2,40,-1244
ABarapppa,169,213,153,25.1,40,-1144
ABarapppa,170,212,159,25.1,39,-682
ABarapppa,171,213,162,25.2,39,1258
ABarapppa,172,214,168,25.1,36,-816
ABarapppa,173,212,167,24.1,35,784
ABarapppa,174,208,171,24.9,32,1189
ABarapppa,175,210,175,24.9,31,696
ABarapppaa,176,193,178,24.0,29,-143
ABarapppaa,177,194,173,24.3,35,1165
ABarapppaa,178,195,170,25.0,31,284
ABarapppaa,179,195,165,24.0,33,-1476
ABarapppaa,180,195,169,25.1,35,-345
ABarapppaa,181,193,161,25.1,35,-1047
ABarapppaa,182,185,161,24.1,35,1341
ABarapppaa,183,182,154,24.2,35,-1062
ABarapppaa,184,178,160,24.0,35,-165
ABarapppaa,185,179,157,23.3,35,-1475
ABarapppaa,186,180,150,23.3,35,61
ABarapppaa,187,182,155,24.0,35,752
ABarapppaa,188,178,150,24.1,33,-477
ABarapppaa,189,176,152,25.0,31,1506
ABarapppaa,190,177,149,24.2,35,914
ABarapppaa,191,177,153,24.0,35,-690
ABarapppaa,192,177,152,24.2,35,473
ABarapppaa,193,177,155,24.3,35,348
ABarapppaa,194,170,156,24.1,35,-459
ABarapppaa,195,178,152,24.1,35,-949
ABarapppaa,196,180,147,24.2,35,34
ABarapppaa,197,178,148,24.2,35,-288
ABarapppaa,198,180,153,24.2,35,547
ABarapppaa,199,181,152,25.0,35,-436
ABarapppaa,200,181,158,25.1,35,357
ABarapppaa,201,180,162,25.1,35,163
ABarapppaa,202,184,161,25.2,34,-393
ABarapppaa,203,181,164,25.2,34,239
ABarapppaa,204,180,165,25.1,34,231
ABarapppaa,205,181,163,25.1,34,-188
ABarapppap,176,237,168,23.1,31,-1150
ABarapppap,177,237,169,22.1,35,950
ABarapppap,178,237,169,22.1,35,1333
ABarapppap,179,241,171,23.2,35,-228
ABarapppap,180,242,179,24.1,35,-3
ABarapppap,181,232,180,24.1,35,5
ABarapppap,182,226,188,25.2,35,650
ABarapppap,183,219,182,25.2,35,-1743
ABarapppap,184,212,183,25.2,35,1669
ABarapppap,185,210,184,25.0,35,279
ABarapppap,186,213,180,24.1,35,790
ABarapppap,187,217,183,25.0,35,44
ABarapppap,188,211,176,25.0,35,-738
ABarapppap,189,212,177,25.1,35,1391
ABarapppap,190,214,177,25.1,35,125
ABarapppap,191,216,184,25.1,35,-676
ABarapppap,192,217,186,25.1,35,-2
ABarapppap,193,214,180,26.0,35,244
ABarapppap,194,213,182,25.1,35,-548
ABarapppap,195,214,179,25.2,35,-1401
ABarapppap,196,217,174,25.1,33,-1077
ABarapppap,197,219,174,25.2,35,-330
ABarapppap,198,220,178,25.1,35,13
ABarapppap,199,221,175,26.0,35,166
ABarapppap,200,224,182,26.0,35,-831
ABarapppap,201,224,182,26.0,35,-13
ABarapppap,202,228,187,26.1,34,365
ABarapppap,203,222,187,27.0,34,-435
ABarapppap,204,221,184,27.0,30,987
ABarapppap,205,222,180,26.1,34,-1329
ABarapppp,134,298,142,16.1,35,-1086
ABarapppp,135,305,135,16.0,38,-216
ABarapppp,136,304,128,16.1,37,-496
ABarapppp,137,306,128,17.2,40,-383
ABarapppp,138,306,124,17.1,39,43
ABarapppp,139,310,120,17.1,39,-592
ABarapppp,140,307,119,17.2,41,292
ABarapppp,141,299,120,17.0,39,-188
ABarapppp,142,294,119,17.1,37,608
ABarapppp,143,296,118,17.0,41,-469
ABarapppp,144,294,112,17.9,37,-221
ABarapppp,145,296,107,18.9,37,-212
ABarapppp,146,300,107,18.3,39,430
ABarapppp,147,298,104,19.2,39,-135
ABarapppp,148,304,103,20.1,39,-32
ABarapppp,149,302,104,21.0,41,1154
ABarapppp,150,296,103,21.2,41,-306
ABarapppp,151,296,108,21.1,39,-299
ABarapppp,152,296,110,21.2,41,123
ABarapppp,153,295,111,22.1,39,261
ABarapppp,154,295,111,22.1,39,129
ABarapppp,155,297,115,23.0,37,780
ABarapppp,156,293,112,22.1,41,137
ABarapppp,157,293,116,22.1,41,343
ABarapppp,158,286,118,22.0,39,125
ABarapppp,159,282,115,22.1,41,427
ABarapppp,160,276,115,22.1,41,-480
ABarapppp,161,273,114,22.1,41,693
ABarapppp,162,268,117,22.2,41,-322
ABarapppp,163,266,116,23.0,41,992
ABarapppp,164,256,119,23.1,29,-689
ABarapppp,165,257,120,23.0,41,461
ABarapppp,166,254,121,23.1,41,521
ABarapppp,167,258,128,24.1,41,-304
ABarapppp,168,255,127,24.2,40,590
ABarapppp,169,252,130,24.2,40,-776
ABarapppp,170,254,131,24.2,39,-1062
ABarapppp,171,260,132,25.1,39,189
ABarapppp,172,259,141,25.9,34,352
ABarapppp,173,259,142,25.0,33,-940
ABarappppa,174,240,140,26.0,32,1621
ABarappppa,175,240,146,26.3,33,554
ABarappppa,176,252,147,27.1,33,317
ABarappppa,177,255,155,25.3,33,1224
ABarappppa,178,255,145,26.2,33,291
ABarappppa,179,262,147,26.1,35,79
ABarappppa,180,256,150,26.2,33,-467
ABarappppa,181,249,148,26.1,35,698
ABarappppa,182,245,151,26.1,35,-649
ABarappppa,183,245,151,26.1,35,-317
ABarappppa,184,237,151,26.0,35,860
ABarappppa,185,237,152,26.0,35,-33
ABarappppa,186,238,150,25.1,33,1130
ABarappppa,187,242,156,25.0,35,-356
ABarappppa,188,239,150,25.0,35,540
ABarappppa,189,237,155,25.1,35,325
ABarappppa,190,240,150,25.2,35,-137
ABarappppa,191,239,156,25.2,35,-215
ABarappppa,192,236,153,26.1,35,-1122
ABarappppa,193,236,147,26.1,35,-317
ABarappppa,194,240,152,25.2,35,-568
ABarappppa,195,239,154,25.1,35,371
ABarappppa,196,246,153,25.2,33,-1324
ABarappppa,197,243,149,25.2,35,-42
ABarappppa,198,242,151,25.1,35,115
ABarappppa,199,239,155,26.1,35,504
ABarappppa,200,245,161,26.0,35,573
ABarappppa,201,248,163,26.1,35,-226
ABarappppa,202,249,169,25.1,34,542
ABarappppa,203,251,170,25.0,34,-125
ABarappppa,204,250,169,24.1,34,750
ABarappppa,205,250,169,24.1,34,-916
ABarappppp,174,265,137,24.2,29,-1830
ABarappppp,175,280,132,24.3,33,-658
ABarappppp,176,285,131,24.3,33,-542
ABarappppp,177,288,127,24.1,33,-549
ABarappppp,178,290,130,24.1,35,64
ABarappppp,179,292,127,23.3,35,-11
ABarappppp,180,289,128,24.0,31,898
ABarappppp,181,286,132,24.1,35,-714
ABarappppp,182,273,133,25.1,35,726
ABarappppp,183,274,129,25.2,35,-363
ABarappppp,184,266,132,25.1,35,577
ABarappppp,185,266,129,25.0,35,948
ABarappppp,186,265,128,25.2,35,157
ABarappppp,187,267,128,25.2,35,222
ABarappppp,188,269,129,25.2,35,-74
ABarappppp,189,267,134,25.1,35,-266
ABarappppp,190,273,137,25.2,35,-249
ABarappppp,191,270,134,24.2,35,1424
ABarappppp,192,270,133,25.0,35,-533
ABarappppp,193,275,133,25.1,35,11
ABarappppp,194,275,137,25.1,35,-159
ABarappppp,195,276,135,25.1,35,777
ABarappppp,196,275,132,25.1,35,-1875
ABarappppp,197,276,127,25.1,35,968
ABarappppp,198,275,129,26.0,35,-1025
ABarappppp,199,273,129,26.0,35,945
ABarappppp,200,270,130,26.0,35,-824
ABarappppp,201,272,137,25.1,35,1505
ABarappppp,202,276,142,26.1,34,667
ABarappppp,203,274,140,26.1,34,22
ABarappppp,204,271,140,26.1,34,1389
ABarappppp,205,273,136,26.2,34,656
ABarp,41,306,134,18.0,46,-674
ABarp,42,313,136,16.0,40,417
ABarp,43,320,138,14.0,34,-641
ABarp,44,328,163,13.0,46,26
ABarp,45,327,163,13.0,47,-261
ABarp,46,315,156,13.1,48,-116
ABarp,47,315,136,13.0,49,829
ABarp,48,310,115,12.1,50,-346
ABarp,49,311,122,12.1,48,-934
ABarp,50,312,114,13.1,53,-30
ABarp,51,307,113,12.1,57,-175
ABarp,52,311,108,12.0,54,112
ABarp,53,294,110,12.0,50,-260
ABarp,54,294,110,12.0,50,-626
ABarp,55,315,120,13.0,32,238
ABarpa,56,304,119,13.0,31,855
ABarpa,57,293,118,12.9,30,-1189
ABarpa,58,282,116,12.9,29,177
ABarpa,59,285,102,13.0,44,-316
ABarpa,60,275,91,12.2,47,-769
ABarpa,61,267,92,13.1,49,-433
ABarpa,62,259,95,14.0,52,-445
ABarpa,63,254,100,13.3,52,-806
ABarpa,64,261,95,14.1,56,-361
ABarpa,65,263,94,15.0,59,-630
ABarpa,66,271,94,15.3,61,-233
ABarpa,67,274,95,15.2,61,-261
ABarpa,68,268,92,16.0,61,-203
ABarpa,69,267,97,15.2,63,314
ABarpa,70,272,94,15.3,64,-115
ABarpa,71,270,92,15.2,64,-351
ABarpa,72,271,92,14.2,65,-331
ABarpa,73,273,96,15.8,61,-602
ABarpa,74,275,98,14.2,64,-797
ABarpa,75,282,101,14.8,62,-493
ABarpa,76,280,99,14.1,63,43
ABarpa,77,276,107,14.0,60,-527
ABarpa,78,257,106,15.8,54,-421
ABarpaa,79,245,103,15.1,52,-160
ABarpaa,80,246,99,15.8,49,-476
ABarpaa,81,248,105,15.1,49,87
ABarpaa,82,243,100,15.0,49,138
ABarpaa,83,242,93,14.3,51,-611
ABarpaa,84,229,92,14.9,50,382
ABarpaa,85,225,97,15.1,51,-514
ABarpaa,86,229,94,15.2,52,123
ABarpaa,87,229,92,15.9,53,-313
ABarpaa,88,226,94,15.2,54,-347
ABarpaa,89,229,95,15.8,54,371
ABarpaa,90,226,95,15.8,54,-250
ABarpaa,91,225,99,14.8,54,-514
ABarpaa,92,222,100,15.1,54,100
ABarpaa,93,227,103,14.2,54,228
ABarpaa,94,233,99,14.1,54,69
ABarpaa,95,231,101,14.2,54,58
ABarpaa,96,236,104,14.1,54,-912
ABarpaa,97,238,99,13.9,53,362
ABarpaa,98,237,102,14.1,53,-22
ABarpaa,99,238,110,14.9,53,-4
ABarpaa,100,239,108,15.2,54,-464
ABarpaa,101,240,109,15.3,54,38
ABarpaa,102,236,92,15.9,53,-778
ABarpaa,103,234,100,16.0,51,-168
ABarpaaa,104,226,94,17.8,48,-181
ABarpaaa,105,211,101,17.1,46,544
ABarpaaa,106,202,103,17.9,44,287
ABarpaaa,107,195,106,18.0,44,-190
ABarpaaa,108,187,110,18.9,44,105
ABarpaaa,109,182,113,18.9,44,468
ABarpaaa,110,186,113,18.1,44,554
ABarpaaa,111,183,113,18.1,44,-118
ABarpaaa,112,179,117,17.9,44,688
ABarpaaa,113,181,119,18.0,44,915
ABarpaaa,114,183,116,17.9,44,694
ABarpaaa,115,187,116,18.0,44,1199
ABarpaaa,116,195,116,16.9,44,700
ABarpaaa,117,190,121,16.9,44,1396
ABarpaaa,118,188,123,16.1,44,507
ABarpaaa,119,185,123,15.9,44,-133
ABarpaaa,120,177,126,14.9,44,867
ABarpaaa,121,173,131,13.9,44,1464
ABarpaaa,122,175,133,13.0,44,1738
ABarpaaa,123,181,136,12.0,44,1774
ABarpaaa,124,178,139,11.1,44,1548
ABarpaaa,125,186,144,10.0,44,1006
ABarpaaa,126,196,148,8.8,44,987
ABarpaaa,127,202,152,8.1,44,1211
ABarpaaa,128,205,151,8.1,44,1388
ABarpaaa,129,210,153,7.9,44,1387
ABarpaaa,130,216,153,7.1,43,2751
ABarpaaa,131,215,161,7.0,43,2255
ABarpaaa,132,210,178,6.1,42,3183
ABarpaaa,133,207,192,6.1,42,4137
ABarpaaa,134,204,198,6.2,39,2368
ABarpaaa,135,194,202,6.2,42,2993
ABarpaaa,136,184,207,6.3,41,3118
ABarpaaa,137,183,207,6.9,38,2532
ABarpaaa,138,183,206,7.1,37,4402
ABarpaaa,139,177,202,8.7,37,4922
ABarpaaaa,140,164,200,8.6,35,2559
ABarpaaaa,141,164,196,8.5,35,1755
ABarpaaaa,142,164,201,8.1,37,4074
ABarpaaaa,143,157,210,8.0,37,2668
ABarpaaaa,144,156,209,8.1,37,2076
ABarpaaaa,145,156,216,8.0,37,3063
ABarpaaaa,146,159,221,7.9,37,5232
ABarpaaaa,147,162,222,7.2,37,3277
ABarpaaaa,148,156,218,7.8,37,2065
ABarpaaaa,149,160,218,7.1,37,3879
ABarpaaaa,150,161,210,7.9,37,5562
ABarpaaaa,151,164,215,7.7,37,4894
ABarpaaaa,152,171,219,7.1,37,5975
ABarpaaaa,153,171,222,7.1,39,3938
ABarpaaaa,154,171,223,7.0,37,5067
ABarpaaaa,155,171,226,6.4,39,4572
ABarpaaaa,156,170,235,7.0,37,2853
ABarpaaaa,157,170,239,6.5,39,3487
ABarpaaaa,158,172,243,6.9,37,3763
ABarpaaaa,159,177,242,6.9,37,5378
ABarpaaaa,160,181,249,6.8,37,6678
ABarpaaaa,161,182,250,6.9,37,5948
ABarpaaaa,162,184,247,6.7,37,5423
ABarpaaaa,163,189,245,6.9,37,3885
ABarpaaaa,164,189,246,6.2,39,3517
ABarpaaaa,165,188,246,7.0,39,4166
ABarpaaaa,166,184,250,6.3,39,3687
ABarpaaaa,167,184,252,6.9,37,4755
ABarpaaaa,168,187,256,6.9,36,5341
ABarpaaaa,169,189,248,7.0,36,6340
ABarpaaaa,170,195,242,6.5,39,5520
ABarpaaaa,171,195,240,6.2,37,5207
ABarpaaaa,172,188,234,6.4,36,5929
ABarpaaaa,173,189,234,6.2,37,5540
ABarpaaaa,174,192,240,6.2,36,5479
ABarpaaaa,175,198,242,6.2,35,6009
ABarpaaaa,176,204,241,6.1,35,7863
ABarpaaaa,177,207,240,6.1,35,7219
ABarpaaaa,178,204,237,6.1,35,6069
ABarpaaaa,179,198,245,6.2,35,7359
ABarpaaaa,180,196,245,7.2,35,8535
ABarpaaaa,181,198,243,7.1,35,6889
ABarpaaaa,182,199,242,7.3,33,4515
ABarpaaaa,183,200,237,8.0,31,9463
ABarpaaaa,184,196,241,8.0,31,9630
ABarpaaaaa,185,182,234,8.0,31,6241
ABarpaaaaa,186,161,232,8.7,31,6073
ABarpaaaaa,187,162,232,8.0,31,7344
ABarpaaaaa,188,169,235,7.8,31,8507
ABarpaaaaa,189,169,236,7.4,33,5738
ABarpaaaaa,190,162,237,7.1,33,5999
ABarpaaaaa,191,167,228,7.2,33,5800
ABarpaaaaa,192,164,230,7.3,33,5671
ABarpaaaaa,193,168,233,7.8,31,5152
ABarpaaaaa,194,168,236,7.3,35,6388
ABarpaaaaa,195,168,239,7.4,35,7612
ABarpaaaaa,196,161,239,7.5,33,5575
ABarpaaaaa,197,160,240,7.5,33,8374
ABarpaaaaa,198,161,233,7.5,33,6123
ABarpaaaaa,199,159,231,7.5,33,8818
ABarpaaaaa,200,158,237,7.4,33,6975
ABarpaaaaa,201,161,232,7.3,33,7659
ABarpaaaaa,202,165,233,7.4,32,10214
ABarpaaaaa,203,162,233,7.4,32,8495
ABarpaaaaa,204,164,233,7.3,32,6141
ABarpaaaaa,205,161,228,7.9,30,7156
ABarpaaaap,185,205,238,7.8,27,4526
ABarpaaaap,186,208,246,6.4,29,8667
ABarpaaaap,187,205,246,6.2,29,8586
ABarpaaaap,188,206,247,6.8,31,6951
ABarpaaaap,189,201,248,6.0,31,5555
ABarpaaaap,190,201,250,5.9,31,7376
ABarpaaaap,191,200,247,6.0,31,8599
ABarpaaaap,192,195,243,5.8,31,5306
ABarpaaaap,193,194,241,6.8,31,6554
ABarpaaaap,194,196,244,6.1,31,5800
ABarpaaaap,195,195,241,6.0,31,7647
ABarpaaaap,196,185,240,6.0,31,6949
ABarpaaaap,197,185,241,6.0,31,6378
ABarpaaaap,198,188,235,5.9,31,8089
ABarpaaaap,199,185,231,6.0,31,5869
ABarpaaaap,200,188,243,5.9,31,6243
ABarpaaaap,201,186,239,6.1,31,8012
ABarpaaaap,202,187,239,6.0,30,5693
ABarpaaaap,203,185,241,6.1,29,10795
ABarpaaaap,204,184,239,6.0,30,8392
ABarpaaaap,205,186,231,6.0,30,6883
ABarpaaap,140,192,211,6.2,33,3443
ABarpaaap,141,198,214,6.2,33,2951
ABarpaaap,142,199,224,6.0,35,3456
ABarpaaap,143,200,224,6.0,37,4148
ABarpaaap,144,206,228,5.9,37,2609
ABarpaaap,145,206,235,6.0,37,3014
ABarpaaap,146,206,242,6.1,37,1812
ABarpaaap,147,209,250,5.8,37,1965
ABarpaaap,148,207,255,5.9,37,3859
ABarpaaap,149,208,260,5.9,37,2638
ABarpaaap,150,208,257,6.0,37,3624
ABarpaaap,151,208,260,6.0,37,3868
ABarpaaap,152,208,266,6.1,37,5669
ABarpaaap,153,214,261,6.2,37,3930
ABarpaaap,154,217,261,6.2,37,3272
ABarpaaap,155,215,263,6.9,37,4064
ABarpaaap,156,218,261,6.8,37,4687
ABarpaaap,157,215,263,6.9,37,4657
ABarpaaap,158,218,264,6.9,37,4200
ABarpaaap,159,221,261,7.1,37,4528
ABarpaaap,160,223,257,7.1,37,4210
ABarpaaap,161,223,255,7.2,37,5849
ABarpaaap,162,225,256,7.2,37,6013
ABarpaaap,163,222,257,6.9,37,5965
ABarpaaap,164,223,255,6.8,37,5389
ABarpaaap,165,223,254,7.0,37,4619
ABarpaaap,166,217,256,7.0,37,6006
ABarpaaap,167,222,250,7.1,37,3045
ABarpaaap,168,222,245,7.0,36,5184
ABarpaaap,169,221,242,7.1,36,6593
ABarpaaap,170,226,235,7.2,37,5282
ABarpaaap,171,229,232,7.1,37,7044
ABarpaaap,172,220,240,7.8,34,6999
ABarpaaap,173,223,235,6.5,35,7711
ABarpaaap,174,231,238,6.4,36,7730
ABarpaaap,175,235,230,6.3,35,7330
ABarpaaap,176,245,229,6.3,35,8013
ABarpaaap,177,243,229,6.2,35,6917
ABarpaaap,178,245,223,6.2,35,7087
ABarpaaap,179,238,227,6.3,35,9942
ABarpaaap,180,237,223,7.1,35,7059
ABarpaaap,181,240,221,7.0,35,7252
ABarpaaap,182,242,222,7.1,35,6730
ABarpaaap,183,243,219,6.5,35,9191
ABarpaaap,184,241,225,7.8,31,8776
ABarpaaap,185,241,225,8.0,31,9402
ABarpaaapa,186,225,224,7.8,31,7029
ABarpaaapa,187,221,210,7.7,31,6880
ABarpaaapa,188,212,212,7.7,31,5817
ABarpaaapa,189,210,205,7.7,31,6156
ABarpaaapa,190,208,207,7.4,29,8324
ABarpaaapa,191,213,208,7.4,33,4900
ABarpaaapa,192,212,208,7.1,33,6247
ABarpaaapa,193,213,210,7.1,35,5685
ABarpaaapa,194,212,211,7.1,33,3819
ABarpaaapa,195,211,213,7.0,31,6095
ABarpaaapa,196,209,215,7.0,29,7444
ABarpaaapa,197,210,217,6.9,31,6602
ABarpaaapa,198,214,212,6.9,27,1998
ABarpaaapa,199,213,213,6.7,31,5907
ABarpaaapa,200,213,213,6.7,31,6763
ABarpaaapa,201,218,212,6.0,27,5696
ABarpaaapa,202,218,210,6.7,30,4527
ABarpaaapa,203,216,207,6.9,30,4810
ABarpaaapa,204,216,205,6.9,30,8328
ABarpaaapa,205,218,203,6.8,27,4893
ABarpaaapp,186,257,222,7.3,29,7001
ABarpaaapp,187,260,223,7.1,27,6815
ABarpaaapp,188,256,219,7.7,31,5703
ABarpaaapp,189,252,222,7.1,31,7031
ABarpaaapp,190,252,225,7.9,31,5771
ABarpaaapp,191,261,218,8.1,31,6556
ABarpaaapp,192,254,216,7.6,33,6455
ABarpaaapp,193,253,216,7.9,31,8246
ABarpaaapp,194,251,220,7.7,31,6767
ABarpaaapp,195,254,217,7.3,33,6996
ABarpaaapp,196,250,221,7.6,31,4013
ABarpaaapp,197,245,220,6.5,33,5562
ABarpaaapp,198,244,218,6.8,31,4299
ABarpaaapp,199,244,215,6.7,31,4836
ABarpaaapp,200,244,219,6.0,31,9596
ABarpaaapp,201,246,213,6.7,31,5863
ABarpaaapp,202,244,215,6.1,30,4999
ABarpaaapp,203,245,215,6.7,30,4317
ABarpaaapp,204,241,214,6.7,30,8828
ABarpaaapp,205,243,210,6.7,30,9271
ABarpaap,104,251,117,14.9,48,146
ABarpaap,105,246,119,14.2,46,-351
ABarpaap,106,247,116,14.1,44,54
ABarpaap,107,246,106,14.0,44,464
ABarpaap,108,248,106,13.5,46,396
ABarpaap,109,247,112,14.0,44,341
ABarpaap,110,248,115,13.8,44,615
ABarpaap,111,252,116,13.0,44,-519
ABarpaap,112,247,122,13.0,44,289
ABarpaap,113,245,122,12.1,44,43
ABarpaap,114,244,124,12.1,44,65
ABarpaap,115,240,121,12.0,46,884
ABarpaap,116,248,122,11.1,44,656
ABarpaap,117,248,123,10.9,44,-239
ABarpaap,118,247,125,10.2,46,709
ABarpaap,119,245,127,10.1,46,319
ABarpaap,120,243,131,10.1,44,492
ABarpaap,121,241,130,9.2,46,989
ABarpaap,122,246,133,8.9,44,801
ABarpaap,123,259,139,8.2,46,481
ABarpaap,124,257,146,7.5,48,882
ABarpaap,125,262,147,8.0,44,806
ABarpaap,126,269,149,7.2,46,891
ABarpaap,127,273,157,7.2,48,1458
ABarpaap,128,275,172,7.2,44,1866
ABarpaap,129,277,183,7.2,46,2111
ABarpaap,130,275,190,7.2,45,1432
ABarpaap,131,278,199,7.1,47,1961
ABarpaap,132,267,207,7.1,36,1673
ABarpaap,133,264,221,7.1,34,669
ABarpaapa,134,244,231,7.1,31,3835
ABarpaapa,135,243,235,7.1,34,246
ABarpaapa,136,237,229,6.9,37,2193
ABarpaapa,137,233,231,6.9,38,1953
ABarpaapa,138,225,235,6.8,37,2009
ABarpaapa,139,223,235,6.3,39,3058
ABarpaapa,140,229,240,6.3,39,2691
ABarpaapa,141,230,244,6.2,39,1278
ABarpaapa,142,234,255,6.1,41,1668
ABarpaapa,143,235,256,6.1,39,505
ABarpaapa,144,241,261,6.2,39,3306
ABarpaapa,145,244,267,6.8,37,2326
ABarpaapa,146,244,269,6.9,37,1095
ABarpaapa,147,247,272,6.2,39,2440
ABarpaapa,148,246,272,6.3,39,2889
ABarpaapa,149,248,269,6.3,41,1806
ABarpaapa,150,248,272,6.3,39,2799
ABarpaapa,151,246,272,6.2,41,2626
ABarpaapa,152,249,272,6.9,37,2035
ABarpaapa,153,256,261,6.4,39,1998
ABarpaapa,154,257,261,7.1,39,1761
ABarpaapa,155,253,258,7.1,39,2412
ABarpaapa,156,254,253,6.3,39,3727
ABarpaapa,157,255,251,6.4,39,4523
ABarpaapa,158,255,253,6.8,37,3056
ABarpaapa,159,263,249,7.0,39,4735
ABarpaapa,160,267,251,6.4,39,3569
ABarpaapa,161,268,246,7.0,41,2948
ABarpaapa,162,267,245,6.4,39,3651
ABarpaapa,163,271,243,6.3,41,5008
ABarpaapa,164,271,238,6.4,41,3815
ABarpaapa,165,272,238,6.3,41,4955
ABarpaapa,166,272,240,6.4,39,4181
ABarpaapa,167,270,233,7.0,37,3640
ABarpaapa,168,269,230,6.3,38,5388
ABarpaapa,169,268,226,6.3,36,4106
ABarpaapa,170,271,223,7.0,35,6344
ABarpaapa,171,271,220,7.2,29,9539
ABarpaapaa,172,254,220,8.2,27,6513
ABarpaapaa,173,245,217,8.6,33,4090
ABarpaapaa,174,251,218,9.8,32,2987
ABarpaapaa,175,251,216,8.3,33,6819
ABarpaapaa,176,253,210,8.1,27,9005
ABarpaapaa,177,255,200,8.0,31,3632
ABarpaapaa,178,255,200,8.0,31,6254
ABarpaapaa,179,255,199,7.4,33,7179
ABarpaapaa,180,255,199,7.4,33,7757
ABarpaapaa,181,261,196,7.4,33,7816
ABarpaapaa,182,260,196,7.3,33,8363
ABarpaapaa,183,261,192,7.8,31,5825
ABarpaapaa,184,257,191,7.2,33,6835
ABarpaapaa,185,257,189,7.1,31,8509
ABarpaapaa,186,260,188,7.0,31,7497
ABarpaapaa,187,251,186,7.1,33,6761
ABarpaapaa,188,249,189,7.0,31,7244
ABarpaapaa,189,247,187,7.1,35,6512
ABarpaapaa,190,245,187,7.1,33,9140
ABarpaapaa,191,249,189,6.2,33,9405
ABarpaapaa,192,247,185,6.5,33,10306
ABarpaapaa,193,245,183,7.0,33,10126
ABarpaapaa,194,245,183,6.9,31,8955
ABarpaapaa,195,247,187,6.9,31,10902
ABarpaapaa,196,242,188,6.8,31,8703
ABarpaapaa,197,240,186,7.0,29,9905
ABarpaapaa,198,245,186,6.2,33,10646
ABarpaapaa,199,242,188,6.1,31,10441
ABarpaapaa,200,243,191,6.0,31,14586
ABarpaapaa,201,245,185,6.0,33,14176
ABarpaapaa,202,245,184,6.0,30,12606
ABarpaapaa,203,242,182,6.0,30,13869
ABarpaapaa,204,244,181,6.1,32,14632
ABarpaapaa,205,246,183,6.0,30,18685
ABarpaapap,172,274,226,7.3,34,4680
ABarpaapap,173,281,224,6.3,29,7227
ABarpaapap,174,287,226,6.8,32,2166
ABarpaapap,175,289,224,6.2,31,6193
ABarpaapap,176,299,216,6.2,33,5645
ABarpaapap,177,301,221,6.1,33,5283
ABarpaapap,178,303,218,6.0,29,5796
ABarpaapap,179,303,218,6.0,29,4452
ABarpaapap,180,296,213,6.0,31,6398
ABarpaapap,181,298,212,5.5,35,5408
ABarpaapap,182,297,212,6.0,31,5489
ABarpaapap,183,296,210,6.0,35,3758
ABarpaapap,184,298,210,6.0,33,5666
ABarpaapap,185,295,215,6.0,31,6787
ABarpaapap,186,300,212,6.1,33,6892
ABarpaapap,187,294,208,6.1,33,5156
ABarpaapap,188,291,204,6.2,35,5439
ABarpaapap,189,289,197,5.5,33,8592
ABarpaapap,190,284,199,6.1,35,6109
ABarpaapap,191,291,200,6.0,35,9515
ABarpaapap,192,280,202,6.1,33,6022
ABarpaapap,193,282,203,6.1,33,9181
ABarpaapap,194,282,203,6.1,33,6656
ABarpaapap,195,284,204,6.0,31,7511
ABarpaapap,196,277,209,6.0,31,7325
ABarpaapap,197,278,207,5.9,31,9134
ABarpaapap,198,279,210,6.0,27,7596
ABarpaapap,199,278,206,5.9,31,7293
ABarpaapap,200,278,208,5.9,31,7822
ABarpaapap,201,279,202,5.9,31,10392
ABarpaapap,202,280,202,5.9,30,11380
ABarpaapap,203,280,200,5.9,30,8637
ABarpaapap,204,280,200,5.9,30,9376
ABarpaapap,205,286,193,5.9,27,9031
ABarpaapp,134,293,223,7.3,29,1340
ABarpaapp,135,299,225,7.1,34,1702
ABarpaapp,136,299,219,7.2,37,1678
ABarpaapp,137,302,215,6.7,38,2279
ABarpaapp,138,303,215,6.4,39,1765
ABarpaapp,139,300,222,6.3,39,2816
ABarpaapp,140,304,222,6.9,37,1442
ABarpaapp,141,306,222,6.3,39,2171
ABarpaapp,142,306,217,6.0,39,2747
ABarpaapp,143,302,210,6.8,37,1435
ABarpaapp,144,302,211,6.2,41,2506
ABarpaapp,145,301,205,6.1,41,3716
ABarpaapp,146,299,207,6.2,41,2996
ABarpaapp,147,297,209,6.4,39,3157
ABarpaapp,148,296,215,7.1,39,2530
ABarpaapp,149,298,210,7.1,39,1572
ABarpaapp,150,300,212,7.1,41,3256
ABarpaapp,151,299,217,6.5,39,2116
ABarpaapp,152,301,220,7.1,39,2513
ABarpaapp,153,302,214,7.3,41,2788
ABarpaapp,154,305,213,7.2,41,4138
ABarpaapp,155,304,211,7.2,39,3661
ABarpaapp,156,310,215,7.3,41,2727
ABarpaapp,157,310,216,7.2,39,2250
ABarpaapp,158,312,216,7.2,39,5039
ABarpaapp,159,319,214,7.1,41,3001
ABarpaapp,160,318,218,6.5,39,5264
ABarpaapp,161,325,222,7.1,41,3374
ABarpaapp,162,326,226,6.3,41,3344
ABarpaapp,163,328,225,6.4,39,5048
ABarpaapp,164,328,225,6.2,41,5149
ABarpaapp,165,327,227,6.2,41,6176
ABarpaapp,166,326,224,6.1,41,5218
ABarpaapp,167,324,222,6.3,39,5777
ABarpaapp,168,327,226,7.0,36,6798
ABarpaapp,169,327,225,7.1,36,6191
ABarpaapp,170,335,230,7.0,35,8005
ABarpaapp,171,328,221,7.1,29,8419
ABarpaappa,172,317,221,7.1,28,7308
ABarpaappa,173,321,220,7.1,29,8178
ABarpaappa,174,329,208,7.2,30,6220
ABarpaappa,175,331,203,7.2,31,4217
ABarpaappa,176,335,199,6.8,31,3093
ABarpaappa,177,338,200,6.0,33,5104
ABarpaappa,178,338,200,6.0,31,5508
ABarpaappa,179,334,202,5.9,31,4463
ABarpaappa,180,332,205,5.9,31,4015
ABarpaappa,181,331,204,5.9,31,4535
ABarpaappa,182,331,204,5.9,31,6678
ABarpaappa,183,335,202,5.9,31,6839
ABarpaappa,184,337,201,6.0,29,7688
ABarpaappa,185,337,205,5.9,31,6647
ABarpaappa,186,335,201,5.9,31,9416
ABarpaappa,187,335,200,5.2,29,10229
ABarpaappa,188,335,200,5.2,29,9610
ABarpaappa,189,336,193,5.6,35,7976
ABarpaappa,190,335,194,6.2,33,11209
ABarpaappa,191,338,198,6.0,31,9606
ABarpaappa,192,337,196,6.0,35,8993
ABarpaappa,193,335,197,6.0,31,8034
ABarpaappa,194,335,198,5.6,33,9602
ABarpaappa,195,337,196,5.5,33,10856
ABarpaappa,196,329,192,5.9,31,9011
ABarpaappa,197,328,190,6.0,31,11370
ABarpaappa,198,329,187,5.9,31,12167
ABarpaappa,199,332,190,5.9,31,10102
ABarpaappa,200,333,191,5.9,31,15002
ABarpaappa,201,333,187,5.9,31,8820
ABarpaappa,202,328,196,6.0,30,11011
ABarpaappa,203,325,192,6.0,30,12274
ABarpaappa,204,323,189,6.0,30,13209
ABarpaappa,205,329,187,6.1,30,14110
ABarpaappp,172,359,228,7.2,28,7047
ABarpaappp,173,372,220,7.3,29,7409
ABarpaappp,174,380,210,8.0,28,6844
ABarpaappp,175,384,207,7.2,31,8910
ABarpaappp,176,387,215,7.3,35,4058
ABarpaappp,177,389,219,7.0,31,6076
ABarpaappp,178,396,216,6.6,33,5143
ABarpaappp,179,397,219,6.3,33,6660
ABarpaappp,180,395,220,6.1,35,5722
ABarpaappp,181,402,220,5.5,33,7360
ABarpaappp,182,403,225,6.0,31,5575
ABarpaappp,183,402,228,5.5,35,5439
ABarpaappp,184,400,224,5.5,35,8755
ABarpaappp,185,394,228,6.0,31,7679
ABarpaappp,186,389,230,5.9,31,8453
ABarpaappp,187,386,225,6.0,33,9254
ABarpaappp,188,387,221,5.5,33,8091
ABarpaappp,189,388,217,5.8,31,6691
ABarpaappp,190,388,217,5.8,31,6845
ABarpaappp,191,396,218,6.0,31,8725
ABarpaappp,192,394,217,5.5,35,8978
ABarpaappp,193,390,215,6.1,33,11458
ABarpaappp,194,391,214,6.0,33,10970
ABarpaappp,195,391,214,6.0,33,5671
ABarpaappp,196,381,223,5.8,31,9339
ABarpaappp,197,381,219,5.8,31,9988
ABarpaappp,198,379,223,5.9,31,12689
ABarpaappp,199,382,222,5.9,31,13061
ABarpaappp,200,387,219,5.9,31,11214
ABarpaappp,201,379,216,5.9,31,12510
ABarpaappp,202,380,217,5.8,30,10889
ABarpaappp,203,380,217,5.8,30,12266
ABarpaappp,204,376,215,5.9,30,10957
ABarpaappp,205,374,216,5.9,30,13990
ABarpap,79,272,121,16.0,33,-524
ABarpap,80,288,139,16.9,49,-155
ABarpap,81,289,144,17.9,49,-264
ABarpap,82,289,140,17.2,51,136
ABarpap,83,302,138,18.3,53,-577
ABarpap,84,301,144,18.2,52,76
ABarpap,85,300,145,18.2,53,-393
ABarpap,86,302,155,18.0,58,-530
ABarpap,87,300,154,18.0,53,-1106
ABarpap,88,299,156,17.9,54,-666
ABarpap,89,299,158,18.1,54,-376
ABarpap,90,301,156,18.0,54,340
ABarpap,91,298,161,17.9,54,30
ABarpap,92,291,153,17.1,54,95
ABarpap,93,294,161,17.8,54,285
ABarpap,94,294,169,17.0,54,6
ABarpap,95,297,169,17.0,54,-332
ABarpap,96,295,170,16.5,56,-168
ABarpap,97,302,167,16.2,53,-235
ABarpap,98,300,168,16.0,53,260
ABarpap,99,300,164,16.3,57,229
ABarpap,100,304,161,16.4,56,-23
ABarpap,101,307,161,17.1,54,312
ABarpap,102,301,160,17.0,53,-546
ABarpap,103,298,175,16.4,49,-250
ABarpapa,104,282,173,18.1,48,-249
ABarpapa,105,264,178,18.0,46,-501
ABarpapa,106,252,176,19.0,44,-67
ABarpapa,107,246,175,18.9,44,-832
ABarpapa,108,242,171,18.9,44,984
ABarpapa,109,236,171,18.9,44,-509
ABarpapa,110,243,165,19.0,44,1129
ABarpapa,111,246,166,19.0,44,448
ABarpapa,112,248,161,19.1,44,877
ABarpapa,113,248,162,19.0,44,-299
ABarpapa,114,254,167,18.1,44,-280
ABarpapa,115,257,168,18.9,44,124
ABarpapa,116,255,169,18.1,44,844
ABarpapa,117,255,167,18.1,44,641
ABarpapa,118,257,163,17.9,44,-8
ABarpapa,119,249,168,17.9,44,323
ABarpapa,120,247,172,17.2,46,1219
ABarpapa,121,248,171,17.1,44,900
ABarpapa,122,246,166,17.0,44,-477
ABarpapa,123,242,167,15.9,44,-365
ABarpapa,124,237,162,14.9,44,408
ABarpapa,125,239,155,14.0,44,1629
ABarpapa,126,241,149,13.1,44,1573
ABarpapa,127,243,150,13.1,44,720
ABarpapa,128,237,151,12.6,46,1149
ABarpapa,129,246,147,12.1,44,947
ABarpapa,130,243,148,12.1,43,1746
ABarpapa,131,245,150,11.2,43,1899
ABarpapa,132,239,157,10.9,42,1506
ABarpapa,133,234,168,11.0,40,2059
ABarpapa,134,234,171,10.1,39,3433
ABarpapaa,135,217,181,10.2,32,3584
ABarpapaa,136,214,176,10.1,37,351
ABarpapaa,137,216,175,10.8,38,2293
ABarpapaa,138,215,174,11.1,37,2708
ABarpapaa,139,215,174,11.1,37,1208
ABarpapaa,140,212,176,10.9,37,557
ABarpapaa,141,206,177,10.2,37,2463
ABarpapaa,142,200,181,10.0,37,2804
ABarpapaa,143,201,186,10.0,37,2137
ABarpapaa,144,200,192,9.8,37,2427
ABarpapaa,145,199,199,9.1,37,2618
ABarpapaa,146,201,201,8.0,37,2713
ABarpapaa,147,197,197,7.9,37,3747
ABarpapaa,148,197,200,7.7,37,2043
ABarpapaa,149,207,203,7.0,39,3540
ABarpapaa,150,205,199,6.9,37,2443
ABarpapaa,151,209,201,6.1,39,2790
ABarpapaa,152,208,199,5.5,39,3841
ABarpapaa,153,207,195,6.0,37,3916
ABarpapaa,154,209,194,5.9,37,3292
ABarpapaa,155,210,199,5.4,39,3717
ABarpapaa,156,213,204,5.8,37,2827
ABarpapaa,157,217,211,5.9,37,2461
ABarpapaa,158,220,211,5.8,37,1138
ABarpapaa,159,228,214,5.3,29,5086
ABarpapaa,160,226,214,5.3,37,5157
ABarpapaa,161,230,216,6.1,39,4521
ABarpapaa,162,231,214,6.1,37,4130
ABarpapaa,163,233,211,6.2,39,3842
ABarpapaa,164,233,202,7.0,39,3710
ABarpapaa,165,233,205,6.1,39,6366
ABarpapaa,166,232,203,6.2,39,3953
ABarpapaa,167,229,197,5.9,37,5569
ABarpapaa,168,225,191,5.3,36,6072
ABarpapaa,169,226,181,6.0,36,7345
ABarpapaa,170,233,171,6.0,35,4324
ABarpapaa,171,238,171,6.1,37,6027
ABarpapaa,172,235,165,6.3,36,6021
ABarpapaa,173,238,162,6.1,37,4963
ABarpapaa,174,238,166,6.1,36,5984
ABarpapaa,175,237,158,6.9,31,3973
ABarpapaa,176,241,162,7.1,31,8965
ABarpapaaa,177,225,163,7.0,31,5983
ABarpapaaa,178,201,157,7.7,31,9213
ABarpapaaa,179,194,154,7.7,31,7078
ABarpapaaa,180,193,149,7.9,31,6343
ABarpapaaa,181,188,153,8.0,31,5690
ABarpapaaa,182,191,152,7.9,31,3772
ABarpapaaa,183,195,148,7.8,31,7325
ABarpapaaa,184,195,156,6.6,33,7592
ABarpapaaa,185,198,161,6.9,31,6779
ABarpapaaa,186,200,163,6.9,31,6663
ABarpapaaa,187,194,165,6.9,31,3173
ABarpapaaa,188,195,165,6.3,33,5320
ABarpapaaa,189,193,164,7.0,31,7228
ABarpapaaa,190,192,165,7.1,31,6175
ABarpapaaa,191,197,169,6.8,31,7668
ABarpapaaa,192,192,170,7.0,29,5192
ABarpapaaa,193,197,170,6.9,31,8615
ABarpapaaa,194,194,173,6.9,31,8475
ABarpapaaa,195,196,170,6.9,31,4368
ABarpapaaa,196,192,176,7.0,31,6113
ABarpapaaa,197,194,175,6.9,31,6452
ABarpapaaa,198,196,167,7.0,31,6533
ABarpapaaa,199,197,167,6.9,31,8904
ABarpapaaa,200,197,167,6.9,31,5074
ABarpapaaa,201,193,173,6.8,31,7396
ABarpapaaa,202,193,173,6.8,31,6176
ABarpapaaa,203,190,162,7.7,30,5933
ABarpapaaa,204,192,162,6.5,32,6888
ABarpapaaa,205,198,161,6.6,34,6623
ABarpapaap,177,250,158,7.0,27,7139
ABarpapaap,178,248,159,6.8,31,3059
ABarpapaap,179,242,156,6.8,31,3661
ABarpapaap,180,239,156,6.2,29,6701
ABarpapaap,181,238,149,6.9,31,3976
ABarpapaap,182,238,151,6.2,33,3062
ABarpapaap,183,242,147,6.2,33,4190
ABarpapaap,184,237,154,6.2,33,4599
ABarpapaap,185,238,157,6.1,33,4442
ABarpapaap,186,239,158,6.0,33,4310
ABarpapaap,187,239,158,6.0,33,3346
ABarpapaap,188,231,158,6.3,29,7711
ABarpapaap,189,233,155,7.1,35,5233
ABarpapaap,190,231,151,7.1,35,5637
ABarpapaap,191,239,151,6.8,31,2259
ABarpapaap,192,235,148,7.1,35,5609
ABarpapaap,193,229,149,7.3,35,4925
ABarpapaap,194,227,151,7.2,35,3341
ABarpapaap,195,227,148,7.2,35,5428
ABarpapaap,196,221,150,7.9,31,4258
ABarpapaap,197,222,147,7.4,33,4732
ABarpapaap,198,228,145,7.3,33,7074
ABarpapaap,199,231,147,7.2,33,6562
ABarpapaap,200,228,151,8.0,33,4345
ABarpapaap,201,226,151,8.1,35,4337
ABarpapaap,202,224,149,8.2,34,4849
ABarpapaap,203,220,149,8.2,34,6808
ABarpapaap,204,221,154,8.2,34,7254
ABarpapaap,205,222,150,8.3,32,6936
ABarpapap,135,252,177,8.1,32,2306
ABarpapap,136,249,176,7.1,37,1521
ABarpapap,137,254,177,7.0,38,2890
ABarpapap,138,255,178,6.2,37,2225
ABarpapap,139,253,183,6.1,29,2743
ABarpapap,140,254,176,6.0,37,803
ABarpapap,141,249,180,5.3,37,2571
ABarpapap,142,245,186,6.0,39,3177
ABarpapap,143,244,183,6.1,37,1785
ABarpapap,144,243,186,5.9,37,2664
ABarpapap,145,243,186,6.0,29,3466
ABarpapap,146,243,184,5.9,37,2671
ABarpapap,147,245,183,5.8,37,2390
ABarpapap,148,244,180,5.3,37,2375
ABarpapap,149,249,183,6.0,37,3368
ABarpapap,150,249,182,6.1,37,3909
ABarpapap,151,252,182,6.0,39,3557
ABarpapap,152,256,184,5.9,37,824
ABarpapap,153,254,177,5.9,37,3360
ABarpapap,154,254,179,6.1,37,2624
ABarpapap,155,256,181,6.9,37,4066
ABarpapap,156,261,183,7.1,37,2298
ABarpapap,157,263,180,6.4,39,2459
ABarpapap,158,271,185,6.2,39,2153
ABarpapap,159,273,182,6.1,39,2015
ABarpapap,160,268,180,6.1,39,2389
ABarpapap,161,262,175,6.0,39,3963
ABarpapap,162,259,170,6.1,41,4571
ABarpapap,163,260,166,6.1,39,3299
ABarpapap,164,264,165,6.2,39,3392
ABarpapap,165,267,171,6.1,41,4118
ABarpapap,166,270,176,6.0,39,3563
ABarpapap,167,265,168,6.0,41,5465
ABarpapap,168,268,172,6.0,40,5072
ABarpapap,169,272,171,6.0,38,5870
ABarpapap,170,280,171,6.1,39,5561
ABarpapap,171,288,169,6.0,37,4730
ABarpapap,172,285,172,6.2,36,6203
ABarpapap,173,284,175,7.1,37,3945
ABarpapap,174,288,176,7.2,36,5963
ABarpapap,175,289,176,7.1,31,8044
ABarpapap,176,292,165,7.8,31,6624
ABarpapap,177,293,169,7.8,31,9993
ABarpapapa,178,277,165,7.2,31,6014
ABarpapapa,179,270,164,7.0,31,5770
ABarpapapa,180,268,163,7.6,31,6408
ABarpapapa,181,270,163,7.0,31,3012
ABarpapapa,182,272,159,7.1,31,5652
ABarpapapa,183,276,158,6.3,31,4335
ABarpapapa,184,276,161,6.8,31,4440
ABarpapapa,185,274,162,6.7,31,5230
ABarpapapa,186,277,162,6.8,31,4074
ABarpapapa,187,275,160,6.3,29,4889
ABarpapapa,188,272,161,7.1,33,6041
ABarpapapa,189,272,158,7.1,35,5297
ABarpapapa,190,271,160,7.1,31,5743
ABarpapapa,191,273,161,7.2,33,3769
ABarpapapa,192,270,159,7.4,33,6125
ABarpapapa,193,268,159,7.1,31,4307
ABarpapapa,194,266,159,6.9,31,8332
ABarpapapa,195,263,159,7.2,33,5327
ABarpapapa,196,260,162,6.9,31,4652
ABarpapapa,197,260,163,6.8,31,4174
ABarpapapa,198,261,163,6.9,31,6329
ABarpapapa,199,263,162,6.9,31,8098
ABarpapapa,200,257,165,7.8,31,8104
ABarpapapa,201,256,160,7.8,31,6156
ABarpapapa,202,261,162,7.2,32,7290
ABarpapapa,203,257,158,7.8,30,9368
ABarpapapa,204,258,159,7.9,30,9504
ABarpapapa,205,259,160,8.0,30,7152
ABarpapapp,178,316,171,6.3,27,7693
ABarpapapp,179,317,168,6.9,31,3831
ABarpapapp,180,316,172,6.7,31,3883
ABarpapapp,181,317,169,5.9,31,5214
ABarpapapp,182,316,167,6.0,31,5282
ABarpapapp,183,322,162,5.9,31,5116
ABarpapapp,184,323,156,5.9,31,4155
ABarpapapp,185,319,157,6.0,31,5582
ABarpapapp,186,321,157,6.1,31,6593
ABarpapapp,187,319,158,6.1,31,5891
ABarpapapp,188,317,160,7.1,35,6555
ABarpapapp,189,318,160,7.0,35,4638
ABarpapapp,190,317,166,7.0,33,6626
ABarpapapp,191,320,165,6.6,33,7317
ABarpapapp,192,317,165,6.5,32,2979
ABarpapapp,193,314,165,6.3,31,6619
ABarpapapp,194,311,165,6.2,29,7470
ABarpapapp,195,308,166,6.2,33,7514
ABarpapapp,196,304,166,6.1,27,8244
ABarpapapp,197,301,165,6.0,29,8610
ABarpapapp,198,301,165,6.0,29,7405
ABarpapapp,199,303,162,6.8,31,6597
ABarpapapp,200,303,162,6.8,31,4680
ABarpapapp,201,300,161,6.5,33,6606
ABarpapapp,202,301,159,7.0,32,5672
ABarpapapp,203,297,158,7.1,32,6333
ABarpapapp,204,298,157,7.3,32,6991
ABarpapapp,205,296,155,8.0,32,4843
ABarpapp,104,320,169,16.9,32,1943
ABarpapp,105,317,173,16.1,42,497
ABarpapp,106,317,174,17.2,46,158
ABarpapp,107,319,171,17.1,44,163
ABarpapp,108,328,163,17.2,48,-207
ABarpapp,109,325,165,17.0,44,-311
ABarpapp,110,328,159,17.0,44,-323
ABarpapp,111,325,155,17.0,44,913
ABarpapp,112,328,148,17.0,44,176
ABarpapp,113,324,145,16.9,44,195
ABarpapp,114,325,141,16.0,44,1000
ABarpapp,115,324,143,15.9,44,658
ABarpapp,116,323,146,15.9,44,-279
ABarpapp,117,322,145,15.1,44,528
ABarpapp,118,318,144,16.1,46,-268
ABarpapp,119,311,143,16.0,44,-794
ABarpapp,120,308,134,16.0,44,656
ABarpapp,121,305,131,15.9,44,623
ABarpapp,122,310,134,15.0,44,514
ABarpapp,123,312,137,14.9,44,193
ABarpapp,124,313,134,13.2,44,400
ABarpapp,125,318,135,12.4,46,21
ABarpapp,126,323,134,12.1,44,1100
ABarpapp,127,326,137,12.1,44,1365
ABarpapp,128,323,145,11.9,44,-51
ABarpapp,129,325,145,11.9,44,2204
ABarpapp,130,322,142,11.1,43,998
ABarpapp,131,316,144,10.0,43,298
ABarpapp,132,309,145,9.1,42,1194
ABarpapp,133,304,153,8.9,40,1341
ABarpapp,134,293,161,8.9,39,666
ABarpappa,135,288,154,7.3,29,995
ABarpappa,136,283,144,6.5,37,850
ABarpappa,137,279,137,6.6,38,3046
ABarpappa,138,277,138,6.0,37,990
ABarpappa,139,282,137,5.9,37,947
ABarpappa,140,281,134,5.5,39,985
ABarpappa,141,276,141,5.9,37,1432
ABarpappa,142,273,146,6.0,37,2307
ABarpappa,143,263,143,6.1,37,1363
ABarpappa,144,262,138,6.8,37,1730
ABarpappa,145,256,139,6.9,37,1723
ABarpappa,146,260,140,6.9,37,2447
ABarpappa,147,256,136,6.9,37,4183
ABarpappa,148,259,141,7.0,37,2210
ABarpappa,149,264,140,7.1,37,1966
ABarpappa,150,264,140,7.1,37,2620
ABarpappa,151,261,141,7.2,37,2289
ABarpappa,152,258,138,7.7,37,1555
ABarpappa,153,255,136,7.9,37,4749
ABarpappa,154,258,134,7.8,37,3898
ABarpappa,155,259,132,7.0,37,2589
ABarpappa,156,261,134,7.0,37,1880
ABarpappa,157,259,134,6.8,37,3805
ABarpappa,158,263,135,6.8,37,1770
ABarpappa,159,269,133,6.3,39,3096
ABarpappa,160,274,133,6.9,37,2935
ABarpappa,161,272,133,6.9,37,2548
ABarpappa,162,276,136,6.8,37,3718
ABarpappa,163,280,132,6.9,37,4633
ABarpappa,164,282,135,7.2,37,5240
ABarpappa,165,286,134,7.1,37,3689
ABarpappa,166,283,132,7.0,37,4006
ABarpappa,167,285,130,6.9,37,3645
ABarpappa,168,278,130,6.4,38,3034
ABarpappa,169,276,129,7.0,36,4114
ABarpappa,170,277,126,7.1,37,3169
ABarpappa,171,271,122,7.1,37,4348
ABarpappa,172,270,125,7.1,34,4947
ABarpappa,173,276,133,7.3,35,3357
ABarpappa,174,272,134,7.2,34,5711
ABarpappa,175,269,135,7.2,31,8301
ABarpappa,176,273,130,7.1,31,8448
ABarpappa,177,273,122,7.9,31,5504
ABarpappaa,178,257,126,6.3,27,5931
ABarpappaa,179,245,126,7.5,29,6773
ABarpappaa,180,241,127,8.0,29,6231
ABarpappaa,181,245,124,8.1,31,5178
ABarpappaa,182,242,121,7.6,31,6187
ABarpappaa,183,248,121,7.1,31,3646
ABarpappaa,184,245,126,6.8,31,6019
ABarpappaa,185,248,128,6.7,31,4590
ABarpappaa,186,252,130,6.0,31,4741
ABarpappaa,187,252,128,6.7,31,6374
ABarpappaa,188,251,128,6.9,31,7070
ABarpappaa,189,252,124,6.9,31,6945
ABarpappaa,190,251,127,6.7,31,7862
ABarpappaa,191,262,126,6.1,33,4758
ABarpappaa,192,261,124,6.9,31,7231
ABarpappaa,193,259,124,6.9,31,6084
ABarpappaa,194,259,124,6.9,31,5774
ABarpappaa,195,254,129,6.1,29,8119
ABarpappaa,196,253,132,6.1,29,7753
ABarpappaa,197,257,129,6.1,31,10432
ABarpappaa,198,257,128,6.3,31,6788
ABarpappaa,199,256,126,6.6,30,7834
ABarpappaa,200,255,125,6.8,30,6923
ABarpappaa,201,254,123,7.0,29,10223
ABarpappaa,202,253,125,7.0,32,8272
ABarpappaa,203,250,127,6.8,30,7417
ABarpappaa,204,254,126,7.2,32,7684
ABarpappaa,205,254,123,7.3,32,8694
ABarpappap,178,292,115,8.0,31,4298
ABarpappap,179,292,118,7.9,31,6034
ABarpappap,180,293,124,7.8,31,5712
ABarpappap,181,293,117,7.1,31,5434
ABarpappap,182,298,115,7.2,35,5462
ABarpappap,183,296,108,7.8,31,5171
ABarpappap,184,285,111,7.3,33,4316
ABarpappap,185,284,114,7.2,35,4019
ABarpappap,186,281,112,7.3,35,5279
ABarpappap,187,278,107,8.1,35,5340
ABarpappap,188,278,108,8.3,35,4871
ABarpappap,189,276,109,8.3,35,3099
ABarpappap,190,284,110,8.1,35,5608
ABarpappap,191,284,110,8.1,35,3407
ABarpappap,192,286,103,8.3,35,4603
ABarpappap,193,286,103,8.3,35,4717
ABarpappap,194,278,105,8.2,29,8690
ABarpappap,195,277,108,7.5,35,6019
ABarpappap,196,281,110,7.3,33,6816
ABarpappap,197,285,116,7.3,33,6786
ABarpappap,198,290,119,7.3,29,6779
ABarpappap,199,286,113,8.0,35,4296
ABarpappap,200,277,111,8.2,35,5615
ABarpappap,201,276,110,8.2,35,6425
ABarpappap,202,276,113,8.3,34,6220
ABarpappap,203,275,110,8.1,34,6366
ABarpappap,204,277,113,8.2,34,5948
ABarpappap,205,285,113,8.1,34,5097
ABarpappp,135,310,166,9.3,34,1106
ABarpappp,136,308,160,10.0,37,1820
ABarpappp,137,306,155,11.1,38,1395
ABarpappp,138,304,150,10.9,37,1098
ABarpappp,139,310,150,11.0,37,164
ABarpappp,140,314,153,10.2,39,2468
ABarpappp,141,314,153,10.1,37,1133
ABarpappp,142,309,152,9.9,37,1445
ABarpappp,143,306,151,8.9,37,748
ABarpappp,144,307,148,7.8,37,303
ABarpappp,145,305,141,7.0,37,2071
ABarpappp,146,308,142,7.0,37,2627
ABarpappp,147,307,141,7.0,37,2351
ABarpappp,148,307,142,6.2,39,1377
ABarpappp,149,309,142,6.2,41,3195
ABarpappp,150,312,146,6.2,39,3013
ABarpappp,151,306,149,6.2,41,3763
ABarpappp,152,298,146,6.8,37,3972
ABarpappp,153,299,149,7.0,37,2709
ABarpappp,154,297,148,7.0,39,2731
ABarpappp,155,300,144,7.1,41,3172
ABarpappp,156,299,141,7.2,41,3720
ABarpappp,157,306,130,7.2,41,2254
ABarpappp,158,306,126,7.2,41,3301
ABarpappp,159,313,119,7.0,39,1900
ABarpappp,160,316,116,7.3,39,2837
ABarpappp,161,315,115,7.3,41,2649
ABarpappp,162,320,112,7.1,41,5192
ABarpappp,163,323,113,7.3,41,4839
ABarpappp,164,325,114,7.4,41,4560
ABarpappp,165,328,116,7.3,41,5166
ABarpappp,166,325,117,8.0,41,3149
ABarpappp,167,323,111,8.1,39,3736
ABarpappp,168,318,116,8.2,40,4008
ABarpappp,169,314,123,8.1,36,5698
ABarpappp,170,319,121,8.1,39,4985
ABarpappp,171,315,119,8.2,39,6176
ABarpappp,172,318,121,8.0,34,5676
ABarpappp,173,317,117,8.1,33,8319
ABarpapppa,174,304,118,7.6,32,2631
ABarpapppa,175,302,110,7.7,31,3485
ABarpapppa,176,306,103,7.9,31,5628
ABarpapppa,177,308,105,8.0,31,4155
ABarpapppa,178,320,97,8.1,31,6419
ABarpapppa,179,309,91,8.2,35,3756
ABarpapppa,180,299,89,8.3,33,5064
ABarpapppa,181,305,89,8.1,35,3949
ABarpapppa,182,307,87,8.2,33,5234
ABarpapppa,183,308,84,8.5,33,5236
ABarpapppa,184,302,88,8.4,35,5132
ABarpapppa,185,306,91,8.4,33,4895
ABarpapppa,186,307,93,7.5,35,4044
ABarpapppa,187,306,94,8.1,35,5136
ABarpapppa,188,305,97,8.0,33,3899
ABarpapppa,189,305,93,8.3,35,5950
ABarpapppa,190,313,96,8.0,33,5109
ABarpapppa,191,321,99,7.4,33,4950
ABarpapppa,192,316,100,8.0,35,3747
ABarpapppa,193,314,101,7.4,33,5940
ABarpapppa,194,311,99,7.6,35,5062
ABarpapppa,195,310,100,8.1,33,4609
ABarpapppa,196,309,97,8.3,33,4984
ABarpapppa,197,309,95,8.4,35,7606
ABarpapppa,198,316,96,8.3,35,4338
ABarpapppa,199,314,94,8.9,31,4734
ABarpapppa,200,308,94,8.5,33,6093
ABarpapppa,201,305,92,9.1,31,5027
ABarpapppa,202,301,94,9.1,30,7579
ABarpapppa,203,296,94,9.1,32,7166
ABarpapppa,204,299,92,9.3,34,7223
ABarpapppa,205,307,94,9.2,34,5748
ABarpapppp,174,343,104,8.4,30,4638
ABarpapppp,175,349,97,9.8,31,3678
ABarpapppp,176,353,95,10.7,31,1881
ABarpapppp,177,358,99,10.1,35,2878
ABarpapppp,178,362,100,10.4,35,4997
ABarpapppp,179,357,99,10.3,35,3460
ABarpapppp,180,353,98,10.3,35,2100
ABarpapppp,181,354,100,10.3,35,4857
ABarpapppp,182,350,93,11.1,35,3275
ABarpapppp,183,347,93,11.2,35,3976
ABarpapppp,184,342,95,10.4,35,3444
ABarpapppp,185,340,96,11.2,33,4962
ABarpapppp,186,336,97,11.0,35,4610
ABarpapppp,187,334,101,11.1,33,1019
ABarpapppp,188,332,110,11.1,35,2541
ABarpapppp,189,335,109,10.4,35,4158
ABarpapppp,190,335,109,10.3,35,2769
ABarpapppp,191,335,109,10.2,34,2900
ABarpapppp,192,335,109,10.2,33,4438
ABarpapppp,193,335,109,10.1,32,4230
ABarpapppp,194,336,109,10.0,31,2105
ABarpapppp,195,336,109,10.0,31,5670
ABarpapppp,196,336,108,10.0,31,6492
ABarpapppp,197,335,107,10.0,31,4143
ABarpapppp,198,335,107,10.0,31,1328
ABarpapppp,199,334,106,10.0,31,3384
ABarpapppp,200,334,105,10.0,31,3986
ABarpapppp,201,333,104,10.0,31,4891
ABarpapppp,202,334,103,10.0,31,4762
ABarpapppp,203,335,102,10.0,31,7102
ABarpapppp,204,336,101,10.0,31,5691
ABarpapppp,205,337,100,10.0,31,4716
ABarpp,56,331,115,13.0,34,697
ABarpp,57,346,119,11.0,31,-570
ABarpp,58,346,132,11.1,41,-764
ABarpp,59,362,131,11.0,44,-849
ABarpp,60,382,127,11.1,45,228
ABarpp,61,389,123,11.0,49,-302
ABarpp,62,385,114,11.0,52,233
ABarpp,63,391,112,11.1,48,-672
ABarpp,64,385,108,11.0,56,-202
ABarpp,65,384,108,11.1,59,-74
ABarpp,66,389,107,11.1,59,-629
ABarpp,67,383,106,10.2,63,-159
ABarpp,68,381,107,10.2,63,-510
ABarpp,69,378,106,10.2,63,-538
ABarpp,70,382,101,10.4,62,-329
ABarpp,71,379,101,10.2,62,187
ABarpp,72,388,98,10.1,65,-768
ABarpp,73,379,100,10.0,65,-148
ABarpp,74,379,104,10.0,64,-10
ABarpp,75,383,111,9.3,64,-71
ABarpp,76,383,111,9.3,65,-500
ABarpp,77,379,109,9.2,64,-365
ABarpp,78,362,115,9.1,52,-957
ABarpp,79,353,106,9.3,52,-634
ABarppa,80,315,101,9.7,49,609
ABarppa,81,312,103,9.7,49,-617
ABarppa,82,309,101,8.9,49,96
ABarppa,83,303,97,8.9,49,94
ABarppa,84,296,101,8.9,50,-279
ABarppa,85,286,108,9.0,51,143
ABarppa,86,292,104,9.0,52,-782
ABarppa,87,295,103,8.9,53,-164
ABarppa,88,284,112,8.9,54,315
ABarppa,89,289,110,8.8,54,121
ABarppa,90,286,112,8.8,54,-205
ABarppa,91,289,122,8.7,54,-561
ABarppa,92,283,128,8.8,54,-469
ABarppa,93,286,124,8.8,54,304
ABarppa,94,287,129,8.8,54,616
ABarppa,95,296,124,8.8,54,-237
ABarppa,96,301,122,8.8,54,-34
ABarppa,97,307,123,8.3,55,-165
ABarppa,98,306,119,8.2,53,-125
ABarppa,99,305,114,8.9,53,486
ABarppa,100,303,113,9.8,54,-265
ABarppa,101,303,116,9.2,54,-460
ABarppa,102,301,126,9.1,53,-350
ABarppa,103,303,129,8.1,39,492
ABarppa,104,300,120,8.0,48,-474
ABarppaa,105,288,112,8.0,34,-240
ABarppaa,106,286,110,7.3,40,291
ABarppaa,107,287,111,7.1,44,1816
ABarppaa,108,281,113,7.8,44,280
ABarppaa,109,280,106,8.1,44,615
ABarppaa,110,274,115,7.9,44,148
ABarppaa,111,273,121,7.1,44,1703
ABarppaa,112,281,123,7.1,44,328
ABarppaa,113,271,119,7.8,44,332
ABarppaa,114,282,121,7.1,44,1419
ABarppaa,115,277,124,7.2,44,1242
ABarppaa,116,289,130,7.0,44,1403
ABarppaa,117,285,135,7.0,44,1567
ABarppaa,118,292,139,6.9,44,2128
ABarppaa,119,292,146,6.2,44,1301
ABarppaa,120,293,154,6.9,44,1128
ABarppaa,121,287,163,6.2,46,2216
ABarppaa,122,291,171,6.9,44,2695
ABarppaa,123,299,182,6.9,44,1034
ABarppaa,124,303,186,6.9,44,2700
ABarppaa,125,313,186,6.9,44,1428
ABarppaa,126,317,192,6.9,44,2254
ABarppaa,127,314,204,7.1,44,2486
ABarppaa,128,314,210,7.9,44,1865
ABarppaa,129,321,216,8.0,44,3370
ABarppaa,130,324,225,8.1,43,1941
ABarppaa,131,329,243,8.1,43,3601
ABarppaa,132,334,255,8.1,44,2667
ABarppaa,133,334,266,8.1,42,2725
ABarppaa,134,337,272,8.9,39,3054
ABarppaa,135,336,274,8.1,42,2902
ABarppaa,136,327,271,8.3,41,4361
ABarppaa,137,330,271,8.9,38,3975
ABarppaa,138,336,268,8.0,29,4905
ABarppaaa,139,318,266,7.4,29,5179
ABarppaaa,140,315,267,7.4,35,5166
ABarppaaa,141,319,265,7.7,37,2699
ABarppaaa,142,314,262,7.1,37,5143
ABarppaaa,143,311,261,7.1,37,3060
ABarppaaa,144,314,262,6.8,37,4390
ABarppaaa,145,314,254,6.8,37,4439
ABarppaaa,146,318,256,6.2,37,3618
ABarppaaa,147,318,256,6.0,37,4537
ABarppaaa,148,318,258,6.1,37,5164
ABarppaaa,149,319,252,6.7,37,2440
ABarppaaa,150,321,254,6.8,37,5357
ABarppaaa,151,325,257,6.0,37,4821
ABarppaaa,152,323,256,6.1,39,6410
ABarppaaa,153,329,247,6.8,37,3509
ABarppaaa,154,331,247,6.0,37,6582
ABarppaaa,155,331,246,6.0,37,4965
ABarppaaa,156,337,248,6.0,37,8197
ABarppaaa,157,339,251,6.2,37,8418
ABarppaaa,158,337,254,6.0,37,6430
ABarppaaa,159,342,255,6.1,37,6179
ABarppaaa,160,349,252,6.0,37,7355
ABarppaaa,161,353,256,6.1,37,7799
ABarppaaa,162,355,251,6.1,39,8209
ABarppaaa,163,358,253,6.1,37,8916
ABarppaaa,164,365,251,6.1,37,7153
ABarppaaa,165,370,249,6.0,37,9739
ABarppaaa,166,363,248,6.1,37,9605
ABarppaaa,167,365,244,5.9,37,7666
ABarppaaa,168,369,246,6.0,36,9887
ABarppaaa,169,368,248,6.0,36,9203
ABarppaaa,170,370,260,6.0,35,8000
ABarppaaa,171,378,259,6.0,35,9456
ABarppaaa,172,389,261,6.0,34,8277
ABarppaaa,173,389,261,6.0,34,9914
ABarppaaa,174,381,255,6.0,34,12040
ABarppaaa,175,378,257,6.1,35,9346
ABarppaaa,176,378,260,6.2,33,9519
ABarppaaa,177,373,263,6.1,33,11321
ABarppaaa,178,373,263,6.1,35,10150
ABarppaaa,179,373,263,6.1,35,10038
ABarppaaa,180,369,258,6.0,29,9039
ABarppaaa,181,370,258,6.1,35,12278
ABarppaaa,182,370,263,6.2,33,12215
ABarppaaa,183,363,262,6.7,31,16874
ABarppaaa,184,371,270,6.1,29,15036
ABarppaaaa,185,358,265,5.9,27,11891
ABarppaaaa,186,348,264,5.8,27,15725
ABarppaaaa,187,347,261,5.8,27,13441
ABarppaaaa,188,347,261,5.8,27,8434
ABarppaaaa,189,354,249,5.8,27,13185
ABarppaaaa,190,350,246,5.8,27,10140
ABarppaaaa,191,348,245,5.8,27,11709
ABarppaaaa,192,352,241,5.8,27,15764
ABarppaaaa,193,352,241,5.8,27,9449
ABarppaaaa,194,351,242,5.7,31,9087
ABarppaaaa,195,349,242,5.9,27,17041
ABarppaaaa,196,349,243,5.9,28,3017
ABarppaaaa,197,348,245,5.9,29,5594
ABarppaaaa,198,348,246,6.0,31,6223
ABarppaaaa,199,347,248,6.0,32,9427
ABarppaaaa,200,346,250,6.0,34,13684
ABarppaaaa,201,346,250,6.0,34,9144
ABarppaaaa,202,345,250,6.0,33,9710
ABarppaaaa,203,345,250,6.0,32,10058
ABarppaaaa,204,344,250,6.0,31,9425
ABarppaaaa,205,343,250,6.0,30,8330
ABarppaaap,185,380,271,6.8,31,9954
ABarppaaap,186,390,279,6.2,27,12677
ABarppaaap,187,393,283,6.7,31,8798
ABarppaaap,188,398,281,6.0,29,9919
ABarppaaap,189,397,277,6.0,27,9298
ABarppaaap,190,393,276,6.0,27,8406
ABarppaaap,191,389,275,6.0,28,4222
ABarppaaap,192,385,274,6.0,29,7944
ABarppaaap,193,381,273,6.0,29,10069
ABarppaaap,194,377,272,6.0,30,8756
ABarppaaap,195,373,271,6.0,31,9692
ABarppaaap,196,375,271,6.0,31,8201
ABarppaaap,197,377,271,6.0,31,5340
ABarppaaap,198,379,271,6.0,31,8222
ABarppaaap,199,381,271,6.0,31,6878
ABarppaaap,200,383,271,6.0,31,8151
ABarppaaap,201,386,270,6.0,31,8402
ABarppaaap,202,385,269,6.0,31,9123
ABarppaaap,203,384,268,6.0,31,5172
ABarppaaap,204,383,267,6.0,31,8001
ABarppaaap,205,382,266,6.0,31,8663
ABarppaap,139,351,272,7.3,29,5414
ABarppaap,140,363,273,7.0,33,3963
ABarppaap,141,369,277,6.8,37,4680
ABarppaap,142,369,281,6.3,37,6749
ABarppaap,143,374,275,6.1,37,3702
ABarppaap,144,377,277,6.0,37,4620
ABarppaap,145,376,279,5.9,37,3563
ABarppaap,146,378,280,5.8,37,3416
ABarppaap,147,381,282,6.0,29,4457
ABarppaap,148,382,279,5.2,29,7449
ABarppaap,149,381,274,5.5,39,7291
ABarppaap,150,384,268,6.0,37,4985
ABarppaap,151,390,265,5.3,29,2619
ABarppaap,152,391,264,6.1,37,5194
ABarppaap,153,388,259,6.1,37,5480
ABarppaap,154,395,257,6.0,37,6649
ABarppaap,155,396,255,6.0,37,6591
ABarppaap,156,400,262,6.1,39,7148
ABarppaap,157,399,263,5.5,39,7167
ABarppaap,158,394,266,6.1,37,5025
ABarppaap,159,398,265,6.8,37,4712
ABarppaap,160,404,266,6.8,37,6579
ABarppaap,161,405,274,6.9,37,7709
ABarppaap,162,406,275,6.7,37,6890
ABarppaap,163,408,275,6.9,37,5457
ABarppaap,164,405,278,6.2,39,7764
ABarppaap,165,407,278,6.2,39,10059
ABarppaap,166,407,269,7.0,29,6943
ABarppaap,167,408,265,6.9,37,7093
ABarppaap,168,415,262,6.2,38,7398
ABarppaap,169,424,259,6.0,36,10340
ABarppaap,170,423,254,6.1,37,7125
ABarppaap,171,426,259,6.2,37,10108
ABarppaap,172,433,257,6.2,36,8647
ABarppaap,173,432,255,6.2,35,11378
ABarppaap,174,431,249,7.0,36,8466
ABarppaap,175,427,252,6.2,33,9987
ABarppaap,176,427,257,6.1,35,9206
ABarppaap,177,423,270,6.1,35,11859
ABarppaap,178,423,276,7.0,35,11468
ABarppaap,179,421,273,6.3,33,15071
ABarppaap,180,419,277,6.4,33,15383
ABarppaap,181,418,273,7.0,29,12783
ABarppaap,182,422,280,6.5,33,18258
ABarppaapa,183,406,280,6.8,31,14221
ABarppaapa,184,411,282,6.8,31,9442
ABarppaapa,185,420,285,6.8,31,9659
ABarppaapa,186,427,291,6.0,27,11502
ABarppaapa,187,426,301,6.0,27,9033
ABarppaapa,188,432,293,6.0,31,8212
ABarppaapa,189,432,291,6.0,27,11105
ABarppaapa,190,431,296,6.0,27,7906
ABarppaapa,191,432,297,6.0,27,5759
ABarppaapa,192,431,290,6.0,27,6034
ABarppaapa,193,428,292,5.9,27,9354
ABarppaapa,194,426,287,6.0,27,9183
ABarppaapa,195,427,286,6.0,27,7845
ABarppaapa,196,428,284,6.0,28,7486
ABarppaapa,197,429,283,6.0,29,11822
ABarppaapa,198,430,281,6.0,30,10557
ABarppaapa,199,432,279,6.0,31,9334
ABarppaapa,200,431,278,6.0,31,11234
ABarppaapa,201,430,276,6.0,31,11106
ABarppaapa,202,428,274,6.0,31,8364
ABarppaapa,203,427,272,6.0,31,9171
ABarppaapa,204,425,270,6.0,31,10575
ABarppaapa,205,426,274,6.0,31,12661
ABarppaapp,183,451,293,6.5,29,13460
ABarppaapp,184,460,297,6.9,27,14921
ABarppaapp,185,468,301,6.8,31,10542
ABarppaapp,186,472,304,6.7,31,11211
ABarppaapp,187,469,309,6.8,31,11028
ABarppaapp,188,469,309,6.0,27,12856
ABarppaapp,189,462,309,6.0,31,12036
ABarppaapp,190,462,312,6.0,27,12094
ABarppaapp,191,461,315,6.0,27,11379
ABarppaapp,192,464,312,5.9,31,13883
ABarppaapp,193,461,318,6.7,31,10392
ABarppaapp,194,459,315,6.0,27,10945
ABarppaapp,195,461,316,6.8,31,13270
ABarppaapp,196,462,310,7.1,31,13430
ABarppaapp,197,467,304,7.2,29,12052
ABarppaapp,198,462,306,7.9,31,12919
ABarppaapp,199,462,303,8.0,31,11685
ABarppaapp,200,465,303,8.0,31,13363
ABarppaapp,201,462,305,7.9,27,15346
ABarppaapp,202,468,299,7.0,30,18311
ABarppaapp,203,462,298,7.0,30,16541
ABarppaapp,204,463,302,6.9,30,15131
ABarppaapp,205,462,310,7.0,30,15077
ABarppap,105,327,133,7.2,34,1797
ABarppap,106,325,129,6.2,36,987
ABarppap,107,323,126,6.8,44,130
ABarppap,108,327,124,6.9,44,917
ABarppap,109,330,131,6.9,44,391
ABarppap,110,330,141,6.8,44,875
ABarppap,111,339,146,6.8,44,1373
ABarppap,112,347,147,7.0,44,1559
ABarppap,113,348,149,7.0,44,700
ABarppap,114,349,145,7.0,44,1214
ABarppap,115,350,154,7.0,44,482
ABarppap,116,353,151,7.1,44,831
ABarppap,117,349,151,7.2,44,1072
ABarppap,118,349,161,7.0,44,1667
ABarppap,119,345,170,7.2,44,1378
ABarppap,120,349,177,8.0,44,302
ABarppap,121,353,191,8.9,44,606
ABarppap,122,353,200,9.0,44,2538
ABarppap,123,350,212,9.9,44,1846
ABarppap,124,351,213,9.1,44,1951
ABarppap,125,359,220,9.1,44,2894
ABarppap,126,360,224,9.0,44,2006
ABarppap,127,360,228,9.1,44,3430
ABarppap,128,363,224,9.1,44,2610
ABarppap,129,374,230,9.0,44,2833
ABarppap,130,382,223,9.1,45,1969
ABarppap,131,387,232,9.0,45,3250
ABarppap,132,381,231,9.2,44,2562
ABarppap,133,386,236,9.1,42,3263
ABarppap,134,398,239,9.8,39,1814
ABarppap,135,398,246,10.1,42,3871
ABarppap,136,400,247,10.2,41,4005
ABarppap,137,402,250,10.0,42,4185
ABarppap,138,403,253,10.1,41,3303
ABarppap,139,401,252,10.1,35,5318
ABarppap,140,414,258,10.2,41,5126
ABarppapa,141,394,253,9.5,35,3472
ABarppapa,142,393,256,10.0,37,3444
ABarppapa,143,396,261,9.9,37,2791
ABarppapa,144,401,258,9.4,39,3467
ABarppapa,145,403,263,9.4,39,1956
ABarppapa,146,404,269,9.2,37,4608
ABarppapa,147,406,265,9.1,37,2646
ABarppapa,148,412,271,9.2,39,3970
ABarppapa,149,412,273,9.0,37,5000
ABarppapa,150,414,273,8.3,39,5185
ABarppapa,151,421,271,9.0,37,4011
ABarppapa,152,423,271,8.3,39,4200
ABarppapa,153,427,270,8.1,39,4217
ABarppapa,154,433,270,7.5,39,6122
ABarppapa,155,435,271,8.0,37,6618
ABarppapa,156,440,277,8.1,39,4913
ABarppapa,157,444,286,7.3,39,4669
ABarppapa,158,434,294,7.2,39,5548
ABarppapa,159,442,294,7.3,39,5560
ABarppapa,160,444,296,7.5,39,4784
ABarppapa,161,445,299,8.0,41,7355
ABarppapa,162,445,300,8.0,37,7172
ABarppapa,163,448,297,8.1,39,6748
ABarppapa,164,449,298,7.4,39,9088
ABarppapa,165,447,299,7.2,39,7024
ABarppapa,166,446,298,7.0,41,7704
ABarppapa,167,449,301,7.1,41,5992
ABarppapa,168,450,299,7.1,38,5977
ABarppapa,169,462,295,7.0,38,7842
ABarppapa,170,465,294,7.0,39,7437
ABarppapa,171,461,304,7.0,39,6587
ABarppapa,172,459,301,6.3,29,8760
ABarppapa,173,454,306,6.3,35,8105
ABarppapa,174,452,303,6.1,34,9635
ABarppapa,175,453,306,6.2,33,8219
ABarppapa,176,450,308,7.0,29,7132
ABarppapa,177,451,316,7.0,35,9232
ABarppapa,178,454,320,7.0,35,8721
ABarppapa,179,452,322,6.3,33,10332
ABarppapa,180,455,322,7.1,35,9980
ABarppapa,181,450,323,6.2,33,8582
ABarppapa,182,449,328,7.1,35,10080
ABarppapa,183,448,335,8.1,35,10993
ABarppapa,184,444,338,7.2,35,14874
ABarppapa,185,444,338,8.1,35,11378
ABarppapa,186,449,344,8.1,35,11925
ABarppapa,187,448,346,8.3,35,13157
ABarppapa,188,439,345,8.9,31,13769
ABarppapa,189,436,344,8.7,31,19690
ABarppapaa,190,411,348,7.3,29,10909
ABarppapaa,191,414,346,7.0,29,10327
ABarppapaa,192,421,346,6.9,31,12964
ABarppapaa,193,418,347,6.9,31,11635
ABarppapaa,194,412,339,7.8,31,8777
ABarppapaa,195,414,337,8.1,31,12749
ABarppapaa,196,409,334,8.8,31,9254
ABarppapaa,197,412,336,7.9,31,8649
ABarppapaa,198,407,339,8.1,31,11054
ABarppapaa,199,411,340,7.9,31,12199
ABarppapaa,200,417,338,8.0,31,10709
ABarppapaa,201,418,339,7.9,31,10729
ABarppapaa,202,418,336,7.8,30,12618
ABarppapaa,203,412,337,7.9,30,11297
ABarppapaa,204,414,342,7.9,27,11829
ABarppapaa,205,414,342,7.9,27,10071
ABarppapap,190,460,342,9.0,31,10257
ABarppapap,191,467,345,9.0,31,10970
ABarppapap,192,471,341,9.0,33,10905
ABarppapap,193,470,339,9.2,35,9869
ABarppapap,194,471,339,9.1,33,12375
ABarppapap,195,466,339,9.3,33,9179
ABarppapap,196,466,336,9.1,31,12532
ABarppapap,197,470,338,9.1,31,11058
ABarppapap,198,466,339,9.9,31,8670
ABarppapap,199,465,337,10.0,31,11350
ABarppapap,200,466,334,9.9,31,13894
ABarppapap,201,467,337,9.9,31,10594
ABarppapap,202,462,335,9.0,30,13573
ABarppapap,203,456,334,8.2,30,9978
ABarppapap,204,456,338,8.1,30,11814
ABarppapap,205,454,345,8.1,30,10954
ABarppapp,141,445,255,10.2,29,7901
ABarppapp,142,450,254,10.2,37,1892
ABarppapp,143,454,256,10.1,37,3657
ABarppapp,144,460,252,10.9,37,3624
ABarppapp,145,469,256,10.4,39,3251
ABarppapp,146,473,260,10.3,39,3010
ABarppapp,147,477,263,10.9,37,4291
ABarppapp,148,478,260,11.0,37,4734
ABarppapp,149,478,259,10.3,39,4562
ABarppapp,150,477,262,10.4,39,3309
ABarppapp,151,482,262,10.8,37,5911
ABarppapp,152,476,265,10.8,37,4294
ABarppapp,153,482,267,10.3,39,3144
ABarppapp,154,483,269,10.3,41,3383
ABarppapp,155,487,272,10.2,39,5752
ABarppapp,156,492,275,10.2,41,5832
ABarppapp,157,495,278,9.4,41,6022
ABarppapp,158,494,278,9.4,41,5968
ABarppapp,159,499,281,10.0,37,6605
ABarppapp,160,505,284,10.0,37,5821
ABarppapp,161,499,284,10.1,39,6631
ABarppapp,162,499,286,9.9,37,5963
ABarppapp,163,505,286,9.3,39,7290
ABarppapp,164,505,292,8.4,39,8474
ABarppapp,165,505,291,8.3,39,7790
ABarppapp,166,506,286,9.1,39,6607
ABarppapp,167,507,282,9.0,41,6727
ABarppapp,168,513,281,9.1,38,6901
ABarppapp,169,523,278,9.3,38,8182
ABarppapp,170,521,280,9.2,39,6409
ABarppapp,171,517,279,8.3,37,7524
ABarppapp,172,516,285,8.3,38,8237
ABarppapp,173,509,292,8.1,37,7903
ABarppapp,174,507,289,7.1,36,6109
ABarppapp,175,507,291,7.2,35,9549
ABarppapp,176,508,292,7.2,35,10714
ABarppapp,177,502,294,7.2,35,9129
ABarppapp,178,500,292,7.2,35,10548
ABarppapp,179,501,291,7.3,35,8577
ABarppapp,180,496,297,6.2,29,8847
ABarppapp,181,499,301,7.0,35,13104
ABarppapp,182,503,305,7.3,35,12816
ABarppapp,183,504,309,7.3,35,11572
ABarppapp,184,502,311,7.1,35,14113
ABarppapp,185,506,315,8.2,35,12408
ABarppapp,186,511,318,8.2,35,15486
ABarppapp,187,505,321,8.8,31,17532
ABarppapp,188,506,323,9.0,31,17464
ABarppappa,189,494,321,7.1,31,12866
ABarppappa,190,498,321,6.9,31,12184
ABarppappa,191,497,320,7.1,31,11324
ABarppappa,192,502,317,7.0,33,12079
ABarppappa,193,503,314,7.1,31,10327
ABarppappa,194,495,317,7.8,31,11544
ABarppappa,195,494,314,7.9,31,10626
ABarppappa,196,498,310,7.8,31,8636
ABarppappa,197,498,309,8.1,31,9133
ABarppappa,198,498,309,8.0,31,10445
ABarppappa,199,496,307,8.0,31,11114
ABarppappa,200,503,306,8.0,31,10908
ABarppappa,201,501,306,8.0,31,11412
ABarppappa,202,502,302,8.0,30,14907
ABarppappa,203,502,302,8.0,30,12627
ABarppappa,204,505,302,7.9,27,10566
ABarppappa,205,503,310,7.9,27,12746
ABarppappp,189,530,315,10.0,31,11754
ABarppappp,190,538,312,10.8,31,8842
ABarppappp,191,538,308,10.5,33,8852
ABarppappp,192,543,312,11.1,35,7718
ABarppappp,193,541,306,12.0,31,9569
ABarppappp,194,542,308,11.3,33,8082
ABarppappp,195,539,307,12.1,35,8789
ABarppappp,196,543,308,12.3,33,10452
ABarppappp,197,548,308,13.0,35,8054
ABarppappp,198,555,312,12.4,33,13759
ABarppappp,199,554,307,12.3,33,9905
ABarppappp,200,557,305,12.4,33,11101
ABarppappp,201,561,303,12.4,29,10837
ABarppappp,202,559,307,12.1,32,11790
ABarppappp,203,553,302,12.8,30,9483
ABarppappp,204,549,299,12.2,32,11171
ABarppappp,205,552,303,13.0,32,12454
ABarppp,80,366,103,10.9,49,-255
ABarppp,81,368,101,11.0,49,-251
ABarppp,82,366,90,10.9,49,-1084
ABarppp,83,370,88,11.1,49,-283
ABarppp,84,381,82,11.1,50,-307
ABarppp,85,374,83,11.2,51,-44
ABarppp,86,378,87,10.7,52,-180
ABarppp,87,376,87,10.9,53,699
ABarppp,88,376,86,10.8,54,-541
ABarppp,89,377,95,11.1,54,-22
ABarppp,90,370,88,10.8,54,-444
ABarppp,91,369,98,11.0,54,-386
ABarppp,92,366,106,11.1,54,-341
ABarppp,93,371,106,11.9,54,382
ABarppp,94,369,111,12.0,54,427
ABarppp,95,368,112,12.9,54,306
ABarppp,96,375,122,12.8,54,91
ABarppp,97,383,126,12.9,53,413
ABarppp,98,379,126,12.0,53,-56
ABarppp,99,387,132,12.2,53,67
ABarppp,100,385,140,12.2,54,329
ABarppp,101,385,151,12.9,54,209
ABarppp,102,386,157,12.8,53,-117
ABarppp,103,381,154,13.0,51,59
ABarppp,104,384,150,12.9,48,-331
ABarpppa,105,367,140,13.9,46,637
ABarpppa,106,361,142,13.3,42,1484
ABarpppa,107,363,145,13.9,44,387
ABarpppa,108,365,136,14.1,44,252
ABarpppa,109,358,132,14.0,44,470
ABarpppa,110,356,131,14.0,44,-274
ABarpppa,111,353,130,13.1,44,1156
ABarpppa,112,355,130,12.9,44,678
ABarpppa,113,354,128,13.0,44,396
ABarpppa,114,355,124,12.9,44,1762
ABarpppa,115,355,127,12.1,46,-628
ABarpppa,116,356,126,12.1,44,1370
ABarpppa,117,358,124,11.7,44,1825
ABarpppa,118,357,120,11.1,44,1903
ABarpppa,119,355,124,11.0,44,2420
ABarpppa,120,356,131,10.8,44,1028
ABarpppa,121,354,134,10.1,44,936
ABarpppa,122,350,140,10.1,44,2287
ABarpppa,123,349,142,9.9,44,1502
ABarpppa,124,350,138,9.8,44,3211
ABarpppa,125,354,144,9.0,44,3884
ABarpppa,126,358,149,8.9,44,2433
ABarpppa,127,356,153,8.2,44,2888
ABarpppa,128,354,154,8.0,44,2540
ABarpppa,129,358,159,7.9,44,4684
ABarpppa,130,360,158,7.2,45,3206
ABarpppa,131,361,168,7.1,43,3783
ABarpppa,132,357,169,7.9,42,4204
ABarpppa,133,355,180,8.1,42,4346
ABarpppa,134,360,184,7.4,41,7159
ABarpppa,135,361,190,8.0,38,4904
ABarpppa,136,355,190,7.2,31,6798
ABarpppa,137,354,190,7.2,28,6845
ABarpppaa,138,337,189,7.1,29,8603
ABarpppaa,139,335,192,6.2,29,5810
ABarpppaa,140,334,195,6.9,37,4085
ABarpppaa,141,338,189,6.8,37,4927
ABarpppaa,142,335,186,6.1,37,6710
ABarpppaa,143,335,183,6.7,37,5044
ABarpppaa,144,341,179,6.8,37,4634
ABarpppaa,145,342,173,6.8,37,6460
ABarpppaa,146,339,176,6.1,37,6480
ABarpppaa,147,336,170,6.1,37,8175
ABarpppaa,148,337,170,6.1,37,5775
ABarpppaa,149,341,170,6.2,39,7444
ABarpppaa,150,343,165,6.9,37,6707
ABarpppaa,151,342,160,6.2,37,9225
ABarpppaa,152,339,155,6.9,37,10354
ABarpppaa,153,339,153,7.1,37,9384
ABarpppaa,154,338,150,7.8,37,7734
ABarpppaa,155,336,150,7.9,37,10208
ABarpppaa,156,334,155,7.8,37,8382
ABarpppaa,157,336,159,7.8,37,8767
ABarpppaa,158,337,161,7.5,39,9439
ABarpppaa,159,338,158,7.8,37,12562
ABarpppaa,160,336,160,7.2,37,13337
ABarpppaa,161,330,159,6.9,37,12051
ABarpppaa,162,329,165,6.8,37,10464
ABarpppaa,163,333,160,6.9,37,10681
ABarpppaa,164,333,159,6.9,37,10468
ABarpppaa,165,336,161,6.8,37,11908
ABarpppaa,166,336,157,6.9,37,13924
ABarpppaa,167,334,153,6.3,39,13410
ABarpppaa,168,335,152,6.8,36,11405
ABarpppaa,169,340,153,6.8,36,14174
ABarpppaa,170,346,153,6.9,35,13916
ABarpppaa,171,345,153,6.2,37,14953
ABarpppaa,172,343,161,6.9,34,14260
ABarpppaa,173,342,159,6.2,37,18969
ABarpppaa,174,340,154,6.1,36,19285
ABarpppaa,175,337,141,6.2,35,21643
ABarpppaa,176,337,129,6.2,35,19493
ABarpppaa,177,341,132,6.2,35,21623
ABarpppaa,178,346,126,6.2,35,20204
ABarpppaa,179,340,120,6.3,33,24754
ABarpppaa,180,337,112,7.2,35,20146
ABarpppaa,181,343,115,7.2,35,27914
ABarpppaa,182,344,116,7.1,29,27802
ABarpppaa,183,343,111,7.9,31,31145
ABarpppaaa,184,317,108,7.7,31,20499
ABarpppaaa,185,317,112,6.5,29,26158
ABarpppaaa,186,323,116,5.9,31,27143
ABarpppaaa,187,321,116,5.9,31,23126
ABarpppaaa,188,323,123,5.9,31,26548
ABarpppaaa,189,321,121,5.9,31,24698
ABarpppaaa,190,323,129,5.7,31,23681
ABarpppaaa,191,325,130,5.7,31,26252
ABarpppaaa,192,320,128,5.8,31,26226
ABarpppaaa,193,320,132,5.7,31,26808
ABarpppaaa,194,323,126,5.7,31,27415
ABarpppaaa,195,321,127,5.8,31,26292
ABarpppaaa,196,317,128,5.8,31,26187
ABarpppaaa,197,318,125,5.9,31,25202
ABarpppaaa,198,322,125,5.8,31,30268
ABarpppaaa,199,321,125,5.8,31,35598
ABarpppaaa,200,315,122,5.9,31,30639
ABarpppaaa,201,315,120,5.9,31,32342
ABarpppaaa,202,315,117,6.0,30,32904
ABarpppaaa,203,312,115,6.1,30,33610
ABarpppaaa,204,318,116,6.2,30,38534
ABarpppaaa,205,322,121,6.7,30,28971
ABarpppaap,184,363,115,7.3,29,19089
ABarpppaap,185,362,111,8.1,29,21001
ABarpppaap,186,360,109,8.2,33,14049
ABarpppaap,187,358,113,8.0,35,12780
ABarpppaap,188,359,110,7.3,33,16012
ABarpppaap,189,357,112,7.4,29,13478
ABarpppaap,190,361,117,7.1,35,17549
ABarpppaap,191,363,120,7.0,33,12525
ABarpppaap,192,363,120,7.0,33,12773
ABarpppaap,193,358,119,7.0,35,15123
ABarpppaap,194,360,117,7.0,35,17199
ABarpppaap,195,362,115,7.0,35,14766
ABarpppaap,196,355,119,6.8,31,19282
ABarpppaap,197,354,117,7.1,33,18980
ABarpppaap,198,354,117,7.1,33,17459
ABarpppaap,199,356,118,7.1,33,19555
ABarpppaap,200,354,116,7.1,35,15777
ABarpppaap,201,350,114,7.1,35,20163
ABarpppaap,202,346,113,7.1,34,19092
ABarpppaap,203,344,114,7.9,30,17158
ABarpppaap,204,348,109,7.9,30,12550
ABarpppaap,205,354,115,7.0,27,21590
ABarpppap,138,378,189,6.3,29,4097
ABarpppap,139,383,195,6.3,29,7433
ABarpppap,140,390,204,6.9,37,5946
ABarpppap,141,400,210,6.8,37,6154
ABarpppap,142,398,215,6.3,39,4857
ABarpppap,143,405,214,6.4,39,5806
ABarpppap,144,403,210,6.8,37,6053
ABarpppap,145,406,211,6.8,37,5082
ABarpppap,146,401,208,6.2,39,7074
ABarpppap,147,393,204,6.1,37,6990
ABarpppap,148,391,199,6.2,39,5895
ABarpppap,149,393,193,6.1,37,7372
ABarpppap,150,389,188,6.1,41,6904
ABarpppap,151,385,188,6.3,39,7486
ABarpppap,152,378,184,6.3,39,9353
ABarpppap,153,375,183,7.0,39,8898
ABarpppap,154,372,176,7.1,39,4187
ABarpppap,155,370,170,7.3,39,9852
ABarpppap,156,370,169,7.1,39,7723
ABarpppap,157,370,168,6.3,39,8064
ABarpppap,158,373,168,7.1,39,6732
ABarpppap,159,377,162,7.3,41,8647
ABarpppap,160,375,159,7.0,39,8742
ABarpppap,161,371,151,6.4,39,13276
ABarpppap,162,369,151,7.1,41,10346
ABarpppap,163,372,148,7.1,39,10047
ABarpppap,164,375,145,7.2,41,10397
ABarpppap,165,375,146,7.1,41,11628
ABarpppap,166,376,148,7.2,39,12722
ABarpppap,167,376,153,7.2,39,12382
ABarpppap,168,374,158,7.1,38,13006
ABarpppap,169,378,157,7.1,40,14245
ABarpppap,170,382,154,7.1,39,14510
ABarpppap,171,382,150,6.3,37,15587
ABarpppap,172,385,153,6.3,36,15363
ABarpppap,173,384,150,7.0,37,12504
ABarpppap,174,387,142,6.3,34,15285
ABarpppap,175,384,140,7.0,35,17807
ABarpppap,176,382,136,7.1,35,18363
ABarpppap,177,387,135,7.2,35,16013
ABarpppap,178,387,141,7.2,31,31575
ABarpppap,179,383,143,7.3,29,25914
ABarpppapa,180,368,150,6.3,27,19712
ABarpppapa,181,369,159,6.8,31,19806
ABarpppapa,182,365,157,7.0,31,16599
ABarpppapa,183,368,158,7.7,31,16943
ABarpppapa,184,368,158,7.7,31,4972
ABarpppapa,185,363,156,6.9,31,13995
ABarpppapa,186,364,158,6.2,29,22469
ABarpppapa,187,367,155,6.8,31,13524
ABarpppapa,188,371,154,6.0,31,15449
ABarpppapa,189,373,150,6.0,31,15654
ABarpppapa,190,377,159,6.1,31,14255
ABarpppapa,191,377,163,6.0,31,13891
ABarpppapa,192,375,162,6.8,31,13556
ABarpppapa,193,378,161,6.8,31,12878
ABarpppapa,194,380,163,6.7,31,15007
ABarpppapa,195,379,162,6.1,31,17132
ABarpppapa,196,372,159,5.9,27,19859
ABarpppapa,197,372,159,5.9,27,19829
ABarpppapa,198,372,159,5.9,28,19302
ABarpppapa,199,371,159,5.9,28,16864
ABarpppapa,200,371,158,6.0,29,16756
ABarpppapa,201,370,158,6.0,29,16018
ABarpppapa,202,370,158,6.0,30,20617
ABarpppapa,203,369,157,6.0,31,19464
ABarpppapa,204,371,157,6.0,31,19212
ABarpppapa,205,374,158,6.0,31,20850
ABarpppapp,180,401,146,7.3,27,21960
ABarpppapp,181,409,141,8.8,31,14501
ABarpppapp,182,416,141,10.1,31,15955
ABarpppapp,183,419,146,10.2,33,15287
ABarpppapp,184,420,143,10.1,31,17850
ABarpppapp,185,415,149,9.4,33,18087
ABarpppapp,186,419,149,9.3,33,17259
ABarpppapp,187,422,141,8.9,33,15684
ABarpppapp,188,426,133,8.5,33,19928
ABarpppapp,189,428,123,9.0,33,19867
ABarpppapp,190,428,122,9.0,31,21327
ABarpppapp,191,430,114,9.0,31,22772
ABarpppapp,192,429,113,9.0,31,23392
ABarpppapp,193,431,113,9.7,31,20866
ABarpppapp,194,431,113,9.8,31,21164
ABarpppapp,195,428,115,9.0,31,28360
ABarpppapp,196,429,127,9.1,33,22967
ABarpppapp,197,432,132,9.3,33,22635
ABarpppapp,198,434,130,9.9,31,22043
ABarpppapp,199,430,125,10.0,31,25974
ABarpppapp,200,428,119,9.8,31,25793
ABarpppapp,201,433,116,9.8,31,26373
ABarpppapp,202,428,108,9.8,30,23190
ABarpppapp,203,430,108,10.0,30,29330
ABarpppapp,204,436,113,10.0,30,28804
ABarpppapp,205,439,117,10.0,32,26118
ABarpppp,105,405,161,12.2,38,1674
ABarpppp,106,408,168,12.1,44,1410
ABarpppp,107,417,164,12.1,44,778
ABarpppp,108,427,162,12.1,44,171
ABarpppp,109,437,166,12.1,44,426
ABarpppp,110,437,165,12.1,44,541
ABarpppp,111,433,164,12.0,44,1302
ABarpppp,112,433,161,12.1,44,515
ABarpppp,113,433,153,13.1,44,732
ABarpppp,114,436,146,14.0,44,162
ABarpppp,115,442,145,14.0,44,1183
ABarpppp,116,437,145,13.8,44,-631
ABarpppp,117,435,148,13.8,44,498
ABarpppp,118,433,147,13.9,44,611
ABarpppp,119,429,143,13.9,44,86
ABarpppp,120,426,141,13.1,44,363
ABarpppp,121,423,138,13.2,46,2014
ABarpppp,122,421,140,12.9,44,218
ABarpppp,123,415,139,12.0,46,1946
ABarpppp,124,419,142,12.0,44,2017
ABarpppp,125,423,145,11.3,46,567
ABarpppp,126,416,147,11.9,44,1632
ABarpppp,127,413,152,11.1,44,2705
ABarpppp,128,409,157,10.9,44,2891
ABarpppp,129,408,157,10.8,44,1650
ABarpppp,130,410,157,10.1,43,4609
ABarpppp,131,409,166,10.0,43,3583
ABarpppp,132,404,163,9.2,44,4936
ABarpppp,133,404,160,8.9,40,4790
ABarpppp,134,409,161,8.3,43,3816
ABarpppp,135,409,165,8.4,42,5283
ABarpppp,136,409,167,8.3,41,5463
ABarpppp,137,414,168,8.2,40,4430
ABarpppp,138,409,162,8.9,37,9537
ABarpppp,139,416,158,8.3,41,6199
ABarppppa,140,391,155,8.2,31,5778
ABarppppa,141,391,150,7.9,37,4127
ABarppppa,142,387,149,8.0,37,4178
ABarppppa,143,387,150,7.0,39,3996
ABarppppa,144,388,150,7.2,41,5907
ABarppppa,145,386,151,7.3,39,4650
ABarppppa,146,386,151,7.8,37,8527
ABarppppa,147,385,150,8.0,37,5739
ABarppppa,148,387,151,8.1,37,5091
ABarppppa,149,387,150,8.3,39,6651
ABarppppa,150,391,151,8.9,37,5228
ABarppppa,151,393,156,8.9,37,6831
ABarppppa,152,395,155,8.3,39,7577
ABarppppa,153,400,158,8.1,39,9738
ABarppppa,154,400,154,8.1,41,8649
ABarppppa,155,402,151,8.1,39,7647
ABarppppa,156,403,153,8.0,39,8669
ABarppppa,157,401,149,8.1,39,11110
ABarppppa,158,407,146,7.8,37,8687
ABarppppa,159,414,143,7.3,41,10567
ABarppppa,160,412,143,7.1,37,12258
ABarppppa,161,412,145,7.2,39,10807
ABarppppa,162,411,154,8.1,41,9655
ABarppppa,163,413,148,8.0,39,12671
ABarppppa,164,421,139,7.4,39,15223
ABarppppa,165,422,133,7.3,39,11738
ABarppppa,166,418,131,7.4,39,14551
ABarppppa,167,415,134,8.2,39,13987
ABarppppa,168,407,126,8.1,38,13685
ABarppppa,169,405,120,8.0,40,14582
ABarppppa,170,400,111,8.2,39,16518
ABarppppa,171,392,106,8.1,39,14925
ABarppppa,172,389,112,8.3,38,16779
ABarppppa,173,391,108,8.0,37,15588
ABarppppa,174,393,98,8.1,36,14656
ABarppppa,175,397,95,8.1,35,19868
ABarppppa,176,403,96,8.0,35,19294
ABarppppa,177,411,97,8.0,35,19391
ABarppppa,178,416,98,7.4,35,21872
ABarppppa,179,415,102,8.2,35,19608
ABarppppa,180,406,103,8.2,35,24487
ABarppppa,181,408,104,8.3,35,21920
ABarppppa,182,405,101,9.1,35,21781
ABarppppa,183,407,103,9.2,35,19202
ABarppppa,184,407,98,9.5,35,27088
ABarppppa,185,413,106,9.3,29,26351
ABarppppaa,186,396,101,9.8,31,19922
ABarppppaa,187,382,94,9.8,31,25306
ABarppppaa,188,379,95,9.9,31,21562
ABarppppaa,189,378,93,9.9,31,22721
ABarppppaa,190,382,94,9.1,31,25606
ABarppppaa,191,384,96,8.5,33,21128
ABarppppaa,192,382,96,8.2,33,22675
ABarppppaa,193,380,99,8.4,35,22158
ABarppppaa,194,386,98,8.1,31,24008
ABarppppaa,195,384,99,8.3,35,21484
ABarppppaa,196,387,99,8.2,33,23304
ABarppppaa,197,388,101,8.2,33,19335
ABarppppaa,198,390,98,8.3,33,25168
ABarppppaa,199,392,96,9.0,29,23302
ABarppppaa,200,387,93,8.4,33,25833
ABarppppaa,201,388,97,8.3,33,28334
ABarppppaa,202,386,92,9.1,30,27981
ABarppppaa,203,382,93,9.1,32,24190
ABarppppaa,204,390,89,9.2,32,26590
ABarppppaa,205,396,91,9.1,32,26504
ABarppppap,186,422,105,9.9,31,15027
ABarppppap,187,435,104,10.2,29,23789
ABarppppap,188,440,99,11.0,31,18849
ABarppppap,189,443,98,11.9,31,15689
ABarppppap,190,448,100,11.4,33,18509
ABarppppap,191,445,94,12.1,31,21034
ABarppppap,192,435,93,11.4,33,20562
ABarppppap,193,437,96,11.4,35,18809
ABarppppap,194,430,96,12.1,31,20549
ABarppppap,195,432,99,11.0,31,21430
ABarppppap,196,431,103,11.3,35,17863
ABarppppap,197,432,100,11.3,35,19254
ABarppppap,198,434,99,12.1,35,15585
ABarppppap,199,429,91,12.2,35,20599
ABarppppap,200,423,88,13.0,33,16618
ABarppppap,201,427,89,12.2,35,23135
ABarppppap,202,429,80,13.0,32,20915
ABarppppap,203,424,77,13.0,30,22615
ABarppppap,204,428,82,12.5,34,22302
ABarppppap,205,434,85,13.0,34,20980
ABarppppp,140,437,148,10.1,31,6916
ABarppppp,141,441,141,9.4,35,6173
ABarppppp,142,443,145,9.9,37,5889
ABarppppp,143,451,141,9.8,37,6294
ABarppppp,144,452,138,10.1,37,7013
ABarppppp,145,451,137,10.0,37,7166
ABarppppp,146,449,142,9.9,37,6559
ABarppppp,147,449,142,9.1,39,8804
ABarppppp,148,447,140,8.9,37,6527
ABarppppp,149,449,136,9.1,41,8376
ABarppppp,150,450,134,9.0,37,7557
ABarppppp,151,446,130,8.3,39,7207
ABarppppp,152,441,127,8.2,37,9456
ABarppppp,153,441,130,8.2,37,10567
ABarppppp,154,440,127,8.2,39,9766
ABarppppp,155,446,130,8.2,39,10755
ABarppppp,156,450,132,8.1,41,11406
ABarppppp,157,449,136,8.0,39,9364
ABarppppp,158,458,140,8.1,41,10506
ABarppppp,159,468,137,8.4,41,12311
ABarppppp,160,470,136,8.4,39,10868
ABarppppp,161,469,135,8.5,39,12210
ABarppppp,162,463,136,8.3,41,12168
ABarppppp,163,461,140,9.0,41,15899
ABarppppp,164,464,141,9.1,37,12675
ABarppppp,165,469,134,8.5,39,15957
ABarppppp,166,469,133,9.0,41,14182
ABarppppp,167,466,130,8.3,41,14459
ABarppppp,168,461,123,8.1,40,17691
ABarppppp,169,468,126,8.2,38,12581
ABarppppp,170,459,122,8.3,39,18572
ABarppppp,171,456,126,8.2,39,19456
ABarppppp,172,460,124,8.3,38,17522
ABarppppp,173,460,121,8.2,37,17933
ABarppppp,174,461,117,9.2,36,18550
ABarppppp,175,459,116,9.3,35,24004
ABarppppp,176,460,121,9.3,35,20731
ABarppppp,177,465,126,9.3,35,15563
ABarppppp,178,471,121,9.2,35,20554
ABarppppp,179,478,121,9.2,35,19821
ABarppppp,180,474,121,9.1,35,24093
ABarppppp,181,474,120,10.1,35,22088
ABarppppp,182,473,119,9.2,35,23388
ABarppppp,183,476,128,9.2,35,24412
ABarppppp,184,475,122,9.9,31,21717
ABarppppp,185,469,124,9.1,29,34138
ABarpppppa,186,458,125,8.1,29,24279
ABarpppppa,187,457,120,7.4,27,27272
ABarpppppa,188,465,119,7.8,31,23667
ABarpppppa,189,468,114,8.1,31,24598
ABarpppppa,190,469,111,8.2,33,21754
ABarpppppa,191,469,113,8.8,31,20218
ABarpppppa,192,466,110,9.0,31,21716
ABarpppppa,193,463,110,9.2,35,21832
ABarpppppa,194,463,108,9.2,33,23419
ABarpppppa,195,466,113,9.0,35,19855
ABarpppppa,196,459,121,9.0,35,17560
ABarpppppa,197,461,122,8.3,29,22289
ABarpppppa,198,463,118,9.0,33,21383
ABarpppppa,199,468,119,9.1,35,22800
ABarpppppa,200,471,113,8.3,29,26393
ABarpppppa,201,476,113,8.3,29,26105
ABarpppppa,202,471,107,8.3,32,25357
ABarpppppa,203,476,112,9.2,32,26676
ABarpppppa,204,483,116,9.2,34,24746
ABarpppppa,205,487,120,9.2,32,26215
ABarpppppp,186,487,129,9.7,31,18785
ABarpppppp,187,500,128,10.7,31,22189
ABarpppppp,188,508,131,11.0,31,20568
ABarpppppp,189,508,132,11.7,31,20876
ABarpppppp,190,515,134,12.0,31,16876
ABarpppppp,191,518,130,11.3,35,20023
ABarpppppp,192,516,130,11.3,35,18147
ABarpppppp,193,516,130,11.3,35,17207
ABarpppppp,194,518,127,12.1,33,18296
ABarpppppp,195,518,129,11.9,31,23275
ABarpppppp,196,521,131,11.3,33,19933
ABarpppppp,197,520,127,11.2,35,21889
ABarpppppp,198,524,124,11.1,35,18579
ABarpppppp,199,528,125,11.1,33,24282
ABarpppppp,200,529,125,11.2,35,21973
ABarpppppp,201,530,123,11.2,35,23350
ABarpppppp,202,529,127,11.3,34,24948
ABarpppppp,203,533,129,11.4,32,26639
ABarpppppp,204,533,142,11.4,29,26773
ABarpppppp,205,534,142,11.5,32,22690
ABp,16,276,216,16.2,56,39
ABp,17,301,203,16.5,61,-294
ABp,18,327,190,16.7,66,-230
ABp,19,338,181,17.0,77,-1
ABp,20,346,182,18.2,77,-169
ABp,21,356,157,18.1,76,-123
ABp,22,360,153,15.5,85,-313
ABp,23,359,140,16.1,89,-155
ABp,24,367,139,15.8,85,244
ABp,25,362,141,15.9,74,-581
ABp,26,357,144,15.9,63,-158
ABp,27,352,147,16.0,51,-102
ABpl,28,358,143,13.5,50,195
ABpl,29,365,138,10.9,48,-265
ABpl,30,359,153,10.4,52,-673
ABpl,31,348,155,9.3,68,-268
ABpl,32,338,160,9.0,68,35
ABpl,33,345,178,9.1,62,5
ABpl,34,344,189,9.1,62,-318
ABpl,35,331,221,8.2,62,86
ABpl,36,337,241,8.2,63,-318
ABpl,37,340,259,9.1,65,58
ABpl,38,327,270,9.0,41,-1733
ABpl,39,332,295,9.0,51,-448
ABpla,40,317,285,9.0,50,-1367
ABpla,41,301,274,9.0,49,-148
ABpla,42,286,263,8.9,48,711
ABpla,43,270,252,8.9,46,-722
ABpla,44,248,247,8.1,44,1088
ABpla,45,238,233,8.0,47,-294
ABpla,46,235,219,8.1,48,-407
ABpla,47,254,205,8.1,47,-429
ABpla,48,264,204,8.1,48,-114
ABpla,49,272,203,8.2,48,538
ABpla,50,261,205,9.0,53,-125
ABpla,51,265,209,8.1,53,-319
ABpla,52,255,209,9.0,38,-1152
ABpla,53,250,217,9.0,44,184
ABpla,54,245,226,9.0,51,-408
ABplaa,55,231,233,9.0,43,736
ABplaa,56,233,227,9.5,37,-235
ABplaa,57,235,220,10.0,31,185
ABplaa,58,246,224,9.1,29,810
ABplaa,59,238,221,8.2,44,-1034
ABplaa,60,229,219,8.1,47,-732
ABplaa,61,217,219,8.1,47,245
ABplaa,62,216,217,8.2,50,-68
ABplaa,63,210,214,8.3,52,167
ABplaa,64,206,208,8.2,54,-703
ABplaa,65,206,201,9.0,59,-706
ABplaa,66,217,196,8.4,59,-646
ABplaa,67,217,197,8.3,61,-379
ABplaa,68,211,197,9.8,57,-454
ABplaa,69,205,204,9.1,63,-690
ABplaa,70,203,203,9.2,62,-222
ABplaa,71,202,207,9.1,66,-276
ABplaa,72,202,213,9.3,65,-796
ABplaa,73,201,212,10.0,67,-279
ABplaa,74,195,206,9.3,66,-781
ABplaa,75,204,196,10.7,62,-487
ABplaaa,76,197,186,9.9,40,542
ABplaaa,77,200,182,9.0,38,-1162
ABplaaa,78,197,186,8.4,48,-542
ABplaaa,79,189,186,7.2,50,-179
ABplaaa,80,176,188,7.8,49,-148
ABplaaa,81,182,169,8.1,51,-381
ABplaaa,82,181,171,8.1,53,-609
ABplaaa,83,187,165,8.4,53,-107
ABplaaa,84,181,167,9.0,54,-1327
ABplaaa,85,177,169,9.2,55,-365
ABplaaa,86,181,170,8.9,52,-714
ABplaaa,87,182,174,8.9,53,37
ABplaaa,88,184,175,8.8,54,-297
ABplaaa,89,186,170,8.8,54,-681
ABplaaa,90,189,178,8.1,54,-701
ABplaaa,91,190,182,8.1,54,-491
ABplaaa,92,189,186,8.2,54,-610
ABplaaa,93,189,191,7.9,54,45
ABplaaa,94,183,196,7.9,54,-857
ABplaaa,95,185,200,8.1,54,-524
ABplaaa,96,190,199,8.8,54,-547
ABplaaa,97,190,200,8.9,53,-926
ABplaaa,98,191,202,9.1,53,-508
ABplaaa,99,189,197,8.2,35,-244
ABplaaa,100,180,191,8.5,60,729
ABplaaaa,101,151,191,9.1,34,188
ABplaaaa,102,142,193,10.0,51,-301
ABplaaaa,103,140,197,10.1,49,-776
ABplaaaa,104,138,197,10.3,48,865
ABplaaaa,105,141,207,9.9,46,-621
ABplaaaa,106,144,205,9.8,44,-467
ABplaaaa,107,140,212,9.8,44,39
ABplaaaa,108,140,213,9.9,44,-112
ABplaaaa,109,142,218,9.1,44,-543
ABplaaaa,110,142,216,9.9,44,-819
ABplaaaa,111,143,217,9.2,44,-216
ABplaaaa,112,144,218,9.1,44,101
ABplaaaa,113,143,218,9.2,44,-159
ABplaaaa,114,145,215,9.2,44,46
ABplaaaa,115,144,211,9.1,44,-1017
ABplaaaa,116,151,222,8.2,44,-359
ABplaaaa,117,157,221,8.1,44,352
ABplaaaa,118,163,227,8.1,44,-591
ABplaaaa,119,170,243,7.1,44,260
ABplaaaa,120,172,241,7.2,46,-436
ABplaaaa,121,175,248,7.9,44,-358
ABplaaaa,122,173,250,8.0,44,218
ABplaaaa,123,177,257,7.9,44,125
ABplaaaa,124,181,266,7.2,44,-782
ABplaaaa,125,196,266,7.2,44,439
ABplaaaa,126,199,272,7.9,44,328
ABplaaaa,127,194,270,8.0,44,-1172
ABplaaaa,128,192,276,8.0,44,46
ABplaaaa,129,190,284,7.9,44,20
ABplaaaa,130,194,285,8.1,35,57
ABplaaaaa,131,162,286,8.4,33,387
ABplaaaaa,132,157,302,10.1,40,975
ABplaaaaa,133,162,321,10.8,40,-467
ABplaaaaa,134,161,317,10.2,39,-898
ABplaaaaa,135,161,320,10.8,38,-625
ABplaaaaa,136,152,319,10.0,37,-279
ABplaaaaa,137,153,316,10.1,38,-166
ABplaaaaa,138,154,313,10.0,37,-314
ABplaaaaa,139,153,314,10.2,37,-262
ABplaaaaa,140,160,309,10.1,39,-910
ABplaaaaa,141,162,310,10.1,37,-808
ABplaaaaa,142,165,308,10.1,37,368
ABplaaaaa,143,170,313,10.2,37,-951
ABplaaaaa,144,176,319,10.0,37,-583
ABplaaaaa,145,172,323,10.1,39,-76
ABplaaaaa,146,173,334,10.5,39,212
ABplaaaaa,147,173,336,10.8,37,196
ABplaaaaa,148,177,338,10.0,37,-1133
ABplaaaaa,149,181,337,9.4,39,-226
ABplaaaaa,150,177,336,9.9,37,861
ABplaaaaa,151,176,334,8.9,37,-46
ABplaaaaa,152,181,332,8.3,39,99
ABplaaaaa,153,190,319,7.2,39,262
ABplaaaaa,154,196,317,6.4,39,390
ABplaaaaa,155,197,319,6.3,39,-504
ABplaaaaa,156,199,319,6.3,39,889
ABplaaaaa,157,201,319,6.2,40,917
ABplaaaaa,158,203,319,6.2,40,-273
ABplaaaaa,159,206,318,6.1,41,201
ABplaaaaa,160,206,320,6.2,39,-190
ABplaaaaa,161,217,319,6.2,29,2166
ABplaaaaa,162,216,322,6.2,39,-176
ABplaaaaa,163,211,320,6.2,41,1136
ABplaaaaa,164,214,322,6.2,41,889
ABplaaaaa,165,212,322,6.4,39,52
ABplaaaaa,166,213,325,6.8,37,-491
ABplaaaaa,167,221,323,6.8,37,-60
ABplaaaaa,168,217,317,6.3,40,-943
ABplaaaaa,169,217,320,6.8,36,-1841
ABplaaaaa,170,216,324,6.9,35,-647
ABplaaaaa,171,215,321,6.2,29,-380
ABplaaaaa,172,206,324,6.5,36,370
ABplaaaaaa,173,191,333,6.3,29,-259
ABplaaaaaa,174,194,335,6.2,30,1482
ABplaaaaaa,175,205,334,6.1,31,1004
ABplaaaaaa,176,212,339,6.0,31,-390
ABplaaaaaa,177,207,336,5.9,31,-765
ABplaaaaaa,178,203,316,5.9,31,-1080
ABplaaaaaa,179,194,320,6.2,33,-303
ABplaaaaaa,180,197,324,7.0,31,-629
ABplaaaaaa,181,198,319,6.1,31,-415
ABplaaaaaa,182,196,322,6.2,33,-87
ABplaaaaaa,183,190,322,6.8,31,-183
ABplaaaaaa,184,195,324,6.7,31,207
ABplaaaaaa,185,196,320,6.2,33,-696
ABplaaaaaa,186,193,316,6.1,33,724
ABplaaaaaa,187,192,314,6.2,33,-783
ABplaaaaaa,188,189,312,6.0,33,-354
ABplaaaaaa,189,192,313,5.6,33,-576
ABplaaaaaa,190,193,309,5.9,31,-1180
ABplaaaaaa,191,194,298,5.3,29,180
ABplaaaaaa,192,194,296,5.5,29,1619
ABplaaaaaa,193,194,294,5.6,30,106
ABplaaaaaa,194,194,292,5.8,30,1118
ABplaaaaaa,195,194,290,5.9,31,325
ABplaaaaaa,196,181,302,5.5,33,-416
ABplaaaaaa,197,182,301,5.7,33,307
ABplaaaaaa,198,183,300,5.8,32,-251
ABplaaaaaa,199,185,298,6.0,31,8
ABplaaaaaa,200,192,296,6.0,31,-462
ABplaaaaaa,201,192,290,5.3,29,843
ABplaaaaaa,202,192,290,5.3,29,-46
ABplaaaaaa,203,190,289,5.6,34,3
ABplaaaaaa,204,190,289,5.6,34,-40
ABplaaaaaa,205,198,287,5.8,30,-613
ABplaaaaap,173,228,319,6.7,33,1469
ABplaaaaap,174,237,320,6.7,32,266
ABplaaaaap,175,244,321,6.2,33,1080
ABplaaaaap,176,252,323,6.8,31,875
ABplaaaaap,177,253,321,6.4,33,-1765
ABplaaaaap,178,253,312,6.1,33,416
ABplaaaaap,179,245,315,6.1,35,-1152
ABplaaaaap,180,247,315,6.1,35,336
ABplaaaaap,181,249,311,5.6,35,413
ABplaaaaap,182,249,311,6.0,35,145
ABplaaaaap,183,242,311,6.0,29,628
ABplaaaaap,184,242,311,6.1,35,-266
ABplaaaaap,185,241,309,6.1,35,-734
ABplaaaaap,186,241,311,6.1,35,490
ABplaaaaap,187,236,302,6.0,33,-1119
ABplaaaaap,188,236,297,6.1,35,-689
ABplaaaaap,189,238,296,6.1,35,-2296
ABplaaaaap,190,232,296,6.1,35,62
ABplaaaaap,191,234,291,6.2,35,141
ABplaaaaap,192,230,289,6.2,35,-481
ABplaaaaap,193,233,289,6.3,35,-942
ABplaaaaap,194,233,291,6.2,35,98
ABplaaaaap,195,231,289,6.1,35,-596
ABplaaaaap,196,223,295,6.2,33,198
ABplaaaaap,197,227,293,6.2,33,-56
ABplaaaaap,198,218,287,6.2,33,-314
ABplaaaaap,199,217,286,6.2,33,358
ABplaaaaap,200,224,290,6.3,33,260
ABplaaaaap,201,226,288,6.1,33,239
ABplaaaaap,202,223,287,6.1,34,-496
ABplaaaaap,203,223,285,6.3,32,-89
ABplaaaaap,204,224,287,6.2,32,253
ABplaaaaap,205,226,283,6.4,32,535
ABplaaaap,131,204,295,6.4,33,304
ABplaaaap,132,196,312,7.0,34,712
ABplaaaap,133,195,336,7.7,40,-865
ABplaaaap,134,200,343,7.8,39,184
ABplaaaap,135,199,344,7.2,38,68
ABplaaaap,136,198,347,7.8,37,301
ABplaaaap,137,199,344,7.2,38,59
ABplaaaap,138,197,346,7.2,37,-518
ABplaaaap,139,199,347,7.2,39,-435
ABplaaaap,140,204,345,7.8,37,-176
ABplaaaap,141,205,345,7.2,39,-34
ABplaaaap,142,199,351,8.1,37,498
ABplaaaap,143,202,346,7.9,37,-491
ABplaaaap,144,213,350,8.0,39,-604
ABplaaaap,145,212,345,7.3,39,-498
ABplaaaap,146,214,345,7.8,37,-665
ABplaaaap,147,212,342,7.3,39,-75
ABplaaaap,148,213,341,7.0,37,-47
ABplaaaap,149,211,330,7.0,37,428
ABplaaaap,150,214,330,7.0,37,-239
ABplaaaap,151,217,331,6.9,37,-759
ABplaaaap,152,224,331,6.3,41,-245
ABplaaaap,153,234,319,6.3,39,84
ABplaaaap,154,242,319,6.4,39,-147
ABplaaaap,155,244,316,7.0,39,-354
ABplaaaap,156,249,312,7.1,39,-208
ABplaaaap,157,251,306,7.1,39,421
ABplaaaap,158,251,305,7.2,41,49
ABplaaaap,159,250,297,7.2,39,190
ABplaaaap,160,252,297,7.0,39,49
ABplaaaap,161,254,295,7.2,39,-616
ABplaaaap,162,256,294,7.1,39,-268
ABplaaaap,163,256,292,7.1,37,298
ABplaaaap,164,253,290,7.3,39,266
ABplaaaap,165,248,287,7.3,39,363
ABplaaaap,166,248,290,7.2,39,-72
ABplaaaap,167,253,283,7.8,37,-374
ABplaaaap,168,253,282,7.8,36,-262
ABplaaaap,169,253,280,7.3,38,-1757
ABplaaaap,170,250,277,7.3,39,-403
ABplaaaap,171,254,273,7.9,35,412
ABplaaaap,172,249,276,7.1,30,-1176
ABplaaaapa,173,228,277,8.0,33,-515
ABplaaaapa,174,224,280,8.1,28,-123
ABplaaaapa,175,229,275,8.0,31,-1470
ABplaaaapa,176,238,277,7.3,31,-897
ABplaaaapa,177,247,268,7.5,35,-59
ABplaaaapa,178,253,263,7.2,35,-363
ABplaaaapa,179,250,262,7.3,35,95
ABplaaaapa,180,255,260,7.3,35,-511
ABplaaaapa,181,254,256,7.0,29,703
ABplaaaapa,182,254,256,6.6,33,-923
ABplaaaapa,183,251,259,6.4,33,118
ABplaaaapa,184,253,258,6.2,33,-1112
ABplaaaapa,185,247,255,6.2,33,844
ABplaaaapa,186,246,255,6.1,35,1206
ABplaaaapa,187,243,248,6.0,31,-819
ABplaaaapa,188,243,247,6.1,35,-1261
ABplaaaapa,189,243,247,6.2,35,441
ABplaaaapa,190,242,247,6.3,34,476
ABplaaaapa,191,241,247,6.4,34,-610
ABplaaaapa,192,240,246,6.6,33,884
ABplaaaapa,193,239,246,6.7,33,954
ABplaaaapa,194,238,246,6.8,32,428
ABplaaaapa,195,237,245,6.9,31,-1237
ABplaaaapa,196,228,251,6.2,33,-531
ABplaaaapa,197,228,251,6.2,33,274
ABplaaaapa,198,228,251,6.1,33,-1471
ABplaaaapa,199,230,249,6.1,33,144
ABplaaaapa,200,234,249,6.0,33,99
ABplaaaapa,201,234,249,6.0,33,-725
ABplaaaapa,202,235,247,6.1,29,137
ABplaaaapa,203,235,247,6.1,29,316
ABplaaaapa,204,234,244,6.1,29,351
ABplaaaapa,205,233,241,6.0,34,-846
ABplaaaapp,173,262,269,6.9,33,-322
ABplaaaapp,174,275,270,6.8,32,253
ABplaaaapp,175,282,270,6.8,31,892
ABplaaaapp,176,282,271,6.1,33,51
ABplaaaapp,177,287,274,6.3,35,513
ABplaaaapp,178,292,275,5.6,35,536
ABplaaaapp,179,290,276,5.5,33,295
ABplaaaapp,180,290,276,5.3,29,165
ABplaaaapp,181,287,277,5.4,29,1006
ABplaaaapp,182,288,276,5.4,29,-671
ABplaaaapp,183,289,273,5.5,33,273
ABplaaaapp,184,291,275,5.3,29,833
ABplaaaapp,185,284,273,5.3,29,-946
ABplaaaapp,186,290,274,5.2,29,2677
ABplaaaapp,187,287,266,5.4,29,-689
ABplaaaapp,188,294,258,5.3,29,-161
ABplaaaapp,189,287,258,5.2,29,-562
ABplaaaapp,190,284,259,5.9,31,-32
ABplaaaapp,191,284,259,6.0,29,579
ABplaaaapp,192,280,259,6.1,33,414
ABplaaaapp,193,277,257,6.1,33,-333
ABplaaaapp,194,284,256,6.1,33,-362
ABplaaaapp,195,282,256,5.5,35,546
ABplaaaapp,196,278,262,6.2,33,106
ABplaaaapp,197,278,260,6.2,33,187
ABplaaaapp,198,276,263,6.1,31,-154
ABplaaaapp,199,280,263,6.1,33,-661
ABplaaaapp,200,283,262,5.5,33,229
ABplaaaapp,201,284,260,5.9,29,40
ABplaaaapp,202,289,257,6.1,34,-65
ABplaaaapp,203,284,255,6.0,30,10
ABplaaaapp,204,283,253,5.6,32,746
ABplaaaapp,205,280,249,6.0,32,-1291
ABplaaap,101,196,184,9.7,54,-354
ABplaaap,102,192,188,9.6,53,-248
ABplaaap,103,191,182,8.2,47,-61
ABplaaap,104,190,183,8.9,48,50
ABplaaap,105,198,190,8.1,46,-852
ABplaaap,106,198,190,8.1,44,-211
ABplaaap,107,200,194,8.0,44,-193
ABplaaap,108,202,189,7.2,44,213
ABplaaap,109,203,188,7.2,44,-437
ABplaaap,110,205,196,7.9,44,-394
ABplaaap,111,205,194,7.9,44,228
ABplaaap,112,204,195,8.0,44,506
ABplaaap,113,205,197,8.1,44,-361
ABplaaap,114,202,202,7.9,44,-471
ABplaaap,115,202,198,7.8,44,-243
ABplaaap,116,206,204,7.2,46,-140
ABplaaap,117,213,208,8.0,44,-149
ABplaaap,118,223,214,8.2,46,-348
ABplaaap,119,229,224,8.1,44,-92
ABplaaap,120,233,225,8.1,44,44
ABplaaap,121,237,237,8.1,46,-662
ABplaaap,122,241,238,8.1,44,-98
ABplaaap,123,245,250,8.9,44,668
ABplaaap,124,250,259,8.1,44,-733
ABplaaap,125,259,260,8.1,46,-365
ABplaaap,126,263,266,8.4,46,-769
ABplaaap,127,260,268,9.0,44,-594
ABplaaap,128,259,270,9.1,44,-1358
ABplaaap,129,262,273,9.0,44,-201
ABplaaap,130,260,273,8.1,33,-274
ABplaaap,131,263,287,7.3,47,674
ABplaaapa,132,235,301,7.1,32,-915
ABplaaapa,133,238,321,7.0,36,2440
ABplaaapa,134,242,335,6.8,39,-48
ABplaaapa,135,245,344,6.2,38,401
ABplaaapa,136,239,343,6.0,37,1054
ABplaaapa,137,235,346,6.2,38,114
ABplaaapa,138,238,347,6.9,37,273
ABplaaapa,139,243,352,6.9,37,71
ABplaaapa,140,248,352,6.2,37,-1285
ABplaaapa,141,243,355,6.8,37,117
ABplaaapa,142,242,352,6.1,37,-254
ABplaaapa,143,245,350,6.1,41,384
ABplaaapa,144,254,353,6.1,39,295
ABplaaapa,145,252,350,6.1,39,-77
ABplaaapa,146,255,347,6.2,37,74
ABplaaapa,147,255,350,6.3,39,114
ABplaaapa,148,261,357,6.8,37,1337
ABplaaapa,149,262,349,6.1,37,273
ABplaaapa,150,264,346,6.3,37,-474
ABplaaapa,151,264,339,6.2,37,-1025
ABplaaapa,152,269,331,6.8,37,629
ABplaaapa,153,275,319,6.7,37,325
ABplaaapa,154,284,317,6.2,37,716
ABplaaapa,155,285,307,6.2,37,1496
ABplaaapa,156,290,301,6.2,37,141
ABplaaapa,157,293,300,6.2,37,-196
ABplaaapa,158,293,306,6.2,39,143
ABplaaapa,159,297,309,6.1,39,1260
ABplaaapa,160,300,309,6.1,37,-264
ABplaaapa,161,300,307,6.0,37,-411
ABplaaapa,162,300,308,6.0,37,-1154
ABplaaapa,163,299,301,6.0,37,-691
ABplaaapa,164,300,298,5.9,37,1231
ABplaaapa,165,291,299,5.9,37,-531
ABplaaapa,166,292,299,5.4,39,504
ABplaaapa,167,297,298,5.9,37,-1012
ABplaaapa,168,298,300,6.0,36,-841
ABplaaapa,169,292,299,5.5,38,489
ABplaaapa,170,292,298,5.4,37,584
ABplaaapa,171,293,294,5.5,37,-250
ABplaaapa,172,299,293,6.0,34,-1278
ABplaaapa,173,298,290,6.9,33,747
ABplaaapa,174,306,296,5.6,34,-977
ABplaaapaa,175,295,305,5.4,29,-645
ABplaaapaa,176,294,306,5.6,31,-579
ABplaaapaa,177,291,310,5.2,31,370
ABplaaapaa,178,292,311,5.2,31,446
ABplaaapaa,179,296,313,5.0,31,2268
ABplaaapaa,180,298,319,5.1,31,210
ABplaaapaa,181,299,320,5.1,31,86
ABplaaapaa,182,299,320,5.0,31,1092
ABplaaapaa,183,294,320,5.0,31,241
ABplaaapaa,184,292,321,5.1,31,988
ABplaaapaa,185,289,317,5.1,31,-813
ABplaaapaa,186,287,315,5.3,31,-1201
ABplaaapaa,187,289,307,5.7,31,864
ABplaaapaa,188,290,301,5.6,31,785
ABplaaapaa,189,290,299,5.8,31,-1703
ABplaaapaa,190,285,298,5.4,33,663
ABplaaapaa,191,287,298,5.7,31,-556
ABplaaapaa,192,290,296,5.7,31,-1050
ABplaaapaa,193,288,295,5.7,31,1583
ABplaaapaa,194,283,295,5.8,31,1603
ABplaaapaa,195,280,294,5.7,31,680
ABplaaapaa,196,280,299,5.7,31,10
ABplaaapaa,197,278,297,5.8,31,-1161
ABplaaapaa,198,277,298,5.7,31,105
ABplaaapaa,199,277,296,5.8,31,-602
ABplaaapaa,200,276,298,5.9,31,188
ABplaaapaa,201,282,296,6.2,31,676
ABplaaapaa,202,284,294,6.0,30,-282
ABplaaapaa,203,279,295,6.0,30,-228
ABplaaapaa,204,278,294,5.9,30,1644
ABplaaapaa,205,277,293,5.6,30,-541
ABplaaapap,175,323,277,6.0,31,1137
ABplaaapap,176,321,276,5.3,29,1045
ABplaaapap,177,321,276,5.3,29,1179
ABplaaapap,178,330,287,5.3,29,-461
ABplaaapap,179,332,290,5.5,35,-829
ABplaaapap,180,332,292,5.7,33,-1161
ABplaaapap,181,331,294,5.8,31,-693
ABplaaapap,182,330,296,6.0,29,-126
ABplaaapap,183,324,300,6.0,29,-305
ABplaaapap,184,324,300,6.0,29,-759
ABplaaapap,185,321,297,5.3,29,-547
ABplaaapap,186,322,298,5.3,29,-600
ABplaaapap,187,319,292,5.2,29,196
ABplaaapap,188,319,285,6.0,29,-645
ABplaaapap,189,321,282,5.3,29,1933
ABplaaapap,190,314,281,5.8,31,1336
ABplaaapap,191,317,285,5.5,35,-844
ABplaaapap,192,317,280,6.0,29,-984
ABplaaapap,193,316,284,5.3,33,383
ABplaaapap,194,313,288,5.3,29,71
ABplaaapap,195,313,288,5.2,29,-1808
ABplaaapap,196,312,288,5.2,29,-313
ABplaaapap,197,311,289,5.1,29,953
ABplaaapap,198,310,289,5.1,29,-318
ABplaaapap,199,309,290,5.0,30,-733
ABplaaapap,200,308,295,6.0,29,60
ABplaaapap,201,310,290,5.5,33,1128
ABplaaapap,202,309,298,6.0,29,-1822
ABplaaapap,203,309,295,6.0,29,-868
ABplaaapap,204,304,293,6.1,32,323
ABplaaapap,205,305,301,6.1,32,281
ABplaaapp,132,283,292,7.4,32,102
ABplaaapp,133,288,303,7.4,36,-292
ABplaaapp,134,287,303,8.9,39,574
ABplaaapp,135,289,304,9.0,38,-437
ABplaaapp,136,287,299,7.9,37,-623
ABplaaapp,137,289,301,7.9,38,-758
ABplaaapp,138,292,302,7.2,41,131
ABplaaapp,139,291,310,7.1,41,-491
ABplaaapp,140,300,309,7.1,41,724
ABplaaapp,141,310,309,6.3,41,-594
ABplaaapp,142,309,310,6.3,41,-68
ABplaaapp,143,315,309,6.3,41,72
ABplaaapp,144,319,309,6.3,41,1103
ABplaaapp,145,316,299,7.0,41,-570
ABplaaapp,146,316,303,7.0,41,-237
ABplaaapp,147,322,306,6.3,41,337
ABplaaapp,148,321,306,6.2,41,605
ABplaaapp,149,324,304,6.1,41,463
ABplaaapp,150,325,303,6.2,41,666
ABplaaapp,151,331,308,6.2,41,-622
ABplaaapp,152,330,305,6.2,41,-939
ABplaaapp,153,336,304,6.2,41,1075
ABplaaapp,154,341,302,6.2,41,33
ABplaaapp,155,347,302,6.2,41,-218
ABplaaapp,156,349,302,6.3,41,-83
ABplaaapp,157,355,306,7.0,41,-772
ABplaaapp,158,357,307,6.3,39,-1011
ABplaaapp,159,363,309,6.3,41,63
ABplaaapp,160,367,310,6.2,41,465
ABplaaapp,161,367,311,6.3,41,-41
ABplaaapp,162,362,312,6.2,41,378
ABplaaapp,163,356,311,7.1,39,195
ABplaaapp,164,351,314,7.1,39,379
ABplaaapp,165,344,311,7.0,37,-51
ABplaaapp,166,348,311,7.0,39,642
ABplaaapp,167,349,308,7.1,33,-50
ABplaaapp,168,354,307,7.2,30,-1562
ABplaaappa,169,342,308,7.2,28,-1677
ABplaaappa,170,342,308,6.5,29,25
ABplaaappa,171,344,307,6.2,31,863
ABplaaappa,172,352,303,6.1,34,-90
ABplaaappa,173,350,304,6.1,33,-1318
ABplaaappa,174,354,304,6.0,32,-1318
ABplaaappa,175,354,310,5.3,31,-101
ABplaaappa,176,350,313,5.3,29,-272
ABplaaappa,177,348,316,5.4,31,1595
ABplaaappa,178,348,322,6.0,29,-954
ABplaaappa,179,351,324,5.4,33,-431
ABplaaappa,180,353,324,5.3,33,-886
ABplaaappa,181,353,324,5.5,33,-374
ABplaaappa,182,356,323,6.0,31,1188
ABplaaappa,183,351,324,6.1,35,-619
ABplaaappa,184,353,321,6.3,33,1550
ABplaaappa,185,351,320,6.1,33,107
ABplaaappa,186,348,312,6.4,33,704
ABplaaappa,187,345,306,6.3,33,1460
ABplaaappa,188,349,295,6.3,33,264
ABplaaappa,189,350,294,6.8,31,-1024
ABplaaappa,190,347,292,6.1,33,682
ABplaaappa,191,346,294,6.1,31,-868
ABplaaappa,192,350,294,6.1,33,-378
ABplaaappa,193,347,300,6.1,31,-416
ABplaaappa,194,345,298,6.2,35,694
ABplaaappa,195,342,301,6.1,31,31
ABplaaappa,196,337,305,6.0,31,-755
ABplaaappa,197,337,310,6.0,29,376
ABplaaappa,198,337,312,5.3,29,-598
ABplaaappa,199,336,313,6.0,29,-281
ABplaaappa,200,339,313,6.1,31,77
ABplaaappa,201,339,313,6.1,31,-65
ABplaaappa,202,340,315,5.2,29,-235
ABplaaappa,203,337,317,5.2,29,878
ABplaaappa,204,337,312,5.3,29,382
ABplaaappa,205,338,313,5.3,32,680
ABplaaappp,169,382,301,6.6,30,-973
ABplaaappp,170,392,307,7.1,31,-1098
ABplaaappp,171,397,305,7.1,35,243
ABplaaappp,172,405,308,6.9,34,22
ABplaaappp,173,405,306,6.7,33,532
ABplaaappp,174,405,303,6.3,34,-899
ABplaaappp,175,403,309,6.1,35,161
ABplaaappp,176,401,314,6.2,35,277
ABplaaappp,177,397,320,6.3,33,-626
ABplaaappp,178,398,326,6.2,35,-263
ABplaaappp,179,396,324,6.1,35,-277
ABplaaappp,180,393,329,6.2,35,1184
ABplaaappp,181,394,321,6.1,35,583
ABplaaappp,182,395,327,6.3,35,326
ABplaaappp,183,394,332,6.3,35,-190
ABplaaappp,184,391,335,6.2,35,87
ABplaaappp,185,390,334,6.2,35,142
ABplaaappp,186,383,334,6.3,35,-1577
ABplaaappp,187,379,333,6.4,33,417
ABplaaappp,188,378,328,6.2,35,62
ABplaaappp,189,379,327,6.3,35,136
ABplaaappp,190,376,319,6.3,33,-711
ABplaaappp,191,376,323,6.3,35,-389
ABplaaappp,192,382,322,6.4,33,-982
ABplaaappp,193,378,327,6.1,35,1164
ABplaaappp,194,380,326,6.3,35,-774
ABplaaappp,195,377,325,6.3,35,1114
ABplaaappp,196,371,327,6.2,33,-509
ABplaaappp,197,373,327,6.3,33,-206
ABplaaappp,198,372,324,6.2,33,571
ABplaaappp,199,375,325,6.2,35,-124
ABplaaappp,200,375,321,6.1,35,746
ABplaaappp,201,381,323,5.6,35,-671
ABplaaappp,202,381,323,5.7,35,577
ABplaaappp,203,381,323,5.9,35,2254
ABplaaappp,204,380,322,6.0,34,342
ABplaaappp,205,376,318,5.5,34,-819
ABplaap,76,219,218,9.9,40,-513
ABplaap,77,227,235,9.2,42,-1192
ABplaap,78,232,240,9.3,52,-203
ABplaap,79,231,241,9.0,50,191
ABplaap,80,230,259,9.1,53,-476
ABplaap,81,231,276,9.0,53,280
ABplaap,82,236,275,8.5,53,-297
ABplaap,83,239,273,8.9,49,-298
ABplaap,84,237,274,8.2,50,-604
ABplaap,85,238,279,8.1,55,707
ABplaap,86,233,273,8.0,52,-426
ABplaap,87,235,268,8.1,57,475
ABplaap,88,243,268,8.0,54,-729
ABplaap,89,238,265,8.8,54,139
ABplaap,90,236,269,8.0,54,26
ABplaap,91,229,273,8.2,54,-624
ABplaap,92,229,273,9.1,54,-360
ABplaap,93,233,277,8.9,54,-401
ABplaap,94,235,277,9.0,54,-203
ABplaap,95,233,276,9.2,54,-634
ABplaap,96,236,275,9.0,54,-656
ABplaap,97,240,279,9.1,53,-722
ABplaap,98,232,276,9.0,43,-211
ABplaap,99,224,276,9.1,43,-371
ABplaapa,100,199,269,8.1,36,690
ABplaapa,101,194,265,7.2,40,-996
ABplaapa,102,186,263,7.6,51,-265
ABplaapa,103,188,258,6.1,43,-300
ABplaapa,104,188,257,6.0,36,724
ABplaapa,105,198,262,6.0,46,-209
ABplaapa,106,203,266,6.1,44,411
ABplaapa,107,197,263,6.1,46,-945
ABplaapa,108,197,267,6.1,46,-81
ABplaapa,109,197,264,6.8,44,100
ABplaapa,110,191,280,6.9,44,5
ABplaapa,111,198,279,7.0,44,-436
ABplaapa,112,197,278,7.0,44,149
ABplaapa,113,201,280,7.0,44,-178
ABplaapa,114,197,277,7.0,44,752
ABplaapa,115,195,274,6.9,44,15
ABplaapa,116,204,285,6.3,46,-238
ABplaapa,117,209,289,6.4,46,-66
ABplaapa,118,215,297,6.9,44,-375
ABplaapa,119,214,301,7.0,46,-782
ABplaapa,120,223,299,6.9,44,669
ABplaapa,121,233,315,6.3,46,280
ABplaapa,122,235,321,7.0,46,-632
ABplaapa,123,238,330,6.3,46,-467
ABplaapa,124,242,334,7.0,44,-129
ABplaapa,125,244,335,7.1,44,-617
ABplaapa,126,246,342,7.3,46,-79
ABplaapa,127,245,342,8.0,44,248
ABplaapa,128,247,342,8.0,44,-482
ABplaapa,129,246,344,8.1,38,-452
ABplaapa,130,239,348,9.0,37,612
ABplaapaa,131,209,353,10.0,35,-264
ABplaapaa,132,206,365,10.4,36,-20
ABplaapaa,133,205,375,11.8,40,348
ABplaapaa,134,196,376,12.8,39,696
ABplaapaa,135,187,374,13.2,38,-138
ABplaapaa,136,185,374,13.1,37,-195
ABplaapaa,137,186,371,13.3,38,564
ABplaapaa,138,185,368,12.5,39,1476
ABplaapaa,139,188,365,12.9,37,356
ABplaapaa,140,190,365,12.9,37,-897
ABplaapaa,141,191,367,12.9,37,-526
ABplaapaa,142,199,369,12.8,37,524
ABplaapaa,143,204,370,11.9,37,-176
ABplaapaa,144,208,371,11.4,39,-328
ABplaapaa,145,208,375,12.0,37,880
ABplaapaa,146,215,378,11.1,39,-864
ABplaapaa,147,212,378,11.1,41,704
ABplaapaa,148,215,379,11.0,39,631
ABplaapaa,149,217,376,10.2,39,-158
ABplaapaa,150,223,377,10.0,39,822
ABplaapaa,151,236,376,9.3,39,-833
ABplaapaa,152,246,377,8.5,39,-1475
ABplaapaa,153,241,372,8.2,39,88
ABplaapaa,154,242,370,8.0,39,-1309
ABplaapaa,155,244,370,7.9,37,-1262
ABplaapaa,156,245,365,7.9,37,156
ABplaapaa,157,257,358,7.2,41,-275
ABplaapaa,158,258,359,6.4,39,-63
ABplaapaa,159,255,356,7.1,39,-1480
ABplaapaa,160,264,355,6.3,41,239
ABplaapaa,161,262,358,6.4,39,1524
ABplaapaa,162,260,360,7.0,41,317
ABplaapaa,163,259,360,7.1,39,672
ABplaapaa,164,258,356,6.3,41,511
ABplaapaa,165,257,358,7.1,37,921
ABplaapaa,166,263,353,7.0,37,72
ABplaapaa,167,264,349,7.0,37,-334
ABplaapaa,168,264,353,7.0,36,148
ABplaapaa,169,264,349,7.1,36,619
ABplaapaa,170,267,350,7.1,35,206
ABplaapaa,171,269,347,7.1,35,431
ABplaapaaa,172,248,356,6.2,28,-1094
ABplaapaaa,173,242,367,7.4,31,-157
ABplaapaaa,174,247,363,7.8,32,-256
ABplaapaaa,175,245,364,8.1,31,-227
ABplaapaaa,176,246,369,7.2,33,922
ABplaapaaa,177,238,372,7.3,33,574
ABplaapaaa,178,234,367,6.9,31,-106
ABplaapaaa,179,229,367,6.5,33,-513
ABplaapaaa,180,224,362,6.3,31,-520
ABplaapaaa,181,227,362,6.4,33,833
ABplaapaaa,182,230,358,6.2,35,468
ABplaapaaa,183,230,358,6.2,35,-397
ABplaapaaa,184,224,356,6.2,35,722
ABplaapaaa,185,227,355,6.4,33,447
ABplaapaaa,186,220,356,6.3,33,-56
ABplaapaaa,187,221,347,6.2,33,-384
ABplaapaaa,188,218,345,6.1,33,-524
ABplaapaaa,189,225,343,6.1,35,-1
ABplaapaaa,190,223,344,6.2,33,118
ABplaapaaa,191,220,335,6.1,35,-200
ABplaapaaa,192,221,334,6.1,31,-381
ABplaapaaa,193,219,331,6.2,35,-900
ABplaapaaa,194,218,336,6.1,35,198
ABplaapaaa,195,216,338,6.2,35,1563
ABplaapaaa,196,212,335,6.3,33,-781
ABplaapaaa,197,210,331,6.2,33,217
ABplaapaaa,198,211,332,6.4,29,92
ABplaapaaa,199,211,330,6.3,33,201
ABplaapaaa,200,211,330,6.3,33,103
ABplaapaaa,201,210,329,6.2,33,589
ABplaapaaa,202,209,329,6.2,32,461
ABplaapaaa,203,206,324,6.2,32,846
ABplaapaaa,204,209,324,6.3,29,-1078
ABplaapaaa,205,214,324,7.1,34,-332
ABplaapaap,172,285,340,6.3,28,-257
ABplaapaap,173,280,337,6.9,33,85
ABplaapaap,174,279,335,6.9,32,1318
ABplaapaap,175,279,339,6.3,33,618
ABplaapaap,176,286,342,6.1,33,-158
ABplaapaap,177,284,347,6.1,33,101
ABplaapaap,178,276,345,6.1,35,860
ABplaapaap,179,276,345,6.1,35,655
ABplaapaap,180,272,347,6.1,33,-603
ABplaapaap,181,273,347,6.0,35,-147
ABplaapaap,182,273,347,6.0,35,188
ABplaapaap,183,273,346,6.1,34,-529
ABplaapaap,184,273,346,6.1,34,-9
ABplaapaap,185,273,345,6.1,33,-641
ABplaapaap,186,273,344,6.1,35,-677
ABplaapaap,187,271,340,6.1,35,245
ABplaapaap,188,271,340,6.1,35,-118
ABplaapaap,189,275,331,6.0,35,-778
ABplaapaap,190,275,331,6.0,35,108
ABplaapaap,191,267,331,6.0,35,-520
ABplaapaap,192,266,324,5.5,35,-716
ABplaapaap,193,264,323,6.2,35,649
ABplaapaap,194,267,324,6.3,33,39
ABplaapaap,195,259,326,6.2,35,-18
ABplaapaap,196,253,332,6.0,33,1105
ABplaapaap,197,253,329,6.1,33,1268
ABplaapaap,198,251,331,6.1,33,-1406
ABplaapaap,199,251,331,6.2,33,117
ABplaapaap,200,250,340,7.0,29,-1442
ABplaapaap,201,256,333,6.1,33,-321
ABplaapaap,202,257,328,7.0,34,-1797
ABplaapaap,203,257,328,7.0,34,-783
ABplaapaap,204,250,333,6.2,29,498
ABplaapaap,205,256,330,6.3,32,333
ABplaapap,131,258,358,8.1,28,-291
ABplaapap,132,257,360,8.2,36,-304
ABplaapap,133,257,366,9.1,40,990
ABplaapap,134,248,376,10.8,39,-316
ABplaapap,135,252,379,10.5,40,-506
ABplaapap,136,252,387,10.5,39,-783
ABplaapap,137,252,386,10.2,38,32
ABplaapap,138,254,387,10.2,39,-935
ABplaapap,139,259,388,10.1,39,-594
ABplaapap,140,262,382,9.3,41,22
ABplaapap,141,260,384,9.2,39,686
ABplaapap,142,270,382,8.4,39,-293
ABplaapap,143,273,384,8.5,39,-1175
ABplaapap,144,272,387,9.2,41,-1469
ABplaapap,145,274,377,8.4,39,-843
ABplaapap,146,275,385,8.4,41,-158
ABplaapap,147,274,390,9.2,39,-410
ABplaapap,148,282,389,9.0,39,-115
ABplaapap,149,283,385,8.9,37,-189
ABplaapap,150,283,392,8.4,39,-487
ABplaapap,151,291,385,8.0,39,-864
ABplaapap,152,299,383,8.0,37,-1214
ABplaapap,153,307,372,7.2,41,-647
ABplaapap,154,309,373,7.2,39,-722
ABplaapap,155,308,361,7.1,39,21
ABplaapap,156,306,363,7.2,39,231
ABplaapap,157,313,366,6.5,39,-709
ABplaapap,158,313,368,7.1,39,-786
ABplaapap,159,316,366,7.1,41,-76
ABplaapap,160,319,365,7.1,39,-258
ABplaapap,161,317,367,7.2,41,383
ABplaapap,162,315,369,7.2,41,717
ABplaapap,163,315,363,7.1,39,0
ABplaapap,164,309,364,6.4,39,-1057
ABplaapap,165,309,361,7.0,41,951
ABplaapap,166,311,355,7.1,37,-810
ABplaapap,167,316,353,7.2,39,-378
ABplaapap,168,317,352,7.9,36,-1156
ABplaapap,169,315,350,8.1,36,-320
ABplaapap,170,317,351,8.1,29,378
ABplaapap,171,324,348,7.2,29,6
ABplaapapa,172,314,353,6.9,27,-788
ABplaapapa,173,306,354,6.1,29,-86
ABplaapapa,174,305,355,6.1,32,-1471
ABplaapapa,175,304,362,6.1,31,28
ABplaapapa,176,299,379,7.0,31,-118
ABplaapapa,177,291,387,7.2,33,-124
ABplaapapa,178,280,383,7.2,33,140
ABplaapapa,179,281,381,7.1,33,276
ABplaapapa,180,280,386,7.3,33,73
ABplaapapa,181,283,380,7.2,35,709
ABplaapapa,182,290,380,7.1,33,1267
ABplaapapa,183,283,379,7.1,35,1121
ABplaapapa,184,285,379,7.1,35,626
ABplaapapa,185,285,376,7.2,35,-417
ABplaapapa,186,280,377,7.1,35,606
ABplaapapa,187,279,368,6.4,33,228
ABplaapapa,188,275,363,6.1,35,238
ABplaapapa,189,280,366,6.2,35,1321
ABplaapapa,190,279,366,6.1,35,-118
ABplaapapa,191,277,368,6.2,35,96
ABplaapapa,192,279,365,6.1,35,128
ABplaapapa,193,274,366,6.1,35,-556
ABplaapapa,194,280,365,5.5,35,938
ABplaapapa,195,273,365,6.1,35,830
ABplaapapa,196,270,368,6.2,33,-362
ABplaapapa,197,267,364,6.1,33,488
ABplaapapa,198,265,366,6.1,33,290
ABplaapapa,199,264,365,6.2,33,969
ABplaapapa,200,270,369,6.8,31,637
ABplaapapa,201,266,366,6.1,33,-1359
ABplaapapa,202,267,364,6.1,32,659
ABplaapapa,203,262,361,6.0,34,-36
ABplaapapa,204,266,360,6.1,32,673
ABplaapapa,205,267,365,6.2,32,-541
ABplaapapp,172,344,338,6.6,30,-342
ABplaapapp,173,346,341,7.7,33,-1068
ABplaapapp,174,343,340,8.0,32,288
ABplaapapp,175,343,345,7.1,31,745
ABplaapapp,176,335,346,7.2,35,1043
ABplaapapp,177,330,348,7.1,35,330
ABplaapapp,178,321,346,7.3,35,804
ABplaapapp,179,322,346,7.0,35,222
ABplaapapp,180,316,347,7.2,35,-601
ABplaapapp,181,316,343,8.1,33,-134
ABplaapapp,182,315,343,7.3,33,466
ABplaapapp,183,312,344,7.3,35,-573
ABplaapapp,184,313,343,7.2,35,-1017
ABplaapapp,185,312,343,7.3,35,182
ABplaapapp,186,311,343,7.2,35,-796
ABplaapapp,187,309,340,7.2,35,404
ABplaapapp,188,306,335,6.3,33,1742
ABplaapapp,189,310,332,7.0,29,1081
ABplaapapp,190,307,332,7.1,35,-103
ABplaapapp,191,307,337,6.3,33,-588
ABplaapapp,192,309,331,7.0,29,-1873
ABplaapapp,193,306,336,6.2,33,-786
ABplaapapp,194,303,337,6.2,33,-606
ABplaapapp,195,300,335,6.2,33,-246
ABplaapapp,196,292,334,6.1,33,312
ABplaapapp,197,291,335,6.4,33,-639
ABplaapapp,198,290,336,6.8,34,491
ABplaapapp,199,288,338,7.1,35,-391
ABplaapapp,200,291,340,6.2,29,-1166
ABplaapapp,201,291,340,6.2,29,-283
ABplaapapp,202,292,336,7.1,32,493
ABplaapapp,203,289,333,7.2,34,-1580
ABplaapapp,204,291,330,7.2,34,-1123
ABplaapapp,205,289,331,7.2,34,-1351
ABplaapp,100,243,283,9.3,34,-828
ABplaapp,101,240,279,9.3,40,795
ABplaapp,102,237,275,10.6,53,-111
ABplaapp,103,245,275,9.8,51,-228
ABplaapp,104,249,277,8.2,48,-94
ABplaapp,105,259,275,8.0,46,149
ABplaapp,106,263,273,8.1,44,-648
ABplaapp,107,261,273,8.0,44,-1506
ABplaapp,108,266,276,8.0,46,201
ABplaapp,109,265,280,8.2,44,-233
ABplaapp,110,267,280,8.0,44,-190
ABplaapp,111,273,291,8.1,44,-2
ABplaapp,112,280,289,8.0,46,-517
ABplaapp,113,284,288,8.0,44,-946
ABplaapp,114,277,293,8.0,44,175
ABplaapp,115,285,291,8.0,44,-472
ABplaapp,116,291,296,8.9,44,368
ABplaapp,117,285,303,8.0,46,-208
ABplaapp,118,294,313,8.2,46,-273
ABplaapp,119,296,321,8.1,44,368
ABplaapp,120,309,325,8.9,44,-1274
ABplaapp,121,319,328,8.5,46,-185
ABplaapp,122,322,338,8.9,44,159
ABplaapp,123,322,343,8.3,46,-808
ABplaapp,124,317,345,9.2,46,723
ABplaapp,125,317,350,9.4,46,-575
ABplaapp,126,316,352,11.0,44,533
ABplaapp,127,315,352,10.5,46,-349
ABplaapp,128,310,352,10.1,34,-81
ABplaapp,129,316,357,10.1,32,-589
ABplaappa,130,291,365,10.2,31,101
ABplaappa,131,288,374,10.2,35,-349
ABplaappa,132,285,376,10.2,40,573
ABplaappa,133,289,377,10.8,40,-420
ABplaappa,134,286,377,11.0,39,-543
ABplaappa,135,283,378,12.1,38,-345
ABplaappa,136,279,371,12.1,39,156
ABplaappa,137,277,367,12.1,38,1491
ABplaappa,138,282,366,12.9,37,-1125
ABplaappa,139,281,369,12.0,39,-665
ABplaappa,140,291,372,11.9,37,1286
ABplaappa,141,293,373,11.1,39,120
ABplaappa,142,303,380,11.0,37,222
ABplaappa,143,306,377,10.9,37,-324
ABplaappa,144,307,385,10.9,37,-21
ABplaappa,145,310,387,10.1,39,181
ABplaappa,146,313,389,10.1,41,-516
ABplaappa,147,316,394,10.3,39,-1059
ABplaappa,148,321,395,10.1,39,-958
ABplaappa,149,320,393,10.1,39,32
ABplaappa,150,328,389,10.0,39,-868
ABplaappa,151,330,391,10.3,39,-424
ABplaappa,152,332,387,10.3,39,-210
ABplaappa,153,335,389,10.2,41,605
ABplaappa,154,337,390,10.1,37,-812
ABplaappa,155,337,392,9.2,41,189
ABplaappa,156,336,395,9.2,39,-875
ABplaappa,157,342,398,9.3,39,120
ABplaappa,158,340,402,10.0,39,972
ABplaappa,159,348,400,10.0,39,-1150
ABplaappa,160,350,403,10.0,37,-115
ABplaappa,161,352,402,10.1,41,-1487
ABplaappa,162,354,404,9.9,37,-368
ABplaappa,163,346,400,9.2,41,-176
ABplaappa,164,340,403,9.2,41,-633
ABplaappa,165,339,397,8.3,41,545
ABplaappa,166,336,394,8.2,41,-840
ABplaappa,167,340,395,8.2,41,-559
ABplaappa,168,329,395,8.9,36,-322
ABplaappa,169,324,393,9.1,38,-235
ABplaappa,170,322,396,9.3,39,-592
ABplaappa,171,320,392,9.5,37,-192
ABplaappa,172,325,390,9.4,36,331
ABplaappa,173,321,388,9.8,33,123
ABplaappa,174,324,387,9.0,28,-745
ABplaappaa,175,302,395,9.1,29,490
ABplaappaa,176,299,400,10.0,29,1281
ABplaappaa,177,296,398,10.1,31,1230
ABplaappaa,178,292,400,9.9,31,-394
ABplaappaa,179,295,397,9.8,31,63
ABplaappaa,180,299,400,9.8,31,-1111
ABplaappaa,181,304,399,9.0,31,-20
ABplaappaa,182,306,401,8.5,33,479
ABplaappaa,183,304,401,8.6,33,-601
ABplaappaa,184,304,399,9.0,31,-92
ABplaappaa,185,306,396,8.3,33,86
ABplaappaa,186,306,398,8.7,31,-1103
ABplaappaa,187,303,395,8.1,31,89
ABplaappaa,188,303,390,7.6,31,54
ABplaappaa,189,309,395,8.0,31,-442
ABplaappaa,190,305,394,8.0,31,-136
ABplaappaa,191,299,393,8.1,31,-939
ABplaappaa,192,301,394,8.2,31,464
ABplaappaa,193,300,394,8.2,31,902
ABplaappaa,194,304,396,8.3,33,-1172
ABplaappaa,195,298,395,8.2,33,454
ABplaappaa,196,298,396,8.2,33,709
ABplaappaa,197,297,395,8.1,31,-218
ABplaappaa,198,295,398,8.3,33,-32
ABplaappaa,199,298,394,8.0,31,-171
ABplaappaa,200,299,398,8.2,33,245
ABplaappaa,201,296,396,8.0,31,-772
ABplaappaa,202,296,392,8.0,30,1660
ABplaappaa,203,291,393,8.1,30,387
ABplaappaa,204,291,394,8.0,30,-289
ABplaappaa,205,291,394,8.1,30,-851
ABplaappap,175,338,389,8.5,29,-357
ABplaappap,176,340,384,8.8,31,-125
ABplaappap,177,337,385,8.4,33,264
ABplaappap,178,330,386,8.3,35,-556
ABplaappap,179,329,388,8.3,35,-1477
ABplaappap,180,336,389,8.1,35,-563
ABplaappap,181,339,387,8.0,35,-1188
ABplaappap,182,344,387,8.0,35,-366
ABplaappap,183,341,384,7.4,35,-237
ABplaappap,184,341,381,8.0,35,-448
ABplaappap,185,345,377,7.3,35,-292
ABplaappap,186,346,378,8.1,35,-674
ABplaappap,187,339,378,7.4,35,-709
ABplaappap,188,339,372,7.3,35,-1397
ABplaappap,189,341,368,7.2,35,-891
ABplaappap,190,338,371,7.4,35,623
ABplaappap,191,335,377,7.1,35,-27
ABplaappap,192,335,376,7.1,35,504
ABplaappap,193,334,379,7.0,35,1010
ABplaappap,194,340,378,7.2,35,-1216
ABplaappap,195,335,375,7.0,35,-863
ABplaappap,196,334,379,7.1,35,-1284
ABplaappap,197,333,373,6.5,35,722
ABplaappap,198,329,372,7.0,35,31
ABplaappap,199,329,371,7.0,35,3
ABplaappap,200,329,370,7.1,35,-420
ABplaappap,201,330,368,7.1,35,86
ABplaappap,202,327,364,6.2,29,637
ABplaappap,203,327,364,6.2,29,-102
ABplaappap,204,323,365,6.0,29,-1575
ABplaappap,205,323,365,6.0,29,230
ABplaappp,130,339,368,10.2,31,2221
ABplaappp,131,343,368,10.3,35,-671
ABplaappp,132,347,376,11.2,42,221
ABplaappp,133,358,382,11.1,40,-1752
ABplaappp,134,355,379,10.9,39,-690
ABplaappp,135,359,383,10.9,38,-37
ABplaappp,136,355,374,10.4,39,-620
ABplaappp,137,355,377,10.3,40,-657
ABplaappp,138,355,388,10.3,41,-636
ABplaappp,139,357,377,11.2,39,-1019
ABplaappp,140,366,375,10.3,41,-107
ABplaappp,141,367,367,11.0,39,-387
ABplaappp,142,370,372,11.1,41,-529
ABplaappp,143,370,371,10.3,41,132
ABplaappp,144,370,370,11.0,39,294
ABplaappp,145,370,369,11.1,41,-973
ABplaappp,146,371,368,10.4,41,-58
ABplaappp,147,367,374,11.1,41,642
ABplaappp,148,371,370,11.2,41,-73
ABplaappp,149,378,370,11.3,41,-272
ABplaappp,150,381,372,10.3,41,373
ABplaappp,151,384,370,10.3,41,669
ABplaappp,152,387,367,10.2,41,-459
ABplaappp,153,393,361,10.2,41,-398
ABplaappp,154,395,364,10.0,41,7
ABplaappp,155,398,370,9.9,37,-369
ABplaappp,156,402,369,10.1,39,-241
ABplaappp,157,408,374,10.1,41,3
ABplaappp,158,410,382,10.3,41,-883
ABplaappp,159,414,380,10.3,41,-723
ABplaappp,160,412,385,10.3,41,-12
ABplaappp,161,407,395,11.1,41,-92
ABplaappp,162,411,396,12.0,41,1243
ABplaappp,163,407,397,11.2,39,-806
ABplaappp,164,406,396,11.2,39,-137
ABplaappp,165,400,398,11.2,41,107
ABplaappp,166,399,396,11.1,39,-420
ABplaappp,167,392,392,10.1,31,-589
ABplaapppa,168,385,399,10.4,34,378
ABplaapppa,169,375,399,9.3,28,-867
ABplaapppa,170,377,407,10.1,33,-1603
ABplaapppa,171,373,406,10.1,35,-149
ABplaapppa,172,376,405,10.0,34,-391
ABplaapppa,173,373,406,10.0,35,109
ABplaapppa,174,371,404,9.2,34,232
ABplaapppa,175,380,406,9.3,35,-433
ABplaapppa,176,377,408,9.6,33,-775
ABplaapppa,177,374,409,9.4,35,-223
ABplaapppa,178,371,406,9.0,35,-210
ABplaapppa,179,375,402,8.4,35,-596
ABplaapppa,180,377,406,9.2,35,-1480
ABplaapppa,181,377,404,9.3,35,307
ABplaapppa,182,381,401,9.3,35,-254
ABplaapppa,183,382,399,9.9,31,-915
ABplaapppa,184,383,398,9.5,33,-250
ABplaapppa,185,376,399,10.2,35,184
ABplaapppa,186,374,402,10.4,35,-1761
ABplaapppa,187,372,401,10.3,35,-1052
ABplaapppa,188,369,402,10.2,35,601
ABplaapppa,189,367,400,10.4,35,-879
ABplaapppa,190,368,402,10.4,35,173
ABplaapppa,191,361,401,10.3,35,-17
ABplaapppa,192,366,397,10.1,35,633
ABplaapppa,193,368,396,9.4,33,-137
ABplaapppa,194,370,398,9.4,35,-482
ABplaapppa,195,366,394,10.1,35,1492
ABplaapppa,196,363,398,10.5,35,-677
ABplaapppa,197,365,397,10.4,33,-464
ABplaapppa,198,362,402,11.1,35,-437
ABplaapppa,199,363,396,11.1,35,77
ABplaapppa,200,369,396,11.0,35,584
ABplaapppa,201,366,400,11.1,33,-864
ABplaapppa,202,362,399,10.4,32,94
ABplaapppa,203,361,399,10.3,34,268
ABplaapppa,204,360,401,10.3,34,-1127
ABplaapppa,205,357,402,10.4,32,-66
ABplaapppp,168,424,395,12.0,28,202
ABplaapppp,169,431,392,11.2,28,-2182
ABplaapppp,170,432,395,10.5,33,268
ABplaapppp,171,429,404,12.0,35,1199
ABplaapppp,172,431,400,11.9,34,216
ABplaapppp,173,427,401,11.4,35,97
ABplaapppp,174,421,404,11.3,34,-1643
ABplaapppp,175,426,408,12.1,35,547
ABplaapppp,176,424,411,12.4,35,-1279
ABplaapppp,177,417,413,13.1,35,-225
ABplaapppp,178,412,411,13.0,35,884
ABplaapppp,179,411,406,13.0,35,-237
ABplaapppp,180,414,406,13.3,35,-1254
ABplaapppp,181,418,411,13.2,35,163
ABplaapppp,182,419,414,13.2,35,206
ABplaapppp,183,413,414,13.3,35,-1468
ABplaapppp,184,411,410,14.0,35,-552
ABplaapppp,185,411,414,13.2,35,-325
ABplaapppp,186,409,416,13.4,35,-471
ABplaapppp,187,396,415,14.2,35,478
ABplaapppp,188,394,416,14.2,35,-174
ABplaapppp,189,402,415,14.4,35,629
ABplaapppp,190,400,415,14.1,35,13
ABplaapppp,191,397,415,13.4,35,-776
ABplaapppp,192,396,412,14.2,35,850
ABplaapppp,193,394,415,14.0,35,546
ABplaapppp,194,393,412,14.1,35,-349
ABplaapppp,195,392,412,14.3,35,-1217
ABplaapppp,196,393,409,14.1,35,638
ABplaapppp,197,396,412,14.0,35,-896
ABplaapppp,198,396,413,13.3,35,-635
ABplaapppp,199,396,416,14.0,35,756
ABplaapppp,200,400,413,13.2,35,-330
ABplaapppp,201,398,413,13.3,35,-514
ABplaapppp,202,401,414,13.1,34,-248
ABplaapppp,203,401,414,13.1,34,520
ABplaapppp,204,401,419,13.1,34,-41
ABplaapppp,205,396,413,13.2,34,-677
ABplap,55,274,230,9.0,28,-482
ABplap,56,274,230,9.0,28,406
ABplap,57,292,240,9.1,33,-694
ABplap,58,305,245,9.1,43,-1170
ABplap,59,305,245,9.1,43,-435
ABplap,60,319,231,8.0,43,-117
ABplap,61,325,231,8.1,49,-398
ABplap,62,328,226,8.0,48,-94
ABplap,63,322,218,8.0,50,640
ABplap,64,322,221,8.0,50,-683
ABplap,65,324,214,8.1,53,-652
ABplap,66,324,200,7.9,55,-611
ABplap,67,316,208,8.7,57,95
ABplap,68,313,210,8.8,57,-189
ABplap,69,303,211,8.0,63,-69
ABplap,70,301,205,7.5,60,-314
ABplap,71,296,202,8.0,64,459
ABplap,72,298,200,8.1,65,-559
ABplap,73,307,207,8.2,67,-353
ABplap,74,303,213,8.1,66,-525
ABplap,75,313,207,8.1,58,-1005
ABplap,76,309,215,9.0,51,601
ABplapa,77,298,202,8.0,36,-166
ABplapa,78,288,193,7.2,38,-915
ABplapa,79,283,192,7.8,50,-707
ABplapa,80,269,195,7.8,49,-986
ABplapa,81,270,190,7.8,49,-45
ABplapa,82,264,186,7.2,51,-346
ABplapa,83,264,185,7.2,53,115
ABplapa,84,261,181,7.3,50,13
ABplapa,85,265,180,8.0,51,-633
ABplapa,86,264,178,8.1,52,-750
ABplapa,87,264,175,8.0,55,-109
ABplapa,88,263,178,8.1,54,102
ABplapa,89,265,175,8.2,54,-879
ABplapa,90,265,178,8.2,54,-796
ABplapa,91,266,192,8.3,54,83
ABplapa,92,265,197,8.3,54,480
ABplapa,93,272,200,8.9,54,-100
ABplapa,94,271,199,8.8,54,175
ABplapa,95,273,193,8.2,54,-538
ABplapa,96,273,203,8.1,54,-430
ABplapa,97,275,206,8.1,53,-338
ABplapa,98,277,206,8.0,53,33
ABplapa,99,267,205,8.0,53,-383
ABplapa,100,257,195,9.0,46,60
ABplapa,101,260,198,8.1,60,436
ABplapaa,102,239,188,7.2,39,433
ABplapaa,103,243,180,6.3,37,-46
ABplapaa,104,240,174,6.2,40,324
ABplapaa,105,246,179,6.0,34,-483
ABplapaa,106,244,181,6.0,44,-24
ABplapaa,107,245,177,6.8,44,-309
ABplapaa,108,246,183,6.8,44,-932
ABplapaa,109,253,182,6.8,44,92
ABplapaa,110,250,187,6.9,44,245
ABplapaa,111,251,199,6.9,44,214
ABplapaa,112,250,201,6.1,44,1082
ABplapaa,113,251,196,6.9,44,-806
ABplapaa,114,248,206,7.0,44,-141
ABplapaa,115,250,205,7.0,44,-700
ABplapaa,116,254,217,7.1,44,-1064
ABplapaa,117,259,226,7.0,44,-54
ABplapaa,118,265,233,6.9,44,562
ABplapaa,119,270,239,6.9,44,493
ABplapaa,120,276,252,6.9,44,-561
ABplapaa,121,280,260,7.1,44,-10
ABplapaa,122,282,273,6.9,44,105
ABplapaa,123,282,276,6.9,44,-60
ABplapaa,124,293,274,6.9,44,-255
ABplapaa,125,301,276,6.9,44,175
ABplapaa,126,306,284,6.3,46,-587
ABplapaa,127,309,289,6.9,44,-327
ABplapaa,128,313,292,6.9,44,523
ABplapaa,129,314,297,6.9,44,633
ABplapaa,130,324,303,7.1,43,664
ABplapaa,131,324,322,7.2,43,261
ABplapaa,132,333,336,7.1,36,-968
ABplapaa,133,336,336,7.0,30,1864
ABplapaaa,134,306,340,6.4,31,96
ABplapaaa,135,307,348,7.2,32,20
ABplapaaa,136,306,340,6.8,37,676
ABplapaaa,137,302,342,6.8,38,49
ABplapaaa,138,297,347,6.1,39,984
ABplapaaa,139,298,356,6.8,37,-1081
ABplapaaa,140,304,358,6.1,39,-198
ABplapaaa,141,303,362,6.1,41,-543
ABplapaaa,142,306,365,6.2,39,-330
ABplapaaa,143,313,363,6.1,41,-964
ABplapaaa,144,316,367,6.2,39,210
ABplapaaa,145,324,360,6.1,39,-785
ABplapaaa,146,324,359,6.1,39,781
ABplapaaa,147,326,365,6.2,39,1910
ABplapaaa,148,336,361,6.3,39,199
ABplapaaa,149,332,359,6.3,39,354
ABplapaaa,150,338,355,6.2,39,-456
ABplapaaa,151,343,355,6.3,41,-129
ABplapaaa,152,347,355,6.2,41,-78
ABplapaaa,153,355,357,6.9,37,-218
ABplapaaa,154,356,355,6.9,37,-452
ABplapaaa,155,359,345,6.2,41,1112
ABplapaaa,156,359,349,6.1,41,563
ABplapaaa,157,364,350,6.3,39,-1172
ABplapaaa,158,367,355,7.2,39,566
ABplapaaa,159,372,354,7.1,41,-918
ABplapaaa,160,377,352,7.2,37,14
ABplapaaa,161,378,359,7.3,37,-433
ABplapaaa,162,380,361,8.0,37,-625
ABplapaaa,163,374,359,8.2,39,-548
ABplapaaa,164,373,358,8.1,39,785
ABplapaaa,165,373,350,8.4,41,-770
ABplapaaa,166,371,350,8.2,37,-1292
ABplapaaa,167,383,350,7.2,41,-967
ABplapaaa,168,388,351,7.4,40,563
ABplapaaa,169,379,346,7.3,40,-36
ABplapaaa,170,375,345,8.2,39,-477
ABplapaaa,171,376,342,8.3,37,-692
ABplapaaa,172,382,337,10.0,34,-1453
ABplapaaa,173,381,339,9.1,33,-649
ABplapaaa,174,382,337,9.1,36,319
ABplapaaaa,175,360,325,10.0,31,905
ABplapaaaa,176,358,323,10.1,31,-545
ABplapaaaa,177,356,324,10.8,31,409
ABplapaaaa,178,350,325,10.1,35,-1843
ABplapaaaa,179,345,326,9.3,35,-533
ABplapaaaa,180,345,330,9.2,35,-818
ABplapaaaa,181,351,328,9.3,35,-796
ABplapaaaa,182,354,332,9.1,33,-53
ABplapaaaa,183,350,329,9.2,35,330
ABplapaaaa,184,350,324,9.1,35,-669
ABplapaaaa,185,348,327,10.0,35,-473
ABplapaaaa,186,347,324,10.1,33,-272
ABplapaaaa,187,340,321,10.1,33,-496
ABplapaaaa,188,342,317,9.5,33,9
ABplapaaaa,189,350,311,10.1,35,1317
ABplapaaaa,190,346,309,9.4,35,-651
ABplapaaaa,191,344,309,9.3,33,-1252
ABplapaaaa,192,348,311,9.3,35,-1331
ABplapaaaa,193,346,315,9.2,31,-943
ABplapaaaa,194,346,311,9.2,35,-583
ABplapaaaa,195,347,318,9.3,35,-380
ABplapaaaa,196,341,318,9.9,31,-819
ABplapaaaa,197,337,316,9.0,35,-902
ABplapaaaa,198,335,317,8.1,35,-452
ABplapaaaa,199,336,322,9.1,35,-229
ABplapaaaa,200,340,319,8.1,33,-1023
ABplapaaaa,201,346,321,8.2,35,-280
ABplapaaaa,202,346,320,8.1,34,-34
ABplapaaaa,203,346,328,8.2,34,-739
ABplapaaaa,204,345,324,8.2,34,-1254
ABplapaaaa,205,343,325,8.1,34,-785
ABplapaaap,175,402,345,9.1,29,222
ABplapaaap,176,399,348,9.1,31,502
ABplapaaap,177,400,346,10.0,31,-633
ABplapaaap,178,395,338,10.0,31,-1378
ABplapaaap,179,398,341,10.1,35,-684
ABplapaaap,180,399,338,10.3,35,-851
ABplapaaap,181,400,335,10.2,33,-817
ABplapaaap,182,404,334,10.3,35,-438
ABplapaaap,183,401,335,10.2,33,15
ABplapaaap,184,398,336,10.3,35,-419
ABplapaaap,185,397,342,10.2,35,-768
ABplapaaap,186,395,342,10.1,35,-638
ABplapaaap,187,386,341,10.2,35,-826
ABplapaaap,188,382,341,10.1,35,723
ABplapaaap,189,382,341,10.2,35,-410
ABplapaaap,190,379,339,10.1,35,-803
ABplapaaap,191,378,341,9.4,35,-779
ABplapaaap,192,378,343,9.3,35,1047
ABplapaaap,193,377,343,9.1,35,-441
ABplapaaap,194,379,340,9.2,35,-145
ABplapaaap,195,378,344,9.2,35,-46
ABplapaaap,196,379,346,9.1,31,1485
ABplapaaap,197,377,344,9.2,33,366
ABplapaaap,198,372,345,9.3,33,-161
ABplapaaap,199,375,342,9.2,35,-256
ABplapaaap,200,382,344,8.4,35,-473
ABplapaaap,201,384,348,8.4,33,-343
ABplapaaap,202,386,348,9.0,34,-916
ABplapaaap,203,382,350,8.3,32,431
ABplapaaap,204,378,348,8.4,32,-665
ABplapaaap,205,380,348,8.4,32,-627
ABplapaap,134,353,341,6.4,29,-705
ABplapaap,135,357,342,6.3,34,449
ABplapaap,136,357,342,6.9,37,-495
ABplapaap,137,358,340,6.7,38,321
ABplapaap,138,360,342,6.2,39,-459
ABplapaap,139,364,343,6.8,37,12
ABplapaap,140,366,342,6.8,37,233
ABplapaap,141,372,335,6.2,37,608
ABplapaap,142,373,340,6.1,37,-716
ABplapaap,143,376,329,6.0,37,-277
ABplapaap,144,374,330,6.1,39,-548
ABplapaap,145,378,327,6.1,39,-193
ABplapaap,146,383,330,6.1,39,243
ABplapaap,147,386,329,6.8,37,-24
ABplapaap,148,381,328,7.0,37,112
ABplapaap,149,385,328,6.3,37,158
ABplapaap,150,386,324,6.8,37,353
ABplapaap,151,389,327,6.9,37,517
ABplapaap,152,398,321,6.2,39,-597
ABplapaap,153,398,319,6.2,41,1263
ABplapaap,154,399,315,6.8,37,284
ABplapaap,155,403,321,7.2,41,-697
ABplapaap,156,400,325,7.2,37,-622
ABplapaap,157,405,328,7.4,39,-1237
ABplapaap,158,400,332,8.0,39,454
ABplapaap,159,402,334,9.1,37,-387
ABplapaap,160,409,339,9.0,37,-321
ABplapaap,161,413,341,8.3,39,957
ABplapaap,162,414,344,8.9,37,-494
ABplapaap,163,414,342,9.1,37,17
ABplapaap,164,415,344,8.9,37,-852
ABplapaap,165,415,348,9.1,39,-691
ABplapaap,166,417,343,9.1,37,209
ABplapaap,167,429,351,9.1,39,217
ABplapaap,168,436,354,9.1,38,-585
ABplapaap,169,440,349,8.6,40,375
ABplapaap,170,434,351,8.3,39,-356
ABplapaap,171,428,361,8.3,39,-629
ABplapaap,172,427,359,8.8,34,-452
ABplapaap,173,422,361,8.4,37,310
ABplapaap,174,428,358,8.3,36,-551
ABplapaap,175,437,362,9.0,31,760
ABplapaap,176,431,362,9.8,31,718
ABplapaap,177,433,363,9.1,29,-937
ABplapaapa,178,409,368,9.8,31,-628
ABplapaapa,179,413,367,9.7,31,-295
ABplapaapa,180,411,368,9.8,31,1321
ABplapaapa,181,412,366,9.9,31,-781
ABplapaapa,182,415,366,10.0,31,163
ABplapaapa,183,416,365,10.0,31,-103
ABplapaapa,184,415,366,10.2,31,478
ABplapaapa,185,417,371,10.1,31,385
ABplapaapa,186,413,374,9.9,31,-524
ABplapaapa,187,407,375,10.0,31,-1060
ABplapaapa,188,404,370,10.0,31,-552
ABplapaapa,189,407,374,10.0,31,-197
ABplapaapa,190,402,373,10.7,31,795
ABplapaapa,191,403,373,9.9,31,355
ABplapaapa,192,405,377,9.5,33,-359
ABplapaapa,193,406,376,9.9,31,337
ABplapaapa,194,405,372,10.0,31,-370
ABplapaapa,195,405,375,10.0,31,-869
ABplapaapa,196,403,376,9.9,31,-319
ABplapaapa,197,401,373,9.8,31,-1338
ABplapaapa,198,401,373,9.8,31,-504
ABplapaapa,199,401,374,9.2,31,-585
ABplapaapa,200,408,378,9.1,31,-1751
ABplapaapa,201,404,378,9.1,31,-162
ABplapaapa,202,404,375,8.9,30,746
ABplapaapa,203,402,378,9.0,30,304
ABplapaapa,204,402,379,8.9,30,844
ABplapaapa,205,399,381,9.1,30,-1814
ABplapaapp,178,450,365,9.1,29,-428
ABplapaapp,179,459,372,9.2,31,272
ABplapaapp,180,460,372,10.0,31,-923
ABplapaapp,181,457,370,9.8,31,608
ABplapaapp,182,459,375,9.4,35,-338
ABplapaapp,183,459,385,10.2,33,-283
ABplapaapp,184,455,380,10.1,35,-981
ABplapaapp,185,455,381,10.2,33,-723
ABplapaapp,186,449,385,10.1,35,38
ABplapaapp,187,446,388,10.3,33,-540
ABplapaapp,188,441,387,11.2,33,-85
ABplapaapp,189,445,387,11.0,31,-1064
ABplapaapp,190,439,384,10.4,35,-10
ABplapaapp,191,436,385,11.1,33,-346
ABplapaapp,192,438,379,11.1,33,-507
ABplapaapp,193,437,384,11.2,35,-367
ABplapaapp,194,440,381,11.1,35,-464
ABplapaapp,195,438,383,11.3,33,-402
ABplapaapp,196,434,380,11.2,35,-661
ABplapaapp,197,436,380,11.2,33,-659
ABplapaapp,198,436,381,11.1,35,-837
ABplapaapp,199,433,382,10.4,33,-831
ABplapaapp,200,438,385,10.4,33,-838
ABplapaapp,201,436,384,10.5,33,232
ABplapaapp,202,437,382,10.3,34,-37
ABplapaapp,203,431,382,10.0,34,274
ABplapaapp,204,432,382,9.5,34,-953
ABplapaapp,205,427,387,10.1,34,-596
ABplapap,102,284,212,8.2,41,57
ABplapap,103,285,210,8.8,51,-334
ABplapap,104,291,206,8.2,48,252
ABplapap,105,307,212,8.9,46,-144
ABplapap,106,310,214,8.9,44,-56
ABplapap,107,315,212,9.1,44,132
ABplapap,108,317,211,9.1,44,590
ABplapap,109,313,212,9.0,44,-886
ABplapap,110,312,216,8.9,44,-43
ABplapap,111,311,219,8.8,44,-397
ABplapap,112,315,222,8.9,44,-510
ABplapap,113,310,221,8.2,46,-385
ABplapap,114,314,225,8.2,46,389
ABplapap,115,314,226,8.0,44,-627
ABplapap,116,323,233,8.2,46,-889
ABplapap,117,324,233,8.1,46,81
ABplapap,118,329,242,9.0,44,381
ABplapap,119,329,248,8.3,46,-231
ABplapap,120,337,253,8.4,46,-581
ABplapap,121,340,259,8.9,44,169
ABplapap,122,343,268,8.9,44,-208
ABplapap,123,352,273,8.2,46,-1038
ABplapap,124,355,276,8.2,46,-249
ABplapap,125,362,283,8.9,44,-159
ABplapap,126,369,284,8.3,46,-344
ABplapap,127,376,290,8.1,44,256
ABplapap,128,381,291,8.1,44,-164
ABplapap,129,380,297,8.0,36,509
ABplapap,130,380,299,8.1,35,516
ABplapapa,131,377,305,7.5,31,-405
ABplapapa,132,381,316,8.1,32,-1279
ABplapapa,133,383,312,8.0,38,-184
ABplapapa,134,384,306,7.3,39,63
ABplapapa,135,384,313,7.9,38,-289
ABplapapa,136,381,308,7.3,39,-1195
ABplapapa,137,381,309,7.9,38,199
ABplapapa,138,382,309,7.1,41,-720
ABplapapa,139,386,314,7.4,39,48
ABplapapa,140,393,320,7.3,41,-981
ABplapapa,141,401,318,8.1,37,-421
ABplapapa,142,398,322,8.1,37,609
ABplapapa,143,404,323,8.8,37,112
ABplapapa,144,402,322,8.3,39,-444
ABplapapa,145,410,324,8.5,39,-619
ABplapapa,146,409,326,9.2,39,-86
ABplapapa,147,413,329,9.3,41,-554
ABplapapa,148,420,332,9.0,41,-67
ABplapapa,149,420,331,8.4,39,747
ABplapapa,150,425,331,8.9,37,-843
ABplapapa,151,429,328,8.1,41,-391
ABplapapa,152,440,330,7.2,41,303
ABplapapa,153,440,332,7.2,41,-69
ABplapapa,154,443,329,7.1,37,-597
ABplapapa,155,451,333,7.4,41,-369
ABplapapa,156,453,337,7.3,41,-607
ABplapapa,157,456,339,7.9,37,-1019
ABplapapa,158,458,343,8.1,41,-685
ABplapapa,159,462,344,8.1,41,-525
ABplapapa,160,463,348,8.1,41,-964
ABplapapa,161,466,349,7.5,39,-274
ABplapapa,162,470,348,8.2,39,-42
ABplapapa,163,469,350,8.3,41,94
ABplapapa,164,468,351,8.2,41,-1158
ABplapapa,165,476,348,8.3,41,-301
ABplapapa,166,481,342,8.3,39,-132
ABplapapa,167,491,340,8.4,39,-909
ABplapapa,168,489,337,8.1,34,347
ABplapapa,169,495,339,8.3,30,769
ABplapapaa,170,482,337,7.2,31,-1033
ABplapapaa,171,479,344,7.8,35,-523
ABplapapaa,172,475,350,7.9,34,507
ABplapapaa,173,464,350,7.1,33,-651
ABplapapaa,174,469,351,7.0,32,-230
ABplapapaa,175,478,348,7.1,33,-768
ABplapapaa,176,478,344,6.2,29,-219
ABplapapaa,177,480,350,6.4,31,1483
ABplapapaa,178,490,346,7.0,33,-952
ABplapapaa,179,490,346,6.5,35,-497
ABplapapaa,180,488,351,7.1,35,-605
ABplapapaa,181,487,353,7.1,35,-1027
ABplapapaa,182,490,344,7.5,33,91
ABplapapaa,183,490,351,7.5,33,-260
ABplapapaa,184,491,354,8.3,35,-737
ABplapapaa,185,497,357,9.0,35,64
ABplapapaa,186,497,362,9.2,35,-571
ABplapapaa,187,496,362,9.2,35,-1116
ABplapapaa,188,499,368,9.3,35,-538
ABplapapaa,189,503,361,9.3,35,220
ABplapapaa,190,508,358,10.0,35,1005
ABplapapaa,191,510,356,10.1,35,437
ABplapapaa,192,510,348,11.0,33,-1325
ABplapapaa,193,513,345,11.1,35,-1719
ABplapapaa,194,517,348,10.4,35,-768
ABplapapaa,195,516,347,10.4,35,-295
ABplapapaa,196,513,341,11.0,35,-1174
ABplapapaa,197,515,342,11.2,35,-757
ABplapapaa,198,514,342,11.2,35,-576
ABplapapaa,199,511,344,11.3,35,-1258
ABplapapaa,200,516,344,11.3,33,-1
ABplapapaa,201,518,344,11.1,35,-516
ABplapapaa,202,517,342,10.1,32,280
ABplapapaa,203,515,344,9.4,32,-527
ABplapapaa,204,525,347,10.2,34,-184
ABplapapaa,205,517,350,10.3,34,52
ABplapapap,170,523,325,9.1,31,-923
ABplapapap,171,525,323,9.0,35,-460
ABplapapap,172,527,324,9.1,34,311
ABplapapap,173,525,333,9.1,33,-1292
ABplapapap,174,531,331,9.1,32,-783
ABplapapap,175,533,332,9.2,33,672
ABplapapap,176,534,332,9.1,35,-293
ABplapapap,177,532,338,9.1,33,-637
ABplapapap,178,532,336,9.9,31,-757
ABplapapap,179,528,330,9.3,35,679
ABplapapap,180,530,334,9.3,35,-262
ABplapapap,181,525,336,10.0,33,-36
ABplapapap,182,534,341,10.0,35,-1527
ABplapapap,183,534,343,10.1,35,-11
ABplapapap,184,533,340,10.3,33,-653
ABplapapap,185,540,342,11.2,33,556
ABplapapap,186,537,345,11.4,35,138
ABplapapap,187,538,352,11.4,33,829
ABplapapap,188,536,354,12.0,31,32
ABplapapap,189,541,349,11.4,35,-825
ABplapapap,190,535,352,12.1,33,1996
ABplapapap,191,538,355,12.2,35,249
ABplapapap,192,543,350,12.2,33,-1213
ABplapapap,193,545,349,12.4,33,828
ABplapapap,194,546,347,12.3,35,-568
ABplapapap,195,543,347,12.3,35,286
ABplapapap,196,542,351,12.4,33,214
ABplapapap,197,544,352,13.1,33,-593
ABplapapap,198,540,349,13.0,33,-706
ABplapapap,199,542,347,13.1,33,-1050
ABplapapap,200,548,348,12.5,33,-1081
ABplapapap,201,548,347,12.4,35,-176
ABplapapap,202,548,348,12.3,32,672
ABplapapap,203,541,347,11.5,34,-710
ABplapapap,204,548,348,12.3,34,-337
ABplapapap,205,542,351,12.5,34,156
ABplapapp,131,418,311,8.5,33,391
ABplapapp,132,432,317,9.1,32,447
ABplapapp,133,438,314,9.7,40,-502
ABplapapp,134,442,316,9.9,39,-796
ABplapapp,135,446,321,9.1,38,-514
ABplapapp,136,447,320,9.1,39,-760
ABplapapp,137,452,321,9.2,38,156
ABplapapp,138,452,321,8.4,39,-1309
ABplapapp,139,455,324,8.3,39,1081
ABplapapp,140,464,323,8.9,37,-231
ABplapapp,141,470,325,8.4,39,-952
ABplapapp,142,472,324,8.1,41,154
ABplapapp,143,474,328,8.8,37,-365
ABplapapp,144,475,325,8.2,41,580
ABplapapp,145,479,329,8.2,37,1249
ABplapapp,146,483,328,9.0,41,407
ABplapapp,147,489,329,9.1,39,-816
ABplapapp,148,489,330,9.1,37,-1013
ABplapapp,149,495,330,8.9,37,-281
ABplapapp,150,505,331,8.4,39,664
ABplapapp,151,509,326,8.9,37,256
ABplapapp,152,508,327,8.8,37,-1009
ABplapapp,153,513,328,9.2,41,247
ABplapapp,154,514,326,9.5,39,-315
ABplapapp,155,517,325,10.2,41,435
ABplapapp,156,520,327,10.1,39,1116
ABplapapp,157,524,328,10.4,39,606
ABplapapp,158,525,329,10.3,39,857
ABplapapp,159,531,326,11.0,39,752
ABplapapp,160,536,327,10.4,39,-500
ABplapapp,161,534,328,10.5,39,-1195
ABplapapp,162,535,332,11.3,39,-368
ABplapapp,163,537,332,12.1,37,-447
ABplapapp,164,533,328,12.3,39,-493
ABplapapp,165,537,327,13.1,37,-1191
ABplapapp,166,537,326,13.8,37,276
ABplapapp,167,540,319,12.8,37,-220
ABplapappa,168,543,324,10.5,34,-676
ABplapappa,169,559,322,11.1,34,-172
ABplapappa,170,565,316,10.9,35,199
ABplapappa,171,567,312,10.9,35,590
ABplapappa,172,567,309,10.7,34,1015
ABplapappa,173,561,316,10.1,33,-1145
ABplapappa,174,565,311,10.1,32,418
ABplapappa,175,564,305,10.2,33,56
ABplapappa,176,566,308,10.2,31,27
ABplapappa,177,564,314,10.1,33,479
ABplapappa,178,564,314,10.2,33,-239
ABplapappa,179,563,312,10.3,33,-479
ABplapappa,180,560,314,10.4,33,47
ABplapappa,181,558,318,10.3,33,-1870
ABplapappa,182,561,315,11.1,35,-36
ABplapappa,183,562,320,10.6,33,-1020
ABplapappa,184,562,319,10.5,33,285
ABplapappa,185,567,318,10.6,35,-504
ABplapappa,186,564,319,11.1,31,-9
ABplapappa,187,563,325,11.8,31,-779
ABplapappa,188,564,327,11.5,33,763
ABplapappa,189,569,320,11.6,33,149
ABplapappa,190,567,324,12.4,33,859
ABplapappa,191,567,322,12.4,33,862
ABplapappa,192,568,320,13.8,31,-586
ABplapappa,193,570,318,13.4,33,-594
ABplapappa,194,566,319,13.3,33,-1107
ABplapappa,195,567,323,14.2,35,-321
ABplapappa,196,568,330,14.0,31,374
ABplapappa,197,572,331,15.0,31,1092
ABplapappa,198,574,331,15.1,35,-1027
ABplapappa,199,577,324,15.8,31,-500
ABplapappa,200,578,324,15.1,35,-940
ABplapappa,201,577,324,15.1,35,-445
ABplapappa,202,575,325,14.3,32,-134
ABplapappa,203,573,325,14.1,32,-559
ABplapappa,204,574,324,14.2,34,-1771
ABplapappa,205,569,332,15.0,32,-427
ABplapappp,168,557,298,14.8,36,-1142
ABplapappp,169,564,291,15.1,36,283
ABplapappp,170,563,292,16.0,35,-268
ABplapappp,171,563,295,16.0,35,-48
ABplapappp,172,568,297,16.1,34,832
ABplapappp,173,570,305,15.0,37,214
ABplapappp,174,575,316,14.4,36,154
ABplapappp,175,578,322,15.2,33,-1466
ABplapappp,176,577,328,15.3,35,-676
ABplapappp,177,578,331,15.2,33,-62
ABplapappp,178,579,331,15.1,33,-1152
ABplapappp,179,578,328,15.3,33,186
ABplapappp,180,581,324,15.3,33,-889
ABplapappp,181,575,323,15.2,33,17
ABplapappp,182,574,325,16.1,35,-940
ABplapappp,183,575,324,16.1,31,-309
ABplapappp,184,574,321,15.4,35,724
ABplapappp,185,580,323,15.3,35,-478
ABplapappp,186,578,328,15.4,35,-414
ABplapappp,187,575,323,15.4,33,-439
ABplapappp,188,573,326,16.2,35,34
ABplapappp,189,577,323,16.2,35,418
ABplapappp,190,574,328,16.3,35,445
ABplapappp,191,573,329,17.2,35,889
ABplapappp,192,573,327,17.2,35,-1568
ABplapappp,193,575,328,17.2,33,-1174
ABplapappp,194,574,328,17.3,35,-698
ABplapappp,195,578,327,18.0,35,984
ABplapappp,196,577,326,18.2,35,-1488
ABplapappp,197,575,326,18.2,35,-240
ABplapappp,198,571,330,19.1,35,-318
ABplapappp,199,574,324,18.1,35,-1091
ABplapappp,200,574,324,18.1,35,74
ABplapappp,201,578,324,18.0,33,-1779
ABplapappp,202,577,327,18.1,32,1235
ABplapappp,203,576,323,18.0,32,668
ABplapappp,204,576,324,18.2,34,-759
ABplapappp,205,572,333,18.1,34,-724
ABplapp,77,334,245,9.1,36,396
ABplapp,78,326,248,8.2,42,-639
ABplapp,79,327,252,8.9,50,-178
ABplapp,80,329,260,9.0,49,-301
ABplapp,81,329,274,8.9,49,-545
ABplapp,82,332,275,9.0,51,-551
ABplapp,83,335,282,7.4,51,569
ABplapp,84,334,277,8.0,52,-312
ABplapp,85,336,275,7.2,53,654
ABplapp,86,338,270,7.1,54,-667
ABplapp,87,333,262,7.2,55,-216
ABplapp,88,333,264,7.1,54,-500
ABplapp,89,326,261,7.8,54,-495
ABplapp,90,334,260,7.9,54,-116
ABplapp,91,334,277,7.9,54,-886
ABplapp,92,335,271,8.0,54,-594
ABplapp,93,338,267,8.3,54,-484
ABplapp,94,338,281,8.2,54,-354
ABplapp,95,335,282,8.4,54,-701
ABplapp,96,338,284,9.0,54,-787
ABplapp,97,340,284,9.0,55,-126
ABplapp,98,334,288,8.9,53,-61
ABplapp,99,323,285,9.0,53,-372
ABplapp,100,330,286,9.2,60,-426
ABplappa,101,311,286,8.1,38,-752
ABplappa,102,308,289,7.5,49,-396
ABplappa,103,314,296,7.2,45,-949
ABplappa,104,303,297,8.1,48,198
ABplappa,105,310,299,7.9,46,404
ABplappa,106,312,300,7.1,44,-1056
ABplappa,107,319,293,7.1,46,262
ABplappa,108,322,287,7.0,44,-424
ABplappa,109,324,285,7.9,44,14
ABplappa,110,323,293,8.0,44,143
ABplappa,111,332,292,8.0,44,-49
ABplappa,112,337,298,8.0,44,-959
ABplappa,113,339,297,7.3,46,-152
ABplappa,114,339,298,7.3,46,-340
ABplappa,115,351,296,8.0,46,-504
ABplappa,116,354,306,8.1,46,-1336
ABplappa,117,354,307,8.2,46,-1142
ABplappa,118,358,310,8.3,48,-991
ABplappa,119,359,314,8.1,48,-573
ABplappa,120,370,324,8.2,46,727
ABplappa,121,383,327,8.2,46,-279
ABplappa,122,380,332,8.3,46,373
ABplappa,123,384,336,9.0,46,-1309
ABplappa,124,391,336,8.3,46,-195
ABplappa,125,393,346,8.9,44,-415
ABplappa,126,395,352,9.0,44,-625
ABplappa,127,401,354,9.0,48,18
ABplappa,128,405,354,9.0,46,-571
ABplappa,129,392,360,9.1,42,-402
ABplappa,130,411,356,9.0,35,-23
ABplappaa,131,398,377,8.4,35,-527
ABplappaa,132,407,373,8.3,34,-943
ABplappaa,133,410,379,8.9,40,-702
ABplappaa,134,409,375,8.2,39,847
ABplappaa,135,404,379,8.2,38,153
ABplappaa,136,394,379,8.2,41,16
ABplappaa,137,393,383,8.2,40,293
ABplappaa,138,392,381,8.0,41,-341
ABplappaa,139,401,383,8.1,39,-985
ABplappaa,140,404,381,7.3,41,-1178
ABplappaa,141,409,377,8.0,39,669
ABplappaa,142,409,380,8.2,41,692
ABplappaa,143,412,380,8.2,41,-142
ABplappaa,144,413,382,8.3,41,-122
ABplappaa,145,413,385,9.2,41,-615
ABplappaa,146,416,391,9.4,39,-226
ABplappaa,147,414,392,10.1,41,265
ABplappaa,148,417,395,9.5,39,-134
ABplappaa,149,421,392,10.2,39,-26
ABplappaa,150,426,387,10.0,37,224
ABplappaa,151,431,386,9.4,41,-118
ABplappaa,152,431,382,9.3,41,-15
ABplappaa,153,435,385,9.4,41,-179
ABplappaa,154,440,387,9.3,41,-544
ABplappaa,155,443,388,10.0,41,699
ABplappaa,156,446,391,10.5,41,79
ABplappaa,157,454,390,11.2,41,-386
ABplappaa,158,456,394,12.1,41,-210
ABplappaa,159,457,390,12.2,41,-423
ABplappaa,160,454,390,12.1,41,-203
ABplappaa,161,455,396,12.1,41,186
ABplappaa,162,458,401,13.0,41,284
ABplappaa,163,454,397,13.3,41,-482
ABplappaa,164,455,393,14.0,39,-757
ABplappaa,165,457,397,13.5,39,-804
ABplappaa,166,461,392,13.2,39,284
ABplappaa,167,469,389,15.0,29,-426
ABplappaa,168,470,385,14.1,36,-880
ABplappaaa,169,467,390,13.8,36,-301
ABplappaaa,170,469,395,12.1,33,-482
ABplappaaa,171,469,399,13.0,35,-509
ABplappaaa,172,470,398,13.0,34,-195
ABplappaaa,173,470,405,13.1,33,449
ABplappaaa,174,463,412,13.0,32,-788
ABplappaaa,175,470,410,13.1,31,-428
ABplappaaa,176,462,415,13.3,33,-272
ABplappaaa,177,457,414,13.2,31,317
ABplappaaa,178,453,413,13.2,31,539
ABplappaaa,179,453,412,13.1,33,456
ABplappaaa,180,453,410,13.2,33,-625
ABplappaaa,181,454,413,13.8,31,-307
ABplappaaa,182,456,414,13.4,33,-347
ABplappaaa,183,449,415,14.3,35,119
ABplappaaa,184,450,411,14.3,33,89
ABplappaaa,185,446,410,15.0,35,-543
ABplappaaa,186,445,412,15.0,31,855
ABplappaaa,187,439,415,15.0,35,204
ABplappaaa,188,438,414,15.2,35,401
ABplappaaa,189,444,412,15.3,35,-351
ABplappaaa,190,440,412,15.1,33,1249
ABplappaaa,191,432,416,15.3,33,153
ABplappaaa,192,435,412,15.1,31,245
ABplappaaa,193,436,412,14.5,33,-305
ABplappaaa,194,437,409,15.8,31,878
ABplappaaa,195,434,412,15.1,35,160
ABplappaaa,196,434,412,15.2,33,502
ABplappaaa,197,434,412,15.2,35,-361
ABplappaaa,198,428,412,16.1,35,-237
ABplappaaa,199,434,410,15.3,33,-214
ABplappaaa,200,434,410,16.0,35,-413
ABplappaaa,201,437,406,15.2,35,47
ABplappaaa,202,436,407,15.2,34,787
ABplappaaa,203,434,411,15.1,34,534
ABplappaaa,204,440,407,14.3,32,-454
ABplappaaa,205,438,409,14.9,30,-52
ABplappaap,169,492,380,15.8,36,-854
ABplappaap,170,494,372,16.9,35,1052
ABplappaap,171,492,366,16.9,35,424
ABplappaap,172,496,364,16.0,34,-713
ABplappaap,173,496,369,15.4,37,820
ABplappaap,174,496,376,15.2,34,462
ABplappaap,175,499,374,15.1,35,1177
ABplappaap,176,496,383,15.2,35,-37
ABplappaap,177,490,389,15.1,35,43
ABplappaap,178,488,390,15.3,35,-1174
ABplappaap,179,488,389,15.3,35,270
ABplappaap,180,489,391,15.4,35,123
ABplappaap,181,483,395,16.1,35,41
ABplappaap,182,483,393,16.2,35,-1107
ABplappaap,183,477,395,17.0,35,660
ABplappaap,184,477,393,16.4,35,-1628
ABplappaap,185,471,391,17.1,35,-930
ABplappaap,186,474,390,16.3,35,823
ABplappaap,187,469,394,17.1,35,936
ABplappaap,188,463,395,16.5,35,1156
ABplappaap,189,475,394,17.0,35,-811
ABplappaap,190,466,398,17.0,33,-307
ABplappaap,191,465,398,17.1,35,-581
ABplappaap,192,468,396,17.2,35,-793
ABplappaap,193,467,395,17.2,35,-146
ABplappaap,194,469,391,17.2,35,756
ABplappaap,195,467,393,17.2,35,-505
ABplappaap,196,468,387,17.2,35,-810
ABplappaap,197,469,384,17.3,33,-1065
ABplappaap,198,466,384,17.2,33,-391
ABplappaap,199,471,386,17.2,35,935
ABplappaap,200,472,383,17.1,35,28
ABplappaap,201,472,384,17.3,35,-247
ABplappaap,202,469,382,16.4,32,616
ABplappaap,203,468,383,17.0,34,1068
ABplappaap,204,468,384,17.0,34,-1196
ABplappaap,205,460,387,17.3,34,-524
ABplappap,131,449,367,9.3,33,1281
ABplappap,132,463,366,9.4,34,445
ABplappap,133,469,365,10.2,40,-257
ABplappap,134,471,371,10.0,39,341
ABplappap,135,471,369,9.8,38,-1200
ABplappap,136,475,377,9.1,39,-1021
ABplappap,137,471,371,8.9,38,-182
ABplappap,138,474,374,8.3,41,-1173
ABplappap,139,478,375,9.1,39,-851
ABplappap,140,480,378,9.8,37,-494
ABplappap,141,485,381,10.1,39,-1470
ABplappap,142,484,382,10.2,39,136
ABplappap,143,483,382,10.2,39,-560
ABplappap,144,481,380,9.4,41,-625
ABplappap,145,482,379,10.1,41,194
ABplappap,146,479,378,10.1,39,1344
ABplappap,147,475,380,10.2,39,-1049
ABplappap,148,478,382,10.3,41,308
ABplappap,149,478,377,10.3,41,-722
ABplappap,150,480,375,10.9,37,-1655
ABplappap,151,481,373,11.1,41,-344
ABplappap,152,482,374,11.1,41,-76
ABplappap,153,482,376,11.2,41,-974
ABplappap,154,485,379,11.2,41,-2
ABplappap,155,489,375,11.2,41,-662
ABplappap,156,487,373,11.2,41,-388
ABplappap,157,497,375,12.1,41,90
ABplappap,158,498,372,11.3,39,6
ABplappap,159,500,371,11.2,41,-7
ABplappap,160,501,371,11.4,39,-612
ABplappap,161,500,371,12.1,41,-1259
ABplappap,162,498,369,12.0,41,800
ABplappap,163,493,373,11.3,41,60
ABplappap,164,497,374,11.4,41,-463
ABplappap,165,499,375,12.1,37,329
ABplappap,166,505,374,12.1,39,-982
ABplappap,167,510,371,12.9,37,29
ABplappap,168,521,360,12.9,36,-266
ABplappap,169,527,359,13.8,36,-458
ABplappap,170,519,355,14.0,35,943
ABplappapa,171,501,361,12.1,35,-1574
ABplappapa,172,496,362,11.7,34,-651
ABplappapa,173,489,362,11.1,33,843
ABplappapa,174,489,365,11.0,32,2030
ABplappapa,175,496,370,10.9,31,-1563
ABplappapa,176,492,370,10.2,33,526
ABplappapa,177,488,374,10.4,35,-553
ABplappapa,178,485,372,10.3,33,-222
ABplappapa,179,495,370,10.5,33,-137
ABplappapa,180,493,366,11.5,33,344
ABplappapa,181,489,372,12.0,31,-921
ABplappapa,182,487,368,12.0,33,-108
ABplappapa,183,486,369,12.3,35,292
ABplappapa,184,487,368,12.3,35,-549
ABplappapa,185,485,370,12.3,33,-315
ABplappapa,186,479,376,12.1,35,647
ABplappapa,187,473,376,12.2,35,-77
ABplappapa,188,474,374,12.2,35,-138
ABplappapa,189,478,370,11.4,35,-13
ABplappapa,190,478,371,11.5,35,-730
ABplappapa,191,480,372,12.1,35,206
ABplappapa,192,479,372,12.2,33,-441
ABplappapa,193,484,369,12.0,31,-1367
ABplappapa,194,482,365,11.6,33,-410
ABplappapa,195,482,364,12.2,33,334
ABplappapa,196,483,366,12.0,33,-17
ABplappapa,197,481,368,12.2,35,85
ABplappapa,198,478,366,12.2,35,855
ABplappapa,199,482,365,12.1,33,-706
ABplappapa,200,484,365,11.4,33,302
ABplappapa,201,485,367,11.5,35,575
ABplappapa,202,487,364,11.4,32,-605
ABplappapa,203,479,367,11.2,34,-92
ABplappapa,204,483,366,11.1,34,-167
ABplappapa,205,480,372,11.3,34,-108
ABplappapp,171,537,349,13.5,33,436
ABplappapp,172,541,346,13.4,32,-444
ABplappapp,173,541,350,13.9,33,606
ABplappapp,174,539,349,13.2,32,847
ABplappapp,175,545,346,13.4,35,-796
ABplappapp,176,542,354,13.4,35,524
ABplappapp,177,538,358,14.3,33,-219
ABplappapp,178,532,355,14.3,35,387
ABplappapp,179,536,352,14.3,33,1673
ABplappapp,180,535,354,14.4,35,-1177
ABplappapp,181,530,357,14.2,35,47
ABplappapp,182,530,358,15.1,35,-646
ABplappapp,183,525,358,15.2,35,-310
ABplappapp,184,524,357,15.3,35,581
ABplappapp,185,523,359,15.5,35,-575
ABplappapp,186,521,361,15.3,35,508
ABplappapp,187,513,362,16.0,35,-602
ABplappapp,188,511,364,16.1,35,762
ABplappapp,189,512,361,15.3,35,-968
ABplappapp,190,508,367,16.2,35,-473
ABplappapp,191,508,363,16.1,35,-788
ABplappapp,192,510,364,16.1,35,-1272
ABplappapp,193,510,361,16.2,33,650
ABplappapp,194,516,356,17.0,35,-1159
ABplappapp,195,508,364,16.2,33,80
ABplappapp,196,506,362,16.3,35,1155
ABplappapp,197,507,361,16.3,35,-368
ABplappapp,198,505,360,17.1,35,-1043
ABplappapp,199,507,360,17.1,35,145
ABplappapp,200,510,359,17.0,35,225
ABplappapp,201,511,362,16.2,35,-471
ABplappapp,202,512,365,16.2,34,-1485
ABplappapp,203,514,363,16.1,34,848
ABplappapp,204,516,366,16.9,30,186
ABplappapp,205,505,370,16.9,30,-1020
ABplappp,101,357,286,9.3,36,-1001
ABplappp,102,365,290,10.8,53,711
ABplappp,103,376,294,10.9,51,-205
ABplappp,104,382,293,10.8,48,-302
ABplappp,105,395,300,11.0,46,-110
ABplappp,106,399,300,11.0,44,-327
ABplappp,107,399,303,10.1,44,382
ABplappp,108,404,303,9.9,44,-564
ABplappp,109,404,303,9.0,44,-199
ABplappp,110,411,307,8.8,44,-94
ABplappp,111,412,309,8.1,46,-995
ABplappp,112,415,310,7.9,44,676
ABplappp,113,419,314,7.4,46,-4
ABplappp,114,422,311,7.1,44,-356
ABplappp,115,425,318,7.2,46,225
ABplappp,116,429,323,7.2,44,23
ABplappp,117,431,318,7.2,44,-90
ABplappp,118,432,323,7.1,46,-195
ABplappp,119,439,325,7.1,46,-87
ABplappp,120,444,331,7.1,44,-1031
ABplappp,121,445,340,7.1,44,-252
ABplappp,122,444,344,7.9,44,-51
ABplappp,123,453,339,7.9,44,-301
ABplappp,124,458,338,8.0,44,-373
ABplappp,125,467,337,8.1,46,569
ABplappp,126,474,342,8.1,46,-845
ABplappp,127,479,344,8.2,44,-788
ABplappp,128,482,346,9.1,44,-612
ABplappp,129,476,352,9.2,44,-266
ABplappp,130,482,352,9.3,45,226
ABplappp,131,500,349,11.0,43,209
ABplappp,132,506,347,11.0,42,369
ABplappp,133,511,343,11.8,40,-713
ABplapppa,134,502,352,10.2,35,4
ABplapppa,135,500,346,10.1,38,902
ABplapppa,136,501,342,10.0,37,-779
ABplapppa,137,503,346,9.8,38,-1687
ABplapppa,138,500,341,9.0,37,-839
ABplapppa,139,505,345,9.2,37,-172
ABplapppa,140,510,348,9.8,37,-1243
ABplapppa,141,508,351,10.8,37,-487
ABplapppa,142,510,350,10.8,37,-432
ABplapppa,143,508,351,11.3,39,-1105
ABplapppa,144,507,353,11.2,37,-130
ABplapppa,145,520,359,11.2,39,171
ABplapppa,146,523,367,11.3,39,109
ABplapppa,147,515,368,11.9,37,-906
ABplapppa,148,521,365,11.9,37,-14
ABplapppa,149,517,362,11.5,39,-442
ABplapppa,150,518,363,12.2,37,-503
ABplapppa,151,518,364,13.0,41,543
ABplapppa,152,511,365,13.2,41,28
ABplapppa,153,518,371,13.3,41,-193
ABplapppa,154,514,369,13.4,41,-182
ABplapppa,155,509,365,14.2,41,-739
ABplapppa,156,511,358,14.4,39,-72
ABplapppa,157,519,356,14.3,41,89
ABplapppa,158,515,351,14.3,41,14
ABplapppa,159,520,354,14.3,41,-594
ABplapppa,160,522,355,15.1,41,185
ABplapppa,161,525,356,15.3,41,-255
ABplapppa,162,520,360,16.1,41,518
ABplapppa,163,517,360,16.1,41,167
ABplapppa,164,513,359,16.2,41,-201
ABplapppa,165,514,361,16.3,41,-444
ABplapppa,166,517,359,17.1,39,423
ABplapppa,167,525,355,17.2,41,193
ABplapppa,168,530,353,18.0,40,-321
ABplapppa,169,526,363,18.2,40,-216
ABplapppa,170,532,362,19.1,39,-822
ABplapppa,171,531,365,18.2,39,353
ABplapppa,172,541,359,18.1,38,-253
ABplapppa,173,535,367,18.1,37,-101
ABplapppa,174,526,371,17.3,36,368
ABplapppa,175,531,365,18.2,35,383
ABplapppa,176,532,368,18.4,33,-234
ABplapppaa,177,513,394,19.7,31,-1052
ABplapppaa,178,514,392,18.9,31,-7
ABplapppaa,179,518,390,18.9,31,658
ABplapppaa,180,518,393,19.0,31,1066
ABplapppaa,181,509,394,19.3,33,794
ABplapppaa,182,512,393,20.0,33,-257
ABplapppaa,183,514,390,20.2,33,639
ABplapppaa,184,510,393,19.4,35,-586
ABplapppaa,185,509,389,20.0,31,-1055
ABplapppaa,186,506,390,20.2,35,1247
ABplapppaa,187,507,388,19.3,33,-166
ABplapppaa,188,506,386,20.1,35,-729
ABplapppaa,189,506,382,20.2,35,1310
ABplapppaa,190,504,384,20.1,35,-822
ABplapppaa,191,502,376,21.0,35,-860
ABplapppaa,192,499,372,21.0,35,123
ABplapppaa,193,500,368,21.2,35,-628
ABplapppaa,194,504,370,21.1,35,-1054
ABplapppaa,195,502,371,21.0,35,719
ABplapppaa,196,503,363,21.2,35,606
ABplapppaa,197,499,359,21.1,35,521
ABplapppaa,198,495,357,21.1,35,-288
ABplapppaa,199,493,353,21.2,35,485
ABplapppaa,200,494,354,20.2,35,379
ABplapppaa,201,491,355,20.2,35,-803
ABplapppaa,202,493,358,20.2,34,807
ABplapppaa,203,495,356,20.0,34,-434
ABplapppaa,204,491,355,20.0,34,-181
ABplapppaa,205,487,362,20.2,34,-478
ABplapppap,177,539,356,19.1,31,-548
ABplapppap,178,542,350,18.9,31,-718
ABplapppap,179,543,351,19.2,33,394
ABplapppap,180,543,347,19.1,35,12
ABplapppap,181,537,348,19.2,35,-208
ABplapppap,182,536,350,20.1,35,-1088
ABplapppap,183,530,348,19.0,35,876
ABplapppap,184,533,351,19.1,35,-185
ABplapppap,185,529,351,19.1,35,-23
ABplapppap,186,528,351,19.1,35,15
ABplapppap,187,523,353,18.1,35,651
ABplapppap,188,523,353,18.1,35,-43
ABplapppap,189,519,352,18.0,35,-22
ABplapppap,190,515,354,19.0,35,-560
ABplapppap,191,511,353,18.0,35,-140
ABplapppap,192,517,351,18.1,35,-843
ABplapppap,193,517,352,18.1,35,-93
ABplapppap,194,516,353,18.0,35,-961
ABplapppap,195,515,355,18.0,35,-593
ABplapppap,196,512,354,18.0,29,656
ABplapppap,197,514,343,19.1,35,704
ABplapppap,198,513,346,19.1,35,-1374
ABplapppap,199,517,344,19.1,35,-382
ABplapppap,200,519,335,20.1,35,-1068
ABplapppap,201,519,336,20.1,35,135
ABplapppap,202,520,336,20.2,34,-1272
ABplapppap,203,518,335,20.1,34,-351
ABplapppap,204,517,334,20.3,34,156
ABplapppap,205,515,339,20.3,34,-731
ABplapppp,134,532,332,13.1,39,-600
ABplapppp,135,531,327,14.2,38,-840
ABplapppp,136,530,337,14.1,37,923
ABplapppp,137,527,335,14.8,38,-183
ABplapppp,138,526,333,14.1,39,427
ABplapppp,139,529,336,14.2,39,-154
ABplapppp,140,538,337,14.2,39,368
ABplapppp,141,538,337,14.3,39,-754
ABplapppp,142,542,343,15.0,37,198
ABplapppp,143,541,345,15.8,37,-753
ABplapppp,144,541,348,15.0,39,-250
ABplapppp,145,544,355,15.8,37,289
ABplapppp,146,542,355,16.1,37,-97
ABplapppp,147,534,355,15.3,41,-623
ABplapppp,148,537,359,15.8,37,387
ABplapppp,149,537,359,15.0,39,-808
ABplapppp,150,544,357,15.3,41,188
ABplapppp,151,543,359,16.1,39,1691
ABplapppp,152,537,357,16.0,39,33
ABplapppp,153,537,353,16.2,41,-1051
ABplapppp,154,534,353,17.1,37,-421
ABplapppp,155,551,353,17.0,37,708
ABplapppp,156,556,353,17.2,39,-190
ABplapppp,157,559,352,18.0,39,-274
ABplapppp,158,560,347,17.4,39,-346
ABplapppp,159,564,342,19.0,39,-450
ABplapppp,160,565,344,18.4,39,-745
ABplapppp,161,566,344,18.2,39,-1113
ABplapppp,162,562,349,18.3,39,407
ABplapppp,163,558,351,19.0,37,-484
ABplapppp,164,560,349,19.2,39,933
ABplapppp,165,557,352,19.1,39,913
ABplapppp,166,557,348,19.9,37,-175
ABplapppp,167,563,346,19.1,39,-401
ABplapppp,168,569,335,19.9,36,377
ABplapppp,169,569,336,20.1,36,-415
ABplapppp,170,571,329,20.2,39,-751
ABplapppp,171,570,333,20.2,37,81
ABplapppp,172,569,328,21.1,38,14
ABplapppp,173,571,326,21.1,37,508
ABplapppp,174,569,327,20.2,36,-832
ABplapppp,175,566,325,21.1,35,150
ABplapppp,176,564,324,21.1,35,-773
ABplapppp,177,565,323,20.1,35,-1295
ABplapppp,178,564,323,20.2,35,-674
ABplapppp,179,560,319,20.1,35,-494
ABplapppp,180,570,315,19.3,35,-568
ABplappppa,181,569,341,19.9,31,313
ABplappppa,182,570,340,19.9,31,-460
ABplappppa,183,573,337,19.3,35,800
ABplappppa,184,573,338,19.3,35,-279
ABplappppa,185,572,339,19.4,35,230
ABplappppa,186,574,339,19.1,35,-273
ABplappppa,187,570,344,19.9,31,447
ABplappppa,188,564,347,20.1,35,446
ABplappppa,189,565,344,20.0,31,-519
ABplappppa,190,560,348,20.3,35,-181
ABplappppa,191,558,348,21.1,35,567
ABplappppa,192,556,348,21.1,33,229
ABplappppa,193,553,348,21.4,35,708
ABplappppa,194,551,352,21.4,35,544
ABplappppa,195,555,348,21.9,31,1815
ABplappppa,196,553,346,22.1,31,-1656
ABplappppa,197,550,341,22.2,35,550
ABplappppa,198,551,338,22.2,35,1196
ABplappppa,199,551,338,22.1,35,-1007
ABplappppa,200,554,341,22.0,35,286
ABplappppa,201,550,340,22.1,33,-366
ABplappppa,202,549,345,22.0,32,63
ABplappppa,203,552,345,21.4,32,-1111
ABplappppa,204,551,347,21.1,34,-158
ABplappppa,205,547,349,21.2,34,251
ABplappppp,181,567,295,21.1,31,1651
ABplappppp,182,573,297,21.2,35,-1258
ABplappppp,183,573,299,21.1,35,705
ABplappppp,184,571,298,22.1,35,-1294
ABplappppp,185,574,302,22.1,35,-227
ABplappppp,186,571,307,22.1,35,195
ABplappppp,187,568,313,22.2,35,-655
ABplappppp,188,570,315,22.0,35,-546
ABplappppp,189,575,313,22.0,35,-1135
ABplappppp,190,572,319,22.1,35,-515
ABplappppp,191,573,315,22.1,33,-907
ABplappppp,192,573,310,22.2,35,-1068
ABplappppp,193,568,311,23.1,35,-1037
ABplappppp,194,567,312,22.2,35,-927
ABplappppp,195,569,309,22.3,35,396
ABplappppp,196,563,312,23.1,35,-1471
ABplappppp,197,562,311,23.1,33,401
ABplappppp,198,561,308,23.2,35,-306
ABplappppp,199,558,310,23.2,33,-510
ABplappppp,200,556,315,24.0,35,-537
ABplappppp,201,553,316,23.3,33,-1057
ABplappppp,202,549,316,24.1,30,-134
ABplappppp,203,550,319,23.4,32,-1005
ABplappppp,204,549,316,24.1,32,1410
ABplappppp,205,552,317,24.2,34,486
ABplp,40,332,299,9.3,45,-1015
ABplp,41,332,304,9.6,38,575
ABplp,42,333,309,9.9,31,-875
ABplp,43,329,309,10.0,46,-1343
ABplp,44,338,312,9.1,48,-564
ABplp,45,361,314,9.1,47,-191
ABplp,46,353,309,8.1,31,275
ABplp,47,361,309,9.0,49,-332
ABplp,48,376,320,9.1,34,-39
ABplp,49,368,319,9.0,50,-107
ABplp,50,378,332,9.1,53,-452
ABplp,51,366,336,9.9,51,-530
ABplp,52,366,345,9.9,52,184
ABplp,53,360,343,9.0,54,-829
ABplp,54,360,343,9.0,54,-593
ABplp,55,348,352,11.0,32,596
ABplpa,56,347,367,11.0,33,848
ABplpa,57,345,382,11.0,35,-197
ABplpa,58,343,386,12.0,43,532
ABplpa,59,350,399,12.0,44,-515
ABplpa,60,335,399,12.0,47,-25
ABplpa,61,327,399,11.1,49,-28
ABplpa,62,326,387,11.1,52,-960
ABplpa,63,321,382,11.0,52,-107
ABplpa,64,319,381,10.1,56,-570
ABplpa,65,311,371,9.2,59,149
ABplpa,66,314,376,10.1,61,-270
ABplpa,67,317,374,9.9,57,-168
ABplpa,68,317,377,9.3,63,-627
ABplpa,69,320,367,9.2,63,-570
ABplpa,70,322,362,9.7,58,-640
ABplpa,71,315,364,9.2,64,-452
ABplpa,72,316,361,10.0,65,-17
ABplpa,73,317,360,10.1,67,-513
ABplpa,74,315,361,10.1,64,-602
ABplpa,75,312,358,10.7,62,-126
ABplpa,76,314,361,10.8,61,-547
ABplpa,77,316,369,10.1,50,168
ABplpaa,78,298,373,9.9,36,-689
ABplpaa,79,309,376,8.9,50,21
ABplpaa,80,312,383,8.8,49,-635
ABplpaa,81,317,388,8.8,49,205
ABplpaa,82,319,384,8.1,49,-29
ABplpaa,83,318,382,8.2,51,-116
ABplpaa,84,311,381,8.9,50,-384
ABplpaa,85,319,376,8.5,55,-1035
ABplpaa,86,320,376,8.8,52,-231
ABplpaa,87,325,370,8.2,53,638
ABplpaa,88,322,370,8.2,54,-1131
ABplpaa,89,324,370,8.0,54,-783
ABplpaa,90,333,368,8.0,54,-686
ABplpaa,91,333,374,8.3,54,-143
ABplpaa,92,340,378,8.9,54,123
ABplpaa,93,333,374,8.2,54,-342
ABplpaa,94,324,377,8.8,54,-354
ABplpaa,95,319,377,9.0,54,-1064
ABplpaa,96,324,383,9.2,54,339
ABplpaa,97,318,387,9.9,53,-529
ABplpaa,98,309,388,10.0,53,-507
ABplpaa,99,310,388,10.0,53,-204
ABplpaa,100,311,385,9.3,54,-357
ABplpaa,101,313,381,9.0,54,-765
ABplpaa,102,315,374,9.0,33,-1365
ABplpaaa,103,285,377,8.0,35,1180
ABplpaaa,104,268,370,8.1,34,-543
ABplpaaa,105,271,373,8.3,42,-1087
ABplpaaa,106,268,377,8.0,44,-1223
ABplpaaa,107,273,377,8.1,44,-459
ABplpaaa,108,274,373,7.8,44,-254
ABplpaaa,109,270,374,7.9,44,-122
ABplpaaa,110,264,376,8.1,44,-149
ABplpaaa,111,265,380,8.8,44,-1104
ABplpaaa,112,264,379,8.9,44,-103
ABplpaaa,113,261,375,8.1,44,-576
ABplpaaa,114,255,374,8.2,44,-108
ABplpaaa,115,252,369,8.1,44,-922
ABplpaaa,116,254,378,8.9,44,477
ABplpaaa,117,254,379,9.0,44,297
ABplpaaa,118,250,380,9.9,44,866
ABplpaaa,119,248,384,10.2,44,-929
ABplpaaa,120,255,388,11.1,44,-394
ABplpaaa,121,262,394,12.1,44,514
ABplpaaa,122,260,395,13.0,44,199
ABplpaaa,123,261,393,13.9,44,-830
ABplpaaa,124,261,393,14.0,44,403
ABplpaaa,125,263,391,14.9,44,124
ABplpaaa,126,258,398,15.9,44,-240
ABplpaaa,127,263,391,15.1,44,-869
ABplpaaa,128,270,390,15.9,44,-1088
ABplpaaa,129,264,394,16.1,44,347
ABplpaaa,130,259,394,16.0,43,675
ABplpaaa,131,256,393,15.9,43,-620
ABplpaaa,132,261,392,16.0,34,-118
ABplpaaa,133,262,389,16.9,40,-608
ABplpaaaa,134,242,385,16.2,35,701
ABplpaaaa,135,241,386,16.9,38,-268
ABplpaaaa,136,238,392,16.1,37,1410
ABplpaaaa,137,236,393,16.0,38,-604
ABplpaaaa,138,231,389,15.5,39,-182
ABplpaaaa,139,234,387,15.4,39,-346
ABplpaaaa,140,231,390,15.4,39,-1122
ABplpaaaa,141,232,391,16.1,39,-389
ABplpaaaa,142,237,395,16.2,37,-171
ABplpaaaa,143,237,397,17.1,39,-986
ABplpaaaa,144,238,399,17.1,39,246
ABplpaaaa,145,240,397,17.3,39,-1114
ABplpaaaa,146,242,397,17.5,39,-684
ABplpaaaa,147,241,397,18.1,39,-437
ABplpaaaa,148,242,397,19.1,37,-358
ABplpaaaa,149,241,394,19.2,39,117
ABplpaaaa,150,245,398,19.2,39,-646
ABplpaaaa,151,249,398,19.8,37,127
ABplpaaaa,152,248,396,18.4,39,394
ABplpaaaa,153,254,399,18.3,39,1270
ABplpaaaa,154,256,402,18.5,39,-385
ABplpaaaa,155,257,402,19.1,39,89
ABplpaaaa,156,258,404,19.0,41,1091
ABplpaaaa,157,254,404,18.2,39,-85
ABplpaaaa,158,259,403,18.3,39,129
ABplpaaaa,159,258,399,17.3,39,-733
ABplpaaaa,160,257,397,18.0,39,-354
ABplpaaaa,161,262,397,18.0,41,-1077
ABplpaaaa,162,258,394,18.1,41,-77
ABplpaaaa,163,256,391,18.2,41,121
ABplpaaaa,164,251,388,18.1,41,178
ABplpaaaa,165,255,391,18.0,39,573
ABplpaaaa,166,253,393,18.1,41,-672
ABplpaaaa,167,259,395,18.1,41,-87
ABplpaaaa,168,267,394,18.2,40,318
ABplpaaaa,169,269,391,18.1,36,-844
ABplpaaaa,170,271,400,18.0,35,-105
ABplpaaaa,171,270,395,18.1,35,-203
ABplpaaaaa,172,247,396,17.1,28,-1846
ABplpaaaaa,173,237,396,16.9,33,-1772
ABplpaaaaa,174,239,392,17.0,32,-71
ABplpaaaaa,175,238,384,17.2,35,94
ABplpaaaaa,176,231,385,17.3,35,-510
ABplpaaaaa,177,234,377,18.1,35,-5
ABplpaaaaa,178,236,380,18.3,35,-749
ABplpaaaaa,179,237,380,19.1,35,-250
ABplpaaaaa,180,235,387,18.0,35,-1000
ABplpaaaaa,181,231,389,18.0,35,-337
ABplpaaaaa,182,233,386,17.3,35,275
ABplpaaaaa,183,230,386,17.2,35,-864
ABplpaaaaa,184,231,385,17.3,35,171
ABplpaaaaa,185,234,380,17.3,35,465
ABplpaaaaa,186,235,379,17.3,35,974
ABplpaaaaa,187,232,381,17.1,35,-127
ABplpaaaaa,188,232,383,17.2,35,-804
ABplpaaaaa,189,226,388,17.3,35,-678
ABplpaaaaa,190,225,383,17.2,35,457
ABplpaaaaa,191,222,385,17.3,35,-136
ABplpaaaaa,192,226,386,17.2,35,198
ABplpaaaaa,193,225,383,17.1,35,529
ABplpaaaaa,194,229,386,17.2,35,-884
ABplpaaaaa,195,223,388,17.3,35,1211
ABplpaaaaa,196,222,391,17.4,35,84
ABplpaaaaa,197,223,391,17.3,35,36
ABplpaaaaa,198,223,390,17.3,35,-501
ABplpaaaaa,199,227,389,17.3,35,178
ABplpaaaaa,200,235,389,17.1,35,1284
ABplpaaaaa,201,233,389,17.1,35,490
ABplpaaaaa,202,237,386,17.1,34,166
ABplpaaaaa,203,239,391,17.1,34,556
ABplpaaaaa,204,243,391,17.1,34,-612
ABplpaaaaa,205,240,387,17.1,34,-1399
ABplpaaaap,172,285,392,17.1,32,-212
ABplpaaaap,173,279,390,17.9,33,250
ABplpaaaap,174,277,385,18.9,32,407
ABplpaaaap,175,279,385,18.3,35,-98
ABplpaaaap,176,273,388,19.2,35,-312
ABplpaaaap,177,272,385,19.2,35,24
ABplpaaaap,178,273,388,19.2,35,-388
ABplpaaaap,179,271,393,19.1,35,142
ABplpaaaap,180,274,392,19.0,35,-918
ABplpaaaap,181,266,395,18.4,35,-730
ABplpaaaap,182,264,391,18.4,35,-330
ABplpaaaap,183,266,386,18.4,35,-1749
ABplpaaaap,184,266,390,18.3,35,-1225
ABplpaaaap,185,266,393,18.3,35,-1808
ABplpaaaap,186,267,391,18.2,35,-976
ABplpaaaap,187,261,388,18.0,35,-556
ABplpaaaap,188,258,392,17.3,35,367
ABplpaaaap,189,254,395,17.3,35,-49
ABplpaaaap,190,254,390,17.2,35,-582
ABplpaaaap,191,253,388,17.3,35,937
ABplpaaaap,192,259,387,18.1,35,-382
ABplpaaaap,193,256,382,17.2,35,-502
ABplpaaaap,194,257,386,18.0,35,95
ABplpaaaap,195,255,388,18.1,35,352
ABplpaaaap,196,251,391,18.2,35,-480
ABplpaaaap,197,251,393,18.2,35,-1216
ABplpaaaap,198,255,394,19.2,35,-1353
ABplpaaaap,199,259,394,19.1,35,-240
ABplpaaaap,200,268,402,19.2,35,185
ABplpaaaap,201,266,401,19.1,35,492
ABplpaaaap,202,273,400,19.1,34,-933
ABplpaaaap,203,277,399,19.1,34,-132
ABplpaaaap,204,281,403,19.1,34,-2138
ABplpaaaap,205,282,399,19.1,34,-581
ABplpaaap,134,286,391,16.2,35,-567
ABplpaaap,135,287,391,17.2,36,1538
ABplpaaap,136,290,397,17.8,37,894
ABplpaaap,137,295,403,18.1,38,-147
ABplpaaap,138,298,409,19.0,37,798
ABplpaaap,139,299,411,19.0,37,-902
ABplpaaap,140,298,414,19.1,37,-270
ABplpaaap,141,300,415,18.5,39,181
ABplpaaap,142,301,412,19.2,37,-497
ABplpaaap,143,306,414,19.9,37,-517
ABplpaaap,144,307,414,19.1,41,-921
ABplpaaap,145,309,413,19.1,39,987
ABplpaaap,146,306,414,19.3,41,-163
ABplpaaap,147,302,409,20.2,37,-1128
ABplpaaap,148,303,413,20.0,39,-36
ABplpaaap,149,300,409,19.3,39,365
ABplpaaap,150,304,411,19.1,39,587
ABplpaaap,151,304,412,18.3,41,-559
ABplpaaap,152,301,414,19.0,37,426
ABplpaaap,153,310,416,18.9,37,-1152
ABplpaaap,154,316,417,18.3,41,-311
ABplpaaap,155,318,418,18.3,39,785
ABplpaaap,156,318,417,18.4,41,28
ABplpaaap,157,318,417,18.5,41,75
ABplpaaap,158,312,417,19.1,39,-458
ABplpaaap,159,313,420,18.4,39,1238
ABplpaaap,160,314,421,18.2,39,1338
ABplpaaap,161,316,423,18.3,39,322
ABplpaaap,162,311,422,18.1,39,-508
ABplpaaap,163,304,419,18.1,41,911
ABplpaaap,164,302,419,18.2,41,-1721
ABplpaaap,165,301,417,18.2,37,111
ABplpaaap,166,307,419,18.2,39,137
ABplpaaap,167,310,420,18.1,39,-312
ABplpaaap,168,317,418,18.1,38,664
ABplpaaap,169,322,419,18.1,38,-817
ABplpaaap,170,318,421,18.3,39,-470
ABplpaaap,171,316,420,18.1,37,833
ABplpaaap,172,323,410,18.0,34,-115
ABplpaaap,173,315,414,17.9,33,121
ABplpaaapa,174,293,414,18.2,32,11
ABplpaaapa,175,297,419,18.9,31,-218
ABplpaaapa,176,293,417,18.9,31,185
ABplpaaapa,177,286,416,18.0,31,-756
ABplpaaapa,178,283,418,18.0,33,-1140
ABplpaaapa,179,291,419,18.1,35,155
ABplpaaapa,180,287,418,17.8,31,-1259
ABplpaaapa,181,280,415,17.1,31,-300
ABplpaaapa,182,278,416,16.5,33,-553
ABplpaaapa,183,275,415,17.0,35,-30
ABplpaaapa,184,275,416,16.4,33,402
ABplpaaapa,185,272,415,16.3,35,-49
ABplpaaapa,186,274,414,16.2,35,120
ABplpaaapa,187,274,413,15.3,35,-333
ABplpaaapa,188,274,414,15.2,35,-295
ABplpaaapa,189,270,412,15.2,33,712
ABplpaaapa,190,269,410,15.3,35,-213
ABplpaaapa,191,264,410,15.4,35,-123
ABplpaaapa,192,269,412,16.1,33,184
ABplpaaapa,193,272,412,17.1,35,-994
ABplpaaapa,194,281,413,17.2,35,252
ABplpaaapa,195,276,415,17.2,29,407
ABplpaaapa,196,279,415,18.9,31,-936
ABplpaaapa,197,274,418,17.3,35,56
ABplpaaapa,198,268,415,17.4,35,-19
ABplpaaapa,199,270,416,17.2,35,-107
ABplpaaapa,200,272,418,17.1,29,-140
ABplpaaapa,201,272,418,17.1,29,39
ABplpaaapa,202,274,416,17.0,34,-881
ABplpaaapa,203,271,415,16.3,34,1188
ABplpaaapa,204,270,416,16.1,34,-209
ABplpaaapa,205,263,412,16.2,34,-593
ABplpaaapp,174,333,420,17.1,32,512
ABplpaaapp,175,332,419,17.0,31,609
ABplpaaapp,176,322,414,17.1,31,176
ABplpaaapp,177,320,421,16.3,33,252
ABplpaaapp,178,316,421,16.2,35,820
ABplpaaapp,179,317,424,16.2,35,-939
ABplpaaapp,180,314,425,16.0,35,-595
ABplpaaapp,181,309,423,15.3,35,763
ABplpaaapp,182,308,419,15.3,35,1326
ABplpaaapp,183,301,420,15.0,35,-87
ABplpaaapp,184,303,416,15.2,35,290
ABplpaaapp,185,305,412,15.2,35,-246
ABplpaaapp,186,306,413,15.3,35,-316
ABplpaaapp,187,302,412,15.4,35,-1240
ABplpaaapp,188,301,410,16.1,35,-1573
ABplpaaapp,189,300,407,16.3,35,-622
ABplpaaapp,190,298,411,16.3,35,-163
ABplpaaapp,191,295,410,16.1,35,-418
ABplpaaapp,192,300,411,15.4,35,341
ABplpaaapp,193,293,410,15.1,29,-449
ABplpaaapp,194,297,412,15.3,35,627
ABplpaaapp,195,295,410,16.0,35,-455
ABplpaaapp,196,296,410,16.1,35,1175
ABplpaaapp,197,291,408,15.3,35,278
ABplpaaapp,198,290,412,15.3,35,-1223
ABplpaaapp,199,295,414,15.3,29,703
ABplpaaapp,200,297,412,16.1,33,-302
ABplpaaapp,201,294,407,16.1,35,636
ABplpaaapp,202,294,405,16.1,29,7
ABplpaaapp,203,294,405,16.1,29,-325
ABplpaaapp,204,295,408,16.2,34,-710
ABplpaaapp,205,291,407,16.1,34,-1880
ABplpaap,103,330,365,8.4,35,157
ABplpaap,104,324,361,8.3,36,-19
ABplpaap,105,335,367,8.3,42,-109
ABplpaap,106,339,367,9.1,44,-272
ABplpaap,107,343,373,9.1,44,-161
ABplpaap,108,350,375,10.0,44,249
ABplpaap,109,344,375,10.0,44,-495
ABplpaap,110,338,382,9.9,44,214
ABplpaap,111,337,385,10.0,44,-337
ABplpaap,112,332,383,10.1,44,-683
ABplpaap,113,334,385,9.9,44,-626
ABplpaap,114,331,386,9.1,44,-403
ABplpaap,115,324,386,8.9,44,-294
ABplpaap,116,326,381,9.1,44,-1109
ABplpaap,117,322,379,9.0,44,201
ABplpaap,118,320,386,9.9,44,-146
ABplpaap,119,318,393,10.1,44,-570
ABplpaap,120,322,396,10.9,44,-1587
ABplpaap,121,325,396,11.0,44,-351
ABplpaap,122,321,399,12.0,44,-560
ABplpaap,123,325,396,13.0,44,-1663
ABplpaap,124,321,401,13.1,44,149
ABplpaap,125,320,405,13.1,44,264
ABplpaap,126,321,408,13.4,46,152
ABplpaap,127,320,405,13.4,46,-373
ABplpaap,128,320,405,14.2,44,-28
ABplpaap,129,314,410,15.0,44,-1028
ABplpaap,130,312,406,15.0,43,-694
ABplpaap,131,308,412,15.0,39,112
ABplpaap,132,319,406,14.1,38,-646
ABplpaapa,133,304,417,14.3,29,720
ABplpaapa,134,301,419,13.4,37,-884
ABplpaapa,135,297,420,14.1,38,426
ABplpaapa,136,292,416,13.1,37,-780
ABplpaapa,137,280,413,13.0,38,-907
ABplpaapa,138,280,414,13.1,37,-636
ABplpaapa,139,277,416,13.2,37,-760
ABplpaapa,140,277,413,13.3,37,-1191
ABplpaapa,141,276,413,13.2,37,9
ABplpaapa,142,278,411,13.9,37,289
ABplpaapa,143,273,409,13.8,37,223
ABplpaapa,144,275,412,14.0,37,-1261
ABplpaapa,145,277,411,13.9,37,142
ABplpaapa,146,279,415,14.1,37,-137
ABplpaapa,147,274,416,14.8,37,18
ABplpaapa,148,284,417,14.8,37,478
ABplpaapa,149,282,414,14.8,37,38
ABplpaapa,150,287,412,14.2,37,-991
ABplpaapa,151,286,412,14.3,39,-823
ABplpaapa,152,284,411,14.2,37,-771
ABplpaapa,153,289,410,14.0,37,-475
ABplpaapa,154,291,406,13.9,37,-824
ABplpaapa,155,291,411,13.5,39,-548
ABplpaapa,156,294,412,14.0,37,-778
ABplpaapa,157,293,415,14.0,37,-309
ABplpaapa,158,295,415,13.5,39,-312
ABplpaapa,159,294,416,13.8,37,-188
ABplpaapa,160,296,413,13.4,39,-484
ABplpaapa,161,298,415,14.0,37,-1283
ABplpaapa,162,296,416,14.0,37,-230
ABplpaapa,163,292,419,14.1,37,-64
ABplpaapa,164,288,414,14.0,39,-1133
ABplpaapa,165,289,411,14.1,37,-1050
ABplpaapa,166,295,413,14.2,39,-1155
ABplpaapa,167,300,414,14.0,37,-637
ABplpaapa,168,303,418,14.1,36,46
ABplpaapa,169,304,419,15.0,40,21
ABplpaapa,170,296,418,14.4,37,-256
ABplpaapa,171,296,417,14.3,37,531
ABplpaapa,172,298,411,13.4,36,-176
ABplpaapa,173,290,408,14.3,37,683
ABplpaapa,174,284,406,14.1,32,876
ABplpaapaa,175,274,401,14.1,31,1052
ABplpaapaa,176,261,403,15.2,31,468
ABplpaapaa,177,253,403,15.1,31,1462
ABplpaapaa,178,259,404,15.1,31,-924
ABplpaapaa,179,255,408,15.4,33,-446
ABplpaapaa,180,254,409,14.4,35,-1279
ABplpaapaa,181,249,407,14.2,33,216
ABplpaapaa,182,250,406,14.0,35,684
ABplpaapaa,183,244,402,14.2,33,532
ABplpaapaa,184,245,404,13.5,33,-96
ABplpaapaa,185,246,400,13.5,35,424
ABplpaapaa,186,249,396,13.5,33,228
ABplpaapaa,187,244,399,13.4,33,-829
ABplpaapaa,188,246,398,13.3,33,293
ABplpaapaa,189,247,394,13.4,35,391
ABplpaapaa,190,245,395,14.0,35,-99
ABplpaapaa,191,243,393,13.5,35,-313
ABplpaapaa,192,245,391,13.4,33,-1475
ABplpaapaa,193,242,387,14.1,35,-17
ABplpaapaa,194,247,388,14.1,35,-642
ABplpaapaa,195,244,387,14.3,35,452
ABplpaapaa,196,244,390,14.4,33,-730
ABplpaapaa,197,242,392,14.5,35,-109
ABplpaapaa,198,240,394,15.0,35,-555
ABplpaapaa,199,243,395,14.4,33,-1049
ABplpaapaa,200,241,393,14.4,33,435
ABplpaapaa,201,239,392,14.3,35,-1479
ABplpaapaa,202,240,391,14.1,32,768
ABplpaapaa,203,240,391,14.1,32,-454
ABplpaapaa,204,242,392,14.2,34,-1072
ABplpaapaa,205,241,385,14.0,34,-616
ABplpaapap,175,295,407,13.9,27,-517
ABplpaapap,176,299,414,14.2,31,928
ABplpaapap,177,291,412,14.1,31,-960
ABplpaapap,178,287,412,14.1,31,-462
ABplpaapap,179,291,412,14.2,35,-329
ABplpaapap,180,294,413,13.2,33,300
ABplpaapap,181,293,413,12.6,35,-1512
ABplpaapap,182,293,412,12.4,35,399
ABplpaapap,183,287,411,13.0,35,529
ABplpaapap,184,286,411,13.0,35,-375
ABplpaapap,185,285,411,12.4,35,113
ABplpaapap,186,285,411,12.5,35,-201
ABplpaapap,187,281,411,12.2,35,-146
ABplpaapap,188,280,409,12.2,33,-1487
ABplpaapap,189,283,405,12.2,33,402
ABplpaapap,190,285,405,12.3,35,-592
ABplpaapap,191,281,398,12.3,33,823
ABplpaapap,192,280,399,12.4,35,373
ABplpaapap,193,275,395,13.0,33,149
ABplpaapap,194,278,401,12.5,33,379
ABplpaapap,195,276,400,13.2,35,-666
ABplpaapap,196,274,401,13.3,33,369
ABplpaapap,197,274,406,13.0,35,-655
ABplpaapap,198,272,407,13.2,35,-468
ABplpaapap,199,277,409,12.3,33,39
ABplpaapap,200,280,411,12.4,35,-316
ABplpaapap,201,281,408,13.1,35,-192
ABplpaapap,202,276,406,12.5,34,-2123
ABplpaapap,203,275,403,13.1,32,508
ABplpaapap,204,280,407,12.4,32,522
ABplpaapap,205,282,408,13.1,34,54
ABplpaapp,133,337,404,15.3,36,-250
ABplpaapp,134,338,404,16.1,39,748
ABplpaapp,135,337,403,17.0,38,522
ABplpaapp,136,335,407,16.9,37,322
ABplpaapp,137,337,411,16.2,38,64
ABplpaapp,138,331,413,16.9,37,-530
ABplpaapp,139,334,413,16.9,37,10
ABplpaapp,140,333,414,16.2,37,-50
ABplpaapp,141,331,410,16.1,39,1071
ABplpaapp,142,331,414,16.1,39,-196
ABplpaapp,143,330,412,15.4,39,-596
ABplpaapp,144,338,412,15.2,39,-353
ABplpaapp,145,336,413,15.1,37,116
ABplpaapp,146,338,410,16.1,39,-226
ABplpaapp,147,338,410,16.5,39,-770
ABplpaapp,148,344,406,16.4,41,932
ABplpaapp,149,344,408,16.4,39,151
ABplpaapp,150,346,406,16.8,37,146
ABplpaapp,151,346,406,16.1,37,-58
ABplpaapp,152,346,408,16.1,39,1093
ABplpaapp,153,349,412,16.0,39,-250
ABplpaapp,154,347,410,15.3,39,-709
ABplpaapp,155,347,411,15.3,39,-313
ABplpaapp,156,348,416,15.4,39,206
ABplpaapp,157,352,421,16.2,41,134
ABplpaapp,158,354,421,16.3,39,-1458
ABplpaapp,159,356,422,16.2,39,-837
ABplpaapp,160,355,421,16.1,39,2021
ABplpaapp,161,361,419,16.3,39,16
ABplpaapp,162,354,420,17.0,37,310
ABplpaapp,163,351,422,16.3,41,-722
ABplpaapp,164,350,418,17.0,41,-1137
ABplpaapp,165,346,416,16.2,41,-407
ABplpaapp,166,351,416,16.3,39,531
ABplpaapp,167,356,418,15.5,39,-444
ABplpaapp,168,353,416,15.1,32,133
ABplpaapp,169,363,409,15.1,34,-355
ABplpaappa,170,345,416,15.0,35,-778
ABplpaappa,171,342,416,14.8,35,167
ABplpaappa,172,346,418,14.2,34,144
ABplpaappa,173,341,421,14.0,33,-603
ABplpaappa,174,334,420,13.8,32,745
ABplpaappa,175,331,423,13.8,31,-973
ABplpaappa,176,330,421,13.3,35,-261
ABplpaappa,177,324,421,13.1,35,-967
ABplpaappa,178,322,419,12.4,35,-338
ABplpaappa,179,324,421,12.5,33,-353
ABplpaappa,180,331,419,12.5,35,-965
ABplpaappa,181,330,417,13.1,35,-1013
ABplpaappa,182,332,413,13.4,35,-489
ABplpaappa,183,330,414,13.2,33,-1111
ABplpaappa,184,330,413,12.4,35,-18
ABplpaappa,185,326,411,12.3,35,-914
ABplpaappa,186,322,409,12.4,35,299
ABplpaappa,187,319,401,13.0,35,-409
ABplpaappa,188,316,402,12.4,35,-398
ABplpaappa,189,317,405,13.1,35,-389
ABplpaappa,190,316,403,13.1,35,158
ABplpaappa,191,314,400,13.1,33,726
ABplpaappa,192,316,401,12.3,35,-114
ABplpaappa,193,313,406,12.2,35,675
ABplpaappa,194,317,405,12.3,35,-1244
ABplpaappa,195,312,404,11.5,35,345
ABplpaappa,196,306,407,11.3,35,-880
ABplpaappa,197,313,405,12.0,35,-368
ABplpaappa,198,312,404,12.0,35,544
ABplpaappa,199,316,407,11.4,33,-1194
ABplpaappa,200,317,403,11.2,35,50
ABplpaappa,201,314,401,11.3,35,-571
ABplpaappa,202,314,398,11.3,34,563
ABplpaappa,203,309,395,11.4,34,-417
ABplpaappa,204,311,394,11.4,34,-94
ABplpaappa,205,304,392,12.1,34,-508
ABplpaappp,170,378,413,15.3,33,-463
ABplpaappp,171,383,416,16.0,35,-776
ABplpaappp,172,390,417,15.9,34,-247
ABplpaappp,173,385,422,15.2,35,-613
ABplpaappp,174,385,418,14.9,32,-478
ABplpaappp,175,379,422,14.3,35,62
ABplpaappp,176,365,423,15.1,35,-217
ABplpaappp,177,354,422,15.1,35,-688
ABplpaappp,178,348,419,14.3,35,-378
ABplpaappp,179,352,420,14.3,35,773
ABplpaappp,180,358,419,14.4,35,-180
ABplpaappp,181,356,422,14.5,33,733
ABplpaappp,182,360,416,15.0,35,1421
ABplpaappp,183,351,411,15.1,35,-189
ABplpaappp,184,350,412,15.1,35,-883
ABplpaappp,185,348,415,15.2,35,-204
ABplpaappp,186,344,411,15.4,35,969
ABplpaappp,187,339,407,15.0,33,1908
ABplpaappp,188,340,406,14.3,35,1620
ABplpaappp,189,345,405,15.0,33,608
ABplpaappp,190,337,403,15.2,35,739
ABplpaappp,191,337,404,15.3,35,-197
ABplpaappp,192,339,403,15.1,35,-266
ABplpaappp,193,338,407,15.1,35,-245
ABplpaappp,194,338,408,15.2,35,-518
ABplpaappp,195,331,411,15.2,35,-526
ABplpaappp,196,330,412,15.3,33,-731
ABplpaappp,197,330,414,15.8,31,-895
ABplpaappp,198,325,416,15.1,33,1632
ABplpaappp,199,328,418,15.2,35,-390
ABplpaappp,200,329,423,15.1,33,669
ABplpaappp,201,328,419,15.0,35,-544
ABplpaappp,202,326,419,14.4,34,754
ABplpaappp,203,328,425,15.0,34,-9
ABplpaappp,204,331,421,14.4,34,1437
ABplpaappp,205,327,421,14.4,34,-214
ABplpap,78,340,387,11.8,54,-643
ABplpap,79,361,388,11.2,48,5
ABplpap,80,373,385,11.9,49,523
ABplpap,81,382,393,12.1,49,-545
ABplpap,82,392,403,12.3,51,-885
ABplpap,83,397,405,12.1,49,-1122
ABplpap,84,395,403,11.5,52,-1187
ABplpap,85,397,408,12.2,53,-71
ABplpap,86,394,410,13.0,52,-222
ABplpap,87,391,410,12.8,53,-1026
ABplpap,88,391,409,13.2,54,-556
ABplpap,89,398,408,12.9,54,-417
ABplpap,90,404,407,12.9,54,205
ABplpap,91,406,407,12.8,54,-609
ABplpap,92,402,404,12.2,54,-165
ABplpap,93,398,403,11.9,54,-748
ABplpap,94,397,402,12.2,54,261
ABplpap,95,389,403,12.2,54,-393
ABplpap,96,389,403,13.0,54,-581
ABplpap,97,387,403,13.2,53,-1008
ABplpap,98,382,399,13.2,55,-1328
ABplpap,99,379,400,13.2,55,-340
ABplpap,100,382,398,13.0,54,-33
ABplpap,101,373,400,13.9,54,-553
ABplpap,102,379,402,14.0,59,-500
ABplpapa,103,355,402,12.5,49,471
ABplpapa,104,349,408,12.8,48,368
ABplpapa,105,349,410,13.1,44,501
ABplpapa,106,348,414,13.1,44,-269
ABplpapa,107,345,412,13.0,44,-427
ABplpapa,108,340,412,13.0,44,-807
ABplpapa,109,347,415,12.9,44,-260
ABplpapa,110,343,416,13.1,44,137
ABplpapa,111,339,416,13.9,44,768
ABplpapa,112,338,418,14.1,44,142
ABplpapa,113,344,418,14.0,44,534
ABplpapa,114,346,419,14.0,44,-443
ABplpapa,115,336,417,13.8,44,-497
ABplpapa,116,333,418,13.9,44,-155
ABplpapa,117,340,420,14.0,44,-306
ABplpapa,118,337,419,14.2,44,-805
ABplpapa,119,338,419,15.1,44,-16
ABplpapa,120,335,417,16.9,44,301
ABplpapa,121,334,418,17.9,44,-1014
ABplpapa,122,329,420,17.2,46,-123
ABplpapa,123,330,419,17.3,46,-933
ABplpapa,124,325,418,17.4,46,-92
ABplpapa,125,322,417,18.2,46,-57
ABplpapa,126,325,415,20.0,44,578
ABplpapa,127,325,409,20.1,44,-973
ABplpapa,128,328,403,21.0,44,-54
ABplpapa,129,329,398,22.0,44,-389
ABplpapa,130,329,399,22.0,43,-108
ABplpapa,131,319,397,22.0,37,665
ABplpapa,132,330,395,22.0,36,-1166
ABplpapaa,133,302,393,22.0,32,-375
ABplpapaa,134,300,390,23.0,35,-279
ABplpapaa,135,305,392,24.1,38,823
ABplpapaa,136,296,391,24.0,37,-1034
ABplpapaa,137,305,391,24.0,38,735
ABplpapaa,138,310,383,24.3,41,341
ABplpapaa,139,319,383,24.2,41,-670
ABplpapaa,140,320,383,24.3,39,405
ABplpapaa,141,321,381,25.0,37,-297
ABplpapaa,142,326,377,25.0,37,1015
ABplpapaa,143,323,378,25.1,41,948
ABplpapaa,144,318,369,25.1,41,-5
ABplpapaa,145,325,368,25.1,39,-75
ABplpapaa,146,327,362,25.0,41,695
ABplpapaa,147,327,348,25.0,41,-565
ABplpapaa,148,326,345,24.1,41,143
ABplpapaa,149,328,346,24.1,39,97
ABplpapaa,150,327,348,24.1,39,-629
ABplpapaa,151,322,352,24.1,39,115
ABplpapaa,152,317,353,24.1,41,-226
ABplpapaa,153,310,362,24.0,37,-834
ABplpapaa,154,307,362,23.3,41,-19
ABplpapaa,155,309,367,23.1,41,-236
ABplpapaa,156,311,366,23.2,39,-1099
ABplpapaa,157,309,367,22.2,41,-1918
ABplpapaa,158,309,370,22.2,39,-1993
ABplpapaa,159,309,377,22.2,41,-249
ABplpapaa,160,313,380,22.1,41,-1315
ABplpapaa,161,313,370,22.1,41,-440
ABplpapaa,162,309,367,21.3,39,699
ABplpapaa,163,305,373,22.2,41,-1341
ABplpapaa,164,303,370,22.2,39,-163
ABplpapaa,165,305,373,23.1,41,-1068
ABplpapaa,166,309,369,22.9,37,-166
ABplpapaa,167,314,371,21.3,41,726
ABplpapaa,168,317,372,22.1,38,-353
ABplpapaa,169,323,378,21.3,40,563
ABplpapaa,170,328,377,21.2,39,-4
ABplpapaa,171,327,375,21.2,39,524
ABplpapaa,172,330,377,21.0,38,-624
ABplpapaa,173,333,374,21.0,33,-1092
ABplpapaa,174,335,375,22.0,32,761
ABplpapaa,175,340,380,21.0,31,-1001
ABplpapaaa,176,307,366,22.0,31,-816
ABplpapaaa,177,302,359,22.0,31,783
ABplpapaaa,178,304,358,22.0,31,81
ABplpapaaa,179,305,357,22.1,35,818
ABplpapaaa,180,301,363,22.0,31,287
ABplpapaaa,181,301,368,22.0,31,-128
ABplpapaaa,182,302,371,22.1,35,887
ABplpapaaa,183,301,371,22.1,35,-418
ABplpapaaa,184,302,368,22.0,33,-322
ABplpapaaa,185,298,372,22.0,31,-219
ABplpapaaa,186,299,369,22.2,33,-495
ABplpapaaa,187,295,362,21.2,35,628
ABplpapaaa,188,297,361,21.2,35,66
ABplpapaaa,189,299,361,22.1,33,-1730
ABplpapaaa,190,297,362,22.1,35,93
ABplpapaaa,191,294,360,22.0,35,398
ABplpapaaa,192,297,360,21.3,35,-277
ABplpapaaa,193,298,361,22.0,35,354
ABplpapaaa,194,299,364,22.3,35,-684
ABplpapaaa,195,299,361,22.2,35,-36
ABplpapaaa,196,296,359,23.0,35,-162
ABplpapaaa,197,294,355,22.2,35,-1429
ABplpapaaa,198,297,352,22.2,33,-653
ABplpapaaa,199,298,350,22.1,35,-937
ABplpapaaa,200,300,349,22.2,35,507
ABplpapaaa,201,297,346,22.1,35,-1646
ABplpapaaa,202,297,348,22.2,34,794
ABplpapaaa,203,297,345,22.2,34,-803
ABplpapaaa,204,299,343,22.1,34,-108
ABplpapaaa,205,296,340,22.1,34,80
ABplpapaap,176,353,379,21.1,31,89
ABplpapaap,177,347,380,21.9,31,-1600
ABplpapaap,178,347,381,22.0,31,-105
ABplpapaap,179,354,382,21.2,35,-13
ABplpapaap,180,353,378,22.1,33,402
ABplpapaap,181,352,371,22.3,35,-346
ABplpapaap,182,352,367,22.2,35,930
ABplpapaap,183,347,373,22.2,35,549
ABplpapaap,184,340,374,23.0,31,-443
ABplpapaap,185,335,370,22.3,35,533
ABplpapaap,186,338,365,22.1,35,-689
ABplpapaap,187,331,364,22.2,35,237
ABplpapaap,188,330,361,22.2,35,-189
ABplpapaap,189,334,360,22.2,35,-1032
ABplpapaap,190,330,365,22.2,35,-1127
ABplpapaap,191,333,366,22.1,35,-1084
ABplpapaap,192,332,366,22.2,35,205
ABplpapaap,193,331,363,22.2,35,686
ABplpapaap,194,334,363,23.1,35,-1075
ABplpapaap,195,337,355,23.1,35,274
ABplpapaap,196,336,353,23.0,35,355
ABplpapaap,197,336,350,21.1,33,-171
ABplpapaap,198,332,350,22.1,35,-313
ABplpapaap,199,335,349,22.0,35,407
ABplpapaap,200,336,348,21.1,35,714
ABplpapaap,201,335,347,21.1,35,-578
ABplpapaap,202,335,349,21.1,35,1062
ABplpapaap,203,335,352,21.0,34,-667
ABplpapaap,204,335,353,21.1,34,-211
ABplpapaap,205,329,353,20.0,34,-46
ABplpapap,133,348,398,22.0,34,301
ABplpapap,134,352,394,22.9,39,403
ABplpapap,135,355,392,22.9,38,-295
ABplpapap,136,357,395,21.9,37,14
ABplpapap,137,362,399,21.9,38,924
ABplpapap,138,362,403,21.1,39,-351
ABplpapap,139,364,402,21.2,39,-90
ABplpapap,140,366,401,22.1,39,-511
ABplpapap,141,361,400,22.0,39,333
ABplpapap,142,360,397,22.0,37,-514
ABplpapap,143,358,395,21.2,39,320
ABplpapap,144,351,399,22.1,39,-121
ABplpapap,145,353,395,23.0,37,165
ABplpapap,146,351,400,22.1,41,-539
ABplpapap,147,347,395,23.0,37,-969
ABplpapap,148,343,395,22.2,39,595
ABplpapap,149,340,392,22.2,41,-146
ABplpapap,150,336,394,23.2,41,229
ABplpapap,151,336,394,23.2,39,527
ABplpapap,152,340,396,23.2,37,-923
ABplpapap,153,339,393,23.0,39,-395
ABplpapap,154,337,391,23.2,41,-421
ABplpapap,155,335,392,23.1,41,54
ABplpapap,156,341,393,24.0,37,-910
ABplpapap,157,346,390,23.3,39,-349
ABplpapap,158,350,390,24.1,41,-426
ABplpapap,159,344,383,24.1,41,-139
ABplpapap,160,341,382,24.2,41,439
ABplpapap,161,333,376,25.0,41,253
ABplpapap,162,322,370,24.2,41,407
ABplpapap,163,325,374,25.2,41,-171
ABplpapap,164,315,369,25.1,29,726
ABplpapap,165,315,369,25.1,29,-1140
ABplpapap,166,333,382,25.0,41,-1342
ABplpapap,167,341,384,24.2,41,778
ABplpapap,168,352,388,24.1,40,-133
ABplpapap,169,365,389,24.1,38,236
ABplpapap,170,369,382,25.0,35,237
ABplpapap,171,375,377,25.0,35,-100
ABplpapapa,172,361,387,25.0,34,-480
ABplpapapa,173,356,386,25.1,33,677
ABplpapapa,174,363,393,25.1,32,87
ABplpapapa,175,363,388,24.3,35,793
ABplpapapa,176,350,389,25.0,35,672
ABplpapapa,177,345,392,25.2,35,1003
ABplpapapa,178,350,390,25.2,35,-50
ABplpapapa,179,354,391,25.1,35,-1280
ABplpapapa,180,354,395,25.2,35,-1168
ABplpapapa,181,347,395,25.2,35,-266
ABplpapapa,182,352,399,24.2,33,80
ABplpapapa,183,352,394,25.1,35,182
ABplpapapa,184,348,384,25.1,35,1602
ABplpapapa,185,346,384,25.2,35,1104
ABplpapapa,186,349,380,25.2,35,-644
ABplpapapa,187,339,378,25.1,35,-149
ABplpapapa,188,342,376,24.3,35,956
ABplpapapa,189,351,375,24.2,35,-47
ABplpapapa,190,348,372,24.1,29,-239
ABplpapapa,191,349,369,24.1,35,-216
ABplpapapa,192,350,367,24.2,35,1346
ABplpapapa,193,348,368,24.2,35,161
ABplpapapa,194,352,363,25.1,35,-339
ABplpapapa,195,356,358,26.0,35,260
ABplpapapa,196,355,361,25.2,35,1571
ABplpapapa,197,350,362,25.1,35,1182
ABplpapapa,198,349,360,25.1,35,-980
ABplpapapa,199,349,351,25.0,35,-90
ABplpapapa,200,351,346,25.0,31,751
ABplpapapa,201,351,348,25.0,35,-456
ABplpapapa,202,350,347,25.0,34,-1062
ABplpapapa,203,342,348,23.1,34,-607
ABplpapapa,204,343,345,23.1,34,58
ABplpapapa,205,344,342,23.2,34,-1002
ABplpapapp,172,392,359,24.9,34,1587
ABplpapapp,173,396,361,24.9,33,-34
ABplpapapp,174,395,364,24.2,36,-445
ABplpapapp,175,392,358,25.0,35,-631
ABplpapapp,176,391,365,25.0,35,999
ABplpapapp,177,386,365,25.2,35,494
ABplpapapp,178,385,366,25.2,35,-753
ABplpapapp,179,389,367,26.1,35,1145
ABplpapapp,180,387,368,26.1,35,883
ABplpapapp,181,384,371,25.2,35,-611
ABplpapapp,182,376,369,26.0,35,572
ABplpapapp,183,376,366,26.0,35,-780
ABplpapapp,184,376,357,26.1,35,229
ABplpapapp,185,375,363,26.1,35,1022
ABplpapapp,186,375,361,26.1,35,-353
ABplpapapp,187,371,359,26.2,35,-892
ABplpapapp,188,373,356,26.2,35,565
ABplpapapp,189,375,355,27.0,35,123
ABplpapapp,190,366,356,26.2,35,740
ABplpapapp,191,366,351,26.3,35,297
ABplpapapp,192,366,345,27.0,35,-140
ABplpapapp,193,368,349,27.0,31,-738
ABplpapapp,194,372,350,27.0,35,-73
ABplpapapp,195,374,344,27.0,35,302
ABplpapapp,196,376,337,27.0,35,49
ABplpapapp,197,380,331,26.0,35,763
ABplpapapp,198,374,336,27.0,35,1076
ABplpapapp,199,376,335,26.2,35,1612
ABplpapapp,200,381,325,26.1,35,350
ABplpapapp,201,379,324,26.1,35,232
ABplpapapp,202,378,329,26.1,34,-237
ABplpapapp,203,382,324,26.0,34,420
ABplpapapp,204,378,326,25.1,34,18
ABplpapapp,205,377,318,25.1,34,-1676
ABplpapp,103,397,404,15.1,51,-229
ABplpapp,104,398,404,15.0,48,5
ABplpapp,105,411,398,15.8,46,-97
ABplpapp,106,416,395,15.9,44,142
ABplpapp,107,422,398,16.0,44,-562
ABplpapp,108,419,406,16.0,44,-668
ABplpapp,109,424,413,16.0,44,663
ABplpapp,110,416,411,15.9,44,222
ABplpapp,111,418,416,15.9,44,834
ABplpapp,112,417,416,16.0,44,-66
ABplpapp,113,420,416,16.1,44,656
ABplpapp,114,416,415,16.0,44,-412
ABplpapp,115,411,415,16.0,44,-152
ABplpapp,116,405,418,15.9,44,-643
ABplpapp,117,407,414,15.1,44,-519
ABplpapp,118,401,416,15.1,44,503
ABplpapp,119,401,419,15.9,44,-1013
ABplpapp,120,401,420,16.0,44,-286
ABplpapp,121,401,418,16.1,44,-1641
ABplpapp,122,402,416,16.9,44,-803
ABplpapp,123,404,415,16.9,44,-391
ABplpapp,124,404,421,16.3,48,207
ABplpapp,125,404,416,16.4,46,-52
ABplpapp,126,404,416,17.1,44,-857
ABplpapp,127,401,414,17.1,44,-821
ABplpapp,128,404,412,18.0,44,140
ABplpapp,129,402,403,19.0,38,222
ABplpapp,130,405,395,20.0,37,1093
ABplpappa,131,392,400,21.1,33,564
ABplpappa,132,400,401,21.2,36,-581
ABplpappa,133,412,400,22.1,40,297
ABplpappa,134,407,402,22.0,39,614
ABplpappa,135,407,400,21.1,38,-1176
ABplpappa,136,400,409,20.1,37,-905
ABplpappa,137,399,415,20.1,38,-402
ABplpappa,138,399,418,19.1,37,-652
ABplpappa,139,399,415,19.1,41,-215
ABplpappa,140,396,414,19.2,39,-640
ABplpappa,141,396,414,19.0,39,1105
ABplpappa,142,394,411,20.1,39,-13
ABplpappa,143,398,406,19.2,41,-435
ABplpappa,144,395,401,20.3,39,-559
ABplpappa,145,395,399,21.1,41,462
ABplpappa,146,392,400,22.1,39,772
ABplpappa,147,390,388,23.1,39,537
ABplpappa,148,387,384,23.1,41,54
ABplpappa,149,382,382,24.0,37,-366
ABplpappa,150,380,383,24.0,41,31
ABplpappa,151,379,378,23.3,41,-634
ABplpappa,152,378,380,24.0,37,22
ABplpappa,153,374,379,24.1,39,599
ABplpappa,154,373,376,24.2,41,-283
ABplpappa,155,373,378,24.2,41,291
ABplpappa,156,371,373,25.1,41,1395
ABplpappa,157,370,366,25.0,41,219
ABplpappa,158,369,356,25.1,41,-100
ABplpappa,159,365,354,25.2,41,-536
ABplpappa,160,371,356,25.2,41,45
ABplpappa,161,373,357,25.2,41,541
ABplpappa,162,368,355,25.2,41,-559
ABplpappa,163,369,351,25.2,41,-314
ABplpappa,164,359,356,26.0,41,-167
ABplpappa,165,356,347,25.2,41,30
ABplpappa,166,356,341,25.1,39,391
ABplpappa,167,355,343,26.0,37,-1233
ABplpappa,168,362,337,25.0,36,-559
ABplpappaa,169,337,343,25.1,36,454
ABplpappaa,170,340,346,25.0,35,785
ABplpappaa,171,336,341,25.0,35,-657
ABplpappaa,172,341,343,26.0,36,-118
ABplpappaa,173,341,344,25.1,35,-10
ABplpappaa,174,338,341,26.1,36,-10
ABplpappaa,175,330,346,25.2,35,-583
ABplpappaa,176,325,348,25.2,35,-314
ABplpappaa,177,320,349,26.1,35,205
ABplpappaa,178,323,347,26.1,35,-499
ABplpappaa,179,325,351,26.1,35,-1495
ABplpappaa,180,322,355,26.1,35,-576
ABplpappaa,181,323,356,26.1,35,-1939
ABplpappaa,182,318,359,26.1,35,-388
ABplpappaa,183,316,354,27.0,35,455
ABplpappaa,184,321,351,26.1,35,-677
ABplpappaa,185,317,344,27.0,35,-160
ABplpappaa,186,321,339,27.0,35,-1117
ABplpappaa,187,321,340,26.1,35,-21
ABplpappaa,188,321,345,26.2,35,-533
ABplpappaa,189,325,347,26.0,35,-1071
ABplpappaa,190,320,348,26.1,35,-866
ABplpappaa,191,319,344,26.0,35,-771
ABplpappaa,192,321,341,26.1,35,-422
ABplpappaa,193,320,334,26.1,35,647
ABplpappaa,194,323,333,27.0,35,-234
ABplpappaa,195,321,327,26.1,35,-641
ABplpappaa,196,327,327,27.0,31,-1066
ABplpappaa,197,329,322,27.1,35,740
ABplpappaa,198,327,324,26.1,33,34
ABplpappaa,199,331,310,26.1,35,1417
ABplpappaa,200,330,309,26.1,33,-1093
ABplpappaa,201,323,318,27.0,35,-252
ABplpappaa,202,321,323,26.2,34,1865
ABplpappaa,203,323,323,26.9,30,-70
ABplpappaa,204,320,323,26.1,34,-436
ABplpappaa,205,315,318,26.0,34,-805
ABplpappap,169,368,329,25.0,36,-346
ABplpappap,170,376,328,25.0,35,819
ABplpappap,171,374,331,26.1,35,144
ABplpappap,172,383,330,27.0,34,332
ABplpappap,173,382,324,26.0,33,-300
ABplpappap,174,381,336,27.1,34,-238
ABplpappap,175,380,339,26.2,35,-301
ABplpappap,176,380,347,27.1,29,1264
ABplpappap,177,372,341,27.0,35,-933
ABplpappap,178,374,333,27.1,35,-36
ABplpappap,179,379,338,27.0,35,-346
ABplpappap,180,379,338,27.0,35,-329
ABplpappap,181,368,345,27.0,35,-286
ABplpappap,182,367,347,27.1,35,-584
ABplpappap,183,366,342,27.1,35,-398
ABplpappap,184,365,337,27.1,36,-78
ABplpappap,185,364,331,27.0,36,280
ABplpappap,186,363,326,27.0,37,54
ABplpappap,187,362,320,27.0,38,157
ABplpappap,188,362,316,26.5,37,-1032
ABplpappap,189,363,312,26.0,35,768
ABplpappap,190,363,312,26.0,35,1115
ABplpappap,191,362,306,25.0,29,-329
ABplpappap,192,359,306,25.0,35,238
ABplpappap,193,360,304,25.0,35,239
ABplpappap,194,370,304,26.0,35,564
ABplpappap,195,373,296,25.2,35,86
ABplpappap,196,375,298,24.3,33,470
ABplpappap,197,379,297,24.2,33,-767
ABplpappap,198,382,299,24.1,35,-232
ABplpappap,199,384,304,24.1,31,516
ABplpappap,200,387,300,23.2,33,-469
ABplpappap,201,388,303,23.9,31,-29
ABplpappap,202,388,309,23.0,30,-537
ABplpappap,203,388,308,23.1,30,-447
ABplpappap,204,385,304,23.1,32,218
ABplpappap,205,385,308,23.2,32,338
ABplpappp,131,433,391,20.2,37,-1480
ABplpappp,132,448,383,21.2,40,19
ABplpappp,133,461,377,22.0,40,-40
ABplpappp,134,465,376,22.1,39,-613
ABplpappp,135,465,377,22.9,38,328
ABplpappp,136,452,384,22.0,37,13
ABplpappp,137,448,391,22.0,38,-1089
ABplpappp,138,441,394,22.0,37,519
ABplpappp,139,442,392,22.0,37,120
ABplpappp,140,442,393,21.3,39,181
ABplpappp,141,432,391,22.0,41,564
ABplpappp,142,431,391,22.0,37,-944
ABplpappp,143,429,391,22.0,39,-617
ABplpappp,144,434,393,22.1,39,148
ABplpappp,145,434,389,22.1,37,-601
ABplpappp,146,428,383,23.0,39,1042
ABplpappp,147,429,380,23.1,39,142
ABplpappp,148,428,379,24.0,41,105
ABplpappp,149,425,380,23.1,39,821
ABplpappp,150,427,382,23.1,39,-439
ABplpappp,151,422,386,23.0,39,-592
ABplpappp,152,417,376,24.0,37,-395
ABplpappp,153,413,372,24.1,41,800
ABplpappp,154,411,370,24.1,41,-318
ABplpappp,155,410,373,24.1,41,350
ABplpappp,156,411,374,24.1,39,688
ABplpappp,157,415,367,25.0,39,-44
ABplpappp,158,412,365,25.1,39,-991
ABplpappp,159,413,368,25.1,41,-24
ABplpappp,160,418,367,25.0,41,1145
ABplpappp,161,419,364,25.2,41,-3
ABplpappp,162,417,368,26.0,41,215
ABplpappp,163,415,369,25.2,41,-566
ABplpappp,164,409,360,25.2,41,289
ABplpappp,165,412,359,26.0,37,-457
ABplpappp,166,413,352,26.0,39,-215
ABplpappp,167,415,348,25.1,41,-687
ABplpappp,168,409,341,26.1,40,-883
ABplpappp,169,407,335,26.1,40,746
ABplpappp,170,419,333,26.1,39,-160
ABplpappp,171,415,323,25.1,37,-424
ABplpappp,172,423,318,25.2,36,-462
ABplpappp,173,430,310,25.2,35,-684
ABplpapppa,174,413,321,25.0,32,151
ABplpapppa,175,414,327,26.0,35,-645
ABplpapppa,176,408,328,27.0,27,805
ABplpapppa,177,407,328,25.0,29,661
ABplpapppa,178,409,340,27.0,31,755
ABplpapppa,179,409,340,25.0,33,-1217
ABplpapppa,180,408,339,25.1,33,339
ABplpapppa,181,406,337,25.2,33,-1171
ABplpapppa,182,404,335,25.3,33,-484
ABplpapppa,183,402,334,25.4,33,-1247
ABplpapppa,184,401,332,25.6,34,-757
ABplpapppa,185,399,330,25.7,34,675
ABplpapppa,186,397,329,25.8,34,177
ABplpapppa,187,395,327,25.9,34,1095
ABplpapppa,188,393,325,26.0,35,-733
ABplpapppa,189,393,325,26.0,35,-533
ABplpapppa,190,389,324,25.1,35,103
ABplpapppa,191,389,318,26.0,35,-409
ABplpapppa,192,393,312,27.0,27,1466
ABplpapppa,193,392,310,27.0,27,-1029
ABplpapppa,194,399,316,26.0,35,-8
ABplpapppa,195,404,302,26.9,27,1535
ABplpapppa,196,404,301,26.9,27,1217
ABplpapppa,197,404,299,26.9,27,-25
ABplpapppa,198,404,298,26.9,27,1228
ABplpapppa,199,404,296,26.9,27,825
ABplpapppa,200,404,295,26.9,27,-214
ABplpapppa,201,405,293,26.9,27,143
ABplpapppa,202,405,293,26.9,27,182
ABplpapppa,203,398,289,26.1,34,797
ABplpapppa,204,399,287,26.9,30,45
ABplpapppa,205,404,287,27.1,30,-548
ABplpapppp,174,448,296,26.0,32,-94
ABplpapppp,175,450,292,26.0,31,-484
ABplpapppp,176,451,292,26.1,31,-1010
ABplpapppp,177,455,298,26.1,31,-212
ABplpapppp,178,459,304,26.1,31,245
ABplpapppp,179,459,302,26.1,31,45
ABplpapppp,180,458,299,26.1,30,-794
ABplpapppp,181,457,296,26.1,30,1345
ABplpapppp,182,456,293,26.1,29,870
ABplpapppp,183,456,290,26.0,29,292
ABplpapppp,184,455,287,26.0,28,165
ABplpapppp,185,454,284,26.0,28,487
ABplpapppp,186,453,281,26.0,27,433
ABplpapppp,187,450,286,26.0,27,1376
ABplpapppp,188,452,291,26.1,31,-648
ABplpapppp,189,455,288,26.1,31,-829
ABplpapppp,190,448,292,26.1,31,630
ABplpapppp,191,448,292,26.1,31,-813
ABplpapppp,192,447,286,27.0,31,1040
ABplpapppp,193,445,287,26.9,27,528
ABplpapppp,194,448,282,26.1,33,299
ABplpapppp,195,451,282,26.9,31,1030
ABplpapppp,196,451,282,26.9,31,756
ABplpapppp,197,451,274,26.1,31,259
ABplpapppp,198,452,272,26.1,31,225
ABplpapppp,199,449,269,26.1,33,-391
ABplpapppp,200,454,267,26.0,31,-329
ABplpapppp,201,463,274,26.1,31,-503
ABplpapppp,202,460,273,26.1,31,-321
ABplpapppp,203,457,271,26.1,32,2367
ABplpapppp,204,457,269,26.1,31,407
ABplpapppp,205,456,267,26.0,30,-705
ABplpp,56,384,339,9.1,30,538
ABplpp,57,403,356,9.1,35,50
ABplpp,58,402,355,9.9,39,115
ABplpp,59,406,357,8.1,44,-68
ABplpp,60,413,357,8.1,47,-875
ABplpp,61,413,357,8.1,47,-166
ABplpp,62,419,338,8.0,48,-161
ABplpp,63,424,340,7.9,48,-990
ABplpp,64,421,338,7.9,50,-81
ABplpp,65,413,333,7.9,53,114
ABplpp,66,408,339,8.0,57,-732
ABplpp,67,412,350,8.8,57,412
ABplpp,68,406,344,8.2,59,-445
ABplpp,69,411,351,8.2,59,19
ABplpp,70,417,351,8.7,58,-934
ABplpp,71,414,354,8.7,60,-136
ABplpp,72,409,354,8.3,65,-222
ABplpp,73,405,346,8.3,63,-162
ABplpp,74,401,343,8.5,64,-4
ABplpp,75,398,343,9.8,62,-474
ABplpp,76,387,327,9.1,59,-238
ABplpp,77,405,322,9.1,48,172
ABplppa,78,389,317,7.1,38,-30
ABplppa,79,384,312,7.1,38,-531
ABplppa,80,380,310,7.9,49,460
ABplppa,81,381,315,7.2,49,-400
ABplppa,82,377,315,6.9,49,43
ABplppa,83,385,311,6.3,49,-289
ABplppa,84,384,316,7.0,50,-248
ABplppa,85,390,314,6.9,51,-125
ABplppa,86,390,314,6.8,52,4
ABplppa,87,389,316,6.8,53,-389
ABplppa,88,391,319,6.8,54,-452
ABplppa,89,392,316,6.2,54,60
ABplppa,90,401,313,6.6,54,-787
ABplppa,91,401,322,6.8,54,-404
ABplppa,92,396,317,6.9,54,244
ABplppa,93,400,315,6.8,54,-360
ABplppa,94,401,320,6.9,54,-98
ABplppa,95,404,325,6.8,54,-29
ABplppa,96,403,331,6.8,54,687
ABplppa,97,401,341,6.9,53,-654
ABplppa,98,397,343,7.0,53,-122
ABplppa,99,392,344,7.8,53,8
ABplppa,100,390,345,7.9,54,217
ABplppa,101,389,346,7.9,54,-453
ABplppa,102,385,340,7.1,39,517
ABplppa,103,388,348,7.2,35,-315
ABplppaa,104,368,342,6.9,32,16
ABplppaa,105,370,352,7.1,38,-1123
ABplppaa,106,370,353,7.0,44,-148
ABplppaa,107,373,356,6.9,44,-420
ABplppaa,108,376,358,6.1,42,819
ABplppaa,109,367,361,6.0,44,-927
ABplppaa,110,369,363,6.8,44,-1013
ABplppaa,111,373,369,7.0,44,412
ABplppaa,112,368,374,7.1,44,-553
ABplppaa,113,370,377,7.1,44,-199
ABplppaa,114,370,375,7.1,44,-566
ABplppaa,115,367,376,7.2,44,-128
ABplppaa,116,367,375,7.1,44,-296
ABplppaa,117,367,375,7.1,44,-467
ABplppaa,118,364,378,7.8,44,-803
ABplppaa,119,358,379,7.8,44,83
ABplppaa,120,367,386,8.0,44,63
ABplppaa,121,368,390,8.8,44,-969
ABplppaa,122,369,401,10.0,44,-637
ABplppaa,123,374,405,10.1,44,-373
ABplppaa,124,372,404,10.1,44,700
ABplppaa,125,370,409,11.0,44,-1185
ABplppaa,126,369,411,11.9,44,1088
ABplppaa,127,371,409,11.9,44,-278
ABplppaa,128,369,412,12.0,44,-397
ABplppaa,129,367,416,13.0,44,-44
ABplppaa,130,369,421,13.9,43,-126
ABplppaa,131,374,422,15.0,43,-355
ABplppaa,132,380,421,15.9,42,-1031
ABplppaa,133,393,422,16.1,40,-511
ABplppaa,134,384,422,16.0,43,1332
ABplppaa,135,386,421,16.0,38,-30
ABplppaa,136,381,419,15.0,37,22
ABplppaa,137,382,416,15.1,38,765
ABplppaaa,138,366,420,15.8,37,516
ABplppaaa,139,371,423,15.8,37,111
ABplppaaa,140,372,418,16.0,37,-944
ABplppaaa,141,369,420,15.0,37,647
ABplppaaa,142,370,425,15.9,37,-1325
ABplppaaa,143,370,423,16.2,37,-334
ABplppaaa,144,371,419,17.3,39,-32
ABplppaaa,145,368,417,17.4,39,216
ABplppaaa,146,366,408,18.1,37,118
ABplppaaa,147,370,409,18.8,37,94
ABplppaaa,148,373,409,18.9,37,1425
ABplppaaa,149,371,411,19.0,37,1320
ABplppaaa,150,374,410,19.0,37,-440
ABplppaaa,151,371,412,19.0,37,526
ABplppaaa,152,371,409,19.1,39,-217
ABplppaaa,153,370,413,19.2,41,277
ABplppaaa,154,368,413,19.2,39,-179
ABplppaaa,155,363,414,19.1,39,-824
ABplppaaa,156,369,408,19.2,41,-237
ABplppaaa,157,374,407,20.2,39,346
ABplppaaa,158,369,402,20.1,41,193
ABplppaaa,159,365,399,20.2,39,801
ABplppaaa,160,364,399,20.1,39,229
ABplppaaa,161,362,400,20.9,37,486
ABplppaaa,162,356,400,21.0,39,-613
ABplppaaa,163,356,399,20.9,37,258
ABplppaaa,164,348,400,20.0,37,1320
ABplppaaa,165,348,400,19.2,39,-322
ABplppaaa,166,352,403,20.1,41,-1104
ABplppaaa,167,352,403,20.1,41,-1397
ABplppaaa,168,362,413,19.3,40,-376
ABplppaaa,169,369,409,19.1,40,-192
ABplppaaa,170,371,406,19.1,39,-480
ABplppaaa,171,365,405,19.1,39,932
ABplppaaa,172,368,412,19.0,38,46
ABplppaaa,173,365,415,18.3,37,-603
ABplppaaa,174,370,410,18.2,36,1659
ABplppaaa,175,370,408,17.2,33,231
ABplppaaa,176,361,413,17.1,35,-763
ABplppaaa,177,353,412,17.1,35,140
ABplppaaa,178,350,405,17.3,35,733
ABplppaaa,179,350,399,18.3,33,390
ABplppaaa,180,349,399,18.1,31,-1362
ABplppaaaa,181,330,398,19.0,31,560
ABplppaaaa,182,329,404,19.2,31,112
ABplppaaaa,183,326,403,19.0,31,-99
ABplppaaaa,184,321,407,18.1,35,-711
ABplppaaaa,185,319,406,19.0,35,200
ABplppaaaa,186,319,406,18.2,35,384
ABplppaaaa,187,316,403,18.0,35,-725
ABplppaaaa,188,319,402,18.2,35,-443
ABplppaaaa,189,314,400,18.1,35,-564
ABplppaaaa,190,320,397,18.2,35,-617
ABplppaaaa,191,319,398,18.2,35,-1084
ABplppaaaa,192,323,393,18.2,35,-1136
ABplppaaaa,193,326,396,18.1,35,-1261
ABplppaaaa,194,327,396,18.1,35,-287
ABplppaaaa,195,324,395,19.1,35,580
ABplppaaaa,196,326,394,19.3,35,-311
ABplppaaaa,197,324,395,19.2,35,-989
ABplppaaaa,198,345,396,18.3,33,-439
ABplppaaaa,199,322,399,19.2,35,-511
ABplppaaaa,200,326,398,19.2,35,-824
ABplppaaaa,201,326,398,19.2,35,-1242
ABplppaaaa,202,328,399,19.2,34,1634
ABplppaaaa,203,330,396,19.1,34,-339
ABplppaaaa,204,336,397,19.0,34,402
ABplppaaaa,205,333,399,19.0,34,35
ABplppaaap,181,359,400,18.0,31,1561
ABplppaaap,182,363,401,18.1,31,418
ABplppaaap,183,356,396,18.9,31,264
ABplppaaap,184,356,392,18.9,31,-2124
ABplppaaap,185,355,388,19.1,31,-226
ABplppaaap,186,354,382,19.9,31,-1160
ABplppaaap,187,351,381,19.1,31,-1502
ABplppaaap,188,351,381,18.9,31,-1541
ABplppaaap,189,356,381,18.9,31,-22
ABplppaaap,190,351,382,18.0,31,-189
ABplppaaap,191,350,385,18.1,31,33
ABplppaaap,192,353,384,18.0,31,493
ABplppaaap,193,353,384,18.0,31,-1737
ABplppaaap,194,351,388,17.5,33,-100
ABplppaaap,195,350,387,18.0,31,-1139
ABplppaaap,196,349,389,18.1,33,-1105
ABplppaaap,197,348,392,18.1,33,-1477
ABplppaaap,198,353,394,20.0,35,-820
ABplppaaap,199,361,393,21.1,35,323
ABplppaaap,200,360,393,22.0,35,431
ABplppaaap,201,362,392,21.2,35,114
ABplppaaap,202,364,391,20.2,34,642
ABplppaaap,203,368,387,20.1,34,319
ABplppaaap,204,367,388,20.2,34,941
ABplppaaap,205,364,387,20.1,34,84
ABplppaap,138,392,407,14.1,35,-15
ABplppaap,139,405,406,13.3,35,192
ABplppaap,140,409,411,13.9,37,-352
ABplppaap,141,411,412,13.8,37,805
ABplppaap,142,414,411,13.9,37,58
ABplppaap,143,416,414,13.9,37,-224
ABplppaap,144,417,416,14.1,37,-282
ABplppaap,145,417,419,15.0,37,194
ABplppaap,146,415,419,15.9,37,-636
ABplppaap,147,411,421,16.1,37,300
ABplppaap,148,409,424,16.9,37,898
ABplppaap,149,410,423,17.1,37,122
ABplppaap,150,412,424,17.2,39,-914
ABplppaap,151,410,418,17.1,37,-947
ABplppaap,152,402,421,17.1,37,59
ABplppaap,153,404,418,17.9,37,1282
ABplppaap,154,402,414,17.1,37,771
ABplppaap,155,400,414,17.8,37,-729
ABplppaap,156,400,412,17.9,37,334
ABplppaap,157,403,410,18.0,37,-457
ABplppaap,158,402,402,18.3,39,1007
ABplppaap,159,403,397,19.2,39,-171
ABplppaap,160,401,394,20.0,39,711
ABplppaap,161,400,388,20.2,39,-1331
ABplppaap,162,393,381,21.0,37,265
ABplppaap,163,390,382,20.1,39,-444
ABplppaap,164,388,390,20.2,41,-1138
ABplppaap,165,386,391,20.2,39,153
ABplppaap,166,387,396,20.2,39,-1341
ABplppaap,167,391,393,20.2,41,-748
ABplppaap,168,397,391,21.1,40,-255
ABplppaap,169,403,395,21.1,40,272
ABplppaap,170,402,400,21.1,39,-107
ABplppaap,171,403,402,21.3,39,-738
ABplppaap,172,403,402,22.1,38,-77
ABplppaap,173,399,401,22.3,37,-1000
ABplppaap,174,396,396,22.0,36,-372
ABplppaap,175,402,397,22.0,35,471
ABplppaap,176,403,400,21.2,35,-1108
ABplppaap,177,396,398,21.0,31,154
ABplppaap,178,396,397,20.9,31,143
ABplppaapa,179,384,394,20.9,31,772
ABplppaapa,180,383,390,21.0,31,-442
ABplppaapa,181,379,391,20.3,33,270
ABplppaapa,182,383,390,20.3,35,-384
ABplppaapa,183,377,395,21.2,35,-1560
ABplppaapa,184,381,396,21.3,35,745
ABplppaapa,185,380,394,22.1,35,-353
ABplppaapa,186,385,395,22.2,35,-403
ABplppaapa,187,384,394,22.3,35,-75
ABplppaapa,188,382,397,22.3,35,-780
ABplppaapa,189,389,394,23.0,31,390
ABplppaapa,190,390,390,23.1,33,-389
ABplppaapa,191,385,393,23.2,35,-336
ABplppaapa,192,390,393,23.1,35,1067
ABplppaapa,193,385,393,23.1,35,-508
ABplppaapa,194,387,393,23.0,35,-329
ABplppaapa,195,384,389,23.2,33,588
ABplppaapa,196,387,389,23.2,35,-1117
ABplppaapa,197,382,388,23.3,35,178
ABplppaapa,198,383,380,23.3,35,-930
ABplppaapa,199,388,381,24.0,35,550
ABplppaapa,200,389,381,24.1,35,-543
ABplppaapa,201,390,381,23.3,35,-31
ABplppaapa,202,391,382,23.1,30,-628
ABplppaapa,203,389,378,23.2,34,-941
ABplppaapa,204,387,378,23.2,34,109
ABplppaapa,205,385,374,23.1,34,-440
ABplppaapp,179,418,399,21.1,31,-929
ABplppaapp,180,425,399,21.1,31,141
ABplppaapp,181,424,399,22.0,31,268
ABplppaapp,182,425,397,22.3,35,1128
ABplppaapp,183,423,392,23.1,35,158
ABplppaapp,184,422,396,23.1,31,93
ABplppaapp,185,419,391,23.2,35,621
ABplppaapp,186,425,393,23.3,35,-577
ABplppaapp,187,424,390,24.0,35,86
ABplppaapp,188,424,397,23.2,35,-687
ABplppaapp,189,428,394,23.2,35,-1389
ABplppaapp,190,426,396,23.1,35,1404
ABplppaapp,191,421,388,23.3,35,-617
ABplppaapp,192,425,387,24.1,35,-1000
ABplppaapp,193,425,391,23.2,35,-186
ABplppaapp,194,427,384,24.1,35,-898
ABplppaapp,195,427,386,24.0,35,59
ABplppaapp,196,425,387,24.1,35,65
ABplppaapp,197,422,376,24.1,29,479
ABplppaapp,198,421,377,24.1,29,-1070
ABplppaapp,199,429,375,25.0,31,-59
ABplppaapp,200,427,382,24.0,35,-614
ABplppaapp,201,426,372,25.0,33,-921
ABplppaapp,202,429,370,24.3,32,-791
ABplppaapp,203,426,368,25.1,34,-671
ABplppaapp,204,422,363,25.0,30,902
ABplppaapp,205,418,366,25.1,30,1138
ABplppap,104,404,340,8.1,30,1306
ABplppap,105,413,350,8.3,40,208
ABplppap,106,420,357,9.1,44,-142
ABplppap,107,426,358,9.8,44,25
ABplppap,108,434,361,9.8,44,-362
ABplppap,109,435,364,9.0,44,-480
ABplppap,110,436,370,9.0,44,373
ABplppap,111,435,365,9.1,44,-909
ABplppap,112,435,370,9.2,44,-457
ABplppap,113,432,371,9.9,44,-740
ABplppap,114,431,368,9.2,46,398
ABplppap,115,426,377,10.1,44,825
ABplppap,116,425,377,10.0,44,-220
ABplppap,117,420,378,9.9,44,-408
ABplppap,118,418,376,10.2,44,-162
ABplppap,119,415,371,11.1,44,919
ABplppap,120,421,370,11.9,44,-634
ABplppap,121,418,366,12.2,46,481
ABplppap,122,419,363,12.4,46,-381
ABplppap,123,415,361,13.1,46,200
ABplppap,124,416,363,13.2,46,-716
ABplppap,125,414,361,13.1,46,110
ABplppap,126,411,369,12.5,46,-420
ABplppap,127,419,374,13.0,46,-37
ABplppap,128,414,369,13.2,46,377
ABplppap,129,411,378,14.1,44,-496
ABplppap,130,415,385,14.2,45,80
ABplppap,131,422,388,15.0,43,36
ABplppap,132,425,386,15.0,42,-108
ABplppap,133,428,387,15.0,40,181
ABplppap,134,425,377,14.1,35,-91
ABplppapa,135,409,368,14.2,34,-767
ABplppapa,136,397,362,14.0,37,-412
ABplppapa,137,398,356,14.0,38,-478
ABplppapa,138,396,352,13.8,37,-91
ABplppapa,139,397,351,14.0,37,-471
ABplppapa,140,402,356,14.1,39,15
ABplppapa,141,404,357,14.9,37,-403
ABplppapa,142,404,359,14.1,37,-519
ABplppapa,143,404,358,14.0,37,-1415
ABplppapa,144,408,359,14.1,37,-647
ABplppapa,145,411,367,14.2,37,-417
ABplppapa,146,413,371,14.1,37,1393
ABplppapa,147,412,377,14.1,37,558
ABplppapa,148,418,382,14.2,37,-706
ABplppapa,149,419,384,14.3,39,959
ABplppapa,150,423,390,15.0,37,-70
ABplppapa,151,423,386,14.2,41,-24
ABplppapa,152,423,394,14.3,41,937
ABplppapa,153,424,399,14.3,39,663
ABplppapa,154,426,400,14.4,39,108
ABplppapa,155,427,402,15.0,41,524
ABplppapa,156,426,405,15.2,39,-847
ABplppapa,157,429,409,15.3,39,186
ABplppapa,158,428,412,16.2,39,483
ABplppapa,159,425,411,17.1,39,-266
ABplppapa,160,420,408,17.2,41,797
ABplppapa,161,422,405,18.0,41,-1394
ABplppapa,162,422,404,18.0,41,130
ABplppapa,163,420,396,18.1,41,-921
ABplppapa,164,418,399,18.1,41,942
ABplppapa,165,414,402,18.0,41,-691
ABplppapa,166,411,410,17.8,37,-872
ABplppapa,167,415,409,17.3,41,-175
ABplppapa,168,418,407,18.1,40,-444
ABplppapa,169,421,399,18.1,38,-208
ABplppapa,170,423,401,17.2,39,-506
ABplppapa,171,421,406,18.3,39,481
ABplppapa,172,417,403,19.1,38,-1122
ABplppapaa,173,426,404,18.2,29,-841
ABplppapaa,174,424,410,17.9,32,-181
ABplppapaa,175,407,417,17.1,31,-364
ABplppapaa,176,396,422,17.0,31,273
ABplppapaa,177,386,424,17.2,33,-1066
ABplppapaa,178,378,427,17.1,31,834
ABplppapaa,179,383,425,17.1,33,-483
ABplppapaa,180,387,425,17.4,35,-717
ABplppapaa,181,382,423,18.0,35,659
ABplppapaa,182,389,421,17.9,31,13
ABplppapaa,183,378,419,18.0,33,328
ABplppapaa,184,376,418,18.1,35,121
ABplppapaa,185,372,419,18.3,35,-386
ABplppapaa,186,371,411,19.2,35,-270
ABplppapaa,187,367,408,19.3,35,32
ABplppapaa,188,365,406,20.0,35,-388
ABplppapaa,189,368,403,19.3,35,419
ABplppapaa,190,361,397,19.3,35,-626
ABplppapaa,191,359,395,20.0,35,-758
ABplppapaa,192,362,397,20.0,35,-345
ABplppapaa,193,358,392,19.1,35,-596
ABplppapaa,194,356,393,19.0,35,128
ABplppapaa,195,354,394,18.8,34,489
ABplppapaa,196,352,395,18.7,33,-1108
ABplppapaa,197,350,396,18.5,33,-936
ABplppapaa,198,348,397,18.4,32,-68
ABplppapaa,199,345,398,18.2,31,127
ABplppapaa,200,350,403,17.9,31,-773
ABplppapaa,201,354,403,18.0,31,-396
ABplppapaa,202,357,405,17.2,30,-1341
ABplppapaa,203,366,402,16.7,30,516
ABplppapaa,204,374,404,16.1,30,-1094
ABplppapaa,205,375,401,16.7,30,1679
ABplppapap,173,419,398,20.0,35,-967
ABplppapap,174,419,398,20.0,35,-802
ABplppapap,175,432,398,18.8,31,-687
ABplppapap,176,436,406,19.1,31,-1242
ABplppapap,177,428,415,18.9,31,93
ABplppapap,178,423,420,17.1,31,149
ABplppapap,179,431,421,16.3,33,-575
ABplppapap,180,432,420,17.2,33,893
ABplppapap,181,429,421,17.1,31,905
ABplppapap,182,432,420,18.0,35,-239
ABplppapap,183,418,422,18.2,35,-1023
ABplppapap,184,418,421,19.1,35,152
ABplppapap,185,414,418,19.2,33,604
ABplppapap,186,415,422,19.1,35,793
ABplppapap,187,405,421,19.2,35,-676
ABplppapap,188,400,419,20.1,35,-1430
ABplppapap,189,406,419,19.3,35,235
ABplppapap,190,399,417,20.1,33,-42
ABplppapap,191,392,417,20.1,35,-117
ABplppapap,192,399,419,19.3,35,895
ABplppapap,193,392,417,20.1,35,-1615
ABplppapap,194,391,417,20.2,35,-321
ABplppapap,195,389,416,20.1,35,909
ABplppapap,196,388,414,20.1,35,-35
ABplppapap,197,389,416,19.3,35,-47
ABplppapap,198,393,416,20.1,35,-904
ABplppapap,199,389,414,20.1,35,-585
ABplppapap,200,388,414,20.1,35,-721
ABplppapap,201,389,413,20.1,35,-441
ABplppapap,202,390,414,19.3,34,-250
ABplppapap,203,392,413,19.4,34,-814
ABplppapap,204,393,414,19.3,34,332
ABplppapap,205,389,412,20.0,34,-634
ABplppapp,135,447,377,14.2,34,52
ABplppapp,136,443,377,14.0,35,231
ABplppapp,137,446,371,13.9,38,495
ABplppapp,138,449,366,13.9,37,598
ABplppapp,139,459,369,14.1,37,-1824
ABplppapp,140,466,366,14.9,37,1415
ABplppapp,141,466,366,15.1,37,-669
ABplppapp,142,465,367,15.1,37,-1502
ABplppapp,143,465,368,16.0,37,90
ABplppapp,144,464,367,15.8,37,23
ABplppapp,145,465,368,16.1,37,412
ABplppapp,146,464,368,16.1,37,-290
ABplppapp,147,464,368,16.3,39,-823
ABplppapp,148,465,365,16.3,39,851
ABplppapp,149,468,363,17.0,39,-1136
ABplppapp,150,470,358,17.1,41,54
ABplppapp,151,465,359,17.1,37,-978
ABplppapp,152,462,359,17.2,41,629
ABplppapp,153,464,358,17.1,39,-877
ABplppapp,154,461,358,16.4,39,164
ABplppapp,155,462,356,17.0,41,-641
ABplppapp,156,463,356,16.3,39,-1697
ABplppapp,157,463,362,16.1,39,-531
ABplppapp,158,467,370,16.3,39,-394
ABplppapp,159,465,370,17.1,39,-119
ABplppapp,160,465,373,16.3,41,-263
ABplppapp,161,466,374,16.4,39,491
ABplppapp,162,464,374,17.1,41,289
ABplppapp,163,464,372,17.3,41,337
ABplppapp,164,463,376,17.2,39,-91
ABplppapp,165,462,380,18.0,41,-65
ABplppapp,166,461,387,17.2,41,-52
ABplppapp,167,467,392,17.1,41,-170
ABplppapp,168,467,392,17.1,41,-24
ABplppapp,169,481,402,19.2,40,650
ABplppapp,170,476,411,18.1,39,-139
ABplppapp,171,477,406,18.3,39,334
ABplppapp,172,481,401,18.2,38,700
ABplppapp,173,473,402,19.0,37,-36
ABplppapp,174,468,404,18.2,36,-1071
ABplppapp,175,473,396,19.2,35,-446
ABplppapp,176,473,395,19.1,31,1184
ABplppapp,177,461,398,19.9,31,-148
ABplppappa,178,453,409,19.0,31,1092
ABplppappa,179,458,408,19.9,31,-1231
ABplppappa,180,459,408,19.2,35,522
ABplppappa,181,456,407,19.2,35,-264
ABplppappa,182,460,405,20.2,35,341
ABplppappa,183,447,407,20.2,35,-115
ABplppappa,184,451,410,20.2,35,998
ABplppappa,185,448,409,20.9,31,14
ABplppappa,186,448,409,20.1,35,155
ABplppappa,187,438,410,21.1,35,-694
ABplppappa,188,437,410,21.0,35,654
ABplppappa,189,444,410,20.2,35,-402
ABplppappa,190,438,408,20.2,35,-892
ABplppappa,191,437,409,21.0,35,-297
ABplppappa,192,435,407,21.1,35,1002
ABplppappa,193,432,408,21.1,35,-1036
ABplppappa,194,436,403,21.1,35,-308
ABplppappa,195,433,402,21.1,35,-587
ABplppappa,196,429,401,21.2,35,61
ABplppappa,197,431,394,22.1,35,561
ABplppappa,198,431,395,22.1,35,161
ABplppappa,199,431,394,23.0,35,-335
ABplppappa,200,431,394,21.3,35,-317
ABplppappa,201,428,396,21.2,33,-929
ABplppappa,202,428,393,21.1,34,134
ABplppappa,203,430,394,21.1,34,920
ABplppappa,204,426,390,21.2,34,494
ABplppappa,205,423,390,21.1,34,-967
ABplppappp,178,481,376,19.2,31,-9
ABplppappp,179,485,377,19.9,31,659
ABplppappp,180,485,372,19.2,35,-120
ABplppappp,181,479,368,20.1,31,-84
ABplppappp,182,484,369,20.2,33,569
ABplppappp,183,482,369,20.2,35,486
ABplppappp,184,482,369,20.2,35,31
ABplppappp,185,480,374,21.1,35,-934
ABplppappp,186,481,379,21.0,35,201
ABplppappp,187,476,387,21.1,35,345
ABplppappp,188,471,385,22.0,35,205
ABplppappp,189,473,389,21.1,35,13
ABplppappp,190,473,389,21.1,35,-182
ABplppappp,191,470,396,22.0,33,266
ABplppappp,192,470,396,22.0,33,458
ABplppappp,193,470,394,21.1,35,-712
ABplppappp,194,471,391,21.0,33,-207
ABplppappp,195,466,392,21.2,33,358
ABplppappp,196,466,391,22.0,35,1010
ABplppappp,197,468,391,21.1,35,-514
ABplppappp,198,467,389,22.0,35,-50
ABplppappp,199,468,388,21.1,35,-638
ABplppappp,200,467,388,22.1,35,859
ABplppappp,201,464,384,22.0,35,46
ABplppappp,202,461,383,21.2,34,689
ABplppappp,203,461,381,21.2,34,-270
ABplppappp,204,460,382,22.1,34,-579
ABplppappp,205,456,383,23.1,34,-88
ABplppp,78,423,349,8.3,38,-292
ABplppp,79,434,349,8.1,44,-682
ABplppp,80,442,349,8.2,49,-580
ABplppp,81,455,353,8.0,49,-15
ABplppp,82,461,359,8.0,49,-455
ABplppp,83,468,360,8.0,49,-369
ABplppp,84,468,365,8.1,50,-612
ABplppp,85,467,369,8.2,51,-999
ABplppp,86,462,376,8.8,52,-556
ABplppp,87,458,382,9.2,53,-983
ABplppp,88,461,388,9.2,40,-589
ABplppp,89,469,386,10.1,54,-483
ABplppp,90,475,383,10.3,54,-466
ABplppp,91,480,377,10.0,54,-129
ABplppp,92,475,374,9.8,54,-246
ABplppp,93,480,377,10.1,54,-319
ABplppp,94,474,376,9.9,54,-263
ABplppp,95,470,378,10.0,54,-94
ABplppp,96,468,384,10.2,54,-556
ABplppp,97,467,383,10.2,53,-460
ABplppp,98,459,385,10.9,53,-701
ABplppp,99,456,383,11.2,53,-175
ABplppp,100,452,381,11.2,54,-327
ABplppp,101,456,382,12.0,54,-479
ABplppp,102,451,381,11.3,51,-492
ABplppp,103,468,384,12.2,53,212
ABplpppa,104,437,385,10.8,48,-73
ABplpppa,105,445,397,11.1,42,464
ABplpppa,106,451,401,11.1,44,-464
ABplpppa,107,443,405,11.1,44,-669
ABplpppa,108,443,409,11.2,44,-197
ABplpppa,109,447,405,11.0,44,230
ABplpppa,110,454,403,11.1,44,-176
ABplpppa,111,460,405,11.8,44,799
ABplpppa,112,459,402,11.2,44,-84
ABplpppa,113,459,404,11.9,44,-327
ABplpppa,114,456,403,11.8,44,357
ABplpppa,115,456,406,12.2,44,-801
ABplpppa,116,459,404,12.1,44,-946
ABplpppa,117,461,405,11.9,44,-231
ABplpppa,118,461,405,11.9,44,-106
ABplpppa,119,461,404,12.0,44,-41
ABplpppa,120,461,404,12.0,44,-234
ABplpppa,121,455,409,12.9,44,-235
ABplpppa,122,453,409,13.0,44,81
ABplpppa,123,456,404,13.0,44,-562
ABplpppa,124,454,404,12.9,44,-388
ABplpppa,125,456,404,13.0,44,-577
ABplpppa,126,455,407,13.1,44,-655
ABplpppa,127,462,406,13.9,44,-1033
ABplpppa,128,458,403,14.1,44,-575
ABplpppa,129,455,402,14.9,44,-644
ABplpppa,130,462,403,15.0,43,-929
ABplpppa,131,474,404,16.0,43,-135
ABplpppa,132,474,398,16.0,36,-165
ABplpppa,133,483,394,16.1,34,798
ABplpppaa,134,469,408,16.3,37,452
ABplpppaa,135,471,412,16.2,36,513
ABplpppaa,136,458,416,15.8,37,-327
ABplpppaa,137,455,419,15.1,38,-105
ABplpppaa,138,450,421,15.0,39,-208
ABplpppaa,139,455,419,15.0,37,-225
ABplpppaa,140,459,419,15.9,37,-931
ABplpppaa,141,458,419,15.9,37,871
ABplpppaa,142,458,418,16.2,39,257
ABplpppaa,143,458,418,16.2,37,354
ABplpppaa,144,459,419,15.9,37,-1096
ABplpppaa,145,464,417,15.5,39,265
ABplpppaa,146,460,417,16.9,37,707
ABplpppaa,147,459,417,16.2,39,-6
ABplpppaa,148,461,415,17.9,37,-508
ABplpppaa,149,461,414,17.1,39,-118
ABplpppaa,150,465,413,17.0,39,429
ABplpppaa,151,464,411,16.9,37,-233
ABplpppaa,152,466,410,16.4,39,724
ABplpppaa,153,470,408,17.2,39,246
ABplpppaa,154,471,408,17.2,39,-208
ABplpppaa,155,468,405,17.2,39,-641
ABplpppaa,156,476,401,17.2,39,146
ABplpppaa,157,479,401,17.4,39,-334
ABplpppaa,158,485,399,18.1,41,551
ABplpppaa,159,486,399,17.5,39,-189
ABplpppaa,160,486,396,18.1,41,717
ABplpppaa,161,488,390,19.0,41,-386
ABplpppaa,162,483,391,19.2,41,394
ABplpppaa,163,484,388,20.2,41,559
ABplpppaa,164,480,388,20.1,41,241
ABplpppaa,165,479,389,21.0,41,-319
ABplpppaa,166,476,388,22.0,29,1589
ABplpppaa,167,480,388,22.0,29,-1244
ABplpppaa,168,477,389,22.0,40,-85
ABplpppaa,169,479,380,22.0,40,501
ABplpppaa,170,479,377,22.1,39,-242
ABplpppaa,171,486,374,22.1,39,-111
ABplpppaa,172,491,376,22.1,36,-302
ABplpppaa,173,493,380,23.0,33,-1378
ABplpppaaa,174,474,392,22.1,32,645
ABplpppaaa,175,468,388,23.9,31,984
ABplpppaaa,176,470,383,24.1,35,-20
ABplpppaaa,177,460,387,23.1,35,-335
ABplpppaaa,178,463,394,22.2,35,253
ABplpppaaa,179,464,398,22.0,35,-58
ABplpppaaa,180,468,386,22.3,35,1254
ABplpppaaa,181,465,385,22.3,35,-103
ABplpppaaa,182,470,385,24.0,35,1220
ABplpppaaa,183,467,384,24.0,35,-182
ABplpppaaa,184,462,380,24.1,35,259
ABplpppaaa,185,466,379,24.1,35,-118
ABplpppaaa,186,460,384,23.2,35,105
ABplpppaaa,187,456,376,23.2,35,-794
ABplpppaaa,188,457,379,24.0,29,553
ABplpppaaa,189,463,374,24.0,35,916
ABplpppaaa,190,458,383,23.3,35,775
ABplpppaaa,191,461,379,24.2,35,-1470
ABplpppaaa,192,463,377,24.1,35,-240
ABplpppaaa,193,463,376,24.1,35,125
ABplpppaaa,194,468,368,24.2,35,-472
ABplpppaaa,195,465,362,25.0,35,430
ABplpppaaa,196,459,361,24.0,33,-89
ABplpppaaa,197,461,363,24.2,33,146
ABplpppaaa,198,462,356,24.1,33,141
ABplpppaaa,199,461,351,23.3,33,1470
ABplpppaaa,200,460,354,23.2,33,-1529
ABplpppaaa,201,467,350,23.2,33,-982
ABplpppaaa,202,460,350,23.2,32,268
ABplpppaaa,203,462,347,23.2,34,-518
ABplpppaaa,204,459,345,23.2,32,-1118
ABplpppaaa,205,459,345,23.2,32,-843
ABplpppaap,174,503,369,23.0,32,235
ABplpppaap,175,506,364,24.0,31,-566
ABplpppaap,176,506,364,24.0,31,-905
ABplpppaap,177,501,362,24.0,31,-873
ABplpppaap,178,504,363,23.2,33,-579
ABplpppaap,179,507,362,24.0,35,-135
ABplpppaap,180,510,356,24.1,35,-46
ABplpppaap,181,508,353,23.3,35,-967
ABplpppaap,182,507,353,24.2,35,-950
ABplpppaap,183,506,355,24.2,35,-547
ABplpppaap,184,509,360,24.2,33,288
ABplpppaap,185,506,358,24.2,35,-1098
ABplpppaap,186,506,358,24.1,35,615
ABplpppaap,187,502,360,24.1,35,600
ABplpppaap,188,501,362,24.1,35,374
ABplpppaap,189,500,358,24.1,35,948
ABplpppaap,190,495,363,24.1,35,-129
ABplpppaap,191,494,359,24.2,35,-740
ABplpppaap,192,499,359,24.1,35,1073
ABplpppaap,193,498,359,24.1,35,-809
ABplpppaap,194,499,354,24.2,35,264
ABplpppaap,195,497,348,25.0,31,702
ABplpppaap,196,489,349,25.0,35,259
ABplpppaap,197,488,342,25.0,33,-139
ABplpppaap,198,490,343,25.1,35,255
ABplpppaap,199,487,337,24.2,33,-724
ABplpppaap,200,490,339,24.1,35,-465
ABplpppaap,201,494,342,24.0,35,-451
ABplpppaap,202,490,341,23.2,34,608
ABplpppaap,203,492,341,23.0,34,284
ABplpppaap,204,492,343,23.2,34,40
ABplpppaap,205,485,343,24.0,34,-1104
ABplpppap,134,504,393,15.3,35,-783
ABplpppap,135,503,381,14.9,38,18
ABplpppap,136,496,383,14.2,37,-175
ABplpppap,137,501,384,14.2,40,854
ABplpppap,138,502,376,14.2,39,-685
ABplpppap,139,505,375,14.1,37,843
ABplpppap,140,513,377,14.3,39,-765
ABplpppap,141,513,380,14.5,39,669
ABplpppap,142,512,380,15.1,37,10
ABplpppap,143,511,380,15.9,37,-1027
ABplpppap,144,513,380,15.2,37,-566
ABplpppap,145,512,384,15.8,37,485
ABplpppap,146,510,384,15.9,37,-134
ABplpppap,147,506,386,16.1,37,973
ABplpppap,148,507,387,16.1,39,-481
ABplpppap,149,509,389,16.1,37,-216
ABplpppap,150,512,388,16.2,39,58
ABplpppap,151,514,384,16.2,37,-1404
ABplpppap,152,514,387,16.4,39,-221
ABplpppap,153,511,381,17.9,37,-35
ABplpppap,154,510,380,18.1,41,-405
ABplpppap,155,512,379,18.3,41,-504
ABplpppap,156,516,378,19.1,37,-1670
ABplpppap,157,515,375,20.1,39,696
ABplpppap,158,518,371,20.3,41,443
ABplpppap,159,522,366,20.3,41,-755
ABplpppap,160,526,365,20.3,41,-532
ABplpppap,161,523,366,21.1,39,221
ABplpppap,162,521,367,21.1,41,349
ABplpppap,163,521,368,21.2,39,666
ABplpppap,164,517,368,21.9,37,-784
ABplpppap,165,519,370,21.2,39,-336
ABplpppap,166,521,366,21.2,41,-377
ABplpppap,167,527,359,22.1,41,13
ABplpppap,168,531,356,22.1,38,-412
ABplpppap,169,528,351,23.1,40,274
ABplpppap,170,529,351,23.1,39,-238
ABplpppap,171,531,347,23.1,37,-490
ABplpppap,172,529,345,23.1,36,-329
ABplpppap,173,529,334,23.2,37,-18
ABplpppap,174,530,330,23.1,34,-587
ABplpppap,175,532,326,23.4,35,1060
ABplpppapa,176,525,332,24.2,33,576
ABplpppapa,177,528,334,24.1,35,558
ABplpppapa,178,533,329,24.2,35,225
ABplpppapa,179,539,331,24.2,35,-149
ABplpppapa,180,534,323,24.3,33,1238
ABplpppapa,181,536,320,25.0,31,387
ABplpppapa,182,535,324,25.1,35,-324
ABplpppapa,183,528,324,25.2,33,490
ABplpppapa,184,533,331,25.1,35,-102
ABplpppapa,185,536,328,24.2,35,-467
ABplpppapa,186,534,326,24.3,35,591
ABplpppapa,187,529,332,24.2,35,-78
ABplpppapa,188,533,334,24.1,35,-1185
ABplpppapa,189,532,332,24.2,35,-268
ABplpppapa,190,526,330,24.2,35,-174
ABplpppapa,191,522,325,25.1,35,46
ABplpppapa,192,526,324,25.1,31,-692
ABplpppapa,193,523,320,25.2,35,510
ABplpppapa,194,525,322,25.1,35,-30
ABplpppapa,195,529,322,25.1,35,-773
ABplpppapa,196,522,325,26.0,35,-1896
ABplpppapa,197,512,319,26.0,35,1240
ABplpppapa,198,509,312,26.0,31,-1161
ABplpppapa,199,508,311,26.0,30,-4
ABplpppapa,200,507,310,26.1,29,-793
ABplpppapa,201,505,309,26.1,27,-887
ABplpppapa,202,505,309,26.1,27,-734
ABplpppapa,203,507,310,26.0,27,399
ABplpppapa,204,507,310,26.0,27,-351
ABplpppapa,205,503,317,26.0,32,-1053
ABplpppapp,176,541,295,23.9,31,1146
ABplpppapp,177,547,299,23.8,31,184
ABplpppapp,178,550,299,24.1,33,12
ABplpppapp,179,553,293,23.3,35,284
ABplpppapp,180,561,288,23.2,35,362
ABplpppapp,181,561,287,24.1,35,-1277
ABplpppapp,182,557,290,24.2,35,-139
ABplpppapp,183,558,291,24.2,35,-147
ABplpppapp,184,558,289,25.1,35,131
ABplpppapp,185,560,289,24.1,35,-303
ABplpppapp,186,557,291,25.0,35,-513
ABplpppapp,187,555,296,25.2,35,-342
ABplpppapp,188,547,293,25.3,33,-445
ABplpppapp,189,545,289,25.9,31,-677
ABplpppapp,190,540,296,25.1,33,213
ABplpppapp,191,545,293,25.9,31,807
ABplpppapp,192,542,290,25.0,31,-1699
ABplpppapp,193,536,289,25.0,31,1101
ABplpppapp,194,534,285,24.9,31,249
ABplpppapp,195,535,286,26.0,31,-1676
ABplpppapp,196,532,291,26.1,31,145
ABplpppapp,197,530,283,26.9,31,1002
ABplpppapp,198,525,286,27.0,31,862
ABplpppapp,199,516,288,26.0,31,-1187
ABplpppapp,200,519,289,26.1,31,1462
ABplpppapp,201,519,287,26.9,31,-1731
ABplpppapp,202,524,288,26.1,30,-120
ABplpppapp,203,525,289,27.0,30,319
ABplpppapp,204,522,291,27.0,30,892
ABplpppapp,205,520,287,26.0,30,910
ABplpppp,104,481,383,12.9,48,315
ABplpppp,105,491,385,14.1,46,-691
ABplpppp,106,493,378,15.2,44,-1021
ABplpppp,107,497,381,15.9,44,-827
ABplpppp,108,502,381,15.1,44,-413
ABplpppp,109,507,388,15.8,44,630
ABplpppp,110,508,387,15.9,44,703
ABplpppp,111,509,386,16.0,44,330
ABplpppp,112,510,388,16.0,44,-143
ABplpppp,113,510,388,16.9,44,82
ABplpppp,114,506,390,17.0,44,446
ABplpppp,115,500,393,17.1,44,-1017
ABplpppp,116,495,392,17.8,44,-699
ABplpppp,117,503,392,16.9,44,-304
ABplpppp,118,504,390,17.0,44,-821
ABplpppp,119,507,388,16.9,44,142
ABplpppp,120,507,384,16.0,44,32
ABplpppp,121,505,384,15.1,44,219
ABplpppp,122,504,382,14.9,44,-720
ABplpppp,123,505,383,15.8,44,65
ABplpppp,124,503,382,15.1,44,-240
ABplpppp,125,498,381,14.9,44,1086
ABplpppp,126,498,383,15.1,44,-100
ABplpppp,127,501,383,15.3,46,-610
ABplpppp,128,502,381,15.0,44,947
ABplpppp,129,504,384,16.0,44,69
ABplpppp,130,510,383,16.9,43,109
ABplpppp,131,518,375,17.9,43,706
ABplpppp,132,523,374,18.0,40,-273
ABplpppp,133,520,361,19.1,40,433
ABplppppa,134,505,374,18.2,37,-328
ABplppppa,135,498,382,19.1,38,40
ABplppppa,136,482,385,18.8,37,-1252
ABplppppa,137,486,392,18.1,38,277
ABplppppa,138,482,392,18.2,39,361
ABplppppa,139,483,398,18.4,39,-417
ABplppppa,140,484,398,19.3,39,-623
ABplppppa,141,480,396,19.3,39,731
ABplppppa,142,482,390,20.1,39,-579
ABplppppa,143,485,392,20.3,41,-388
ABplppppa,144,485,394,20.0,41,287
ABplppppa,145,489,395,20.1,39,-424
ABplppppa,146,483,393,20.3,41,-326
ABplppppa,147,484,391,21.1,41,-88
ABplppppa,148,480,388,21.1,41,352
ABplppppa,149,479,390,21.1,39,-356
ABplppppa,150,478,389,21.1,41,-194
ABplppppa,151,472,395,20.9,37,-1315
ABplppppa,152,465,393,21.2,39,-530
ABplppppa,153,458,395,21.2,39,442
ABplppppa,154,450,391,22.0,37,178
ABplppppa,155,453,388,22.0,41,-713
ABplppppa,156,456,390,22.0,37,-134
ABplppppa,157,457,388,21.2,41,-643
ABplppppa,158,449,392,22.1,41,283
ABplppppa,159,456,391,21.3,41,-548
ABplppppa,160,456,387,21.2,41,-422
ABplppppa,161,454,381,22.1,41,-400
ABplppppa,162,448,374,22.0,41,72
ABplppppa,163,444,372,22.1,41,-692
ABplppppa,164,435,371,22.1,41,-1255
ABplppppa,165,429,375,22.1,41,-802
ABplppppa,166,426,374,22.2,41,474
ABplppppa,167,432,368,23.1,41,-789
ABplppppa,168,434,357,22.1,40,-9
ABplppppa,169,434,358,22.0,40,765
ABplppppa,170,435,362,22.0,39,-123
ABplppppa,171,438,362,22.1,39,35
ABplppppa,172,445,357,23.0,36,221
ABplppppa,173,440,355,23.0,33,185
ABplppppaa,174,432,370,22.8,32,30
ABplppppaa,175,431,369,23.0,31,-404
ABplppppaa,176,434,370,23.0,33,-526
ABplppppaa,177,429,372,23.1,33,990
ABplppppaa,178,431,374,23.9,31,-26
ABplppppaa,179,433,379,23.2,35,-478
ABplppppaa,180,430,379,24.0,35,401
ABplppppaa,181,432,375,25.1,35,84
ABplppppaa,182,428,377,25.1,35,-564
ABplppppaa,183,430,369,26.0,35,43
ABplppppaa,184,432,370,26.1,35,69
ABplppppaa,185,433,365,26.1,35,564
ABplppppaa,186,432,365,26.1,35,922
ABplppppaa,187,432,365,26.1,35,-626
ABplppppaa,188,423,366,26.1,33,-117
ABplppppaa,189,424,363,26.1,35,-178
ABplppppaa,190,416,363,26.1,35,1299
ABplppppaa,191,417,366,26.1,35,-825
ABplppppaa,192,413,357,26.9,31,1354
ABplppppaa,193,415,357,26.0,35,225
ABplppppaa,194,424,362,25.2,33,-386
ABplppppaa,195,424,349,26.0,35,373
ABplppppaa,196,421,340,25.1,27,101
ABplppppaa,197,421,340,25.1,27,-592
ABplppppaa,198,416,337,25.9,31,-499
ABplppppaa,199,417,340,26.0,29,-750
ABplppppaa,200,418,335,24.1,33,161
ABplppppaa,201,417,335,24.9,31,-147
ABplppppaa,202,418,334,25.0,30,1671
ABplppppaa,203,418,334,25.0,30,-63
ABplppppaa,204,418,327,25.0,27,1050
ABplppppaa,205,412,324,25.0,27,-724
ABplppppap,174,457,344,24.0,29,-362
ABplppppap,175,457,344,24.0,29,730
ABplppppap,176,464,336,26.0,31,-672
ABplppppap,177,464,343,26.0,31,232
ABplppppap,178,468,343,26.0,29,893
ABplppppap,179,472,343,26.0,27,1743
ABplppppap,180,472,343,26.0,27,-945
ABplppppap,181,473,341,26.0,31,428
ABplppppap,182,469,331,26.1,31,375
ABplppppap,183,468,332,26.1,31,248
ABplppppap,184,467,333,26.1,31,-440
ABplppppap,185,466,334,26.0,31,633
ABplppppap,186,464,335,26.0,31,1134
ABplppppap,187,461,337,26.1,31,-703
ABplppppap,188,461,337,26.1,31,173
ABplppppap,189,456,340,26.1,31,-943
ABplppppap,190,448,338,25.2,29,-487
ABplppppap,191,448,333,25.0,27,-32
ABplppppap,192,451,332,26.0,31,-803
ABplppppap,193,451,332,26.0,31,-942
ABplppppap,194,451,330,26.1,31,225
ABplppppap,195,449,328,26.1,35,-373
ABplppppap,196,451,327,26.1,29,855
ABplppppap,197,449,317,26.0,27,530
ABplppppap,198,449,318,26.0,27,-1264
ABplppppap,199,449,319,26.0,28,287
ABplppppap,200,449,320,26.0,28,-566
ABplppppap,201,449,321,26.0,29,-488
ABplppppap,202,449,322,26.0,30,-449
ABplppppap,203,453,320,26.1,29,859
ABplppppap,204,457,318,26.1,27,-574
ABplppppap,205,451,320,26.1,27,224
ABplppppp,134,521,352,20.2,29,-879
ABplppppp,135,514,358,22.0,38,141
ABplppppp,136,501,363,22.1,39,941
ABplppppp,137,500,365,21.3,40,-503
ABplppppp,138,495,368,22.1,39,-303
ABplppppp,139,492,363,23.2,41,-305
ABplppppp,140,487,363,24.2,39,-240
ABplppppp,141,470,369,24.1,39,1175
ABplppppp,142,465,366,24.2,41,-656
ABplppppp,143,460,362,25.1,41,-755
ABplppppp,144,463,362,25.1,41,-990
ABplppppp,145,465,361,24.2,41,-379
ABplppppp,146,461,360,24.3,41,-469
ABplppppp,147,465,357,24.2,41,93
ABplppppp,148,462,354,25.1,41,-301
ABplppppp,149,462,352,25.0,41,-1509
ABplppppp,150,462,353,24.3,41,76
ABplppppp,151,456,351,25.1,41,-1080
ABplppppp,152,450,350,25.1,41,-638
ABplppppp,153,449,350,25.1,41,451
ABplppppp,154,444,349,26.0,41,766
ABplppppp,155,445,355,26.0,37,-756
ABplppppp,156,447,356,25.1,41,-578
ABplppppp,157,454,355,25.2,41,515
ABplppppp,158,456,351,26.0,41,-623
ABplppppp,159,460,348,26.1,41,94
ABplppppp,160,467,349,26.1,41,-182
ABplppppp,161,469,343,27.0,37,650
ABplppppp,162,470,342,26.2,41,386
ABplppppp,163,469,341,26.2,41,347
ABplppppp,164,467,342,27.0,37,15
ABplppppp,165,466,335,27.0,37,45
ABplppppp,166,468,330,27.0,29,848
ABplppppp,167,466,318,26.8,29,-242
ABplppppp,168,464,306,26.6,29,1097
ABplppppp,169,462,293,26.5,28,-1315
ABplppppp,170,460,281,26.3,28,-743
ABplppppp,171,457,268,26.1,27,1569
ABplppppp,172,457,268,26.1,27,-374
ABplppppp,173,470,269,26.1,27,-17
ABplppppp,174,480,276,26.0,27,740
ABplppppp,175,486,265,26.0,31,-574
ABplpppppa,176,488,266,26.0,31,-1043
ABplpppppa,177,490,268,26.0,31,848
ABplpppppa,178,492,270,26.0,31,641
ABplpppppa,179,494,272,26.0,31,1155
ABplpppppa,180,496,275,26.0,31,1947
ABplpppppa,181,497,278,26.1,27,-2096
ABplpppppa,182,497,278,26.2,27,-569
ABplpppppa,183,496,278,26.3,28,-1239
ABplpppppa,184,495,278,26.4,28,-1142
ABplpppppa,185,494,278,26.6,29,-871
ABplpppppa,186,494,278,26.7,29,-156
ABplpppppa,187,493,278,26.8,30,1950
ABplpppppa,188,492,278,26.9,30,-666
ABplpppppa,189,491,278,27.0,31,-1102
ABplpppppa,190,485,277,27.0,31,-626
ABplpppppa,191,478,276,27.0,31,-411
ABplpppppa,192,471,275,27.0,31,1022
ABplpppppa,193,466,272,26.0,31,68
ABplpppppa,194,461,268,25.0,31,464
ABplpppppa,195,455,264,24.0,31,-111
ABplpppppa,196,457,261,24.0,29,1344
ABplpppppa,197,457,261,24.0,29,-447
ABplpppppa,198,456,260,24.0,30,-410
ABplpppppa,199,456,259,24.0,30,709
ABplpppppa,200,455,258,24.0,31,575
ABplpppppa,201,454,255,24.0,27,-1761
ABplpppppa,202,455,263,25.1,29,-201
ABplpppppa,203,454,262,24.0,27,-6
ABplpppppa,204,455,255,23.1,27,-356
ABplpppppa,205,456,257,23.1,32,-151
ABplpppppp,176,504,266,26.1,31,488
ABplpppppp,177,525,271,25.0,31,-21
ABplpppppp,178,522,268,26.0,31,-320
ABplpppppp,179,530,266,25.9,31,-361
ABplpppppp,180,533,262,25.0,31,-224
ABplpppppp,181,539,253,24.9,31,-244
ABplpppppp,182,535,252,25.1,35,-698
ABplpppppp,183,533,253,25.2,33,138
ABplpppppp,184,530,246,26.1,35,244
ABplpppppp,185,527,250,25.2,33,-3
ABplpppppp,186,523,247,25.9,31,195
ABplpppppp,187,517,251,26.0,31,-624
ABplpppppp,188,518,251,25.9,27,195
ABplpppppp,189,515,252,26.0,31,377
ABplpppppp,190,508,257,25.0,27,-773
ABplpppppp,191,509,256,25.0,29,-200
ABplpppppp,192,506,252,25.0,31,1482
ABplpppppp,193,506,249,24.9,27,871
ABplpppppp,194,509,247,24.9,31,-995
ABplpppppp,195,504,250,25.9,31,-1352
ABplpppppp,196,504,249,25.6,30,47
ABplpppppp,197,503,247,25.3,29,992
ABplpppppp,198,502,245,25.0,27,1028
ABplpppppp,199,505,239,25.9,31,-1402
ABplpppppp,200,508,245,25.0,31,109
ABplpppppp,201,511,243,25.0,31,684
ABplpppppp,202,512,247,25.1,30,-499
ABplpppppp,203,510,248,25.9,30,347
ABplpppppp,204,505,247,26.0,30,-1362
ABplpppppp,205,509,249,26.0,30,-1620
ABpr,28,373,144,17.3,50,373
ABpr,29,394,141,18.5,48,215
ABpr,30,415,138,19.8,46,-108
ABpr,31,436,134,21.0,44,-381
ABpr,32,429,134,22.1,43,295
ABpr,33,430,134,21.0,37,30
ABpr,34,430,149,23.0,37,6
ABpr,35,434,144,22.8,39,1141
ABpr,36,439,139,22.6,42,323
ABpr,37,444,134,22.4,45,-547
ABpr,38,449,129,22.2,48,246
ABpr,39,454,124,22.0,51,25
ABpra,40,443,119,22.0,47,402
ABpra,41,432,114,22.0,43,1073
ABpra,42,421,109,22.1,39,248
ABpra,43,410,104,22.1,35,-915
ABpra,44,398,99,22.1,31,201
ABpra,45,391,100,22.1,30,-28
ABpra,46,387,81,22.0,29,1624
ABpra,47,377,87,23.0,34,836
ABpra,48,381,90,22.6,35,144
ABpra,49,385,93,22.1,36,-176
ABpra,50,389,96,21.7,37,491
ABpra,51,393,100,21.3,39,-1063
ABpra,52,397,103,20.9,40,1251
ABpra,53,401,106,20.4,41,328
ABpra,54,406,110,20.0,43,-895
ABpraa,55,397,101,19.7,43,-232
ABpraa,56,388,91,19.3,43,260
ABpraa,57,379,81,19.0,43,-1374
ABpraa,58,387,83,19.0,43,-65
ABpraa,59,389,68,18.0,44,244
ABpraa,60,374,67,20.1,47,-308
ABpraa,61,369,82,21.1,49,72
ABpraa,62,366,82,21.1,50,-903
ABpraa,63,360,81,21.0,52,433
ABpraa,64,364,86,22.0,50,-275
ABpraa,65,368,84,21.1,59,-50
ABpraa,66,376,84,22.0,55,145
ABpraa,67,376,92,22.0,57,-696
ABpraa,68,369,91,22.0,57,-583
ABpraa,69,362,86,22.1,59,-123
ABpraa,70,368,85,22.9,58,177
ABpraa,71,372,86,21.9,60,-837
ABpraa,72,374,94,21.9,59,-73
ABpraa,73,374,96,20.1,65,-493
ABpraa,74,374,96,21.9,62,-247
ABpraa,75,376,93,19.2,56,362
ABpraa,76,372,105,19.3,51,-885
ABpraaa,77,351,79,20.1,38,827
ABpraaa,78,352,78,20.2,48,246
ABpraaa,79,350,74,21.2,52,-61
ABpraaa,80,332,68,20.0,53,71
ABpraaa,81,321,69,19.2,53,26
ABpraaa,82,309,72,19.1,49,1399
ABpraaa,83,315,71,20.1,53,-537
ABpraaa,84,311,77,19.1,50,552
ABpraaa,85,306,78,19.1,53,-308
ABpraaa,86,309,77,19.8,52,-362
ABpraaa,87,307,78,18.4,55,-203
ABpraaa,88,302,77,18.2,54,81
ABpraaa,89,306,80,17.9,54,352
ABpraaa,90,307,78,18.1,54,-167
ABpraaa,91,303,77,17.9,54,-458
ABpraaa,92,309,75,16.3,54,-190
ABpraaa,93,306,77,17.2,54,-339
ABpraaa,94,310,76,18.0,54,-678
ABpraaa,95,310,72,17.9,54,148
ABpraaa,96,309,72,17.1,54,139
ABpraaa,97,315,78,17.1,53,-135
ABpraaa,98,320,82,17.0,53,-555
ABpraaa,99,324,80,17.0,53,-365
ABpraaa,100,333,83,17.1,54,-262
ABpraaa,101,322,79,17.8,54,307
ABpraaaa,102,315,79,18.1,53,-252
ABpraaaa,103,308,76,19.0,51,588
ABpraaaa,104,292,83,19.1,48,163
ABpraaaa,105,268,92,19.9,46,1027
ABpraaaa,106,247,89,20.1,44,-471
ABpraaaa,107,245,91,21.0,44,462
ABpraaaa,108,241,93,21.0,44,228
ABpraaaa,109,240,96,20.9,44,-42
ABpraaaa,110,242,97,21.0,44,-719
ABpraaaa,111,238,97,20.1,44,726
ABpraaaa,112,241,95,20.2,44,-383
ABpraaaa,113,232,96,20.9,44,-98
ABpraaaa,114,237,96,21.0,44,896
ABpraaaa,115,240,96,20.0,44,51
ABpraaaa,116,237,99,20.0,44,-455
ABpraaaa,117,234,105,20.0,46,77
ABpraaaa,118,234,103,19.0,44,-215
ABpraaaa,119,231,104,18.9,44,193
ABpraaaa,120,222,106,18.1,44,10
ABpraaaa,121,221,103,17.1,44,32
ABpraaaa,122,220,99,16.9,44,360
ABpraaaa,123,216,108,16.1,44,-149
ABpraaaa,124,208,109,15.5,46,-394
ABpraaaa,125,206,105,15.9,44,-443
ABpraaaa,126,206,104,16.0,44,-124
ABpraaaa,127,206,105,15.1,44,-711
ABpraaaa,128,213,104,15.1,44,-421
ABpraaaa,129,214,105,14.9,44,608
ABpraaaa,130,213,107,15.0,43,-652
ABpraaaa,131,217,108,14.9,43,-210
ABpraaaa,132,212,113,14.0,40,-506
ABpraaaa,133,207,121,13.9,40,-571
ABpraaaaa,134,187,130,15.2,35,748
ABpraaaaa,135,183,125,15.4,36,1031
ABpraaaaa,136,183,119,15.9,37,-305
ABpraaaaa,137,181,122,15.8,38,51
ABpraaaaa,138,178,120,16.0,37,404
ABpraaaaa,139,180,115,16.0,37,-687
ABpraaaaa,140,180,112,16.1,37,-177
ABpraaaaa,141,181,112,18.1,37,-500
ABpraaaaa,142,177,118,18.9,37,-774
ABpraaaaa,143,180,120,19.1,37,501
ABpraaaaa,144,184,120,19.9,37,1050
ABpraaaaa,145,186,124,20.0,37,127
ABpraaaaa,146,180,123,19.1,39,1372
ABpraaaaa,147,173,126,18.1,37,-254
ABpraaaaa,148,182,126,18.1,37,615
ABpraaaaa,149,186,123,18.9,37,295
ABpraaaaa,150,189,121,17.9,37,1030
ABpraaaaa,151,182,118,16.9,37,583
ABpraaaaa,152,185,122,17.0,37,-1075
ABpraaaaa,153,184,122,17.2,37,646
ABpraaaaa,154,180,124,17.0,37,485
ABpraaaaa,155,182,124,16.0,37,323
ABpraaaaa,156,180,123,14.9,37,-151
ABpraaaaa,157,185,127,15.0,37,-1231
ABpraaaaa,158,187,127,14.9,37,-1115
ABpraaaaa,159,188,121,15.2,37,275
ABpraaaaa,160,182,121,15.2,39,-644
ABpraaaaa,161,184,114,16.1,37,-639
ABpraaaaa,162,185,111,15.4,39,-1335
ABpraaaaa,163,186,110,16.1,37,-936
ABpraaaaa,164,192,107,16.1,37,460
ABpraaaaa,165,195,111,15.1,39,-278
ABpraaaaa,166,189,112,15.1,39,135
ABpraaaaa,167,177,116,15.9,37,-640
ABpraaaaa,168,178,118,16.0,36,-28
ABpraaaaa,169,176,120,17.0,36,-469
ABpraaaaa,170,178,118,17.1,37,-839
ABpraaaaa,171,181,119,17.0,39,709
ABpraaaaa,172,180,116,16.3,36,-134
ABpraaaaa,173,174,122,16.9,33,-291
ABpraaaaa,174,175,134,16.9,32,-1155
ABpraaaaa,175,181,127,17.2,33,-697
ABpraaaaa,176,200,113,18.0,31,-427
ABpraaaaaa,177,173,128,17.0,31,404
ABpraaaaaa,178,176,124,17.8,31,646
ABpraaaaaa,179,181,124,17.1,31,-512
ABpraaaaaa,180,178,118,17.4,33,-426
ABpraaaaaa,181,185,116,17.0,31,810
ABpraaaaaa,182,181,116,16.3,33,89
ABpraaaaaa,183,182,115,16.3,35,-285
ABpraaaaaa,184,178,118,16.4,35,199
ABpraaaaaa,185,176,116,16.3,35,-553
ABpraaaaaa,186,171,122,16.2,33,-1210
ABpraaaaaa,187,173,120,16.3,35,155
ABpraaaaaa,188,171,120,16.3,35,1440
ABpraaaaaa,189,175,120,16.3,35,304
ABpraaaaaa,190,179,116,16.4,33,29
ABpraaaaaa,191,181,115,16.1,33,387
ABpraaaaaa,192,177,115,16.0,35,-589
ABpraaaaaa,193,175,113,16.2,35,-436
ABpraaaaaa,194,175,114,16.3,33,1842
ABpraaaaaa,195,179,114,16.3,33,-255
ABpraaaaaa,196,181,112,16.1,35,-929
ABpraaaaaa,197,175,114,15.5,33,1246
ABpraaaaaa,198,177,115,15.4,33,-99
ABpraaaaaa,199,171,119,15.6,33,-283
ABpraaaaaa,200,169,119,17.0,35,47
ABpraaaaaa,201,166,120,16.4,35,-807
ABpraaaaaa,202,170,117,17.4,34,604
ABpraaaaaa,203,167,119,17.5,34,-416
ABpraaaaaa,204,167,120,17.4,34,-170
ABpraaaaaa,205,166,122,17.3,34,278
ABpraaaaap,177,213,116,17.1,31,1050
ABpraaaaap,178,212,116,17.0,31,-34
ABpraaaaap,179,212,112,17.8,31,-534
ABpraaaaap,180,214,117,17.2,33,-1385
ABpraaaaap,181,219,111,17.0,31,-297
ABpraaaaap,182,216,110,16.9,31,-557
ABpraaaaap,183,217,108,16.2,33,195
ABpraaaaap,184,210,108,16.0,31,336
ABpraaaaap,185,211,109,15.8,31,-990
ABpraaaaap,186,204,107,15.1,33,569
ABpraaaaap,187,204,109,15.9,31,293
ABpraaaaap,188,205,114,15.4,33,1002
ABpraaaaap,189,204,111,15.5,33,-273
ABpraaaaap,190,209,108,15.9,31,-899
ABpraaaaap,191,213,110,15.4,33,551
ABpraaaaap,192,210,105,16.0,31,111
ABpraaaaap,193,211,111,16.0,31,-1214
ABpraaaaap,194,207,108,15.3,35,-777
ABpraaaaap,195,208,109,15.4,33,-668
ABpraaaaap,196,209,110,14.9,31,801
ABpraaaaap,197,203,107,14.3,33,483
ABpraaaaap,198,202,107,14.3,33,47
ABpraaaaap,199,199,111,15.1,35,674
ABpraaaaap,200,195,109,15.5,33,-1270
ABpraaaaap,201,194,110,15.5,33,291
ABpraaaaap,202,196,110,16.1,34,-43
ABpraaaaap,203,194,111,16.2,29,769
ABpraaaaap,204,195,105,16.1,34,94
ABpraaaaap,205,193,109,16.1,32,-414
ABpraaaap,134,221,114,12.2,35,-227
ABpraaaap,135,220,117,12.2,38,1324
ABpraaaap,136,227,121,12.3,39,-374
ABpraaaap,137,239,116,12.9,38,-657
ABpraaaap,138,235,113,11.9,37,620
ABpraaaap,139,233,111,11.8,37,-304
ABpraaaap,140,224,113,12.1,39,-700
ABpraaaap,141,222,112,12.3,39,47
ABpraaaap,142,217,112,12.8,37,2101
ABpraaaap,143,216,113,13.1,39,288
ABpraaaap,144,217,114,13.2,39,-492
ABpraaaap,145,216,116,13.9,37,174
ABpraaaap,146,217,114,13.9,37,-1326
ABpraaaap,147,219,113,14.1,39,-126
ABpraaaap,148,223,108,14.2,39,-874
ABpraaaap,149,222,107,14.3,39,65
ABpraaaap,150,224,108,13.4,39,-545
ABpraaaap,151,224,109,14.0,39,804
ABpraaaap,152,222,107,14.1,37,-948
ABpraaaap,153,224,108,14.2,39,-53
ABpraaaap,154,226,110,15.0,37,-606
ABpraaaap,155,226,107,14.9,37,-1264
ABpraaaap,156,222,104,15.0,37,-302
ABpraaaap,157,217,106,15.2,39,-996
ABpraaaap,158,220,103,14.3,39,-550
ABpraaaap,159,222,102,14.3,41,-449
ABpraaaap,160,221,95,15.1,39,-393
ABpraaaap,161,227,91,16.1,41,-394
ABpraaaap,162,229,91,16.2,41,228
ABpraaaap,163,232,92,16.1,39,-845
ABpraaaap,164,234,91,16.2,39,-1086
ABpraaaap,165,232,91,16.1,41,210
ABpraaaap,166,226,92,16.1,41,-232
ABpraaaap,167,221,91,16.4,39,451
ABpraaaap,168,214,97,17.0,38,-516
ABpraaaap,169,214,98,17.2,38,821
ABpraaaap,170,218,94,17.1,39,474
ABpraaaap,171,223,93,17.4,39,277
ABpraaaap,172,224,96,18.0,34,-1180
ABpraaaap,173,222,98,17.9,33,91
ABpraaaapa,174,198,104,18.9,32,261
ABpraaaapa,175,207,100,19.9,31,489
ABpraaaapa,176,215,97,20.1,31,338
ABpraaaapa,177,217,96,20.9,31,-1161
ABpraaaapa,178,211,103,20.1,31,782
ABpraaaapa,179,214,103,20.3,35,-878
ABpraaaapa,180,213,105,22.0,35,175
ABpraaaapa,181,213,103,20.3,35,861
ABpraaaapa,182,208,105,20.2,35,742
ABpraaaapa,183,209,103,20.0,35,-413
ABpraaaapa,184,208,104,19.1,33,-1376
ABpraaaapa,185,212,102,18.1,33,-539
ABpraaaapa,186,209,103,17.2,35,-230
ABpraaaapa,187,208,101,18.1,35,43
ABpraaaapa,188,211,100,18.2,33,-493
ABpraaaapa,189,211,102,18.1,35,255
ABpraaaapa,190,217,95,17.3,35,-525
ABpraaaapa,191,218,98,17.2,33,107
ABpraaaapa,192,217,95,18.0,35,368
ABpraaaapa,193,221,92,17.3,35,506
ABpraaaapa,194,217,93,18.0,31,-898
ABpraaaapa,195,219,89,17.3,35,89
ABpraaaapa,196,222,88,16.4,35,-469
ABpraaaapa,197,216,91,16.2,33,1021
ABpraaaapa,198,216,91,17.0,35,92
ABpraaaapa,199,214,93,17.1,35,927
ABpraaaapa,200,214,97,17.4,35,196
ABpraaaapa,201,211,95,18.2,35,-731
ABpraaaapa,202,214,97,18.2,34,-519
ABpraaaapa,203,213,97,18.2,34,742
ABpraaaapa,204,211,99,18.1,34,-328
ABpraaaapa,205,211,100,18.1,34,-160
ABpraaaapp,174,238,92,17.2,32,-566
ABpraaaapp,175,245,89,18.1,31,931
ABpraaaapp,176,252,88,19.1,31,576
ABpraaaapp,177,257,87,19.1,35,-421
ABpraaaapp,178,258,83,19.1,35,666
ABpraaaapp,179,257,79,19.1,35,-727
ABpraaaapp,180,248,79,19.3,35,721
ABpraaaapp,181,247,77,19.2,35,1000
ABpraaaapp,182,246,81,19.1,35,-629
ABpraaaapp,183,248,77,19.1,35,-1145
ABpraaaapp,184,244,77,18.1,35,-759
ABpraaaapp,185,247,76,17.2,35,-693
ABpraaaapp,186,243,79,17.1,35,-160
ABpraaaapp,187,244,82,17.5,35,325
ABpraaaapp,188,247,77,18.1,35,-1104
ABpraaaapp,189,248,80,18.3,35,1696
ABpraaaapp,190,252,77,18.3,35,-448
ABpraaaapp,191,254,76,18.1,33,-744
ABpraaaapp,192,255,78,18.4,33,582
ABpraaaapp,193,259,77,19.1,35,-351
ABpraaaapp,194,253,83,19.2,35,850
ABpraaaapp,195,252,83,18.4,35,406
ABpraaaapp,196,251,81,19.1,35,235
ABpraaaapp,197,245,84,18.3,35,-165
ABpraaaapp,198,241,82,19.1,35,445
ABpraaaapp,199,243,84,18.4,35,259
ABpraaaapp,200,242,85,19.2,35,-938
ABpraaaapp,201,241,84,19.5,35,-544
ABpraaaapp,202,243,85,20.1,34,487
ABpraaaapp,203,244,88,19.2,34,-419
ABpraaaapp,204,240,87,19.1,34,-68
ABpraaaapp,205,241,83,18.5,34,-25
ABpraaap,102,339,91,15.9,35,-276
ABpraaap,103,347,100,16.2,51,-31
ABpraaap,104,342,102,16.9,48,-228
ABpraaap,105,327,99,16.1,46,-415
ABpraaap,106,325,105,16.0,44,348
ABpraaap,107,324,104,15.1,44,-225
ABpraaap,108,320,105,15.1,46,-426
ABpraaap,109,321,107,16.0,44,-243
ABpraaap,110,318,109,15.9,44,-662
ABpraaap,111,314,102,14.1,44,-220
ABpraaap,112,313,104,13.9,44,108
ABpraaap,113,312,99,13.9,44,-1314
ABpraaap,114,302,93,13.0,44,648
ABpraaap,115,307,94,13.0,44,-713
ABpraaap,116,306,90,12.9,44,-20
ABpraaap,117,302,94,12.2,44,-1549
ABpraaap,118,299,98,12.0,44,-385
ABpraaap,119,302,101,11.2,44,41
ABpraaap,120,298,100,11.4,46,180
ABpraaap,121,295,103,11.0,44,162
ABpraaap,122,295,98,11.1,46,-301
ABpraaap,123,286,92,11.1,44,-592
ABpraaap,124,274,97,12.0,44,411
ABpraaap,125,271,96,11.9,44,-725
ABpraaap,126,275,91,11.2,46,145
ABpraaap,127,279,94,10.2,44,-578
ABpraaap,128,279,93,10.0,44,942
ABpraaap,129,283,92,10.8,44,239
ABpraaap,130,278,94,11.1,43,-223
ABpraaap,131,277,97,11.1,45,-308
ABpraaap,132,273,94,11.0,42,-214
ABpraaap,133,259,112,10.0,34,175
ABpraaap,134,261,111,9.8,39,1540
ABpraaapa,135,238,116,8.4,30,591
ABpraaapa,136,229,119,8.4,35,-926
ABpraaapa,137,225,124,8.5,36,866
ABpraaapa,138,218,131,8.7,37,1172
ABpraaapa,139,220,134,8.2,37,-756
ABpraaapa,140,217,133,8.8,37,-685
ABpraaapa,141,215,134,8.8,37,33
ABpraaapa,142,216,138,8.8,37,-930
ABpraaapa,143,215,135,9.8,37,1008
ABpraaapa,144,214,132,9.8,37,-425
ABpraaapa,145,210,130,10.0,37,343
ABpraaapa,146,213,132,9.0,37,-594
ABpraaapa,147,214,128,9.8,37,-199
ABpraaapa,148,223,126,9.8,37,564
ABpraaapa,149,221,123,9.9,37,-327
ABpraaapa,150,224,120,10.0,37,742
ABpraaapa,151,229,114,10.1,37,-320
ABpraaapa,152,226,114,10.8,37,-321
ABpraaapa,153,231,111,11.9,37,-132
ABpraaapa,154,228,109,11.9,37,-758
ABpraaapa,155,226,105,11.3,39,-604
ABpraaapa,156,229,111,11.4,39,344
ABpraaapa,157,226,111,12.0,39,-662
ABpraaapa,158,225,111,11.9,37,674
ABpraaapa,159,229,117,11.9,37,-835
ABpraaapa,160,225,117,12.0,37,-31
ABpraaapa,161,226,117,12.4,39,-916
ABpraaapa,162,226,125,13.0,37,-1572
ABpraaapa,163,227,124,13.1,37,-895
ABpraaapa,164,226,120,13.1,37,-237
ABpraaapa,165,230,121,12.3,41,38
ABpraaapa,166,222,124,12.8,37,-877
ABpraaapa,167,218,125,13.1,37,-164
ABpraaapa,168,211,126,13.8,36,-498
ABpraaapa,169,209,129,13.4,38,-1052
ABpraaapa,170,209,131,13.3,37,-932
ABpraaapa,171,217,129,14.1,37,-12
ABpraaapa,172,217,133,14.1,36,-1865
ABpraaapa,173,211,140,14.1,37,-826
ABpraaapa,174,212,140,14.9,32,-1300
ABpraaapa,175,216,137,15.0,31,-70
ABpraaapaa,176,206,154,14.9,31,-690
ABpraaapaa,177,204,159,15.0,31,1179
ABpraaapaa,178,203,155,15.0,31,-281
ABpraaapaa,179,201,157,15.8,31,-438
ABpraaapaa,180,203,162,15.5,33,187
ABpraaapaa,181,210,162,15.9,31,533
ABpraaapaa,182,217,164,15.5,33,1083
ABpraaapaa,183,217,167,15.8,31,-245
ABpraaapaa,184,218,171,15.1,31,146
ABpraaapaa,185,218,170,15.1,31,-499
ABpraaapaa,186,220,167,15.1,31,513
ABpraaapaa,187,217,166,15.1,31,-1182
ABpraaapaa,188,215,167,15.1,31,215
ABpraaapaa,189,215,166,15.8,31,-97
ABpraaapaa,190,215,162,15.2,31,505
ABpraaapaa,191,221,161,14.5,35,-1464
ABpraaapaa,192,217,157,15.1,33,-1064
ABpraaapaa,193,215,158,15.1,35,-1639
ABpraaapaa,194,215,157,14.3,35,1072
ABpraaapaa,195,216,155,14.2,35,-75
ABpraaapaa,196,217,149,14.4,35,1675
ABpraaapaa,197,216,150,14.3,35,580
ABpraaapaa,198,213,146,14.3,35,-696
ABpraaapaa,199,209,149,14.3,35,291
ABpraaapaa,200,209,146,15.0,35,1273
ABpraaapaa,201,207,140,15.2,35,623
ABpraaapaa,202,210,140,15.2,34,-562
ABpraaapaa,203,205,141,15.4,34,-639
ABpraaapaa,204,204,142,15.2,34,-2375
ABpraaapaa,205,203,143,15.2,32,-108
ABpraaapap,176,230,131,15.0,31,-477
ABpraaapap,177,239,126,14.3,29,-666
ABpraaapap,178,242,129,14.3,35,397
ABpraaapap,179,240,129,14.4,35,-805
ABpraaapap,180,239,130,14.2,35,-1092
ABpraaapap,181,244,128,14.2,35,-42
ABpraaapap,182,243,127,14.2,33,1322
ABpraaapap,183,247,132,14.2,35,-648
ABpraaapap,184,241,133,14.2,33,-687
ABpraaapap,185,239,132,13.6,35,-496
ABpraaapap,186,233,131,13.5,35,-529
ABpraaapap,187,234,130,13.4,33,-584
ABpraaapap,188,236,134,13.5,33,-14
ABpraaapap,189,231,133,13.6,35,-1570
ABpraaapap,190,233,132,13.4,35,-190
ABpraaapap,191,237,133,13.4,33,-274
ABpraaapap,192,234,129,14.1,31,-2159
ABpraaapap,193,232,132,13.4,35,-645
ABpraaapap,194,233,129,13.9,31,-961
ABpraaapap,195,235,126,13.8,31,101
ABpraaapap,196,233,130,13.8,31,1310
ABpraaapap,197,229,128,13.2,33,-271
ABpraaapap,198,229,128,13.2,35,-1298
ABpraaapap,199,228,128,13.2,35,-1022
ABpraaapap,200,225,130,13.3,29,723
ABpraaapap,201,224,127,13.4,29,-896
ABpraaapap,202,224,127,13.4,29,419
ABpraaapap,203,221,129,14.0,34,-1141
ABpraaapap,204,218,123,14.0,34,-929
ABpraaapap,205,222,121,13.3,34,-1103
ABpraaapp,135,282,107,9.1,34,-920
ABpraaapp,136,278,106,9.1,35,-236
ABpraaapp,137,279,106,9.9,38,546
ABpraaapp,138,281,105,9.4,39,-736
ABpraaapp,139,282,107,10.1,39,-67
ABpraaapp,140,283,104,10.3,39,-205
ABpraaapp,141,281,104,10.2,39,-1168
ABpraaapp,142,280,105,10.4,39,-232
ABpraaapp,143,279,103,10.3,39,-196
ABpraaapp,144,274,99,11.0,37,-559
ABpraaapp,145,267,98,11.1,39,-636
ABpraaapp,146,263,97,10.6,39,-880
ABpraaapp,147,262,98,12.0,41,79
ABpraaapp,148,264,99,12.2,39,-720
ABpraaapp,149,266,94,12.0,39,-574
ABpraaapp,150,272,87,12.0,39,-278
ABpraaapp,151,273,82,12.2,39,-910
ABpraaapp,152,266,80,12.5,39,-53
ABpraaapp,153,275,79,13.1,41,-923
ABpraaapp,154,279,80,13.3,39,-831
ABpraaapp,155,280,80,14.1,39,0
ABpraaapp,156,276,85,13.3,41,-1443
ABpraaapp,157,272,92,14.1,41,-233
ABpraaapp,158,278,90,13.4,41,-653
ABpraaapp,159,278,91,13.3,41,48
ABpraaapp,160,281,96,13.3,41,-363
ABpraaapp,161,283,102,14.0,41,191
ABpraaapp,162,283,99,14.0,41,352
ABpraaapp,163,283,96,13.2,41,276
ABpraaapp,164,284,98,13.2,41,-641
ABpraaapp,165,280,100,13.1,39,-771
ABpraaapp,166,270,107,13.3,41,230
ABpraaapp,167,266,110,14.0,37,-169
ABpraaapp,168,258,108,14.0,36,776
ABpraaapp,169,258,112,14.1,36,-165
ABpraaappa,170,243,119,14.9,35,-162
ABpraaappa,171,246,116,14.9,35,-526
ABpraaappa,172,247,120,15.0,34,-831
ABpraaappa,173,244,120,15.0,33,-646
ABpraaappa,174,244,120,14.9,32,101
ABpraaappa,175,248,117,15.0,35,-472
ABpraaappa,176,248,112,15.3,33,190
ABpraaappa,177,251,104,15.3,33,774
ABpraaappa,178,250,103,16.1,33,86
ABpraaappa,179,247,102,15.4,35,40
ABpraaappa,180,248,103,16.8,31,-46
ABpraaappa,181,252,99,16.2,35,685
ABpraaappa,182,254,101,16.1,31,559
ABpraaappa,183,254,104,16.0,35,357
ABpraaappa,184,255,106,16.0,31,-1107
ABpraaappa,185,256,115,15.3,35,-107
ABpraaappa,186,254,110,15.0,35,-1636
ABpraaappa,187,253,109,15.1,35,-547
ABpraaappa,188,254,107,15.2,35,422
ABpraaappa,189,252,110,15.1,35,120
ABpraaappa,190,258,104,15.2,35,-17
ABpraaappa,191,259,103,14.3,35,830
ABpraaappa,192,256,110,15.4,33,436
ABpraaappa,193,257,108,15.3,33,-615
ABpraaappa,194,257,107,15.1,35,-912
ABpraaappa,195,259,106,15.2,35,447
ABpraaappa,196,259,104,14.4,33,-376
ABpraaappa,197,255,108,15.1,35,-174
ABpraaappa,198,255,105,15.1,33,-1030
ABpraaappa,199,253,104,15.1,33,-178
ABpraaappa,200,246,102,15.3,35,-862
ABpraaappa,201,246,101,16.0,35,-220
ABpraaappa,202,250,103,16.2,34,677
ABpraaappa,203,246,107,16.0,32,15
ABpraaappa,204,246,101,15.4,34,-242
ABpraaappa,205,250,107,15.4,34,-799
ABpraaappp,170,275,96,15.0,35,566
ABpraaappp,171,282,83,15.8,35,757
ABpraaappp,172,276,85,15.0,34,-899
ABpraaappp,173,275,83,15.2,37,-1475
ABpraaappp,174,278,82,15.1,36,289
ABpraaappp,175,283,80,14.3,35,-307
ABpraaappp,176,286,78,15.1,35,321
ABpraaappp,177,287,76,16.0,35,63
ABpraaappp,178,287,78,16.2,35,-426
ABpraaappp,179,284,82,16.3,35,25
ABpraaappp,180,284,88,17.1,35,-18
ABpraaappp,181,292,91,16.2,35,-54
ABpraaappp,182,295,90,16.2,35,-692
ABpraaappp,183,295,90,16.2,35,-1367
ABpraaappp,184,294,90,16.2,35,859
ABpraaappp,185,293,85,16.1,35,-897
ABpraaappp,186,295,83,16.0,35,382
ABpraaappp,187,296,79,16.2,35,-110
ABpraaappp,188,291,83,16.2,35,-418
ABpraaappp,189,289,85,16.2,35,-496
ABpraaappp,190,292,87,16.0,35,1106
ABpraaappp,191,299,84,15.2,35,-565
ABpraaappp,192,295,80,16.2,35,516
ABpraaappp,193,297,83,16.1,35,-1042
ABpraaappp,194,295,94,16.1,35,306
ABpraaappp,195,299,90,16.0,35,-572
ABpraaappp,196,293,89,15.3,35,3
ABpraaappp,197,290,91,15.2,35,-1031
ABpraaappp,198,286,87,15.2,35,299
ABpraaappp,199,290,86,15.1,35,403
ABpraaappp,200,284,87,16.0,35,-1072
ABpraaappp,201,283,83,16.2,35,-21
ABpraaappp,202,283,82,16.2,34,-1411
ABpraaappp,203,283,83,16.2,34,-70
ABpraaappp,204,284,87,16.1,34,-367
ABpraaappp,205,283,91,15.3,34,-1347
ABpraap,77,400,99,21.1,38,-85
ABpraap,78,404,103,21.1,50,-827
ABpraap,79,398,109,20.9,50,-402
ABpraap,80,400,109,20.1,51,537
ABpraap,81,403,106,21.2,53,532
ABpraap,82,403,102,22.1,49,131
ABpraap,83,404,98,22.3,53,-344
ABpraap,84,405,96,22.2,54,-301
ABpraap,85,398,96,23.1,51,342
ABpraap,86,396,96,23.1,54,294
ABpraap,87,405,94,22.0,53,-185
ABpraap,88,404,96,21.3,56,491
ABpraap,89,402,94,21.3,56,45
ABpraap,90,392,88,22.0,54,-195
ABpraap,91,386,86,21.2,56,-308
ABpraap,92,385,81,21.1,54,-47
ABpraap,93,376,84,22.0,54,391
ABpraap,94,388,84,21.9,54,-495
ABpraap,95,389,75,21.2,54,-609
ABpraap,96,394,75,20.9,54,-481
ABpraap,97,402,81,20.1,55,21
ABpraap,98,410,82,19.2,55,-1159
ABpraap,99,418,84,19.0,53,43
ABpraap,100,414,85,18.9,54,148
ABpraap,101,412,84,19.8,54,-854
ABpraapa,102,404,72,20.9,53,-63
ABpraapa,103,388,67,21.0,43,-404
ABpraapa,104,366,63,20.9,48,-109
ABpraapa,105,341,59,19.1,46,-233
ABpraapa,106,325,58,18.9,44,234
ABpraapa,107,321,58,18.1,44,222
ABpraapa,108,319,60,19.0,44,-609
ABpraapa,109,322,62,18.9,44,170
ABpraapa,110,321,62,18.0,44,190
ABpraapa,111,311,62,18.1,44,-692
ABpraapa,112,311,62,18.2,44,182
ABpraapa,113,311,64,18.0,44,-1160
ABpraapa,114,311,64,18.0,44,919
ABpraapa,115,315,62,17.9,44,-95
ABpraapa,116,311,64,17.1,44,-899
ABpraapa,117,314,61,17.0,44,-552
ABpraapa,118,310,63,16.4,46,-443
ABpraapa,119,306,63,16.1,44,-249
ABpraapa,120,306,63,16.0,44,-753
ABpraapa,121,305,65,15.9,44,40
ABpraapa,122,313,64,16.0,44,-561
ABpraapa,123,318,63,15.5,46,32
ABpraapa,124,315,63,15.9,44,-636
ABpraapa,125,321,63,15.2,44,-379
ABpraapa,126,324,62,15.1,44,324
ABpraapa,127,323,63,14.9,44,-71
ABpraapa,128,325,64,14.1,44,-398
ABpraapa,129,327,62,14.1,44,-559
ABpraapa,130,323,66,14.1,43,1011
ABpraapa,131,326,69,13.1,45,-301
ABpraapa,132,321,71,13.2,44,-45
ABpraapa,133,311,70,12.3,36,46
ABpraapa,134,316,77,13.0,35,563
ABpraapaa,135,306,74,12.2,32,-100
ABpraapaa,136,300,68,13.0,33,-761
ABpraapaa,137,304,68,13.2,36,1099
ABpraapaa,138,296,64,13.1,37,33
ABpraapaa,139,298,60,13.2,37,-644
ABpraapaa,140,297,62,13.8,37,368
ABpraapaa,141,298,64,12.9,37,22
ABpraapaa,142,294,67,12.8,37,-661
ABpraapaa,143,292,68,12.2,37,1423
ABpraapaa,144,294,71,12.8,37,-1240
ABpraapaa,145,292,74,12.2,37,-1006
ABpraapaa,146,298,82,12.2,37,-183
ABpraapaa,147,299,87,13.0,37,-612
ABpraapaa,148,303,90,12.8,37,-2019
ABpraapaa,149,307,90,12.2,37,-679
ABpraapaa,150,307,98,12.1,37,-126
ABpraapaa,151,302,109,12.0,37,-933
ABpraapaa,152,298,110,12.1,39,-99
ABpraapaa,153,299,114,11.5,39,302
ABpraapaa,154,294,114,12.2,39,-804
ABpraapaa,155,293,114,11.4,39,-597
ABpraapaa,156,289,122,11.4,39,414
ABpraapaa,157,286,123,11.2,39,238
ABpraapaa,158,284,125,11.2,39,262
ABpraapaa,159,282,128,11.1,37,-1654
ABpraapaa,160,273,125,10.4,39,-18
ABpraapaa,161,262,121,10.3,41,-1558
ABpraapaa,162,259,122,10.2,39,-547
ABpraapaa,163,252,119,10.2,39,-240
ABpraapaa,164,247,121,10.1,41,-1357
ABpraapaa,165,246,118,9.2,39,576
ABpraapaa,166,249,119,9.2,39,-3
ABpraapaa,167,244,115,9.3,41,0
ABpraapaa,168,232,116,9.4,38,-840
ABpraapaa,169,229,115,9.3,38,-343
ABpraapaa,170,225,119,9.3,39,-44
ABpraapaa,171,232,120,10.1,37,-949
ABpraapaa,172,229,121,9.3,36,99
ABpraapaa,173,231,124,9.4,35,-772
ABpraapaa,174,232,121,10.0,30,-100
ABpraapaa,175,234,120,10.1,31,73
ABpraapaaa,176,214,129,10.7,31,1563
ABpraapaaa,177,215,136,11.1,29,998
ABpraapaaa,178,224,137,11.2,31,1808
ABpraapaaa,179,219,125,11.9,31,881
ABpraapaaa,180,216,127,11.9,31,1945
ABpraapaaa,181,211,123,11.2,33,1158
ABpraapaaa,182,215,116,11.1,31,-598
ABpraapaaa,183,217,117,10.9,31,-123
ABpraapaaa,184,210,123,10.2,31,937
ABpraapaaa,185,212,129,9.9,31,-354
ABpraapaaa,186,211,132,9.2,33,109
ABpraapaaa,187,210,125,9.9,31,568
ABpraapaaa,188,206,125,10.1,33,-249
ABpraapaaa,189,206,125,10.0,31,-729
ABpraapaaa,190,205,126,9.5,33,-595
ABpraapaaa,191,209,127,8.6,35,-595
ABpraapaaa,192,200,132,9.3,33,860
ABpraapaaa,193,197,132,10.1,33,278
ABpraapaaa,194,201,128,9.5,33,-1734
ABpraapaaa,195,200,133,9.5,33,983
ABpraapaaa,196,194,138,9.3,35,735
ABpraapaaa,197,191,138,9.2,33,-867
ABpraapaaa,198,194,135,9.2,33,235
ABpraapaaa,199,192,134,9.3,35,88
ABpraapaaa,200,186,141,9.1,33,74
ABpraapaaa,201,183,142,9.0,33,401
ABpraapaaa,202,191,141,9.2,34,246
ABpraapaaa,203,186,138,9.4,34,-434
ABpraapaaa,204,185,141,9.4,34,264
ABpraapaaa,205,182,140,9.3,32,-1689
ABpraapaap,176,247,112,10.8,31,-424
ABpraapaap,177,252,109,11.7,31,-345
ABpraapaap,178,259,107,11.2,31,-743
ABpraapaap,179,256,114,11.1,31,-223
ABpraapaap,180,260,114,11.1,31,-185
ABpraapaap,181,261,115,11.2,33,-621
ABpraapaap,182,260,111,10.5,33,96
ABpraapaap,183,257,112,10.4,35,-1403
ABpraapaap,184,248,112,10.3,35,-756
ABpraapaap,185,247,110,10.4,35,-488
ABpraapaap,186,243,110,10.2,33,143
ABpraapaap,187,243,103,10.3,35,94
ABpraapaap,188,240,103,11.1,35,-450
ABpraapaap,189,240,102,11.1,33,276
ABpraapaap,190,243,103,10.4,35,-227
ABpraapaap,191,242,106,10.4,35,-665
ABpraapaap,192,233,105,11.0,33,-1164
ABpraapaap,193,233,106,10.4,35,-1081
ABpraapaap,194,232,104,10.5,33,-281
ABpraapaap,195,231,104,11.0,35,-1278
ABpraapaap,196,228,109,10.1,35,-409
ABpraapaap,197,225,110,10.3,35,377
ABpraapaap,198,224,107,10.5,35,-1184
ABpraapaap,199,221,107,10.3,35,631
ABpraapaap,200,211,113,11.1,35,1723
ABpraapaap,201,211,115,11.2,35,833
ABpraapaap,202,214,112,11.2,34,-1010
ABpraapaap,203,211,110,11.4,34,528
ABpraapaap,204,209,113,11.3,34,-693
ABpraapaap,205,213,110,11.2,34,-929
ABpraapap,135,339,74,12.1,32,1010
ABpraapap,136,349,72,12.1,33,2769
ABpraapap,137,352,73,12.8,38,-293
ABpraapap,138,346,73,12.8,37,-243
ABpraapap,139,354,76,12.1,37,90
ABpraapap,140,354,73,12.8,37,-381
ABpraapap,141,354,69,12.0,37,-357
ABpraapap,142,351,69,11.7,37,-188
ABpraapap,143,352,69,11.3,37,-81
ABpraapap,144,349,73,11.0,37,-513
ABpraapap,145,346,74,11.0,37,1159
ABpraapap,146,347,71,11.1,37,169
ABpraapap,147,343,70,11.2,37,258
ABpraapap,148,340,71,10.5,39,795
ABpraapap,149,343,72,11.2,37,272
ABpraapap,150,338,70,11.1,37,-27
ABpraapap,151,335,79,10.1,37,-593
ABpraapap,152,325,77,10.1,37,-434
ABpraapap,153,323,86,9.4,39,-1111
ABpraapap,154,323,83,10.1,39,-665
ABpraapap,155,324,84,10.1,39,-613
ABpraapap,156,315,86,10.2,39,67
ABpraapap,157,313,86,10.2,37,550
ABpraapap,158,316,90,10.4,41,-160
ABpraapap,159,319,89,10.5,41,4
ABpraapap,160,314,90,10.4,41,-377
ABpraapap,161,304,95,11.0,39,-327
ABpraapap,162,302,98,10.2,41,-527
ABpraapap,163,304,94,10.2,41,-246
ABpraapap,164,303,90,9.6,39,-837
ABpraapap,165,310,87,9.4,41,251
ABpraapap,166,306,84,9.4,39,262
ABpraapap,167,305,80,10.4,41,666
ABpraapap,168,294,87,10.9,36,490
ABpraapap,169,286,91,10.4,38,669
ABpraapap,170,280,95,10.2,39,189
ABpraapap,171,281,95,11.0,35,-948
ABpraapap,172,282,84,10.9,34,-461
ABpraapap,173,281,84,11.0,33,-224
ABpraapapa,174,259,86,10.2,28,-234
ABpraapapa,175,261,82,11.0,31,-329
ABpraapapa,176,268,78,11.1,31,-27
ABpraapapa,177,276,77,11.3,33,-1260
ABpraapapa,178,281,75,11.3,33,-489
ABpraapapa,179,274,78,11.5,33,403
ABpraapapa,180,270,77,11.9,31,-324
ABpraapapa,181,270,76,11.8,31,-1
ABpraapapa,182,269,78,11.5,33,160
ABpraapapa,183,269,76,12.0,33,887
ABpraapapa,184,262,81,12.0,31,-533
ABpraapapa,185,262,82,11.5,35,-370
ABpraapapa,186,255,83,11.5,33,-1185
ABpraapapa,187,257,80,12.8,31,-363
ABpraapapa,188,254,78,13.1,35,169
ABpraapapa,189,253,78,13.3,35,1319
ABpraapapa,190,255,82,12.3,33,-893
ABpraapapa,191,258,86,12.2,33,116
ABpraapapa,192,254,84,12.4,33,-816
ABpraapapa,193,252,84,12.9,31,219
ABpraapapa,194,254,83,12.6,33,-354
ABpraapapa,195,256,83,12.3,33,-152
ABpraapapa,196,253,83,11.3,33,-1248
ABpraapapa,197,253,84,11.8,31,-140
ABpraapapa,198,252,82,11.5,33,-1609
ABpraapapa,199,246,85,11.6,33,-1045
ABpraapapa,200,239,84,12.2,35,-629
ABpraapapa,201,239,86,12.2,33,1054
ABpraapapa,202,241,86,12.2,34,-659
ABpraapapa,203,240,84,12.2,34,22
ABpraapapa,204,242,84,12.3,32,102
ABpraapapa,205,245,81,12.3,32,-445
ABpraapapp,174,294,88,10.6,30,-400
ABpraapapp,175,301,95,11.2,31,1481
ABpraapapp,176,301,93,11.9,31,222
ABpraapapp,177,310,92,12.1,33,-258
ABpraapapp,178,310,102,12.0,33,894
ABpraapapp,179,305,105,12.3,33,-656
ABpraapapp,180,301,102,12.3,33,164
ABpraapapp,181,300,98,12.3,35,822
ABpraapapp,182,299,96,12.3,35,302
ABpraapapp,183,297,95,12.2,35,351
ABpraapapp,184,290,99,11.5,35,674
ABpraapapp,185,292,99,11.4,35,259
ABpraapapp,186,287,98,11.4,33,-575
ABpraapapp,187,287,92,12.0,35,-808
ABpraapapp,188,285,91,11.5,33,-504
ABpraapapp,189,287,91,11.5,33,-61
ABpraapapp,190,289,95,11.3,35,-169
ABpraapapp,191,297,93,11.4,33,515
ABpraapapp,192,294,88,12.1,35,-326
ABpraapapp,193,288,93,12.0,35,-996
ABpraapapp,194,287,92,11.4,35,-136
ABpraapapp,195,289,89,11.3,33,-930
ABpraapapp,196,285,97,11.1,35,358
ABpraapapp,197,282,95,11.3,35,-215
ABpraapapp,198,277,95,11.2,35,-176
ABpraapapp,199,274,94,11.3,35,-98
ABpraapapp,200,271,96,11.4,35,-1014
ABpraapapp,201,271,89,12.2,35,-543
ABpraapapp,202,274,89,12.3,34,-131
ABpraapapp,203,269,95,12.2,34,-457
ABpraapapp,204,272,94,12.3,34,-697
ABpraapapp,205,272,99,12.3,34,-420
ABpraapp,102,437,86,18.0,53,-616
ABpraapp,103,433,85,18.9,51,-189
ABpraapp,104,426,87,18.1,48,385
ABpraapp,105,410,85,17.1,46,-226
ABpraapp,106,405,86,16.8,44,587
ABpraapp,107,406,85,15.9,44,65
ABpraapp,108,410,80,15.9,44,-250
ABpraapp,109,408,77,15.8,44,-302
ABpraapp,110,404,76,15.9,44,-29
ABpraapp,111,401,78,16.0,44,-676
ABpraapp,112,400,75,15.3,46,142
ABpraapp,113,397,75,15.9,44,-501
ABpraapp,114,400,75,15.9,44,6
ABpraapp,115,396,83,15.2,46,-622
ABpraapp,116,392,91,16.2,46,-849
ABpraapp,117,387,91,16.9,44,-20
ABpraapp,118,383,92,16.9,44,-47
ABpraapp,119,377,93,16.2,46,12
ABpraapp,120,372,94,16.9,44,-1034
ABpraapp,121,368,97,16.0,46,-872
ABpraapp,122,366,97,15.3,46,294
ABpraapp,123,369,101,15.2,46,916
ABpraapp,124,365,108,15.4,48,266
ABpraapp,125,366,110,15.1,46,-381
ABpraapp,126,366,109,14.4,46,-785
ABpraapp,127,364,108,14.2,46,-520
ABpraapp,128,361,112,14.3,46,-766
ABpraapp,129,359,114,15.1,46,-606
ABpraapp,130,359,115,14.2,45,-603
ABpraapp,131,358,119,14.0,43,-758
ABpraapp,132,351,109,14.1,34,-907
ABpraappa,133,332,120,14.0,32,186
ABpraappa,134,329,125,13.1,33,-1234
ABpraappa,135,335,127,12.2,34,124
ABpraappa,136,330,119,12.9,37,720
ABpraappa,137,330,110,13.2,38,-722
ABpraappa,138,321,108,13.1,39,-491
ABpraappa,139,322,108,12.3,39,287
ABpraappa,140,321,109,12.4,39,420
ABpraappa,141,326,109,12.3,39,571
ABpraappa,142,327,111,12.8,37,340
ABpraappa,143,330,111,12.2,37,-322
ABpraappa,144,333,115,11.9,37,376
ABpraappa,145,336,112,11.9,37,671
ABpraappa,146,338,112,11.9,37,-89
ABpraappa,147,339,109,11.9,37,-142
ABpraappa,148,347,112,11.9,37,-679
ABpraappa,149,351,112,12.0,37,128
ABpraappa,150,348,110,12.0,39,360
ABpraappa,151,348,115,12.1,37,-707
ABpraappa,152,344,118,12.1,37,547
ABpraappa,153,351,116,12.1,39,236
ABpraappa,154,349,111,12.2,37,-97
ABpraappa,155,352,108,12.8,37,155
ABpraappa,156,350,104,12.3,39,-792
ABpraappa,157,345,99,12.9,37,-455
ABpraappa,158,343,97,12.9,37,735
ABpraappa,159,342,95,13.2,37,-800
ABpraappa,160,338,99,13.1,39,-1164
ABpraappa,161,335,102,13.8,37,-726
ABpraappa,162,339,100,13.1,37,-280
ABpraappa,163,339,91,13.1,39,446
ABpraappa,164,342,94,13.1,37,421
ABpraappa,165,340,93,13.2,39,194
ABpraappa,166,336,96,13.1,37,-136
ABpraappa,167,329,85,14.0,39,621
ABpraappa,168,320,81,14.0,38,997
ABpraappa,169,315,76,14.0,36,102
ABpraappa,170,315,71,14.0,37,403
ABpraappa,171,322,66,14.9,35,-435
ABpraappa,172,320,65,14.2,34,-500
ABpraappa,173,317,67,14.1,37,-931
ABpraappa,174,316,64,14.0,36,-368
ABpraappa,175,319,68,14.2,35,130
ABpraappa,176,322,66,15.0,35,-321
ABpraappa,177,323,65,15.0,35,39
ABpraappa,178,318,68,14.9,31,253
ABpraappa,179,320,68,14.9,31,-1244
ABpraappaa,180,308,63,14.0,27,1705
ABpraappaa,181,302,61,14.8,31,-289
ABpraappaa,182,306,57,14.9,31,-657
ABpraappaa,183,302,57,14.9,31,-777
ABpraappaa,184,296,61,14.4,33,607
ABpraappaa,185,299,60,14.1,31,-890
ABpraappaa,186,298,61,13.5,33,841
ABpraappaa,187,302,59,14.4,33,1246
ABpraappaa,188,301,61,14.0,31,-50
ABpraappaa,189,298,59,14.1,31,259
ABpraappaa,190,301,59,13.9,31,-605
ABpraappaa,191,303,59,13.5,33,13
ABpraappaa,192,298,61,14.2,29,2961
ABpraappaa,193,298,58,14.2,29,559
ABpraappaa,194,297,57,14.9,31,165
ABpraappaa,195,300,56,15.0,31,-1015
ABpraappaa,196,296,57,14.0,31,-503
ABpraappaa,197,290,57,14.1,31,-33
ABpraappaa,198,291,57,14.2,31,-215
ABpraappaa,199,296,56,14.2,29,-829
ABpraappaa,200,291,57,14.9,31,-1486
ABpraappaa,201,288,58,15.0,31,-295
ABpraappaa,202,288,59,14.6,32,778
ABpraappaa,203,287,59,15.0,30,-486
ABpraappaa,204,292,58,15.1,32,425
ABpraappaa,205,295,57,15.9,30,-1086
ABpraappap,180,328,74,15.0,31,-986
ABpraappap,181,339,79,14.8,31,1978
ABpraappap,182,343,80,15.0,31,-1396
ABpraappap,183,338,84,14.9,31,973
ABpraappap,184,334,79,14.2,33,-322
ABpraappap,185,338,80,14.3,33,174
ABpraappap,186,339,76,14.3,35,1061
ABpraappap,187,341,78,15.1,33,112
ABpraappap,188,335,81,14.4,35,-1497
ABpraappap,189,329,77,14.5,35,-388
ABpraappap,190,332,76,14.9,31,-564
ABpraappap,191,334,70,14.4,33,-503
ABpraappap,192,332,64,14.3,35,263
ABpraappap,193,330,69,14.4,33,-290
ABpraappap,194,326,71,14.4,35,-31
ABpraappap,195,331,69,15.0,33,-1302
ABpraappap,196,332,71,14.2,35,840
ABpraappap,197,327,73,15.0,35,-3
ABpraappap,198,327,71,15.2,35,2295
ABpraappap,199,327,73,14.3,35,-1052
ABpraappap,200,318,77,14.2,33,472
ABpraappap,201,316,75,13.4,35,65
ABpraappap,202,315,78,14.0,30,-810
ABpraappap,203,313,78,13.5,34,-309
ABpraappap,204,315,75,13.4,32,15
ABpraappap,205,317,75,13.4,32,249
ABpraappp,133,368,119,14.2,32,-331
ABpraappp,134,377,124,13.4,35,-549
ABpraappp,135,381,122,13.9,38,153
ABpraappp,136,382,125,13.1,37,-223
ABpraappp,137,385,123,13.8,38,-904
ABpraappp,138,381,116,13.4,39,435
ABpraappp,139,383,115,13.3,39,325
ABpraappp,140,382,110,13.4,39,-562
ABpraappp,141,384,97,14.2,39,-1529
ABpraappp,142,381,89,14.0,39,-280
ABpraappp,143,384,97,13.5,41,-814
ABpraappp,144,385,90,14.3,39,-512
ABpraappp,145,381,92,14.4,41,-1508
ABpraappp,146,382,95,14.1,39,320
ABpraappp,147,384,94,14.2,41,-888
ABpraappp,148,385,101,14.1,41,645
ABpraappp,149,384,96,14.3,39,-225
ABpraappp,150,382,95,14.2,41,-149
ABpraappp,151,381,90,13.5,41,-18
ABpraappp,152,381,85,13.1,41,-696
ABpraappp,153,381,76,12.4,41,-397
ABpraappp,154,386,77,13.0,39,-136
ABpraappp,155,386,77,12.3,41,461
ABpraappp,156,382,76,12.2,41,-227
ABpraappp,157,378,75,12.2,41,1224
ABpraappp,158,382,82,12.2,41,-638
ABpraappp,159,383,81,12.3,41,-198
ABpraappp,160,382,83,12.3,41,-153
ABpraappp,161,379,81,13.1,41,-176
ABpraappp,162,381,78,13.3,41,-115
ABpraappp,163,380,77,13.3,39,147
ABpraappp,164,380,78,14.2,41,303
ABpraappp,165,379,75,14.1,41,-760
ABpraappp,166,375,78,14.4,41,476
ABpraappp,167,370,73,15.2,41,319
ABpraappp,168,364,73,16.0,40,170
ABpraappp,169,357,74,16.1,40,-305
ABpraappp,170,360,70,16.1,39,-751
ABpraappp,171,361,73,17.0,35,-555
ABpraappp,172,349,71,16.9,34,455
ABpraapppa,173,344,69,16.9,33,594
ABpraapppa,174,344,67,17.9,32,-170
ABpraapppa,175,348,69,17.8,31,1011
ABpraapppa,176,356,70,17.4,33,1278
ABpraapppa,177,361,70,17.3,33,200
ABpraapppa,178,359,72,17.3,35,-112
ABpraapppa,179,360,72,16.5,35,244
ABpraapppa,180,360,73,18.1,33,479
ABpraapppa,181,362,70,17.4,35,-578
ABpraapppa,182,359,70,18.1,35,-1051
ABpraapppa,183,359,70,18.2,35,-933
ABpraapppa,184,357,71,18.2,35,-732
ABpraapppa,185,360,73,17.4,35,-878
ABpraapppa,186,359,72,17.3,35,313
ABpraapppa,187,363,78,17.4,35,-130
ABpraapppa,188,363,79,17.2,35,-217
ABpraapppa,189,357,78,17.3,35,-621
ABpraapppa,190,365,80,17.2,35,-1283
ABpraapppa,191,364,75,17.3,35,535
ABpraapppa,192,365,76,17.1,35,194
ABpraapppa,193,365,79,17.3,35,773
ABpraapppa,194,354,81,18.1,35,-347
ABpraapppa,195,359,77,18.1,35,133
ABpraapppa,196,358,74,18.2,35,-631
ABpraapppa,197,360,73,17.5,35,231
ABpraapppa,198,359,76,18.1,35,38
ABpraapppa,199,353,74,18.0,35,92
ABpraapppa,200,351,73,17.3,33,33
ABpraapppa,201,349,73,17.3,35,1177
ABpraapppa,202,345,74,18.9,30,-254
ABpraapppa,203,346,73,18.2,34,-588
ABpraapppa,204,347,72,18.1,32,44
ABpraapppa,205,349,72,17.4,34,-125
ABpraapppp,173,378,69,16.4,31,-815
ABpraapppp,174,390,67,18.9,32,-434
ABpraapppp,175,389,65,19.0,31,-495
ABpraapppp,176,397,65,18.9,31,314
ABpraapppp,177,402,67,17.3,35,307
ABpraapppp,178,401,71,17.3,35,-43
ABpraapppp,179,398,72,17.2,35,533
ABpraapppp,180,400,76,17.3,33,1433
ABpraapppp,181,400,74,17.2,35,435
ABpraapppp,182,399,74,17.2,35,-755
ABpraapppp,183,396,74,17.4,35,-692
ABpraapppp,184,394,74,17.3,35,-1195
ABpraapppp,185,394,78,18.1,35,-850
ABpraapppp,186,391,82,18.1,35,593
ABpraapppp,187,394,84,18.2,33,-527
ABpraapppp,188,390,83,19.0,35,122
ABpraapppp,189,384,79,19.2,35,-236
ABpraapppp,190,388,79,19.3,35,-1589
ABpraapppp,191,387,77,20.0,35,-410
ABpraapppp,192,385,78,20.0,35,236
ABpraapppp,193,386,76,20.0,35,-1029
ABpraapppp,194,384,76,20.2,35,-1
ABpraapppp,195,385,74,20.1,35,487
ABpraapppp,196,389,72,19.3,35,-1428
ABpraapppp,197,391,73,19.3,35,834
ABpraapppp,198,389,77,20.1,35,448
ABpraapppp,199,386,71,20.0,35,1232
ABpraapppp,200,386,74,20.1,33,1613
ABpraapppp,201,381,71,20.1,35,-490
ABpraapppp,202,386,72,21.1,34,1021
ABpraapppp,203,387,73,21.1,34,1002
ABpraapppp,204,388,73,20.3,34,664
ABpraapppp,205,387,68,20.1,34,-481
ABprap,55,416,110,19.0,41,1155
ABprap,56,427,110,18.0,38,1090
ABprap,57,438,110,17.0,35,-922
ABprap,58,455,110,17.0,43,-19
ABprap,59,471,114,17.0,40,44
ABprap,60,475,107,17.0,47,730
ABprap,61,467,105,17.0,49,335
ABprap,62,465,94,18.1,52,-567
ABprap,63,463,94,16.2,52,-378
ABprap,64,459,96,17.2,56,-639
ABprap,65,464,90,17.1,59,-488
ABprap,66,469,90,17.0,61,-144
ABprap,67,468,86,16.2,63,-459
ABprap,68,463,87,16.0,63,-1008
ABprap,69,462,86,15.1,63,228
ABprap,70,472,84,15.2,62,-765
ABprap,71,471,86,16.1,64,-174
ABprap,72,476,92,16.1,65,-280
ABprap,73,476,98,16.1,65,-309
ABprap,74,470,102,17.1,64,-183
ABprap,75,472,104,16.1,66,-247
ABprap,76,472,105,15.2,63,-127
ABprap,77,463,106,14.2,54,-1028
ABprapa,78,449,89,14.7,54,-259
ABprapa,79,430,81,14.1,50,80
ABprapa,80,431,70,14.0,49,-1055
ABprapa,81,434,67,13.4,51,-763
ABprapa,82,427,66,14.0,49,-657
ABprapa,83,420,65,15.0,51,474
ABprapa,84,423,66,14.1,52,-369
ABprapa,85,421,66,14.4,55,-803
ABprapa,86,415,69,14.4,54,-257
ABprapa,87,411,69,14.9,53,87
ABprapa,88,418,68,14.3,54,25
ABprapa,89,416,71,15.0,54,-495
ABprapa,90,414,72,15.1,54,-105
ABprapa,91,412,78,14.9,54,-205
ABprapa,92,412,76,14.0,54,-103
ABprapa,93,414,75,14.0,54,34
ABprapa,94,414,75,14.0,54,-9
ABprapa,95,415,70,13.9,54,-142
ABprapa,96,419,73,12.9,54,-491
ABprapa,97,422,77,12.8,53,-356
ABprapa,98,428,83,12.1,55,129
ABprapa,99,431,82,11.6,55,-813
ABprapa,100,427,85,11.9,54,-65
ABprapa,101,423,84,12.0,50,-532
ABprapa,102,405,78,11.2,43,-1169
ABprapaa,103,387,69,12.0,35,-877
ABprapaa,104,380,64,12.7,48,-528
ABprapaa,105,370,65,11.2,46,-187
ABprapaa,106,365,68,11.0,44,567
ABprapaa,107,360,66,11.0,44,-846
ABprapaa,108,343,71,11.0,44,30
ABprapaa,109,346,72,10.9,44,224
ABprapaa,110,338,78,10.1,44,-900
ABprapaa,111,342,81,9.9,44,255
ABprapaa,112,344,78,10.0,44,-320
ABprapaa,113,343,77,10.0,44,2
ABprapaa,114,339,78,9.9,44,503
ABprapaa,115,344,83,9.1,44,-411
ABprapaa,116,344,80,10.0,44,32
ABprapaa,117,343,76,10.1,44,-162
ABprapaa,118,343,72,10.2,44,266
ABprapaa,119,345,74,10.1,44,-249
ABprapaa,120,343,83,9.2,44,191
ABprapaa,121,341,87,9.0,44,-697
ABprapaa,122,339,90,8.2,44,-825
ABprapaa,123,341,89,8.9,44,-780
ABprapaa,124,337,87,9.0,44,76
ABprapaa,125,342,89,9.0,44,-228
ABprapaa,126,346,91,8.2,44,-152
ABprapaa,127,348,95,8.0,44,-364
ABprapaa,128,352,95,8.9,44,148
ABprapaa,129,359,97,9.0,44,-384
ABprapaa,130,364,95,8.9,43,-23
ABprapaa,131,370,97,8.9,43,-1047
ABprapaa,132,373,100,8.2,34,186
ABprapaa,133,355,108,8.2,34,61
ABprapaaa,134,332,112,7.2,33,-913
ABprapaaa,135,336,108,6.3,34,505
ABprapaaa,136,333,106,7.0,37,-270
ABprapaaa,137,335,107,7.1,38,-591
ABprapaaa,138,329,111,7.0,37,-781
ABprapaaa,139,330,113,7.0,37,85
ABprapaaa,140,328,112,7.1,37,975
ABprapaaa,141,329,112,7.0,37,-626
ABprapaaa,142,333,119,6.9,37,-184
ABprapaaa,143,334,117,6.9,37,-264
ABprapaaa,144,339,117,6.9,37,-542
ABprapaaa,145,344,115,6.2,41,297
ABprapaaa,146,344,121,6.8,37,523
ABprapaaa,147,347,116,6.5,39,-117
ABprapaaa,148,349,116,7.2,37,-502
ABprapaaa,149,352,113,7.9,37,-1057
ABprapaaa,150,352,118,8.0,37,850
ABprapaaa,151,356,116,7.9,37,-200
ABprapaaa,152,352,112,7.2,39,249
ABprapaaa,153,352,111,7.2,39,418
ABprapaaa,154,355,109,7.8,37,-541
ABprapaaa,155,361,110,7.8,37,-36
ABprapaaa,156,358,109,7.9,37,-342
ABprapaaa,157,357,107,7.4,39,190
ABprapaaa,158,362,107,7.9,37,309
ABprapaaa,159,366,108,7.4,39,-648
ABprapaaa,160,367,108,7.9,37,-625
ABprapaaa,161,363,99,8.1,39,-753
ABprapaaa,162,366,98,8.2,39,-218
ABprapaaa,163,368,98,8.3,39,456
ABprapaaa,164,367,92,8.4,39,-144
ABprapaaa,165,374,88,9.0,39,-1269
ABprapaaa,166,367,88,9.1,39,-1396
ABprapaaa,167,359,93,10.1,39,-438
ABprapaaa,168,344,99,10.8,36,792
ABprapaaa,169,337,106,11.2,38,-499
ABprapaaa,170,337,111,11.3,37,-26
ABprapaaa,171,345,109,11.2,31,1293
ABprapaaa,172,347,107,11.9,34,201
ABprapaaaa,173,330,112,12.3,31,-78
ABprapaaaa,174,333,111,13.8,32,-1149
ABprapaaaa,175,335,120,13.8,31,-528
ABprapaaaa,176,342,115,13.9,31,-824
ABprapaaaa,177,347,124,14.1,31,-761
ABprapaaaa,178,344,126,14.3,33,-708
ABprapaaaa,179,344,127,14.1,35,-110
ABprapaaaa,180,334,129,14.2,33,495
ABprapaaaa,181,332,127,14.0,31,-511
ABprapaaaa,182,333,127,14.1,33,-849
ABprapaaaa,183,335,127,14.0,33,96
ABprapaaaa,184,333,124,13.8,31,-1375
ABprapaaaa,185,338,123,13.3,35,-809
ABprapaaaa,186,336,120,13.2,35,985
ABprapaaaa,187,338,123,13.2,35,889
ABprapaaaa,188,337,129,13.0,31,730
ABprapaaaa,189,337,121,12.3,35,618
ABprapaaaa,190,337,125,12.2,35,-190
ABprapaaaa,191,344,123,12.2,35,1261
ABprapaaaa,192,343,116,12.3,35,406
ABprapaaaa,193,341,117,12.2,35,1812
ABprapaaaa,194,345,118,13.0,35,-114
ABprapaaaa,195,345,118,13.1,33,-237
ABprapaaaa,196,344,116,12.2,35,2706
ABprapaaaa,197,341,117,13.1,35,1188
ABprapaaaa,198,343,115,13.0,35,-347
ABprapaaaa,199,341,115,13.0,35,368
ABprapaaaa,200,336,110,13.0,35,843
ABprapaaaa,201,337,109,12.2,35,-449
ABprapaaaa,202,337,106,12.1,34,995
ABprapaaaa,203,340,103,13.0,34,409
ABprapaaaa,204,346,105,13.2,34,840
ABprapaaaa,205,351,101,13.1,34,1068
ABprapaaap,173,365,102,11.8,33,-426
ABprapaaap,174,371,89,11.8,32,-592
ABprapaaap,175,371,87,13.0,31,-409
ABprapaaap,176,376,81,12.4,35,-1651
ABprapaaap,177,376,81,12.4,35,-730
ABprapaaap,178,382,74,12.2,29,815
ABprapaaap,179,377,81,12.1,29,-691
ABprapaaap,180,378,96,12.2,32,402
ABprapaaap,181,379,112,12.2,35,-1795
ABprapaaap,182,373,113,12.2,35,-36
ABprapaaap,183,374,116,12.4,35,-1805
ABprapaaap,184,372,113,12.3,35,-356
ABprapaaap,185,372,111,12.3,33,898
ABprapaaap,186,370,107,12.2,35,-670
ABprapaaap,187,370,112,12.4,33,1202
ABprapaaap,188,372,114,13.0,35,577
ABprapaaap,189,373,111,12.4,35,588
ABprapaaap,190,377,112,12.3,35,-535
ABprapaaap,191,377,112,12.3,35,1342
ABprapaaap,192,377,110,12.3,35,-168
ABprapaaap,193,378,111,12.4,35,348
ABprapaaap,194,378,109,12.3,33,-41
ABprapaaap,195,376,105,12.2,35,1321
ABprapaaap,196,380,106,12.3,35,420
ABprapaaap,197,380,104,12.2,35,407
ABprapaaap,198,380,102,12.3,35,-497
ABprapaaap,199,378,104,12.3,35,-427
ABprapaaap,200,371,102,12.1,35,1007
ABprapaaap,201,375,102,12.2,33,-143
ABprapaaap,202,373,95,12.4,34,744
ABprapaaap,203,370,93,13.0,34,145
ABprapaaap,204,377,95,13.1,34,846
ABprapaaap,205,381,92,12.2,34,-112
ABprapaap,134,376,103,7.5,33,34
ABprapaap,135,380,108,7.3,34,-459
ABprapaap,136,377,112,7.8,37,213
ABprapaap,137,382,113,7.2,38,-55
ABprapaap,138,381,104,7.2,37,-700
ABprapaap,139,379,105,7.1,39,115
ABprapaap,140,377,100,7.2,39,32
ABprapaap,141,380,93,7.9,37,88
ABprapaap,142,380,94,8.0,37,307
ABprapaap,143,383,94,8.0,37,-80
ABprapaap,144,389,97,8.1,39,1505
ABprapaap,145,386,96,8.2,39,-19
ABprapaap,146,388,102,8.1,37,-1021
ABprapaap,147,391,101,8.2,39,561
ABprapaap,148,393,104,8.8,37,-692
ABprapaap,149,401,106,8.0,37,-1838
ABprapaap,150,404,103,8.7,37,-225
ABprapaap,151,401,105,8.8,37,-250
ABprapaap,152,397,102,8.9,37,21
ABprapaap,153,396,103,9.0,37,98
ABprapaap,154,398,98,8.8,37,274
ABprapaap,155,399,100,8.8,37,358
ABprapaap,156,396,107,9.0,37,111
ABprapaap,157,400,110,9.2,37,745
ABprapaap,158,400,113,9.9,37,1646
ABprapaap,159,405,106,10.1,37,-45
ABprapaap,160,401,111,10.1,37,-1387
ABprapaap,161,400,108,10.2,37,-387
ABprapaap,162,401,108,10.8,37,-180
ABprapaap,163,400,103,10.9,37,-87
ABprapaap,164,402,97,11.0,37,-915
ABprapaap,165,407,97,11.1,37,-1116
ABprapaap,166,399,98,11.8,37,-1142
ABprapaap,167,396,96,12.0,37,206
ABprapaap,168,392,89,11.8,36,-272
ABprapaap,169,389,87,11.1,36,261
ABprapaap,170,383,80,11.9,35,-191
ABprapaap,171,387,85,12.1,37,583
ABprapaap,172,388,86,12.3,36,-447
ABprapaap,173,396,87,13.1,37,-144
ABprapaap,174,398,80,14.1,34,465
ABprapaap,175,402,81,14.1,31,357
ABprapaap,176,407,85,14.1,31,-1304
ABprapaapa,177,396,83,14.0,31,-776
ABprapaapa,178,396,89,14.0,31,-599
ABprapaapa,179,395,92,14.0,31,1455
ABprapaapa,180,392,103,14.1,31,-1402
ABprapaapa,181,394,100,14.9,31,512
ABprapaapa,182,390,95,15.0,31,-396
ABprapaapa,183,390,94,14.5,33,592
ABprapaapa,184,390,89,15.0,31,118
ABprapaapa,185,390,87,14.8,31,-1097
ABprapaapa,186,389,85,14.2,33,609
ABprapaapa,187,391,91,14.9,31,925
ABprapaapa,188,394,93,14.3,33,-468
ABprapaapa,189,390,90,15.1,33,-39
ABprapaapa,190,393,91,14.2,33,449
ABprapaapa,191,394,85,14.3,29,1117
ABprapaapa,192,392,86,14.3,29,-814
ABprapaapa,193,396,87,15.0,33,261
ABprapaapa,194,386,80,15.0,31,224
ABprapaapa,195,389,81,15.0,31,-1002
ABprapaapa,196,396,80,14.3,35,-472
ABprapaapa,197,390,79,14.2,31,-772
ABprapaapa,198,393,79,14.2,33,-259
ABprapaapa,199,393,78,14.3,35,-915
ABprapaapa,200,387,78,15.0,31,288
ABprapaapa,201,386,76,14.8,31,-512
ABprapaapa,202,387,74,15.2,32,98
ABprapaapa,203,386,71,15.0,30,1137
ABprapaapa,204,389,75,15.1,30,-408
ABprapaapa,205,389,74,14.9,30,-602
ABprapaapp,177,435,87,14.0,31,1172
ABprapaapp,178,436,86,14.0,31,-208
ABprapaapp,179,431,88,14.1,31,136
ABprapaapp,180,430,91,13.2,35,675
ABprapaapp,181,431,87,14.1,35,150
ABprapaapp,182,427,81,13.4,35,462
ABprapaapp,183,424,81,14.1,35,-1223
ABprapaapp,184,420,83,14.2,35,-1193
ABprapaapp,185,416,80,14.4,35,-264
ABprapaapp,186,418,78,14.4,35,-6
ABprapaapp,187,417,82,15.0,33,596
ABprapaapp,188,419,81,15.0,35,-289
ABprapaapp,189,415,80,15.2,35,-811
ABprapaapp,190,417,83,15.2,33,-350
ABprapaapp,191,413,81,16.0,35,544
ABprapaapp,192,415,82,16.0,35,-1037
ABprapaapp,193,422,82,16.1,35,135
ABprapaapp,194,416,76,16.1,35,-413
ABprapaapp,195,418,77,16.0,33,-1535
ABprapaapp,196,422,77,16.1,35,-156
ABprapaapp,197,417,79,15.4,33,608
ABprapaapp,198,416,79,16.2,35,232
ABprapaapp,199,420,78,16.3,33,-80
ABprapaapp,200,414,75,16.2,35,1078
ABprapaapp,201,417,72,16.2,35,448
ABprapaapp,202,415,70,17.1,32,-1291
ABprapaapp,203,413,69,17.2,34,-752
ABprapaapp,204,415,68,16.4,34,-227
ABprapaapp,205,413,67,16.3,34,-1219
ABprapap,103,424,85,10.9,34,97
ABprapap,104,416,81,10.7,48,-190
ABprapap,105,400,87,9.1,46,-781
ABprapap,106,399,90,8.9,44,536
ABprapap,107,403,96,8.1,44,31
ABprapap,108,402,100,8.1,44,390
ABprapap,109,407,107,8.0,44,-995
ABprapap,110,405,107,8.0,44,-780
ABprapap,111,412,104,8.9,44,-565
ABprapap,112,414,104,8.1,44,-958
ABprapap,113,416,97,9.0,44,-204
ABprapap,114,417,94,9.8,44,-1114
ABprapap,115,419,97,9.1,46,-36
ABprapap,116,416,92,9.1,44,546
ABprapap,117,420,88,9.2,44,-355
ABprapap,118,416,86,10.1,44,1
ABprapap,119,415,83,10.0,44,-30
ABprapap,120,404,78,10.3,46,217
ABprapap,121,407,78,10.9,44,-808
ABprapap,122,403,80,10.1,46,1
ABprapap,123,405,78,10.4,46,-282
ABprapap,124,406,78,11.0,44,-125
ABprapap,125,415,79,10.2,44,162
ABprapap,126,416,83,10.0,46,-889
ABprapap,127,426,91,9.9,44,-139
ABprapap,128,433,95,9.9,44,175
ABprapap,129,437,94,10.1,44,-801
ABprapap,130,441,94,10.1,43,-15
ABprapap,131,432,103,10.1,35,-96
ABprapap,132,431,107,10.0,42,-671
ABprapapa,133,408,98,9.1,30,-513
ABprapapa,134,422,105,8.4,37,-232
ABprapapa,135,436,106,8.0,38,105
ABprapapa,136,435,105,7.5,39,83
ABprapapa,137,434,104,7.9,38,-746
ABprapapa,138,427,102,8.0,41,-4
ABprapapa,139,418,94,8.2,39,63
ABprapapa,140,417,93,8.4,39,-835
ABprapapa,141,417,94,8.4,41,-1089
ABprapapa,142,424,99,8.4,39,-21
ABprapapa,143,423,93,9.3,39,-508
ABprapapa,144,428,90,9.9,37,396
ABprapapa,145,431,92,9.3,39,-19
ABprapapa,146,433,91,9.2,39,-495
ABprapapa,147,432,93,9.4,39,-402
ABprapapa,148,434,91,9.3,39,-820
ABprapapa,149,438,89,10.2,39,16
ABprapapa,150,446,91,10.5,39,515
ABprapapa,151,440,94,11.1,39,-917
ABprapapa,152,443,90,11.1,41,954
ABprapapa,153,448,92,11.1,41,-488
ABprapapa,154,452,96,11.4,39,301
ABprapapa,155,453,99,11.3,41,307
ABprapapa,156,465,99,11.1,41,22
ABprapapa,157,467,97,11.0,39,-493
ABprapapa,158,470,96,10.5,41,-881
ABprapapa,159,475,95,11.2,39,-219
ABprapapa,160,474,94,12.0,37,-733
ABprapapa,161,475,92,11.4,39,-65
ABprapapa,162,480,95,11.3,39,-37
ABprapapa,163,480,93,11.3,41,137
ABprapapa,164,480,94,12.1,41,-1418
ABprapapa,165,484,94,13.0,41,620
ABprapapa,166,481,91,13.1,41,-335
ABprapapa,167,473,86,14.0,37,15
ABprapapa,168,471,83,14.0,36,366
ABprapapa,169,467,96,12.4,32,-1572
ABprapapa,170,472,93,13.8,35,1006
ABprapapaa,171,450,84,10.4,31,-1335
ABprapapaa,172,444,81,11.1,30,338
ABprapapaa,173,446,76,11.8,33,-436
ABprapapaa,174,450,75,12.1,32,1011
ABprapapaa,175,450,75,12.1,35,-510
ABprapapaa,176,445,79,11.1,31,17
ABprapapaa,177,457,81,10.4,35,261
ABprapapaa,178,457,81,10.2,35,-648
ABprapapaa,179,452,80,10.1,33,-1034
ABprapapaa,180,448,84,10.2,31,372
ABprapapaa,181,447,81,10.5,33,-440
ABprapapaa,182,454,83,10.5,35,363
ABprapapaa,183,457,85,10.9,31,-1042
ABprapapaa,184,454,80,10.5,35,-548
ABprapapaa,185,460,80,11.1,33,-857
ABprapapaa,186,463,86,11.1,35,-760
ABprapapaa,187,473,93,11.1,33,17
ABprapapaa,188,480,97,11.4,35,-768
ABprapapaa,189,481,95,12.1,33,965
ABprapapaa,190,489,100,12.3,35,-156
ABprapapaa,191,489,102,13.1,35,234
ABprapapaa,192,487,104,13.2,35,-682
ABprapapaa,193,489,100,13.1,33,-617
ABprapapaa,194,486,98,13.8,31,-149
ABprapapaa,195,484,101,13.1,35,-643
ABprapapaa,196,485,107,13.1,33,-1828
ABprapapaa,197,486,105,12.4,35,306
ABprapapaa,198,492,101,12.4,35,-372
ABprapapaa,199,493,102,12.2,35,-815
ABprapapaa,200,493,95,12.3,35,-781
ABprapapaa,201,489,91,12.2,35,-180
ABprapapaa,202,493,91,12.2,34,-1437
ABprapapaa,203,495,92,12.3,32,-314
ABprapapaa,204,500,97,12.0,34,268
ABprapapaa,205,497,100,11.4,34,316
ABprapapap,171,492,100,12.9,35,1758
ABprapapap,172,491,100,12.9,34,390
ABprapapap,173,495,106,12.2,33,698
ABprapapap,174,503,116,12.9,32,-245
ABprapapap,175,509,117,12.0,31,-247
ABprapapap,176,508,114,12.0,31,520
ABprapapap,177,514,113,11.3,33,-1024
ABprapapap,178,513,114,12.0,33,462
ABprapapap,179,507,103,12.2,35,152
ABprapapap,180,508,105,11.5,33,245
ABprapapap,181,507,104,12.4,33,-1129
ABprapapap,182,510,111,12.2,33,141
ABprapapap,183,511,115,13.0,29,-1437
ABprapapap,184,507,113,13.2,35,-699
ABprapapap,185,511,112,13.1,35,-233
ABprapapap,186,516,116,12.4,35,-288
ABprapapap,187,520,113,13.3,35,-1418
ABprapapap,188,521,119,14.2,35,1082
ABprapapap,189,521,116,14.4,35,564
ABprapapap,190,523,121,15.2,33,719
ABprapapap,191,526,124,15.2,33,312
ABprapapap,192,525,124,15.1,35,1977
ABprapapap,193,525,124,15.0,35,442
ABprapapap,194,525,119,15.2,35,607
ABprapapap,195,525,117,15.0,35,-459
ABprapapap,196,527,118,14.3,33,928
ABprapapap,197,527,114,14.4,35,1329
ABprapapap,198,533,116,14.3,35,2297
ABprapapap,199,531,113,14.3,35,600
ABprapapap,200,534,113,14.3,35,1670
ABprapapap,201,533,109,14.3,35,575
ABprapapap,202,533,112,14.3,32,244
ABprapapap,203,535,112,14.4,34,-440
ABprapapap,204,539,116,14.2,32,-868
ABprapapap,205,540,114,14.2,34,-1423
ABprapapp,133,450,111,9.3,28,1533
ABprapapp,134,468,116,9.3,35,242
ABprapapp,135,479,128,9.9,38,-851
ABprapapp,136,481,135,9.5,39,-91
ABprapapp,137,487,137,10.0,38,-393
ABprapapp,138,498,133,9.3,39,-667
ABprapapp,139,494,129,9.2,39,117
ABprapapp,140,496,123,9.1,39,-475
ABprapapp,141,497,120,9.2,39,-78
ABprapapp,142,497,123,9.4,39,-440
ABprapapp,143,501,124,10.1,37,-1066
ABprapapp,144,511,121,10.4,39,-132
ABprapapp,145,512,118,11.0,39,291
ABprapapp,146,510,120,11.0,37,338
ABprapapp,147,507,119,11.0,37,634
ABprapapp,148,504,121,11.1,39,473
ABprapapp,149,512,114,12.2,37,187
ABprapapp,150,510,107,13.1,39,345
ABprapapp,151,511,107,13.0,37,296
ABprapapp,152,508,109,13.1,37,-145
ABprapapp,153,511,109,13.0,37,-578
ABprapapp,154,513,112,13.0,37,794
ABprapapp,155,517,110,13.1,39,162
ABprapapp,156,522,112,13.0,37,-1417
ABprapapp,157,524,112,13.9,37,-756
ABprapapp,158,528,110,14.0,39,270
ABprapapp,159,531,110,14.4,39,461
ABprapapp,160,530,106,15.1,39,-756
ABprapapp,161,533,105,15.8,37,-152
ABprapapp,162,533,106,15.3,39,-967
ABprapapp,163,533,106,16.1,39,-199
ABprapapp,164,529,104,15.2,39,-847
ABprapapp,165,530,105,16.1,39,-266
ABprapapp,166,528,107,15.3,39,-1023
ABprapapp,167,523,106,16.0,37,3
ABprapapp,168,524,102,16.1,36,53
ABprapapp,169,518,100,17.0,36,272
ABprapapp,170,520,105,16.4,37,-675
ABprapapp,171,525,107,16.1,37,-306
ABprapapp,172,523,111,15.9,34,638
ABprapappa,173,525,100,14.5,31,-43
ABprapappa,174,538,111,15.2,32,46
ABprapappa,175,546,121,14.3,33,-195
ABprapappa,176,546,124,13.2,31,642
ABprapappa,177,551,134,13.0,33,-992
ABprapappa,178,548,132,12.3,35,332
ABprapappa,179,544,130,12.9,31,-1172
ABprapappa,180,546,128,12.9,31,1364
ABprapappa,181,548,128,13.2,33,-711
ABprapappa,182,549,131,13.1,35,341
ABprapappa,183,548,135,13.1,31,-241
ABprapappa,184,545,135,13.1,35,905
ABprapappa,185,543,131,13.1,33,-430
ABprapappa,186,546,138,13.3,35,1070
ABprapappa,187,546,140,14.1,33,-1119
ABprapappa,188,543,147,14.4,35,1213
ABprapappa,189,544,143,15.3,35,-125
ABprapappa,190,544,150,16.1,31,-196
ABprapappa,191,543,154,15.4,33,162
ABprapappa,192,545,151,16.1,35,-467
ABprapappa,193,546,150,16.4,35,418
ABprapappa,194,550,144,16.1,35,-348
ABprapappa,195,547,137,16.3,35,1067
ABprapappa,196,552,137,17.1,35,31
ABprapappa,197,552,137,17.1,35,1029
ABprapappa,198,553,134,16.2,35,871
ABprapappa,199,557,133,16.2,35,677
ABprapappa,200,555,132,16.2,35,65
ABprapappa,201,550,123,16.3,35,-432
ABprapappa,202,554,125,17.1,34,-348
ABprapappa,203,554,125,17.1,34,399
ABprapappa,204,559,124,17.1,34,1027
ABprapappa,205,558,124,17.1,34,-36
ABprapappp,173,548,120,18.0,33,-369
ABprapappp,174,553,125,19.3,34,-121
ABprapappp,175,551,130,18.2,33,421
ABprapappp,176,556,129,17.4,35,1219
ABprapappp,177,563,134,17.2,33,-109
ABprapappp,178,564,131,17.1,31,295
ABprapappp,179,560,126,16.4,33,-22
ABprapappp,180,553,122,17.1,33,1257
ABprapappp,181,557,128,17.2,35,189
ABprapappp,182,558,129,16.3,33,-1037
ABprapappp,183,557,136,17.0,35,-698
ABprapappp,184,559,133,17.1,33,-666
ABprapappp,185,559,132,17.1,33,-1004
ABprapappp,186,557,135,17.2,31,299
ABprapappp,187,562,147,17.3,33,1483
ABprapappp,188,559,152,17.3,35,-221
ABprapappp,189,557,144,18.1,35,-1295
ABprapappp,190,561,150,18.2,35,-882
ABprapappp,191,559,151,18.2,35,1163
ABprapappp,192,555,149,18.2,35,-1213
ABprapappp,193,559,151,19.0,35,-356
ABprapappp,194,562,147,18.2,35,-1027
ABprapappp,195,563,142,19.0,35,66
ABprapappp,196,561,142,19.0,33,1
ABprapappp,197,561,138,19.0,35,649
ABprapappp,198,562,139,19.1,33,-375
ABprapappp,199,561,137,18.1,33,-812
ABprapappp,200,561,137,19.1,33,-996
ABprapappp,201,559,136,19.3,33,320
ABprapappp,202,559,133,19.1,34,895
ABprapappp,203,558,131,19.2,34,-68
ABprapappp,204,558,136,19.2,34,-951
ABprapappp,205,562,139,20.1,34,92
ABprapp,78,493,106,16.2,48,-1199
ABprapp,79,490,103,15.9,50,132
ABprapp,80,489,105,16.2,49,6
ABprapp,81,489,108,17.1,51,-60
ABprapp,82,499,105,17.1,49,-194
ABprapp,83,508,103,17.3,53,-449
ABprapp,84,507,103,17.2,52,-413
ABprapp,85,508,104,17.1,51,-372
ABprapp,86,507,100,17.8,52,109
ABprapp,87,508,99,17.0,53,-436
ABprapp,88,513,104,16.9,54,310
ABprapp,89,507,100,16.8,54,-437
ABprapp,90,508,104,16.9,54,-361
ABprapp,91,498,110,17.2,54,-50
ABprapp,92,501,108,17.1,54,449
ABprapp,93,490,108,17.8,54,-487
ABprapp,94,489,112,17.1,54,-388
ABprapp,95,487,112,17.9,54,-227
ABprapp,96,493,117,17.8,54,267
ABprapp,97,490,127,17.8,53,-256
ABprapp,98,491,130,17.1,53,-115
ABprapp,99,492,134,17.3,55,-330
ABprapp,100,493,135,17.0,54,-403
ABprapp,101,492,129,16.2,54,210
ABprapp,102,502,138,14.9,53,-550
ABprappa,103,494,107,14.7,51,29
ABprappa,104,495,107,14.1,48,-346
ABprappa,105,492,101,14.0,46,-99
ABprappa,106,483,94,13.9,44,-557
ABprappa,107,478,84,13.1,44,-511
ABprappa,108,471,83,13.1,44,-230
ABprappa,109,469,86,13.9,44,793
ABprappa,110,471,85,13.2,44,73
ABprappa,111,474,83,13.2,44,1030
ABprappa,112,474,88,12.9,44,794
ABprappa,113,476,87,12.9,44,-526
ABprappa,114,483,89,13.0,44,-95
ABprappa,115,481,89,13.1,44,-633
ABprappa,116,476,89,13.2,44,95
ABprappa,117,475,88,13.9,44,598
ABprappa,118,473,93,14.0,44,-425
ABprappa,119,468,85,14.0,44,-626
ABprappa,120,465,83,14.1,44,120
ABprappa,121,453,79,14.8,44,-321
ABprappa,122,449,80,14.2,46,273
ABprappa,123,447,79,15.1,44,354
ABprappa,124,445,75,15.2,44,-518
ABprappa,125,443,74,15.3,46,-211
ABprappa,126,439,75,15.1,46,-552
ABprappa,127,435,73,15.2,48,-1158
ABprappa,128,438,76,15.1,44,-861
ABprappa,129,441,75,15.3,46,-324
ABprappa,130,442,75,16.1,47,-709
ABprappa,131,442,78,16.1,45,-193
ABprappa,132,436,75,15.4,46,-354
ABprappa,133,431,74,15.9,40,-445
ABprappa,134,437,83,14.0,35,-62
ABprappaa,135,429,77,12.4,34,-184
ABprappaa,136,422,77,12.2,31,1096
ABprappaa,137,417,75,11.9,38,695
ABprappaa,138,415,69,12.0,37,396
ABprappaa,139,413,60,14.0,37,433
ABprappaa,140,413,63,14.8,37,98
ABprappaa,141,423,64,15.0,37,-706
ABprappaa,142,418,65,15.1,39,619
ABprappaa,143,425,67,15.2,39,615
ABprappaa,144,426,69,15.2,37,-340
ABprappaa,145,426,65,15.2,39,505
ABprappaa,146,423,67,15.0,37,-546
ABprappaa,147,422,70,14.4,39,-310
ABprappaa,148,419,70,14.2,39,-384
ABprappaa,149,421,68,14.4,39,-348
ABprappaa,150,417,63,14.4,39,-142
ABprappaa,151,419,62,15.1,39,-657
ABprappaa,152,426,65,15.1,41,536
ABprappaa,153,426,65,15.0,41,72
ABprappaa,154,427,66,15.0,41,-467
ABprappaa,155,429,67,14.3,41,-193
ABprappaa,156,432,73,14.1,39,-457
ABprappaa,157,429,75,13.4,41,574
ABprappaa,158,431,71,14.1,41,-856
ABprappaa,159,431,70,14.2,39,-864
ABprappaa,160,426,74,14.8,37,993
ABprappaa,161,425,70,14.2,41,-673
ABprappaa,162,430,74,14.2,41,1170
ABprappaa,163,430,75,14.8,37,423
ABprappaa,164,428,74,14.1,41,503
ABprappaa,165,427,75,14.4,39,-471
ABprappaa,166,421,71,15.0,37,0
ABprappaa,167,418,69,14.4,39,360
ABprappaa,168,415,71,15.4,38,-395
ABprappaa,169,412,73,16.0,36,856
ABprappaa,170,414,73,16.0,37,-44
ABprappaa,171,419,70,16.4,39,-297
ABprappaa,172,419,66,17.1,38,-255
ABprappaa,173,431,68,17.2,33,-1329
ABprappaa,174,438,76,18.1,32,439
ABprappaaa,175,419,64,17.8,31,-717
ABprappaaa,176,431,65,17.8,31,-194
ABprappaaa,177,443,65,17.1,31,-123
ABprappaaa,178,442,66,17.2,35,-376
ABprappaaa,179,443,65,18.8,31,601
ABprappaaa,180,436,61,17.3,35,-886
ABprappaaa,181,437,59,18.1,35,-861
ABprappaaa,182,433,61,18.1,35,-772
ABprappaaa,183,435,63,18.0,33,-667
ABprappaaa,184,435,66,18.1,33,-438
ABprappaaa,185,434,69,18.1,35,-393
ABprappaaa,186,433,67,18.2,35,-878
ABprappaaa,187,438,70,18.1,35,-923
ABprappaaa,188,440,76,18.3,35,577
ABprappaaa,189,435,78,18.3,35,-198
ABprappaaa,190,437,78,19.1,31,60
ABprappaaa,191,441,81,19.3,35,1352
ABprappaaa,192,437,82,19.3,35,974
ABprappaaa,193,436,83,20.1,35,207
ABprappaaa,194,435,80,20.0,35,1653
ABprappaaa,195,434,79,19.3,35,-27
ABprappaaa,196,438,80,19.2,35,-222
ABprappaaa,197,434,81,19.2,35,1551
ABprappaaa,198,436,85,19.2,35,738
ABprappaaa,199,432,82,19.1,35,-644
ABprappaaa,200,434,79,19.9,31,499
ABprappaaa,201,432,82,19.2,35,248
ABprappaaa,202,438,82,20.0,32,135
ABprappaaa,203,432,76,19.1,34,522
ABprappaaa,204,438,76,19.1,34,1064
ABprappaaa,205,442,81,19.9,30,372
ABprappaap,175,461,76,19.0,31,-457
ABprappaap,176,476,86,18.9,31,450
ABprappaap,177,481,90,19.2,33,-557
ABprappaap,178,478,88,19.1,35,-65
ABprappaap,179,479,84,19.1,35,-712
ABprappaap,180,480,81,19.1,35,157
ABprappaap,181,476,75,18.1,35,-75
ABprappaap,182,476,74,18.2,35,120
ABprappaap,183,476,76,18.1,35,-344
ABprappaap,184,475,74,18.2,35,1691
ABprappaap,185,476,77,18.3,35,210
ABprappaap,186,468,77,18.1,35,-986
ABprappaap,187,472,83,19.1,35,-921
ABprappaap,188,475,83,19.1,35,-290
ABprappaap,189,469,86,20.0,35,-1141
ABprappaap,190,473,89,20.0,35,206
ABprappaap,191,474,92,20.1,35,-158
ABprappaap,192,472,94,21.0,35,719
ABprappaap,193,476,94,20.2,35,-132
ABprappaap,194,474,93,20.1,35,-668
ABprappaap,195,470,94,20.1,35,-1063
ABprappaap,196,472,94,20.1,35,229
ABprappaap,197,469,93,19.2,35,-985
ABprappaap,198,473,93,20.2,35,-467
ABprappaap,199,470,91,20.0,35,-856
ABprappaap,200,472,87,20.1,35,902
ABprappaap,201,472,87,20.0,35,-924
ABprappaap,202,473,88,20.0,34,265
ABprappaap,203,471,92,20.1,34,-788
ABprappaap,204,477,85,20.1,32,834
ABprappaap,205,476,90,19.2,34,373
ABprappap,135,469,90,13.3,34,-1100
ABprappap,136,471,92,12.4,33,-612
ABprappap,137,472,90,12.9,38,278
ABprappap,138,471,84,13.0,37,-830
ABprappap,139,474,81,13.1,37,-1043
ABprappap,140,474,82,13.1,39,-1021
ABprappap,141,476,86,13.3,39,684
ABprappap,142,474,84,13.4,39,1313
ABprappap,143,478,84,14.0,39,117
ABprappap,144,480,84,14.1,39,-1144
ABprappap,145,480,80,14.0,39,236
ABprappap,146,480,79,14.0,37,-12
ABprappap,147,478,81,14.0,39,843
ABprappap,148,475,79,14.1,37,-179
ABprappap,149,478,79,15.0,39,277
ABprappap,150,477,75,15.2,41,267
ABprappap,151,473,75,15.1,37,566
ABprappap,152,476,79,15.2,39,159
ABprappap,153,482,80,15.2,39,-377
ABprappap,154,488,80,15.2,39,-292
ABprappap,155,487,81,15.2,39,-147
ABprappap,156,486,82,15.1,41,513
ABprappap,157,483,80,14.4,41,-681
ABprappap,158,486,84,14.4,39,-1726
ABprappap,159,483,82,15.2,39,-1244
ABprappap,160,478,79,16.0,39,1609
ABprappap,161,477,77,16.1,39,709
ABprappap,162,484,81,15.3,39,-100
ABprappap,163,481,80,15.1,39,168
ABprappap,164,478,79,15.2,41,-162
ABprappap,165,477,77,17.1,39,638
ABprappap,166,474,80,16.3,39,393
ABprappap,167,468,75,17.1,37,-1209
ABprappap,168,465,71,17.2,38,41
ABprappap,169,462,67,17.2,38,87
ABprappap,170,465,72,17.1,39,994
ABprappap,171,471,77,17.0,39,-1043
ABprappap,172,469,80,16.2,36,1288
ABprappap,173,481,86,16.4,35,163
ABprappap,174,483,85,16.0,32,1102
ABprappapa,175,478,82,15.3,33,336
ABprappapa,176,473,75,15.8,31,703
ABprappapa,177,487,80,14.3,35,702
ABprappapa,178,482,79,14.5,35,-479
ABprappapa,179,473,79,15.1,33,-386
ABprappapa,180,471,73,14.4,35,-489
ABprappapa,181,471,73,14.3,35,-253
ABprappapa,182,468,76,14.2,35,-243
ABprappapa,183,467,78,14.2,35,-351
ABprappapa,184,463,72,14.3,35,-322
ABprappapa,185,456,73,14.2,35,255
ABprappapa,186,456,77,14.2,35,1009
ABprappapa,187,460,80,14.4,35,-579
ABprappapa,188,464,83,15.1,35,-588
ABprappapa,189,459,83,15.2,33,339
ABprappapa,190,464,84,15.3,35,-484
ABprappapa,191,463,90,15.9,31,116
ABprappapa,192,463,91,15.4,35,-1207
ABprappapa,193,468,90,15.3,35,-952
ABprappapa,194,460,80,15.3,35,-82
ABprappapa,195,466,78,16.0,35,185
ABprappapa,196,464,87,15.2,35,-464
ABprappapa,197,460,83,14.3,33,-35
ABprappapa,198,462,85,15.0,31,-322
ABprappapa,199,463,79,14.3,33,-1012
ABprappapa,200,463,77,14.4,35,261
ABprappapa,201,463,74,14.3,35,-392
ABprappapa,202,465,74,15.1,32,-1893
ABprappapa,203,460,76,15.1,32,-1428
ABprappapa,204,467,80,14.2,32,-1531
ABprappapa,205,471,83,14.3,32,637
ABprappapp,175,499,106,15.8,31,-31
ABprappapp,176,506,117,15.2,31,-357
ABprappapp,177,509,125,15.2,31,222
ABprappapp,178,511,126,15.1,31,-1674
ABprappapp,179,508,124,15.2,31,1339
ABprappapp,180,510,114,15.8,31,469
ABprappapp,181,513,110,16.0,33,-119
ABprappapp,182,513,112,15.1,33,-172
ABprappapp,183,513,117,15.1,33,-198
ABprappapp,184,513,117,15.1,33,-586
ABprappapp,185,512,103,16.0,33,501
ABprappapp,186,511,107,15.2,35,103
ABprappapp,187,514,107,16.0,33,713
ABprappapp,188,515,115,16.1,35,333
ABprappapp,189,510,112,17.1,35,209
ABprappapp,190,512,113,17.1,35,-14
ABprappapp,191,513,114,17.2,35,166
ABprappapp,192,514,113,18.0,35,-691
ABprappapp,193,514,112,18.0,35,1289
ABprappapp,194,513,109,18.0,29,254
ABprappapp,195,508,110,17.1,35,-24
ABprappapp,196,507,111,17.3,35,39
ABprappapp,197,502,102,17.3,35,122
ABprappapp,198,499,98,17.1,31,-307
ABprappapp,199,502,98,17.2,35,491
ABprappapp,200,503,96,17.1,35,406
ABprappapp,201,504,95,17.3,33,368
ABprappapp,202,505,96,17.2,32,-456
ABprappapp,203,502,98,17.3,34,-150
ABprappapp,204,509,95,17.1,32,1307
ABprappapp,205,509,97,17.2,30,-342
ABprappp,103,512,151,14.7,51,10
ABprappp,104,519,154,14.8,48,-89
ABprappp,105,515,156,14.9,46,-823
ABprappp,106,523,154,14.0,44,734
ABprappp,107,531,153,14.1,44,309
ABprappp,108,535,148,14.0,44,-785
ABprappp,109,536,146,14.0,44,-101
ABprappp,110,535,141,14.9,44,-557
ABprappp,111,535,145,14.9,44,-577
ABprappp,112,534,147,15.1,44,-801
ABprappp,113,536,142,15.0,44,-443
ABprappp,114,543,143,15.0,44,-494
ABprappp,115,544,143,15.0,44,706
ABprappp,116,535,139,15.8,44,734
ABprappp,117,533,137,15.9,44,77
ABprappp,118,533,129,16.0,44,-539
ABprappp,119,526,123,16.1,44,-67
ABprappp,120,523,117,16.0,44,-300
ABprappp,121,519,115,16.0,44,-656
ABprappp,122,520,110,16.1,44,852
ABprappp,123,519,107,16.9,44,877
ABprappp,124,514,107,16.1,44,293
ABprappp,125,513,112,16.9,44,-299
ABprappp,126,515,107,16.9,44,-465
ABprappp,127,505,110,16.0,44,-475
ABprappp,128,513,113,15.0,44,93
ABprappp,129,522,105,15.0,44,1392
ABprappp,130,519,106,14.9,43,-636
ABprappp,131,514,107,15.0,43,54
ABprappp,132,503,114,14.1,42,-539
ABprappp,133,499,113,14.0,40,656
ABprappp,134,502,119,14.0,41,-253
ABprappp,135,508,134,14.0,38,-282
ABprappp,136,511,136,13.3,39,-29
ABprapppa,137,506,128,13.1,36,-42
ABprapppa,138,508,118,12.4,35,-1261
ABprapppa,139,510,114,13.8,37,1061
ABprapppa,140,517,108,13.0,37,-325
ABprapppa,141,514,111,13.1,37,817
ABprapppa,142,510,105,13.8,37,840
ABprapppa,143,517,104,14.1,37,-880
ABprapppa,144,519,101,15.1,37,1362
ABprapppa,145,519,96,15.1,37,744
ABprapppa,146,516,99,15.2,37,220
ABprapppa,147,516,94,15.8,37,-133
ABprapppa,148,516,92,15.2,37,-1163
ABprapppa,149,510,87,17.1,39,928
ABprapppa,150,508,85,17.9,37,315
ABprapppa,151,502,85,18.1,37,-762
ABprapppa,152,502,85,18.1,37,1836
ABprapppa,153,498,83,18.9,37,-47
ABprapppa,154,498,86,19.0,37,3
ABprapppa,155,498,84,18.2,39,510
ABprapppa,156,495,83,19.0,37,1020
ABprapppa,157,491,82,18.9,37,-61
ABprapppa,158,491,81,19.1,39,-1244
ABprapppa,159,490,83,20.0,37,60
ABprapppa,160,483,81,20.0,37,-602
ABprapppa,161,483,81,20.0,37,-727
ABprapppa,162,486,86,20.0,39,-302
ABprapppa,163,486,86,19.1,37,585
ABprapppa,164,483,84,19.1,41,-15
ABprapppa,165,487,92,20.1,41,556
ABprapppa,166,484,96,20.0,41,704
ABprapppa,167,482,96,20.0,41,-482
ABprapppa,168,475,96,20.1,40,161
ABprapppa,169,475,91,20.2,40,684
ABprapppa,170,473,86,20.1,39,759
ABprapppa,171,478,82,20.0,37,758
ABprapppa,172,483,84,20.1,38,-80
ABprapppa,173,493,89,20.1,37,910
ABprapppa,174,501,92,20.3,36,-396
ABprapppa,175,510,96,20.2,35,-417
ABprapppa,176,509,102,19.2,35,-549
ABprapppa,177,512,112,20.1,35,-1000
ABprapppa,178,512,116,20.1,33,-187
ABprapppa,179,511,113,20.9,31,350
ABprapppa,180,508,108,21.0,31,717
ABprapppaa,181,486,96,21.0,31,-388
ABprapppaa,182,489,98,21.0,31,185
ABprapppaa,183,499,102,20.3,35,-621
ABprapppaa,184,500,101,20.2,35,550
ABprapppaa,185,502,95,21.1,35,1031
ABprapppaa,186,493,95,20.4,35,325
ABprapppaa,187,502,101,21.2,35,-508
ABprapppaa,188,499,104,22.1,35,-108
ABprapppaa,189,498,110,22.1,35,1429
ABprapppaa,190,492,108,23.1,29,1380
ABprapppaa,191,504,115,23.0,35,-686
ABprapppaa,192,500,117,23.2,35,291
ABprapppaa,193,499,114,24.0,33,1513
ABprapppaa,194,501,114,23.1,35,1418
ABprapppaa,195,499,112,23.1,35,39
ABprapppaa,196,501,113,22.2,35,115
ABprapppaa,197,499,109,22.1,35,185
ABprapppaa,198,505,110,22.0,31,-1048
ABprapppaa,199,504,118,22.0,29,796
ABprapppaa,200,499,125,21.2,35,-1511
ABprapppaa,201,499,125,21.2,35,-586
ABprapppaa,202,495,135,22.1,29,897
ABprapppaa,203,500,131,22.0,29,838
ABprapppaa,204,498,125,22.0,29,-1640
ABprapppaa,205,498,129,22.1,34,176
ABprapppap,181,526,124,20.9,31,576
ABprapppap,182,527,121,20.9,31,-106
ABprapppap,183,523,125,20.0,35,-287
ABprapppap,184,526,126,20.1,33,556
ABprapppap,185,525,123,20.1,35,366
ABprapppap,186,519,118,19.1,35,-486
ABprapppap,187,522,122,19.3,35,-1046
ABprapppap,188,523,125,20.1,35,-983
ABprapppap,189,518,125,21.0,31,-1051
ABprapppap,190,521,131,21.1,35,-474
ABprapppap,191,521,134,21.1,35,-691
ABprapppap,192,523,131,21.2,35,-843
ABprapppap,193,527,129,21.2,35,965
ABprapppap,194,527,129,21.1,35,-888
ABprapppap,195,525,128,21.0,35,-220
ABprapppap,196,526,127,21.0,35,-526
ABprapppap,197,526,124,19.1,35,-589
ABprapppap,198,528,128,19.1,35,-200
ABprapppap,199,521,125,20.0,35,196
ABprapppap,200,522,127,20.0,33,-1179
ABprapppap,201,515,127,20.0,35,557
ABprapppap,202,514,130,20.1,34,-666
ABprapppap,203,510,129,20.2,34,-563
ABprapppap,204,515,125,20.1,34,-411
ABprapppap,205,519,131,20.1,34,145
ABprapppp,137,530,149,14.4,36,-165
ABprapppp,138,545,160,14.2,35,397
ABprapppp,139,550,161,14.4,35,-239
ABprapppp,140,551,160,14.8,37,279
ABprapppp,141,558,161,15.0,37,1560
ABprapppp,142,564,150,14.9,37,457
ABprapppp,143,563,144,14.8,37,689
ABprapppp,144,561,139,14.9,37,258
ABprapppp,145,558,134,14.1,37,456
ABprapppp,146,556,136,14.1,37,230
ABprapppp,147,551,133,15.0,37,-40
ABprapppp,148,551,128,15.1,37,82
ABprapppp,149,548,127,15.9,37,851
ABprapppp,150,544,124,15.9,37,-112
ABprapppp,151,545,118,16.2,37,-745
ABprapppp,152,543,115,16.9,37,-901
ABprapppp,153,541,113,16.9,37,-415
ABprapppp,154,544,115,17.1,37,1065
ABprapppp,155,546,117,17.9,37,-239
ABprapppp,156,542,115,18.9,37,468
ABprapppp,157,547,113,18.2,39,-68
ABprapppp,158,542,111,20.0,37,813
ABprapppp,159,541,111,20.1,37,678
ABprapppp,160,537,109,20.1,37,306
ABprapppp,161,542,111,20.2,39,361
ABprapppp,162,543,115,21.1,37,-776
ABprapppp,163,541,113,21.0,37,-290
ABprapppp,164,538,112,21.1,39,1037
ABprapppp,165,540,114,22.0,37,-421
ABprapppp,166,533,108,21.2,39,-473
ABprapppp,167,529,108,21.2,39,-443
ABprapppp,168,526,107,22.0,36,-309
ABprapppp,169,525,103,21.1,36,-431
ABprapppp,170,526,102,21.1,39,-520
ABprapppp,171,525,105,21.9,35,180
ABprapppp,172,527,106,21.1,38,196
ABprapppp,173,534,115,22.0,37,-223
ABprapppp,174,533,121,23.0,36,135
ABprapppp,175,540,124,22.1,35,-398
ABprapppp,176,550,123,21.2,35,-570
ABprapppp,177,556,132,21.2,35,314
ABprapppp,178,558,133,22.0,35,-559
ABprapppp,179,559,133,21.2,35,-324
ABprapppp,180,556,134,22.0,31,554
ABprapppp,181,561,142,21.1,35,316
ABprappppa,182,553,122,22.0,31,-377
ABprappppa,183,557,124,22.0,31,634
ABprappppa,184,562,128,21.2,33,922
ABprappppa,185,560,136,22.1,35,994
ABprappppa,186,550,126,22.0,35,-768
ABprappppa,187,555,130,22.0,35,534
ABprappppa,188,557,132,22.1,35,-398
ABprappppa,189,558,130,21.1,35,-232
ABprappppa,190,559,136,22.1,35,1178
ABprappppa,191,556,134,22.0,35,370
ABprappppa,192,554,138,22.1,35,414
ABprappppa,193,554,138,22.1,35,541
ABprappppa,194,554,139,22.1,35,-184
ABprappppa,195,555,140,22.0,35,-523
ABprappppa,196,555,141,22.0,35,1054
ABprappppa,197,556,142,22.0,34,-1069
ABprappppa,198,556,142,22.0,34,-6
ABprappppa,199,556,142,22.0,34,-712
ABprappppa,200,557,143,22.0,34,-58
ABprappppa,201,557,143,22.0,34,-540
ABprappppa,202,558,144,22.0,34,1038
ABprappppa,203,558,144,22.0,34,-1543
ABprappppa,204,558,145,22.0,34,84
ABprappppa,205,559,145,22.1,34,-1968
ABprappppp,182,563,164,20.4,35,203
ABprappppp,183,557,170,20.3,33,373
ABprappppp,184,553,174,20.3,35,-622
ABprappppp,185,551,165,20.3,35,-1055
ABprappppp,186,547,163,20.1,35,-750
ABprappppp,187,543,167,21.1,35,297
ABprappppp,188,542,166,21.2,35,-139
ABprappppp,189,542,167,21.8,35,-198
ABprappppp,190,543,169,22.3,34,-438
ABprappppp,191,543,171,22.9,33,-852
ABprappppp,192,544,173,23.4,32,-803
ABprappppp,193,545,175,24.0,31,-66
ABprappppp,194,545,175,24.0,31,1573
ABprappppp,195,545,175,24.0,31,-1198
ABprappppp,196,545,174,24.1,30,-228
ABprappppp,197,545,174,24.1,30,-770
ABprappppp,198,545,174,24.1,30,-633
ABprappppp,199,544,173,24.1,29,-467
ABprappppp,200,550,172,23.3,31,-1147
ABprappppp,201,550,172,23.5,31,382
ABprappppp,202,551,171,23.7,30,82
ABprappppp,203,551,170,23.8,29,337
ABprappppp,204,552,169,24.0,28,719
ABprappppp,205,552,169,24.0,28,-1371
ABprp,40,454,144,22.0,51,108
ABprp,41,454,164,22.0,51,-91
ABprp,42,455,185,22.0,51,-250
ABprp,43,455,205,22.0,51,255
ABprp,44,456,226,22.0,51,-423
ABprp,45,458,226,22.2,51,-166
ABprp,46,461,227,22.4,51,239
ABprp,47,463,227,22.6,51,-699
ABprp,48,466,228,22.8,51,-368
ABprp,49,469,229,23.0,51,105
ABprp,50,471,229,23.2,51,-254
ABprp,51,474,230,23.4,51,596
ABprp,52,476,230,23.6,51,-676
ABprp,53,479,231,23.8,51,195
ABprp,54,482,232,24.0,51,-368
ABprp,55,482,234,24.0,43,743
ABprpa,56,469,227,24.0,43,-682
ABprpa,57,455,219,24.0,43,-154
ABprpa,58,441,211,24.0,43,751
ABprpa,59,442,211,24.0,43,601
ABprpa,60,443,210,24.0,43,-1304
ABprpa,61,444,209,24.0,43,371
ABprpa,62,445,209,24.0,43,-399
ABprpa,63,447,208,24.0,43,313
ABprpa,64,448,207,24.0,43,-54
ABprpa,65,449,207,24.0,43,-1007
ABprpa,66,450,206,24.0,43,-617
ABprpa,67,451,205,24.0,43,-470
ABprpa,68,453,204,24.0,43,-595
ABprpa,69,453,202,24.2,43,-769
ABprpa,70,453,199,24.4,42,-224
ABprpa,71,453,197,24.6,42,125
ABprpa,72,453,194,24.8,41,-129
ABprpa,73,453,191,25.0,40,-1376
ABprpa,74,454,201,25.0,41,1293
ABprpa,75,454,198,24.5,40,-147
ABprpa,76,454,195,24.1,39,10
ABprpa,77,454,192,23.6,38,-782
ABprpa,78,453,188,23.1,36,53
ABprpaa,79,449,181,23.1,36,-924
ABprpaa,80,445,174,23.2,35,-628
ABprpaa,81,441,166,23.2,34,169
ABprpaa,82,436,169,25.0,32,-1170
ABprpaa,83,436,169,25.0,32,-23
ABprpaa,84,423,156,25.0,50,-356
ABprpaa,85,422,150,25.1,51,-448
ABprpaa,86,412,150,26.0,52,-112
ABprpaa,87,422,141,26.0,53,-800
ABprpaa,88,425,137,25.9,54,311
ABprpaa,89,426,142,25.1,54,62
ABprpaa,90,430,137,25.1,56,-623
ABprpaa,91,424,136,25.1,60,-625
ABprpaa,92,423,134,24.2,56,119
ABprpaa,93,423,125,25.1,56,-95
ABprpaa,94,421,131,25.1,56,273
ABprpaa,95,415,127,25.0,58,51
ABprpaa,96,428,127,25.0,54,-763
ABprpaa,97,423,123,25.2,55,395
ABprpaa,98,425,124,25.2,55,-11
ABprpaa,99,428,126,25.1,57,-362
ABprpaa,100,423,129,25.0,54,-241
ABprpaa,101,422,126,25.0,54,-714
ABprpaa,102,417,127,25.0,53,-787
ABprpaa,103,414,123,23.1,51,52
ABprpaaa,104,390,99,23.2,48,-74
ABprpaaa,105,372,98,23.1,46,-184
ABprpaaa,106,356,93,23.0,44,-235
ABprpaaa,107,355,90,23.1,44,-257
ABprpaaa,108,358,81,24.0,44,3
ABprpaaa,109,353,81,23.9,44,-977
ABprpaaa,110,354,76,24.0,44,-1275
ABprpaaa,111,348,76,23.9,44,-1269
ABprpaaa,112,344,77,24.0,44,-254
ABprpaaa,113,340,78,24.0,44,-214
ABprpaaa,114,339,75,23.1,44,121
ABprpaaa,115,334,79,23.9,44,-429
ABprpaaa,116,324,77,23.0,44,778
ABprpaaa,117,314,78,23.0,44,19
ABprpaaa,118,300,82,22.9,44,340
ABprpaaa,119,292,80,21.9,44,-300
ABprpaaa,120,280,83,21.9,44,-675
ABprpaaa,121,272,83,21.0,46,-198
ABprpaaa,122,272,80,20.9,44,-437
ABprpaaa,123,260,82,20.1,44,50
ABprpaaa,124,254,86,20.0,44,-511
ABprpaaa,125,250,84,20.0,46,-332
ABprpaaa,126,255,85,19.9,44,-969
ABprpaaa,127,250,82,19.0,44,-124
ABprpaaa,128,259,79,19.0,44,125
ABprpaaa,129,262,79,19.0,44,244
ABprpaaa,130,261,80,19.0,43,-601
ABprpaaa,131,259,78,18.1,43,38
ABprpaaa,132,255,79,18.0,42,-916
ABprpaaa,133,247,92,17.9,40,-136
ABprpaaaa,134,232,94,17.1,33,-929
ABprpaaaa,135,224,93,17.9,38,-2
ABprpaaaa,136,220,95,18.1,37,165
ABprpaaaa,137,215,97,18.1,38,-1097
ABprpaaaa,138,209,101,19.2,37,546
ABprpaaaa,139,209,97,19.2,37,709
ABprpaaaa,140,220,95,20.1,39,-1052
ABprpaaaa,141,224,95,21.0,37,66
ABprpaaaa,142,223,95,21.1,37,949
ABprpaaaa,143,229,94,21.1,39,197
ABprpaaaa,144,229,93,21.9,37,421
ABprpaaaa,145,224,99,21.1,37,-117
ABprpaaaa,146,222,102,21.1,39,-465
ABprpaaaa,147,212,102,21.1,37,-732
ABprpaaaa,148,215,102,21.2,39,-33
ABprpaaaa,149,216,100,21.2,39,-925
ABprpaaaa,150,212,102,20.3,39,637
ABprpaaaa,151,213,101,20.9,37,-428
ABprpaaaa,152,214,103,21.0,39,-681
ABprpaaaa,153,216,104,20.2,41,-453
ABprpaaaa,154,216,102,20.1,37,-631
ABprpaaaa,155,218,99,20.1,41,-138
ABprpaaaa,156,216,104,19.1,41,-418
ABprpaaaa,157,214,107,19.1,39,-215
ABprpaaaa,158,213,107,19.2,39,261
ABprpaaaa,159,218,102,20.0,39,-657
ABprpaaaa,160,220,104,19.1,41,-89
ABprpaaaa,161,222,101,20.1,39,953
ABprpaaaa,162,225,103,20.1,39,-442
ABprpaaaa,163,239,96,20.1,39,81
ABprpaaaa,164,238,104,20.2,41,-294
ABprpaaaa,165,231,105,20.1,41,-729
ABprpaaaa,166,226,109,20.0,41,-129
ABprpaaaa,167,228,116,20.2,41,695
ABprpaaaa,168,229,133,20.3,38,-267
ABprpaaaa,169,228,137,21.0,36,262
ABprpaaaa,170,229,139,20.2,37,-198
ABprpaaaa,171,226,127,21.9,35,752
ABprpaaaa,172,221,122,22.0,34,638
ABprpaaaaa,173,194,131,22.0,33,-915
ABprpaaaaa,174,188,131,22.0,32,-795
ABprpaaaaa,175,192,130,23.0,31,777
ABprpaaaaa,176,192,126,23.1,35,-112
ABprpaaaaa,177,197,129,23.0,35,-687
ABprpaaaaa,178,196,135,22.2,35,640
ABprpaaaaa,179,195,140,22.0,33,-1072
ABprpaaaaa,180,196,143,22.0,35,-1378
ABprpaaaaa,181,199,137,21.1,33,-1215
ABprpaaaaa,182,205,145,21.1,31,-269
ABprpaaaaa,183,207,145,21.2,35,-1610
ABprpaaaaa,184,211,150,21.2,35,-669
ABprpaaaaa,185,211,152,20.3,35,-409
ABprpaaaaa,186,208,149,21.1,35,2674
ABprpaaaaa,187,211,146,21.2,35,-1152
ABprpaaaaa,188,209,145,21.2,35,-682
ABprpaaaaa,189,208,147,21.2,35,1289
ABprpaaaaa,190,214,145,21.3,35,268
ABprpaaaaa,191,212,144,21.1,35,-139
ABprpaaaaa,192,210,145,22.2,35,32
ABprpaaaaa,193,210,147,22.3,35,-441
ABprpaaaaa,194,207,149,22.2,35,-784
ABprpaaaaa,195,210,155,22.2,35,-128
ABprpaaaaa,196,212,151,22.3,35,133
ABprpaaaaa,197,210,148,22.2,35,-260
ABprpaaaaa,198,214,148,22.3,35,-923
ABprpaaaaa,199,213,149,23.0,35,-213
ABprpaaaaa,200,216,156,23.0,35,745
ABprpaaaaa,201,217,165,24.0,35,-945
ABprpaaaaa,202,219,164,23.2,34,-307
ABprpaaaaa,203,219,160,23.2,34,1159
ABprpaaaaa,204,214,160,23.1,34,332
ABprpaaaaa,205,217,155,23.0,34,-778
ABprpaaaap,173,235,120,22.9,33,-834
ABprpaaaap,174,232,115,22.0,27,-414
ABprpaaaap,175,238,119,22.1,35,815
ABprpaaaap,176,238,112,23.1,35,435
ABprpaaaap,177,241,114,24.0,35,1466
ABprpaaaap,178,232,114,23.3,35,1327
ABprpaaaap,179,231,119,24.1,35,237
ABprpaaaap,180,233,132,24.2,35,-93
ABprpaaaap,181,231,131,23.2,35,347
ABprpaaaap,182,226,135,23.3,35,-52
ABprpaaaap,183,223,131,24.0,35,-798
ABprpaaaap,184,220,132,23.3,35,-1300
ABprpaaaap,185,224,132,23.1,33,587
ABprpaaaap,186,225,127,23.1,35,-34
ABprpaaaap,187,225,120,23.2,35,-455
ABprpaaaap,188,222,120,23.2,35,-645
ABprpaaaap,189,222,126,23.2,35,53
ABprpaaaap,190,227,122,23.1,35,669
ABprpaaaap,191,225,122,23.1,35,491
ABprpaaaap,192,231,121,23.1,35,-610
ABprpaaaap,193,228,120,24.1,35,606
ABprpaaaap,194,224,120,23.1,35,262
ABprpaaaap,195,226,119,24.0,35,724
ABprpaaaap,196,226,118,24.0,35,-631
ABprpaaaap,197,227,116,24.0,35,-931
ABprpaaaap,198,228,114,24.0,35,-722
ABprpaaaap,199,227,119,23.1,35,-5
ABprpaaaap,200,225,124,24.1,35,99
ABprpaaaap,201,223,130,25.0,35,686
ABprpaaaap,202,229,130,24.1,34,592
ABprpaaaap,203,231,129,26.0,34,211
ABprpaaaap,204,233,127,25.1,34,207
ABprpaaaap,205,231,128,25.2,34,-124
ABprpaaap,134,264,85,16.9,27,1361
ABprpaaap,135,267,85,15.8,38,480
ABprpaaap,136,266,83,16.8,37,-1580
ABprpaaap,137,263,83,16.8,38,-418
ABprpaaap,138,259,80,15.9,37,-490
ABprpaaap,139,260,77,15.8,37,-1188
ABprpaaap,140,260,77,15.9,37,202
ABprpaaap,141,258,74,15.9,37,136
ABprpaaap,142,252,77,15.1,37,-534
ABprpaaap,143,253,79,15.1,37,146
ABprpaaap,144,250,83,15.8,37,-271
ABprpaaap,145,247,85,16.8,37,-353
ABprpaaap,146,244,83,16.1,37,-700
ABprpaaap,147,243,84,17.2,39,50
ABprpaaap,148,253,80,17.9,37,-580
ABprpaaap,149,256,80,18.8,37,107
ABprpaaap,150,251,79,18.3,39,-509
ABprpaaap,151,251,77,19.0,39,221
ABprpaaap,152,256,77,19.3,39,21
ABprpaaap,153,262,75,20.2,41,-586
ABprpaaap,154,264,79,21.2,41,-422
ABprpaaap,155,268,79,21.1,41,-6
ABprpaaap,156,265,78,21.0,39,-70
ABprpaaap,157,269,76,21.0,37,-147
ABprpaaap,158,274,75,21.1,38,-796
ABprpaaap,159,279,74,21.1,39,-648
ABprpaaap,160,284,73,21.2,40,-415
ABprpaaap,161,289,71,21.2,41,-183
ABprpaaap,162,294,70,21.0,39,-156
ABprpaaap,163,299,67,21.2,39,-1376
ABprpaaap,164,303,68,21.2,39,537
ABprpaaap,165,296,72,21.1,41,-572
ABprpaaap,166,288,73,21.1,41,691
ABprpaaap,167,287,77,22.0,41,-1041
ABprpaaap,168,279,80,22.2,40,-328
ABprpaaap,169,276,82,22.2,40,813
ABprpaaap,170,272,85,23.2,39,419
ABprpaaap,171,273,85,23.2,35,433
ABprpaaap,172,282,93,23.9,34,315
ABprpaaap,173,286,93,23.9,33,-500
ABprpaaapa,174,268,94,23.2,29,1062
ABprpaaapa,175,256,92,23.0,31,170
ABprpaaapa,176,262,95,24.0,31,-727
ABprpaaapa,177,263,93,24.1,35,43
ABprpaaapa,178,258,94,23.2,35,1292
ABprpaaapa,179,252,97,24.2,35,-858
ABprpaaapa,180,253,99,24.2,35,948
ABprpaaapa,181,249,100,24.2,35,-356
ABprpaaapa,182,242,98,24.1,35,-438
ABprpaaapa,183,244,98,24.0,35,58
ABprpaaapa,184,237,97,23.2,35,-1244
ABprpaaapa,185,234,96,22.2,35,-750
ABprpaaapa,186,232,92,22.2,35,75
ABprpaaapa,187,239,93,23.1,35,225
ABprpaaapa,188,244,89,22.3,35,-1241
ABprpaaapa,189,241,95,23.3,35,-435
ABprpaaapa,190,244,91,23.2,35,155
ABprpaaapa,191,237,89,23.0,35,678
ABprpaaapa,192,241,87,23.0,35,533
ABprpaaapa,193,243,87,23.0,35,834
ABprpaaapa,194,242,89,22.1,35,74
ABprpaaapa,195,240,87,22.1,35,-963
ABprpaaapa,196,240,87,22.1,35,-737
ABprpaaapa,197,240,86,21.1,35,-562
ABprpaaapa,198,236,88,22.1,35,599
ABprpaaapa,199,236,87,21.1,35,835
ABprpaaapa,200,241,90,22.1,35,-987
ABprpaaapa,201,235,96,23.1,35,-204
ABprpaaapa,202,231,97,23.1,34,1080
ABprpaaapa,203,232,98,23.1,34,-1604
ABprpaaapa,204,228,104,23.1,34,1718
ABprpaaapa,205,227,107,23.1,34,-131
ABprpaaapp,174,293,92,23.1,32,-587
ABprpaaapp,175,301,87,24.0,31,-883
ABprpaaapp,176,307,85,24.1,31,657
ABprpaaapp,177,307,88,24.1,31,1804
ABprpaaapp,178,301,83,24.1,35,-193
ABprpaaapp,179,297,79,23.1,35,330
ABprpaaapp,180,297,76,23.1,35,1184
ABprpaaapp,181,294,79,23.1,29,-324
ABprpaaapp,182,291,81,23.2,35,-1222
ABprpaaapp,183,288,79,23.2,35,-727
ABprpaaapp,184,283,81,23.1,35,-505
ABprpaaapp,185,282,82,22.1,35,-725
ABprpaaapp,186,278,85,22.2,35,646
ABprpaaapp,187,286,83,23.1,35,-197
ABprpaaapp,188,287,84,23.2,35,-680
ABprpaaapp,189,285,91,24.1,35,463
ABprpaaapp,190,284,87,23.0,35,588
ABprpaaapp,191,279,88,23.1,35,-94
ABprpaaapp,192,280,91,23.1,35,-35
ABprpaaapp,193,277,92,24.1,35,283
ABprpaaapp,194,277,89,24.1,35,8
ABprpaaapp,195,278,91,24.0,35,63
ABprpaaapp,196,278,86,23.3,35,329
ABprpaaapp,197,278,83,23.1,35,-86
ABprpaaapp,198,282,85,23.3,35,-508
ABprpaaapp,199,276,92,23.2,35,-1556
ABprpaaapp,200,285,93,24.1,35,-509
ABprpaaapp,201,283,98,24.1,35,953
ABprpaaapp,202,284,103,25.0,34,-256
ABprpaaapp,203,280,101,24.2,34,527
ABprpaaapp,204,273,104,24.0,34,-214
ABprpaaapp,205,276,104,24.0,34,291
ABprpaap,104,419,126,23.1,34,-903
ABprpaap,105,414,125,22.2,42,422
ABprpaap,106,409,122,22.0,44,-36
ABprpaap,107,414,125,22.1,46,-282
ABprpaap,108,419,128,22.0,44,-1027
ABprpaap,109,419,126,22.0,44,-564
ABprpaap,110,417,120,21.9,44,-97
ABprpaap,111,414,109,22.1,44,286
ABprpaap,112,413,105,21.4,48,-25
ABprpaap,113,403,99,22.1,44,-6
ABprpaap,114,400,95,23.2,46,-343
ABprpaap,115,402,95,24.1,44,1263
ABprpaap,116,391,94,25.0,44,-763
ABprpaap,117,385,90,24.1,44,-562
ABprpaap,118,377,87,24.1,44,821
ABprpaap,119,366,88,24.1,44,651
ABprpaap,120,352,83,24.0,44,5
ABprpaap,121,344,84,23.9,44,-496
ABprpaap,122,340,90,23.1,46,-1537
ABprpaap,123,327,88,22.1,46,187
ABprpaap,124,326,88,22.0,44,-649
ABprpaap,125,323,87,21.3,46,178
ABprpaap,126,324,83,21.2,46,410
ABprpaap,127,322,81,21.2,46,-567
ABprpaap,128,321,80,21.0,44,1218
ABprpaap,129,320,78,22.0,44,-816
ABprpaap,130,319,79,21.0,45,-180
ABprpaap,131,322,74,21.0,43,290
ABprpaap,132,312,82,20.1,34,1171
ABprpaapa,133,286,80,21.0,34,1254
ABprpaapa,134,291,72,20.0,37,608
ABprpaapa,135,293,68,19.1,38,-200
ABprpaapa,136,298,65,19.3,41,18
ABprpaapa,137,293,64,20.0,38,8
ABprpaapa,138,285,65,19.9,37,-95
ABprpaapa,139,283,66,19.3,41,-571
ABprpaapa,140,283,66,19.3,39,606
ABprpaapa,141,283,66,19.1,37,904
ABprpaapa,142,281,64,18.2,37,3029
ABprpaapa,143,282,64,18.2,39,-898
ABprpaapa,144,284,63,18.1,37,796
ABprpaapa,145,281,63,17.9,37,1152
ABprpaapa,146,280,65,17.0,37,-246
ABprpaapa,147,278,65,17.1,37,-1207
ABprpaapa,148,286,66,17.2,37,-474
ABprpaapa,149,284,66,16.4,39,-630
ABprpaapa,150,285,67,17.1,37,-1170
ABprpaapa,151,290,65,18.0,37,898
ABprpaapa,152,291,68,18.8,37,305
ABprpaapa,153,291,67,17.3,41,-815
ABprpaapa,154,289,69,17.4,39,-593
ABprpaapa,155,287,68,17.2,39,-402
ABprpaapa,156,278,74,17.2,41,1183
ABprpaapa,157,270,77,17.3,41,-441
ABprpaapa,158,271,76,18.0,39,-1080
ABprpaapa,159,275,77,18.1,41,793
ABprpaapa,160,274,81,18.1,41,-327
ABprpaapa,161,276,79,18.3,39,332
ABprpaapa,162,277,80,18.1,41,-918
ABprpaapa,163,281,83,18.1,41,-98
ABprpaapa,164,279,84,18.2,39,-1092
ABprpaapa,165,279,79,18.1,39,-661
ABprpaapa,166,273,79,18.4,39,-146
ABprpaapa,167,267,87,19.3,39,429
ABprpaapa,168,262,97,19.3,40,-530
ABprpaapa,169,260,104,19.3,40,42
ABprpaapa,170,263,102,19.2,37,-27
ABprpaapa,171,265,105,20.0,35,-283
ABprpaapa,172,268,106,20.9,34,-706
ABprpaapa,173,273,106,19.4,37,958
ABprpaapaa,174,245,122,20.2,36,527
ABprpaapaa,175,250,126,20.1,35,-998
ABprpaapaa,176,254,124,20.2,35,154
ABprpaapaa,177,257,126,20.1,35,-991
ABprpaapaa,178,248,124,20.2,35,-18
ABprpaapaa,179,249,127,20.1,35,-133
ABprpaapaa,180,253,127,20.3,35,-530
ABprpaapaa,181,254,126,20.1,35,74
ABprpaapaa,182,249,128,20.4,35,426
ABprpaapaa,183,250,128,20.4,35,-1593
ABprpaapaa,184,248,127,20.3,35,-1523
ABprpaapaa,185,246,127,20.2,35,-810
ABprpaapaa,186,242,126,20.3,35,263
ABprpaapaa,187,242,123,21.1,35,44
ABprpaapaa,188,240,122,21.1,35,-1421
ABprpaapaa,189,236,120,21.2,35,-1122
ABprpaapaa,190,236,119,21.2,35,916
ABprpaapaa,191,236,118,21.2,35,-1233
ABprpaapaa,192,236,116,21.2,35,252
ABprpaapaa,193,236,116,21.2,35,-565
ABprpaapaa,194,232,119,21.1,35,-952
ABprpaapaa,195,232,115,21.0,35,71
ABprpaapaa,196,231,117,21.0,35,333
ABprpaapaa,197,228,116,21.0,35,-888
ABprpaapaa,198,224,117,20.2,35,319
ABprpaapaa,199,227,123,21.1,35,-1374
ABprpaapaa,200,228,125,21.0,35,-749
ABprpaapaa,201,231,127,20.2,35,-241
ABprpaapaa,202,228,128,21.0,34,1161
ABprpaapaa,203,227,129,20.3,34,-518
ABprpaapaa,204,225,127,20.9,30,-1653
ABprpaapaa,205,223,119,20.2,34,-641
ABprpaapap,174,285,96,19.1,32,278
ABprpaapap,175,284,92,19.3,33,-452
ABprpaapap,176,289,94,20.1,33,177
ABprpaapap,177,289,92,20.8,31,-908
ABprpaapap,178,286,91,20.3,35,-948
ABprpaapap,179,284,88,20.2,35,255
ABprpaapap,180,282,85,20.1,29,-645
ABprpaapap,181,283,85,21.1,35,-464
ABprpaapap,182,277,89,21.1,35,-1505
ABprpaapap,183,276,93,21.1,35,1229
ABprpaapap,184,274,96,20.3,35,-1151
ABprpaapap,185,272,94,20.2,35,-296
ABprpaapap,186,269,91,20.1,35,-299
ABprpaapap,187,270,95,20.2,35,-159
ABprpaapap,188,273,97,20.2,35,-380
ABprpaapap,189,271,95,21.0,35,-401
ABprpaapap,190,273,96,20.2,35,-58
ABprpaapap,191,270,96,20.2,35,1084
ABprpaapap,192,275,100,20.4,35,-644
ABprpaapap,193,277,102,21.2,35,1216
ABprpaapap,194,272,109,21.0,35,1423
ABprpaapap,195,270,107,21.0,35,161
ABprpaapap,196,271,110,20.2,33,2000
ABprpaapap,197,267,107,20.2,35,-739
ABprpaapap,198,267,106,21.0,35,-352
ABprpaapap,199,268,107,20.2,35,569
ABprpaapap,200,265,104,21.1,35,-207
ABprpaapap,201,269,102,21.2,35,-395
ABprpaapap,202,262,103,22.0,34,562
ABprpaapap,203,260,102,22.0,34,185
ABprpaapap,204,259,103,21.2,34,1030
ABprpaapap,205,258,98,21.0,34,115
ABprpaapp,133,324,87,19.2,38,83
ABprpaapp,134,331,83,19.0,39,-916
ABprpaapp,135,329,78,18.1,38,-810
ABprpaapp,136,339,74,18.1,39,-1628
ABprpaapp,137,337,74,18.2,40,-30
ABprpaapp,138,334,74,18.1,39,498
ABprpaapp,139,334,70,18.1,37,235
ABprpaapp,140,332,70,18.2,39,-674
ABprpaapp,141,328,72,18.1,39,-1120
ABprpaapp,142,328,74,18.0,37,559
ABprpaapp,143,330,74,17.3,39,-198
ABprpaapp,144,327,74,17.2,39,-993
ABprpaapp,145,325,72,17.2,41,284
ABprpaapp,146,329,73,16.9,37,452
ABprpaapp,147,329,72,17.0,41,483
ABprpaapp,148,330,72,16.2,39,480
ABprpaapp,149,330,76,17.0,37,-362
ABprpaapp,150,330,74,17.1,39,134
ABprpaapp,151,331,80,17.0,37,754
ABprpaapp,152,338,84,17.0,37,-666
ABprpaapp,153,338,82,16.3,41,-155
ABprpaapp,154,335,81,16.9,37,-514
ABprpaapp,155,333,77,16.1,37,1090
ABprpaapp,156,330,71,16.8,37,680
ABprpaapp,157,324,71,16.1,37,965
ABprpaapp,158,324,73,16.9,37,-743
ABprpaapp,159,325,72,16.4,39,-623
ABprpaapp,160,322,72,17.2,39,594
ABprpaapp,161,325,71,17.3,39,794
ABprpaapp,162,325,69,17.2,39,-318
ABprpaapp,163,323,66,17.1,41,-1608
ABprpaapp,164,321,65,17.1,39,-913
ABprpaapp,165,318,69,17.3,39,3
ABprpaapp,166,314,70,18.0,39,-58
ABprpaapp,167,306,72,18.8,37,-106
ABprpaapp,168,300,73,19.0,36,-995
ABprpaapp,169,299,75,18.1,32,639
ABprpaapp,170,308,72,19.9,35,389
ABprpaappa,171,292,71,19.9,35,893
ABprpaappa,172,293,69,19.9,34,267
ABprpaappa,173,296,65,19.0,33,618
ABprpaappa,174,294,63,18.9,32,578
ABprpaappa,175,302,63,19.0,31,501
ABprpaappa,176,307,60,19.2,33,876
ABprpaappa,177,309,60,19.2,35,-375
ABprpaappa,178,306,62,19.3,35,423
ABprpaappa,179,309,63,19.2,35,190
ABprpaappa,180,304,65,20.1,33,-88
ABprpaappa,181,305,65,19.3,35,-308
ABprpaappa,182,302,70,20.0,35,-396
ABprpaappa,183,300,68,20.1,35,-686
ABprpaappa,184,299,70,19.2,35,215
ABprpaappa,185,299,71,18.1,33,-465
ABprpaappa,186,298,73,19.0,31,1678
ABprpaappa,187,298,73,19.0,31,-1027
ABprpaappa,188,303,76,19.1,35,257
ABprpaappa,189,301,80,19.1,35,-222
ABprpaappa,190,306,76,19.1,35,-481
ABprpaappa,191,305,76,19.1,35,-507
ABprpaappa,192,304,75,19.0,35,274
ABprpaappa,193,304,75,19.0,35,-536
ABprpaappa,194,300,79,19.1,35,181
ABprpaappa,195,301,80,19.2,35,-416
ABprpaappa,196,306,78,19.1,35,-318
ABprpaappa,197,304,78,19.1,35,-863
ABprpaappa,198,306,79,19.2,35,103
ABprpaappa,199,302,80,19.1,35,969
ABprpaappa,200,301,79,19.3,35,-996
ABprpaappa,201,299,80,19.2,35,35
ABprpaappa,202,300,82,19.3,34,-964
ABprpaappa,203,300,84,20.1,34,216
ABprpaappa,204,300,85,19.3,34,234
ABprpaappa,205,303,84,19.3,34,-1914
ABprpaappp,171,333,70,21.1,35,31
ABprpaappp,172,335,75,22.1,34,-937
ABprpaappp,173,340,80,21.2,35,-471
ABprpaappp,174,338,78,23.1,36,-1043
ABprpaappp,175,343,71,23.0,35,-390
ABprpaappp,176,347,74,23.2,35,-908
ABprpaappp,177,345,71,23.3,35,1585
ABprpaappp,178,342,71,23.1,35,-306
ABprpaappp,179,336,73,23.2,35,577
ABprpaappp,180,333,76,23.3,35,-555
ABprpaappp,181,331,73,23.1,35,-121
ABprpaappp,182,329,74,23.3,35,-171
ABprpaappp,183,326,77,23.3,35,669
ABprpaappp,184,319,74,23.1,35,-606
ABprpaappp,185,320,73,22.3,35,-1310
ABprpaappp,186,319,80,22.3,35,-803
ABprpaappp,187,324,86,22.2,35,-1538
ABprpaappp,188,325,87,22.2,35,513
ABprpaappp,189,319,90,22.3,35,250
ABprpaappp,190,324,82,22.1,35,-94
ABprpaappp,191,320,88,23.0,35,216
ABprpaappp,192,314,84,22.0,35,1287
ABprpaappp,193,316,85,22.0,35,904
ABprpaappp,194,314,90,22.0,35,1110
ABprpaappp,195,313,88,22.0,35,48
ABprpaappp,196,313,82,21.0,35,450
ABprpaappp,197,313,83,21.1,35,-582
ABprpaappp,198,319,83,22.1,35,-363
ABprpaappp,199,314,82,22.0,33,295
ABprpaappp,200,320,83,23.0,35,938
ABprpaappp,201,314,86,22.2,35,-39
ABprpaappp,202,316,88,23.1,34,1952
ABprpaappp,203,314,88,23.1,34,-1530
ABprpaappp,204,312,88,23.0,34,-950
ABprpaappp,205,309,88,23.0,34,486
ABprpap,79,483,202,23.1,36,-414
ABprpap,80,492,205,22.1,39,-1089
ABprpap,81,497,210,23.0,49,277
ABprpap,82,500,215,23.1,49,-998
ABprpap,83,504,227,22.2,49,-237
ABprpap,84,516,225,24.0,50,64
ABprpap,85,518,225,25.0,51,-587
ABprpap,86,510,217,24.2,52,-968
ABprpap,87,504,212,25.0,55,-464
ABprpap,88,505,209,24.2,54,166
ABprpap,89,512,209,25.0,56,-425
ABprpap,90,507,201,24.0,54,781
ABprpap,91,498,200,24.1,56,-69
ABprpap,92,494,194,24.2,56,-474
ABprpap,93,499,189,24.1,56,-245
ABprpap,94,496,191,25.1,54,-151
ABprpap,95,494,187,25.0,58,523
ABprpap,96,503,190,25.0,54,362
ABprpap,97,500,190,25.1,55,-215
ABprpap,98,500,189,24.2,55,-52
ABprpap,99,502,187,25.0,57,-458
ABprpap,100,504,188,24.9,54,246
ABprpap,101,500,182,24.1,58,549
ABprpap,102,490,171,24.8,53,-1038
ABprpap,103,482,176,24.0,51,-759
ABprpapa,104,474,151,25.1,32,-130
ABprpapa,105,475,142,24.2,34,584
ABprpapa,106,465,124,24.1,42,-403
ABprpapa,107,465,111,24.1,44,419
ABprpapa,108,461,109,24.1,44,-824
ABprpapa,109,457,108,25.0,44,-668
ABprpapa,110,453,104,24.9,44,-294
ABprpapa,111,452,101,25.0,44,-1089
ABprpapa,112,448,98,24.9,44,195
ABprpapa,113,445,93,24.1,46,299
ABprpapa,114,445,92,24.1,44,33
ABprpapa,115,447,94,24.0,44,-482
ABprpapa,116,438,93,24.0,44,1084
ABprpapa,117,432,98,25.0,44,167
ABprpapa,118,423,97,25.0,44,-669
ABprpapa,119,409,103,25.1,44,137
ABprpapa,120,398,104,25.9,44,-954
ABprpapa,121,391,105,25.2,48,-253
ABprpapa,122,383,109,26.0,44,-834
ABprpapa,123,371,112,26.1,48,133
ABprpapa,124,362,111,26.0,48,80
ABprpapa,125,351,111,25.2,48,-587
ABprpapa,126,348,111,25.2,48,-1176
ABprpapa,127,345,115,25.2,48,-68
ABprpapa,128,346,116,25.9,44,208
ABprpapa,129,345,117,25.1,44,-457
ABprpapa,130,345,121,24.9,43,-49
ABprpapa,131,338,120,25.0,43,440
ABprpapa,132,332,119,24.9,42,-1067
ABprpapa,133,325,120,24.0,40,-107
ABprpapaa,134,305,112,23.9,39,-610
ABprpapaa,135,309,101,23.9,38,-634
ABprpapaa,136,324,86,24.0,37,-428
ABprpapaa,137,320,86,24.1,38,-860
ABprpapaa,138,314,86,24.2,39,586
ABprpapaa,139,313,82,24.9,37,109
ABprpapaa,140,312,81,24.3,39,374
ABprpapaa,141,313,78,24.0,39,576
ABprpapaa,142,314,80,24.0,39,-266
ABprpapaa,143,316,81,23.3,41,-135
ABprpapaa,144,314,83,23.4,39,-276
ABprpapaa,145,314,85,24.1,39,-1277
ABprpapaa,146,318,81,24.0,39,800
ABprpapaa,147,318,91,25.1,37,311
ABprpapaa,148,320,101,25.2,39,-21
ABprpapaa,149,319,114,26.1,41,109
ABprpapaa,150,313,122,26.0,41,-872
ABprpapaa,151,311,127,25.2,39,-1010
ABprpapaa,152,311,121,26.0,41,224
ABprpapaa,153,304,124,26.0,37,-643
ABprpapaa,154,307,120,25.0,41,-1245
ABprpapaa,155,307,120,25.0,41,272
ABprpapaa,156,303,120,25.1,41,-351
ABprpapaa,157,307,122,25.2,41,-910
ABprpapaa,158,310,124,25.2,41,-144
ABprpapaa,159,308,124,25.1,41,-800
ABprpapaa,160,302,128,25.1,41,642
ABprpapaa,161,307,131,25.2,41,-1163
ABprpapaa,162,307,126,25.0,37,239
ABprpapaa,163,310,127,25.1,41,-610
ABprpapaa,164,302,128,24.3,41,-428
ABprpapaa,165,296,126,24.2,41,674
ABprpapaa,166,295,129,25.0,41,-121
ABprpapaa,167,298,138,25.1,41,202
ABprpapaa,168,297,143,25.1,40,422
ABprpapaa,169,296,140,25.1,40,-531
ABprpapaa,170,300,152,24.1,37,646
ABprpapaa,171,305,150,24.1,39,134
ABprpapaa,172,305,157,23.2,36,419
ABprpapaa,173,306,157,24.0,33,250
ABprpapaa,174,305,161,23.0,32,1010
ABprpapaa,175,307,162,22.8,31,1738
ABprpapaaa,176,289,161,21.0,31,337
ABprpapaaa,177,288,165,21.0,31,-1573
ABprpapaaa,178,290,158,21.0,33,-76
ABprpapaaa,179,286,165,20.2,35,265
ABprpapaaa,180,290,161,21.2,35,246
ABprpapaaa,181,288,165,22.0,35,-1017
ABprpapaaa,182,287,168,22.1,35,1374
ABprpapaaa,183,285,171,23.0,35,529
ABprpapaaa,184,284,171,23.0,31,800
ABprpapaaa,185,285,173,23.1,35,64
ABprpapaaa,186,284,173,23.1,35,98
ABprpapaaa,187,286,173,24.1,35,1101
ABprpapaaa,188,290,175,24.2,35,146
ABprpapaaa,189,291,178,24.1,35,-293
ABprpapaaa,190,289,184,24.0,35,-1577
ABprpapaaa,191,295,184,23.0,35,1704
ABprpapaaa,192,288,181,23.0,35,965
ABprpapaaa,193,289,182,23.1,35,-1508
ABprpapaaa,194,291,187,23.0,29,69
ABprpapaaa,195,288,182,23.1,35,84
ABprpapaaa,196,296,178,24.0,35,228
ABprpapaaa,197,298,176,23.2,35,-723
ABprpapaaa,198,298,170,24.1,35,815
ABprpapaaa,199,298,170,24.1,35,1522
ABprpapaaa,200,297,181,23.0,35,646
ABprpapaaa,201,299,185,23.1,35,-1023
ABprpapaaa,202,303,190,23.1,34,-796
ABprpapaaa,203,303,190,23.1,34,1102
ABprpapaaa,204,302,191,23.1,34,-878
ABprpapaaa,205,301,191,23.1,34,383
ABprpapaap,176,332,163,22.2,33,361
ABprpapaap,177,331,162,22.2,33,-537
ABprpapaap,178,334,157,22.2,35,487
ABprpapaap,179,334,156,22.2,35,287
ABprpapaap,180,335,154,23.2,35,692
ABprpapaap,181,331,156,24.0,35,73
ABprpapaap,182,321,159,24.1,35,-1238
ABprpapaap,183,315,161,24.1,33,-1165
ABprpapaap,184,321,154,25.0,35,-822
ABprpapaap,185,318,148,24.2,35,1274
ABprpapaap,186,318,148,24.2,35,122
ABprpapaap,187,323,152,24.1,35,-161
ABprpapaap,188,323,152,24.1,35,-407
ABprpapaap,189,321,164,24.1,35,-525
ABprpapaap,190,323,165,24.2,35,-602
ABprpapaap,191,322,164,24.1,35,-20
ABprpapaap,192,324,163,24.2,35,535
ABprpapaap,193,317,167,24.2,35,-372
ABprpapaap,194,319,173,24.1,35,528
ABprpapaap,195,319,167,24.2,29,-117
ABprpapaap,196,326,165,24.9,31,65
ABprpapaap,197,323,164,24.2,35,497
ABprpapaap,198,330,165,24.1,33,743
ABprpapaap,199,330,168,23.6,34,-977
ABprpapaap,200,329,172,23.0,35,-1088
ABprpapaap,201,327,172,23.1,35,-771
ABprpapaap,202,333,171,23.0,32,-757
ABprpapaap,203,333,168,23.1,34,136
ABprpapaap,204,330,163,24.1,29,-23
ABprpapaap,205,332,163,24.1,30,731
ABprpapap,134,348,103,24.1,37,593
ABprpapap,135,352,95,24.0,38,-73
ABprpapap,136,369,90,24.1,39,30
ABprpapap,137,373,87,24.0,42,656
ABprpapap,138,365,82,24.0,39,944
ABprpapap,139,363,83,24.1,41,251
ABprpapap,140,362,86,25.0,37,-412
ABprpapap,141,362,91,24.0,39,-66
ABprpapap,142,360,93,23.1,39,-179
ABprpapap,143,359,97,23.1,41,-101
ABprpapap,144,358,104,23.0,37,93
ABprpapap,145,355,108,22.1,39,-211
ABprpapap,146,357,105,21.2,41,100
ABprpapap,147,357,110,22.0,37,1169
ABprpapap,148,354,116,21.2,39,631
ABprpapap,149,352,119,22.2,41,460
ABprpapap,150,346,115,22.2,39,-80
ABprpapap,151,345,114,22.1,41,398
ABprpapap,152,347,107,22.2,39,630
ABprpapap,153,341,107,22.1,39,-563
ABprpapap,154,343,104,23.0,39,1370
ABprpapap,155,341,105,22.1,39,-1421
ABprpapap,156,337,102,23.1,39,871
ABprpapap,157,334,101,22.2,39,428
ABprpapap,158,334,97,23.1,39,1016
ABprpapap,159,336,101,24.1,41,-68
ABprpapap,160,336,104,24.1,41,1168
ABprpapap,161,338,102,24.2,41,-369
ABprpapap,162,341,100,25.1,41,-1225
ABprpapap,163,342,103,25.0,41,-1430
ABprpapap,164,338,105,25.1,41,1065
ABprpapap,165,335,106,25.2,41,-407
ABprpapap,166,338,111,25.1,39,-206
ABprpapap,167,335,124,25.1,41,-1222
ABprpapap,168,332,128,24.2,40,84
ABprpapap,169,333,131,24.2,38,478
ABprpapap,170,338,138,25.1,37,601
ABprpapap,171,345,148,25.0,35,2070
ABprpapap,172,343,148,25.0,34,52
ABprpapap,173,346,151,25.1,33,-534
ABprpapapa,174,331,143,25.0,32,755
ABprpapapa,175,339,141,24.1,31,-12
ABprpapapa,176,347,146,25.0,31,206
ABprpapapa,177,351,151,25.2,33,121
ABprpapapa,178,345,152,25.0,35,-178
ABprpapapa,179,347,152,25.1,35,-353
ABprpapapa,180,347,152,25.1,35,1810
ABprpapapa,181,340,151,26.0,35,801
ABprpapapa,182,340,152,26.5,34,-329
ABprpapapa,183,340,153,27.0,33,-73
ABprpapapa,184,340,153,27.0,33,-928
ABprpapapa,185,329,155,26.0,35,891
ABprpapapa,186,334,155,26.2,35,-1174
ABprpapapa,187,335,160,26.5,33,-152
ABprpapapa,188,337,165,26.7,31,834
ABprpapapa,189,339,170,27.0,29,-696
ABprpapapa,190,339,170,27.0,29,-177
ABprpapapa,191,335,168,26.0,29,612
ABprpapapa,192,338,171,26.1,35,539
ABprpapapa,193,340,175,26.0,35,586
ABprpapapa,194,345,176,26.1,35,-715
ABprpapapa,195,351,172,27.0,31,-1796
ABprpapapa,196,348,171,26.1,31,119
ABprpapapa,197,354,174,26.1,33,-437
ABprpapapa,198,356,174,26.0,27,1045
ABprpapapa,199,358,175,26.0,31,599
ABprpapapa,200,356,183,26.0,31,-205
ABprpapapa,201,358,178,26.0,31,348
ABprpapapa,202,358,178,26.0,31,-1357
ABprpapapa,203,363,180,26.0,30,-460
ABprpapapa,204,366,180,26.1,29,299
ABprpapapa,205,368,179,26.1,29,451
ABprpapapp,174,372,161,26.1,27,478
ABprpapapp,175,377,174,26.0,27,-1341
ABprpapapp,176,379,174,26.0,27,1749
ABprpapapp,177,382,174,26.0,27,-1022
ABprpapapp,178,384,174,26.0,27,-1631
ABprpapapp,179,387,175,26.0,27,-458
ABprpapapp,180,389,175,26.0,27,-808
ABprpapapp,181,392,175,26.0,27,-1580
ABprpapapp,182,395,176,26.0,27,589
ABprpapapp,183,394,176,26.3,27,-182
ABprpapapp,184,393,177,26.5,27,-1424
ABprpapapp,185,392,177,26.8,27,35
ABprpapapp,186,390,178,27.0,27,1449
ABprpapapp,187,386,178,26.1,31,-60
ABprpapapp,188,382,182,26.1,31,-651
ABprpapapp,189,383,186,26.0,31,-748
ABprpapapp,190,382,180,26.1,31,-24
ABprpapapp,191,382,189,26.0,31,468
ABprpapapp,192,382,189,26.0,31,346
ABprpapapp,193,385,192,26.1,33,-242
ABprpapapp,194,392,198,26.0,31,-1369
ABprpapapp,195,391,198,25.1,33,1142
ABprpapapp,196,391,196,26.0,31,-356
ABprpapapp,197,393,192,26.0,27,-56
ABprpapapp,198,394,194,26.0,27,466
ABprpapapp,199,394,194,26.0,27,-408
ABprpapapp,200,397,198,26.0,31,-613
ABprpapapp,201,397,199,26.0,31,558
ABprpapapp,202,397,199,26.0,31,-985
ABprpapapp,203,396,199,26.0,31,-158
ABprpapapp,204,395,199,26.0,30,105
ABprpapapp,205,398,202,26.0,27,1056
ABprpapp,104,504,191,23.2,34,-690
ABprpapp,105,511,189,23.2,44,-41
ABprpapp,106,511,179,23.1,44,-446
ABprpapp,107,519,182,24.0,44,314
ABprpapp,108,526,177,24.0,46,137
ABprpapp,109,524,172,24.1,44,-375
ABprpapp,110,520,162,23.2,46,-82
ABprpapp,111,514,155,24.1,44,13
ABprpapp,112,511,147,23.9,44,-835
ABprpapp,113,505,146,24.0,44,-887
ABprpapp,114,508,140,24.0,44,-1249
ABprpapp,115,506,139,24.0,44,-525
ABprpapp,116,500,137,25.0,44,-64
ABprpapp,117,492,135,24.2,46,407
ABprpapp,118,480,129,25.0,44,129
ABprpapp,119,467,128,25.0,44,-665
ABprpapp,120,452,126,25.0,46,-1022
ABprpapp,121,447,130,25.0,44,-960
ABprpapp,122,437,132,25.1,46,97
ABprpapp,123,427,132,25.0,44,355
ABprpapp,124,419,133,25.1,46,-385
ABprpapp,125,410,130,26.0,44,586
ABprpapp,126,412,124,26.0,44,296
ABprpapp,127,410,118,25.1,46,1276
ABprpapp,128,411,113,25.1,44,-689
ABprpapp,129,407,118,25.0,44,-370
ABprpapp,130,398,121,26.0,43,188
ABprpapp,131,392,126,26.0,43,-284
ABprpapp,132,392,130,25.1,44,600
ABprpappa,133,377,131,25.9,40,748
ABprpappa,134,387,117,25.1,39,-1010
ABprpappa,135,393,111,25.1,38,636
ABprpappa,136,401,112,25.2,39,477
ABprpappa,137,400,115,25.1,40,-517
ABprpappa,138,392,116,25.1,39,244
ABprpappa,139,385,117,26.0,39,-530
ABprpappa,140,381,128,25.2,39,1357
ABprpappa,141,379,126,25.1,39,263
ABprpappa,142,373,129,26.0,41,349
ABprpappa,143,370,137,25.0,41,-1
ABprpappa,144,368,145,25.0,41,404
ABprpappa,145,371,146,25.0,39,-561
ABprpappa,146,367,151,24.0,41,-777
ABprpappa,147,366,157,24.1,41,342
ABprpappa,148,365,158,24.2,39,-619
ABprpappa,149,362,165,24.2,41,-909
ABprpappa,150,359,163,24.2,41,-554
ABprpappa,151,358,161,24.2,41,820
ABprpappa,152,357,156,25.2,41,373
ABprpappa,153,352,152,25.0,41,-253
ABprpappa,154,350,156,25.0,41,-587
ABprpappa,155,347,154,25.0,41,-312
ABprpappa,156,343,152,25.1,41,269
ABprpappa,157,344,151,24.2,41,231
ABprpappa,158,347,147,25.2,41,-183
ABprpappa,159,343,156,25.2,41,-471
ABprpappa,160,343,159,25.1,39,-378
ABprpappa,161,344,165,25.2,39,-105
ABprpappa,162,339,165,25.2,39,-453
ABprpappa,163,340,166,26.1,41,-1119
ABprpappa,164,339,164,25.2,39,27
ABprpappa,165,334,167,25.2,39,261
ABprpappa,166,334,170,25.1,39,434
ABprpappa,167,336,177,25.1,37,360
ABprpappa,168,338,183,25.1,38,-103
ABprpappa,169,334,187,24.0,32,50
ABprpappa,170,335,195,25.0,35,-808
ABprpappaa,171,322,189,25.1,27,241
ABprpappaa,172,316,193,24.9,27,-536
ABprpappaa,173,321,193,25.0,27,66
ABprpappaa,174,329,193,25.0,32,-176
ABprpappaa,175,331,197,26.0,31,-1366
ABprpappaa,176,338,191,26.0,33,792
ABprpappaa,177,340,187,26.1,31,1698
ABprpappaa,178,339,189,26.0,31,464
ABprpappaa,179,338,188,26.0,31,-226
ABprpappaa,180,337,192,26.0,31,126
ABprpappaa,181,336,195,25.9,31,781
ABprpappaa,182,330,196,26.0,31,-43
ABprpappaa,183,329,193,26.0,31,-1099
ABprpappaa,184,320,193,26.1,31,-1067
ABprpappaa,185,317,192,27.0,31,317
ABprpappaa,186,320,200,27.0,31,-983
ABprpappaa,187,320,200,27.0,31,-362
ABprpappaa,188,318,202,26.1,35,14
ABprpappaa,189,323,210,25.1,33,-507
ABprpappaa,190,318,207,27.0,31,442
ABprpappaa,191,321,210,26.1,35,2223
ABprpappaa,192,313,211,26.1,35,-306
ABprpappaa,193,322,220,26.0,35,182
ABprpappaa,194,321,213,27.0,33,-820
ABprpappaa,195,322,205,26.1,35,-4
ABprpappaa,196,322,206,26.1,34,-335
ABprpappaa,197,322,207,26.1,33,-1071
ABprpappaa,198,321,208,26.1,31,1504
ABprpappaa,199,323,211,26.1,31,-789
ABprpappaa,200,330,213,26.0,31,165
ABprpappaa,201,329,215,26.9,27,-44
ABprpappaa,202,329,216,26.9,27,-656
ABprpappaa,203,330,217,26.9,28,-481
ABprpappaa,204,331,219,26.9,28,-310
ABprpappaa,205,332,220,27.0,29,2157
ABprpappap,171,364,201,25.0,27,1440
ABprpappap,172,362,205,25.0,27,779
ABprpappap,173,363,211,25.1,27,-920
ABprpappap,174,366,212,25.3,27,-1817
ABprpappap,175,370,214,25.6,28,-22
ABprpappap,176,374,216,25.8,28,555
ABprpappap,177,378,218,26.1,29,676
ABprpappap,178,382,219,26.3,30,141
ABprpappap,179,386,221,26.5,30,1007
ABprpappap,180,390,223,26.8,31,-852
ABprpappap,181,394,225,27.0,32,1773
ABprpappap,182,391,225,26.9,32,908
ABprpappap,183,388,225,26.7,32,960
ABprpappap,184,384,225,26.6,32,-581
ABprpappap,185,381,224,26.4,32,378
ABprpappap,186,377,224,26.3,32,516
ABprpappap,187,374,224,26.1,32,-491
ABprpappap,188,370,223,26.0,31,305
ABprpappap,189,369,228,24.0,29,1175
ABprpappap,190,366,226,25.1,33,1274
ABprpappap,191,367,227,25.0,33,225
ABprpappap,192,361,231,25.1,33,-333
ABprpappap,193,364,236,25.0,31,1353
ABprpappap,194,370,238,26.1,35,-978
ABprpappap,195,371,232,26.0,33,140
ABprpappap,196,367,232,26.0,27,-690
ABprpappap,197,367,232,26.0,27,-1120
ABprpappap,198,376,239,26.2,27,-867
ABprpappap,199,376,239,26.2,27,2571
ABprpappap,200,377,243,26.0,27,150
ABprpappap,201,380,249,26.0,31,-618
ABprpappap,202,382,247,26.0,30,82
ABprpappap,203,381,243,26.1,32,410
ABprpappap,204,380,252,26.1,30,-586
ABprpappap,205,373,256,26.1,34,-20
ABprpappp,133,424,126,25.9,40,-1210
ABprpappp,134,437,120,26.0,39,-408
ABprpappp,135,442,117,26.0,38,87
ABprpappp,136,452,128,25.1,39,-206
ABprpappp,137,455,128,26.0,38,298
ABprpappp,138,451,125,26.0,39,-970
ABprpappp,139,446,126,26.0,37,-150
ABprpappp,140,442,122,26.0,41,-138
ABprpappp,141,444,122,26.1,41,821
ABprpappp,142,439,128,26.0,41,170
ABprpappp,143,431,130,26.0,41,-743
ABprpappp,144,429,136,26.1,41,849
ABprpappp,145,426,133,26.1,41,332
ABprpappp,146,418,135,24.1,41,-94
ABprpappp,147,419,141,24.1,41,-102
ABprpappp,148,413,146,24.1,41,588
ABprpappp,149,409,149,25.0,41,-601
ABprpappp,150,408,151,24.1,41,127
ABprpappp,151,403,156,24.2,39,-549
ABprpappp,152,402,157,24.1,39,-114
ABprpappp,153,393,157,24.2,39,894
ABprpappp,154,391,155,25.1,37,-819
ABprpappp,155,391,156,25.1,39,-263
ABprpappp,156,390,150,25.0,41,-121
ABprpappp,157,389,146,26.1,41,538
ABprpappp,158,394,144,26.1,41,-655
ABprpappp,159,392,142,26.1,41,-350
ABprpappp,160,392,145,26.9,37,-575
ABprpappp,161,387,146,26.1,39,-116
ABprpappp,162,381,139,26.1,41,-421
ABprpappp,163,380,138,26.1,41,-15
ABprpappp,164,378,154,27.0,37,772
ABprpappp,165,378,142,27.0,37,576
ABprpappp,166,376,149,27.1,37,-487
ABprpappp,167,380,151,26.9,27,929
ABprpappp,168,378,163,26.1,40,563
ABprpappp,169,388,165,26.1,29,-1472
ABprpappp,170,400,178,25.9,27,-101
ABprpappp,171,403,182,25.9,27,-402
ABprpapppa,172,389,185,26.0,29,-564
ABprpapppa,173,394,180,26.1,28,-1000
ABprpapppa,174,409,193,27.0,34,746
ABprpapppa,175,414,196,27.0,34,-480
ABprpapppa,176,419,199,27.0,34,656
ABprpapppa,177,424,202,27.0,34,-895
ABprpapppa,178,429,205,27.0,34,-382
ABprpapppa,179,434,208,27.0,34,413
ABprpapppa,180,434,208,27.0,34,-975
ABprpapppa,181,435,207,27.0,34,-136
ABprpapppa,182,435,207,27.0,34,232
ABprpapppa,183,436,206,27.0,34,936
ABprpapppa,184,436,206,27.0,34,77
ABprpapppa,185,437,205,27.0,34,648
ABprpapppa,186,435,206,26.8,34,1254
ABprpapppa,187,433,208,26.6,33,-864
ABprpapppa,188,431,210,26.3,33,-116
ABprpapppa,189,429,211,26.1,32,-668
ABprpapppa,190,427,213,25.9,32,-697
ABprpapppa,191,425,215,25.7,31,877
ABprpapppa,192,423,216,25.4,31,921
ABprpapppa,193,421,218,25.2,30,999
ABprpapppa,194,418,220,25.0,29,-787
ABprpapppa,195,417,215,25.1,33,-231
ABprpapppa,196,419,215,25.3,33,37
ABprpapppa,197,421,215,25.5,32,235
ABprpapppa,198,423,216,25.6,31,109
ABprpapppa,199,425,216,25.8,30,-311
ABprpapppa,200,428,217,26.0,29,830
ABprpapppa,201,426,221,26.1,31,-1415
ABprpapppa,202,426,226,25.0,27,-1132
ABprpapppa,203,427,226,25.1,27,186
ABprpapppa,204,428,225,25.3,28,702
ABprpapppa,205,430,224,25.4,28,-189
ABprpapppp,172,434,193,26.0,29,1838
ABprpapppp,173,442,198,26.0,29,-805
ABprpapppp,174,451,204,26.0,29,-1126
ABprpapppp,175,459,209,26.0,30,-1156
ABprpapppp,176,468,215,26.0,30,-630
ABprpapppp,177,477,221,26.0,31,216
ABprpapppp,178,478,221,26.1,31,-918
ABprpapppp,179,479,222,26.3,31,569
ABprpapppp,180,480,222,26.4,31,1371
ABprpapppp,181,481,223,26.6,31,-1882
ABprpapppp,182,482,223,26.7,31,-739
ABprpapppp,183,483,224,26.9,31,-64
ABprpapppp,184,485,225,27.0,32,-299
ABprpapppp,185,482,227,27.0,32,292
ABprpapppp,186,478,230,27.0,32,-85
ABprpapppp,187,475,232,27.0,32,-1501
ABprpapppp,188,471,235,27.0,32,-816
ABprpapppp,189,467,238,27.0,32,1352
ABprpapppp,190,469,238,27.0,32,-299
ABprpapppp,191,471,239,27.0,32,-590
ABprpapppp,192,473,240,27.0,32,1256
ABprpapppp,193,475,240,27.0,32,271
ABprpapppp,194,477,241,27.0,32,491
ABprpapppp,195,475,239,27.0,32,1646
ABprpapppp,196,476,235,27.0,32,-328
ABprpapppp,197,476,235,26.9,32,363
ABprpapppp,198,476,235,26.8,32,-861
ABprpapppp,199,476,234,26.7,32,-2266
ABprpapppp,200,476,234,26.6,32,646
ABprpapppp,201,476,233,26.4,32,184
ABprpapppp,202,476,233,26.3,32,1001
ABprpapppp,203,476,232,26.2,32,634
ABprpapppp,204,476,232,26.1,32,-875
ABprpapppp,205,477,231,26.0,32,138
ABprpp,56,490,224,23.7,43,-690
ABprpp,57,498,214,23.3,43,-681
ABprpp,58,506,203,23.0,43,-183
ABprpp,59,509,201,23.0,43,-1744
ABprpp,60,513,199,23.0,43,-670
ABprpp,61,517,197,23.0,43,213
ABprpp,62,521,195,23.0,43,-404
ABprpp,63,525,193,23.1,43,294
ABprpp,64,528,191,23.1,43,51
ABprpp,65,532,189,23.1,43,-242
ABprpp,66,536,187,23.1,43,-827
ABprpp,67,540,185,23.1,43,185
ABprpp,68,544,183,23.1,42,-153
ABprpp,69,545,183,24.1,42,-1122
ABprpp,70,544,193,23.1,38,204
ABprpp,71,550,181,24.0,44,285
ABprpp,72,537,190,24.0,59,52
ABprpp,73,537,183,24.0,61,-649
ABprpp,74,531,180,23.0,45,53
ABprpp,75,533,183,22.0,62,-253
ABprpp,76,525,174,23.1,40,308
ABprpp,77,539,167,20.3,56,333
ABprppa,78,536,146,20.9,36,352
ABprppa,79,539,140,21.1,50,-460
ABprppa,80,537,129,21.9,49,197
ABprppa,81,544,127,21.1,49,413
ABprppa,82,538,126,22.0,49,-672
ABprppa,83,533,131,22.3,51,-141
ABprppa,84,531,130,22.2,52,201
ABprppa,85,536,125,21.4,53,-857
ABprppa,86,535,127,22.0,52,472
ABprppa,87,538,127,22.0,53,-332
ABprppa,88,540,126,21.2,54,-531
ABprppa,89,543,126,21.1,54,-220
ABprppa,90,536,128,22.0,54,-1331
ABprppa,91,538,126,21.9,54,-1401
ABprppa,92,530,123,21.9,54,-797
ABprppa,93,525,119,21.2,54,321
ABprppa,94,529,125,21.9,54,117
ABprppa,95,525,125,22.2,54,-391
ABprppa,96,528,126,22.1,56,-336
ABprppa,97,532,125,22.0,57,412
ABprppa,98,538,127,22.1,55,-528
ABprppa,99,541,136,22.1,53,958
ABprppa,100,532,134,22.1,54,-426
ABprppa,101,527,130,22.1,54,51
ABprppa,102,523,127,21.9,53,-225
ABprppa,103,519,125,21.1,51,-492
ABprppa,104,508,117,21.0,48,-6
ABprppaa,105,476,92,21.0,46,-172
ABprppaa,106,462,79,20.1,42,-153
ABprppaa,107,465,72,20.0,44,851
ABprppaa,108,463,69,19.9,44,8
ABprppaa,109,454,65,19.1,44,-954
ABprppaa,110,452,63,18.9,44,-156
ABprppaa,111,447,61,18.2,44,-26
ABprppaa,112,455,63,17.9,44,120
ABprppaa,113,451,65,18.0,44,-908
ABprppaa,114,455,67,18.0,44,-201
ABprppaa,115,456,65,17.9,44,-621
ABprppaa,116,451,65,18.0,44,-290
ABprppaa,117,444,64,18.1,44,-1064
ABprppaa,118,437,64,18.0,44,-68
ABprppaa,119,428,62,18.2,44,-453
ABprppaa,120,419,61,18.9,44,-1015
ABprppaa,121,412,61,19.9,44,-282
ABprppaa,122,407,63,19.9,44,-575
ABprppaa,123,399,64,20.1,44,578
ABprppaa,124,398,64,20.9,44,225
ABprppaa,125,388,64,20.1,44,-121
ABprppaa,126,387,61,20.2,44,-529
ABprppaa,127,382,62,20.1,44,710
ABprppaa,128,383,62,20.0,44,-184
ABprppaa,129,382,58,19.0,44,-92
ABprppaa,130,382,62,19.0,43,310
ABprppaa,131,376,62,19.0,43,-256
ABprppaa,132,370,61,19.0,42,-202
ABprppaa,133,365,60,18.0,40,-46
ABprppaa,134,371,61,18.0,39,-514
ABprppaa,135,376,57,17.0,40,-198
ABprppaa,136,383,59,18.0,37,368
ABprppaa,137,385,61,18.0,38,-1018
ABprppaa,138,379,62,18.1,37,-673
ABprppaa,139,381,67,18.2,35,-277
ABprppaa,140,379,68,19.2,41,1013
ABprppaaa,141,366,64,19.2,35,-543
ABprppaaa,142,362,66,19.9,37,-165
ABprppaaa,143,364,61,19.1,37,-373
ABprppaaa,144,368,57,19.0,37,-21
ABprppaaa,145,369,57,19.0,37,179
ABprppaaa,146,370,52,18.1,37,98
ABprppaaa,147,375,59,19.9,37,-414
ABprppaaa,148,374,63,19.8,37,841
ABprppaaa,149,367,64,20.1,37,138
ABprppaaa,150,362,64,21.9,37,-620
ABprppaaa,151,361,64,21.0,37,1090
ABprppaaa,152,361,65,20.1,37,514
ABprppaaa,153,360,65,20.0,37,-413
ABprppaaa,154,360,67,20.0,37,169
ABprppaaa,155,360,67,19.9,37,627
ABprppaaa,156,361,64,19.9,37,-341
ABprppaaa,157,360,63,19.9,37,-1227
ABprppaaa,158,363,64,19.8,37,278
ABprppaaa,159,356,68,20.0,37,1150
ABprppaaa,160,352,73,21.1,37,885
ABprppaaa,161,352,73,21.1,37,375
ABprppaaa,162,348,79,21.9,37,110
ABprppaaa,163,349,81,21.2,39,159
ABprppaaa,164,348,82,21.3,41,244
ABprppaaa,165,343,81,22.0,37,-394
ABprppaaa,166,339,86,22.0,39,706
ABprppaaa,167,337,85,23.0,41,1169
ABprppaaa,168,328,82,23.9,36,-934
ABprppaaa,169,326,87,23.3,40,631
ABprppaaa,170,329,92,24.1,39,671
ABprppaaa,171,329,96,25.1,37,-114
ABprppaaa,172,331,104,25.1,38,677
ABprppaaa,173,334,105,26.0,37,-1011
ABprppaaa,174,331,104,25.1,36,-190
ABprppaaa,175,327,108,25.1,35,478
ABprppaaa,176,335,111,24.3,35,130
ABprppaaa,177,333,112,25.1,35,-35
ABprppaaa,178,336,107,25.1,35,-126
ABprppaaa,179,336,110,24.2,35,-527
ABprppaaa,180,328,106,24.3,35,-416
ABprppaaa,181,326,114,24.1,35,-1314
ABprppaaa,182,318,110,24.1,35,-362
ABprppaaa,183,313,122,23.2,33,-52
ABprppaaa,184,310,120,22.9,31,-1395
ABprppaaaa,185,304,125,23.0,31,112
ABprppaaaa,186,298,131,23.0,31,274
ABprppaaaa,187,296,130,22.2,35,-746
ABprppaaaa,188,296,128,22.1,35,-587
ABprppaaaa,189,293,134,21.2,35,-1646
ABprppaaaa,190,297,128,22.1,35,-634
ABprppaaaa,191,301,129,21.1,35,89
ABprppaaaa,192,305,128,21.1,35,1713
ABprppaaaa,193,305,129,22.1,35,-733
ABprppaaaa,194,305,132,22.1,35,1330
ABprppaaaa,195,309,131,22.1,35,-715
ABprppaaaa,196,308,130,21.0,35,-899
ABprppaaaa,197,308,130,21.0,35,1585
ABprppaaaa,198,304,128,22.1,35,954
ABprppaaaa,199,305,132,22.1,35,-261
ABprppaaaa,200,307,134,22.1,35,-570
ABprppaaaa,201,308,137,23.0,35,-975
ABprppaaaa,202,308,142,22.1,34,664
ABprppaaaa,203,307,141,22.1,34,-194
ABprppaaaa,204,303,140,22.2,34,-95
ABprppaaaa,205,306,141,23.0,29,806
ABprppaaap,185,322,116,22.9,31,493
ABprppaaap,186,329,115,22.2,33,515
ABprppaaap,187,328,121,23.1,33,-19
ABprppaaap,188,326,114,24.2,29,-1151
ABprppaaap,189,322,122,24.1,35,-596
ABprppaaap,190,329,120,24.1,33,-139
ABprppaaap,191,326,120,24.0,33,89
ABprppaaap,192,322,117,24.2,33,831
ABprppaaap,193,325,124,24.1,35,425
ABprppaaap,194,321,124,24.2,35,-1208
ABprppaaap,195,321,118,24.1,35,-495
ABprppaaap,196,324,116,24.3,35,35
ABprppaaap,197,330,114,25.1,33,1109
ABprppaaap,198,329,118,25.1,33,1035
ABprppaaap,199,327,113,25.0,31,-173
ABprppaaap,200,323,107,26.0,31,-329
ABprppaaap,201,321,114,26.9,31,-710
ABprppaaap,202,326,119,26.1,34,-1301
ABprppaaap,203,322,118,26.1,32,-671
ABprppaaap,204,320,116,25.9,30,107
ABprppaaap,205,324,118,26.0,30,371
ABprppaap,141,406,68,20.1,35,-561
ABprppaap,142,404,71,21.0,37,281
ABprppaap,143,406,71,20.1,37,-310
ABprppaap,144,400,77,21.9,37,-533
ABprppaap,145,397,80,22.1,39,30
ABprppaap,146,403,80,23.1,41,809
ABprppaap,147,400,84,23.1,41,-232
ABprppaap,148,394,91,24.0,41,-628
ABprppaap,149,396,90,24.1,41,-835
ABprppaap,150,389,96,24.2,39,-108
ABprppaap,151,388,94,24.2,41,398
ABprppaap,152,390,95,25.0,39,127
ABprppaap,153,384,90,23.1,41,-316
ABprppaap,154,383,89,23.2,41,171
ABprppaap,155,378,89,24.0,39,842
ABprppaap,156,374,88,23.1,37,-819
ABprppaap,157,371,95,22.1,39,1808
ABprppaap,158,373,105,21.1,41,545
ABprppaap,159,371,109,21.1,39,43
ABprppaap,160,371,112,20.1,41,-19
ABprppaap,161,368,113,21.1,41,-436
ABprppaap,162,369,110,21.0,37,-508
ABprppaap,163,366,117,21.2,41,428
ABprppaap,164,367,118,21.2,39,-19
ABprppaap,165,360,120,22.1,41,407
ABprppaap,166,362,121,22.0,41,-995
ABprppaap,167,358,123,22.2,41,-95
ABprppaap,168,357,123,22.1,40,293
ABprppaap,169,360,121,22.2,40,26
ABprppaap,170,368,122,23.1,39,-767
ABprppaap,171,370,123,23.2,39,-717
ABprppaap,172,376,120,24.1,29,590
ABprppaap,173,376,120,24.1,29,1146
ABprppaap,174,378,113,25.0,29,147
ABprppaap,175,380,121,25.1,35,-736
ABprppaap,176,385,128,24.1,34,-804
ABprppaap,177,390,136,23.1,33,-1358
ABprppaap,178,392,140,23.0,35,-33
ABprppaap,179,393,147,23.3,33,-923
ABprppaap,180,395,145,24.0,31,-236
ABprppaap,181,390,138,24.1,35,-710
ABprppaapa,182,368,148,24.9,31,-240
ABprppaapa,183,363,142,24.9,31,-1018
ABprppaapa,184,364,135,24.9,31,-223
ABprppaapa,185,363,139,25.0,31,-1417
ABprppaapa,186,358,134,25.0,31,-179
ABprppaapa,187,362,136,26.0,31,-483
ABprppaapa,188,359,133,25.9,31,-523
ABprppaapa,189,358,135,26.0,31,-1679
ABprppaapa,190,365,138,26.1,31,-1280
ABprppaapa,191,364,137,26.1,33,-1278
ABprppaapa,192,370,137,26.1,31,-837
ABprppaapa,193,369,143,26.2,31,-59
ABprppaapa,194,370,150,26.0,31,-418
ABprppaapa,195,372,146,26.1,31,-469
ABprppaapa,196,374,148,25.9,31,1177
ABprppaapa,197,376,150,25.8,31,-224
ABprppaapa,198,378,152,25.6,31,1854
ABprppaapa,199,381,154,25.5,31,-444
ABprppaapa,200,383,156,25.3,31,-893
ABprppaapa,201,385,158,25.2,31,525
ABprppaapa,202,388,161,25.0,31,-734
ABprppaapa,203,388,161,25.0,31,-807
ABprppaapa,204,388,161,25.0,31,-104
ABprppaapa,205,388,161,25.0,31,-196
ABprppaapp,182,415,136,25.0,31,1057
ABprppaapp,183,411,137,24.0,27,793
ABprppaapp,184,410,137,24.4,27,-945
ABprppaapp,185,409,138,24.8,28,-949
ABprppaapp,186,408,139,25.2,29,-558
ABprppaapp,187,407,140,25.6,30,763
ABprppaapp,188,406,141,26.0,31,114
ABprppaapp,189,399,142,26.1,27,2892
ABprppaapp,190,400,140,26.0,31,-56
ABprppaapp,191,404,145,26.0,31,-573
ABprppaapp,192,405,143,26.1,31,-649
ABprppaapp,193,403,143,26.1,31,-331
ABprppaapp,194,404,144,26.1,31,393
ABprppaapp,195,406,145,26.1,30,-810
ABprppaapp,196,408,146,26.1,29,124
ABprppaapp,197,410,147,26.0,29,-21
ABprppaapp,198,412,148,26.0,28,296
ABprppaapp,199,414,149,26.0,27,370
ABprppaapp,200,415,153,26.2,27,-504
ABprppaapp,201,416,157,26.3,28,28
ABprppaapp,202,417,161,26.5,29,867
ABprppaapp,203,418,165,26.7,29,95
ABprppaapp,204,419,169,26.8,30,202
ABprppaapp,205,421,173,27.0,31,-727
ABprppap,105,514,117,20.0,42,422
ABprppap,106,507,111,19.9,44,691
ABprppap,107,511,113,19.9,44,-520
ABprppap,108,517,113,19.0,44,-1143
ABprppap,109,521,116,19.1,44,-559
ABprppap,110,523,111,19.9,44,201
ABprppap,111,520,113,19.9,44,-518
ABprppap,112,515,110,19.1,44,-716
ABprppap,113,511,108,19.9,44,-95
ABprppap,114,513,107,19.2,44,-322
ABprppap,115,509,107,19.1,44,321
ABprppap,116,505,101,20.0,44,-121
ABprppap,117,498,98,20.1,44,820
ABprppap,118,485,93,21.0,44,-460
ABprppap,119,475,99,21.0,44,-204
ABprppap,120,461,106,20.0,44,-889
ABprppap,121,454,103,20.0,44,103
ABprppap,122,443,106,19.9,44,696
ABprppap,123,432,112,20.0,44,-100
ABprppap,124,433,106,20.0,44,-745
ABprppap,125,431,97,20.0,44,-176
ABprppap,126,427,97,20.0,46,-468
ABprppap,127,422,93,20.0,44,-395
ABprppap,128,425,91,19.9,44,-279
ABprppap,129,424,86,20.0,44,108
ABprppap,130,424,79,20.9,43,-259
ABprppap,131,418,75,19.3,47,65
ABprppap,132,408,75,19.9,42,-93
ABprppap,133,402,79,20.0,40,-741
ABprppap,134,408,84,18.9,39,-876
ABprppap,135,415,79,18.0,38,-562
ABprppap,136,429,93,18.1,33,-1084
ABprppap,137,434,94,18.1,38,-483
ABprppapa,138,409,99,18.2,33,-397
ABprppapa,139,406,107,18.1,37,528
ABprppapa,140,408,109,19.0,37,-1013
ABprppapa,141,403,114,18.3,41,334
ABprppapa,142,403,110,18.4,41,-1318
ABprppapa,143,404,115,19.1,41,-570
ABprppapa,144,408,119,19.1,37,187
ABprppapa,145,406,117,20.0,37,-1146
ABprppapa,146,407,118,19.4,39,645
ABprppapa,147,409,119,20.0,39,-600
ABprppapa,148,404,124,19.9,37,-326
ABprppapa,149,401,125,20.0,39,-244
ABprppapa,150,397,121,20.0,37,751
ABprppapa,151,397,120,19.9,37,2263
ABprppapa,152,396,113,20.0,37,743
ABprppapa,153,395,110,20.0,37,-352
ABprppapa,154,396,110,19.3,39,456
ABprppapa,155,399,111,19.3,41,199
ABprppapa,156,396,108,18.9,37,-901
ABprppapa,157,393,103,17.4,39,947
ABprppapa,158,393,102,17.4,39,-1798
ABprppapa,159,389,105,17.3,39,774
ABprppapa,160,385,103,17.2,39,39
ABprppapa,161,379,102,17.4,39,-668
ABprppapa,162,377,98,18.1,39,-868
ABprppapa,163,374,96,18.2,41,1461
ABprppapa,164,376,90,18.9,37,-155
ABprppapa,165,372,91,19.1,39,467
ABprppapa,166,372,95,19.0,39,937
ABprppapa,167,365,88,20.0,37,-294
ABprppapa,168,363,89,20.1,40,427
ABprppapa,169,361,92,20.1,40,-103
ABprppapa,170,364,90,21.1,39,-820
ABprppapa,171,369,91,22.0,39,-1363
ABprppapa,172,366,96,22.0,38,-270
ABprppapa,173,372,92,22.0,37,-408
ABprppapa,174,372,98,23.0,36,-109
ABprppapa,175,375,101,23.1,35,-792
ABprppapa,176,376,104,22.2,35,123
ABprppapa,177,377,102,23.1,35,174
ABprppapa,178,375,101,22.9,31,-208
ABprppapa,179,375,106,22.9,31,-672
ABprppapaa,180,363,105,22.9,31,-212
ABprppapaa,181,361,103,23.1,31,-696
ABprppapaa,182,358,106,23.1,31,-79
ABprppapaa,183,355,111,22.2,35,-332
ABprppapaa,184,353,102,23.0,31,-303
ABprppapaa,185,355,103,22.2,33,-630
ABprppapaa,186,356,99,22.0,35,-10
ABprppapaa,187,355,102,22.3,35,-1009
ABprppapaa,188,356,98,22.2,35,-710
ABprppapaa,189,354,102,23.2,35,849
ABprppapaa,190,353,95,24.0,35,-1100
ABprppapaa,191,354,102,24.1,35,1248
ABprppapaa,192,356,102,24.1,35,1400
ABprppapaa,193,354,108,24.2,35,978
ABprppapaa,194,354,109,24.1,35,-11
ABprppapaa,195,350,107,24.1,35,310
ABprppapaa,196,353,106,24.0,33,417
ABprppapaa,197,353,102,24.0,35,642
ABprppapaa,198,358,108,24.1,35,-729
ABprppapaa,199,355,109,24.1,35,573
ABprppapaa,200,352,109,24.3,33,-230
ABprppapaa,201,354,110,25.1,33,-518
ABprppapaa,202,355,115,25.0,32,403
ABprppapaa,203,355,108,24.2,34,602
ABprppapaa,204,350,109,25.0,32,-195
ABprppapaa,205,352,108,25.1,30,1009
ABprppapap,180,396,92,22.1,31,-336
ABprppapap,181,401,89,23.0,31,-1219
ABprppapap,182,396,90,23.0,31,-672
ABprppapap,183,391,94,23.2,33,183
ABprppapap,184,387,99,24.1,35,1612
ABprppapap,185,387,99,24.2,35,-360
ABprppapap,186,386,97,25.0,35,-97
ABprppapap,187,393,100,24.2,35,-934
ABprppapap,188,391,100,24.2,35,-1047
ABprppapap,189,388,95,24.1,35,-84
ABprppapap,190,395,96,24.2,35,1
ABprppapap,191,390,101,24.3,33,49
ABprppapap,192,393,96,24.2,35,-902
ABprppapap,193,390,98,24.2,35,946
ABprppapap,194,391,107,25.1,35,1011
ABprppapap,195,389,101,24.3,35,1148
ABprppapap,196,389,103,24.0,35,-611
ABprppapap,197,388,101,23.2,33,194
ABprppapap,198,395,104,24.1,35,-830
ABprppapap,199,394,103,24.1,35,-54
ABprppapap,200,390,108,24.1,33,120
ABprppapap,201,392,110,25.0,35,562
ABprppapap,202,396,114,25.0,30,83
ABprppapap,203,394,111,24.2,34,-1276
ABprppapap,204,391,114,24.2,32,-775
ABprppapap,205,396,115,25.1,32,1161
ABprppapp,138,453,91,17.9,37,-703
ABprppapp,139,453,95,17.4,35,-629
ABprppapp,140,458,95,17.9,37,-1268
ABprppapp,141,461,102,18.0,37,534
ABprppapp,142,466,106,18.1,37,-91
ABprppapp,143,467,109,18.0,37,200
ABprppapp,144,469,109,18.1,41,13
ABprppapp,145,468,104,18.1,39,105
ABprppapp,146,462,108,18.2,39,-318
ABprppapp,147,459,110,18.2,39,396
ABprppapp,148,454,110,18.9,37,1088
ABprppapp,149,448,109,18.9,37,-151
ABprppapp,150,443,106,19.0,37,-1454
ABprppapp,151,440,109,18.2,39,-316
ABprppapp,152,445,111,19.1,41,1109
ABprppapp,153,446,111,19.1,39,-285
ABprppapp,154,442,110,19.1,41,-240
ABprppapp,155,446,109,19.1,41,-137
ABprppapp,156,442,105,19.0,37,319
ABprppapp,157,438,108,19.0,41,17
ABprppapp,158,443,108,18.2,39,-727
ABprppapp,159,437,109,18.1,37,-272
ABprppapp,160,434,110,18.9,37,691
ABprppapp,161,429,110,18.1,41,-92
ABprppapp,162,434,109,18.1,41,213
ABprppapp,163,430,104,18.1,39,473
ABprppapp,164,427,100,18.2,39,-635
ABprppapp,165,425,99,19.2,41,-216
ABprppapp,166,422,98,19.1,39,11
ABprppapp,167,422,99,19.2,41,442
ABprppapp,168,414,102,20.1,40,-307
ABprppapp,169,415,101,20.2,40,776
ABprppapp,170,412,95,20.1,39,-98
ABprppapp,171,417,92,20.1,39,-91
ABprppapp,172,417,93,20.2,38,179
ABprppapp,173,422,96,21.1,37,1571
ABprppapp,174,425,93,21.2,36,-573
ABprppapp,175,430,92,21.1,35,203
ABprppapp,176,435,94,21.1,35,-392
ABprppapp,177,434,96,21.1,35,62
ABprppapp,178,432,103,22.0,35,-964
ABprppapp,179,435,107,22.1,33,1560
ABprppapp,180,435,109,22.9,31,1013
ABprppapp,181,437,108,22.0,31,238
ABprppappa,182,423,100,22.1,31,-391
ABprppappa,183,422,94,22.1,31,-510
ABprppappa,184,418,92,22.9,31,1039
ABprppappa,185,420,92,22.2,35,-913
ABprppappa,186,421,86,22.2,33,-631
ABprppappa,187,424,89,22.3,35,-448
ABprppappa,188,422,85,22.3,35,-515
ABprppappa,189,421,88,23.2,35,-574
ABprppappa,190,427,90,23.1,35,465
ABprppappa,191,427,92,23.2,35,-219
ABprppappa,192,428,91,23.2,35,1368
ABprppappa,193,426,98,24.1,35,771
ABprppappa,194,428,101,24.1,35,234
ABprppappa,195,427,107,24.2,35,-501
ABprppappa,196,428,103,23.3,33,292
ABprppappa,197,428,102,23.2,33,199
ABprppappa,198,429,112,23.2,35,220
ABprppappa,199,428,116,23.1,33,-467
ABprppappa,200,426,121,23.1,33,-1204
ABprppappa,201,425,120,23.0,31,715
ABprppappa,202,428,124,23.2,34,-204
ABprppappa,203,425,124,23.9,30,-1170
ABprppappa,204,423,118,24.0,30,-1108
ABprppappa,205,423,118,24.0,30,384
ABprppappp,182,457,112,22.1,31,79
ABprppappp,183,467,109,22.1,31,-460
ABprppappp,184,466,109,23.0,31,-623
ABprppappp,185,469,105,22.9,31,1970
ABprppappp,186,470,108,23.0,35,504
ABprppappp,187,475,113,23.9,31,1875
ABprppappp,188,475,102,23.4,35,-1452
ABprppappp,189,470,100,23.2,35,220
ABprppappp,190,467,102,24.1,35,1122
ABprppappp,191,465,101,25.0,35,-608
ABprppappp,192,465,101,24.2,35,604
ABprppappp,193,467,101,24.1,35,25
ABprppappp,194,466,107,24.1,35,220
ABprppappp,195,466,105,25.0,35,-57
ABprppappp,196,466,106,24.1,35,1291
ABprppappp,197,468,102,24.1,35,-957
ABprppappp,198,469,102,23.2,33,32
ABprppappp,199,465,115,24.1,35,-222
ABprppappp,200,466,116,23.2,35,816
ABprppappp,201,466,122,23.1,35,154
ABprppappp,202,463,128,23.1,34,-356
ABprppappp,203,460,128,23.1,34,-375
ABprppappp,204,461,124,22.1,34,-1285
ABprppappp,205,457,123,23.0,34,-784
ABprppp,78,557,193,21.1,40,-322
ABprppp,79,566,193,21.1,37,-175
ABprppp,80,575,188,21.1,51,272
ABprppp,81,578,191,21.9,49,-769
ABprppp,82,578,205,22.0,53,-785
ABprppp,83,580,208,22.1,53,-1199
ABprppp,84,582,210,21.3,52,194
ABprppp,85,579,214,21.9,51,-829
ABprppp,86,583,205,21.9,52,-364
ABprppp,87,584,198,20.9,53,-160
ABprppp,88,580,199,21.0,54,99
ABprppp,89,584,200,20.1,54,-879
ABprppp,90,579,196,20.9,54,-81
ABprppp,91,569,188,20.9,54,-1122
ABprppp,92,568,184,21.1,54,2
ABprppp,93,566,184,21.1,54,638
ABprppp,94,563,188,21.1,54,106
ABprppp,95,565,190,21.1,54,162
ABprppp,96,569,194,21.0,54,-689
ABprppp,97,574,195,20.1,53,451
ABprppp,98,568,202,20.9,53,-414
ABprppp,99,570,204,20.1,53,103
ABprppp,100,568,203,20.0,54,-459
ABprppp,101,571,196,20.1,56,-384
ABprppp,102,560,184,20.9,53,-441
ABprppp,103,570,192,21.0,51,-237
ABprpppa,104,561,167,20.9,48,30
ABprpppa,105,562,155,20.2,46,849
ABprpppa,106,562,145,19.9,44,-233
ABprpppa,107,566,143,20.0,44,256
ABprpppa,108,568,140,20.9,44,-509
ABprpppa,109,565,137,21.0,44,-908
ABprpppa,110,566,139,20.9,44,-633
ABprpppa,111,566,141,20.9,44,403
ABprpppa,112,564,137,20.8,44,-180
ABprpppa,113,560,132,20.1,44,-176
ABprpppa,114,559,132,20.1,44,-830
ABprpppa,115,555,124,19.9,44,-127
ABprpppa,116,549,120,20.1,44,-108
ABprpppa,117,546,118,20.1,44,-38
ABprpppa,118,538,112,21.0,44,-621
ABprpppa,119,530,108,20.9,44,403
ABprpppa,120,516,101,21.1,44,922
ABprpppa,121,508,99,21.1,44,-903
ABprpppa,122,494,96,22.0,44,-542
ABprpppa,123,483,95,22.1,46,50
ABprpppa,124,481,94,22.0,44,-931
ABprpppa,125,476,93,22.1,44,252
ABprpppa,126,475,93,22.0,44,-1004
ABprpppa,127,468,87,22.1,44,-558
ABprpppa,128,470,88,21.3,46,-482
ABprpppa,129,466,89,22.0,44,834
ABprpppa,130,464,92,22.2,45,-4
ABprpppa,131,456,90,22.0,43,-106
ABprpppa,132,449,83,22.0,42,-763
ABprpppa,133,452,90,21.1,40,-525
ABprpppa,134,461,93,21.0,37,-323
ABprpppaa,135,459,85,21.0,38,-652
ABprpppaa,136,468,86,21.0,39,-510
ABprpppaa,137,476,86,21.1,38,77
ABprpppaa,138,462,80,21.1,41,695
ABprpppaa,139,449,80,21.2,41,337
ABprpppaa,140,444,81,21.9,37,1322
ABprpppaa,141,445,81,22.1,39,-665
ABprpppaa,142,444,80,21.3,39,-1446
ABprpppaa,143,443,77,21.3,41,633
ABprpppaa,144,443,77,21.3,41,341
ABprpppaa,145,438,72,21.1,37,471
ABprpppaa,146,433,71,20.2,41,233
ABprpppaa,147,425,71,20.9,37,-252
ABprpppaa,148,420,72,21.0,37,-363
ABprpppaa,149,411,72,20.2,39,275
ABprpppaa,150,401,74,20.1,37,-943
ABprpppaa,151,406,75,21.0,37,-374
ABprpppaa,152,408,76,21.0,37,-654
ABprpppaa,153,404,75,20.1,39,888
ABprpppaa,154,409,74,20.0,37,782
ABprpppaa,155,411,80,20.1,39,-446
ABprpppaa,156,411,83,20.0,37,-1119
ABprpppaa,157,407,85,19.2,41,453
ABprpppaa,158,410,87,20.1,39,-395
ABprpppaa,159,410,90,20.1,41,-2
ABprpppaa,160,403,86,19.2,41,-596
ABprpppaa,161,408,84,19.9,37,-466
ABprpppaa,162,412,85,19.9,37,-417
ABprpppaa,163,412,82,20.1,37,-963
ABprpppaa,164,415,75,21.0,39,-974
ABprpppaa,165,413,85,21.1,29,236
ABprpppaa,166,421,87,22.1,29,-1513
ABprpppaa,167,413,92,21.0,29,-687
ABprpppaa,168,398,82,22.1,40,665
ABprpppaa,169,395,79,23.1,40,1390
ABprpppaa,170,399,84,24.0,39,-182
ABprpppaa,171,410,83,23.0,29,699
ABprpppaa,172,415,86,23.0,29,-1892
ABprpppaa,173,420,90,23.0,29,166
ABprpppaa,174,426,94,23.0,29,-718
ABprpppaa,175,434,98,24.1,31,1819
ABprpppaaa,176,422,103,25.0,29,-347
ABprpppaaa,177,416,100,25.9,31,-219
ABprpppaaa,178,417,96,26.0,31,-131
ABprpppaaa,179,419,102,25.1,29,485
ABprpppaaa,180,427,105,25.1,29,432
ABprpppaaa,181,427,105,25.1,29,-1297
ABprpppaaa,182,433,107,26.1,35,273
ABprpppaaa,183,432,109,26.1,35,637
ABprpppaaa,184,429,108,26.1,35,545
ABprpppaaa,185,426,103,25.0,35,356
ABprpppaaa,186,437,112,26.0,35,314
ABprpppaaa,187,433,115,26.1,35,-1345
ABprpppaaa,188,437,116,26.0,33,46
ABprpppaaa,189,426,115,26.1,35,1157
ABprpppaaa,190,430,126,26.1,35,-1192
ABprpppaaa,191,432,133,27.0,31,-923
ABprpppaaa,192,431,130,27.0,31,67
ABprpppaaa,193,433,133,27.0,31,-316
ABprpppaaa,194,441,133,27.0,31,87
ABprpppaaa,195,441,129,27.0,35,-407
ABprpppaaa,196,446,127,27.0,31,259
ABprpppaaa,197,446,126,26.1,35,-529
ABprpppaaa,198,449,125,26.2,35,71
ABprpppaaa,199,448,129,26.2,31,132
ABprpppaaa,200,447,134,26.1,27,668
ABprpppaaa,201,449,134,25.7,27,-628
ABprpppaaa,202,451,134,25.4,28,1529
ABprpppaaa,203,454,133,25.0,29,-963
ABprpppaaa,204,454,133,25.0,29,115
ABprpppaaa,205,447,136,25.0,29,662
ABprpppaap,176,448,111,25.9,31,-844
ABprpppaap,177,459,111,26.0,31,-567
ABprpppaap,178,461,111,25.9,31,1170
ABprpppaap,179,461,116,25.3,33,-869
ABprpppaap,180,463,121,25.4,33,-512
ABprpppaap,181,468,121,26.1,33,1222
ABprpppaap,182,475,125,25.2,33,825
ABprpppaap,183,477,121,25.2,35,-948
ABprpppaap,184,474,119,26.0,35,-399
ABprpppaap,185,476,123,26.0,35,-367
ABprpppaap,186,473,126,26.1,35,-293
ABprpppaap,187,475,130,26.0,35,145
ABprpppaap,188,474,126,26.2,35,-233
ABprpppaap,189,470,128,27.0,35,-529
ABprpppaap,190,473,136,27.1,35,-887
ABprpppaap,191,473,139,27.1,31,698
ABprpppaap,192,468,137,27.1,35,2444
ABprpppaap,193,469,137,27.1,31,660
ABprpppaap,194,476,139,27.0,35,25
ABprpppaap,195,475,141,27.0,35,343
ABprpppaap,196,476,139,27.0,33,410
ABprpppaap,197,478,137,26.2,33,198
ABprpppaap,198,484,136,26.2,35,-647
ABprpppaap,199,482,132,26.1,35,-501
ABprpppaap,200,482,132,24.1,29,-1836
ABprpppaap,201,481,132,25.1,29,422
ABprpppaap,202,483,141,25.0,34,-275
ABprpppaap,203,482,142,26.1,34,-164
ABprpppaap,204,483,134,25.1,34,1205
ABprpppaap,205,484,134,25.1,34,924
ABprpppap,135,479,94,18.3,29,1261
ABprpppap,136,492,96,17.3,39,-670
ABprpppap,137,491,93,17.9,38,532
ABprpppap,138,493,89,17.9,37,622
ABprpppap,139,492,86,18.0,37,-577
ABprpppap,140,497,85,17.9,37,573
ABprpppap,141,501,85,17.8,37,552
ABprpppap,142,496,85,18.0,37,249
ABprpppap,143,498,87,18.0,37,607
ABprpppap,144,495,81,18.1,39,-958
ABprpppap,145,492,77,18.1,37,-359
ABprpppap,146,489,78,18.1,41,-313
ABprpppap,147,480,74,18.0,39,-1228
ABprpppap,148,469,72,18.2,41,161
ABprpppap,149,460,72,20.0,41,500
ABprpppap,150,450,70,20.0,37,101
ABprpppap,151,455,75,20.1,41,-368
ABprpppap,152,458,77,20.3,41,-50
ABprpppap,153,453,71,20.2,41,-788
ABprpppap,154,455,72,20.2,41,274
ABprpppap,155,456,71,20.2,41,1776
ABprpppap,156,452,66,19.3,39,-187
ABprpppap,157,451,67,20.0,41,-150
ABprpppap,158,452,65,19.2,39,-324
ABprpppap,159,452,65,20.2,41,-357
ABprpppap,160,444,67,22.0,39,-97
ABprpppap,161,445,71,22.2,41,30
ABprpppap,162,453,77,22.3,41,207
ABprpppap,163,458,82,23.1,41,85
ABprpppap,164,471,87,22.1,41,-179
ABprpppap,165,477,94,23.1,41,-624
ABprpppap,166,477,99,23.1,41,-845
ABprpppap,167,477,99,23.1,41,-131
ABprpppap,168,474,99,23.6,40,-133
ABprpppap,169,471,98,24.1,38,-34
ABprpppap,170,474,101,24.0,39,-403
ABprpppap,171,477,98,23.0,39,39
ABprpppap,172,479,99,23.1,36,-562
ABprpppap,173,487,112,24.0,37,-232
ABprpppap,174,484,114,24.0,34,-1209
ABprpppap,175,488,119,24.0,31,112
ABprpppap,176,497,123,24.1,31,-46
ABprpppapa,177,505,115,24.0,31,-509
ABprpppapa,178,506,117,24.3,32,613
ABprpppapa,179,507,120,24.7,33,1501
ABprpppapa,180,509,123,25.0,35,612
ABprpppapa,181,509,125,25.0,33,574
ABprpppapa,182,512,121,24.2,35,-1255
ABprpppapa,183,517,124,24.1,35,-950
ABprpppapa,184,519,127,23.1,35,1139
ABprpppapa,185,518,125,24.1,35,-767
ABprpppapa,186,515,127,24.2,35,-751
ABprpppapa,187,519,141,25.1,35,-464
ABprpppapa,188,514,143,25.1,35,-408
ABprpppapa,189,513,146,25.1,35,-671
ABprpppapa,190,511,154,26.0,35,-403
ABprpppapa,191,516,153,25.3,35,-320
ABprpppapa,192,513,158,26.0,35,-682
ABprpppapa,193,510,154,26.1,35,840
ABprpppapa,194,514,155,26.1,35,57
ABprpppapa,195,513,152,26.0,35,158
ABprpppapa,196,515,142,25.1,35,-45
ABprpppapa,197,516,142,25.1,35,-772
ABprpppapa,198,523,144,25.1,33,102
ABprpppapa,199,520,148,25.2,33,-80
ABprpppapa,200,520,153,25.1,35,38
ABprpppapa,201,518,152,25.1,35,112
ABprpppapa,202,513,152,25.2,30,110
ABprpppapa,203,524,151,25.1,34,-1352
ABprpppapa,204,519,146,25.0,34,-189
ABprpppapa,205,518,148,25.0,32,-318
ABprpppapp,177,510,150,23.1,31,1773
ABprpppapp,178,514,153,24.0,33,810
ABprpppapp,179,518,157,23.2,33,320
ABprpppapp,180,518,157,23.3,33,1938
ABprpppapp,181,523,159,24.0,33,-835
ABprpppapp,182,529,157,23.9,31,-303
ABprpppapp,183,531,162,23.1,35,843
ABprpppapp,184,527,162,23.2,33,1262
ABprpppapp,185,530,157,23.1,31,567
ABprpppapp,186,529,155,23.3,35,-640
ABprpppapp,187,529,163,24.2,35,-1243
ABprpppapp,188,529,165,25.0,33,-555
ABprpppapp,189,531,168,25.1,35,-1392
ABprpppapp,190,536,168,26.1,33,-202
ABprpppapp,191,538,171,26.0,35,709
ABprpppapp,192,538,176,26.0,31,306
ABprpppapp,193,542,170,26.1,33,1041
ABprpppapp,194,543,172,26.1,31,483
ABprpppapp,195,542,170,26.0,35,-1147
ABprpppapp,196,537,168,25.9,31,1413
ABprpppapp,197,537,169,26.1,31,35
ABprpppapp,198,535,174,25.1,33,-1720
ABprpppapp,199,539,177,26.0,31,263
ABprpppapp,200,541,179,25.2,35,-818
ABprpppapp,201,543,176,25.2,31,819
ABprpppapp,202,541,172,25.1,30,645
ABprpppapp,203,544,172,25.1,30,1142
ABprpppapp,204,534,171,25.8,30,-444
ABprpppapp,205,532,177,26.0,30,-385
ABprpppp,104,575,211,20.9,48,-317
ABprpppp,105,577,205,20.1,46,-477
ABprpppp,106,572,204,20.9,44,523
ABprpppp,107,568,212,21.0,44,-519
ABprpppp,108,573,214,21.1,44,985
ABprpppp,109,571,213,21.9,44,-558
ABprpppp,110,568,210,22.1,46,499
ABprpppp,111,560,202,23.0,44,-172
ABprpppp,112,563,197,23.0,44,-1305
ABprpppp,113,557,192,23.1,44,802
ABprpppp,114,550,191,23.1,44,-622
ABprpppp,115,547,187,23.0,44,-651
ABprpppp,116,543,186,23.9,44,-323
ABprpppp,117,536,179,23.9,44,866
ABprpppp,118,535,171,24.1,44,-590
ABprpppp,119,530,165,24.1,44,811
ABprpppp,120,525,156,24.1,46,-324
ABprpppp,121,519,151,24.1,46,277
ABprpppp,122,519,147,24.1,46,224
ABprpppp,123,513,142,24.1,44,-852
ABprpppp,124,512,140,24.0,46,119
ABprpppp,125,512,137,23.2,46,-292
ABprpppp,126,515,130,24.0,46,-211
ABprpppp,127,511,123,23.0,44,17
ABprpppp,128,510,119,22.9,44,-137
ABprpppp,129,507,124,22.0,44,437
ABprpppp,130,509,123,22.0,43,2
ABprpppp,131,502,117,22.0,45,-487
ABprpppp,132,495,111,22.0,42,-425
ABprpppp,133,505,105,22.0,40,-646
ABprpppp,134,505,111,21.0,39,768
ABprpppp,135,514,113,21.0,42,-300
ABprppppa,136,508,107,20.1,29,-1396
ABprppppa,137,512,104,20.1,29,-1079
ABprppppa,138,500,104,21.0,37,229
ABprppppa,139,493,99,21.0,37,-112
ABprppppa,140,496,96,21.1,37,-661
ABprppppa,141,490,100,22.1,39,-60
ABprppppa,142,486,102,22.1,41,-590
ABprppppa,143,483,102,22.0,37,628
ABprppppa,144,476,105,22.2,39,881
ABprppppa,145,473,101,22.1,39,-413
ABprppppa,146,465,101,23.0,41,768
ABprppppa,147,458,102,23.1,39,-274
ABprppppa,148,452,102,23.9,37,83
ABprppppa,149,448,107,24.0,41,-289
ABprppppa,150,440,108,24.0,37,426
ABprppppa,151,437,109,24.1,41,-74
ABprppppa,152,443,109,24.1,41,703
ABprppppa,153,437,111,24.0,41,142
ABprppppa,154,439,111,23.1,41,-61
ABprppppa,155,436,115,23.1,41,-34
ABprppppa,156,435,114,23.1,41,-1010
ABprppppa,157,434,116,22.1,41,958
ABprppppa,158,443,114,23.1,41,-348
ABprppppa,159,435,117,23.1,41,-844
ABprppppa,160,434,115,23.1,39,127
ABprppppa,161,432,115,23.0,39,-1268
ABprppppa,162,428,114,23.2,41,8
ABprppppa,163,428,121,23.1,41,-190
ABprppppa,164,424,124,24.1,41,-233
ABprppppa,165,424,121,24.1,41,-174
ABprppppa,166,422,120,23.1,39,-347
ABprppppa,167,421,125,24.1,41,-131
ABprppppa,168,410,126,24.0,40,171
ABprppppa,169,413,117,23.0,40,161
ABprppppa,170,410,122,24.0,35,-462
ABprppppa,171,424,126,25.0,35,158
ABprppppa,172,421,129,26.0,34,328
ABprppppaa,173,418,136,26.0,31,-462
ABprppppaa,174,420,139,26.2,31,-1062
ABprppppaa,175,423,142,26.4,31,201
ABprppppaa,176,425,145,26.6,31,666
ABprppppaa,177,428,148,26.8,31,-629
ABprppppaa,178,431,151,27.0,31,868
ABprppppaa,179,432,153,26.9,31,172
ABprppppaa,180,434,155,26.7,31,1195
ABprppppaa,181,435,157,26.6,31,-8
ABprppppaa,182,437,159,26.4,31,-583
ABprppppaa,183,438,161,26.3,31,-475
ABprppppaa,184,440,163,26.1,31,1087
ABprppppaa,185,442,165,26.0,31,-71
ABprppppaa,186,437,165,26.1,31,-566
ABprppppaa,187,434,164,27.0,27,287
ABprppppaa,188,434,166,26.8,28,-79
ABprppppaa,189,433,168,26.6,29,1213
ABprppppaa,190,432,170,26.3,30,22
ABprppppaa,191,431,173,26.1,31,668
ABprppppaa,192,431,176,25.0,31,1296
ABprppppaa,193,431,176,25.0,31,183
ABprppppaa,194,430,176,25.6,31,-206
ABprppppaa,195,429,175,26.1,31,270
ABprppppaa,196,436,174,25.9,31,337
ABprppppaa,197,438,173,25.9,30,-266
ABprppppaa,198,440,172,26.0,29,761
ABprppppaa,199,442,171,26.0,28,457
ABprppppaa,200,444,169,26.0,27,-376
ABprppppaa,201,446,173,26.0,31,-555
ABprppppaa,202,446,174,25.8,31,-38
ABprppppaa,203,446,176,25.7,31,180
ABprppppaa,204,447,177,25.5,31,143
ABprppppaa,205,447,179,25.4,31,-347
ABprppppap,173,455,147,26.1,27,519
ABprppppap,174,460,155,26.1,32,87
ABprppppap,175,467,153,26.1,31,469
ABprppppap,176,470,161,26.1,31,696
ABprppppap,177,474,160,26.1,31,282
ABprppppap,178,485,158,25.9,31,-347
ABprppppap,179,481,165,26.1,27,398
ABprppppap,180,481,164,26.1,29,-870
ABprppppap,181,479,168,26.1,33,-766
ABprppppap,182,479,168,26.1,33,-43
ABprppppap,183,491,160,26.0,31,451
ABprppppap,184,488,159,26.0,31,-41
ABprppppap,185,487,160,25.1,33,1674
ABprppppap,186,483,158,27.0,31,120
ABprppppap,187,484,171,26.1,35,-883
ABprppppap,188,480,170,26.1,35,578
ABprppppap,189,473,168,25.2,33,1668
ABprppppap,190,473,175,26.1,35,-162
ABprppppap,191,472,177,27.0,27,391
ABprppppap,192,474,180,26.9,31,364
ABprppppap,193,476,180,27.0,27,-829
ABprppppap,194,478,180,26.2,31,-526
ABprppppap,195,476,178,26.2,30,-1345
ABprppppap,196,474,176,26.1,29,-1079
ABprppppap,197,472,174,26.1,27,22
ABprppppap,198,482,172,26.0,31,97
ABprppppap,199,481,170,26.3,30,-1853
ABprppppap,200,480,168,26.6,29,1005
ABprppppap,201,478,165,26.9,27,-342
ABprppppap,202,481,175,26.0,32,196
ABprppppap,203,482,173,26.0,27,-1429
ABprppppap,204,482,172,26.0,27,1288
ABprppppap,205,481,171,26.0,27,746
ABprppppp,136,541,137,23.0,37,1209
ABprppppp,137,538,135,23.1,38,252
ABprppppp,138,528,135,24.0,37,-360
ABprppppp,139,520,135,24.9,37,-641
ABprppppp,140,517,141,25.1,39,-34
ABprppppp,141,510,140,25.2,39,-624
ABprppppp,142,504,142,26.0,41,97
ABprppppp,143,493,137,26.1,39,-178
ABprppppp,144,487,139,26.2,39,1246
ABprppppp,145,479,139,26.1,41,727
ABprppppp,146,480,137,26.2,39,140
ABprppppp,147,475,136,26.1,41,279
ABprppppp,148,465,136,26.1,41,-103
ABprppppp,149,468,144,26.2,41,-1116
ABprppppp,150,466,146,26.2,39,-122
ABprppppp,151,464,150,26.1,41,-203
ABprppppp,152,462,149,26.3,39,118
ABprppppp,153,447,140,26.1,41,768
ABprppppp,154,442,141,27.0,37,1528
ABprppppp,155,439,140,25.1,29,315
ABprppppp,156,444,140,26.1,41,908
ABprppppp,157,446,148,26.2,41,513
ABprppppp,158,446,146,26.1,41,1179
ABprppppp,159,447,152,26.1,29,-309
ABprppppp,160,450,153,26.3,30,33
ABprppppp,161,453,154,26.5,32,-67
ABprppppp,162,457,155,26.7,33,-987
ABprppppp,163,460,156,26.9,35,-75
ABprppppp,164,464,158,27.1,37,-725
ABprppppp,165,464,162,27.1,37,512
ABprppppp,166,464,167,27.1,37,716
ABprppppp,167,464,171,27.1,37,-300
ABprppppp,168,465,176,27.1,36,485
ABprppppp,169,465,176,27.1,36,1537
ABprppppp,170,463,168,27.0,27,-752
ABprppppp,171,465,167,26.1,29,-1481
ABprppppp,172,482,170,26.2,29,1414
ABprppppp,173,494,180,26.2,35,449
ABprppppp,174,496,186,26.0,36,428
ABprppppp,175,500,186,25.2,33,-271
ABprppppp,176,510,189,25.9,31,-1148
ABprpppppa,177,494,188,26.1,27,659
ABprpppppa,178,494,188,26.1,27,-793
ABprpppppa,179,504,195,26.1,33,337
ABprpppppa,180,506,191,26.1,33,-137
ABprpppppa,181,508,193,26.1,33,548
ABprpppppa,182,515,191,27.0,31,-1348
ABprpppppa,183,509,189,27.0,31,935
ABprpppppa,184,511,194,27.0,31,-1262
ABprpppppa,185,509,200,27.0,31,876
ABprpppppa,186,512,199,26.9,31,-194
ABprpppppa,187,506,200,27.0,31,-1240
ABprpppppa,188,502,207,27.1,27,-416
ABprpppppa,189,504,212,26.1,31,416
ABprpppppa,190,496,221,26.1,31,-1303
ABprpppppa,191,498,219,25.3,33,-1205
ABprpppppa,192,495,217,25.1,31,1285
ABprpppppa,193,499,213,24.1,31,-1243
ABprpppppa,194,496,217,24.1,31,-323
ABprpppppa,195,497,216,24.0,31,-391
ABprpppppa,196,491,218,24.0,27,-1020
ABprpppppa,197,483,216,23.9,31,-409
ABprpppppa,198,480,216,23.9,29,-14
ABprpppppa,199,477,216,23.9,27,-365
ABprpppppa,200,481,223,24.0,27,-1411
ABprpppppa,201,479,224,23.9,27,-557
ABprpppppa,202,481,225,23.9,30,-534
ABprpppppa,203,481,225,23.9,30,459
ABprpppppa,204,481,219,25.0,29,-1238
ABprpppppa,205,478,222,24.0,27,817
ABprpppppp,177,526,195,24.0,33,-1642
ABprpppppp,178,538,192,24.1,31,1053
ABprpppppp,179,543,190,24.1,35,-930
ABprpppppp,180,539,188,24.1,35,-1296
ABprpppppp,181,549,189,25.1,33,-849
ABprpppppp,182,548,186,24.1,35,-444
ABprpppppp,183,544,182,25.0,29,-545
ABprpppppp,184,544,186,25.1,35,693
ABprpppppp,185,544,181,25.2,35,-1755
ABprpppppp,186,541,192,25.2,35,438
ABprpppppp,187,540,198,25.2,33,-1182
ABprpppppp,188,539,203,25.1,35,-213
ABprpppppp,189,536,201,25.0,33,-1478
ABprpppppp,190,532,207,25.1,35,-1451
ABprpppppp,191,531,208,25.1,35,-1074
ABprpppppp,192,528,209,25.1,33,994
ABprpppppp,193,523,205,25.2,35,-88
ABprpppppp,194,526,205,25.2,35,334
ABprpppppp,195,527,203,25.2,33,421
ABprpppppp,196,523,202,25.2,31,-1102
ABprpppppp,197,519,197,25.1,35,1206
ABprpppppp,198,518,202,25.0,31,1225
ABprpppppp,199,517,203,25.1,33,-166
ABprpppppp,200,519,212,25.2,35,1340
ABprpppppp,201,522,212,25.0,33,-859
ABprpppppp,202,525,211,25.0,34,896
ABprpppppp,203,526,208,25.1,30,-55
ABprpppppp,204,525,204,25.2,32,-157
ABprpppppp,205,523,209,26.0,30,-354
P1,3,456,240,14.0,52,774
P1,4,459,242,14.1,54,-304
P1,5,480,247,15.3,59,142
P1,6,499,250,15.6,71,-49
P1,7,529,248,16.2,79,-518
P1,8,543,224,14.7,87,-177
P1,9,538,231,15.4,91,-140
P1,10,527,238,15.5,93,-338
P1,11,511,241,15.7,96,-128
P1,12,494,246,15.2,97,-233
P1,13,497,236,15.3,99,-226
P1,14,496,244,14.9,84,-535
P1,15,495,253,14.4,68,-123
P1,16,493,262,14.0,52,308
EMS,17,473,275,14.1,52,-340
EMS,18,453,288,14.1,52,-453
EMS,19,433,302,14.2,51,-746
EMS,20,428,300,13.4,73,8
EMS,21,421,315,13.4,76,-170
EMS,22,419,327,13.8,77,-287
EMS,23,413,337,14.2,81,-34
EMS,24,405,349,14.0,85,-281
EMS,25,403,358,14.9,85,-23
EMS,26,399,359,15.5,85,-328
EMS,27,404,354,14.9,85,-136
EMS,28,402,355,16.0,85,50
EMS,29,396,349,16.0,69,189
EMS,30,389,342,16.0,52,-75
MS,31,370,350,17.3,50,475
MS,32,351,358,18.5,47,155
MS,33,332,366,19.8,44,-885
MS,34,312,375,21.0,41,106
MS,35,301,369,22.1,56,183
MS,36,301,368,23.1,43,408
MS,37,307,362,22.8,44,161
MS,38,314,356,22.6,45,-283
MS,39,320,350,22.3,46,407
MS,40,327,343,22.1,47,301
MS,41,333,337,21.8,48,300
MS,42,340,331,21.5,49,-24
MS,43,346,325,21.3,50,23
MS,44,353,318,21.0,52,-140
MS,45,340,325,21.0,52,62
MS,46,327,332,21.0,52,-482
MSa,47,312,335,20.8,52,430
MSa,48,296,339,20.5,51,-5
MSa,49,280,342,20.3,50,-650
MSa,50,264,346,20.0,49,-156
MSa,51,259,346,20.1,53,-350
MSa,52,259,353,22.0,34,-457
MSa,53,274,347,23.1,33,253
MSa,54,267,347,22.7,32,481
MSa,55,260,346,22.4,31,-1410
MSa,56,253,345,22.0,30,-396
MSa,57,246,330,21.0,51,-354
MSa,58,244,336,20.1,43,-417
MSa,59,244,323,20.0,44,-88
MSa,60,236,319,20.1,47,163
MSa,61,235,327,21.0,49,-296
MSa,62,231,340,21.1,52,-869
MSa,63,232,346,20.0,52,-623
MSa,64,232,346,20.0,52,-379
MSa,65,220,334,18.1,35,-1652
MSa,66,220,334,18.1,35,-338
MSaa,67,205,342,21.1,43,-139
MSaa,68,207,337,21.2,55,-522
MSaa,69,207,346,23.0,57,-7
MSaa,70,207,351,23.9,58,-792
MSaa,71,207,344,24.8,60,-813
MSaa,72,202,343,24.0,59,-1040
MSaa,73,207,344,24.8,61,-102
MSaa,74,205,338,24.7,62,-4
MSaa,75,208,335,24.8,62,-674
MSaa,76,205,335,24.8,61,-472
MSaa,77,202,336,23.3,60,-261
MSaa,78,213,340,24.0,60,-793
MSaa,79,221,336,24.0,56,-338
MSaa,80,225,328,23.3,53,-285
MSaa,81,216,330,23.2,53,-345
MSaa,82,222,335,23.2,53,26
MSaa,83,218,338,22.1,53,-860
MSaa,84,228,334,23.0,56,88
MSaa,85,227,336,22.2,57,-351
MSaa,86,227,335,21.1,56,-1140
MSaa,87,221,332,21.9,53,-195
MSaa,88,220,333,21.3,60,-366
MSaaa,89,200,329,22.0,54,524
MSaaa,90,198,318,22.1,54,132
MSaaa,91,197,321,23.0,54,-830
MSaaa,92,196,318,23.1,54,94
MSaaa,93,190,317,23.2,54,-134
MSaaa,94,190,310,24.1,54,-177
MSaaa,95,194,304,24.9,54,374
MSaaa,96,187,298,25.0,54,-387
MSaaa,97,190,299,24.2,55,-899
MSaaa,98,193,297,24.2,55,-173
MSaaa,99,197,293,25.2,55,281
MSaaa,100,203,302,25.0,54,-847
MSaaa,101,211,310,25.0,54,-594
MSaaa,102,210,309,25.0,53,361
MSaaa,103,208,317,24.1,55,-17
MSaaa,104,211,322,24.2,50,-273
MSaaa,105,215,322,24.2,50,-90
MSaaa,106,216,325,24.3,48,184
MSaaa,107,216,323,24.1,48,-749
MSaaa,108,209,318,24.1,48,679
MSaaa,109,210,316,24.1,48,-361
MSaaa,110,213,322,24.2,48,751
MSaaa,111,214,324,24.1,48,-579
MSaaa,112,220,324,24.0,48,78
MSaaa,113,216,326,23.2,48,-298
MSaaa,114,217,314,23.1,44,-315
MSaaa,115,219,314,22.2,48,-279
MSaaaa,116,182,300,22.1,34,664
MSaaaa,117,183,299,22.1,38,-536
MSaaaa,118,177,303,22.9,44,104
MSaaaa,119,171,298,22.9,44,344
MSaaaa,120,164,295,22.0,44,-672
MSaaaa,121,168,292,22.1,44,-961
MSaaaa,122,167,283,21.1,44,-878
MSaaaa,123,170,281,20.9,44,248
MSaaaa,124,172,279,20.1,44,-267
MSaaaa,125,171,270,20.0,44,-278
MSaaaa,126,176,262,19.1,44,493
MSaaaa,127,176,258,19.9,44,1367
MSaaaa,128,179,256,20.0,44,-303
MSaaaa,129,177,248,19.1,44,744
MSaaaa,130,179,242,18.3,45,-340
MSaaaa,131,179,232,19.0,43,-402
MSaaaa,132,177,237,19.0,42,-811
MSaaaa,133,176,238,18.1,44,-648
MSaaaa,134,178,238,18.0,43,392
MSaaaa,135,175,245,18.1,42,-191
MSaaaa,136,180,246,18.1,41,-398
MSaaaa,137,177,245,18.1,42,175
MSaaaa,138,175,247,18.2,41,-881
MSaaaa,139,169,244,19.0,41,-111
MSaaaa,140,170,247,19.2,41,-22
MSaaaa,141,181,249,19.1,41,-343
MSaaaa,142,183,253,19.2,41,1074
MSaaaa,143,186,252,19.9,37,116
MSaaaa,144,177,245,19.0,37,242
MSaaaaa,145,158,236,18.2,35,174
MSaaaaa,146,156,230,18.8,37,80
MSaaaaa,147,153,236,18.1,37,1057
MSaaaaa,148,149,229,18.1,37,292
MSaaaaa,149,147,235,17.0,37,-171
MSaaaaa,150,145,238,17.1,37,183
MSaaaaa,151,152,237,16.9,37,-76
MSaaaaa,152,152,235,16.1,37,-946
MSaaaaa,153,153,241,15.8,37,1241
MSaaaaa,154,156,238,15.2,39,122
MSaaaaa,155,154,238,15.2,39,-505
MSaaaaa,156,155,238,15.2,39,1036
MSaaaaa,157,153,244,14.5,39,-630
MSaaaaa,158,152,243,15.0,37,457
MSaaaaa,159,154,240,15.0,39,-849
MSaaaaa,160,155,242,14.3,39,-468
MSaaaaa,161,157,244,14.3,39,-295
MSaaaaa,162,158,244,14.1,39,-1533
MSaaaaa,163,157,241,14.1,39,49
MSaaaaa,164,158,242,13.9,37,-266
MSaaaaa,165,160,239,13.3,39,-863
MSaaaaa,166,159,242,13.2,39,-740
MSaaaaa,167,162,247,13.9,37,-1134
MSaaaaa,168,162,257,13.1,38,-975
MSaaaaa,169,162,260,12.4,38,-70
MSaaaaa,170,164,257,12.3,39,-1121
MSaaaaa,171,168,256,12.0,39,-1427
MSaaaaa,172,169,256,12.1,38,-1175
MSaaaaa,173,171,259,12.3,37,-90
MSaaaaa,174,173,263,12.2,36,-1674
MSaaaaa,175,176,260,12.1,35,-633
MSaaaaa,176,172,254,11.3,35,180
MSaaaaa,177,171,261,12.0,35,-1108
MSaaaaa,178,171,265,12.1,31,350
MSaaaaa,179,168,268,11.9,31,879
MSaaaaa,180,162,272,11.8,31,-84
MSaaaaaa,181,142,264,12.0,31,116
MSaaaaaa,182,140,259,12.0,31,-294
MSaaaaaa,183,141,258,12.0,31,-362
MSaaaaaa,184,137,259,11.8,31,269
MSaaaaaa,185,133,258,12.1,31,-1309
MSaaaaaa,186,133,254,12.9,31,-7
MSaaaaaa,187,134,249,13.1,31,-979
MSaaaaaa,188,135,246,13.0,31,739
MSaaaaaa,189,134,244,12.9,31,-564
MSaaaaaa,190,135,242,12.8,31,-2151
MSaaaaaa,191,139,239,12.8,31,-317
MSaaaaaa,192,138,244,13.0,31,-1632
MSaaaaaa,193,139,244,13.1,31,-1007
MSaaaaaa,194,140,245,13.1,31,-1185
MSaaaaaa,195,140,243,13.2,33,1073
MSaaaaaa,196,139,240,14.0,31,896
MSaaaaaa,197,138,243,14.0,31,-977
MSaaaaaa,198,138,243,14.1,31,-483
MSaaaaaa,199,136,248,14.1,33,-496
MSaaaaaa,200,137,250,14.1,31,1405
MSaaaaaa,201,140,241,15.0,33,-231
MSaaaaaa,202,135,244,14.0,30,-1245
MSaaaaaa,203,136,244,14.0,30,-1088
MSaaaaaa,204,136,246,14.0,30,346
MSaaaaaa,205,135,247,13.9,30,-443
MSaaaaap,181,180,277,11.2,31,-613
MSaaaaap,182,185,273,11.1,31,-511
MSaaaaap,183,185,268,10.8,31,1105
MSaaaaap,184,180,272,11.0,33,-589
MSaaaaap,185,178,272,10.4,35,-54
MSaaaaap,186,170,275,10.2,35,-326
MSaaaaap,187,168,274,10.2,35,-1433
MSaaaaap,188,165,274,11.1,33,-837
MSaaaaap,189,165,275,11.2,35,-1604
MSaaaaap,190,165,273,11.3,35,841
MSaaaaap,191,168,273,11.3,35,421
MSaaaaap,192,166,273,11.2,35,-1228
MSaaaaap,193,166,271,11.0,35,-472
MSaaaaap,194,167,271,11.1,35,-1797
MSaaaaap,195,164,273,11.3,35,-310
MSaaaaap,196,162,269,11.3,35,-1215
MSaaaaap,197,157,271,11.3,35,415
MSaaaaap,198,164,265,11.2,35,-578
MSaaaaap,199,163,266,11.1,35,137
MSaaaaap,200,166,273,11.2,35,-570
MSaaaaap,201,167,269,11.2,35,136
MSaaaaap,202,170,269,11.2,34,803
MSaaaaap,203,166,265,12.0,34,-60
MSaaaaap,204,169,260,11.1,34,-1162
MSaaaaap,205,168,257,11.1,34,-784
MSaaaap,145,199,267,18.0,35,562
MSaaaap,146,204,266,16.3,35,-100
MSaaaap,147,207,274,15.9,37,672
MSaaaap,148,211,276,14.2,37,687
MSaaaap,149,215,273,14.2,39,1392
MSaaaap,150,216,277,14.9,37,607
MSaaaap,151,215,280,14.9,37,642
MSaaaap,152,215,281,14.9,37,12
MSaaaap,153,216,283,14.9,37,-193
MSaaaap,154,221,283,14.1,37,117
MSaaaap,155,221,280,14.0,37,292
MSaaaap,156,222,280,14.0,37,835
MSaaaap,157,218,282,13.8,37,196
MSaaaap,158,217,286,13.9,37,1094
MSaaaap,159,216,285,13.3,39,-430
MSaaaap,160,215,286,13.8,37,-599
MSaaaap,161,217,281,13.3,39,-81
MSaaaap,162,216,277,13.3,39,798
MSaaaap,163,217,273,13.3,39,-1152
MSaaaap,164,217,265,13.0,37,335
MSaaaap,165,212,267,13.1,39,-1626
MSaaaap,166,211,272,13.1,37,28
MSaaaap,167,216,276,12.3,39,-1509
MSaaaap,168,220,275,12.2,38,-420
MSaaaap,169,218,275,13.0,36,126
MSaaaap,170,215,275,12.4,39,-268
MSaaaap,171,218,271,12.3,39,-490
MSaaaap,172,220,271,12.1,38,-1503
MSaaaap,173,221,268,11.3,37,-1100
MSaaaap,174,221,261,12.0,36,-933
MSaaaap,175,228,257,11.2,35,-1451
MSaaaap,176,234,252,10.4,35,-1359
MSaaaap,177,233,250,11.1,35,-215
MSaaaap,178,230,257,11.2,35,-281
MSaaaap,179,225,261,11.3,35,-807
MSaaaap,180,223,262,11.2,35,-635
MSaaaap,181,226,260,11.4,33,-663
MSaaaap,182,228,266,11.1,31,-571
MSaaaap,183,233,262,11.2,31,964
MSaaaapa,184,213,266,12.8,31,-588
MSaaaapa,185,206,263,12.1,31,417
MSaaaapa,186,204,264,11.9,31,-77
MSaaaapa,187,197,257,11.4,35,-342
MSaaaapa,188,198,262,11.4,35,777
MSaaaapa,189,198,262,11.4,35,-710
MSaaaapa,190,200,260,11.4,35,-1153
MSaaaapa,191,199,256,11.4,35,334
MSaaaapa,192,196,255,11.5,33,-270
MSaaaapa,193,199,258,12.0,31,-389
MSaaaapa,194,198,259,11.4,33,104
MSaaaapa,195,198,262,11.4,35,-179
MSaaaapa,196,194,260,11.4,35,-308
MSaaaapa,197,194,264,12.0,31,1133
MSaaaapa,198,198,258,11.3,35,-1031
MSaaaapa,199,198,255,11.0,31,-1918
MSaaaapa,200,198,259,11.2,35,-176
MSaaaapa,201,201,260,11.2,33,756
MSaaaapa,202,203,263,11.1,30,-1166
MSaaaapa,203,203,264,11.0,30,-955
MSaaaapa,204,202,266,11.2,34,-469
MSaaaapa,205,205,265,11.1,34,408
MSaaaapp,184,258,257,10.4,29,-3
MSaaaapp,185,258,255,11.1,31,-131
MSaaaapp,186,248,250,10.2,31,-530
MSaaaapp,187,239,244,10.0,31,149
MSaaaapp,188,243,241,10.1,31,-249
MSaaaapp,189,242,242,9.9,31,110
MSaaaapp,190,242,241,9.8,31,28
MSaaaapp,191,243,242,9.8,31,-746
MSaaaapp,192,239,243,9.2,33,777
MSaaaapp,193,238,244,9.9,31,-112
MSaaaapp,194,241,245,9.2,33,-887
MSaaaapp,195,242,247,9.1,31,501
MSaaaapp,196,237,251,9.2,33,-161
MSaaaapp,197,235,252,9.1,33,-634
MSaaaapp,198,233,252,9.3,35,-1521
MSaaaapp,199,236,254,9.2,33,205
MSaaaapp,200,234,253,9.2,33,1020
MSaaaapp,201,235,250,9.1,33,582
MSaaaapp,202,234,250,9.3,32,-420
MSaaaapp,203,231,249,9.2,34,-546
MSaaaapp,204,236,250,9.2,32,171
MSaaaapp,205,235,248,9.2,34,-285
MSaaap,116,237,316,23.0,40,167
MSaaap,117,246,317,22.1,42,565
MSaaap,118,254,315,22.9,44,572
MSaaap,119,257,320,22.9,44,-138
MSaaap,120,256,327,23.9,44,-1177
MSaaap,121,257,327,24.0,44,240
MSaaap,122,251,327,24.0,44,-645
MSaaap,123,245,328,24.1,44,107
MSaaap,124,243,323,24.0,44,-186
MSaaap,125,242,309,23.0,44,-276
MSaaap,126,243,301,22.9,44,72
MSaaap,127,245,302,22.0,44,204
MSaaap,128,252,294,22.0,44,581
MSaaap,129,257,287,22.0,44,411
MSaaap,130,257,290,21.1,43,52
MSaaap,131,250,294,21.1,45,-433
MSaaap,132,245,293,20.1,46,-436
MSaaap,133,250,292,20.1,44,-54
MSaaap,134,256,290,19.1,43,292
MSaaap,135,256,285,20.0,42,661
MSaaap,136,261,281,20.1,41,-546
MSaaap,137,271,280,20.2,42,137
MSaaap,138,275,282,20.2,41,-635
MSaaap,139,270,284,20.1,41,-536
MSaaap,140,272,284,20.1,41,424
MSaaap,141,271,281,19.1,41,-847
MSaaap,142,273,280,20.0,41,141
MSaaap,143,264,281,20.1,41,-708
MSaaap,144,262,280,20.0,41,-675
MSaaap,145,255,275,20.0,37,598
MSaaap,146,264,269,19.1,35,567
MSaaap,147,266,271,19.2,35,-710
MSaaapa,148,238,277,19.9,37,-870
MSaaapa,149,237,277,20.1,37,477
MSaaapa,150,240,273,20.1,37,1120
MSaaapa,151,243,277,20.1,37,-78
MSaaapa,152,238,278,20.0,41,422
MSaaapa,153,236,278,19.0,39,541
MSaaapa,154,239,278,18.2,39,-1118
MSaaapa,155,241,276,17.2,41,-1139
MSaaapa,156,239,274,17.2,41,632
MSaaapa,157,238,279,17.0,41,29
MSaaapa,158,236,279,17.1,41,893
MSaaapa,159,237,278,17.0,41,-279
MSaaapa,160,233,278,16.1,41,646
MSaaapa,161,239,276,16.1,41,-308
MSaaapa,162,236,276,16.2,41,1397
MSaaapa,163,237,275,16.2,41,-408
MSaaapa,164,236,275,16.2,41,84
MSaaapa,165,234,279,16.2,39,-823
MSaaapa,166,238,284,16.3,41,-1032
MSaaapa,167,237,286,16.0,41,-94
MSaaapa,168,241,289,16.1,40,-203
MSaaapa,169,243,295,15.4,40,-1548
MSaaapa,170,240,293,16.0,39,-588
MSaaapa,171,242,288,15.3,39,378
MSaaapa,172,237,284,15.1,38,-806
MSaaapa,173,239,280,15.1,37,987
MSaaapa,174,240,276,15.0,36,-531
MSaaapa,175,241,272,15.1,35,9
MSaaapa,176,242,278,15.0,35,136
MSaaapa,177,246,275,15.0,35,-927
MSaaapa,178,245,275,15.1,35,-1756
MSaaapa,179,247,273,15.0,31,-131
MSaaapa,180,249,274,15.9,31,-88
MSaaapaa,181,234,278,16.0,31,-639
MSaaapaa,182,229,281,16.0,31,708
MSaaapaa,183,230,279,16.0,31,1169
MSaaapaa,184,234,279,15.4,35,-734
MSaaapaa,185,235,276,15.3,35,1217
MSaaapaa,186,231,272,15.2,35,-751
MSaaapaa,187,230,272,14.4,35,710
MSaaapaa,188,225,279,14.3,35,-176
MSaaapaa,189,228,280,14.1,35,72
MSaaapaa,190,224,278,14.1,35,-1389
MSaaapaa,191,227,280,14.0,35,48
MSaaapaa,192,222,275,13.4,35,-451
MSaaapaa,193,223,274,14.0,35,-572
MSaaapaa,194,225,276,13.4,35,-2253
MSaaapaa,195,224,275,14.1,35,-802
MSaaapaa,196,220,271,14.1,35,-219
MSaaapaa,197,220,273,14.0,35,173
MSaaapaa,198,218,277,14.0,35,-783
MSaaapaa,199,217,278,13.2,35,43
MSaaapaa,200,220,280,13.3,35,-796
MSaaapaa,201,222,281,13.3,35,-491
MSaaapaa,202,216,278,13.3,34,-851
MSaaapaa,203,218,276,13.3,34,537
MSaaapaa,204,216,279,13.2,34,-1164
MSaaapaa,205,219,283,14.0,30,-1445
MSaaapap,181,271,263,15.0,31,329
MSaaapap,182,276,264,15.0,31,1320
MSaaapap,183,276,256,15.0,31,-1054
MSaaapap,184,276,251,14.4,33,43
MSaaapap,185,281,251,15.1,33,1214
MSaaapap,186,281,244,15.1,35,-425
MSaaapap,187,279,239,15.1,29,-988
MSaaapap,188,272,240,15.0,35,-34
MSaaapap,189,270,233,14.2,35,-12
MSaaapap,190,267,230,14.0,35,-926
MSaaapap,191,268,228,13.3,35,809
MSaaapap,192,270,226,13.4,35,116
MSaaapap,193,266,229,13.3,35,-1395
MSaaapap,194,267,225,14.0,29,-893
MSaaapap,195,263,229,13.2,35,828
MSaaapap,196,260,233,14.1,35,-1145
MSaaapap,197,257,236,14.1,35,533
MSaaapap,198,256,235,13.3,35,-1081
MSaaapap,199,253,242,13.2,35,-1415
MSaaapap,200,253,243,13.3,35,-585
MSaaapap,201,256,245,13.3,35,-460
MSaaapap,202,254,246,13.3,34,-424
MSaaapap,203,249,244,14.0,34,-202
MSaaapap,204,253,242,14.0,34,766
MSaaapap,205,248,241,14.2,34,-986
MSaaapp,148,283,272,18.1,31,1158
MSaaapp,149,294,272,18.0,35,-265
MSaaapp,150,301,267,18.0,35,-675
MSaaapp,151,306,262,19.1,29,872
MSaaapp,152,308,258,18.3,29,315
MSaaapp,153,312,261,18.2,29,-573
MSaaapp,154,315,259,18.9,37,-891
MSaaapp,155,317,256,18.9,37,-1321
MSaaapp,156,309,256,18.1,37,-326
MSaaapp,157,304,255,18.0,37,-526
MSaaapp,158,307,252,17.9,37,-32
MSaaapp,159,302,251,17.8,37,-318
MSaaapp,160,304,252,17.1,37,-190
MSaaapp,161,303,250,16.9,37,-349
MSaaapp,162,301,248,17.0,37,-68
MSaaapp,163,295,247,17.0,37,-915
MSaaapp,164,293,249,17.8,37,-723
MSaaapp,165,288,249,17.8,37,618
MSaaapp,166,286,254,17.2,37,175
MSaaapp,167,286,256,17.0,37,100
MSaaapp,168,288,264,16.9,36,-170
MSaaapp,169,284,264,16.2,36,-109
MSaaapp,170,282,266,16.2,37,419
MSaaapp,171,281,261,16.1,35,189
MSaaapp,172,283,258,16.2,36,605
MSaaapp,173,283,251,16.1,33,213
MSaaapp,174,286,250,16.1,32,847
MSaaapp,175,289,245,15.3,35,-301
MSaaapp,176,287,243,15.5,33,-588
MSaaapp,177,285,236,15.9,31,1756
MSaaapp,178,287,237,15.4,35,-693
MSaaapp,179,289,235,15.4,33,795
MSaaapp,180,286,240,16.3,33,-144
MSaaapp,181,292,239,17.1,31,669
MSaaapp,182,294,240,17.3,35,270
MSaaapp,183,293,239,17.3,35,67
MSaaapp,184,292,240,17.3,35,1537
MSaaapp,185,297,237,17.2,35,-1211
MSaaapp,186,297,237,17.2,35,-1524
MSaaapp,187,294,235,17.0,35,1580
MSaaapp,188,289,236,16.4,35,742
MSaaapp,189,293,232,16.3,35,-1137
MSaaapp,190,292,227,16.3,35,604
MSaaapp,191,292,227,16.1,35,224
MSaaapp,192,289,224,16.1,35,-570
MSaaapp,193,284,226,16.1,35,-366
MSaaapp,194,282,225,16.1,35,-1103
MSaaapp,195,282,222,15.4,35,1035
MSaaapp,196,283,222,16.2,35,-691
MSaaapp,197,280,222,16.2,35,193
MSaaapp,198,275,223,16.1,35,1031
MSaaapp,199,272,223,16.0,31,212
MSaaapp,200,281,227,16.1,31,1012
MSaaapp,201,282,228,15.8,31,425
MSaaapp,202,288,227,16.9,30,-1170
MSaaapp,203,283,223,16.0,30,-1506
MSaaapp,204,285,227,16.0,30,-399
MSaaapp,205,283,225,15.3,32,-240
MSaap,89,261,347,23.1,54,-585
MSaap,90,262,344,24.0,54,41
MSaap,91,277,343,25.0,54,-693
MSaap,92,287,351,25.1,54,-151
MSaap,93,299,353,25.1,54,-531
MSaap,94,288,357,25.0,54,531
MSaap,95,283,359,24.9,54,236
MSaap,96,286,355,25.0,54,-92
MSaap,97,284,364,24.1,53,90
MSaap,98,279,355,24.1,55,-106
MSaap,99,276,355,25.1,53,-406
MSaap,100,278,357,25.0,54,-166
MSaap,101,284,358,24.9,54,-622
MSaap,102,288,361,24.1,55,-148
MSaap,103,287,364,24.1,51,-413
MSaap,104,288,358,24.2,50,-662
MSaap,105,294,364,24.1,50,-86
MSaap,106,299,359,24.1,48,-333
MSaap,107,300,361,24.1,48,-473
MSaap,108,302,367,24.1,48,-16
MSaap,109,302,366,24.2,48,-28
MSaap,110,307,359,24.2,48,492
MSaap,111,310,354,24.1,48,-265
MSaap,112,311,352,24.1,48,845
MSaap,113,310,352,24.2,46,-137
MSaap,114,299,349,24.1,38,-724
MSaap,115,314,345,23.1,48,-380
MSaapa,116,293,340,25.0,44,-344
MSaapa,117,298,339,25.0,44,-779
MSaapa,118,299,338,25.1,44,161
MSaapa,119,301,342,26.0,44,-695
MSaapa,120,297,350,26.0,46,735
MSaapa,121,295,351,26.0,44,-583
MSaapa,122,295,351,26.1,44,-1150
MSaapa,123,286,349,26.1,46,329
MSaapa,124,281,356,26.0,44,-411
MSaapa,125,272,353,26.0,44,-618
MSaapa,126,273,351,26.0,44,-974
MSaapa,127,273,350,26.1,46,-915
MSaapa,128,278,331,26.0,44,-835
MSaapa,129,278,333,26.0,44,-182
MSaapa,130,279,337,25.1,45,-1260
MSaapa,131,282,334,26.0,43,-288
MSaapa,132,287,331,25.2,44,-1294
MSaapa,133,298,322,25.1,44,-522
MSaapa,134,299,307,24.1,43,-380
MSaapa,135,308,311,25.1,42,-300
MSaapa,136,316,315,24.0,41,-111
MSaapa,137,315,316,24.1,42,-94
MSaapa,138,319,315,24.1,41,-1150
MSaapa,139,316,313,24.0,41,-403
MSaapa,140,321,312,23.2,41,620
MSaapa,141,315,311,22.2,41,-623
MSaapa,142,321,307,24.0,37,56
MSaapa,143,316,308,23.0,37,-467
MSaapaa,144,303,310,22.9,37,598
MSaapaa,145,297,313,21.3,35,311
MSaapaa,146,300,310,22.0,37,226
MSaapaa,147,302,305,21.1,39,942
MSaapaa,148,298,297,21.1,39,-88
MSaapaa,149,298,304,21.1,39,-7
MSaapaa,150,303,302,21.0,41,-214
MSaapaa,151,305,299,22.0,37,1161
MSaapaa,152,310,299,21.2,41,-131
MSaapaa,153,307,300,21.2,39,682
MSaapaa,154,302,305,20.2,39,-875
MSaapaa,155,299,301,20.1,39,-324
MSaapaa,156,299,301,20.1,39,-337
MSaapaa,157,294,306,19.9,37,-939
MSaapaa,158,291,306,20.0,41,41
MSaapaa,159,293,305,19.1,39,-308
MSaapaa,160,297,302,19.1,41,358
MSaapaa,161,303,303,19.1,41,-812
MSaapaa,162,302,305,18.2,41,-395
MSaapaa,163,301,304,19.1,39,-387
MSaapaa,164,304,300,19.1,41,6
MSaapaa,165,296,304,20.0,41,-723
MSaapaa,166,297,304,19.2,41,328
MSaapaa,167,299,303,19.2,41,-954
MSaapaa,168,300,308,19.1,40,1003
MSaapaa,169,294,308,19.1,40,-499
MSaapaa,170,290,307,19.1,39,48
MSaapaa,171,287,302,19.0,39,-334
MSaapaa,172,293,300,18.1,38,-678
MSaapaa,173,288,300,18.1,37,-233
MSaapaa,174,289,299,17.2,36,-41
MSaapaa,175,293,296,17.1,35,130
MSaapaa,176,291,294,17.2,35,468
MSaapaa,177,294,289,17.3,35,-732
MSaapaa,178,299,292,18.1,33,-767
MSaapaa,179,306,299,17.9,31,139
MSaapaaa,180,283,299,20.2,33,-290
MSaapaaa,181,280,303,20.9,31,-260
MSaapaaa,182,283,310,20.9,31,597
MSaapaaa,183,285,308,20.2,33,-390
MSaapaaa,184,285,306,20.3,35,-1005
MSaapaaa,185,283,303,20.3,35,-51
MSaapaaa,186,276,298,20.2,35,-236
MSaapaaa,187,270,298,20.0,35,-239
MSaapaaa,188,278,298,19.4,35,310
MSaapaaa,189,270,297,20.1,35,767
MSaapaaa,190,270,296,19.3,35,-970
MSaapaaa,191,265,295,19.1,35,-47
MSaapaaa,192,266,291,19.0,35,214
MSaapaaa,193,266,289,19.1,35,-2
MSaapaaa,194,265,291,18.2,35,159
MSaapaaa,195,266,289,18.2,35,-104
MSaapaaa,196,266,288,19.1,35,-473
MSaapaaa,197,267,284,19.1,35,1055
MSaapaaa,198,264,283,18.2,35,581
MSaapaaa,199,267,279,19.1,35,-860
MSaapaaa,200,273,283,18.2,35,625
MSaapaaa,201,272,288,18.1,35,-459
MSaapaaa,202,272,284,18.1,34,1301
MSaapaaa,203,275,281,18.1,34,-117
MSaapaaa,204,276,280,18.1,34,256
MSaapaaa,205,278,279,18.0,34,940
MSaapaap,180,315,287,16.1,31,524
MSaapaap,181,318,292,16.1,31,835
MSaapaap,182,322,297,16.9,31,1009
MSaapaap,183,315,295,16.9,31,-507
MSaapaap,184,318,293,16.8,31,-136
MSaapaap,185,317,289,16.3,33,-149
MSaapaap,186,316,289,16.0,35,-374
MSaapaap,187,315,284,15.3,33,-237
MSaapaap,188,308,285,15.3,35,-849
MSaapaap,189,298,282,16.1,33,-48
MSaapaap,190,291,279,16.1,35,-558
MSaapaap,191,290,277,16.2,33,-1218
MSaapaap,192,289,277,16.1,35,-235
MSaapaap,193,290,281,16.1,35,754
MSaapaap,194,289,280,16.2,33,182
MSaapaap,195,293,276,16.1,35,-1467
MSaapaap,196,289,280,16.2,35,-676
MSaapaap,197,290,282,16.1,35,-238
MSaapaap,198,290,281,16.1,35,6
MSaapaap,199,292,282,16.1,35,-1007
MSaapaap,200,297,285,15.2,35,-400
MSaapaap,201,297,285,15.0,35,-107
MSaapaap,202,299,282,15.1,34,-795
MSaapaap,203,297,284,15.1,34,-284
MSaapaap,204,296,289,15.2,34,-829
MSaapaap,205,298,285,15.1,34,-568
MSaapap,144,331,299,23.0,27,515
MSaapap,145,349,300,22.9,37,-937
MSaapap,146,358,290,22.9,37,-367
MSaapap,147,359,289,22.0,37,-128
MSaapap,148,358,283,22.1,39,185
MSaapap,149,359,283,21.3,39,360
MSaapap,150,361,284,22.1,39,-214
MSaapap,151,362,277,22.0,37,443
MSaapap,152,365,277,23.0,37,139
MSaapap,153,366,279,22.1,39,260
MSaapap,154,362,279,22.1,37,-152
MSaapap,155,363,274,22.0,41,292
MSaapap,156,363,267,22.0,37,112
MSaapap,157,364,270,22.0,37,-424
MSaapap,158,360,271,20.3,39,-530
MSaapap,159,355,279,21.9,37,-283
MSaapap,160,356,280,21.2,39,863
MSaapap,161,358,283,21.9,37,198
MSaapap,162,358,281,22.0,41,533
MSaapap,163,353,275,21.1,39,1048
MSaapap,164,357,275,20.4,39,769
MSaapap,165,353,279,21.1,37,86
MSaapap,166,359,281,20.2,39,833
MSaapap,167,363,283,20.2,39,1100
MSaapap,168,361,280,20.8,36,73
MSaapap,169,358,281,20.9,36,1532
MSaapap,170,358,284,20.2,37,-201
MSaapap,171,358,290,21.1,37,-669
MSaapap,172,357,294,21.0,36,644
MSaapap,173,352,296,21.1,37,126
MSaapap,174,358,294,21.2,36,447
MSaapap,175,354,303,21.2,35,1222
MSaapap,176,351,302,21.4,35,-239
MSaapap,177,350,302,22.1,35,-946
MSaapap,178,356,303,23.1,35,-755
MSaapap,179,353,300,22.1,35,1439
MSaapap,180,347,300,21.2,35,-1327
MSaapap,181,346,300,21.1,33,60
MSaapap,182,340,293,21.2,35,34
MSaapap,183,337,296,21.0,31,-380
MSaapap,184,343,291,21.1,31,-830
MSaapap,185,338,289,21.2,33,-623
MSaapapa,186,315,286,20.9,31,-1009
MSaapapa,187,312,287,20.8,31,52
MSaapapa,188,314,284,21.0,31,689
MSaapapa,189,316,288,21.0,31,-227
MSaapapa,190,315,287,21.1,33,-541
MSaapapa,191,316,284,21.1,33,413
MSaapapa,192,313,283,20.3,33,-1427
MSaapapa,193,312,281,21.1,35,-653
MSaapapa,194,316,279,21.2,35,-1345
MSaapapa,195,317,280,21.1,35,-588
MSaapapa,196,320,278,21.0,31,815
MSaapapa,197,324,279,21.0,31,13
MSaapapa,198,321,277,20.3,33,203
MSaapapa,199,326,277,20.3,33,-232
MSaapapa,200,328,274,20.2,33,523
MSaapapa,201,328,274,20.2,33,-286
MSaapapa,202,331,274,20.1,34,507
MSaapapa,203,334,270,19.3,34,1372
MSaapapa,204,334,265,19.2,34,-1151
MSaapapa,205,331,262,19.2,34,-362
MSaapapp,186,356,289,21.0,31,-697
MSaapapp,187,358,290,20.9,31,1522
MSaapapp,188,360,289,20.9,31,967
MSaapapp,189,361,292,20.1,33,-1291
MSaapapp,190,360,295,19.4,33,227
MSaapapp,191,356,291,19.3,33,70
MSaapapp,192,355,289,20.1,35,750
MSaapapp,193,353,289,19.3,33,-992
MSaapapp,194,350,289,20.1,35,-892
MSaapapp,195,350,290,20.0,33,267
MSaapapp,196,349,296,20.0,35,1484
MSaapapp,197,353,297,19.3,35,400
MSaapapp,198,353,296,19.4,33,-1975
MSaapapp,199,352,294,20.1,35,76
MSaapapp,200,354,290,19.3,33,0
MSaapapp,201,355,298,19.3,35,-1076
MSaapapp,202,355,294,19.3,34,-73
MSaapapp,203,358,294,20.0,34,-53
MSaapapp,204,363,290,19.1,34,1030
MSaapapp,205,363,285,20.1,34,-590
MSaapp,116,352,342,24.1,44,-153
MSaapp,117,369,339,24.0,42,-501
MSaapp,118,380,338,25.0,44,264
MSaapp,119,389,338,25.0,44,-981
MSaapp,120,398,345,25.0,44,-285
MSaapp,121,403,343,24.9,44,-40
MSaapp,122,399,343,24.9,44,-516
MSaapp,123,399,351,25.0,44,140
MSaapp,124,397,354,24.9,44,237
MSaapp,125,382,354,25.0,44,685
MSaapp,126,372,348,25.0,44,75
MSaapp,127,372,354,25.0,44,-160
MSaapp,128,372,347,25.0,44,418
MSaapp,129,370,340,25.0,46,403
MSaapp,130,367,343,24.1,45,-242
MSaapp,131,368,340,26.0,43,-421
MSaapp,132,372,334,25.1,46,175
MSaapp,133,378,335,25.1,44,-379
MSaapp,134,380,337,26.0,43,492
MSaapp,135,382,336,26.0,40,-19
MSaapp,136,390,340,26.1,41,0
MSaapp,137,392,342,25.1,42,-616
MSaapp,138,396,342,26.0,37,780
MSaapp,139,394,336,25.1,41,1783
MSaapp,140,385,336,25.0,41,525
MSaapp,141,384,333,25.0,41,661
MSaapp,142,386,329,24.1,41,-292
MSaapp,143,385,326,24.2,41,371
MSaapp,144,389,322,25.1,41,-149
MSaapp,145,389,319,25.2,41,798
MSaapp,146,386,316,26.1,41,8
MSaapp,147,380,314,25.1,41,47
MSaapp,148,386,312,25.0,41,652
MSaapp,149,389,315,26.1,37,974
MSaapp,150,394,314,24.9,37,531
MSaappa,151,381,316,25.9,37,1071
MSaappa,152,363,318,26.1,37,596
MSaappa,153,359,319,26.2,37,565
MSaappa,154,358,318,26.1,37,-1026
MSaappa,155,357,319,26.1,37,991
MSaappa,156,361,319,26.1,37,1771
MSaappa,157,357,314,26.0,37,-370
MSaappa,158,352,309,26.0,37,-487
MSaappa,159,344,307,26.1,37,-346
MSaappa,160,351,310,26.0,37,153
MSaappa,161,348,306,26.1,39,1082
MSaappa,162,347,305,26.1,39,415
MSaappa,163,348,304,26.1,37,-514
MSaappa,164,353,303,26.0,37,521
MSaappa,165,359,301,26.0,37,154
MSaappa,166,361,298,25.1,37,55
MSaappa,167,364,298,25.0,37,-614
MSaappa,168,364,290,24.0,40,-359
MSaappa,169,364,293,25.0,36,749
MSaappa,170,367,300,26.0,37,-94
MSaappa,171,363,301,25.2,37,290
MSaappa,172,362,302,25.0,34,740
MSaappa,173,365,302,24.1,37,295
MSaappa,174,371,312,24.2,36,1093
MSaappa,175,370,315,24.2,35,10
MSaappa,176,365,320,24.1,35,-338
MSaappa,177,365,326,25.0,35,-782
MSaappa,178,365,326,25.0,35,1758
MSaappa,179,369,324,24.2,35,837
MSaappa,180,370,329,25.1,35,-706
MSaappa,181,363,321,25.0,35,153
MSaappa,182,359,317,24.3,35,-555
MSaappa,183,360,321,25.1,31,-467
MSaappa,184,360,310,25.0,35,-802
MSaappa,185,363,315,25.1,35,760
MSaappa,186,366,316,25.1,35,425
MSaappa,187,360,313,25.0,35,562
MSaappa,188,358,315,25.0,35,-1776
MSaappa,189,357,316,23.2,35,-76
MSaappa,190,353,313,23.0,35,-68
MSaappa,191,356,310,23.1,35,-232
MSaappa,192,347,305,23.1,35,-1506
MSaappa,193,347,307,23.1,35,1009
MSaappa,194,348,301,23.1,35,-1518
MSaappa,195,351,300,23.1,35,-385
MSaappa,196,348,306,22.1,35,-121
MSaappa,197,349,302,23.0,35,638
MSaappa,198,348,297,22.1,35,-303
MSaappa,199,353,292,22.0,33,892
MSaappa,200,351,285,23.1,33,-1235
MSaappa,201,357,286,23.0,35,-14
MSaappa,202,357,288,22.1,34,421
MSaappa,203,360,282,24.0,32,-1400
MSaappa,204,358,278,23.2,34,-471
MSaappa,205,360,277,23.1,34,969
MSaappp,151,407,311,23.4,29,85
MSaappp,152,411,311,24.8,37,-396
MSaappp,153,412,307,24.9,37,-94
MSaappp,154,412,304,24.9,37,137
MSaappp,155,409,300,25.0,39,-785
MSaappp,156,412,298,24.1,39,-804
MSaappp,157,418,296,26.0,41,-410
MSaappp,158,408,297,25.1,39,-1187
MSaappp,159,398,297,25.0,37,163
MSaappp,160,401,301,25.0,37,392
MSaappp,161,399,298,23.3,39,324
MSaappp,162,397,302,24.0,37,-842
MSaappp,163,396,297,24.0,37,783
MSaappp,164,400,298,24.0,37,931
MSaappp,165,398,302,24.0,37,109
MSaappp,166,401,298,23.9,37,-441
MSaappp,167,403,303,23.1,37,-486
MSaappp,168,403,311,22.1,38,-280
MSaappp,169,401,308,22.0,36,-642
MSaappp,170,401,317,21.2,39,-800
MSaappp,171,404,318,22.1,39,-652
MSaappp,172,406,320,21.1,38,-294
MSaappp,173,404,315,21.2,37,-91
MSaappp,174,406,320,21.2,36,411
MSaappp,175,406,321,21.4,35,358
MSaappp,176,403,321,22.1,35,-788
MSaappp,177,398,323,22.1,35,796
MSaappp,178,401,330,22.1,35,-332
MSaappp,179,400,333,22.1,35,700
MSaappp,180,401,335,23.0,35,-903
MSaappp,181,397,334,22.2,35,-722
MSaappp,182,396,336,23.1,35,-780
MSaappp,183,396,334,24.0,35,-1188
MSaappp,184,391,336,23.1,35,-1909
MSaappp,185,391,335,23.1,35,342
MSaappp,186,394,335,23.0,35,-63
MSaappp,187,393,334,22.2,35,662
MSaappp,188,395,336,22.2,35,-822
MSaappp,189,392,337,21.3,35,-521
MSaappp,190,388,335,22.0,35,-406
MSaappp,191,391,332,22.1,35,-64
MSaappp,192,389,334,22.1,35,-116
MSaappp,193,392,332,22.2,35,-684
MSaappp,194,390,331,22.1,35,-859
MSaappp,195,395,325,22.2,35,-624
MSaappp,196,394,324,22.2,35,-1431
MSaappp,197,393,324,22.2,35,-305
MSaappp,198,389,327,23.0,35,-1026
MSaappp,199,395,331,23.0,35,-507
MSaappp,200,394,330,22.1,35,-49
MSaappp,201,396,331,22.1,35,434
MSaappp,202,399,333,22.0,34,1501
MSaappp,203,398,334,21.2,34,-145
MSaappp,204,391,333,21.2,34,149
MSaappp,205,395,336,21.1,34,58
MSap,67,258,350,16.1,38,-365
MSap,68,258,361,15.9,55,-213
MSap,69,268,368,15.7,57,39
MSap,70,271,372,14.9,58,-531
MSap,71,271,382,15.7,60,-148
MSap,72,271,374,16.6,59,247
MSap,73,270,380,16.8,61,-124
MSap,74,267,380,17.6,62,-52
MSap,75,262,386,17.9,62,28
MSap,76,264,383,18.7,61,-471
MSap,77,265,380,18.8,58,270
MSap,78,283,386,17.2,58,-820
MSap,79,292,388,17.1,56,-764
MSap,80,297,388,17.2,53,-513
MSap,81,293,380,17.1,53,-383
MSap,82,302,389,17.1,53,-236
MSap,83,296,391,16.2,53,695
MSap,84,296,386,17.2,56,-575
MSap,85,300,382,17.4,57,-488
MSap,86,304,381,17.2,58,-628
MSap,87,299,374,17.1,57,-984
MSap,88,297,371,16.3,60,-375
MSap,89,304,355,16.1,54,-242
MSapa,90,281,353,15.2,54,-757
MSapa,91,277,356,16.9,54,65
MSapa,92,280,358,16.9,54,247
MSapa,93,269,363,17.0,54,-61
MSapa,94,263,365,16.9,54,454
MSapa,95,270,353,17.1,54,432
MSapa,96,268,357,18.0,54,-330
MSapa,97,267,362,18.9,53,-438
MSapa,98,265,369,19.1,53,-251
MSapa,99,261,371,20.0,53,0
MSapa,100,265,375,20.0,54,47
MSapa,101,267,379,19.9,54,67
MSapa,102,270,386,19.9,53,-490
MSapa,103,273,391,19.1,51,-60
MSapa,104,277,392,19.1,48,-353
MSapa,105,286,398,18.2,50,-904
MSapa,106,285,392,18.1,46,-850
MSapa,107,287,389,18.2,46,414
MSapa,108,287,386,18.1,46,-504
MSapa,109,288,390,18.2,48,-208
MSapa,110,289,386,18.3,48,310
MSapa,111,284,388,18.2,46,3
MSapa,112,288,381,18.4,46,-140
MSapa,113,293,374,18.4,48,-790
MSapa,114,295,365,18.2,46,-681
MSapa,115,296,366,18.1,46,-681
MSapa,116,304,358,19.0,44,-533
MSapa,117,306,351,18.0,36,-234
MSapaa,118,296,345,17.3,42,946
MSapaa,119,288,342,18.2,34,142
MSapaa,120,284,343,18.3,42,1023
MSapaa,121,269,341,19.1,44,356
MSapaa,122,262,335,18.9,44,833
MSapaa,123,262,333,19.1,44,-101
MSapaa,124,263,339,19.9,44,199
MSapaa,125,260,336,19.1,44,308
MSapaa,126,255,330,19.0,44,-360
MSapaa,127,257,330,18.1,44,-1101
MSapaa,128,262,331,18.1,44,-182
MSapaa,129,256,329,18.9,44,-173
MSapaa,130,253,327,18.9,43,58
MSapaa,131,252,329,18.9,43,984
MSapaa,132,253,330,18.1,42,306
MSapaa,133,265,327,18.2,42,9
MSapaa,134,263,330,18.2,43,103
MSapaa,135,260,327,18.0,40,-576
MSapaa,136,251,328,17.2,41,332
MSapaa,137,250,329,17.9,38,662
MSapaa,138,248,331,17.2,41,399
MSapaa,139,238,333,17.2,41,254
MSapaa,140,241,331,17.1,41,376
MSapaa,141,237,330,17.1,41,1384
MSapaa,142,238,332,17.1,41,-1168
MSapaa,143,240,333,17.2,41,-393
MSapaa,144,236,330,18.0,41,-271
MSapaa,145,239,332,18.0,41,580
MSapaa,146,238,331,17.3,41,730
MSapaa,147,240,330,18.0,39,579
MSapaa,148,248,332,17.3,41,837
MSapaa,149,252,332,17.2,41,-959
MSapaa,150,248,335,17.1,35,-719
MSapaa,151,248,336,17.1,37,1556
MSapaaa,152,226,335,17.1,35,1540
MSapaaa,153,226,339,17.1,35,1440
MSapaaa,154,225,341,17.8,37,-365
MSapaaa,155,228,336,17.8,37,103
MSapaaa,156,228,340,17.8,37,-544
MSapaaa,157,230,338,16.9,37,166
MSapaaa,158,231,338,16.8,37,930
MSapaaa,159,229,333,16.2,37,1864
MSapaaa,160,230,335,16.1,39,-220
MSapaaa,161,229,332,16.0,37,667
MSapaaa,162,229,332,16.1,37,685
MSapaaa,163,227,331,16.0,39,-323
MSapaaa,164,217,330,16.1,37,343
MSapaaa,165,220,333,15.4,41,42
MSapaaa,166,221,336,16.1,37,-37
MSapaaa,167,220,337,16.1,37,-617
MSapaaa,168,219,338,16.1,36,38
MSapaaa,169,217,343,16.0,36,525
MSapaaa,170,213,342,15.9,35,778
MSapaaa,171,214,340,15.3,39,-7
MSapaaa,172,214,335,15.3,36,-906
MSapaaa,173,208,334,15.3,35,-954
MSapaaa,174,206,327,15.4,34,-1136
MSapaaa,175,204,321,15.1,35,312
MSapaaa,176,208,315,14.3,35,-61
MSapaaa,177,204,308,14.2,35,-643
MSapaaa,178,202,314,15.0,35,321
MSapaaa,179,199,313,14.2,35,174
MSapaaa,180,198,313,14.2,35,-1151
MSapaaa,181,195,316,14.2,35,255
MSapaaa,182,194,315,14.3,35,1582
MSapaaa,183,191,316,14.3,35,35
MSapaaa,184,189,320,14.2,35,-677
MSapaaa,185,190,315,14.1,35,675
MSapaaa,186,189,313,14.2,35,-2117
MSapaaa,187,189,313,14.1,35,-834
MSapaaa,188,189,315,14.2,35,-305
MSapaaa,189,189,312,15.0,31,1040
MSapaaa,190,187,316,14.9,31,-937
MSapaaaa,191,167,321,14.2,29,1627
MSapaaaa,192,166,326,14.4,29,1139
MSapaaaa,193,165,317,14.9,31,2
MSapaaaa,194,167,318,15.3,35,-325
MSapaaaa,195,170,318,15.3,33,-524
MSapaaaa,196,174,320,15.2,35,-147
MSapaaaa,197,176,320,15.3,35,1109
MSapaaaa,198,177,320,15.3,35,505
MSapaaaa,199,175,323,16.1,33,-1544
MSapaaaa,200,179,323,15.1,33,2588
MSapaaaa,201,175,322,15.2,35,575
MSapaaaa,202,173,320,16.0,30,-500
MSapaaaa,203,174,325,16.1,30,1632
MSapaaaa,204,176,328,16.2,34,271
MSapaaaa,205,175,324,16.1,34,191
MSapaaap,191,213,310,15.0,31,438
MSapaaap,192,213,306,14.9,31,239
MSapaaap,193,212,306,14.9,31,-651
MSapaaap,194,208,306,14.9,31,-576
MSapaaap,195,207,308,15.1,35,-884
MSapaaap,196,209,309,15.0,33,-532
MSapaaap,197,206,311,15.0,35,466
MSapaaap,198,208,313,15.0,31,-522
MSapaaap,199,212,317,15.2,33,1013
MSapaaap,200,214,321,15.3,35,-14
MSapaaap,201,209,321,16.0,35,667
MSapaaap,202,206,319,15.3,34,1005
MSapaaap,203,206,324,16.1,34,41
MSapaaap,204,204,322,16.1,32,198
MSapaaap,205,208,321,16.0,34,-1973
MSapaap,152,274,322,17.2,33,1834
MSapaap,153,279,318,17.1,35,8
MSapaap,154,282,318,16.9,37,19
MSapaap,155,293,315,16.8,37,-683
MSapaap,156,296,312,16.9,37,1511
MSapaap,157,295,312,16.1,37,-517
MSapaap,158,292,316,16.1,37,-33
MSapaap,159,292,314,16.1,37,168
MSapaap,160,289,311,16.0,37,313
MSapaap,161,292,315,16.1,37,127
MSapaap,162,286,319,16.0,37,114
MSapaap,163,281,322,16.1,37,405
MSapaap,164,272,324,16.9,37,-1211
MSapaap,165,268,323,17.2,37,33
MSapaap,166,268,332,17.8,37,-616
MSapaap,167,269,338,17.9,37,-550
MSapaap,168,266,342,18.0,38,-31
MSapaap,169,262,346,17.9,36,-191
MSapaap,170,260,346,17.4,39,-208
MSapaap,171,254,343,18.0,37,147
MSapaap,172,254,345,17.4,36,83
MSapaap,173,253,342,18.2,37,535
MSapaap,174,251,342,17.3,36,172
MSapaap,175,252,334,17.3,35,183
MSapaap,176,250,335,18.0,35,-920
MSapaap,177,250,331,17.3,35,-320
MSapaap,178,255,330,17.3,35,625
MSapaap,179,253,334,17.2,35,-956
MSapaap,180,246,336,17.1,35,534
MSapaap,181,243,336,17.1,35,-199
MSapaap,182,241,335,17.2,35,-181
MSapaap,183,238,334,17.1,35,-672
MSapaap,184,237,338,17.2,35,1988
MSapaap,185,239,331,17.2,35,53
MSapaap,186,239,335,17.2,35,-700
MSapaap,187,237,334,17.2,35,1273
MSapaap,188,236,336,18.1,35,-355
MSapaap,189,237,333,18.3,35,451
MSapaap,190,236,329,19.0,35,-528
MSapaap,191,238,332,18.4,35,242
MSapaap,192,240,332,19.1,35,660
MSapaap,193,241,331,18.2,35,-1066
MSapaap,194,240,330,18.2,35,1530
MSapaap,195,243,332,18.3,35,1110
MSapaap,196,246,333,18.3,33,-191
MSapaap,197,250,331,18.3,35,-1300
MSapaap,198,253,339,18.3,35,-482
MSapaap,199,254,340,19.0,35,-52
MSapaap,200,254,336,19.0,35,1631
MSapaap,201,254,334,18.3,35,925
MSapaap,202,257,338,19.0,30,1706
MSapaap,203,259,341,18.1,30,-1883
MSapaap,204,258,339,19.0,30,-824
MSapaap,205,254,337,19.0,30,3112
MSapap,118,333,346,18.9,29,447
MSapap,119,347,351,19.1,40,1309
MSapap,120,350,351,19.1,44,-103
MSapap,121,352,350,20.0,44,-258
MSapap,122,351,350,20.0,44,346
MSapap,123,350,360,20.0,44,202
MSapap,124,348,366,20.1,44,-476
MSapap,125,343,362,20.1,44,661
MSapap,126,339,353,20.1,44,1183
MSapap,127,335,344,19.9,44,908
MSapap,128,336,342,19.8,44,-525
MSapap,129,337,338,19.1,44,-11
MSapap,130,334,337,20.0,43,576
MSapap,131,331,341,19.1,43,-475
MSapap,132,332,339,19.0,42,-914
MSapap,133,336,349,19.0,40,827
MSapap,134,334,343,19.1,43,261
MSapap,135,328,341,20.0,42,861
MSapap,136,324,332,19.1,41,-1176
MSapap,137,322,333,19.1,42,612
MSapap,138,324,337,19.2,41,207
MSapap,139,317,341,18.2,41,918
MSapap,140,318,344,18.0,41,328
MSapap,141,315,344,17.3,41,789
MSapap,142,318,348,17.2,41,-1078
MSapap,143,311,352,17.2,41,372
MSapap,144,308,350,17.2,41,-817
MSapap,145,310,351,17.2,41,928
MSapap,146,307,350,17.2,41,-512
MSapap,147,307,345,16.4,41,105
MSapap,148,304,350,17.1,41,943
MSapap,149,306,353,16.4,41,543
MSapap,150,309,355,16.4,41,-564
MSapap,151,304,355,17.0,37,47
MSapap,152,310,348,17.0,33,-682
MSapapa,153,299,357,17.0,29,796
MSapapa,154,288,369,17.2,35,770
MSapapa,155,284,371,17.1,35,544
MSapapa,156,286,373,17.1,37,-632
MSapapa,157,286,372,17.0,37,-412
MSapapa,158,287,371,16.1,37,-972
MSapapa,159,287,367,15.9,37,-1163
MSapapa,160,291,365,16.1,37,-119
MSapapa,161,291,367,15.3,39,-1043
MSapapa,162,292,368,15.3,39,449
MSapapa,163,289,365,16.0,41,1163
MSapapa,164,285,360,15.9,37,318
MSapapa,165,289,358,16.0,37,300
MSapapa,166,292,360,16.1,39,-297
MSapapa,167,294,359,16.1,37,-3
MSapapa,168,297,357,16.2,38,660
MSapapa,169,297,355,16.1,36,499
MSapapa,170,296,353,16.9,35,-392
MSapapa,171,294,349,16.9,35,347
MSapapa,172,296,344,16.2,36,743
MSapapa,173,294,342,16.1,37,216
MSapapa,174,284,348,15.4,36,2476
MSapapa,175,281,350,16.1,35,2355
MSapapa,176,280,351,16.0,35,486
MSapapa,177,278,343,15.3,35,747
MSapapa,178,279,343,15.2,35,1955
MSapapa,179,279,343,16.0,35,1863
MSapapa,180,280,338,16.0,35,-588
MSapapa,181,276,334,16.0,35,930
MSapapa,182,273,332,15.2,35,2413
MSapapa,183,270,331,15.2,35,789
MSapapa,184,268,328,15.1,35,1599
MSapapa,185,266,321,15.1,35,1795
MSapapa,186,267,325,15.0,35,136
MSapapa,187,258,331,14.3,35,1986
MSapapa,188,259,330,15.0,35,4049
MSapapa,189,258,335,15.0,35,1900
MSapapa,190,256,335,14.4,33,4785
MSapapa,191,254,338,15.1,31,4056
MSapapa,192,255,341,14.1,31,7943
MSapapaa,193,234,341,14.9,31,5332
MSapapaa,194,233,340,14.9,31,3966
MSapapaa,195,234,337,15.8,31,2582
MSapapaa,196,232,340,15.3,33,4253
MSapapaa,197,228,342,15.9,31,4741
MSapapaa,198,227,341,15.3,33,4121
MSapapaa,199,232,344,15.9,31,8900
MSapapaa,200,234,343,15.1,33,5678
MSapapaa,201,235,341,15.0,31,5366
MSapapaa,202,231,343,14.9,30,7914
MSapapaa,203,230,345,15.1,30,6852
MSapapaa,204,230,347,15.2,30,9301
MSapapaa,205,230,343,15.0,32,6564
MSapapap,193,280,336,14.8,31,4189
MSapapap,194,287,340,14.9,31,4636
MSapapap,195,285,336,15.0,31,1810
MSapapap,196,278,342,15.0,31,4211
MSapapap,197,279,347,15.0,33,2792
MSapapap,198,277,346,15.2,35,4341
MSapapap,199,276,350,15.2,35,3807
MSapapap,200,273,348,15.2,33,3756
MSapapap,201,271,351,15.1,35,6294
MSapapap,202,269,350,15.0,32,3412
MSapapap,203,265,349,15.0,34,5309
MSapapap,204,266,348,14.4,34,4191
MSapapap,205,265,346,14.3,34,5432
MSapapp,153,334,347,16.3,33,-878
MSapapp,154,338,342,16.3,35,372
MSapapp,155,341,341,15.9,37,391
MSapapp,156,343,344,15.2,37,494
MSapapp,157,349,342,15.8,37,-483
MSapapp,158,347,342,15.1,37,-69
MSapapp,159,341,337,15.1,37,108
MSapapp,160,336,334,15.2,37,-913
MSapapp,161,337,337,15.1,37,975
MSapapp,162,338,334,15.0,37,-299
MSapapp,163,337,335,15.1,37,196
MSapapp,164,338,336,15.2,39,-346
MSapapp,165,337,336,15.1,37,-294
MSapapp,166,342,338,15.2,39,40
MSapapp,167,346,340,15.8,37,278
MSapapp,168,344,345,15.0,36,402
MSapapp,169,346,340,15.0,36,1324
MSapapp,170,347,341,14.4,37,799
MSapapp,171,343,336,14.3,37,1207
MSapapp,172,345,336,14.9,34,1540
MSapapp,173,337,335,14.1,37,89
MSapapp,174,337,336,14.2,36,1186
MSapapp,175,333,337,14.1,35,314
MSapapp,176,326,339,14.1,35,8
MSapapp,177,320,342,14.2,35,1641
MSapapp,178,318,341,14.2,35,1096
MSapapp,179,317,340,14.2,35,1828
MSapapp,180,314,338,14.0,35,820
MSapapp,181,312,336,14.1,35,1542
MSapapp,182,310,337,14.0,35,103
MSapapp,183,303,334,14.0,35,897
MSapapp,184,303,330,13.2,35,1541
MSapapp,185,306,327,13.1,35,2035
MSapapp,186,305,321,12.3,35,2963
MSapapp,187,301,313,12.2,35,1996
MSapapp,188,306,308,11.6,35,3886
MSapapp,189,305,313,11.4,35,3132
MSapapp,190,300,316,11.2,35,2835
MSapapp,191,298,319,11.2,35,4570
MSapapp,192,301,317,11.2,35,2657
MSapapp,193,302,315,10.5,35,3415
MSapapp,194,295,318,11.1,35,3927
MSapapp,195,294,320,11.1,35,5842
MSapapp,196,289,320,11.1,33,4114
MSapapp,197,290,320,11.3,35,7333
MSapapp,198,289,317,11.9,31,11143
MSapapp,199,287,321,11.2,33,9238
MSapapp,200,287,322,11.2,29,8876
MSapappa,201,271,324,12.0,29,6863
MSapappa,202,264,324,12.0,30,7045
MSapappa,203,264,315,12.1,30,7206
MSapappa,204,273,312,12.1,30,7868
MSapappa,205,272,312,12.3,34,4118
MSapappp,201,306,311,11.0,29,5261
MSapappp,202,310,304,11.1,28,9401
MSapappp,203,311,307,11.0,30,8009
MSapappp,204,311,308,11.2,30,6290
MSapappp,205,308,304,11.0,30,6149
MSapp,90,317,357,18.0,36,-271
MSapp,91,327,369,20.0,54,252
MSapp,92,343,380,20.1,54,271
MSapp,93,354,374,20.2,54,-679
MSapp,94,355,371,21.2,54,-43
MSapp,95,364,385,22.1,54,-50
MSapp,96,361,392,22.0,54,-362
MSapp,97,366,393,22.0,53,-729
MSapp,98,365,392,22.9,53,-119
MSapp,99,362,393,23.0,53,-97
MSapp,100,364,392,23.0,54,-54
MSapp,101,358,393,22.9,54,-529
MSapp,102,369,401,22.1,53,576
MSapp,103,367,403,22.0,51,626
MSapp,104,368,402,22.1,50,278
MSapp,105,375,399,22.0,50,-605
MSapp,106,378,399,21.4,46,310
MSapp,107,377,396,22.2,48,-406
MSapp,108,384,390,22.2,48,429
MSapp,109,387,387,23.1,48,-21
MSapp,110,396,383,22.1,48,-86
MSapp,111,405,383,22.1,48,-242
MSapp,112,406,381,22.2,48,-66
MSapp,113,402,377,22.2,48,-413
MSapp,114,401,372,21.3,48,-641
MSapp,115,400,372,21.2,48,-144
MSapp,116,403,369,21.1,44,85
MSapp,117,412,367,21.0,44,-87
MSapp,118,414,370,20.1,40,-712
MSapp,119,434,365,20.2,48,353
MSappa,120,404,375,20.3,34,324
MSappa,121,399,370,20.1,40,-1387
MSappa,122,403,373,20.0,44,838
MSappa,123,396,373,20.0,44,712
MSappa,124,392,372,19.9,44,-535
MSappa,125,389,368,19.1,44,-111
MSappa,126,380,365,20.0,44,-371
MSappa,127,377,360,20.0,44,-13
MSappa,128,378,352,20.9,44,456
MSappa,129,375,351,20.9,44,-634
MSappa,130,373,347,21.0,43,486
MSappa,131,373,345,20.9,43,182
MSappa,132,373,347,21.0,42,781
MSappa,133,380,346,21.9,40,494
MSappa,134,378,349,21.1,41,781
MSappa,135,377,349,20.9,38,73
MSappa,136,369,351,20.1,39,88
MSappa,137,371,348,20.0,38,-107
MSappa,138,371,347,20.0,41,52
MSappa,139,371,342,20.1,39,-54
MSappa,140,374,339,20.1,37,464
MSappa,141,373,338,20.0,37,-469
MSappa,142,371,337,19.2,41,397
MSappa,143,366,335,19.1,41,911
MSappa,144,362,336,19.1,41,-37
MSappa,145,357,337,18.3,41,511
MSappa,146,358,333,19.1,41,460
MSappa,147,361,331,18.9,37,662
MSappa,148,360,341,18.2,39,437
MSappa,149,361,335,18.0,39,-437
MSappa,150,363,328,18.2,39,392
MSappa,151,363,331,18.3,39,249
MSappa,152,363,333,20.0,41,-314
MSappa,153,362,330,20.1,39,-266
MSappa,154,355,331,20.1,41,-267
MSappa,155,353,325,20.0,35,-384
MSappa,156,353,328,20.2,35,510
MSappaa,157,335,328,19.4,35,415
MSappaa,158,329,333,20.0,35,974
MSappaa,159,328,335,20.0,37,188
MSappaa,160,333,331,19.9,37,-130
MSappaa,161,333,334,19.1,37,-107
MSappaa,162,332,333,19.0,37,-95
MSappaa,163,331,333,20.0,37,166
MSappaa,164,332,334,20.0,37,-737
MSappaa,165,330,336,19.9,37,-194
MSappaa,166,331,340,19.2,39,68
MSappaa,167,335,338,19.0,39,-326
MSappaa,168,335,339,19.0,40,650
MSappaa,169,331,341,19.1,40,197
MSappaa,170,328,343,18.2,39,1318
MSappaa,171,326,339,18.1,37,-191
MSappaa,172,330,337,18.1,36,-817
MSappaa,173,327,337,18.1,35,-15
MSappaa,174,329,339,17.2,36,-1087
MSappaa,175,325,345,17.2,35,-1103
MSappaa,176,316,346,17.0,29,52
MSappaa,177,314,342,17.2,35,733
MSappaa,178,314,342,17.0,35,-717
MSappaa,179,317,343,17.1,35,-844
MSappaa,180,316,339,17.2,35,296
MSappaa,181,311,339,17.1,35,194
MSappaa,182,311,342,17.3,35,67
MSappaa,183,307,341,17.3,35,-237
MSappaa,184,306,336,17.2,35,-420
MSappaa,185,305,337,18.0,35,1097
MSappaa,186,308,332,18.1,35,-142
MSappaa,187,307,328,17.1,35,-1361
MSappaa,188,307,328,16.3,35,499
MSappaa,189,302,331,17.2,35,-1047
MSappaa,190,296,332,18.0,35,-1161
MSappaa,191,301,339,17.1,35,740
MSappaa,192,298,335,17.2,35,-1455
MSappaa,193,302,330,17.2,35,-1001
MSappaa,194,303,331,17.2,35,-392
MSappaa,195,301,332,18.0,35,-53
MSappaa,196,299,333,18.0,35,-251
MSappaa,197,302,330,18.1,35,-821
MSappaa,198,302,331,18.0,35,525
MSappaa,199,306,330,17.2,35,471
MSappaa,200,310,329,17.2,35,567
MSappaa,201,310,327,17.0,35,474
MSappaa,202,311,328,17.1,34,-755
MSappaa,203,314,325,17.1,34,-346
MSappaa,204,313,324,16.3,34,-1434
MSappaa,205,312,323,17.1,34,-695
MSappap,157,386,323,21.1,37,-302
MSappap,158,382,325,21.1,35,148
MSappap,159,383,331,21.1,37,-1630
MSappap,160,389,328,21.0,37,-60
MSappap,161,395,332,20.3,39,479
MSappap,162,397,333,21.1,39,-93
MSappap,163,394,333,20.9,37,370
MSappap,164,392,334,20.2,39,663
MSappap,165,394,334,20.0,37,-857
MSappap,166,393,334,19.9,37,-863
MSappap,167,396,335,20.0,39,26
MSappap,168,399,335,19.1,36,379
MSappap,169,394,335,18.9,36,-1018
MSappap,170,392,338,18.1,37,459
MSappap,171,389,339,18.3,37,643
MSappap,172,385,340,18.6,37,593
MSappap,173,382,341,18.8,37,71
MSappap,174,378,343,19.0,36,-200
MSappap,175,376,342,19.1,35,-1189
MSappap,176,370,345,18.2,35,837
MSappap,177,363,342,18.2,35,6
MSappap,178,361,338,19.1,35,-315
MSappap,179,363,339,19.1,35,-5
MSappap,180,358,340,19.0,35,2
MSappap,181,358,345,19.0,35,438
MSappap,182,360,348,19.1,35,1742
MSappap,183,357,348,19.1,35,833
MSappap,184,356,348,19.2,35,-698
MSappap,185,352,345,19.3,35,-822
MSappap,186,352,340,19.2,35,-811
MSappap,187,350,338,19.2,35,416
MSappap,188,344,339,19.0,35,468
MSappap,189,349,339,18.1,35,-767
MSappap,190,348,336,17.3,35,-45
MSappap,191,347,339,17.3,35,804
MSappap,192,346,338,17.3,33,-126
MSappap,193,348,338,17.3,35,-838
MSappap,194,345,342,18.1,35,-473
MSappap,195,342,345,18.2,35,-1427
MSappap,196,340,350,19.0,35,-471
MSappap,197,338,350,18.3,35,1173
MSappap,198,335,349,19.1,33,-1066
MSappap,199,340,349,18.3,35,10
MSappap,200,340,349,18.3,35,468
MSappap,201,337,349,19.0,35,-473
MSappap,202,335,354,18.0,34,125
MSappap,203,335,354,18.2,34,470
MSappap,204,336,355,18.3,33,-951
MSappap,205,337,356,18.5,33,-661
MSappp,120,459,365,21.9,44,-1156
MSappp,121,465,363,20.2,34,518
MSappp,122,467,362,20.0,44,1164
MSappp,123,470,365,20.0,44,-118
MSappp,124,469,362,19.9,44,582
MSappp,125,465,361,20.0,44,227
MSappp,126,459,352,20.1,44,609
MSappp,127,449,347,20.0,44,1431
MSappp,128,447,346,20.0,44,-149
MSappp,129,445,343,19.9,44,-101
MSappp,130,444,342,19.9,43,252
MSappp,131,441,339,19.0,43,-1295
MSappp,132,439,340,18.9,42,205
MSappp,133,439,343,18.2,42,58
MSappp,134,440,346,18.2,43,1751
MSappp,135,435,343,18.1,42,436
MSappp,136,427,340,18.1,41,790
MSappp,137,430,339,18.1,42,685
MSappp,138,433,340,17.3,41,991
MSappp,139,442,340,18.2,41,-74
MSappp,140,441,336,18.3,41,-354
MSappp,141,433,331,19.1,41,1339
MSappp,142,431,327,18.1,41,-804
MSappp,143,424,330,18.2,41,-89
MSappp,144,416,336,18.1,41,-178
MSappp,145,417,335,18.1,41,285
MSappp,146,410,339,17.2,41,924
MSappp,147,406,337,17.1,41,643
MSappp,148,409,335,17.1,41,683
MSappp,149,407,339,17.2,41,-246
MSappp,150,407,346,16.2,41,349
MSappp,151,403,348,16.1,41,522
MSappp,152,399,352,17.0,41,42
MSappp,153,400,355,16.4,41,-130
MSappp,154,400,354,16.3,41,-451
MSappp,155,399,355,16.3,39,1079
MSappp,156,401,351,17.0,37,546
MSappp,157,403,348,17.0,35,1041
MSapppa,158,382,346,16.3,31,116
MSapppa,159,375,349,16.1,35,-684
MSapppa,160,373,347,16.0,35,644
MSapppa,161,376,351,16.0,37,756
MSapppa,162,376,349,15.9,37,97
MSapppa,163,376,348,15.9,37,535
MSapppa,164,379,348,15.9,37,821
MSapppa,165,379,350,15.9,37,-163
MSapppa,166,382,354,16.0,37,293
MSapppa,167,387,355,16.0,37,-30
MSapppa,168,389,357,16.1,36,-282
MSapppa,169,391,352,16.0,38,803
MSapppa,170,392,351,16.0,37,1342
MSapppa,171,388,350,16.1,37,402
MSapppa,172,388,350,16.1,36,2460
MSapppa,173,385,350,16.2,37,661
MSapppa,174,384,354,15.4,34,1027
MSapppa,175,380,355,15.3,35,-560
MSapppa,176,374,355,15.2,35,-44
MSapppa,177,368,356,15.2,35,1055
MSapppa,178,364,357,15.3,35,724
MSapppa,179,358,355,15.2,35,2650
MSapppa,180,355,355,15.1,35,62
MSapppa,181,351,358,15.1,35,539
MSapppa,182,349,361,16.0,35,1086
MSapppa,183,341,359,15.2,35,1409
MSapppa,184,338,357,15.2,35,571
MSapppa,185,335,360,15.2,35,2557
MSapppa,186,332,360,16.0,35,377
MSapppa,187,324,356,15.3,35,1922
MSapppa,188,316,355,15.2,35,3483
MSapppa,189,314,360,15.4,35,920
MSapppa,190,308,360,15.3,35,5229
MSapppa,191,304,357,15.2,35,5734
MSapppa,192,307,360,15.0,35,2930
MSapppa,193,313,361,14.3,35,5027
MSapppa,194,312,361,14.2,35,4762
MSapppa,195,308,363,14.3,35,4545
MSapppa,196,307,360,14.2,35,5535
MSapppa,197,306,362,14.3,33,7113
MSapppa,198,302,366,14.2,35,6870
MSapppa,199,303,370,14.2,35,6958
MSapppa,200,304,369,14.2,35,8176
MSapppa,201,304,366,14.2,35,6860
MSapppa,202,302,361,14.2,34,8014
MSapppa,203,297,358,15.0,34,9634
MSapppa,204,296,365,14.2,32,12694
MSapppa,205,293,363,14.3,32,11066
MSapppp,158,428,342,18.0,37,-91
MSapppp,159,432,338,17.9,37,530
MSapppp,160,436,336,17.9,37,-334
MSapppp,161,436,336,17.1,37,417
MSapppp,162,431,332,17.1,37,393
MSapppp,163,428,328,16.2,37,-385
MSapppp,164,427,333,15.2,37,782
MSapppp,165,426,339,15.0,37,-469
MSapppp,166,423,343,15.0,37,-278
MSapppp,167,426,346,15.0,37,574
MSapppp,168,428,350,14.1,36,-587
MSapppp,169,430,350,13.9,36,45
MSapppp,170,432,354,13.2,37,322
MSapppp,171,432,360,13.1,37,-129
MSapppp,172,427,357,13.0,36,434
MSapppp,173,421,359,13.0,37,309
MSapppp,174,421,359,12.4,36,626
MSapppp,175,419,358,13.1,35,1874
MSapppp,176,414,363,13.2,35,2275
MSapppp,177,406,363,14.1,35,1608
MSapppp,178,402,360,14.1,35,210
MSapppp,179,400,357,14.1,35,3006
MSapppp,180,401,357,14.2,35,99
MSapppp,181,396,355,14.1,35,575
MSapppp,182,397,359,14.2,35,1154
MSapppp,183,392,356,14.1,35,1450
MSapppp,184,388,356,14.2,35,1486
MSapppp,185,386,360,14.3,35,2110
MSapppp,186,385,358,14.2,35,1361
MSapppp,187,379,353,14.0,35,2530
MSapppp,188,375,351,14.1,35,2779
MSapppp,189,372,345,14.0,35,4517
MSapppp,190,363,338,13.3,35,1436
MSapppp,191,363,336,13.2,35,4378
MSapppp,192,363,332,13.2,35,3793
MSapppp,193,367,336,13.2,35,6922
MSapppp,194,360,333,13.1,35,5361
MSapppp,195,356,336,13.1,35,4917
MSapppp,196,352,334,13.2,35,5725
MSapppp,197,354,332,13.1,35,5293
MSapppp,198,353,335,12.2,35,6065
MSapppp,199,349,335,13.1,35,6916
MSapppp,200,354,335,12.2,35,9098
MSapppp,201,356,332,12.1,35,7466
MSapppp,202,354,332,12.1,34,8118
MSapppp,203,354,334,12.1,34,12495
MSapppp,204,357,338,12.0,34,11288
MSapppp,205,351,335,12.1,34,12037
MSp,47,336,324,21.5,52,-572
MSp,48,346,316,22.0,52,378
MSp,49,356,308,22.5,52,156
MSp,50,366,300,23.0,52,924
MSp,51,366,300,23.0,52,-548
MSp,52,370,300,23.0,52,77
MSp,53,374,299,23.0,52,134
MSp,54,378,298,23.0,52,-779
MSp,55,383,297,23.0,52,-407
MSp,56,367,305,23.0,52,-258
MSp,57,364,305,23.1,52,616
MSp,58,360,304,23.3,52,-330
MSp,59,356,304,23.4,52,-224
MSp,60,352,303,23.5,52,-177
MSp,61,348,303,23.6,52,-224
MSp,62,344,302,23.8,52,-548
MSp,63,340,302,23.9,52,-467
MSp,64,336,301,24.0,52,74
MSpa,65,329,304,24.0,52,-409
MSpa,66,322,307,24.0,52,48
MSpa,67,314,311,24.0,52,152
MSpa,68,306,315,24.0,47,-37
MSpa,69,297,320,24.0,42,224
MSpa,70,291,327,24.0,40,231
MSpa,71,294,326,24.0,44,244
MSpa,72,291,321,25.0,59,-148
MSpa,73,295,314,24.9,61,-1
MSpa,74,297,317,25.0,62,117
MSpa,75,294,314,25.0,62,-464
MSpa,76,291,314,24.1,61,-563
MSpa,77,296,315,24.9,58,74
MSpa,78,304,320,25.0,60,-627
MSpa,79,311,325,24.1,56,63
MSpa,80,311,336,24.1,53,-128
MSpa,81,302,329,25.0,53,-295
MSpa,82,311,317,25.0,53,49
MSpa,83,312,318,24.2,53,-331
MSpa,84,322,307,25.0,56,619
MSpa,85,325,298,24.1,57,-129
MSpa,86,317,293,24.0,52,-147
MSpa,87,306,278,23.9,53,-698
MSpa,88,292,269,23.1,36,-45
MSpaa,89,296,268,23.0,42,905
MSpaa,90,292,264,23.0,54,-100
MSpaa,91,282,256,23.9,54,-75
MSpaa,92,284,254,22.9,54,-763
MSpaa,93,276,259,23.8,54,-260
MSpaa,94,277,261,24.0,54,-705
MSpaa,95,285,255,23.9,54,-756
MSpaa,96,292,249,23.2,52,-342
MSpaa,97,290,251,23.0,53,111
MSpaa,98,294,251,24.0,53,188
MSpaa,99,296,249,23.0,53,54
MSpaa,100,301,256,22.1,54,14
MSpaa,101,298,260,21.9,54,-652
MSpaa,102,303,263,21.9,53,-148
MSpaa,103,307,266,22.0,51,-568
MSpaa,104,305,268,21.1,48,267
MSpaa,105,308,270,21.1,48,-127
MSpaa,106,307,266,21.2,48,204
MSpaa,107,308,258,22.0,48,-775
MSpaa,108,311,259,21.9,44,-693
MSpaa,109,307,251,20.2,46,-377
MSpaa,110,306,251,21.1,48,818
MSpaa,111,302,252,20.1,46,-445
MSpaa,112,302,250,20.1,46,-190
MSpaa,113,303,252,21.0,44,-83
MSpaa,114,307,247,20.1,42,-196
MSpaa,115,301,252,21.0,46,781
MSpaaa,116,270,238,22.0,44,-59
MSpaaa,117,265,235,20.1,44,1016
MSpaaa,118,260,232,20.0,44,114
MSpaaa,119,252,233,21.0,44,-21
MSpaaa,120,249,240,21.0,44,144
MSpaaa,121,250,243,21.0,44,-267
MSpaaa,122,253,239,21.0,46,-55
MSpaaa,123,250,239,21.0,44,152
MSpaaa,124,246,239,20.9,44,-166
MSpaaa,125,245,232,21.0,44,527
MSpaaa,126,245,223,21.0,44,-728
MSpaaa,127,248,216,21.0,44,-1094
MSpaaa,128,242,216,21.0,44,371
MSpaaa,129,245,214,21.0,44,-955
MSpaaa,130,244,218,20.1,45,-424
MSpaaa,131,249,219,19.1,45,-836
MSpaaa,132,243,217,19.1,44,481
MSpaaa,133,239,214,19.1,44,-93
MSpaaa,134,240,212,18.3,43,-27
MSpaaa,135,245,207,19.1,42,-177
MSpaaa,136,237,205,19.2,41,1571
MSpaaa,137,231,206,18.3,42,-891
MSpaaa,138,230,212,18.1,41,525
MSpaaa,139,231,212,18.1,41,334
MSpaaa,140,231,214,17.1,41,-1089
MSpaaa,141,233,213,17.2,41,-764
MSpaaa,142,233,212,17.2,41,-362
MSpaaa,143,231,210,17.0,37,370
MSpaaa,144,238,217,16.1,33,-1203
MSpaaa,145,236,216,17.0,41,99
MSpaaaa,146,210,208,17.1,35,848
MSpaaaa,147,206,205,17.0,37,-296
MSpaaaa,148,198,209,16.9,37,312
MSpaaaa,149,192,204,16.1,37,-636
MSpaaaa,150,191,203,16.1,37,214
MSpaaaa,151,187,203,16.9,37,-834
MSpaaaa,152,183,202,17.0,37,135
MSpaaaa,153,176,206,17.0,39,457
MSpaaaa,154,181,205,17.0,37,-379
MSpaaaa,155,177,202,17.1,39,-746
MSpaaaa,156,175,198,16.3,41,-1
MSpaaaa,157,173,204,16.4,39,-195
MSpaaaa,158,172,201,16.2,39,-819
MSpaaaa,159,175,202,16.2,41,-301
MSpaaaa,160,175,203,16.2,41,1293
MSpaaaa,161,176,204,15.4,41,-563
MSpaaaa,162,172,201,15.2,39,-546
MSpaaaa,163,173,200,15.2,39,-808
MSpaaaa,164,170,199,16.0,39,96
MSpaaaa,165,171,193,16.0,39,1385
MSpaaaa,166,172,195,16.0,39,-904
MSpaaaa,167,169,202,16.0,37,-374
MSpaaaa,168,173,211,15.1,38,289
MSpaaaa,169,174,211,14.4,38,-554
MSpaaaa,170,178,212,14.4,37,-996
MSpaaaa,171,177,211,14.3,39,1768
MSpaaaa,172,179,210,15.0,38,-384
MSpaaaa,173,182,214,14.3,37,-21
MSpaaaa,174,187,211,14.1,36,-703
MSpaaaa,175,194,207,14.2,35,-704
MSpaaaa,176,191,213,14.2,35,945
MSpaaaa,177,189,213,14.1,35,-938
MSpaaaa,178,185,209,13.3,33,147
MSpaaaa,179,182,209,14.0,31,422
MSpaaaa,180,175,212,14.9,31,-768
MSpaaaaa,181,166,201,15.0,31,-383
MSpaaaaa,182,159,196,14.9,31,-749
MSpaaaaa,183,157,193,15.0,31,1810
MSpaaaaa,184,158,198,14.3,33,689
MSpaaaaa,185,154,193,14.1,31,-839
MSpaaaaa,186,152,192,14.4,35,-954
MSpaaaaa,187,148,192,15.3,35,-315
MSpaaaaa,188,146,189,15.4,35,588
MSpaaaaa,189,147,191,16.3,35,530
MSpaaaaa,190,146,191,16.1,35,541
MSpaaaaa,191,153,190,16.1,33,-57
MSpaaaaa,192,150,191,16.2,33,-430
MSpaaaaa,193,150,193,16.2,35,475
MSpaaaaa,194,152,196,16.0,35,260
MSpaaaaa,195,157,196,15.4,33,-356
MSpaaaaa,196,161,193,16.2,35,-77
MSpaaaaa,197,159,193,16.2,35,1015
MSpaaaaa,198,162,196,16.1,33,548
MSpaaaaa,199,163,194,16.2,35,239
MSpaaaaa,200,166,197,16.3,35,124
MSpaaaaa,201,163,197,16.1,35,781
MSpaaaaa,202,161,196,16.2,34,300
MSpaaaaa,203,161,202,16.3,34,549
MSpaaaaa,204,159,201,16.1,32,-2510
MSpaaaaa,205,162,202,16.1,34,-519
MSpaaaap,181,193,215,14.1,31,-492
MSpaaaap,182,197,222,14.9,31,465
MSpaaaap,183,196,218,14.2,33,183
MSpaaaap,184,198,219,14.2,35,310
MSpaaaap,185,192,220,14.1,35,-917
MSpaaaap,186,192,219,14.0,35,522
MSpaaaap,187,191,215,14.0,35,-893
MSpaaaap,188,184,216,14.1,35,-112
MSpaaaap,189,183,215,14.1,35,-1231
MSpaaaap,190,183,219,14.1,35,-1140
MSpaaaap,191,185,210,13.4,33,-1957
MSpaaaap,192,181,213,13.4,35,-711
MSpaaaap,193,183,213,14.0,35,640
MSpaaaap,194,182,216,13.3,35,-1
MSpaaaap,195,186,216,13.2,35,-952
MSpaaaap,196,183,214,13.2,35,560
MSpaaaap,197,184,220,13.2,35,-1125
MSpaaaap,198,182,220,13.2,35,-377
MSpaaaap,199,179,220,13.1,35,-751
MSpaaaap,200,182,221,13.2,35,-465
MSpaaaap,201,186,220,13.1,35,-507
MSpaaaap,202,186,219,13.1,34,-149
MSpaaaap,203,183,217,13.2,34,204
MSpaaaap,204,186,217,13.2,34,-364
MSpaaaap,205,190,217,13.2,34,-36
MSpaaap,146,255,220,15.2,35,1503
MSpaaap,147,258,219,14.2,35,870
MSpaaap,148,251,227,14.2,37,-798
MSpaaap,149,252,227,14.9,37,-469
MSpaaap,150,251,229,14.0,37,-627
MSpaaap,151,249,225,14.1,37,661
MSpaaap,152,243,227,14.0,37,519
MSpaaap,153,240,227,14.0,37,978
MSpaaap,154,241,224,14.1,39,-220
MSpaaap,155,239,216,14.0,37,-415
MSpaaap,156,238,214,14.1,37,-684
MSpaaap,157,240,211,14.1,39,-375
MSpaaap,158,238,211,13.9,37,-230
MSpaaap,159,239,213,13.4,39,-483
MSpaaap,160,240,211,14.0,39,-1175
MSpaaap,161,234,204,13.3,39,991
MSpaaap,162,231,202,13.3,39,-112
MSpaaap,163,235,199,13.2,39,-658
MSpaaap,164,235,194,13.3,41,418
MSpaaap,165,236,195,13.3,39,-487
MSpaaap,166,230,201,13.1,41,322
MSpaaap,167,233,203,13.2,41,-1364
MSpaaap,168,236,203,13.1,40,-70
MSpaaap,169,237,204,13.2,40,-432
MSpaaap,170,238,207,13.3,39,-377
MSpaaap,171,240,205,14.0,39,-636
MSpaaap,172,239,203,13.3,38,581
MSpaaap,173,242,209,13.2,37,357
MSpaaap,174,246,206,13.2,36,-274
MSpaaap,175,253,205,13.1,35,-1785
MSpaaap,176,256,204,13.1,35,917
MSpaaap,177,254,200,12.2,35,51
MSpaaap,178,253,203,12.0,35,-447
MSpaaap,179,244,202,12.1,35,235
MSpaaap,180,237,206,12.0,35,-288
MSpaaap,181,243,206,12.0,33,-482
MSpaaap,182,251,203,11.9,31,-634
MSpaaapa,183,238,198,12.0,31,240
MSpaaapa,184,226,202,12.2,31,-679
MSpaaapa,185,228,205,12.7,31,654
MSpaaapa,186,232,204,12.0,31,-1114
MSpaaapa,187,225,200,12.1,31,-292
MSpaaapa,188,217,203,12.8,31,19
MSpaaapa,189,215,207,12.8,31,-44
MSpaaapa,190,212,204,12.2,33,-536
MSpaaapa,191,218,204,12.1,33,-38
MSpaaapa,192,214,202,12.2,33,-862
MSpaaapa,193,215,205,12.1,31,3071
MSpaaapa,194,215,204,11.9,31,774
MSpaaapa,195,213,204,11.1,33,-822
MSpaaapa,196,212,207,11.8,31,-748
MSpaaapa,197,209,210,11.8,31,913
MSpaaapa,198,212,208,11.1,33,-98
MSpaaapa,199,213,208,11.1,31,-1259
MSpaaapa,200,213,209,11.0,33,-791
MSpaaapa,201,216,206,11.1,31,-457
MSpaaapa,202,219,206,11.1,30,855
MSpaaapa,203,216,205,11.1,32,-29
MSpaaapa,204,219,203,11.8,30,-414
MSpaaapa,205,218,203,11.4,32,1375
MSpaaapp,183,259,198,11.0,27,1600
MSpaaapp,184,274,203,11.1,31,-1721
MSpaaapp,185,275,198,11.1,31,-109
MSpaaapp,186,269,200,11.2,35,18
MSpaaapp,187,263,192,11.1,35,407
MSpaaapp,188,255,194,11.0,35,46
MSpaaapp,189,255,192,10.5,33,111
MSpaaapp,190,252,189,11.3,35,100
MSpaaapp,191,256,191,11.1,35,-227
MSpaaapp,192,254,191,11.2,35,-410
MSpaaapp,193,255,192,11.1,35,551
MSpaaapp,194,256,196,10.4,35,657
MSpaaapp,195,258,198,10.5,35,-661
MSpaaapp,196,255,201,10.4,35,-139
MSpaaapp,197,251,203,10.3,35,283
MSpaaapp,198,250,203,10.3,33,-602
MSpaaapp,199,252,206,10.1,35,503
MSpaaapp,200,249,206,10.3,35,-657
MSpaaapp,201,253,202,10.3,35,675
MSpaaapp,202,253,202,10.4,34,925
MSpaaapp,203,252,202,10.4,32,1108
MSpaaapp,204,256,203,10.4,34,-1127
MSpaaapp,205,256,200,11.1,34,-189
MSpaap,116,320,251,21.1,36,530
MSpaap,117,322,247,20.3,40,843
MSpaap,118,324,252,20.9,44,-550
MSpaap,119,328,248,21.1,44,33
MSpaap,120,332,248,21.0,44,645
MSpaap,121,335,251,21.0,44,-782
MSpaap,122,331,256,22.0,46,145
MSpaap,123,328,260,22.0,44,1154
MSpaap,124,322,273,23.0,44,1430
MSpaap,125,317,270,22.0,44,-221
MSpaap,126,319,265,21.2,31,1083
MSpaap,127,321,260,22.0,44,-230
MSpaap,128,327,251,21.9,44,899
MSpaap,129,326,248,21.9,44,-532
MSpaap,130,325,254,21.9,43,-10
MSpaap,131,325,254,21.1,45,799
MSpaap,132,322,256,21.1,42,-915
MSpaap,133,322,260,21.1,42,566
MSpaap,134,316,252,21.0,43,-168
MSpaap,135,320,245,21.0,40,-188
MSpaap,136,322,241,20.3,41,-590
MSpaap,137,322,240,21.1,42,-369
MSpaap,138,316,240,20.2,41,-544
MSpaap,139,308,240,20.2,41,372
MSpaap,140,307,244,21.0,41,-698
MSpaap,141,303,238,21.0,41,-477
MSpaap,142,305,239,20.0,41,507
MSpaap,143,301,240,19.3,39,-404
MSpaap,144,302,240,19.2,39,-542
MSpaap,145,303,237,19.1,39,740
MSpaap,146,299,229,19.1,41,-259
MSpaap,147,296,225,19.1,37,-610
MSpaap,148,309,224,19.0,37,818
MSpaap,149,302,221,19.1,41,-27
MSpaapa,150,285,213,18.2,35,349
MSpaapa,151,283,211,18.1,37,157
MSpaapa,152,280,208,18.1,37,716
MSpaapa,153,277,207,18.0,37,-76
MSpaapa,154,272,204,17.3,41,-239
MSpaapa,155,264,199,17.2,37,-570
MSpaapa,156,266,197,18.1,39,88
MSpaapa,157,263,194,17.4,39,-484
MSpaapa,158,264,191,18.0,39,-976
MSpaapa,159,260,190,18.1,39,-281
MSpaapa,160,255,196,17.3,41,989
MSpaapa,161,251,195,17.2,41,474
MSpaapa,162,254,194,17.1,41,150
MSpaapa,163,255,195,17.1,39,623
MSpaapa,164,254,194,17.2,39,732
MSpaapa,165,251,194,16.1,41,1070
MSpaapa,166,246,198,17.1,41,180
MSpaapa,167,247,202,16.2,41,-300
MSpaapa,168,248,206,17.0,38,394
MSpaapa,169,246,205,16.2,40,-749
MSpaapa,170,248,202,17.1,39,145
MSpaapa,171,250,200,17.2,39,-561
MSpaapa,172,249,201,16.1,38,263
MSpaapa,173,248,199,16.1,37,548
MSpaapa,174,250,196,16.1,36,457
MSpaapa,175,252,193,16.3,35,-659
MSpaapa,176,251,192,17.1,35,-1217
MSpaapa,177,251,189,17.1,35,1512
MSpaapa,178,250,190,16.1,35,-229
MSpaapa,179,248,198,15.0,35,-219
MSpaapa,180,245,201,17.0,35,316
MSpaapa,181,248,205,16.1,35,-382
MSpaapa,182,246,205,17.0,31,-172
MSpaapa,183,243,208,17.1,31,-905
MSpaapa,184,245,205,17.2,31,-1054
MSpaapaa,185,226,213,16.2,31,-1954
MSpaapaa,186,229,210,16.1,31,-848
MSpaapaa,187,225,209,16.0,31,318
MSpaapaa,188,223,209,16.1,31,219
MSpaapaa,189,222,209,16.0,31,59
MSpaapaa,190,215,204,16.1,33,-380
MSpaapaa,191,219,197,15.9,31,-365
MSpaapaa,192,219,197,16.1,31,-1501
MSpaapaa,193,218,198,15.3,33,-1296
MSpaapaa,194,217,200,15.1,31,893
MSpaapaa,195,219,197,14.3,33,-69
MSpaapaa,196,220,194,14.3,35,102
MSpaapaa,197,217,195,14.5,35,7
MSpaapaa,198,214,191,15.0,33,-221
MSpaapaa,199,218,193,14.2,35,-1144
MSpaapaa,200,216,192,15.0,35,385
MSpaapaa,201,217,192,15.1,31,788
MSpaapaa,202,216,188,15.0,32,-204
MSpaapaa,203,216,184,14.4,34,-209
MSpaapaa,204,217,185,15.1,34,-1447
MSpaapaa,205,218,182,15.1,32,788
MSpaapap,185,271,195,17.0,31,590
MSpaapap,186,274,189,17.0,31,-780
MSpaapap,187,274,193,16.9,31,-1041
MSpaapap,188,269,192,17.2,35,-995
MSpaapap,189,270,194,16.3,35,-658
MSpaapap,190,270,195,16.2,35,350
MSpaapap,191,271,193,16.2,35,35
MSpaapap,192,267,188,16.2,35,-1060
MSpaapap,193,265,188,16.1,35,-304
MSpaapap,194,263,188,16.2,35,-871
MSpaapap,195,262,188,16.0,35,-1108
MSpaapap,196,262,188,16.0,35,-554
MSpaapap,197,260,186,16.1,35,389
MSpaapap,198,262,188,16.0,35,-642
MSpaapap,199,260,186,15.1,35,610
MSpaapap,200,261,187,15.2,35,-145
MSpaapap,201,262,190,15.2,35,-730
MSpaapap,202,263,191,15.2,34,-508
MSpaapap,203,262,189,15.3,34,-1708
MSpaapap,204,262,190,16.1,34,-556
MSpaapap,205,266,189,15.2,34,-650
MSpaapp,150,321,234,20.0,35,-580
MSpaapp,151,322,236,20.1,35,-628
MSpaapp,152,321,235,20.1,37,139
MSpaapp,153,328,234,19.9,37,220
MSpaapp,154,331,231,19.8,37,-322
MSpaapp,155,336,224,19.1,37,1012
MSpaapp,156,337,224,18.9,37,-738
MSpaapp,157,334,226,18.8,37,841
MSpaapp,158,331,223,18.1,37,-45
MSpaapp,159,326,222,18.0,37,510
MSpaapp,160,326,217,18.0,37,259
MSpaapp,161,325,217,17.8,37,-329
MSpaapp,162,323,216,17.8,37,-618
MSpaapp,163,318,219,17.9,37,-304
MSpaapp,164,315,218,17.9,37,-811
MSpaapp,165,312,221,17.9,37,493
MSpaapp,166,310,225,17.9,37,1005
MSpaapp,167,304,230,17.9,37,456
MSpaapp,168,302,231,17.8,36,-305
MSpaapp,169,301,229,17.1,36,-1259
MSpaapp,170,301,230,16.9,35,60
MSpaapp,171,306,223,17.1,35,474
MSpaapp,172,312,219,16.8,34,897
MSpaapp,173,313,211,16.1,33,443
MSpaapp,174,310,210,16.2,32,366
MSpaapp,175,316,208,15.9,31,-664
MSpaapp,176,314,208,15.8,31,644
MSpaapp,177,315,202,16.0,31,-957
MSpaapp,178,317,203,15.8,31,-794
MSpaapp,179,315,200,15.9,31,-510
MSpaapp,180,307,201,16.1,31,-1223
MSpaapp,181,312,201,16.1,31,1481
MSpaapp,182,313,199,15.9,31,-1838
MSpaapp,183,313,196,15.8,31,481
MSpaapp,184,313,192,15.9,31,358
MSpaapp,185,320,193,15.8,31,169
MSpaapp,186,320,197,15.2,31,407
MSpaapp,187,323,199,14.9,31,-378
MSpaapp,188,315,200,14.2,31,-579
MSpaapp,189,315,199,14.9,31,-20
MSpaapp,190,319,194,15.1,35,2434
MSpaapp,191,322,192,15.2,35,1056
MSpaapp,192,320,188,14.4,35,318
MSpaapp,193,321,188,15.1,35,831
MSpaapp,194,321,191,15.1,33,790
MSpaapp,195,320,188,14.4,35,1318
MSpaapp,196,320,188,14.3,33,200
MSpaapp,197,318,191,15.0,35,13
MSpaapp,198,317,191,15.0,35,970
MSpaapp,199,316,194,15.1,35,215
MSpaapp,200,319,192,15.0,35,886
MSpaapp,201,320,197,14.3,35,-709
MSpaapp,202,322,199,14.2,32,574
MSpaapp,203,321,200,14.3,34,-201
MSpaapp,204,321,196,14.4,34,88
MSpaapp,205,320,192,15.1,34,716
MSpap,89,349,306,25.1,52,633
MSpap,90,347,314,25.2,54,-223
MSpap,91,351,307,26.0,54,-692
MSpap,92,365,319,26.0,54,-214
MSpap,93,377,317,26.0,54,-188
MSpap,94,382,315,25.1,54,-263
MSpap,95,375,318,25.1,56,-309
MSpap,96,377,322,25.1,54,356
MSpap,97,373,325,25.1,53,139
MSpap,98,375,323,25.1,53,-216
MSpap,99,378,319,25.1,53,-615
MSpap,100,392,326,25.1,56,-323
MSpap,101,385,328,25.1,56,570
MSpap,102,389,338,25.0,53,-423
MSpap,103,384,332,25.1,55,-205
MSpap,104,382,322,25.1,52,14
MSpap,105,382,312,25.0,48,-135
MSpap,106,381,301,25.1,48,-13
MSpap,107,384,297,24.1,48,-902
MSpap,108,386,286,25.0,48,89
MSpap,109,383,289,24.2,48,564
MSpap,110,382,286,24.1,48,-181
MSpap,111,387,287,23.3,48,-205
MSpap,112,387,289,23.2,48,8
MSpap,113,388,287,22.2,46,1
MSpap,114,381,285,23.0,44,-529
MSpap,115,387,288,23.0,44,395
MSpapa,116,364,269,24.1,36,892
MSpapa,117,365,275,24.1,40,-365
MSpapa,118,360,278,24.8,44,663
MSpapa,119,359,275,24.0,44,-249
MSpapa,120,353,271,24.0,44,224
MSpapa,121,349,278,24.3,48,610
MSpapa,122,350,274,25.0,48,54
MSpapa,123,347,273,24.3,46,184
MSpapa,124,348,280,25.1,31,-632
MSpapa,125,340,272,25.0,48,186
MSpapa,126,336,264,24.1,48,319
MSpapa,127,345,266,25.2,48,-168
MSpapa,128,348,264,25.2,48,-242
MSpapa,129,340,256,26.0,44,-252
MSpapa,130,340,256,26.0,44,-127
MSpapa,131,338,245,25.0,45,-1062
MSpapa,132,335,233,26.0,46,-760
MSpapa,133,340,221,26.0,44,825
MSpapa,134,339,208,25.1,43,467
MSpapa,135,341,202,25.1,42,-937
MSpapa,136,340,210,25.0,41,372
MSpapa,137,348,206,26.0,42,-774
MSpapa,138,344,218,25.1,41,268
MSpapa,139,334,224,25.1,41,-268
MSpapa,140,342,223,26.1,41,82
MSpapa,141,343,222,25.1,41,-609
MSpapa,142,345,219,25.1,41,896
MSpapa,143,347,222,24.1,41,1252
MSpapa,144,350,227,24.0,35,537
MSpapa,145,356,226,23.1,35,734
MSpapaa,146,324,224,25.0,37,5
MSpapaa,147,322,229,25.9,37,-451
MSpapaa,148,331,235,25.0,39,165
MSpapaa,149,332,240,24.1,39,287
MSpapaa,150,332,240,24.1,39,159
MSpapaa,151,319,232,24.0,29,1562
MSpapaa,152,319,232,24.0,29,-1092
MSpapaa,153,319,239,23.1,41,-9
MSpapaa,154,312,240,23.2,39,-634
MSpapaa,155,308,237,23.1,41,550
MSpapaa,156,310,236,22.2,41,-578
MSpapaa,157,310,244,22.1,41,-108
MSpapaa,158,315,241,22.1,41,694
MSpapaa,159,307,244,22.1,41,-763
MSpapaa,160,306,241,21.2,41,-195
MSpapaa,161,307,242,21.1,41,1171
MSpapaa,162,309,240,21.1,39,1786
MSpapaa,163,308,235,21.0,37,-1344
MSpapaa,164,310,240,21.9,37,1474
MSpapaa,165,307,241,21.1,41,-198
MSpapaa,166,309,238,21.1,39,-129
MSpapaa,167,312,247,21.1,41,16
MSpapaa,168,310,245,20.1,40,224
MSpapaa,169,311,248,20.1,40,-561
MSpapaa,170,312,251,21.1,39,-921
MSpapaa,171,304,257,22.0,39,-691
MSpapaa,172,306,256,21.2,38,28
MSpapaa,173,306,253,21.1,37,-984
MSpapaa,174,308,242,21.2,36,388
MSpapaa,175,319,260,22.1,35,-504
MSpapaa,176,319,252,22.1,35,-116
MSpapaa,177,326,254,22.2,35,-378
MSpapaa,178,325,255,22.1,35,680
MSpapaa,179,322,254,23.0,31,-209
MSpapaa,180,322,247,22.0,35,834
MSpapaaa,181,302,248,23.0,31,-676
MSpapaaa,182,298,250,22.1,35,-191
MSpapaaa,183,302,250,22.1,35,-705
MSpapaaa,184,295,247,22.0,35,1026
MSpapaaa,185,294,244,22.1,35,756
MSpapaaa,186,290,242,21.1,35,591
MSpapaaa,187,294,243,21.1,35,-336
MSpapaaa,188,288,241,22.1,35,-33
MSpapaaa,189,290,245,21.2,35,263
MSpapaaa,190,287,245,22.0,35,935
MSpapaaa,191,288,243,21.3,35,-1008
MSpapaaa,192,287,241,21.2,35,-785
MSpapaaa,193,286,241,21.1,31,-546
MSpapaaa,194,284,239,21.1,35,-185
MSpapaaa,195,283,237,21.0,35,213
MSpapaaa,196,279,236,21.1,35,1026
MSpapaaa,197,283,234,20.3,35,321
MSpapaaa,198,277,235,21.0,35,-619
MSpapaaa,199,279,234,20.1,35,-402
MSpapaaa,200,281,236,21.0,35,-180
MSpapaaa,201,285,236,20.1,35,-198
MSpapaaa,202,290,236,21.0,34,551
MSpapaaa,203,288,234,20.2,34,-323
MSpapaaa,204,283,237,20.2,34,-1057
MSpapaaa,205,285,237,20.1,34,238
MSpapaap,181,344,248,19.9,31,1137
MSpapaap,182,342,240,19.2,35,65
MSpapaap,183,342,240,19.2,35,-148
MSpapaap,184,341,232,18.4,33,225
MSpapaap,185,342,225,19.1,31,625
MSpapaap,186,336,227,19.0,35,-213
MSpapaap,187,333,228,18.3,35,-345
MSpapaap,188,332,224,18.1,35,81
MSpapaap,189,339,236,18.1,35,179
MSpapaap,190,335,236,18.2,35,-480
MSpapaap,191,334,238,18.3,35,-654
MSpapaap,192,329,236,19.0,35,-545
MSpapaap,193,323,236,18.3,35,-595
MSpapaap,194,322,231,19.0,35,299
MSpapaap,195,323,235,18.4,35,-260
MSpapaap,196,321,234,19.1,35,214
MSpapaap,197,322,236,19.1,35,-490
MSpapaap,198,319,237,19.1,35,-541
MSpapaap,199,321,236,19.1,35,792
MSpapaap,200,322,233,19.1,35,-360
MSpapaap,201,323,236,18.4,35,258
MSpapaap,202,326,235,19.0,34,-1657
MSpapaap,203,324,235,18.2,34,987
MSpapaap,204,322,234,19.0,34,74
MSpapaap,205,323,231,19.1,34,-1400
MSpapap,146,375,222,23.2,33,104
MSpapap,147,377,223,24.0,37,1181
MSpapap,148,375,229,23.0,37,569
MSpapap,149,380,231,23.0,39,47
MSpapap,150,386,226,23.1,29,-1828
MSpapap,151,383,221,22.0,41,926
MSpapap,152,380,220,22.1,39,916
MSpapap,153,383,218,22.1,41,-813
MSpapap,154,381,219,23.0,37,-530
MSpapap,155,382,216,23.2,41,-700
MSpapap,156,377,213,23.1,41,-287
MSpapap,157,379,214,23.2,39,-407
MSpapap,158,372,211,23.2,41,-827
MSpapap,159,367,215,23.2,39,177
MSpapap,160,368,218,24.0,39,608
MSpapap,161,366,221,23.3,39,943
MSpapap,162,368,225,24.0,37,-318
MSpapap,163,362,220,23.1,39,-1160
MSpapap,164,361,219,23.0,37,-628
MSpapap,165,363,218,23.0,41,-160
MSpapap,166,362,219,23.0,37,867
MSpapap,167,367,221,23.0,37,1933
MSpapap,168,365,220,22.1,40,-832
MSpapap,169,366,219,22.0,38,-160
MSpapap,170,363,227,22.0,37,-619
MSpapap,171,361,238,21.0,39,-348
MSpapap,172,360,239,20.3,36,339
MSpapap,173,359,238,21.0,37,60
MSpapap,174,363,233,20.3,36,-171
MSpapap,175,364,237,20.2,35,205
MSpapap,176,369,237,22.0,35,490
MSpapap,177,374,236,21.2,35,534
MSpapap,178,372,238,22.3,35,252
MSpapap,179,376,232,23.0,33,-39
MSpapap,180,371,232,23.0,35,84
MSpapap,181,359,234,24.0,35,-412
MSpapap,182,353,235,23.1,35,-363
MSpapap,183,348,239,23.0,31,294
MSpapap,184,348,234,24.1,31,-31
MSpapap,185,344,234,24.1,35,-210
MSpapapa,186,327,226,23.0,31,-929
MSpapapa,187,324,214,24.0,33,-42
MSpapapa,188,328,227,23.1,33,-114
MSpapapa,189,329,227,22.1,35,-294
MSpapapa,190,330,232,23.1,35,-92
MSpapapa,191,331,232,22.1,35,-1099
MSpapapa,192,326,228,22.2,35,1128
MSpapapa,193,329,229,22.2,33,1091
MSpapapa,194,333,226,23.0,35,-865
MSpapapa,195,334,230,22.2,35,-426
MSpapapa,196,334,237,22.2,35,-206
MSpapapa,197,332,238,22.2,33,-610
MSpapapa,198,336,237,22.3,33,-1033
MSpapapa,199,336,236,23.1,35,256
MSpapapa,200,337,234,23.1,35,-967
MSpapapa,201,334,237,22.1,35,-403
MSpapapa,202,335,239,22.1,34,83
MSpapapa,203,333,235,22.0,34,-1021
MSpapapa,204,336,233,22.1,34,-1132
MSpapapa,205,331,234,22.1,34,836
MSpapapp,186,366,233,23.1,31,-797
MSpapapp,187,371,228,22.1,33,1206
MSpapapp,188,372,228,21.3,33,-664
MSpapapp,189,372,228,21.2,35,-576
MSpapapp,190,372,228,22.0,31,-343
MSpapapp,191,372,226,21.2,33,-314
MSpapapp,192,368,227,22.1,35,-954
MSpapapp,193,364,234,21.1,35,195
MSpapapp,194,366,229,21.9,31,-729
MSpapapp,195,363,224,21.1,33,-97
MSpapapp,196,366,227,22.0,35,439
MSpapapp,197,361,225,22.0,33,516
MSpapapp,198,359,225,22.0,31,273
MSpapapp,199,360,226,21.3,33,-564
MSpapapp,200,360,226,22.0,33,250
MSpapapp,201,357,229,22.0,29,-592
MSpapapp,202,361,232,21.1,29,-811
MSpapapp,203,359,228,21.1,32,-347
MSpapapp,204,359,228,21.1,32,970
MSpapapp,205,354,226,21.1,29,-33
MSpapp,116,411,287,24.1,40,93
MSpapp,117,418,289,23.2,40,480
MSpapp,118,420,288,24.0,42,552
MSpapp,119,430,293,24.1,44,-318
MSpapp,120,437,289,25.0,44,180
MSpapp,121,440,282,25.1,46,-316
MSpapp,122,443,280,26.1,44,969
MSpapp,123,437,290,26.1,44,74
MSpapp,124,434,292,26.1,44,61
MSpapp,125,426,295,26.1,44,1644
MSpapp,126,422,297,26.1,44,-284
MSpapp,127,417,295,26.0,44,-531
MSpapp,128,422,293,26.1,44,-1329
MSpapp,129,417,283,26.1,44,-160
MSpapp,130,413,282,25.2,45,-496
MSpapp,131,410,276,26.1,47,-191
MSpapp,132,409,259,26.1,46,-281
MSpapp,133,408,245,27.0,44,-856
MSpapp,134,401,241,26.2,43,194
MSpapp,135,404,225,26.1,42,-634
MSpapp,136,406,216,26.0,41,-268
MSpapp,137,412,216,26.0,38,289
MSpapp,138,412,206,26.0,41,807
MSpapp,139,408,202,26.0,41,-1264
MSpapp,140,410,196,26.1,41,220
MSpapp,141,414,190,25.1,39,-426
MSpapp,142,416,194,25.1,41,219
MSpapp,143,416,196,26.0,41,-444
MSpapp,144,418,204,26.1,41,-689
MSpapp,145,420,200,26.0,41,858
MSpapp,146,422,197,26.0,41,361
MSpapp,147,419,205,25.1,41,1069
MSpapp,148,410,209,26.0,41,-863
MSpapp,149,415,212,26.0,41,227
MSpapp,150,411,216,25.1,41,-545
MSpapp,151,423,226,25.8,37,-513
MSpapp,152,429,226,25.2,37,-750
MSpappa,153,384,231,26.0,37,-478
MSpappa,154,380,232,26.0,37,391
MSpappa,155,379,238,26.2,37,-311
MSpappa,156,374,244,26.1,39,1067
MSpappa,157,371,241,27.0,37,136
MSpappa,158,368,238,26.1,41,-333
MSpappa,159,365,247,26.1,37,308
MSpappa,160,370,246,27.0,27,295
MSpappa,161,370,247,27.0,37,-290
MSpappa,162,370,248,27.0,37,490
MSpappa,163,366,245,26.0,37,588
MSpappa,164,365,246,27.0,37,-228
MSpappa,165,366,247,27.1,37,-759
MSpappa,166,367,245,27.1,27,-187
MSpappa,167,370,250,26.0,29,-88
MSpappa,168,372,251,27.0,36,370
MSpappa,169,371,254,26.0,27,-1172
MSpappa,170,371,260,26.1,35,831
MSpappa,171,370,262,26.0,35,-524
MSpappa,172,372,255,26.1,36,1147
MSpappa,173,375,256,26.1,35,1090
MSpappa,174,376,263,26.0,34,-489
MSpappa,175,379,267,26.1,35,-645
MSpappa,176,376,272,25.2,35,-195
MSpappa,177,383,274,25.2,35,-900
MSpappa,178,389,273,25.1,33,-793
MSpappa,179,393,275,25.0,31,-153
MSpappa,180,393,277,24.2,33,637
MSpappa,181,394,274,25.2,33,-227
MSpappa,182,391,277,25.1,35,522
MSpappa,183,392,272,24.2,35,-1341
MSpappa,184,388,266,24.2,35,943
MSpappa,185,391,267,24.2,33,1099
MSpappa,186,392,270,24.1,35,593
MSpappa,187,389,272,23.2,33,358
MSpappa,188,386,272,23.2,35,81
MSpappa,189,386,275,23.1,35,279
MSpappa,190,384,274,22.2,35,-170
MSpappa,191,384,275,22.2,35,-833
MSpappa,192,383,274,22.1,35,-1303
MSpappa,193,382,274,21.2,33,929
MSpappa,194,384,272,22.1,35,905
MSpappa,195,386,268,22.1,35,-94
MSpappa,196,388,263,22.2,35,1424
MSpappa,197,389,259,22.1,35,727
MSpappa,198,388,261,22.1,35,1222
MSpappa,199,390,260,21.1,35,-187
MSpappa,200,394,263,21.1,35,394
MSpappa,201,394,266,21.1,35,-125
MSpappa,202,396,270,22.1,32,597
MSpappa,203,396,270,22.0,34,801
MSpappa,204,396,269,22.1,34,517
MSpappa,205,395,267,22.1,34,669
MSpappp,153,436,227,25.1,35,-1493
MSpappp,154,433,234,25.1,31,-1492
MSpappp,155,433,234,25.9,37,-372
MSpappp,156,432,233,25.0,37,-722
MSpappp,157,435,231,25.9,37,577
MSpappp,158,426,227,25.0,37,243
MSpappp,159,424,226,25.2,37,2022
MSpappp,160,422,224,25.4,37,105
MSpappp,161,420,223,25.6,37,-220
MSpappp,162,418,221,25.8,37,-378
MSpappp,163,416,219,26.0,37,127
MSpappp,164,414,222,26.1,29,922
MSpappp,165,416,223,26.0,29,1515
MSpappp,166,416,227,25.7,29,687
MSpappp,167,416,231,25.3,29,-870
MSpappp,168,417,235,25.0,28,736
MSpappp,169,417,239,24.7,28,-312
MSpappp,170,417,243,24.3,28,27
MSpappp,171,418,247,24.0,27,339
MSpappp,172,415,245,24.0,27,699
MSpappp,173,419,244,23.0,29,586
MSpappp,174,422,243,23.1,32,941
MSpappp,175,422,248,22.3,33,-175
MSpappp,176,426,254,22.2,35,-942
MSpappp,177,427,254,22.2,35,-47
MSpappp,178,429,252,23.1,35,-155
MSpappp,179,434,254,22.1,33,133
MSpappp,180,432,250,22.2,35,1492
MSpappp,181,431,245,23.0,35,-223
MSpappp,182,429,242,23.1,33,-1340
MSpappp,183,422,239,23.1,35,-1068
MSpappp,184,422,235,23.1,35,0
MSpappp,185,424,234,23.0,35,537
MSpappp,186,427,238,23.0,35,-128
MSpappp,187,425,240,22.2,35,47
MSpappp,188,421,236,22.2,35,-289
MSpappp,189,419,232,22.1,35,-22
MSpappp,190,415,228,22.0,35,406
MSpappp,191,414,228,22.1,35,234
MSpappp,192,406,229,22.1,35,242
MSpappp,193,408,227,22.0,33,88
MSpappp,194,408,224,22.0,35,1395
MSpappp,195,407,220,21.2,35,526
MSpappp,196,412,216,22.0,35,-269
MSpappp,197,408,218,21.2,35,301
MSpappp,198,412,220,21.3,35,357
MSpappp,199,408,218,21.1,35,-17
MSpappp,200,411,218,21.1,35,1360
MSpappp,201,409,215,21.2,35,674
MSpappp,202,413,214,21.1,34,2118
MSpappp,203,411,218,21.2,34,883
MSpappp,204,414,219,21.1,34,2825
MSpappp,205,413,218,21.1,34,2194
MSpp,65,353,298,24.0,52,-1058
MSpp,66,371,294,24.0,52,-895
MSpp,67,389,290,24.0,52,-503
MSpp,68,392,289,24.3,50,-294
MSpp,69,395,287,24.6,48,-272
MSpp,70,399,286,25.0,46,-496
MSpp,71,402,284,25.3,44,738
MSpp,72,405,283,25.6,42,-547
MSpp,73,409,281,25.9,40,1201
MSpp,74,409,281,25.9,40,-618
MSpp,75,404,279,26.0,45,260
MSpp,76,409,285,25.1,44,982
MSpp,77,416,287,25.0,42,416
MSpp,78,422,284,25.9,54,304
MSpp,79,430,266,25.1,52,298
MSpp,80,439,259,25.1,53,-626
MSpp,81,445,266,25.1,53,197
MSpp,82,450,272,25.1,53,-61
MSpp,83,443,275,25.0,53,-433
MSpp,84,436,268,24.1,54,31
MSpp,85,440,258,24.1,55,-881
MSpp,86,427,255,24.1,56,522
MSpp,87,417,245,25.1,59,166
MSpp,88,416,229,23.1,54,-29
MSpp,89,410,229,24.9,54,303
MSppa,90,393,228,25.0,36,-433
MSppa,91,394,223,26.0,36,-859
MSppa,92,388,222,25.2,52,-443
MSppa,93,392,221,26.0,54,-596
MSppa,94,389,220,25.2,52,-313
MSppa,95,386,204,26.1,54,-609
MSppa,96,386,206,26.1,40,-121
MSppa,97,381,204,26.0,39,584
MSppa,98,389,203,25.9,53,1007
MSppa,99,389,208,26.0,53,-169
MSppa,100,391,213,25.1,36,-418
MSppa,101,395,213,26.0,40,820
MSppa,102,399,219,26.0,53,547
MSppa,103,397,211,26.1,38,-585
MSppa,104,402,209,25.0,36,-438
MSppa,105,409,199,25.0,46,520
MSppa,106,407,185,25.1,46,-106
MSppa,107,416,183,25.2,46,177
MSppa,108,418,184,25.1,46,595
MSppa,109,411,185,25.1,44,-822
MSppa,110,407,176,25.1,48,-55
MSppa,111,404,176,25.2,48,52
MSppa,112,403,182,25.1,48,-787
MSppa,113,398,180,24.1,48,340
MSppa,114,396,184,23.2,48,-139
MSppa,115,398,185,23.1,48,126
MSppa,116,394,184,22.1,46,165
MSppa,117,391,188,24.0,44,-829
MSppa,118,381,190,23.1,48,-907
MSppaa,119,349,182,26.0,44,974
MSppaa,120,340,186,26.0,44,222
MSppaa,121,330,196,26.0,44,404
MSppaa,122,320,196,26.1,44,-378
MSppaa,123,305,194,26.1,44,926
MSppaa,124,302,193,26.1,44,190
MSppaa,125,303,189,25.9,44,677
MSppaa,126,301,182,25.0,44,-580
MSppaa,127,304,183,25.0,44,67
MSppaa,128,299,179,24.1,44,-126
MSppaa,129,295,173,23.9,44,-568
MSppaa,130,294,179,22.9,43,189
MSppaa,131,294,183,22.0,43,924
MSppaa,132,290,190,20.3,44,-347
MSppaa,133,297,194,20.1,40,-619
MSppaa,134,293,183,19.2,41,525
MSppaa,135,291,175,19.2,42,-37
MSppaa,136,285,167,20.1,41,1150
MSppaa,137,274,166,20.1,42,-205
MSppaa,138,273,167,20.0,41,644
MSppaa,139,271,168,20.1,41,903
MSppaa,140,265,172,20.1,41,923
MSppaa,141,265,176,19.3,41,493
MSppaa,142,267,178,19.2,41,1787
MSppaa,143,268,174,19.1,41,1911
MSppaa,144,269,172,18.2,41,554
MSppaa,145,268,168,17.2,41,323
MSppaa,146,260,162,17.1,41,347
MSppaa,147,257,164,17.1,41,309
MSppaa,148,249,163,17.2,41,-1235
MSppaa,149,244,159,17.1,41,1482
MSppaa,150,242,157,17.1,37,107
MSppaa,151,248,154,16.2,31,271
MSppaaa,152,227,158,17.2,35,-52
MSppaaa,153,214,167,17.9,37,-1020
MSppaaa,154,209,166,17.2,35,-587
MSppaaa,155,211,161,17.0,37,281
MSppaaa,156,205,161,17.1,37,974
MSppaaa,157,200,162,18.0,37,-167
MSppaaa,158,202,159,17.3,39,-112
MSppaaa,159,202,156,17.3,41,-52
MSppaaa,160,197,152,17.3,39,516
MSppaaa,161,194,154,17.2,39,-101
MSppaaa,162,196,156,18.0,37,-1350
MSppaaa,163,203,156,18.0,37,293
MSppaaa,164,201,157,18.1,37,-445
MSppaaa,165,201,155,18.2,37,-514
MSppaaa,166,201,159,18.1,37,105
MSppaaa,167,198,159,18.0,37,-669
MSppaaa,168,195,164,18.0,36,-353
MSppaaa,169,194,171,18.2,40,180
MSppaaa,170,193,168,18.2,37,437
MSppaaa,171,194,169,19.1,37,-1267
MSppaaa,172,196,167,19.3,38,298
MSppaaa,173,195,172,19.2,37,-429
MSppaaa,174,193,177,19.2,36,124
MSppaaa,175,194,174,19.2,35,-333
MSppaaa,176,191,169,19.0,35,251
MSppaaa,177,185,171,18.3,35,801
MSppaaa,178,184,175,18.2,35,-275
MSppaaa,179,183,179,18.3,35,518
MSppaaa,180,180,180,19.1,35,491
MSppaaa,181,183,179,19.1,35,-156
MSppaaa,182,183,182,19.1,35,256
MSppaaa,183,186,179,19.2,35,834
MSppaaa,184,184,185,19.1,35,-361
MSppaaa,185,183,183,19.1,35,-844
MSppaaa,186,188,186,19.0,35,-677
MSppaaa,187,189,184,20.1,35,-27
MSppaaa,188,190,183,19.2,35,994
MSppaaa,189,190,186,20.0,35,511
MSppaaa,190,193,187,20.0,35,198
MSppaaa,191,196,186,19.2,35,-787
MSppaaa,192,194,177,19.3,35,560
MSppaaa,193,189,177,19.9,31,1413
MSppaaa,194,190,177,19.2,33,353
MSppaaaa,195,165,175,20.9,31,-553
MSppaaaa,196,165,173,20.6,30,-14
MSppaaaa,197,165,170,20.3,29,-728
MSppaaaa,198,170,175,21.1,35,-120
MSppaaaa,199,170,175,21.1,35,574
MSppaaaa,200,171,182,21.2,35,-200
MSppaaaa,201,172,184,21.3,35,979
MSppaaaa,202,173,181,21.3,29,-179
MSppaaaa,203,172,182,21.2,34,468
MSppaaaa,204,171,183,21.2,34,639
MSppaaaa,205,175,183,21.3,34,1181
MSppaaap,195,217,184,18.1,31,-1230
MSppaaap,196,216,181,18.1,31,-1052
MSppaaap,197,215,180,18.1,31,864
MSppaaap,198,211,179,18.0,35,-137
MSppaaap,199,212,179,18.2,33,-872
MSppaaap,200,212,179,18.2,33,-166
MSppaaap,201,216,180,19.0,35,-1509
MSppaaap,202,211,178,19.1,34,453
MSppaaap,203,211,177,19.1,34,-373
MSppaaap,204,210,173,19.1,34,1124
MSppaaap,205,212,175,19.0,34,-380
MSppaap,152,252,151,17.1,27,1038
MSppaap,153,263,152,17.9,37,-379
MSppaap,154,266,149,17.8,37,-398
MSppaap,155,263,146,18.1,37,615
MSppaap,156,264,147,18.1,37,-741
MSppaap,157,263,144,18.3,39,521
MSppaap,158,266,142,18.1,37,452
MSppaap,159,260,142,18.0,37,668
MSppaap,160,255,146,18.0,37,-250
MSppaap,161,251,144,17.9,37,-601
MSppaap,162,252,144,17.4,39,1012
MSppaap,163,251,142,17.8,37,479
MSppaap,164,251,145,17.9,37,-453
MSppaap,165,249,142,18.0,37,-401
MSppaap,166,243,147,17.9,37,956
MSppaap,167,244,152,18.0,37,253
MSppaap,168,239,157,17.2,38,471
MSppaap,169,234,156,17.1,38,-355
MSppaap,170,237,157,17.2,39,-262
MSppaap,171,240,160,17.2,39,300
MSppaap,172,239,158,17.4,38,147
MSppaap,173,231,151,18.2,37,1740
MSppaap,174,227,155,19.0,36,1422
MSppaap,175,232,158,20.0,35,-78
MSppaap,176,231,158,19.2,35,-29
MSppaap,177,229,159,19.1,35,-1244
MSppaap,178,226,161,19.1,35,-361
MSppaap,179,228,165,19.2,35,609
MSppaap,180,229,162,19.2,35,256
MSppaap,181,234,164,20.1,35,295
MSppaap,182,241,170,20.1,35,-64
MSppaap,183,243,176,21.1,35,565
MSppaap,184,241,180,21.0,35,-341
MSppaap,185,237,190,20.2,35,-39
MSppaap,186,237,188,19.2,35,-282
MSppaap,187,234,188,20.1,35,-417
MSppaap,188,234,183,20.2,35,195
MSppaap,189,237,180,21.1,35,742
MSppaap,190,240,177,21.1,35,-198
MSppaap,191,240,177,20.3,35,-400
MSppaap,192,243,173,21.1,35,-875
MSppaap,193,250,169,21.1,35,-705
MSppaap,194,253,174,21.1,35,1018
MSppaap,195,258,169,20.3,35,-136
MSppaap,196,253,165,21.0,35,174
MSppaap,197,254,167,20.3,35,632
MSppaap,198,252,159,21.0,35,489
MSppaap,199,248,161,21.0,35,-303
MSppaap,200,252,166,21.1,35,-545
MSppaap,201,254,176,20.2,35,-128
MSppaap,202,252,171,21.1,34,628
MSppaap,203,250,173,21.1,34,373
MSppaap,204,255,168,21.1,34,-961
MSppaap,205,254,161,20.2,34,-2132
MSppap,119,392,200,23.2,36,646
MSppap,120,389,201,23.0,44,458
MSppap,121,382,199,23.0,44,110
MSppap,122,386,210,22.0,44,474
MSppap,123,382,215,22.1,44,284
MSppap,124,378,217,22.2,48,-200
MSppap,125,375,218,22.1,48,-237
MSppap,126,369,206,22.1,44,-234
MSppap,127,369,208,22.1,46,599
MSppap,128,366,195,21.4,46,517
MSppap,129,367,187,21.1,46,8
MSppap,130,365,183,21.0,43,-299
MSppap,131,359,177,20.0,43,156
MSppap,132,354,174,19.0,44,964
MSppap,133,351,168,18.1,42,-1057
MSppap,134,351,156,18.1,43,34
MSppap,135,350,149,17.3,42,839
MSppap,136,349,145,18.1,41,-154
MSppap,137,346,148,18.2,42,108
MSppap,138,335,151,19.0,41,618
MSppap,139,336,153,18.2,41,-1166
MSppap,140,331,155,18.1,41,272
MSppap,141,330,151,18.0,41,-213
MSppap,142,331,147,16.2,39,-399
MSppap,143,330,142,16.1,41,-98
MSppap,144,332,141,16.0,41,-319
MSppap,145,325,140,15.2,41,-179
MSppap,146,326,140,15.4,41,-402
MSppap,147,328,132,16.1,41,288
MSppap,148,329,134,16.1,39,-259
MSppap,149,322,131,17.9,37,-506
MSppap,150,327,138,16.1,35,-344
MSppapa,151,299,130,16.2,35,757
MSppapa,152,291,133,16.9,37,-173
MSppapa,153,294,137,16.9,37,658
MSppapa,154,294,135,16.1,37,1059
MSppapa,155,291,138,16.0,37,-300
MSppapa,156,293,137,16.2,37,323
MSppapa,157,292,140,16.1,39,-379
MSppapa,158,291,141,15.2,39,639
MSppapa,159,292,143,16.0,37,-455
MSppapa,160,286,141,16.1,37,1257
MSppapa,161,286,147,16.2,39,408
MSppapa,162,285,146,16.1,41,-834
MSppapa,163,284,143,15.4,41,38
MSppapa,164,280,141,15.4,39,-850
MSppapa,165,284,142,15.2,39,-258
MSppapa,166,280,150,15.1,39,-544
MSppapa,167,280,152,16.0,39,120
MSppapa,168,279,154,15.3,38,449
MSppapa,169,276,154,16.0,36,429
MSppapa,170,276,144,15.3,37,483
MSppapa,171,281,140,15.3,39,90
MSppapa,172,283,140,15.3,38,336
MSppapa,173,279,142,16.1,37,951
MSppapa,174,277,137,16.1,36,24
MSppapa,175,277,137,16.1,35,1352
MSppapa,176,277,135,16.2,35,-429
MSppapa,177,275,140,16.1,35,-704
MSppapa,178,270,140,17.2,35,578
MSppapa,179,267,139,17.1,35,362
MSppapa,180,265,145,17.2,35,-1065
MSppapa,181,266,147,17.1,35,801
MSppapa,182,265,147,17.2,35,598
MSppapa,183,261,146,17.1,35,1085
MSppapa,184,258,148,17.2,35,1850
MSppapa,185,255,144,17.2,35,659
MSppapa,186,252,140,18.0,35,191
MSppapa,187,255,137,18.1,35,1048
MSppapa,188,253,138,18.2,35,606
MSppapa,189,258,142,18.0,35,998
MSppapa,190,265,142,18.0,31,1491
MSppapa,191,264,141,18.0,35,2503
MSppapaa,192,238,138,19.2,31,1236
MSppapaa,193,236,138,19.0,31,2340
MSppapaa,194,236,138,19.0,31,2063
MSppapaa,195,231,138,18.1,33,1758
MSppapaa,196,236,137,17.2,35,1640
MSppapaa,197,236,134,17.2,33,1569
MSppapaa,198,235,132,18.0,35,3064
MSppapaa,199,234,135,17.3,35,2178
MSppapaa,200,234,135,17.3,35,2736
MSppapaa,201,232,137,18.0,35,2606
MSppapaa,202,233,137,18.0,29,3291
MSppapaa,203,233,137,18.0,29,4320
MSppapaa,204,229,138,18.0,29,3934
MSppapaa,205,232,137,17.3,34,2493
MSppapap,192,284,142,17.8,31,2312
MSppapap,193,285,144,17.1,29,3414
MSppapap,194,288,148,17.1,29,3493
MSppapap,195,286,150,17.1,35,3998
MSppapap,196,289,147,17.1,33,1462
MSppapap,197,282,149,17.0,29,1406
MSppapap,198,281,148,17.1,35,2428
MSppapap,199,281,148,17.1,35,1340
MSppapap,200,274,145,18.1,29,1768
MSppapap,201,275,142,18.1,29,3509
MSppapap,202,275,145,18.1,32,713
MSppapap,203,272,142,18.2,34,3725
MSppapap,204,272,142,18.0,34,2384
MSppapap,205,273,139,17.2,32,971
MSppapp,151,349,138,16.4,35,-692
MSppapp,152,351,139,16.8,37,-680
MSppapp,153,353,140,16.1,37,-1343
MSppapp,154,352,134,16.1,37,-1137
MSppapp,155,354,130,16.1,37,341
MSppapp,156,355,122,16.0,37,-394
MSppapp,157,350,119,16.0,37,302
MSppapp,158,346,119,16.1,37,-517
MSppapp,159,345,118,16.2,29,-322
MSppapp,160,340,120,16.9,37,662
MSppapp,161,336,122,17.1,37,1097
MSppapp,162,336,126,17.9,37,-6
MSppapp,163,332,122,17.0,37,-1048
MSppapp,164,329,121,17.1,39,-752
MSppapp,165,326,121,17.1,37,-395
MSppapp,166,321,123,17.1,37,-176
MSppapp,167,320,125,18.0,37,-179
MSppapp,168,318,126,17.9,36,54
MSppapp,169,320,126,17.2,40,-48
MSppapp,170,319,125,18.2,39,112
MSppapp,171,317,124,19.0,39,136
MSppapp,172,316,117,19.1,38,191
MSppapp,173,316,117,20.0,37,116
MSppapp,174,314,119,19.2,36,507
MSppapp,175,315,120,19.1,35,1132
MSppapp,176,317,123,19.1,35,891
MSppapp,177,316,123,18.2,35,-132
MSppapp,178,314,127,18.1,35,1231
MSppapp,179,312,127,17.2,35,132
MSppapp,180,311,129,17.1,35,1011
MSppapp,181,309,132,17.1,35,949
MSppapp,182,307,134,16.2,35,-1124
MSppapp,183,305,138,16.2,35,291
MSppapp,184,301,138,16.1,35,1547
MSppapp,185,304,136,15.3,35,1967
MSppapp,186,300,136,15.1,35,1595
MSppapp,187,292,140,14.3,35,-366
MSppapp,188,297,136,15.1,35,1871
MSppapp,189,295,137,14.3,35,493
MSppapp,190,294,137,14.2,35,1847
MSppapp,191,290,133,14.0,35,3757
MSppapp,192,287,133,14.1,35,580
MSppapp,193,281,137,13.3,35,2774
MSppapp,194,280,140,14.0,35,1492
MSppapp,195,282,141,13.3,35,2952
MSppapp,196,278,142,13.2,35,3574
MSppapp,197,273,143,13.2,35,1785
MSppapp,198,277,140,13.2,35,2196
MSppapp,199,277,138,14.1,35,3802
MSppapp,200,270,135,14.1,35,3764
MSppapp,201,271,140,14.9,31,5787
MSppapp,202,279,138,14.0,30,5025
MSppappa,203,260,135,13.9,30,4484
MSppappa,204,251,140,13.9,30,6141
MSppappa,205,248,141,13.1,30,4298
MSppappp,203,292,144,14.0,30,3501
MSppappp,204,304,141,13.1,30,2303
MSppappp,205,311,140,12.9,30,3961
MSppp,90,434,263,24.1,36,365
MSppp,91,441,265,25.0,46,271
MSppp,92,446,265,25.0,52,-216
MSppp,93,458,263,25.0,54,69
MSppp,94,473,276,25.9,54,-84
MSppp,95,481,278,25.9,54,41
MSppp,96,482,285,25.1,38,170
MSppp,97,477,277,25.1,39,-6
MSppp,98,477,274,26.0,39,-99
MSppp,99,475,270,26.0,53,42
MSppp,100,480,271,26.0,52,-475
MSppp,101,475,269,25.9,54,-598
MSppp,102,476,268,25.9,53,359
MSppp,103,477,268,25.1,36,406
MSppp,104,477,262,26.1,48,-263
MSppp,105,479,249,25.1,34,68
MSppp,106,477,233,26.1,48,-563
MSppp,107,472,233,26.0,46,-181
MSppp,108,473,230,25.0,44,-625
MSppp,109,467,233,24.1,46,551
MSppp,110,465,223,24.1,46,-120
MSppp,111,463,215,25.0,44,845
MSppp,112,470,208,26.0,48,-442
MSppp,113,468,204,25.0,48,116
MSppp,114,470,205,25.0,48,234
MSppp,115,470,206,24.0,48,580
MSppp,116,469,202,24.0,48,466
MSppp,117,462,202,24.0,48,42
MSppp,118,453,199,23.0,46,-92
MSppp,119,453,204,24.0,40,149
MSpppa,120,431,203,25.1,34,-75
MSpppa,121,427,203,25.1,38,-213
MSpppa,122,422,206,25.1,44,-624
MSpppa,123,417,204,25.1,44,17
MSpppa,124,411,203,25.1,44,-344
MSpppa,125,400,196,25.1,44,189
MSpppa,126,399,191,25.0,44,-201
MSpppa,127,402,194,24.9,44,180
MSpppa,128,399,194,24.2,31,-2179
MSpppa,129,392,189,23.2,31,-305
MSpppa,130,390,194,23.9,43,-724
MSpppa,131,388,195,23.0,43,-1243
MSpppa,132,382,195,22.1,42,119
MSpppa,133,384,182,21.2,42,253
MSpppa,134,374,173,21.2,43,-86
MSpppa,135,377,168,21.1,42,567
MSpppa,136,382,161,20.2,39,553
MSpppa,137,380,154,21.1,40,-918
MSpppa,138,376,150,20.1,41,877
MSpppa,139,370,155,21.1,41,-675
MSpppa,140,368,161,20.3,41,-367
MSpppa,141,360,161,20.3,41,-17
MSpppa,142,357,158,20.1,41,843
MSpppa,143,350,161,20.1,41,-293
MSpppa,144,346,166,20.0,41,-325
MSpppa,145,351,169,20.1,41,-465
MSpppa,146,352,171,20.1,41,-179
MSpppa,147,351,174,20.1,41,420
MSpppa,148,346,176,20.1,41,-40
MSpppa,149,346,180,20.1,41,-980
MSpppa,150,343,178,20.2,41,-438
MSpppa,151,336,176,20.0,41,1013
MSpppa,152,328,172,20.1,41,-589
MSpppa,153,329,170,20.1,41,650
MSpppa,154,329,169,20.1,39,390
MSpppa,155,330,166,20.2,41,-605
MSpppa,156,331,163,20.2,39,-509
MSpppa,157,333,166,20.9,37,-524
MSpppa,158,330,165,21.0,37,1087
MSpppa,159,328,170,20.2,41,-424
MSpppaa,160,303,169,21.9,37,11
MSpppaa,161,297,171,21.0,37,500
MSpppaa,162,295,172,21.1,37,-890
MSpppaa,163,298,170,21.1,37,1119
MSpppaa,164,297,171,21.2,39,36
MSpppaa,165,295,175,21.1,39,85
MSpppaa,166,291,177,21.0,37,-1560
MSpppaa,167,290,183,21.0,37,781
MSpppaa,168,294,184,20.2,40,-515
MSpppaa,169,296,188,21.0,36,-426
MSpppaa,170,294,189,20.2,39,436
MSpppaa,171,296,191,20.2,37,221
MSpppaa,172,297,191,21.0,36,-1003
MSpppaa,173,299,189,19.2,35,-665
MSpppaa,174,298,189,19.1,36,1797
MSpppaa,175,305,198,18.1,35,183
MSpppaa,176,310,198,18.0,35,-392
MSpppaa,177,310,198,18.1,35,-1100
MSpppaa,178,310,198,18.3,35,48
MSpppaa,179,310,198,18.4,35,-37
MSpppaa,180,310,197,18.6,35,178
MSpppaa,181,310,197,18.7,35,-170
MSpppaa,182,310,197,18.9,35,511
MSpppaa,183,311,196,19.0,35,-179
MSpppaa,184,306,190,19.1,35,758
MSpppaa,185,309,182,20.1,35,1132
MSpppaa,186,309,183,20.1,35,239
MSpppaa,187,310,184,20.1,35,332
MSpppaa,188,307,186,20.1,35,-219
MSpppaa,189,307,190,20.1,35,-740
MSpppaa,190,305,189,20.1,35,-894
MSpppaa,191,304,187,20.0,35,-517
MSpppaa,192,299,187,20.1,35,405
MSpppaa,193,299,187,20.1,35,-97
MSpppaa,194,295,190,21.1,35,-964
MSpppaa,195,295,190,21.1,35,-108
MSpppaa,196,303,184,21.0,35,-350
MSpppaa,197,306,185,20.1,35,790
MSpppaa,198,305,185,20.1,35,616
MSpppaa,199,298,179,21.0,35,-184
MSpppaa,200,301,183,21.0,29,-956
MSpppaa,201,304,186,21.1,35,-509
MSpppaa,202,304,186,21.1,35,-764
MSpppaa,203,299,188,22.0,34,-269
MSpppaa,204,299,188,22.0,34,361
MSpppaa,205,301,186,21.0,29,1540
MSpppap,160,354,175,20.9,37,1654
MSpppap,161,359,178,20.9,37,289
MSpppap,162,358,175,20.1,37,77
MSpppap,163,357,176,20.0,37,-456
MSpppap,164,359,179,20.1,37,170
MSpppap,165,353,180,20.0,37,-89
MSpppap,166,348,179,20.1,37,61
MSpppap,167,349,187,20.1,37,1262
MSpppap,168,342,187,19.9,36,263
MSpppap,169,344,189,20.0,36,331
MSpppap,170,342,190,19.2,37,-1315
MSpppap,171,346,190,19.9,35,-18
MSpppap,172,346,191,19.9,34,-562
MSpppap,173,353,186,20.0,33,-466
MSpppap,174,348,185,19.3,34,-558
MSpppap,175,350,185,20.0,35,336
MSpppap,176,354,189,20.0,35,2226
MSpppap,177,354,191,19.3,33,-1366
MSpppap,178,351,195,20.0,35,-963
MSpppap,179,353,191,20.9,31,668
MSpppap,180,351,192,21.0,35,-845
MSpppap,181,347,188,22.0,31,1164
MSpppap,182,346,186,21.1,35,-381
MSpppap,183,346,183,21.1,35,827
MSpppap,184,346,183,21.9,31,-1317
MSpppap,185,344,179,21.2,35,424
MSpppap,186,342,182,21.1,35,282
MSpppap,187,346,182,20.1,35,-837
MSpppap,188,346,188,20.0,35,-333
MSpppap,189,344,190,19.1,33,-411
MSpppap,190,342,187,19.2,35,22
MSpppap,191,340,186,19.2,35,-130
MSpppap,192,337,183,20.1,35,178
MSpppap,193,336,184,20.0,35,-644
MSpppap,194,337,187,19.1,35,-22
MSpppap,195,337,187,19.2,35,-371
MSpppap,196,338,182,20.1,33,-763
MSpppap,197,338,180,20.1,33,-523
MSpppap,198,338,182,20.1,35,25
MSpppap,199,335,185,20.1,35,72
MSpppap,200,336,182,19.2,35,546
MSpppap,201,335,180,19.2,35,234
MSpppap,202,337,180,19.3,34,-588
MSpppap,203,334,177,20.1,34,-1015
MSpppap,204,335,177,20.1,34,1441
MSpppap,205,335,172,21.0,34,-630
MSpppp,120,470,209,23.1,44,546
MSpppp,121,482,208,24.1,40,-61
MSpppp,122,479,209,24.0,44,-261
MSpppp,123,479,204,24.9,44,290
MSpppp,124,480,201,23.9,44,89
MSpppp,125,474,198,22.1,44,1260
MSpppp,126,473,192,21.9,44,260
MSpppp,127,465,185,21.9,44,496
MSpppp,128,458,185,21.9,44,553
MSpppp,129,456,185,21.9,44,224
MSpppp,130,446,185,21.8,43,-394
MSpppp,131,438,179,21.1,43,-485
MSpppp,132,431,179,20.2,44,385
MSpppp,133,430,171,20.0,40,-945
MSpppp,134,425,163,20.2,41,418
MSpppp,135,427,154,20.2,42,-500
MSpppp,136,433,159,20.1,41,-1447
MSpppp,137,434,160,20.2,42,50
MSpppp,138,428,154,20.0,41,1354
MSpppp,139,424,160,20.0,41,-669
MSpppp,140,418,160,19.2,41,-486
MSpppp,141,415,166,20.0,41,-414
MSpppp,142,409,164,20.1,41,-235
MSpppp,143,401,169,19.2,41,-103
MSpppp,144,401,170,19.0,41,-83
MSpppp,145,397,169,19.0,39,1168
MSpppp,146,401,172,18.0,41,285
MSpppp,147,398,170,17.3,41,173
MSpppp,148,396,172,17.1,41,927
MSpppp,149,395,169,17.2,41,54
MSpppp,150,392,164,17.1,41,552
MSpppp,151,395,164,17.0,41,-54
MSpppp,152,388,162,17.1,41,-931
MSpppp,153,385,163,17.2,41,809
MSpppp,154,386,163,16.3,39,435
MSpppp,155,383,163,17.0,41,-460
MSpppp,156,377,159,16.3,41,1098
MSpppp,157,376,160,16.0,37,9
MSpppp,158,373,160,16.9,37,1623
MSpppp,159,377,161,16.2,35,-2381
MSppppa,160,353,162,15.4,35,1075
MSppppa,161,351,160,15.3,35,-1384
MSppppa,162,352,159,15.9,37,1037
MSppppa,163,348,158,16.0,37,418
MSppppa,164,346,153,16.0,37,1042
MSppppa,165,350,146,16.1,37,-42
MSppppa,166,347,149,16.9,37,402
MSppppa,167,345,145,16.2,39,578
MSppppa,168,341,142,16.1,38,758
MSppppa,169,339,140,16.0,36,803
MSppppa,170,339,139,16.2,37,1107
MSppppa,171,339,139,17.1,37,160
MSppppa,172,335,135,17.3,36,814
MSppppa,173,338,130,17.4,37,697
MSppppa,174,341,129,18.2,36,689
MSppppa,175,341,133,18.1,35,1517
MSppppa,176,342,133,18.1,35,-77
MSppppa,177,345,132,19.0,35,-398
MSppppa,178,339,138,18.3,35,-66
MSppppa,179,341,133,19.0,35,973
MSppppa,180,337,133,19.1,35,-417
MSppppa,181,336,129,18.1,35,-160
MSppppa,182,334,131,19.0,35,1282
MSppppa,183,330,137,18.2,35,1199
MSppppa,184,332,135,18.2,35,1433
MSppppa,185,333,130,18.2,35,1090
MSppppa,186,329,131,18.2,33,752
MSppppa,187,327,134,18.1,35,1866
MSppppa,188,324,138,19.0,35,1507
MSppppa,189,320,141,18.0,35,1735
MSppppa,190,321,134,18.0,35,1810
MSppppa,191,317,134,17.3,35,1434
MSppppa,192,317,128,18.1,35,3831
MSppppa,193,318,129,18.1,35,1854
MSppppa,194,314,134,18.1,35,2052
MSppppa,195,320,129,18.1,35,2703
MSppppa,196,316,123,17.4,35,3474
MSppppa,197,310,128,18.1,35,3336
MSppppa,198,312,127,18.2,35,3626
MSppppa,199,310,127,18.0,35,3103
MSppppa,200,306,131,18.1,35,5479
MSppppa,201,306,135,18.0,35,4702
MSppppa,202,307,137,18.1,34,3552
MSppppa,203,306,135,18.1,34,5097
MSppppa,204,304,131,19.0,34,3900
MSppppa,205,303,132,19.0,34,5933
MSppppp,160,404,169,18.1,35,117
MSppppp,161,411,166,17.2,37,1228
MSppppp,162,412,166,17.0,37,438
MSppppp,163,409,162,17.0,37,608
MSppppp,164,411,160,16.9,37,667
MSppppp,165,406,156,16.8,37,378
MSppppp,166,401,150,16.0,37,485
MSppppp,167,395,138,16.1,37,131
MSppppp,168,392,134,16.1,36,1155
MSppppp,169,389,131,16.1,36,-768
MSppppp,170,387,129,16.3,39,118
MSppppp,171,382,128,17.1,37,332
MSppppp,172,379,124,17.1,36,908
MSppppp,173,383,119,17.2,37,97
MSppppp,174,380,116,17.4,36,-419
MSppppp,175,384,120,18.0,35,848
MSppppp,176,385,121,17.2,35,1214
MSppppp,177,388,119,17.2,35,645
MSppppp,178,381,124,17.2,35,2196
MSppppp,179,379,124,17.1,35,113
MSppppp,180,371,127,16.4,35,1579
MSppppp,181,371,127,16.1,35,41
MSppppp,182,364,130,17.1,35,2121
MSppppp,183,365,132,17.1,35,687
MSppppp,184,365,132,16.2,35,1900
MSppppp,185,365,133,16.2,35,2518
MSppppp,186,365,132,16.2,35,2060
MSppppp,187,363,138,16.3,35,4526
MSppppp,188,359,141,16.0,35,2056
MSppppp,189,358,135,16.0,35,2476
MSppppp,190,356,131,15.2,35,3305
MSppppp,191,356,131,15.2,35,3999
MSppppp,192,353,127,15.2,35,3567
MSppppp,193,356,131,15.2,35,5000
MSppppp,194,353,131,16.0,35,3683
MSppppp,195,353,131,15.1,35,4713
MSppppp,196,352,128,15.2,35,5518
MSppppp,197,348,129,16.1,35,3369
MSppppp,198,346,125,15.1,35,4439
MSppppp,199,345,127,15.1,35,4804
MSppppp,200,338,126,15.1,35,5729
MSppppp,201,335,131,15.2,35,6350
MSppppp,202,338,130,15.3,34,6401
MSppppp,203,335,130,15.3,34,6731
MSppppp,204,338,127,15.3,34,5652
MSppppp,205,341,129,15.3,34,7619
E,31,403,341,16.3,49,692
E,32,417,340,16.7,45,525
E,33,432,338,17.0,41,495
E,34,435,340,16.1,56,-381
E,35,444,324,16.1,56,-793
E,36,464,330,16.0,59,-536
E,37,462,347,16.9,59,-116
E,38,462,354,17.0,43,-1045
E,39,450,340,17.1,48,-355
E,40,450,340,17.1,48,39
E,41,469,354,17.0,47,-765
E,42,467,354,15.1,51,583
E,43,474,360,15.0,48,-349
E,44,490,341,14.1,43,127
E,45,484,337,14.6,47,-47
E,46,478,332,15.0,51,522
Ea,47,473,339,15.3,47,-544
Ea,48,467,347,15.6,42,336
Ea,49,462,354,15.8,37,810
Ea,50,456,362,16.1,32,-1025
Ea,51,441,365,18.0,38,1500
Ea,52,430,370,18.9,52,137
Ea,53,429,375,17.1,52,-237
Ea,54,439,378,19.1,52,-799
Ea,55,435,373,18.0,48,-679
Ea,56,432,374,18.1,48,-40
Ea,57,425,364,20.0,47,-36
Ea,58,418,358,20.0,43,676
Ea,59,410,356,18.0,44,145
Ea,60,415,367,19.0,43,675
Ea,61,413,374,17.0,49,-185
Ea,62,418,368,17.1,52,-150
Ea,63,414,376,17.2,52,-125
Ea,64,420,375,16.1,56,272
Ea,65,412,377,16.1,59,-786
Ea,66,403,379,16.3,61,-268
Ea,67,405,363,18.1,63,-426
Ea,68,389,356,18.0,63,-113
Ea,69,385,354,18.1,63,6
Ea,70,383,350,18.1,64,140
Ea,71,383,349,18.1,66,-493
Ea,72,384,349,19.0,65,-191
Ea,73,385,353,19.0,67,-455
Ea,74,380,349,18.1,68,-289
Ea,75,376,340,18.1,68,-516
Ea,76,375,334,18.0,67,38
Ea,77,376,329,18.0,64,-31
Ea,78,371,321,17.1,60,-394
Ea,79,377,313,17.0,56,-367
Ea,80,379,303,16.1,51,-419
Ea,81,378,318,17.1,49,-637
Eal,82,374,343,17.0,36,-21
Eal,83,378,359,17.1,49,608
Eal,84,385,360,17.9,50,-44
Eal,85,391,360,17.2,51,517
Eal,86,390,363,17.0,52,345
Eal,87,390,373,17.1,53,-46
Eal,88,390,367,17.8,54,-396
Eal,89,386,359,16.2,54,295
Eal,90,383,350,16.1,58,291
Eal,91,380,349,16.9,54,220
Eal,92,381,346,16.1,54,-27
Eal,93,388,348,16.2,56,261
Eal,94,389,350,17.1,56,-216
Eal,95,389,351,17.2,56,453
Eal,96,392,340,19.0,56,176
Eal,97,384,338,18.2,59,309
Eal,98,379,335,19.0,59,872
Eal,99,371,337,18.1,59,55
Eal,100,370,336,18.1,60,432
Eal,101,371,335,18.2,60,239
Eal,102,381,339,19.1,59,547
Eal,103,383,334,20.1,57,-100
Eal,104,389,330,21.0,52,72
Eal,105,395,321,20.2,50,172
Eal,106,389,314,20.0,48,269
Eal,107,388,310,19.1,48,-199
Eal,108,382,311,18.2,48,1178
Eal,109,382,316,18.1,48,-421
Eal,110,386,314,18.2,48,683
Eal,111,390,307,18.1,48,976
Eal,112,387,297,18.1,48,351
Eal,113,388,294,17.1,48,326
Eal,114,386,292,17.0,48,1044
Eal,115,387,290,16.2,48,1185
Eal,116,386,290,16.2,48,608
Eal,117,388,295,16.1,48,651
Eal,118,393,298,16.1,48,1001
Eal,119,400,292,16.1,36,966
Eal,120,400,292,17.3,48,1008
Eala,121,372,292,18.8,44,431
Eala,122,367,290,17.2,42,-331
Eala,123,364,299,17.9,44,554
Eala,124,352,300,17.1,44,606
Eala,125,345,301,17.1,48,95
Eala,126,343,301,17.1,46,844
Eala,127,346,297,17.1,48,1170
Eala,128,349,300,16.2,48,815
Eala,129,350,303,16.1,48,505
Eala,130,354,309,15.2,47,10
Eala,131,351,311,15.2,47,117
Eala,132,356,313,15.2,44,-111
Eala,133,367,314,16.1,44,945
Eala,134,361,307,16.2,43,1492
Eala,135,355,298,17.1,42,352
Eala,136,355,297,16.2,41,-161
Eala,137,352,296,16.1,42,-290
Eala,138,346,300,16.1,41,1015
Eala,139,340,299,16.0,41,679
Eala,140,337,306,15.0,41,810
Eala,141,337,306,15.0,41,1168
Eala,142,327,295,15.1,41,1034
Eala,143,322,287,14.2,41,396
Eala,144,324,292,14.1,41,1025
Eala,145,320,292,14.0,41,1071
Eala,146,313,287,14.0,41,912
Eala,147,302,289,13.1,41,164
Eala,148,292,286,13.2,41,880
Eala,149,296,280,13.0,41,641
Eala,150,292,283,13.0,41,586
Eala,151,292,280,13.1,41,166
Eala,152,298,274,12.1,41,2002
Eala,153,300,273,12.1,41,2443
Eala,154,303,281,12.1,41,1288
Eala,155,306,289,11.2,41,1606
Eala,156,305,290,12.0,41,744
Eala,157,306,292,11.1,41,1271
Eala,158,302,299,11.0,41,2181
Eala,159,308,298,11.0,41,1279
Eala,160,316,290,11.0,41,107
Eala,161,309,294,11.1,41,1763
Eala,162,314,292,11.1,41,688
Eala,163,309,296,12.0,41,1340
Eala,164,306,293,12.1,41,1901
Eala,165,303,296,12.1,41,309
Eala,166,307,294,11.2,39,2262
Eala,167,309,293,11.1,39,933
Eala,168,306,294,11.0,40,1356
Eala,169,306,293,12.1,38,1098
Eala,170,306,289,11.1,39,-71
Eala,171,309,288,11.0,27,836
Eala,172,300,283,11.0,36,407
Eala,173,302,286,11.0,37,2057
Eala,174,308,282,12.0,36,403
Eala,175,313,279,11.0,35,2211
Eala,176,313,274,11.0,31,306
Eala,177,307,268,11.1,35,287
Eala,178,309,267,10.3,33,1963
Eala,179,310,266,11.1,33,2249
Eala,180,315,266,11.1,31,1157
Eala,181,315,268,11.1,35,2079
Eala,182,313,276,11.0,35,2048
Eala,183,321,274,10.0,29,2548
Eala,184,322,262,11.0,31,1698
Ealaa,185,307,267,10.2,29,2579
Ealaa,186,287,265,10.8,31,1496
Ealaa,187,281,264,10.1,31,3477
Ealaa,188,281,256,10.0,31,2615
Ealaa,189,278,259,11.0,27,1906
Ealaa,190,278,259,11.0,27,2193
Ealaa,191,278,258,11.0,27,1146
Ealaa,192,278,257,11.0,28,1433
Ealaa,193,278,256,11.0,28,3549
Ealaa,194,278,255,11.0,29,627
Ealaa,195,278,254,11.0,29,1831
Ealaa,196,278,253,11.0,30,319
Ealaa,197,278,252,11.0,30,2357
Ealaa,198,278,251,11.0,31,16
Ealaa,199,278,250,11.0,31,642
Ealaa,200,278,249,11.0,32,751
Ealaa,201,278,249,10.8,32,1456
Ealaa,202,279,250,10.7,32,-259
Ealaa,203,279,250,10.5,32,-62
Ealaa,204,280,251,10.3,32,1440
Ealaa,205,280,251,10.2,32,3198
Ealap,185,334,266,11.0,27,3161
Ealap,186,346,259,10.9,27,4347
Ealap,187,353,256,10.0,27,1012
Ealap,188,355,254,10.0,27,914
Ealap,189,358,252,10.0,28,870
Ealap,190,360,250,10.0,28,-438
Ealap,191,363,247,10.0,29,536
Ealap,192,365,245,10.0,30,718
Ealap,193,368,243,10.0,30,953
Ealap,194,370,241,10.0,31,963
Ealap,195,373,238,10.0,32,2469
Ealap,196,372,238,10.1,32,-162
Ealap,197,371,237,10.3,32,728
Ealap,198,370,236,10.4,32,1227
Ealap,199,369,235,10.5,32,611
Ealap,200,368,234,10.6,32,2252
Ealap,201,367,233,10.8,32,2291
Ealap,202,366,232,10.9,32,1625
Ealap,203,365,231,11.0,32,985
Ealap,204,365,231,11.0,32,1485
Ealap,205,364,230,11.0,32,1074
Ealp,121,429,284,18.2,40,1168
Ealp,122,435,287,19.9,44,-20
Ealp,123,436,287,20.1,44,-104
Ealp,124,435,277,19.1,46,767
Ealp,125,440,266,20.1,46,511
Ealp,126,437,256,20.0,48,584
Ealp,127,443,256,20.1,46,-269
Ealp,128,440,256,20.0,46,1002
Ealp,129,437,257,20.1,48,500
Ealp,130,430,259,20.1,47,429
Ealp,131,421,258,20.0,45,488
Ealp,132,423,260,18.2,46,-275
Ealp,133,419,255,18.1,44,291
Ealp,134,418,253,18.1,43,1035
Ealp,135,407,243,17.1,42,708
Ealp,136,409,244,18.1,39,1191
Ealp,137,411,238,18.0,42,886
Ealp,138,403,234,17.2,41,857
Ealp,139,398,241,18.1,41,1082
Ealp,140,399,247,18.1,41,1290
Ealp,141,385,247,17.1,39,600
Ealp,142,387,243,17.2,41,-897
Ealp,143,381,249,17.1,41,-367
Ealp,144,381,252,17.0,41,746
Ealp,145,379,260,16.0,41,1346
Ealp,146,379,259,15.4,41,560
Ealp,147,377,260,15.2,41,380
Ealp,148,369,264,15.1,41,81
Ealp,149,368,264,15.0,41,1755
Ealp,150,373,267,15.0,41,844
Ealp,151,370,269,15.1,41,764
Ealp,152,363,274,16.0,41,1440
Ealp,153,367,272,16.0,41,1139
Ealp,154,368,275,15.2,39,-15
Ealp,155,363,275,15.1,41,1980
Ealp,156,365,272,15.1,41,716
Ealp,157,361,279,16.0,41,1873
Ealp,158,363,279,16.0,41,-137
Ealp,159,358,278,15.3,39,1431
Ealp,160,357,270,16.0,41,1175
Ealp,161,361,275,15.2,41,827
Ealp,162,362,274,16.0,41,275
Ealp,163,361,274,16.0,41,1428
Ealp,164,360,275,16.0,41,830
Ealp,165,360,276,16.1,41,1036
Ealp,166,361,276,16.1,41,190
Ealp,167,361,284,16.1,37,1418
Ealp,168,361,284,16.1,37,1196
Ealp,169,371,285,16.0,36,766
Ealp,170,371,285,16.0,36,1252
Ealp,171,362,286,16.0,29,-1279
Ealp,172,360,285,16.0,34,1395
Ealp,173,360,285,16.0,34,792
Ealp,174,359,275,16.0,36,399
Ealp,175,358,264,16.0,31,1089
Ealp,176,362,277,16.1,33,1242
Ealp,177,348,262,16.0,27,1679
Ealp,178,355,264,16.1,31,2269
Ealp,179,355,264,16.1,31,12
Ealp,180,360,263,16.0,35,1172
Ealp,181,361,274,15.9,31,2166
Ealp,182,366,280,15.1,35,98
Ealp,183,371,290,15.1,33,2444
Ealp,184,362,284,15.9,27,3085
Ealp,185,368,297,15.1,33,1505
Ealp,186,374,300,15.2,33,357
Ealp,187,371,290,15.0,31,2543
Ealp,188,371,290,15.0,31,2205
Ealpa,189,332,287,14.9,31,1941
Ealpa,190,321,288,14.0,31,854
Ealpa,191,321,296,14.1,35,529
Ealpa,192,319,290,14.9,31,851
Ealpa,193,318,287,14.1,33,1995
Ealpa,194,319,287,14.1,33,-553
Ealpa,195,321,286,14.1,33,651
Ealpa,196,322,285,14.1,33,983
Ealpa,197,324,284,14.0,33,2731
Ealpa,198,325,283,14.0,33,568
Ealpa,199,327,282,14.0,33,413
Ealpa,200,329,281,14.0,32,1692
Ealpa,201,329,280,14.1,32,609
Ealpa,202,330,279,14.3,32,1733
Ealpa,203,331,278,14.4,32,1680
Ealpa,204,332,277,14.6,32,676
Ealpa,205,333,276,14.7,32,578
Ealpp,189,388,294,14.8,27,3196
Ealpp,190,391,283,14.0,27,3228
Ealpp,191,391,283,14.0,27,1176
Ealpp,192,390,283,14.0,27,-848
Ealpp,193,390,282,14.0,28,-593
Ealpp,194,389,282,14.0,28,1513
Ealpp,195,388,281,14.0,29,2047
Ealpp,196,388,281,14.0,29,1721
Ealpp,197,387,280,14.0,30,607
Ealpp,198,386,280,14.0,30,1168
Ealpp,199,386,279,14.0,31,-345
Ealpp,200,385,279,14.0,31,1210
Ealpp,201,384,278,14.0,32,1133
Ealpp,202,384,277,13.8,32,525
Ealpp,203,384,276,13.6,32,444
Ealpp,204,385,275,13.4,32,-45
Ealpp,205,385,274,13.2,32,1669
Ear,82,361,300,15.1,34,700
Ear,83,346,292,15.9,49,97
Ear,84,346,289,14.9,50,-214
Ear,85,348,281,14.0,51,92
Ear,86,336,274,12.9,52,-896
Ear,87,343,266,12.1,53,-505
Ear,88,348,267,13.0,54,-72
Ear,89,345,269,13.2,54,473
Ear,90,347,261,13.9,54,59
Ear,91,350,271,15.0,56,155
Ear,92,351,266,15.1,60,-309
Ear,93,358,262,16.0,58,529
Ear,94,358,264,16.1,60,60
Ear,95,359,263,16.2,58,-63
Ear,96,359,255,16.3,56,-325
Ear,97,364,249,16.4,57,-314
Ear,98,364,244,17.1,59,412
Ear,99,360,246,17.1,59,-265
Ear,100,367,237,17.0,60,-10
Ear,101,374,239,16.2,60,92
Ear,102,376,242,17.1,59,-63
Ear,103,376,240,17.1,57,275
Ear,104,377,236,17.0,52,-338
Ear,105,373,241,17.1,50,154
Ear,106,373,229,17.1,48,393
Ear,107,374,219,17.1,48,372
Ear,108,380,224,16.2,48,198
Ear,109,379,215,16.2,48,257
Ear,110,375,212,16.2,48,246
Ear,111,370,211,16.2,48,247
Ear,112,371,204,16.1,48,542
Ear,113,371,204,16.1,48,1259
Ear,114,378,203,16.1,48,183
Ear,115,375,203,15.0,48,904
Ear,116,378,202,15.0,48,1000
Ear,117,371,207,14.1,48,447
Ear,118,369,208,15.0,44,401
Ear,119,378,212,15.2,48,-475
Eara,120,341,203,15.2,40,699
Eara,121,338,200,15.1,42,1131
Eara,122,332,199,15.9,44,646
Eara,123,329,200,15.9,44,482
Eara,124,321,190,15.1,46,223
Eara,125,322,194,16.0,46,-401
Eara,126,320,196,15.2,48,6
Eara,127,322,198,15.2,46,352
Eara,128,323,197,15.2,48,383
Eara,129,324,205,15.2,48,882
Eara,130,328,209,15.1,47,585
Eara,131,332,215,14.2,47,-113
Eara,132,328,219,14.2,46,1236
Eara,133,331,223,15.0,44,402
Eara,134,336,211,14.1,43,-529
Eara,135,328,204,14.1,42,-202
Eara,136,325,200,14.2,41,583
Eara,137,325,202,14.1,42,-439
Eara,138,324,205,14.1,41,-1118
Eara,139,328,209,14.0,41,1350
Eara,140,332,204,13.2,41,927
Eara,141,328,201,14.1,41,-437
Eara,142,324,197,14.0,41,298
Eara,143,322,201,13.2,41,-353
Eara,144,320,206,14.0,41,-708
Eara,145,322,202,13.1,41,792
Eara,146,323,200,13.1,41,397
Eara,147,323,194,12.0,41,557
Eara,148,323,192,13.1,41,2187
Eara,149,323,191,13.1,41,1667
Eara,150,322,194,13.0,41,1116
Eara,151,325,194,13.1,41,412
Eara,152,323,189,13.1,41,529
Eara,153,320,194,13.0,41,1036
Eara,154,318,189,13.1,41,1551
Eara,155,323,192,13.1,41,272
Eara,156,317,194,13.1,41,2796
Eara,157,317,196,13.1,41,536
Eara,158,317,200,13.1,41,1595
Eara,159,318,195,13.1,41,463
Eara,160,315,197,13.1,41,543
Eara,161,311,191,13.0,41,415
Eara,162,310,191,13.0,41,427
Eara,163,317,192,12.1,41,639
Eara,164,316,194,12.1,41,535
Eara,165,314,197,13.1,41,540
Eara,166,312,201,13.0,37,-718
Eara,167,310,194,13.1,41,933
Eara,168,312,198,12.1,40,516
Eara,169,309,205,13.0,27,1107
Eara,170,307,196,13.0,35,399
Eara,171,315,186,13.0,35,650
Eara,172,326,176,13.0,27,2083
Eara,173,326,176,13.0,27,2889
Eara,174,328,167,12.2,29,1394
Eara,175,328,167,12.2,29,-1030
Eara,176,324,180,13.0,31,563
Eara,177,327,176,12.1,27,-318
Eara,178,321,178,12.0,35,1800
Eara,179,321,178,12.0,35,690
Eara,180,318,182,11.0,29,658
Eara,181,321,192,12.0,35,583
Eara,182,323,190,11.7,35,2428
Eara,183,325,187,11.4,34,839
Eara,184,327,184,11.1,33,1134
Eara,185,327,184,11.1,33,2192
Eara,186,331,191,12.0,31,3483
Earaa,187,317,188,12.0,31,1814
Earaa,188,302,185,12.0,32,3769
Earaa,189,302,185,12.0,32,671
Earaa,190,301,184,12.0,32,1401
Earaa,191,300,183,12.0,32,2311
Earaa,192,299,182,12.0,32,343
Earaa,193,298,182,12.0,32,1075
Earaa,194,297,181,12.0,32,2033
Earaa,195,296,180,12.0,32,309
Earaa,196,295,179,12.0,32,1116
Earaa,197,295,179,12.1,32,2110
Earaa,198,296,180,12.2,32,956
Earaa,199,296,181,12.3,32,2678
Earaa,200,297,181,12.3,32,2232
Earaa,201,297,182,12.4,32,126
Earaa,202,298,183,12.5,32,1791
Earaa,203,298,183,12.6,32,485
Earaa,204,299,184,12.7,32,23
Earaa,205,299,185,12.8,32,2094
Earap,187,348,185,11.8,27,536
Earap,188,364,180,11.0,27,-721
Earap,189,370,174,11.0,27,787
Earap,190,369,174,11.0,28,2002
Earap,191,368,174,11.0,29,2078
Earap,192,367,175,11.0,30,1645
Earap,193,366,175,11.0,32,385
Earap,194,365,176,11.0,33,2071
Earap,195,364,176,11.0,34,1628
Earap,196,363,177,11.0,36,1094
Earap,197,363,176,11.0,36,615
Earap,198,362,175,11.0,36,846
Earap,199,362,174,11.0,36,-500
Earap,200,361,173,11.0,36,143
Earap,201,360,172,11.0,36,645
Earap,202,360,171,11.0,36,-942
Earap,203,359,170,11.0,36,1031
Earap,204,358,169,11.0,36,-753
Earap,205,359,168,11.0,36,1738
Earp,120,397,214,16.0,34,1890
Earp,121,405,216,15.9,44,385
Earp,122,405,221,15.1,44,-136
Earp,123,406,228,14.2,46,-346
Earp,124,396,230,14.2,46,1368
Earp,125,400,227,14.2,46,414
Earp,126,398,229,14.9,44,-221
Earp,127,398,231,14.2,48,633
Earp,128,397,227,14.3,48,676
Earp,129,394,231,15.1,48,894
Earp,130,394,230,15.0,47,1334
Earp,131,394,238,15.0,47,-354
Earp,132,391,242,13.1,46,1012
Earp,133,394,236,13.1,44,167
Earp,134,395,231,13.1,43,560
Earp,135,393,230,14.0,42,309
Earp,136,390,224,14.1,41,819
Earp,137,389,220,14.1,42,221
Earp,138,383,211,14.1,41,316
Earp,139,387,209,14.1,41,1831
Earp,140,390,209,14.0,41,1294
Earp,141,391,204,13.1,41,126
Earp,142,394,202,13.2,41,1318
Earp,143,389,201,13.1,41,803
Earp,144,389,206,13.1,41,1337
Earp,145,388,209,12.2,41,780
Earp,146,382,222,12.1,41,1773
Earp,147,377,223,11.2,41,-56
Earp,148,376,235,11.1,41,-511
Earp,149,373,236,11.0,41,1209
Earp,150,376,232,11.1,41,-41
Earp,151,375,232,11.1,41,971
Earp,152,371,241,11.1,41,1588
Earp,153,377,239,11.1,41,734
Earp,154,375,238,11.1,39,1195
Earp,155,380,235,11.1,41,1456
Earp,156,380,239,11.1,41,-121
Earp,157,384,245,11.1,41,1295
Earp,158,385,238,11.1,41,1149
Earp,159,383,241,11.1,41,407
Earp,160,384,238,11.1,41,753
Earp,161,384,233,11.1,41,2502
Earp,162,386,240,11.1,39,1232
Earp,163,383,239,12.0,37,695
Earp,164,379,239,11.1,41,1742
Earp,165,382,233,11.2,41,1606
Earp,166,382,233,11.2,41,1304
Earp,167,378,234,12.1,37,1536
Earp,168,385,229,12.1,40,1936
Earp,169,379,228,13.0,27,1078
Earp,170,376,219,13.0,27,1291
Earp,171,377,221,14.0,27,672
Earp,172,379,226,14.0,27,-112
Earp,173,375,218,14.0,27,-47
Earp,174,375,218,14.0,27,-197
Earp,175,377,211,14.9,31,79
Earp,176,379,218,14.0,29,2747
Earp,177,376,211,15.1,27,-892
Earp,178,375,214,14.8,31,1124
Earp,179,377,214,14.7,31,-1184
Earp,180,380,215,14.7,31,1274
Earp,181,382,216,14.6,31,665
Earp,182,385,217,14.6,31,-711
Earp,183,387,218,14.5,30,1058
Earp,184,390,219,14.4,30,-128
Earp,185,392,220,14.4,30,1673
Earp,186,395,221,14.3,30,66
Earp,187,397,222,14.3,30,1029
Earp,188,400,223,14.2,29,-1684
Earpa,189,379,223,14.5,28,2493
Earpa,190,358,223,14.8,27,5966
Earpa,191,354,227,14.9,27,2033
Earpa,192,354,226,15.0,27,2586
Earpa,193,354,224,15.1,28,455
Earpa,194,354,222,15.3,28,2533
Earpa,195,354,220,15.4,29,1025
Earpa,196,353,219,15.5,29,-643
Earpa,197,353,217,15.6,30,1028
Earpa,198,353,215,15.8,30,-547
Earpa,199,353,213,15.9,31,572
Earpa,200,352,211,16.0,32,1200
Earpa,201,352,211,16.0,32,466
Earpa,202,352,211,16.0,32,1123
Earpa,203,353,211,16.0,32,293
Earpa,204,353,211,16.0,32,-1473
Earpa,205,353,211,16.0,32,1344
Earpp,189,409,223,14.2,29,2282
Earpp,190,419,219,15.1,30,1252
Earpp,191,430,214,16.0,32,982
Earpp,192,430,213,16.0,32,379
Earpp,193,430,211,16.0,32,-48
Earpp,194,429,209,16.0,32,-172
Earpp,195,429,208,16.0,32,1918
Earpp,196,428,206,16.0,32,359
Earpp,197,428,204,16.0,32,1489
Earpp,198,427,202,16.0,32,523
Earpp,199,427,202,16.0,32,-521
Earpp,200,427,202,16.0,32,737
Earpp,201,426,201,16.0,32,-1124
Earpp,202,426,201,16.0,32,-114
Earpp,203,426,201,16.0,32,1142
Earpp,204,425,200,16.0,32,1226
Earpp,205,425,200,16.0,32,-947
Ep,47,490,327,14.8,51,-124
Ep,48,503,322,14.6,50,-570
Ep,49,515,317,14.3,50,-391
Ep,50,528,312,14.1,49,-609
Ep,51,526,300,13.1,53,-746
Ep,52,527,303,13.9,52,-41
Ep,53,527,317,14.0,50,-121
Ep,54,515,319,13.1,52,421
Ep,55,507,312,11.1,52,-176
Ep,56,503,319,12.1,48,-171
Ep,57,503,329,13.0,51,-451
Ep,58,494,318,14.1,43,-470
Ep,59,491,321,15.1,44,-284
Ep,60,493,317,16.0,47,244
Ep,61,499,328,14.0,49,353
Ep,62,500,311,14.1,52,-305
Ep,63,498,314,15.0,52,-369
Ep,64,505,306,15.1,56,-368
Ep,65,499,313,15.0,59,-304
Ep,66,498,316,14.1,61,-311
Ep,67,494,315,14.1,63,-414
Ep,68,490,311,14.1,63,-291
Ep,69,490,313,15.0,63,-480
Ep,70,486,315,15.1,64,133
Ep,71,484,322,14.3,66,-508
Ep,72,480,320,15.1,65,-264
Ep,73,481,315,15.1,67,-184
Ep,74,480,324,14.3,68,156
Ep,75,478,329,15.3,68,275
Ep,76,480,329,16.0,67,80
Ep,77,481,325,15.2,64,669
Ep,78,485,318,15.1,60,-91
Ep,79,480,314,15.1,56,22
Ep,80,477,302,15.0,53,26
Ep,81,472,296,15.1,53,-32
Ep,82,465,297,13.0,53,-494
Epl,83,466,310,12.9,49,-95
Epl,84,468,313,13.8,50,189
Epl,85,472,313,12.9,51,279
Epl,86,470,324,12.8,52,-443
Epl,87,460,339,11.8,53,-751
Epl,88,459,347,12.0,54,682
Epl,89,463,332,11.9,54,793
Epl,90,463,329,12.2,54,269
Epl,91,463,334,12.9,54,522
Epl,92,470,330,12.4,56,-294
Epl,93,467,329,12.9,54,-52
Epl,94,471,329,13.8,54,93
Epl,95,473,334,14.0,54,210
Epl,96,471,335,14.0,56,-195
Epl,97,464,339,14.2,57,61
Epl,98,457,333,14.1,59,-456
Epl,99,452,329,14.2,57,412
Epl,100,451,321,14.1,60,521
Epl,101,455,320,14.3,58,301
Epl,102,458,323,15.0,57,368
Epl,103,458,321,15.2,57,161
Epl,104,451,313,15.1,52,-328
Epl,105,458,314,15.1,50,148
Epl,106,451,307,15.1,48,-532
Epl,107,452,303,14.3,48,566
Epl,108,451,311,14.2,48,1065
Epl,109,449,308,14.0,48,422
Epl,110,444,303,13.2,48,1113
Epl,111,448,304,13.1,48,59
Epl,112,453,298,13.0,48,1099
Epl,113,459,299,13.1,48,722
Epl,114,461,307,13.2,48,482
Epl,115,464,306,13.3,48,851
Epl,116,468,308,13.3,48,1991
Epl,117,470,306,13.3,48,372
Epl,118,471,311,13.3,48,953
Epl,119,478,308,13.3,48,1848
Epl,120,479,305,14.1,48,1143
Epl,121,483,302,12.4,48,1584
Epl,122,480,296,14.0,40,1280
Epl,123,480,293,14.1,44,1643
Epla,124,454,298,14.1,40,1131
Epla,125,452,299,14.9,44,1221
Epla,126,453,300,15.0,44,-547
Epla,127,453,303,15.0,44,1670
Epla,128,446,306,15.1,44,856
Epla,129,442,312,15.0,44,1272
Epla,130,447,308,15.0,47,1432
Epla,131,452,307,14.3,47,1036
Epla,132,460,298,14.2,46,571
Epla,133,462,294,15.0,44,298
Epla,134,459,302,14.1,43,-250
Epla,135,455,301,15.0,42,-73
Epla,136,445,299,15.1,41,493
Epla,137,439,293,15.0,42,1433
Epla,138,437,292,15.0,41,527
Epla,139,442,290,14.1,41,1751
Epla,140,437,295,15.0,41,-596
Epla,141,435,289,14.1,41,273
Epla,142,434,290,14.1,41,800
Epla,143,428,287,14.1,41,150
Epla,144,428,297,14.2,41,1222
Epla,145,431,291,14.1,41,982
Epla,146,433,294,15.1,41,1323
Epla,147,435,285,15.1,41,1525
Epla,148,430,282,14.1,41,1088
Epla,149,426,282,14.0,41,1422
Epla,150,431,289,14.1,41,1407
Epla,151,441,289,14.1,41,973
Epla,152,434,287,13.2,41,374
Epla,153,435,290,14.0,41,970
Epla,154,431,287,13.1,41,133
Epla,155,428,284,14.0,41,2341
Epla,156,428,283,14.0,41,1496
Epla,157,431,285,13.2,41,1185
Epla,158,432,283,14.0,41,1169
Epla,159,433,286,13.1,41,730
Epla,160,428,286,14.0,41,-410
Epla,161,426,284,13.1,41,1076
Epla,162,426,282,13.1,41,1965
Epla,163,422,279,13.1,41,1409
Epla,164,419,282,13.1,41,537
Epla,165,417,283,13.1,41,1253
Epla,166,418,291,13.0,41,1483
Epla,167,416,287,12.1,39,957
Epla,168,426,288,11.3,40,2261
Epla,169,429,284,11.2,38,2064
Epla,170,429,282,12.1,39,1568
Epla,171,424,290,11.2,39,1504
Epla,172,424,287,11.2,38,2115
Epla,173,438,299,11.0,29,-519
Epla,174,442,292,11.0,36,1522
Epla,175,433,300,12.0,35,1434
Epla,176,437,305,11.1,35,2529
Epla,177,435,306,10.2,29,711
Epla,178,441,309,11.1,35,2178
Epla,179,434,305,11.1,35,3334
Epla,180,446,306,11.2,35,2525
Epla,181,446,303,11.1,35,2077
Epla,182,446,305,11.1,35,1316
Epla,183,444,301,11.1,35,2982
Epla,184,454,302,12.0,35,1175
Epla,185,448,294,11.2,35,2103
Epla,186,454,295,11.0,35,3104
Epla,187,448,293,11.1,35,1827
Epla,188,447,290,11.1,35,2966
Epla,189,449,287,11.1,35,2154
Epla,190,448,285,11.0,35,1618
Epla,191,449,283,11.1,35,2866
Epla,192,447,279,11.0,35,2060
Epla,193,447,276,11.0,35,3980
Epla,194,446,271,10.9,31,5550
Eplaa,195,416,268,9.0,32,1866
Eplaa,196,416,267,9.2,32,2107
Eplaa,197,415,265,9.3,32,1860
Eplaa,198,414,263,9.5,32,1972
Eplaa,199,413,262,9.7,32,793
Eplaa,200,412,260,9.8,32,1185
Eplaa,201,411,258,10.0,32,3005
Eplaa,202,411,258,10.0,32,2023
Eplaa,203,411,257,10.0,32,1686
Eplaa,204,411,256,10.0,32,1689
Eplaa,205,410,255,10.0,32,-371
Eplap,195,469,269,11.9,31,4893
Eplap,196,473,276,12.1,27,4141
Eplap,197,477,281,14.0,31,2224
Eplap,198,476,281,13.7,31,2069
Eplap,199,474,281,13.4,31,-565
Eplap,200,473,282,13.1,31,2037
Eplap,201,471,282,12.8,31,-727
Eplap,202,469,283,12.5,31,-828
Eplap,203,468,283,12.2,31,1526
Eplap,204,466,283,11.9,31,2352
Eplap,205,465,284,11.6,31,643
Eplp,124,512,284,13.2,34,551
Eplp,125,520,279,13.2,40,47
Eplp,126,527,276,14.1,44,519
Eplp,127,535,276,14.9,44,1023
Eplp,128,539,270,15.1,48,1247
Eplp,129,542,267,16.0,44,1165
Eplp,130,535,264,15.0,43,532
Eplp,131,533,265,15.1,45,-194
Eplp,132,531,256,16.1,46,424
Eplp,133,524,254,17.0,44,939
Eplp,134,520,258,17.1,43,643
Eplp,135,518,265,17.0,42,1157
Eplp,136,513,267,17.1,41,297
Eplp,137,510,267,18.1,42,-89
Eplp,138,505,267,18.0,41,559
Eplp,139,500,265,17.2,41,519
Eplp,140,500,263,18.1,41,37
Eplp,141,501,269,18.1,41,1161
Eplp,142,503,268,17.1,41,1315
Eplp,143,498,265,17.1,41,329
Eplp,144,495,262,16.2,39,420
Eplp,145,499,259,17.1,41,-215
Eplp,146,496,259,16.1,41,-12
Eplp,147,505,253,16.1,41,769
Eplp,148,503,249,17.1,41,1897
Eplp,149,505,253,16.0,41,942
Eplp,150,508,250,15.2,41,1726
Eplp,151,511,249,15.1,41,1047
Eplp,152,512,253,14.2,41,1343
Eplp,153,516,247,15.1,41,2006
Eplp,154,508,244,16.0,41,657
Eplp,155,502,249,15.1,41,1884
Eplp,156,501,242,16.1,41,1845
Eplp,157,501,246,15.0,41,1455
Eplp,158,499,251,15.0,41,2824
Eplp,159,500,246,15.1,41,449
Eplp,160,501,245,14.2,41,2598
Eplp,161,499,237,15.0,41,1186
Eplp,162,503,241,14.0,41,1940
Eplp,163,501,247,14.0,41,1328
Eplp,164,497,248,13.0,41,2210
Eplp,165,495,244,13.1,41,1771
Eplp,166,494,246,13.1,41,940
Eplp,167,489,247,12.1,39,656
Eplp,168,490,241,13.1,40,1697
Eplp,169,491,241,13.1,38,885
Eplp,170,491,240,13.1,39,616
Eplp,171,490,241,13.1,39,471
Eplp,172,494,243,14.0,38,1131
Eplp,173,501,244,13.0,35,1654
Eplp,174,499,248,13.1,36,1203
Eplp,175,494,245,13.1,35,2265
Eplp,176,495,247,13.1,35,2319
Eplp,177,495,253,13.0,35,1640
Eplp,178,495,253,13.0,35,3367
Eplp,179,496,249,13.0,35,1596
Eplp,180,492,258,13.0,35,394
Eplp,181,494,259,13.1,33,2678
Eplp,182,497,266,13.0,35,3003
Eplp,183,503,265,13.1,35,473
Eplp,184,497,268,13.1,35,1834
Eplp,185,494,268,14.1,35,1699
Eplp,186,491,271,14.0,35,1036
Eplp,187,498,267,14.0,35,324
Eplp,188,502,265,14.0,35,2141
Eplp,189,501,266,14.0,35,3001
Eplp,190,494,269,14.0,35,1951
Eplp,191,498,265,14.1,35,1003
Eplp,192,495,262,14.1,35,34
Eplp,193,497,254,14.1,35,2320
Eplp,194,496,259,15.0,35,-613
Eplp,195,500,248,16.1,35,1269
Eplp,196,512,259,16.0,27,1610
Eplp,197,517,260,17.0,33,1551
Eplp,198,516,262,16.0,31,2618
Eplp,199,516,262,16.0,31,3354
Eplp,200,513,253,16.0,31,528
Eplp,201,507,262,17.1,29,4335
Eplp,202,510,257,16.0,30,2730
Eplpa,203,497,260,14.0,27,3383
Eplpa,204,497,260,13.9,27,843
Eplpa,205,497,260,13.8,28,2514
Eplpp,203,522,252,19.0,32,909
Eplpp,204,520,252,19.2,32,2256
Eplpp,205,518,252,19.4,32,637
Epr,83,456,275,15.0,36,-121
Epr,84,454,260,17.0,50,-533
Epr,85,455,242,17.0,51,-418
Epr,86,449,231,17.1,52,-82
Epr,87,453,217,18.0,53,-145
Epr,88,454,215,17.1,54,-20
Epr,89,459,219,18.0,58,187
Epr,90,460,226,17.8,54,289
Epr,91,461,227,17.1,56,-461
Epr,92,461,230,17.3,58,-60
Epr,93,460,228,17.2,56,-371
Epr,94,464,234,17.2,58,-36
Epr,95,474,234,17.3,58,-116
Epr,96,467,242,17.1,60,-11
Epr,97,464,249,17.1,59,211
Epr,98,458,248,17.2,59,83
Epr,99,460,248,17.2,59,155
Epr,100,464,242,17.2,60,212
Epr,101,475,240,17.2,58,300
Epr,102,472,242,18.1,59,7
Epr,103,477,238,17.2,57,638
Epr,104,476,234,17.1,52,146
Epr,105,483,231,17.0,50,376
Epr,106,483,220,17.1,48,576
Epr,107,476,216,17.1,48,525
Epr,108,480,215,17.0,48,251
Epr,109,473,218,16.1,48,1020
Epr,110,484,212,16.1,48,1257
Epr,111,480,212,16.1,48,283
Epr,112,477,211,15.2,48,978
Epr,113,473,205,16.0,48,1075
Epr,114,473,211,16.0,48,736
Epr,115,480,212,15.1,48,1466
Epr,116,475,209,15.1,48,1292
Epr,117,472,208,15.2,48,2138
Epr,118,476,210,15.1,48,1672
Epr,119,476,202,15.1,48,714
Epr,120,477,199,15.2,48,898
Epr,121,478,194,15.0,48,690
Epr,122,474,195,16.0,44,2222
Epr,123,473,195,15.3,48,1069
Epra,124,441,185,17.0,42,1215
Epra,125,441,179,17.9,44,657
Epra,126,438,175,17.1,44,465
Epra,127,430,169,17.0,44,692
Epra,128,424,168,17.0,44,1468
Epra,129,420,165,16.9,44,1235
Epra,130,421,164,15.2,45,385
Epra,131,422,166,15.1,47,531
Epra,132,423,169,15.1,46,1259
Epra,133,424,162,15.0,44,2410
Epra,134,432,165,14.2,43,490
Epra,135,435,161,14.2,42,2680
Epra,136,436,163,14.2,41,2559
Epra,137,437,163,15.1,42,1239
Epra,138,442,161,14.1,41,1596
Epra,139,438,163,15.1,41,1265
Epra,140,438,162,15.0,41,1350
Epra,141,437,163,15.0,41,579
Epra,142,435,161,14.2,41,46
Epra,143,432,159,14.1,41,1493
Epra,144,435,162,14.1,41,923
Epra,145,435,157,14.0,41,1721
Epra,146,436,164,13.2,41,765
Epra,147,437,161,13.2,41,1074
Epra,148,431,164,14.0,41,2250
Epra,149,435,163,14.1,41,1502
Epra,150,434,165,14.0,41,798
Epra,151,433,165,14.1,41,2249
Epra,152,426,170,13.2,41,1658
Epra,153,431,169,13.2,41,1496
Epra,154,426,174,13.1,41,644
Epra,155,434,169,13.0,41,1390
Epra,156,432,165,13.1,41,890
Epra,157,434,167,13.1,41,1839
Epra,158,436,158,13.1,41,2497
Epra,159,435,164,13.1,41,758
Epra,160,432,170,13.1,41,2221
Epra,161,432,169,12.2,41,136
Epra,162,430,170,13.1,41,-458
Epra,163,432,167,13.0,41,1098
Epra,164,428,170,13.1,41,1738
Epra,165,420,163,12.2,41,280
Epra,166,422,158,12.1,41,1710
Epra,167,419,160,12.1,41,2249
Epra,168,418,157,12.0,40,1005
Epra,169,410,158,12.1,38,1891
Epra,170,410,159,12.1,39,1205
Epra,171,409,159,12.0,39,2568
Epra,172,409,158,12.1,36,2061
Epra,173,412,153,13.0,37,2063
Epra,174,403,145,13.0,36,1666
Epra,175,402,144,13.1,35,1861
Epra,176,405,149,12.2,35,403
Epra,177,412,152,13.0,35,704
Epra,178,412,156,13.1,35,2226
Epra,179,411,158,12.1,35,1087
Epra,180,404,159,12.1,35,1184
Epra,181,414,151,12.0,33,1457
Epra,182,414,151,12.0,33,4938
Epra,183,406,154,13.1,35,1140
Epra,184,411,149,13.1,35,2730
Epra,185,411,149,13.1,35,2712
Epra,186,412,151,13.0,35,3150
Epra,187,407,152,13.0,35,1820
Epra,188,422,148,11.1,35,2756
Epra,189,426,158,13.0,35,2647
Epra,190,430,160,12.1,35,4571
Epra,191,430,157,11.1,35,4060
Epra,192,429,158,12.0,35,1336
Epra,193,432,165,12.0,35,3108
Epra,194,431,160,12.2,33,1921
Epra,195,428,167,12.0,31,3337
Epraa,196,405,173,10.9,27,4000
Epraa,197,402,171,10.9,28,4105
Epraa,198,399,168,11.0,29,4084
Epraa,199,396,166,11.0,30,1312
Epraa,200,393,163,11.0,31,3282
Epraa,201,395,163,11.0,31,2027
Epraa,202,397,163,11.0,31,2464
Epraa,203,399,163,11.0,31,1901
Epraa,204,401,163,11.0,31,1648
Epraa,205,403,163,11.0,31,730
Eprap,196,460,170,12.0,32,2764
Eprap,197,459,167,12.3,32,2540
Eprap,198,457,164,12.5,32,81
Eprap,199,455,161,12.8,32,-437
Eprap,200,453,158,13.0,32,631
Eprap,201,454,160,13.0,32,813
Eprap,202,455,162,13.0,32,-647
Eprap,203,456,164,13.0,32,1348
Eprap,204,457,166,13.0,32,271
Eprap,205,458,168,13.0,32,1591
Eprp,124,501,196,15.1,40,1417
Eprp,125,508,198,16.0,42,-87
Eprp,126,512,198,16.1,44,1176
Eprp,127,515,199,16.0,44,2253
Eprp,128,520,197,16.1,44,1117
Eprp,129,515,199,16.1,44,1543
Eprp,130,514,198,16.1,45,1572
Eprp,131,510,198,16.2,45,471
Eprp,132,507,194,17.0,42,414
Eprp,133,507,192,15.3,44,522
Eprp,134,506,198,16.1,43,335
Eprp,135,506,203,16.1,42,2119
Eprp,136,513,208,15.3,41,593
Eprp,137,509,212,15.1,42,1463
Eprp,138,503,211,15.1,41,1198
Eprp,139,503,210,15.2,41,1604
Eprp,140,504,206,14.2,41,915
Eprp,141,498,207,15.1,41,1482
Eprp,142,497,204,15.0,41,1625
Eprp,143,503,204,15.1,41,897
Eprp,144,502,200,14.1,41,1549
Eprp,145,504,194,15.1,41,1803
Eprp,146,503,196,15.0,41,1729
Eprp,147,503,191,14.2,41,1019
Eprp,148,507,192,15.0,41,791
Eprp,149,508,193,14.2,41,1591
Eprp,150,504,188,14.1,41,1683
Eprp,151,505,182,14.1,41,756
Eprp,152,505,183,14.0,41,1212
Eprp,153,501,186,14.1,41,676
Eprp,154,503,181,14.1,41,1996
Eprp,155,501,189,14.1,41,2085
Eprp,156,496,186,14.1,41,462
Eprp,157,503,185,14.1,41,2316
Eprp,158,499,192,13.2,41,2484
Eprp,159,496,187,13.1,41,498
Eprp,160,499,185,13.1,41,2636
Eprp,161,501,179,13.1,41,1386
Eprp,162,500,181,12.1,41,1824
Eprp,163,496,185,12.1,41,1341
Eprp,164,491,187,12.1,41,2687
Eprp,165,483,182,13.0,41,671
Eprp,166,477,185,12.1,39,1323
Eprp,167,474,184,12.9,37,926
Eprp,168,469,178,12.0,40,2724
Eprp,169,470,179,12.1,36,1663
Eprp,170,468,179,12.0,35,404
Eprp,171,469,179,12.2,37,2188
Eprp,172,469,182,13.0,34,2013
Eprp,173,470,185,13.0,35,-69
Eprp,174,467,188,12.0,32,1130
Eprp,175,470,184,12.1,35,1167
Eprp,176,473,186,12.1,31,-614
Eprp,177,475,198,11.1,35,2348
Eprp,178,472,189,12.0,33,1205
Eprp,179,470,191,11.1,29,1769
Eprp,180,467,197,12.1,31,87
Eprp,181,475,191,12.1,33,-768
Eprp,182,468,189,13.0,31,1990
Eprp,183,463,196,13.0,31,922
Eprp,184,465,193,12.0,31,495
Eprp,185,471,190,12.1,35,2413
Eprp,186,471,190,12.1,35,2079
Eprp,187,469,199,13.0,31,3009
Eprp,188,475,201,12.0,31,2150
Eprp,189,476,201,12.1,31,2785
Eprp,190,481,206,12.1,33,1668
Eprp,191,481,206,12.1,33,627
Eprp,192,477,203,12.0,35,1057
Eprp,193,480,202,12.9,31,1294
Eprp,194,481,201,12.9,31,-42
Eprp,195,482,200,12.9,31,2574
Eprp,196,483,199,12.9,31,1103
Eprp,197,484,198,13.0,31,-954
Eprp,198,485,197,13.0,31,-1677
Eprp,199,486,196,13.0,31,3148
Eprp,200,487,195,13.0,31,2053
Eprp,201,489,194,13.0,32,2198
Eprpa,202,479,198,11.5,32,1428
Eprpa,203,469,202,10.0,32,1432
Eprpa,204,467,203,10.0,32,832
Eprpa,205,465,204,10.0,32,2172
Eprpp,202,500,192,14.5,32,436
Eprpp,203,511,189,16.0,32,1112
Eprpp,204,513,196,16.0,32,1483
Eprpp,205,515,203,16.0,32,1337
P2,17,505,259,14.3,52,-193
P2,18,517,256,14.7,52,294
P2,19,530,253,15.0,51,470
P2,20,555,232,15.3,73,-583
P2,21,580,224,17.0,76,-567
P2,22,580,222,16.9,77,-11
P2,23,577,213,17.0,81,-217
P2,24,565,205,17.2,83,-501
P2,25,553,201,16.9,85,147
P2,26,550,191,16.9,85,-459
P2,27,541,201,14.9,85,-58
P2,28,535,242,15.0,62,-313
P2,29,525,266,14.1,73,-333
P2,30,521,276,15.0,73,-520
P2,31,533,274,15.0,70,-74
P2,32,527,264,16.0,61,-481
P2,33,520,254,17.0,52,-468
C,34,517,244,15.7,48,-136
C,35,514,234,14.3,44,-586
C,36,511,223,13.0,39,-442
C,37,524,227,11.2,41,-351
C,38,531,216,12.0,59,139
C,39,531,220,11.1,52,-351
C,40,534,221,10.1,53,98
C,41,506,185,10.0,47,-203
C,42,495,177,10.1,51,-197
C,43,481,174,11.1,50,-741
C,44,478,163,11.0,48,690
C,45,491,158,10.1,47,514
C,46,474,169,11.1,48,-1045
C,47,458,175,11.0,49,-247
C,48,459,175,13.0,48,15
C,49,453,180,13.0,46,-939
C,50,447,186,13.0,43,82
Ca,51,434,189,12.0,43,-349
Ca,52,420,192,11.0,43,-163
Ca,53,406,196,10.0,43,65
Ca,54,401,203,10.1,36,676
Ca,55,397,219,9.1,48,295
Ca,56,397,219,9.1,48,241
Ca,57,403,234,10.1,47,-386
Ca,58,410,239,10.1,39,885
Ca,59,417,232,10.0,40,-171
Ca,60,409,219,10.1,47,-101
Ca,61,410,222,9.1,49,-1
Ca,62,414,212,9.1,34,-129
Ca,63,407,205,10.1,34,-89
Ca,64,414,214,10.0,33,-877
Ca,65,410,217,11.0,53,-366
Ca,66,404,224,11.0,55,-293
Ca,67,398,232,10.9,57,-595
Ca,68,393,226,10.9,57,-123
Ca,69,394,225,10.8,57,-376
Ca,70,393,225,10.9,58,-19
Ca,71,393,223,11.0,51,-263
Ca,72,392,220,11.0,43,-1169
Caa,73,391,219,11.3,43,-544
Caa,74,390,217,11.7,43,379
Caa,75,388,215,12.0,43,-781
Caa,76,391,217,12.0,40,189
Caa,77,388,199,12.0,40,354
Caa,78,378,201,12.1,40,-521
Caa,79,362,199,11.9,50,-258
Caa,80,359,194,10.1,51,-475
Caa,81,364,190,10.1,53,-101
Caa,82,363,189,9.2,53,-309
Caa,83,369,183,9.3,53,-958
Caa,84,373,174,10.1,56,-271
Caa,85,369,176,10.1,57,-628
Caa,86,374,180,10.1,56,-166
Caa,87,379,178,9.3,57,-870
Caa,88,378,174,9.1,58,-649
Caa,89,370,177,9.4,58,260
Caa,90,373,179,10.0,56,-744
Caa,91,373,190,10.0,58,-289
Caa,92,374,192,9.3,56,54
Caa,93,376,196,9.3,56,-290
Caa,94,378,200,9.1,58,54
Caa,95,379,209,9.1,58,6
Caa,96,375,213,9.2,58,21
Caa,97,370,217,9.0,49,-67
Caa,98,380,206,9.2,35,-455
Caaa,99,352,195,9.2,33,632
Caaa,100,345,193,9.1,36,-420
Caaa,101,346,202,9.0,44,-237
Caaa,102,347,210,9.0,49,-237
Caaa,103,346,217,9.9,51,-199
Caaa,104,346,219,8.8,48,-332
Caaa,105,356,225,8.1,46,341
Caaa,106,361,224,8.0,46,-543
Caaa,107,364,217,7.4,46,86
Caaa,108,367,220,7.3,46,-606
Caaa,109,364,215,8.1,44,-576
Caaa,110,367,218,8.1,44,209
Caaa,111,367,220,8.0,46,73
Caaa,112,373,217,7.3,46,781
Caaa,113,378,216,7.3,46,279
Caaa,114,373,212,8.0,46,115
Caaa,115,377,218,8.0,48,-322
Caaa,116,384,220,7.9,44,97
Caaa,117,385,218,7.4,48,247
Caaa,118,395,219,8.0,44,1009
Caaa,119,396,228,7.2,46,837
Caaa,120,403,229,7.4,48,234
Caaa,121,404,233,8.0,46,-360
Caaa,122,406,235,7.4,48,426
Caaa,123,411,239,8.1,44,611
Caaa,124,412,236,8.0,44,428
Caaa,125,427,228,8.0,46,59
Caaa,126,430,235,8.0,46,655
Caaa,127,435,242,8.0,48,-215
Caaa,128,444,247,8.0,48,751
Caaa,129,449,250,8.1,46,505
Caaa,130,448,250,8.1,31,159
Caaa,131,456,255,8.0,37,313
Caaaa,132,433,255,7.2,30,105
Caaaa,133,435,257,6.4,30,1138
Caaaa,134,436,256,7.1,39,683
Caaaa,135,434,259,7.9,38,-416
Caaaa,136,428,258,7.1,41,359
Caaaa,137,432,256,6.1,29,1867
Caaaa,138,427,255,6.1,39,228
Caaaa,139,431,258,5.9,37,138
Caaaa,140,435,261,6.0,37,569
Caaaa,141,439,265,6.0,38,253
Caaaa,142,443,269,6.1,39,893
Caaaa,143,442,269,6.1,41,1925
Caaaa,144,445,263,6.1,39,2164
Caaaa,145,453,267,6.1,39,1324
Caaaa,146,454,263,6.3,39,599
Caaaa,147,456,258,6.3,39,111
Caaaa,148,460,254,6.2,39,3004
Caaaa,149,461,250,7.1,41,1905
Caaaa,150,465,248,6.3,39,986
Caaaa,151,469,245,6.3,39,311
Caaaa,152,470,240,6.4,39,1188
Caaaa,153,475,240,6.4,39,2125
Caaaa,154,482,236,7.1,41,3256
Caaaa,155,485,233,7.0,41,1584
Caaaa,156,483,235,6.4,39,1708
Caaaa,157,484,237,6.5,41,2594
Caaaa,158,481,243,7.0,41,1717
Caaaa,159,479,242,6.5,41,1196
Caaaa,160,482,245,7.0,41,4392
Caaaa,161,482,243,7.0,29,2248
Caaaa,162,484,244,6.1,29,3447
Caaaa,163,484,246,6.2,39,1845
Caaaa,164,491,244,6.2,29,3089
Caaaa,165,489,245,6.2,39,4191
Caaaa,166,488,245,6.8,37,4010
Caaaa,167,489,238,6.8,37,1866
Caaaa,168,496,236,6.2,38,3472
Caaaa,169,505,230,6.9,29,873
Caaaa,170,496,226,6.2,37,3781
Caaaa,171,494,227,6.1,29,5349
Caaaa,172,494,227,6.1,29,3732
Caaaa,173,492,232,6.2,29,5324
Caaaa,174,491,230,6.2,34,6152
Caaaa,175,486,231,7.1,31,10366
Caaaa,176,481,231,7.1,31,8556
Caaaaa,177,458,242,6.2,27,6519
Caaaaa,178,451,244,7.0,31,4609
Caaaaa,179,452,245,7.0,31,7416
Caaaaa,180,451,246,7.0,33,3790
Caaaaa,181,456,244,6.8,31,6043
Caaaaa,182,456,241,6.0,27,6095
Caaaaa,183,455,243,6.0,27,5722
Caaaaa,184,453,245,6.0,27,5426
Caaaaa,185,451,247,6.0,27,8471
Caaaaa,186,458,251,6.1,27,5610
Caaaaa,187,458,250,6.1,28,6003
Caaaaa,188,458,249,6.1,29,8665
Caaaaa,189,458,248,6.1,30,6901
Caaaaa,190,458,247,6.0,32,8821
Caaaaa,191,458,246,6.0,33,7557
Caaaaa,192,458,245,6.0,34,8634
Caaaaa,193,457,244,6.0,36,7083
Caaaaa,194,457,242,6.0,36,6666
Caaaaa,195,458,240,6.0,36,11264
Caaaaa,196,458,238,6.0,36,9644
Caaaaa,197,459,236,6.0,36,11202
Caaaaa,198,460,234,6.0,36,9262
Caaaaa,199,460,233,6.0,36,11283
Caaaaa,200,460,231,6.0,36,8758
Caaaaa,201,459,230,6.0,36,8564
Caaaaa,202,459,228,6.0,36,10537
Caaaaa,203,458,226,6.0,36,12279
Caaaaa,204,458,228,6.0,36,11968
Caaaaa,205,459,230,6.0,35,9189
Caaaap,177,507,227,7.2,29,11415
Caaaap,178,512,227,7.8,31,4510
Caaaap,179,512,225,8.1,31,5206
Caaaap,180,517,225,8.0,31,7021
Caaaap,181,516,225,7.9,31,7826
Caaaap,182,515,226,7.1,33,5035
Caaaap,183,520,232,7.0,31,6839
Caaaap,184,519,229,6.9,31,5243
Caaaap,185,519,234,6.9,31,6053
Caaaap,186,519,234,6.9,31,7270
Caaaap,187,515,239,6.9,31,8908
Caaaap,188,518,242,7.0,31,8556
Caaaap,189,518,242,7.0,31,7527
Caaaap,190,518,242,7.0,33,9767
Caaaap,191,521,239,6.9,31,9918
Caaaap,192,520,237,7.0,31,6920
Caaaap,193,520,232,7.0,31,9890
Caaaap,194,515,235,7.1,35,11602
Caaaap,195,514,236,6.9,31,11684
Caaaap,196,509,232,7.0,29,9078
Caaaap,197,513,237,7.0,29,17496
Caaaap,198,513,235,7.0,29,9472
Caaaap,199,513,233,7.0,29,9503
Caaaap,200,513,231,7.0,29,11743
Caaaap,201,513,229,7.0,29,13071
Caaaap,202,513,229,7.0,29,12158
Caaaap,203,508,222,7.0,27,19122
Caaaap,204,509,222,6.9,27,14304
Caaaap,205,514,223,7.0,27,13940
Caaap,132,486,257,8.2,32,2245
Caaap,133,493,250,8.4,36,2069
Caaap,134,497,253,8.8,39,-590
Caaap,135,506,251,8.1,38,2548
Caaap,136,510,252,7.4,39,1582
Caaap,137,513,249,7.4,40,591
Caaap,138,517,253,8.2,39,1841
Caaap,139,529,258,8.3,41,1267
Caaap,140,536,260,8.2,41,891
Caaap,141,535,259,8.3,41,1932
Caaap,142,535,263,9.0,41,912
Caaap,143,536,267,9.0,41,1344
Caaap,144,532,271,9.0,39,1818
Caaap,145,533,275,9.1,39,2712
Caaap,146,531,273,9.1,39,3229
Caaap,147,528,274,9.1,41,1536
Caaap,148,529,268,9.2,41,36
Caaap,149,530,263,9.0,41,2086
Caaap,150,530,259,9.2,41,2400
Caaap,151,533,254,9.2,41,1238
Caaap,152,534,248,9.1,41,1312
Caaap,153,544,252,9.2,37,331
Caaap,154,547,251,9.2,41,2362
Caaap,155,548,255,9.2,41,645
Caaap,156,550,259,9.3,41,2315
Caaap,157,549,257,9.3,41,2801
Caaap,158,552,261,9.3,41,2355
Caaap,159,553,255,9.4,41,3664
Caaap,160,555,249,10.0,41,2497
Caaap,161,556,249,10.0,39,3086
Caaap,162,556,252,10.1,41,3410
Caaap,163,556,252,10.1,41,4237
Caaap,164,563,249,11.1,41,4067
Caaap,165,561,244,11.0,41,2407
Caaap,166,564,239,11.2,41,3800
Caaap,167,565,229,11.2,37,6041
Caaap,168,565,232,12.0,36,3602
Caaap,169,568,231,12.3,36,4816
Caaapa,170,554,238,10.0,35,5147
Caaapa,171,557,241,9.2,35,4895
Caaapa,172,558,248,9.1,34,4691
Caaapa,173,557,256,9.0,33,4922
Caaapa,174,553,252,8.2,34,5210
Caaapa,175,550,249,8.8,31,4547
Caaapa,176,546,252,8.0,31,5692
Caaapa,177,545,263,8.0,31,6218
Caaapa,178,546,262,7.9,31,7551
Caaapa,179,544,263,7.2,29,4989
Caaapa,180,544,266,7.9,31,6381
Caaapa,181,543,264,8.0,33,6586
Caaapa,182,544,264,7.3,29,6684
Caaapa,183,545,264,7.5,29,8756
Caaapa,184,546,264,7.8,30,9069
Caaapa,185,547,265,8.0,31,7648
Caaapa,186,549,262,8.1,33,8398
Caaapa,187,552,271,8.2,33,9376
Caaapa,188,552,275,8.2,33,8166
Caaapa,189,553,271,8.3,35,8408
Caaapa,190,556,266,8.3,33,11020
Caaapa,191,553,267,8.4,33,7600
Caaapa,192,553,266,8.3,33,9484
Caaapa,193,548,267,8.1,31,10705
Caaapa,194,545,269,8.3,33,10527
Caaapa,195,542,269,8.3,33,9662
Caaapa,196,542,268,8.1,31,11174
Caaapa,197,549,272,8.9,31,16471
Caaapa,198,546,274,8.9,31,17013
Caaapa,199,545,270,8.1,29,13844
Caaapa,200,545,270,8.1,29,12275
Caaapa,201,547,268,8.9,27,10496
Caaapa,202,543,264,9.0,30,15536
Caaapa,203,542,268,9.0,30,16767
Caaapa,204,546,266,9.0,32,14543
Caaapa,205,546,266,9.0,32,13895
Caaapp,170,573,226,15.0,35,4621
Caaapp,171,570,223,15.7,35,3262
Caaapp,172,571,228,15.4,36,3984
Caaapp,173,576,236,15.2,35,5827
Caaapp,174,575,237,14.9,32,4298
Caaapp,175,573,237,14.2,35,4856
Caaapp,176,568,238,14.1,35,7679
Caaapp,177,565,243,14.1,35,3787
Caaapp,178,563,244,13.3,33,3137
Caaapp,179,564,245,13.2,35,5933
Caaapp,180,565,241,13.2,35,4110
Caaapp,181,565,241,13.2,35,6017
Caaapp,182,564,247,13.1,35,4503
Caaapp,183,565,248,13.2,33,5806
Caaapp,184,569,244,13.0,35,7054
Caaapp,185,566,244,12.4,33,7133
Caaapp,186,572,246,12.4,33,8828
Caaapp,187,572,246,13.2,35,7072
Caaapp,188,568,254,13.3,35,8987
Caaapp,189,570,247,14.1,35,7408
Caaapp,190,574,254,14.2,35,8872
Caaapp,191,569,252,14.1,35,8609
Caaapp,192,574,251,14.1,35,9847
Caaapp,193,580,249,13.3,33,12459
Caaapp,194,577,250,13.2,35,8926
Caaapp,195,581,250,13.1,35,9057
Caaapp,196,583,253,12.3,33,9404
Caaapp,197,587,252,13.1,35,12675
Caaapp,198,585,255,13.1,35,9927
Caaapp,199,584,254,12.2,35,14363
Caaapp,200,584,249,12.2,33,14086
Caaapp,201,584,251,12.3,33,15231
Caaapp,202,581,250,12.3,32,14403
Caaapp,203,574,251,12.3,32,14699
Caaapp,204,569,251,13.1,34,14766
Caaapp,205,570,256,13.0,29,15384
Caap,99,395,216,9.2,31,1638
Caap,100,397,223,9.2,42,450
Caap,101,410,238,9.2,44,414
Caap,102,427,238,10.2,51,-228
Caap,103,445,235,10.2,45,632
Caap,104,449,238,10.0,48,-189
Caap,105,454,244,9.2,46,285
Caap,106,462,250,9.1,44,528
Caap,107,464,249,8.9,44,320
Caap,108,469,246,8.4,46,87
Caap,109,466,249,8.1,44,-529
Caap,110,476,247,7.3,44,201
Caap,111,481,248,7.9,44,-95
Caap,112,480,249,7.9,44,277
Caap,113,482,252,8.0,44,-163
Caap,114,487,251,7.9,44,406
Caap,115,490,255,7.1,46,512
Caap,116,489,254,7.1,44,-700
Caap,117,495,252,7.0,44,-43
Caap,118,500,254,7.1,46,-503
Caap,119,504,248,7.2,46,-281
Caap,120,504,244,7.1,46,-477
Caap,121,504,245,7.1,46,1009
Caap,122,500,247,6.5,46,-326
Caap,123,508,240,7.1,46,-584
Caap,124,505,243,7.1,46,1827
Caap,125,504,243,7.1,44,-266
Caap,126,506,249,7.1,46,-187
Caap,127,518,250,7.3,46,1815
Caap,128,529,254,8.2,46,407
Caap,129,532,265,8.2,44,930
Caap,130,536,263,8.3,47,632
Caap,131,546,265,8.4,45,1179
Caap,132,554,266,10.0,44,309
Caap,133,555,269,10.0,44,1038
Caap,134,550,275,10.0,43,2597
Caap,135,555,285,10.1,42,1522
Caap,136,550,288,10.9,37,875
Caap,137,549,291,11.0,38,2864
Caapa,138,537,293,8.8,37,922
Caapa,139,539,304,8.6,37,810
Caapa,140,538,308,8.7,37,1503
Caapa,141,535,310,8.2,37,1190
Caapa,142,537,318,8.1,37,-22
Caapa,143,539,325,8.9,37,1992
Caapa,144,544,329,9.1,37,989
Caapa,145,552,326,10.0,37,2349
Caapa,146,550,326,10.1,37,1166
Caapa,147,547,332,10.1,37,1646
Caapa,148,544,326,9.2,37,1553
Caapa,149,548,320,9.8,37,2204
Caapa,150,549,319,10.0,37,1786
Caapa,151,552,316,10.2,37,1693
Caapa,152,553,313,10.1,37,1122
Caapa,153,555,317,10.2,37,1766
Caapa,154,556,317,10.9,37,1268
Caapa,155,561,317,11.7,37,3209
Caapa,156,565,321,11.8,37,918
Caapa,157,570,319,12.1,37,2857
Caapa,158,572,319,12.8,37,1591
Caapa,159,571,315,13.2,37,1659
Caapa,160,574,310,13.2,37,1863
Caapa,161,574,313,13.0,37,2676
Caapa,162,575,309,13.2,37,3024
Caapa,163,578,313,13.8,37,4088
Caapa,164,580,310,14.1,37,2039
Caapa,165,582,304,14.2,37,3420
Caapa,166,584,300,15.8,37,3423
Caapa,167,588,291,15.2,37,3716
Caapa,168,591,282,16.1,36,2187
Caapa,169,593,279,17.1,36,2227
Caapa,170,597,277,16.1,37,2954
Caapa,171,594,276,16.1,35,3048
Caapa,172,598,279,17.0,36,2905
Caapa,173,596,289,16.3,37,2465
Caapa,174,595,291,16.1,36,3067
Caapa,175,593,290,16.1,35,6057
Caapa,176,582,294,16.1,35,4046
Caapa,177,585,297,16.1,35,2704
Caapa,178,583,295,16.1,35,2957
Caapa,179,586,289,16.3,35,3651
Caapa,180,586,279,16.3,33,2793
Caapa,181,583,284,16.2,35,4500
Caapa,182,579,283,16.2,35,4420
Caapa,183,578,280,17.1,35,5265
Caapa,184,576,283,17.1,35,3640
Caapa,185,576,284,17.0,35,3338
Caapa,186,576,280,17.1,35,6377
Caapa,187,574,287,18.1,35,4337
Caapa,188,575,287,17.2,33,4364
Caapa,189,575,279,17.3,35,4942
Caapa,190,575,281,17.3,35,5243
Caapa,191,571,279,17.3,35,5406
Caapa,192,572,272,17.3,35,4120
Caapa,193,575,279,18.0,35,5362
Caapa,194,575,277,17.2,35,4821
Caapa,195,578,278,17.3,35,6543
Caapa,196,580,278,18.1,35,5781
Caapa,197,585,279,18.3,35,5503
Caapa,198,585,280,19.1,35,6187
Caapa,199,588,276,20.0,35,7710
Caapa,200,587,276,20.1,35,7474
Caapa,201,588,278,20.1,35,7615
Caapa,202,586,279,20.2,34,8099
Caapa,203,586,277,20.1,34,5419
Caapa,204,584,277,20.1,34,6842
Caapa,205,586,281,20.2,34,7252
Caapp,138,564,290,13.0,37,1940
Caapp,139,565,292,13.8,37,-362
Caapp,140,566,285,14.0,37,-217
Caapp,141,569,291,14.1,39,1644
Caapp,142,571,288,14.1,39,1017
Caapp,143,574,285,14.0,39,283
Caapp,144,575,285,14.3,41,391
Caapp,145,574,282,14.2,41,1604
Caapp,146,578,280,14.3,39,1274
Caapp,147,578,281,14.2,39,1755
Caapp,148,578,278,14.0,41,522
Caapp,149,577,270,14.1,41,1319
Caapp,150,583,270,15.0,39,942
Caapp,151,586,267,15.1,39,1985
Caapp,152,587,268,14.3,41,1583
Caapp,153,588,264,14.3,41,1764
Caapp,154,583,260,15.1,41,623
Caapp,155,586,261,14.4,39,1757
Caapp,156,587,261,15.1,41,2316
Caapp,157,587,259,15.1,39,2000
Caapp,158,589,254,15.1,41,962
Caapp,159,593,255,15.2,39,854
Caapp,160,592,249,15.3,41,224
Caapp,161,594,250,15.3,39,2392
Caapp,162,597,252,15.3,39,554
Caapp,163,599,252,16.1,41,2995
Caapp,164,597,251,16.1,39,3877
Caapp,165,598,250,17.0,41,1392
Caapp,166,600,240,17.2,41,2012
Caapp,167,602,234,17.2,41,455
Caapp,168,598,234,18.2,40,1522
Caapp,169,593,227,20.1,40,876
Caapp,170,593,230,20.1,39,946
Caapp,171,592,229,20.1,39,1797
Caapp,172,591,228,20.1,38,2658
Caapp,173,587,235,19.3,35,3355
Caapp,174,587,243,19.1,32,2611
Caappd,175,604,248,17.8,31,2499
Caappd,176,605,252,17.0,31,1049
Caappd,177,603,251,16.3,33,2294
Caappd,178,604,244,16.9,31,1117
Caappd,179,607,244,17.0,31,2277
Caappd,180,607,237,16.0,31,3001
Caappd,181,606,240,16.1,33,2121
Caappd,182,604,245,16.2,35,2985
Caappd,183,608,244,16.2,33,3162
Caappd,184,606,242,17.1,33,2850
Caappd,185,605,241,17.2,35,2250
Caappd,186,606,241,18.2,35,2640
Caappd,187,603,253,18.3,33,1739
Caappd,188,603,253,19.1,35,2298
Caappd,189,605,248,18.2,33,3104
Caappd,190,603,250,18.2,35,1530
Caappd,191,604,250,18.0,35,1643
Caappd,192,602,246,18.3,35,3466
Caappd,193,604,243,18.0,35,1360
Caappd,194,606,249,17.2,35,3206
Caappd,195,604,250,17.1,35,3208
Caappd,196,607,249,17.2,33,3258
Caappd,197,605,250,18.0,35,2715
Caappd,198,605,252,17.2,35,3048
Caappd,199,603,255,17.3,35,4559
Caappd,200,602,258,17.1,35,4298
Caappd,201,603,259,17.1,35,3473
Caappd,202,597,269,17.1,34,2963
Caappd,203,593,275,18.0,34,3275
Caappd,204,592,276,17.8,34,4124
Caappd,205,591,278,17.6,33,5026
Caappv,175,562,236,20.1,31,2748
Caappv,176,562,232,20.9,31,2458
Caappv,177,557,242,20.1,33,1839
Caappv,178,560,248,21.0,31,1504
Caappv,179,561,247,21.0,31,1320
Caappv,180,563,241,21.0,33,693
Caappv,181,569,242,20.0,35,1224
Caappv,182,571,255,20.1,33,426
Caappv,183,571,258,21.0,35,1211
Caappv,184,577,263,20.2,33,2888
Caappv,185,573,265,21.0,33,204
Caappv,186,573,265,21.0,33,1044
Caappv,187,571,272,21.1,33,1811
Caappv,188,576,272,22.0,31,1191
Caappv,189,575,271,23.0,33,1428
Caappv,190,577,274,22.0,31,221
Caappv,191,574,274,22.0,35,1363
Caappv,192,572,265,22.9,31,-311
Caappv,193,574,267,22.1,33,2723
Caappv,194,577,267,21.0,33,32
Caappv,195,576,265,21.7,33,1669
Caappv,196,574,263,22.3,34,1526
Caappv,197,572,260,23.0,34,-388
Caappv,198,570,258,23.7,35,1898
Caappv,199,568,256,24.3,35,2776
Caappv,200,566,253,25.0,36,1875
Caappv,201,565,252,25.0,36,1202
Caappv,202,563,251,25.0,35,2627
Caappv,203,561,250,25.0,34,1053
Caappv,204,560,249,25.0,34,1934
Caappv,205,558,248,25.0,33,2024
Cap,73,411,229,11.3,43,-293
Cap,74,431,239,11.7,43,-282
Cap,75,451,249,12.0,43,-154
Cap,76,453,262,11.1,51,-8
Cap,77,465,260,10.2,52,-497
Cap,78,474,254,9.2,54,80
Cap,79,471,246,8.9,50,284
Cap,80,463,239,7.4,51,150
Cap,81,465,238,7.9,49,591
Cap,82,461,230,7.1,49,13
Cap,83,458,224,8.0,53,-679
Cap,84,455,237,8.1,54,-109
Cap,85,460,239,8.2,57,67
Cap,86,477,237,8.0,56,-697
Cap,87,471,240,8.0,55,405
Cap,88,479,233,7.4,56,-664
Cap,89,475,228,7.5,56,-368
Cap,90,482,235,7.4,56,11
Cap,91,474,242,7.4,56,-107
Cap,92,475,238,8.0,54,37
Cap,93,480,237,8.1,56,-107
Cap,94,480,241,7.4,56,262
Cap,95,480,252,7.3,56,175
Cap,96,478,264,7.9,54,214
Cap,97,483,274,7.2,53,83
Cap,98,486,276,8.0,53,-571
Cap,99,483,284,7.4,55,-143
Cap,100,482,290,7.4,56,421
Cap,101,484,297,7.3,56,-189
Cap,102,483,303,8.0,57,48
Cap,103,480,301,8.0,43,-405
Cap,104,479,303,8.1,42,-1151
Capa,105,467,303,7.0,30,-777
Capa,106,470,306,7.0,36,320
Capa,107,478,322,7.1,42,266
Capa,108,480,327,7.8,44,76
Capa,109,481,326,7.0,44,711
Capa,110,481,327,7.0,44,-28
Capa,111,489,331,7.1,46,116
Capa,112,486,337,7.9,44,48
Capa,113,495,334,7.9,44,183
Capa,114,492,334,8.0,44,547
Capa,115,487,342,8.0,46,160
Capa,116,495,343,8.2,46,454
Capa,117,500,340,8.1,44,-125
Capa,118,499,344,8.3,48,509
Capa,119,504,349,8.9,44,-84
Capa,120,510,343,9.1,46,-285
Capa,121,514,343,9.0,46,1100
Capa,122,512,343,9.1,46,1238
Capa,123,515,345,9.1,46,169
Capa,124,519,342,9.9,44,392
Capa,125,521,340,10.1,46,1228
Capa,126,525,343,10.9,44,1046
Capa,127,533,346,11.2,46,441
Capa,128,537,344,11.4,46,1160
Capa,129,538,345,13.1,44,625
Capa,130,542,342,13.3,47,1022
Capa,131,555,338,15.1,43,1554
Capa,132,561,330,17.0,46,1086
Capa,133,566,329,18.0,44,989
Capa,134,568,326,18.2,43,1334
Capa,135,560,336,20.0,42,890
Capa,136,548,350,20.0,41,1707
Capa,137,544,350,20.0,42,1547
Capa,138,536,356,20.1,41,1010
Capa,139,530,355,20.1,41,1453
Capa,140,534,355,20.1,41,1128
Capa,141,525,354,21.1,41,2354
Capa,142,523,352,21.2,41,2324
Capa,143,523,344,22.1,41,1592
Capa,144,526,344,22.1,41,2849
Capa,145,528,337,22.0,41,1698
Capa,146,521,332,23.0,41,1698
Capa,147,523,327,23.1,41,1487
Capa,148,527,334,22.1,41,1687
Capa,149,527,334,22.0,37,2891
Capa,150,520,331,22.0,41,2898
Capaa,151,492,348,23.0,37,2186
Capaa,152,491,347,23.1,37,3309
Capaa,153,491,347,24.0,37,884
Capaa,154,488,353,23.1,39,486
Capaa,155,478,340,24.1,41,1662
Capaa,156,481,342,24.0,41,1606
Capaa,157,485,335,23.1,41,575
Capaa,158,486,338,24.0,41,1821
Capaa,159,488,334,24.0,37,722
Capaa,160,485,332,24.0,37,1971
Capaa,161,488,331,25.0,37,110
Capaa,162,494,325,24.1,29,1569
Capaa,163,490,321,24.1,37,1852
Capaa,164,489,320,24.0,27,1268
Capaa,165,487,325,23.0,39,2094
Capaa,166,485,321,24.0,27,4397
Capaa,167,491,323,24.0,27,1024
Capaa,168,490,321,23.0,38,1205
Capaa,169,490,321,22.9,37,1028
Capaa,170,490,321,22.7,36,474
Capaa,171,490,321,22.6,35,1505
Capaa,172,490,321,22.4,34,1085
Capaa,173,490,321,22.3,33,362
Capaa,174,490,321,22.1,32,1399
Capaa,175,490,321,22.0,31,3868
Capaa,176,486,324,20.1,33,2829
Capaa,177,481,325,21.0,33,7107
Capaa,178,478,319,20.1,29,2370
Capaa,179,476,316,21.1,35,3301
Capaa,180,473,315,21.6,35,2216
Capaa,181,470,313,22.1,35,904
Capaa,182,467,312,22.5,35,3151
Capaa,183,464,310,23.0,36,2852
Capaa,184,463,310,22.8,35,1131
Capaa,185,462,310,22.6,34,3060
Capaa,186,461,310,22.5,33,3177
Capaa,187,460,310,22.3,32,960
Capaa,188,459,310,22.1,31,1323
Capaa,189,461,314,22.1,31,3258
Capaa,190,452,316,22.0,31,3948
Capaa,191,450,322,21.1,35,4207
Capaa,192,447,319,22.1,31,3563
Capaa,193,442,327,22.0,31,3250
Capaa,194,445,326,21.1,35,6040
Capaa,195,444,326,21.0,35,4678
Capaa,196,435,327,20.1,33,5870
Capaa,197,440,324,20.1,33,7952
Capaaa,198,426,346,19.2,31,5735
Capaaa,199,427,348,19.0,33,4663
Capaaa,200,423,346,19.0,31,4588
Capaaa,201,420,340,19.0,31,5132
Capaaa,202,418,339,18.0,30,4962
Capaaa,203,420,341,18.0,30,3004
Capaaa,204,422,337,18.0,30,1327
Capaaa,205,424,338,18.0,30,4311
Capaap,198,441,301,22.0,36,4504
Capaap,199,442,300,22.0,36,3175
Capaap,200,444,298,22.0,36,1925
Capaap,201,446,296,22.0,36,2320
Capaap,202,448,294,22.0,36,3895
Capaap,203,448,293,21.9,36,2966
Capaap,204,447,291,21.8,35,2972
Capaap,205,447,289,21.6,35,1048
Capap,151,549,312,22.0,37,989
Capap,152,557,311,22.0,37,2345
Capap,153,556,305,22.1,39,1440
Capap,154,552,307,22.9,37,1121
Capap,155,546,300,24.0,37,1383
Capap,156,550,290,24.0,41,1855
Capap,157,548,281,24.0,41,1942
Capap,158,541,276,24.1,39,349
Capap,159,538,270,25.0,37,1472
Capap,160,542,278,24.2,29,1343
Capap,161,541,268,24.0,37,954
Capap,162,534,266,24.1,37,1623
Capap,163,528,263,24.0,29,690
Capap,164,529,263,23.1,29,-683
Capap,165,524,259,22.0,27,-911
Capap,166,521,259,21.8,28,1308
Capap,167,517,259,21.7,30,1230
Capap,168,513,258,21.5,31,406
Capap,169,509,258,21.3,33,2672
Capap,170,505,258,21.2,34,602
Capap,171,501,257,21.0,36,1808
Capap,172,500,258,20.7,34,1056
Capap,173,499,260,20.4,32,1063
Capap,174,498,262,20.1,29,49
Capap,175,491,265,20.1,33,1627
Capap,176,498,264,22.0,31,723
Capap,177,497,270,22.2,33,2787
Capap,178,515,270,21.0,29,2177
Capap,179,515,270,21.0,29,712
Capap,180,511,273,21.0,33,2210
Capap,181,511,273,21.0,33,3065
Capap,182,508,277,21.1,35,2835
Capap,183,509,286,22.0,31,2714
Capap,184,515,283,22.0,29,2762
Capap,185,506,293,23.0,31,3137
Capap,186,503,292,23.0,27,3197
Capap,187,500,295,23.0,31,3281
Capap,188,500,300,22.9,31,3302
Capap,189,500,300,22.9,31,3490
Capap,190,492,305,22.0,27,3630
Capap,191,492,305,22.0,27,2218
Capap,192,493,304,23.0,31,2716
Capap,193,491,307,23.1,31,5205
Capap,194,492,305,22.1,33,3790
Capap,195,492,297,22.0,35,6535
Capap,196,496,297,22.0,31,4891
Capapa,197,479,304,20.9,27,3975
Capapa,198,474,307,20.0,27,2584
Capapa,199,468,312,19.9,27,3520
Capapa,200,465,311,20.0,27,4160
Capapa,201,463,313,19.1,27,4807
Capapa,202,466,316,19.1,30,4171
Capapa,203,469,315,19.0,30,5314
Capapa,204,467,311,19.0,27,2254
Capapa,205,468,314,19.1,30,5848
Capapp,197,511,282,23.0,36,1815
Capapp,198,509,273,22.9,27,7601
Capapp,199,508,275,22.6,30,3248
Capapp,200,506,277,22.3,33,2824
Capapp,201,504,279,22.0,36,3392
Capapp,202,503,279,22.1,36,2712
Capapp,203,501,278,22.3,35,2661
Capapp,204,499,278,22.4,35,2191
Capapp,205,497,277,22.5,34,3078
Capp,105,515,304,9.2,34,-570
Capp,106,525,319,10.0,38,-705
Capp,107,537,316,10.8,44,-60
Capp,108,543,318,11.1,44,168
Capp,109,551,318,11.9,44,199
Capp,110,556,329,12.0,44,185
Capp,111,558,328,12.1,44,415
Capp,112,560,331,12.9,44,-325
Capp,113,563,333,12.9,44,171
Capp,114,565,330,12.9,44,267
Capp,115,566,329,12.8,44,885
Capp,116,565,325,12.8,44,789
Capp,117,568,320,12.1,44,829
Capp,118,568,315,12.0,44,902
Capp,119,570,308,12.1,44,-61
Capp,120,574,302,12.1,44,-88
Capp,121,578,296,12.9,44,1319
Capp,122,576,297,12.1,44,744
Capp,123,578,296,12.9,44,323
Capp,124,583,291,13.0,44,3
Capp,125,583,292,13.0,44,755
Capp,126,585,289,13.9,44,486
Capp,127,590,284,13.9,44,1386
Capp,128,586,288,14.0,44,1022
Capp,129,585,286,13.9,44,941
Capp,130,583,286,14.0,47,1025
Capp,131,588,283,14.4,45,1447
Capp,132,589,273,16.0,44,1519
Capp,133,582,275,16.1,44,1722
Capp,134,582,274,16.2,43,1305
Capp,135,582,287,16.3,42,1915
Capp,136,577,300,17.1,41,1459
Capp,137,569,302,17.2,42,1086
Capp,138,562,304,18.3,41,2168
Capp,139,556,298,19.0,41,2284
Capp,140,556,291,19.0,39,1422
Capp,141,551,296,18.2,41,2603
Capp,142,552,294,19.0,37,2983
Capp,143,554,299,19.1,41,1607
Cappa,144,538,305,18.0,37,2454
Cappa,145,537,307,17.1,37,2744
Cappa,146,546,309,17.0,41,3163
Cappa,147,538,311,16.2,39,1962
Cappa,148,544,314,16.0,37,1854
Cappa,149,542,314,15.2,41,814
Cappa,150,551,313,15.2,41,1153
Cappa,151,557,318,16.0,37,3364
Cappa,152,562,325,15.2,39,2839
Cappa,153,559,322,16.1,41,1475
Cappa,154,562,321,16.9,37,3657
Cappa,155,565,324,17.3,41,738
Cappa,156,564,321,19.1,41,2797
Cappa,157,564,314,19.1,41,1983
Cappa,158,562,311,20.0,41,2808
Cappa,159,560,308,21.0,41,4266
Cappa,160,558,311,20.1,29,2755
Cappa,161,558,308,19.0,37,4054
Cappa,162,550,308,19.1,41,3514
Cappa,163,545,311,19.1,39,1528
Cappa,164,547,312,20.1,37,1644
Cappa,165,549,312,20.9,37,2714
Cappa,166,553,310,21.0,37,1917
Cappa,167,559,306,21.0,37,2564
Cappa,168,553,302,20.1,40,1991
Cappa,169,554,297,21.0,36,2941
Cappa,170,553,294,20.1,39,3767
Cappa,171,555,295,19.1,39,3741
Cappa,172,559,297,19.1,38,4325
Cappa,173,556,299,18.1,37,1392
Cappa,174,551,303,17.2,36,4993
Cappa,175,551,303,18.1,35,4369
Cappa,176,546,305,17.1,35,4552
Cappa,177,545,305,17.0,35,4091
Cappa,178,542,304,16.2,35,4441
Cappa,179,542,304,16.0,35,3078
Cappa,180,539,299,15.2,35,5260
Cappa,181,534,301,15.2,35,3728
Cappa,182,535,306,15.3,35,3868
Cappa,183,532,306,15.2,35,4164
Cappa,184,534,305,15.2,35,4917
Cappa,185,531,306,15.2,35,5435
Cappa,186,526,305,15.2,35,5002
Cappa,187,521,312,15.2,35,5048
Cappa,188,514,315,15.1,35,7718
Cappa,189,515,316,15.0,35,7682
Cappa,190,508,324,15.1,35,6341
Cappa,191,504,323,15.1,35,5992
Cappa,192,497,322,15.2,35,6373
Cappa,193,496,321,16.1,35,8427
Cappa,194,492,315,15.3,33,7487
Cappa,195,492,319,16.0,31,12155
Cappaa,196,466,332,14.1,31,9031
Cappaa,197,464,332,14.0,31,10001
Cappaa,198,466,329,14.0,31,7518
Cappaa,199,467,326,14.9,31,4821
Cappaa,200,468,324,14.9,31,5896
Cappaa,201,469,325,15.0,31,6170
Cappaa,202,473,316,14.0,30,6964
Cappaa,203,473,319,14.0,30,5800
Cappaa,204,475,325,14.0,30,6071
Cappaa,205,473,329,14.0,30,8767
Cappap,196,510,310,17.0,31,7210
Cappap,197,511,312,18.0,31,3555
Cappap,198,513,307,18.1,31,3388
Cappap,199,507,306,18.1,31,7197
Cappap,200,504,305,18.1,27,4499
Cappap,201,504,309,18.0,31,6468
Cappap,202,506,313,18.0,27,4470
Cappap,203,505,309,16.1,29,5507
Cappap,204,507,309,16.8,30,6069
Cappap,205,502,315,16.0,30,10005
Cappp,144,570,282,21.1,37,1570
Cappp,145,572,283,21.2,39,2128
Cappp,146,578,268,21.1,41,1123
Cappp,147,584,276,21.1,41,1496
Cappp,148,587,274,21.1,41,2914
Cappp,149,581,274,22.1,39,2205
Cappp,150,576,271,22.1,41,754
Cappp,151,573,267,20.2,39,429
Cappp,152,576,266,19.2,41,1603
Cappp,153,578,267,20.0,41,3075
Cappp,154,578,269,20.1,39,2216
Cappp,155,570,270,19.3,39,3147
Cappp,156,567,269,20.1,41,2056
Cappp,157,566,267,20.2,41,1311
Cappp,158,563,263,20.1,41,2195
Cappp,159,551,262,21.0,41,1343
Cappp,160,554,261,20.1,39,2392
Cappp,161,556,261,19.2,39,2473
Cappp,162,559,260,20.1,41,510
Cappp,163,562,263,20.2,41,2581
Cappp,164,560,262,20.3,41,3504
Cappp,165,562,259,20.2,41,2341
Cappp,166,559,256,22.0,37,327
Cappp,167,554,253,22.0,37,3116
Cappp,168,542,247,23.0,36,2212
Cappp,169,535,246,22.0,27,2197
Cappp,170,537,251,22.0,27,764
Cappp,171,537,252,21.0,27,2132
Cappp,172,537,252,21.0,27,2274
Cappp,173,536,254,21.1,29,1514
Cappp,174,531,254,20.0,32,2035
Cappp,175,527,259,18.1,35,4442
Cappp,176,525,256,18.1,33,1096
Cappp,177,526,271,19.0,35,2737
Cappp,178,532,272,19.2,35,3314
Cappp,179,527,269,19.0,35,4465
Cappp,180,531,272,19.1,35,5802
Cappp,181,528,272,19.1,35,5180
Cappp,182,532,275,20.0,35,4070
Cappp,183,528,283,20.1,35,6094
Cappp,184,528,283,20.1,35,5274
Cappp,185,529,291,20.1,35,4779
Cappp,186,534,294,19.1,35,4186
Cappp,187,528,294,19.1,29,5631
Cappp,188,529,299,20.0,35,6760
Cappp,189,534,300,19.2,35,7316
Cappp,190,530,308,20.0,35,6377
Cappp,191,534,306,19.2,35,6390
Cappp,192,533,303,20.1,35,5982
Cappp,193,536,300,19.3,33,9052
Cappp,194,533,296,19.1,35,7712
Cappp,195,534,296,19.1,35,7458
Capppa,196,533,306,17.1,29,6942
Capppa,197,542,308,17.1,31,6165
Capppa,198,541,308,17.0,31,7053
Capppa,199,538,303,17.0,31,3292
Capppa,200,538,303,17.0,31,3736
Capppa,201,538,305,16.9,31,5040
Capppa,202,539,309,16.9,30,8312
Capppa,203,538,306,16.9,30,5425
Capppa,204,543,304,16.1,30,8120
Capppa,205,533,309,17.0,30,5997
Capppp,196,539,283,20.5,31,5288
Capppp,197,544,270,21.9,27,5927
Capppp,198,546,270,21.9,27,4239
Capppp,199,549,270,21.9,27,5564
Capppp,200,543,277,21.0,31,5899
Capppp,201,543,277,21.1,31,5166
Capppp,202,542,279,21.1,31,5201
Capppp,203,541,282,21.1,31,5744
Capppp,204,540,285,21.0,30,5775
Capppp,205,539,288,21.0,30,1798
Cp,51,456,181,13.0,43,177
Cp,52,465,176,13.0,43,84
Cp,53,474,171,13.0,43,-153
Cp,54,482,172,12.5,45,828
Cp,55,491,173,12.0,48,-189
Cp,56,500,161,12.0,46,607
Cp,57,501,163,11.0,47,-87
Cp,58,499,181,12.1,43,-901
Cp,59,503,179,12.1,44,266
Cp,60,504,188,12.1,47,-247
Cp,61,508,180,13.0,47,-498
Cp,62,510,164,14.0,48,-472
Cp,63,507,169,13.1,48,-1156
Cp,64,514,166,14.0,50,-1135
Cp,65,509,177,14.0,53,-127
Cp,66,511,185,12.1,59,-654
Cp,67,505,183,13.9,57,320
Cp,68,508,183,13.0,59,-220
Cp,69,508,183,13.0,63,-242
Cp,70,513,187,13.0,64,-414
Cp,71,510,189,13.0,54,-312
Cp,72,506,191,13.0,43,-1058
Cpa,73,505,187,12.0,43,622
Cpa,74,504,183,10.9,42,-16
Cpa,75,503,178,9.9,41,-1109
Cpa,76,513,179,9.2,53,-590
Cpa,77,508,173,8.8,58,-361
Cpa,78,493,163,8.0,54,-126
Cpa,79,478,152,8.0,54,-247
Cpa,80,469,153,8.1,53,-570
Cpa,81,476,154,8.1,53,-441
Cpa,82,474,148,8.3,53,-372
Cpa,83,479,147,9.0,53,100
Cpa,84,481,149,9.2,56,48
Cpa,85,482,138,9.3,57,-181
Cpa,86,481,135,9.4,58,-113
Cpa,87,481,140,9.3,59,24
Cpa,88,482,137,9.2,60,-616
Cpa,89,479,139,9.4,60,-10
Cpa,90,476,140,10.0,58,-502
Cpa,91,474,150,9.3,60,92
Cpa,92,478,153,9.3,58,162
Cpa,93,483,148,9.3,60,-538
Cpa,94,485,149,9.4,60,-473
Cpa,95,477,157,10.2,58,-520
Cpa,96,479,163,10.3,60,-582
Cpa,97,479,171,10.2,59,-107
Cpa,98,477,178,9.3,59,-713
Cpa,99,479,179,10.0,53,-232
Cpa,100,481,175,9.8,54,-104
Cpa,101,461,150,8.8,36,-535
Cpaa,102,466,151,8.2,37,196
Cpaa,103,471,155,8.1,47,-331
Cpaa,104,475,148,8.8,48,132
Cpaa,105,469,140,8.9,46,189
Cpaa,106,463,137,9.0,44,-685
Cpaa,107,465,142,8.1,48,68
Cpaa,108,470,145,8.2,48,446
Cpaa,109,473,148,8.1,48,404
Cpaa,110,474,152,8.2,48,-167
Cpaa,111,472,155,8.2,48,81
Cpaa,112,471,160,8.4,48,-59
Cpaa,113,471,165,8.3,48,-146
Cpaa,114,472,160,8.2,48,-50
Cpaa,115,473,164,9.1,48,390
Cpaa,116,471,159,8.3,48,-77
Cpaa,117,468,155,8.1,48,1182
Cpaa,118,475,154,9.1,48,197
Cpaa,119,476,152,9.1,48,-359
Cpaa,120,470,151,8.4,48,-469
Cpaa,121,466,152,8.4,48,366
Cpaa,122,463,155,8.3,48,99
Cpaa,123,462,152,8.3,48,738
Cpaa,124,468,154,9.2,48,916
Cpaa,125,476,151,9.2,48,-216
Cpaa,126,479,161,9.3,48,1799
Cpaa,127,477,169,9.3,48,139
Cpaa,128,477,176,9.2,48,939
Cpaa,129,480,176,9.1,48,375
Cpaa,130,486,177,9.1,47,1367
Cpaa,131,491,173,9.1,35,1172
Cpaaa,132,465,172,7.4,30,2828
Cpaaa,133,461,173,7.3,34,2596
Cpaaa,134,467,174,8.0,39,645
Cpaaa,135,464,186,7.8,38,957
Cpaaa,136,455,188,7.3,39,757
Cpaaa,137,464,186,6.5,40,1288
Cpaaa,138,466,186,7.1,39,110
Cpaaa,139,462,187,6.6,41,2547
Cpaaa,140,454,189,7.2,39,2818
Cpaaa,141,450,187,7.1,41,586
Cpaaa,142,450,189,7.0,41,489
Cpaaa,143,450,191,7.2,41,2043
Cpaaa,144,450,189,7.1,39,3247
Cpaaa,145,452,185,7.1,29,1477
Cpaaa,146,454,185,7.1,41,1395
Cpaaa,147,447,188,7.1,41,1083
Cpaaa,148,447,189,7.1,41,1936
Cpaaa,149,449,184,6.2,39,3628
Cpaaa,150,454,178,6.4,39,1536
Cpaaa,151,456,175,6.3,39,2014
Cpaaa,152,453,171,7.0,41,862
Cpaaa,153,454,174,7.0,41,2442
Cpaaa,154,450,175,6.3,29,4001
Cpaaa,155,454,180,6.3,39,1556
Cpaaa,156,451,181,6.4,39,2629
Cpaaa,157,446,188,7.1,29,3124
Cpaaa,158,446,187,6.3,39,3348
Cpaaa,159,444,188,7.0,29,5011
Cpaaa,160,446,183,6.2,29,3585
Cpaaa,161,443,180,6.2,29,1378
Cpaaa,162,442,188,6.1,37,4734
Cpaaa,163,442,189,6.0,37,3604
Cpaaa,164,441,183,6.1,37,3514
Cpaaa,165,443,178,6.2,29,3042
Cpaaa,166,444,177,6.8,37,4155
Cpaaa,167,442,175,6.8,37,4072
Cpaaa,168,437,173,6.2,38,5415
Cpaaa,169,435,167,6.8,36,2468
Cpaaa,170,429,160,7.1,29,5029
Cpaaa,171,427,166,7.0,39,3998
Cpaaa,172,429,167,7.0,38,4521
Cpaaa,173,430,162,7.0,37,5888
Cpaaa,174,434,153,7.2,36,7588
Cpaaa,175,435,153,7.2,35,6017
Cpaaa,176,435,161,7.2,35,6395
Cpaaa,177,441,169,7.1,35,8729
Cpaaa,178,442,168,7.2,35,7903
Cpaaa,179,442,163,8.0,35,7036
Cpaaa,180,439,169,7.1,29,7735
Cpaaa,181,448,170,7.9,31,14712
Cpaaaa,182,417,168,7.7,31,6616
Cpaaaa,183,417,164,7.0,31,9251
Cpaaaa,184,422,156,6.9,31,8149
Cpaaaa,185,417,160,7.0,31,8236
Cpaaaa,186,417,160,7.0,31,7117
Cpaaaa,187,416,153,6.9,31,5814
Cpaaaa,188,419,152,6.7,32,5479
Cpaaaa,189,422,151,6.5,33,4521
Cpaaaa,190,425,150,6.2,34,7633
Cpaaaa,191,429,149,6.0,36,6191
Cpaaaa,192,429,152,6.0,36,6924
Cpaaaa,193,429,155,6.0,36,6041
Cpaaaa,194,429,158,6.0,36,4867
Cpaaaa,195,429,161,6.0,36,7464
Cpaaaa,196,429,164,6.0,36,8352
Cpaaaa,197,428,167,6.0,36,9242
Cpaaaa,198,427,164,6.0,36,10719
Cpaaaa,199,426,161,6.0,36,8991
Cpaaaa,200,425,158,6.0,36,8694
Cpaaaa,201,424,155,6.0,36,11794
Cpaaaa,202,423,152,6.0,36,10925
Cpaaaa,203,421,149,6.0,36,9885
Cpaaaa,204,424,151,6.0,35,11440
Cpaaaa,205,427,153,6.0,34,13408
Cpaaap,182,473,178,7.4,29,13598
Cpaaap,183,481,181,7.9,31,11719
Cpaaap,184,486,183,8.1,31,9701
Cpaaap,185,486,188,7.1,31,10085
Cpaaap,186,489,186,7.0,31,8781
Cpaaap,187,482,180,6.9,27,7464
Cpaaap,188,490,180,6.8,31,6833
Cpaaap,189,500,178,7.0,31,6321
Cpaaap,190,498,179,7.0,31,8212
Cpaaap,191,499,175,7.1,29,8963
Cpaaap,192,495,169,7.1,31,9426
Cpaaap,193,494,165,7.0,31,11464
Cpaaap,194,491,167,7.0,31,11920
Cpaaap,195,491,169,7.1,31,10490
Cpaaap,196,491,169,7.1,31,11814
Cpaaap,197,491,169,7.1,31,4758
Cpaaap,198,491,168,7.1,32,3888
Cpaaap,199,491,168,7.1,32,9894
Cpaaap,200,491,167,7.1,33,9575
Cpaaap,201,491,167,7.0,34,10020
Cpaaap,202,491,166,7.0,34,9746
Cpaaap,203,491,166,7.0,35,9993
Cpaaap,204,491,165,7.0,36,14381
Cpaaap,205,491,165,7.0,36,11877
Cpaap,132,514,177,9.3,30,-1
Cpaap,133,523,178,9.2,34,-20
Cpaap,134,528,183,9.7,39,-1297
Cpaap,135,531,193,9.8,38,1181
Cpaap,136,529,190,9.0,37,1005
Cpaap,137,538,189,8.5,40,-51
Cpaap,138,537,182,9.0,41,585
Cpaap,139,536,181,9.1,41,254
Cpaap,140,530,174,8.3,41,1160
Cpaap,141,530,172,9.2,41,1220
Cpaap,142,528,178,9.0,41,595
Cpaap,143,530,184,9.0,41,360
Cpaap,144,526,185,8.3,41,1144
Cpaap,145,531,189,9.1,41,1833
Cpaap,146,526,195,8.3,41,1544
Cpaap,147,524,195,8.1,41,2059
Cpaap,148,528,192,8.2,41,987
Cpaap,149,530,188,8.1,41,1588
Cpaap,150,532,182,8.3,41,813
Cpaap,151,528,179,9.0,41,2387
Cpaap,152,531,174,8.4,41,3119
Cpaap,153,541,183,9.1,41,2688
Cpaap,154,538,180,9.2,41,2139
Cpaap,155,546,186,9.3,41,2488
Cpaap,156,548,192,9.2,41,3174
Cpaap,157,544,186,9.3,41,1708
Cpaap,158,542,190,9.1,41,3800
Cpaap,159,542,185,9.2,41,2168
Cpaap,160,537,182,8.2,41,4241
Cpaap,161,534,181,8.2,41,2939
Cpaap,162,534,176,8.1,41,4794
Cpaap,163,537,174,9.0,41,5677
Cpaap,164,537,178,9.0,41,3549
Cpaap,165,534,181,8.3,41,3492
Cpaap,166,534,181,9.0,41,5237
Cpaap,167,532,172,9.1,39,5134
Cpaap,168,523,165,9.2,34,5646
Cpaap,169,529,163,10.1,38,3705
Cpaapa,170,512,161,7.6,31,4549
Cpaapa,171,508,159,7.6,33,7134
Cpaapa,172,508,159,8.0,34,4389
Cpaapa,173,510,160,7.9,33,3712
Cpaapa,174,511,157,7.8,32,3611
Cpaapa,175,508,153,7.2,29,4684
Cpaapa,176,509,154,7.8,31,2995
Cpaapa,177,511,156,7.8,31,7936
Cpaapa,178,509,159,7.1,31,6669
Cpaapa,179,510,159,7.2,31,6292
Cpaapa,180,508,161,7.1,31,5494
Cpaapa,181,510,155,7.8,31,5708
Cpaapa,182,513,153,7.9,31,6167
Cpaapa,183,519,153,7.9,31,5631
Cpaapa,184,520,155,7.9,31,8079
Cpaapa,185,517,153,7.1,31,9334
Cpaapa,186,521,157,7.9,31,3127
Cpaapa,187,522,167,7.9,27,10344
Cpaapa,188,531,172,8.1,35,7026
Cpaapa,189,534,166,8.2,33,10890
Cpaapa,190,539,171,8.2,33,9039
Cpaapa,191,543,172,8.3,33,7276
Cpaapa,192,540,170,8.1,31,7822
Cpaapa,193,535,165,8.1,31,11851
Cpaapa,194,532,166,8.1,33,9293
Cpaapa,195,532,168,8.0,31,10437
Cpaapa,196,532,170,8.0,29,8295
Cpaapa,197,533,172,7.9,27,9017
Cpaapa,198,533,172,7.9,27,8229
Cpaapa,199,531,169,8.0,27,8726
Cpaapa,200,531,169,8.0,27,7471
Cpaapa,201,530,167,8.0,27,10873
Cpaapa,202,529,165,8.1,27,12936
Cpaapa,203,525,167,8.1,29,11913
Cpaapa,204,529,173,9.0,30,13204
Cpaapa,205,529,177,9.0,30,17447
Cpaapp,170,545,169,11.9,35,3382
Cpaapp,171,546,170,12.0,33,3124
Cpaapp,172,554,175,12.8,34,4430
Cpaapp,173,559,182,12.9,33,4010
Cpaapp,174,561,176,12.2,34,4873
Cpaapp,175,564,177,11.3,33,6138
Cpaapp,176,565,177,11.2,33,6337
Cpaapp,177,567,183,11.0,35,5246
Cpaapp,178,563,188,11.1,35,5817
Cpaapp,179,558,186,10.3,33,6188
Cpaapp,180,556,184,10.3,33,6079
Cpaapp,181,552,192,10.3,35,5579
Cpaapp,182,554,192,10.1,35,6798
Cpaapp,183,556,197,10.1,35,4678
Cpaapp,184,556,201,10.2,35,5499
Cpaapp,185,556,191,10.2,35,6678
Cpaapp,186,559,195,10.2,35,6493
Cpaapp,187,556,204,10.2,35,6395
Cpaapp,188,568,211,11.0,35,6710
Cpaapp,189,570,204,11.0,35,7593
Cpaapp,190,571,206,11.2,35,9925
Cpaapp,191,577,210,11.2,35,7020
Cpaapp,192,577,208,11.3,33,6926
Cpaapp,193,575,203,11.2,33,10268
Cpaapp,194,575,202,11.0,35,9795
Cpaapp,195,578,203,11.2,35,9287
Cpaapp,196,580,198,11.1,31,9411
Cpaapp,197,578,202,11.0,31,11892
Cpaapp,198,577,200,11.0,31,9629
Cpaapp,199,575,198,11.0,31,6966
Cpaapp,200,573,197,10.1,31,12611
Cpaapp,201,575,195,10.9,31,9233
Cpaapp,202,575,193,10.9,30,11194
Cpaapp,203,569,193,10.9,30,12358
Cpaapp,204,565,196,10.2,29,16134
Cpaapp,205,566,200,11.1,32,13795
Cpap,102,510,199,7.1,39,-844
Cpap,103,515,198,7.2,36,-208
Cpap,104,518,206,7.2,38,-208
Cpap,105,521,214,7.1,41,333
Cpap,106,524,223,7.1,44,-124
Cpap,107,534,223,8.0,46,-145
Cpap,108,533,222,8.0,48,234
Cpap,109,541,226,8.2,46,372
Cpap,110,547,230,8.3,46,-864
Cpap,111,550,229,9.0,46,-421
Cpap,112,551,234,9.1,46,273
Cpap,113,555,236,9.2,48,197
Cpap,114,555,237,9.1,48,-122
Cpap,115,552,236,9.2,46,-209
Cpap,116,550,230,9.1,46,-722
Cpap,117,552,225,9.4,48,154
Cpap,118,557,220,9.4,48,-380
Cpap,119,559,215,10.0,46,96
Cpap,120,555,206,10.0,48,-411
Cpap,121,552,208,9.3,46,1353
Cpap,122,547,205,9.3,48,380
Cpap,123,555,199,10.0,48,444
Cpap,124,557,203,10.0,46,-771
Cpap,125,551,199,10.0,48,818
Cpap,126,557,199,10.1,46,322
Cpap,127,557,197,10.1,48,328
Cpap,128,559,196,10.2,48,414
Cpap,129,566,197,11.1,46,863
Cpap,130,572,199,11.3,47,401
Cpap,131,571,199,11.4,47,774
Cpap,132,573,195,13.0,44,1435
Cpap,133,580,193,13.0,42,1844
Cpap,134,568,193,13.1,43,942
Cpapa,135,564,200,12.1,29,2105
Cpapa,136,566,197,11.8,37,1732
Cpapa,137,571,199,12.1,38,839
Cpapa,138,575,202,12.3,39,333
Cpapa,139,571,201,11.3,41,-36
Cpapa,140,567,197,10.4,41,7
Cpapa,141,569,191,10.4,39,1294
Cpapa,142,569,189,10.3,41,1141
Cpapa,143,570,185,11.0,41,701
Cpapa,144,568,187,10.4,39,1711
Cpapa,145,568,189,11.1,41,514
Cpapa,146,566,189,11.1,41,2105
Cpapa,147,564,186,10.4,39,848
Cpapa,148,561,185,11.2,41,1499
Cpapa,149,566,181,11.3,41,1238
Cpapa,150,567,183,11.3,41,852
Cpapa,151,569,180,12.1,41,928
Cpapa,152,568,178,12.2,41,1416
Cpapa,153,573,180,13.0,41,2356
Cpapa,154,573,178,13.2,41,675
Cpapa,155,575,175,13.3,41,2226
Cpapa,156,572,171,13.3,41,2088
Cpapa,157,572,168,13.4,41,1238
Cpapa,158,571,167,13.1,41,2351
Cpapa,159,575,172,13.3,41,3524
Cpapa,160,571,170,13.3,41,3500
Cpapa,161,571,169,13.1,41,2018
Cpapa,162,576,171,13.2,41,3091
Cpapa,163,578,172,14.0,41,2753
Cpapa,164,577,168,14.1,41,3527
Cpapa,165,581,169,14.1,41,3646
Cpapa,166,579,169,14.2,41,3182
Cpapa,167,576,160,15.2,41,2115
Cpapa,168,575,159,15.3,40,3705
Cpapa,169,576,159,16.1,40,2844
Cpapa,170,575,157,17.0,39,1608
Cpapa,171,577,155,17.0,39,3189
Cpapa,172,580,155,16.3,38,3983
Cpapa,173,584,165,16.1,37,4012
Cpapa,174,584,168,16.2,36,4873
Cpapa,175,585,169,16.1,35,4913
Cpapa,176,588,173,15.3,35,3918
Cpapa,177,592,178,15.3,35,4752
Cpapa,178,588,177,15.0,35,7390
Cpapa,179,588,178,15.0,35,5032
Cpapa,180,582,179,15.0,35,5333
Cpapa,181,578,187,14.2,35,6395
Cpapa,182,578,191,15.0,35,6169
Cpapa,183,578,189,14.3,35,3530
Cpapa,184,575,195,14.2,35,6395
Cpapa,185,575,193,14.3,35,6313
Cpapaa,186,575,200,16.3,35,3030
Cpapaa,187,574,208,18.2,35,6173
Cpapaa,188,573,216,19.1,31,4607
Cpapaa,189,569,211,19.3,33,4070
Cpapaa,190,572,217,21.0,31,3195
Cpapaa,191,574,216,21.0,35,4955
Cpapaa,192,571,217,21.0,33,3647
Cpapaa,193,573,215,21.0,31,5152
Cpapaa,194,575,214,19.9,31,5105
Cpapaa,195,573,212,20.0,31,7225
Cpapaa,196,569,215,20.0,29,6478
Cpapaa,197,577,210,19.1,27,5288
Cpapaa,198,574,211,19.1,31,3179
Cpapaa,199,574,211,19.1,31,3131
Cpapaa,200,578,210,19.1,31,6004
Cpapaa,201,578,212,18.9,31,6396
Cpapaa,202,577,215,19.0,30,8089
Cpapaa,203,576,215,18.9,30,8374
Cpapaa,204,580,220,18.8,30,5679
Cpapaa,205,583,225,18.9,30,10495
Cpapap,186,576,182,14.2,33,6753
Cpapap,187,580,172,13.2,31,6575
Cpapap,188,583,177,14.0,31,4618
Cpapap,189,589,174,14.1,31,5468
Cpapap,190,594,172,15.1,33,5218
Cpapap,191,596,178,14.4,33,6532
Cpapap,192,596,176,14.4,35,5139
Cpapap,193,595,173,14.2,35,6421
Cpapap,194,596,176,14.3,35,7136
Cpapap,195,595,174,14.3,35,9477
Cpapap,196,596,174,14.4,33,9710
Cpapap,197,595,178,14.2,33,8926
Cpapap,198,596,180,14.1,31,8455
Cpapap,199,595,179,14.2,33,10394
Cpapap,200,591,177,14.2,33,9121
Cpapap,201,593,174,14.2,33,7728
Cpapap,202,594,175,15.0,34,8911
Cpapap,203,594,178,14.3,32,9045
Cpapap,204,596,181,15.1,34,8473
Cpapap,205,597,182,15.1,32,10189
Cpapp,135,580,211,15.1,38,1286
Cpapp,136,585,234,16.1,39,184
Cpapp,137,594,243,16.2,40,936
Cpapp,138,600,240,17.0,39,482
Cpapp,139,603,230,17.1,39,823
Cpapp,140,603,233,17.1,37,829
Cpapp,141,607,245,17.0,37,481
Cpapp,142,604,250,16.4,39,2380
Cpapp,143,605,243,17.1,39,1005
Cpapp,144,604,240,17.0,37,501
Cpapp,145,605,241,17.1,39,1105
Cpapp,146,608,239,16.3,39,1306
Cpapp,147,605,240,16.3,41,2532
Cpapp,148,607,240,17.0,39,3607
Cpapp,149,606,237,17.3,41,1953
Cpapp,150,606,232,17.2,41,231
Cpapp,151,604,224,18.2,41,2394
Cpapp,152,606,224,18.2,39,3641
Cpapp,153,605,221,19.1,39,2479
Cpapp,154,602,223,20.1,39,955
Cpapp,155,600,225,20.1,41,3302
Cpapp,156,601,222,20.0,41,1870
Cpapp,157,597,215,20.1,41,2537
Cpapp,158,598,210,20.0,41,3305
Cpapp,159,598,208,20.1,41,2315
Cpapp,160,599,204,20.1,39,3030
Cpapp,161,597,206,20.1,41,2007
Cpapp,162,598,207,20.2,39,3375
Cpapp,163,597,205,21.0,41,2334
Cpapp,164,595,201,21.0,39,1652
Cpapp,165,594,200,21.2,39,3454
Cpapp,166,586,196,22.2,41,3590
Cpapp,167,584,190,23.1,39,3152
Cpapp,168,577,183,23.1,38,3729
Cpapp,169,568,178,24.9,36,1217
Cpapp,170,564,179,24.1,37,3145
Cpapp,171,563,183,25.0,35,1946
Cpapp,172,563,177,24.0,36,2543
Cpapp,173,569,182,23.1,37,2952
Cpapp,174,562,190,24.1,36,2510
Cpapp,175,568,189,23.1,35,3580
Cpapp,176,575,186,23.0,35,4065
Cpapp,177,580,194,23.0,35,3758
Cpapp,178,590,189,22.1,35,4123
Cpapp,179,591,189,20.1,35,3153
Cpapp,180,587,188,21.1,35,3924
Cpapp,181,587,199,20.0,35,4811
Cpapp,182,584,207,20.1,35,4202
Cpapp,183,578,206,20.2,35,6173
Cpapp,184,578,204,20.1,35,7068
Cpapp,185,576,208,21.0,31,4268
Cpappd,186,580,178,22.2,31,6641
Cpappd,187,579,181,22.1,31,5079
Cpappd,188,581,186,22.8,31,5638
Cpappd,189,585,176,22.9,31,6693
Cpappd,190,585,180,22.2,31,4377
Cpappd,191,586,175,22.1,35,5409
Cpappd,192,585,169,21.1,35,3546
Cpappd,193,589,172,21.0,35,4911
Cpappd,194,591,177,21.0,33,4775
Cpappd,195,589,173,21.1,35,5440
Cpappd,196,586,173,21.1,31,5371
Cpappd,197,581,169,21.0,31,5879
Cpappd,198,587,174,21.0,31,5268
Cpappd,199,585,170,20.1,31,7514
Cpappd,200,585,169,20.9,31,4738
Cpappd,201,586,173,20.9,31,3581
Cpappd,202,583,171,20.0,32,5619
Cpappd,203,582,175,20.1,32,8678
Cpappd,204,586,176,20.1,30,8283
Cpappd,205,588,175,19.3,32,4269
Cpappv,186,569,224,23.0,36,3751
Cpappv,187,566,226,23.5,34,613
Cpappv,188,563,229,24.0,32,1047
Cpappv,189,560,231,24.4,30,1227
Cpappv,190,556,234,24.9,27,3356
Cpappv,191,564,235,24.0,31,3493
Cpappv,192,560,228,24.1,27,5826
Cpappv,193,555,226,25.0,27,6871
Cpappv,194,556,225,25.0,28,3187
Cpappv,195,558,223,25.0,29,4848
Cpappv,196,559,221,25.0,30,1563
Cpappv,197,561,219,25.0,31,3115
Cpappv,198,563,217,25.0,32,3203
Cpappv,199,564,215,25.0,33,4102
Cpappv,200,566,213,25.0,34,4763
Cpappv,201,568,211,25.0,36,5247
Cpappv,202,569,211,24.5,32,5607
Cpappv,203,571,211,24.0,27,5390
Cpappv,204,571,210,24.0,27,3159
Cpappv,205,571,209,24.0,27,5586
Cpp,73,516,203,13.0,43,345
Cpp,74,527,215,13.0,42,-805
Cpp,75,538,227,13.0,41,-56
Cpp,76,549,231,13.1,55,36
Cpp,77,558,239,13.0,56,309
Cpp,78,564,237,12.1,56,-644
Cpp,79,564,229,11.2,52,-357
Cpp,80,560,213,11.0,53,-606
Cpp,81,557,213,11.1,53,-696
Cpp,82,557,213,10.4,53,467
Cpp,83,560,208,11.2,53,117
Cpp,84,553,208,11.1,56,-192
Cpp,85,554,211,11.3,57,-322
Cpp,86,555,212,12.0,56,-530
Cpp,87,556,225,11.3,57,-314
Cpp,88,562,241,12.3,56,-710
Cpp,89,560,238,12.3,58,-256
Cpp,90,557,241,12.2,56,-148
Cpp,91,553,229,12.2,56,-422
Cpp,92,564,230,12.2,56,84
Cpp,93,573,227,12.3,56,-575
Cpp,94,576,227,12.3,54,-85
Cpp,95,570,227,11.3,56,492
Cpp,96,564,229,12.0,56,64
Cpp,97,558,230,12.3,57,-323
Cpp,98,558,230,12.2,57,-364
Cpp,99,556,236,12.3,59,143
Cpp,100,558,238,12.2,56,-490
Cpp,101,564,232,12.3,60,295
Cpp,102,561,223,13.1,53,145
Cppa,103,570,199,13.0,34,-187
Cppa,104,572,199,13.0,48,-394
Cppa,105,573,196,13.0,46,-870
Cppa,106,583,193,13.1,44,-723
Cppa,107,583,189,13.1,44,535
Cppa,108,583,184,13.8,44,6
Cppa,109,585,180,14.1,46,422
Cppa,110,584,182,15.0,44,407
Cppa,111,582,186,14.4,48,-634
Cppa,112,581,180,15.1,46,1202
Cppa,113,575,184,15.9,44,97
Cppa,114,578,182,16.0,44,-471
Cppa,115,578,186,16.0,46,732
Cppa,116,577,179,15.2,46,577
Cppa,117,574,171,15.3,46,417
Cppa,118,570,172,16.1,48,400
Cppa,119,566,164,16.0,44,303
Cppa,120,567,159,16.3,48,483
Cppa,121,565,155,16.2,46,-93
Cppa,122,561,151,16.9,44,158
Cppa,123,555,152,17.0,46,605
Cppa,124,557,147,17.2,48,-10
Cppa,125,562,151,19.0,46,16
Cppa,126,562,144,19.0,44,802
Cppa,127,557,143,18.2,46,1109
Cppa,128,559,141,18.3,48,894
Cppa,129,560,145,19.0,44,1413
Cppa,130,562,143,19.1,47,1300
Cppa,131,558,134,19.2,45,1518
Cppa,132,553,132,20.1,46,714
Cppa,133,552,131,20.0,44,1330
Cppa,134,560,135,20.0,43,1382
Cppa,135,567,142,19.0,42,1855
Cppa,136,576,155,19.2,41,1221
Cppa,137,574,148,19.1,42,-382
Cppa,138,567,147,19.2,41,2867
Cppa,139,565,144,20.0,41,2215
Cppa,140,556,139,20.0,41,2805
Cppa,141,551,139,20.1,41,2892
Cppa,142,549,141,21.1,41,3698
Cppa,143,547,144,21.1,41,2688
Cppa,144,543,142,21.1,41,2896
Cppa,145,537,144,21.9,37,3692
Cppa,146,535,140,21.0,37,2371
Cppaa,147,514,116,21.1,37,1828
Cppaa,148,507,113,21.9,37,1365
Cppaa,149,504,113,22.0,37,422
Cppaa,150,496,112,22.0,37,2975
Cppaa,151,490,115,23.0,41,3954
Cppaa,152,496,115,22.2,41,364
Cppaa,153,485,114,23.0,41,1914
Cppaa,154,481,118,23.9,37,2436
Cppaa,155,487,114,23.1,41,1777
Cppaa,156,487,113,22.2,41,2316
Cppaa,157,482,116,23.0,41,1167
Cppaa,158,488,118,24.0,41,2058
Cppaa,159,491,120,24.0,41,2017
Cppaa,160,489,119,24.1,39,1828
Cppaa,161,490,122,25.0,37,135
Cppaa,162,482,124,24.1,37,1751
Cppaa,163,482,134,24.0,37,2039
Cppaa,164,479,137,23.8,36,2974
Cppaa,165,475,140,23.6,34,1039
Cppaa,166,471,143,23.5,33,1751
Cppaa,167,467,146,23.3,31,464
Cppaa,168,463,150,23.1,29,2953
Cppaa,169,462,151,23.1,29,3450
Cppaa,170,461,153,23.1,30,3352
Cppaa,171,460,154,23.1,31,674
Cppaa,172,458,156,23.1,32,1268
Cppaa,173,457,158,23.0,33,1250
Cppaa,174,456,159,23.0,34,1972
Cppaa,175,455,161,23.0,35,1833
Cppaa,176,453,163,23.0,36,1391
Cppaa,177,453,164,23.0,36,1577
Cppaa,178,453,165,23.0,36,1751
Cppaa,179,453,167,23.0,36,1542
Cppaa,180,453,168,23.0,36,2157
Cppaa,181,453,169,23.0,36,2405
Cppaa,182,453,171,23.0,36,2034
Cppaa,183,453,172,23.0,36,3467
Cppaa,184,453,174,23.0,36,1512
Cppaa,185,450,174,23.0,36,2190
Cppaa,186,447,175,23.0,35,1755
Cppaa,187,444,175,23.0,35,2099
Cppaa,188,440,176,23.1,34,3062
Cppaa,189,437,177,23.1,33,2817
Cppaa,190,434,177,23.1,33,3607
Cppaa,191,431,178,23.1,32,2035
Cppaa,192,427,179,23.1,31,2551
Cppaa,193,427,179,23.1,31,1392
Cppaa,194,430,178,22.9,27,6718
Cppaa,195,430,178,22.5,28,5337
Cppaa,196,430,178,22.1,30,2414
Cppaa,197,430,179,21.8,32,2132
Cppaa,198,430,179,21.4,34,4940
Cppaa,199,431,180,21.0,36,5348
Cppaaa,200,415,169,20.0,36,2812
Cppaaa,201,415,168,19.9,36,2092
Cppaaa,202,415,167,19.8,35,2115
Cppaaa,203,415,166,19.6,35,3198
Cppaaa,204,415,164,19.5,34,3556
Cppaaa,205,415,163,19.4,33,1256
Cppaap,200,450,186,20.0,36,2405
Cppaap,201,451,187,20.1,36,1378
Cppaap,202,452,188,20.3,35,1658
Cppaap,203,454,189,20.4,34,1825
Cppaap,204,455,191,20.6,34,2222
Cppaap,205,457,192,20.7,33,2805
Cppap,147,554,159,22.0,37,2441
Cppap,148,552,160,22.2,37,1841
Cppap,149,551,161,23.0,39,2149
Cppap,150,549,156,22.1,39,2187
Cppap,151,548,162,24.0,41,1585
Cppap,152,544,168,24.0,41,1475
Cppap,153,537,168,24.2,39,2012
Cppap,154,532,171,25.1,27,2909
Cppap,155,526,166,25.0,37,1784
Cppap,156,522,184,25.0,37,910
Cppap,157,523,178,25.1,37,790
Cppap,158,529,186,24.2,41,2486
Cppap,159,518,191,24.0,37,3359
Cppap,160,520,196,24.0,29,2597
Cppap,161,520,199,23.0,37,137
Cppap,162,519,196,24.0,37,1823
Cppap,163,514,199,23.6,37,1953
Cppap,164,508,202,23.2,37,1016
Cppap,165,503,205,22.8,37,1525
Cppap,166,497,208,22.4,37,1822
Cppap,167,491,212,22.0,36,2045
Cppap,168,491,210,22.0,35,477
Cppap,169,490,208,22.0,34,1336
Cppap,170,489,206,22.0,33,2573
Cppap,171,489,203,22.0,31,2355
Cppap,172,488,201,22.0,30,442
Cppap,173,487,199,22.0,29,2676
Cppap,174,486,196,22.0,27,503
Cppap,175,490,199,22.0,31,1651
Cppap,176,497,199,23.0,31,419
Cppap,177,495,203,22.5,29,1540
Cppap,178,493,207,22.0,27,1455
Cppap,179,493,207,22.0,27,1898
Cppap,180,495,192,22.0,35,1717
Cppap,181,499,183,21.2,35,2658
Cppap,182,498,178,21.1,35,2790
Cppap,183,498,179,22.1,35,1383
Cppap,184,495,170,22.0,33,3745
Cppap,185,496,168,22.0,35,3823
Cppap,186,492,164,21.1,35,3038
Cppap,187,493,166,22.0,35,3436
Cppap,188,493,168,22.1,35,4104
Cppap,189,488,160,22.0,35,3904
Cppap,190,489,161,22.1,35,2446
Cppap,191,485,157,21.1,29,5059
Cppap,192,483,156,22.1,35,4340
Cppap,193,491,153,22.0,33,4132
Cppap,194,496,156,23.0,35,1900
Cppap,195,491,157,22.1,35,6399
Cppap,196,490,154,22.0,35,5040
Cppap,197,487,155,21.1,35,7771
Cppap,198,482,163,20.9,31,10159
Cppapa,199,473,146,19.0,31,4275
Cppapa,200,471,144,18.9,31,3937
Cppapa,201,471,142,17.9,31,5575
Cppapa,202,474,147,18.1,30,4245
Cppapa,203,477,144,18.1,32,7278
Cppapa,204,481,140,18.1,32,4200
Cppapa,205,481,143,18.1,32,5592
Cppapp,199,504,172,22.0,27,6249
Cppapp,200,508,178,22.0,31,6116
Cppapp,201,508,178,21.9,31,4026
Cppapp,202,507,177,21.7,31,571
Cppapp,203,507,177,21.6,31,5930
Cppapp,204,506,176,21.4,31,5959
Cppapp,205,506,176,21.3,31,3259
Cppp,103,569,251,13.0,34,-390
Cppp,104,571,260,12.1,42,574
Cppp,105,576,259,12.9,46,-74
Cppp,106,586,259,13.9,44,47
Cppp,107,591,267,14.1,44,-759
Cppp,108,591,273,14.0,44,821
Cppp,109,591,275,14.1,44,665
Cppp,110,591,282,15.0,44,210
Cppp,111,591,281,15.1,46,120
Cppp,112,591,285,16.1,46,-512
Cppp,113,589,283,16.1,46,137
Cppp,114,588,279,16.0,44,702
Cppp,115,589,282,15.3,46,-373
Cppp,116,590,271,16.0,46,705
Cppp,117,589,269,16.0,46,102
Cppp,118,587,264,16.0,46,294
Cppp,119,591,261,15.3,48,442
Cppp,120,591,250,15.9,44,936
Cppp,121,588,241,15.1,48,443
Cppp,122,592,242,15.1,44,-54
Cppp,123,589,239,15.2,46,333
Cppp,124,590,232,15.9,44,600
Cppp,125,592,234,16.1,46,1154
Cppp,126,592,225,16.1,46,641
Cppp,127,593,223,16.4,48,640
Cppp,128,592,223,17.1,46,774
Cppp,129,590,227,17.2,48,1058
Cppp,130,589,230,18.1,47,859
Cppp,131,584,219,18.1,47,1184
Cppp,132,585,214,20.0,46,917
Cppp,133,573,212,19.1,44,789
Cppp,134,566,214,20.0,43,864
Cppp,135,563,225,20.1,42,697
Cppp,136,561,229,20.1,41,3054
Cppp,137,560,223,19.0,42,2558
Cppp,138,553,224,19.1,41,3285
Cppp,139,552,217,19.1,41,776
Cppp,140,557,208,19.1,37,2535
Cpppa,141,543,204,17.9,37,1594
Cpppa,142,547,201,16.3,39,737
Cpppa,143,547,199,16.2,37,1547
Cpppa,144,548,199,16.3,39,1864
Cpppa,145,555,193,15.2,39,1309
Cpppa,146,556,186,15.9,37,2910
Cpppa,147,563,181,15.2,39,569
Cpppa,148,567,175,16.1,39,3010
Cpppa,149,565,168,17.1,41,1457
Cpppa,150,565,164,17.1,41,2253
Cpppa,151,566,156,17.2,41,2385
Cpppa,152,567,152,18.0,37,2098
Cpppa,153,564,147,18.4,39,2077
Cpppa,154,567,151,19.1,41,2473
Cpppa,155,565,150,19.2,39,3841
Cpppa,156,557,151,20.1,41,1402
Cpppa,157,555,146,20.1,41,3212
Cpppa,158,553,146,19.1,41,2702
Cpppa,159,547,149,19.2,39,3680
Cpppa,160,547,146,19.1,41,3668
Cpppa,161,548,152,20.0,41,3148
Cpppa,162,546,147,18.3,41,2992
Cpppa,163,542,144,18.3,41,4569
Cpppa,164,538,144,18.1,41,5683
Cpppa,165,538,146,18.3,39,4257
Cpppa,166,537,144,18.1,41,3305
Cpppa,167,532,145,19.0,41,2965
Cpppa,168,526,145,19.2,40,2154
Cpppa,169,524,146,19.1,40,3438
Cpppa,170,522,149,19.2,37,3037
Cpppa,171,520,143,20.0,39,2937
Cpppa,172,519,140,19.0,38,2953
Cpppa,173,524,150,18.1,37,4601
Cpppa,174,519,149,18.1,36,4787
Cpppa,175,517,151,19.0,35,4256
Cpppa,176,518,156,18.2,35,5572
Cpppa,177,516,164,18.1,35,4681
Cpppa,178,516,163,18.1,35,2907
Cpppa,179,514,166,18.1,35,5909
Cpppa,180,510,163,18.0,35,5721
Cpppa,181,507,162,18.0,35,6126
Cpppa,182,503,160,17.1,35,5815
Cpppa,183,496,158,17.0,35,5717
Cpppa,184,495,147,17.1,35,5006
Cpppa,185,489,142,16.3,35,5293
Cpppa,186,483,141,17.1,35,7946
Cpppa,187,484,143,17.1,35,5714
Cpppa,188,478,149,18.0,35,6202
Cpppa,189,476,152,17.2,35,7901
Cpppa,190,471,145,17.2,35,6369
Cpppa,191,470,152,17.9,31,7514
Cpppa,192,474,152,17.1,31,6793
Cpppaa,193,462,140,16.9,31,7004
Cpppaa,194,451,127,16.2,31,10593
Cpppaa,195,450,121,16.1,31,8581
Cpppaa,196,454,131,16.1,33,9046
Cpppaa,197,450,131,15.2,33,5503
Cpppaa,198,449,133,15.3,33,3688
Cpppaa,199,449,126,14.2,33,5165
Cpppaa,200,453,122,15.1,35,4043
Cpppaa,201,454,121,15.1,35,6849
Cpppaa,202,454,118,15.2,32,5673
Cpppaa,203,454,119,15.2,34,5794
Cpppaa,204,457,121,15.1,34,8870
Cpppaa,205,461,125,15.1,34,6638
Cpppap,193,493,160,18.0,31,5823
Cpppap,194,498,159,18.0,31,5350
Cpppap,195,500,158,17.1,33,6686
Cpppap,196,502,157,17.0,33,5073
Cpppap,197,500,151,16.1,35,3325
Cpppap,198,501,148,15.3,33,6434
Cpppap,199,499,144,15.2,33,4814
Cpppap,200,502,139,15.2,35,8025
Cpppap,201,503,136,15.2,35,6502
Cpppap,202,499,139,15.1,34,7168
Cpppap,203,496,141,15.1,34,7634
Cpppap,204,495,141,15.1,34,7502
Cpppap,205,498,143,15.2,34,8975
Cpppp,141,582,218,21.1,37,2679
Cpppp,142,581,220,22.0,37,1521
Cpppp,143,585,225,21.2,41,2202
Cpppp,144,589,220,21.1,39,2295
Cpppp,145,587,222,22.1,41,2188
Cpppp,146,586,214,22.1,41,2020
Cpppp,147,586,221,22.0,41,860
Cpppp,148,578,223,22.0,41,2573
Cpppp,149,575,222,22.0,41,1358
Cpppp,150,574,223,22.2,41,1458
Cpppp,151,571,224,22.2,41,2764
Cpppp,152,566,218,21.2,41,2020
Cpppp,153,558,213,21.2,41,2457
Cpppp,154,550,212,21.1,41,186
Cpppp,155,549,214,21.2,41,1333
Cpppp,156,547,212,21.2,41,2187
Cpppp,157,546,206,20.2,41,3517
Cpppp,158,546,204,20.1,41,3032
Cpppp,159,545,205,19.2,41,2560
Cpppp,160,547,204,19.3,41,2759
Cpppp,161,547,207,19.2,41,2628
Cpppp,162,548,205,19.0,41,4343
Cpppp,163,551,205,20.0,41,3896
Cpppp,164,556,200,20.1,41,3595
Cpppp,165,553,198,20.2,39,3915
Cpppp,166,549,201,21.0,39,2941
Cpppp,167,549,196,20.2,39,1812
Cpppp,168,548,189,21.1,40,4450
Cpppp,169,543,188,21.0,36,2919
Cpppp,170,539,189,22.0,35,3098
Cpppp,171,539,189,21.1,39,2340
Cpppp,172,541,187,20.2,36,2811
Cpppp,173,542,187,20.2,37,2421
Cpppp,174,540,195,20.1,36,7632
Cpppp,175,538,189,20.0,35,4907
Cpppp,176,535,193,20.0,35,6371
Cpppp,177,539,200,19.1,35,5372
Cpppp,178,545,194,19.3,35,3202
Cpppp,179,544,199,21.0,35,2530
Cpppp,180,538,198,20.1,35,5542
Cpppp,181,538,202,20.2,35,3274
Cpppp,182,535,200,20.1,35,5525
Cpppp,183,526,205,20.1,35,4964
Cpppp,184,525,203,19.1,35,5665
Cpppp,185,522,204,19.2,35,3953
Cpppp,186,526,203,20.2,35,4914
Cpppp,187,520,204,20.1,35,5657
Cpppp,188,521,204,21.0,35,4627
Cpppp,189,516,201,20.1,35,6190
Cpppp,190,512,209,21.0,35,3724
Cpppp,191,514,204,21.1,35,6025
Cpppp,192,509,207,20.2,35,6309
Cpppp,193,513,205,20.2,35,8162
Cppppa,194,514,180,19.1,35,7133
Cppppa,195,512,178,18.2,29,6402
Cppppa,196,508,180,19.0,31,4551
Cppppa,197,507,177,18.1,33,7199
Cppppa,198,504,178,17.1,29,4375
Cppppa,199,513,171,18.0,31,5608
Cppppa,200,516,168,18.0,35,4730
Cppppa,201,521,167,18.0,35,5910
Cppppa,202,521,159,17.2,32,4782
Cppppa,203,528,150,17.2,34,4654
Cppppa,204,525,148,17.2,34,6787
Cppppa,205,526,152,17.1,34,6453
Cppppp,194,521,225,21.1,33,8414
Cppppp,195,529,225,22.8,31,3916
Cppppp,196,529,225,22.8,31,2016
Cppppp,197,525,216,22.9,27,3150
Cppppp,198,526,215,22.0,31,4216
Cppppp,199,525,219,22.3,31,4610
Cppppp,200,524,223,22.7,31,2270
Cppppp,201,522,228,23.0,31,2775
Cppppp,202,529,221,22.0,30,6882
Cppppp,203,529,220,22.2,30,4110
Cppppp,204,529,218,22.4,30,4784
Cppppp,205,528,217,22.6,30,3769
P3,34,525,272,17.0,49,-206
P3,35,531,290,17.1,46,66
P3,36,537,308,17.1,43,-682
P3,37,543,327,17.1,39,-800
P3,38,546,344,18.0,43,-759
P3,39,548,353,17.1,48,-12
P3,40,548,353,17.1,48,-706
P3,41,559,333,14.1,47,-644
P3,42,555,320,13.1,51,-425
P3,43,563,305,14.1,50,-30
P3,44,573,287,13.1,48,-588
P3,45,578,264,14.1,47,-715
P3,46,575,252,14.0,48,-351
P3,47,570,248,14.0,47,-68
P3,48,576,229,15.0,46,-270
P3,49,573,220,14.2,48,64
P3,50,567,215,15.1,49,-41
P3,51,555,222,14.1,55,662
P3,52,566,237,15.0,36,-453
P3,53,562,239,14.1,52,-322
P3,54,561,246,14.1,52,-812
P3,55,568,255,14.6,48,-841
P3,56,576,265,15.0,43,-1023
D,57,576,253,14.5,43,-402
D,58,577,240,14.0,43,822
D,59,577,236,14.3,44,-613
D,60,577,232,14.7,45,-401
D,61,577,228,15.0,47,-575
D,62,582,223,14.1,48,2
D,63,580,223,14.0,48,129
D,64,579,221,14.1,50,-811
D,65,572,226,14.2,53,-390
D,66,571,239,14.1,40,-357
D,67,577,250,15.0,42,-1258
D,68,576,254,14.0,40,-1505
D,69,582,259,15.0,42,-251
D,70,577,264,15.0,38,-762
D,71,580,272,15.1,42,170
D,72,575,283,16.0,39,-1090
D,73,583,278,16.0,44,-715
D,74,577,288,17.0,41,-77
D,75,575,286,16.0,41,-70
D,76,582,286,18.1,40,99
D,77,580,289,17.1,42,-1283
D,78,581,285,18.0,36,152
D,79,578,290,17.0,37,-1650
D,80,577,280,16.0,49,-1286
D,81,578,284,16.1,36,-525
D,82,557,278,18.2,32,-1315
D,83,563,281,17.0,32,-669
D,84,563,282,17.3,34,-271
D,85,563,284,17.7,37,935
D,86,562,286,18.0,40,-192
Da,87,559,313,17.0,40,-55
Da,88,568,316,16.0,40,-476
Da,89,572,332,15.0,40,-113
Da,90,570,334,14.5,39,-169
Da,91,568,336,14.0,38,-157
Da,92,564,332,13.1,44,-803
Da,93,565,329,13.1,38,-861
Da,94,563,324,14.0,36,-1205
Da,95,561,326,14.0,36,-140
Da,96,558,328,14.0,37,-145
Da,97,555,330,14.0,38,-454
Da,98,552,333,14.0,39,-1308
Da,99,549,335,14.0,40,-857
Da,100,546,337,14.0,41,-1029
Da,101,543,340,14.0,42,-1329
Da,102,542,340,14.7,41,-1073
Da,103,541,340,15.3,40,-200
Da,104,539,340,16.0,39,510
Da,105,538,340,16.7,38,-981
Da,106,537,340,17.3,37,-1765
Da,107,535,341,18.0,36,62
Da,108,534,339,18.4,36,816
Da,109,532,337,18.9,36,-224
Da,110,531,334,19.3,36,360
Da,111,529,332,19.7,36,-588
Da,112,528,329,20.1,36,-638
Da,113,526,327,20.6,36,-411
Da,114,524,324,21.0,36,-1163
Da,115,528,324,20.7,36,-1016
Da,116,533,325,20.3,36,104
Da,117,538,326,20.0,36,-338
Da,118,543,327,19.7,36,-1484
Da,119,548,328,19.3,36,1029
Da,120,553,329,19.0,36,-1313
Da,121,549,329,19.2,36,-501
Da,122,545,328,19.3,36,-101
Da,123,540,327,19.5,36,-1092
Da,124,536,327,19.7,36,-1745
Da,125,532,326,19.8,36,-313
Da,126,527,325,20.0,36,1468
Daa,127,519,339,21.0,36,-660
Daa,128,511,354,22.0,36,-439
Daa,129,506,351,22.5,36,-76
Daa,130,501,347,23.0,36,-1384
Daa,131,496,344,23.5,36,-691
Daa,132,491,340,24.0,36,-629
Daa,133,486,337,24.5,36,-229
Daa,134,480,333,25.0,36,-1142
Daa,135,476,329,25.0,36,76
Daa,136,471,325,25.0,36,-1618
Daa,137,466,320,25.0,36,188
Daa,138,462,316,25.0,36,-777
Daa,139,457,312,25.0,36,91
Daa,140,452,307,25.0,36,-30
Daa,141,452,306,24.7,36,-498
Daa,142,452,305,24.4,36,380
Daa,143,452,304,24.1,36,-1255
Daa,144,452,303,23.9,36,-401
Daa,145,452,302,23.6,36,-313
Daa,146,452,301,23.3,36,49
Daa,147,451,300,23.0,36,-819
Daa,148,451,300,23.0,36,-519
Daa,149,452,300,23.0,36,211
Daa,150,452,300,23.0,36,-150
Daa,151,453,300,23.0,35,24
Daa,152,453,300,23.0,35,-122
Daa,153,454,300,23.0,35,-815
Daa,154,454,300,23.0,35,13
Daa,155,455,299,23.0,34,-815
Daa,156,455,299,23.2,34,220
Daa,157,455,299,23.3,34,-10
Daa,158,455,299,23.5,34,-886
Daa,159,455,299,23.7,34,-1077
Daa,160,455,299,23.8,34,-779
Daa,161,454,299,24.0,34,-461
Daa,162,453,300,23.6,34,-1493
Daa,163,452,301,23.1,34,1352
Daa,164,450,303,22.7,34,395
Daa,165,449,304,22.3,34,586
Daa,166,447,306,21.9,34,1431
Daa,167,446,307,21.4,34,-255
Daa,168,444,309,21.0,34,392
Daa,169,449,314,20.0,36,1149
Daaa,170,444,327,18.0,36,-17
Daaa,171,441,330,17.8,36,274
Daaa,172,438,333,17.6,36,-1026
Daaa,173,435,337,17.4,36,-1300
Daaa,174,432,340,17.2,36,1276
Daaa,175,428,344,17.0,36,39
Daaa,176,425,345,17.1,36,-135
Daaa,177,422,347,17.3,36,-351
Daaa,178,419,349,17.4,36,-422
Daaa,179,416,350,17.6,36,182
Daaa,180,413,352,17.7,36,-678
Daaa,181,410,354,17.9,36,-710
Daaa,182,406,356,18.0,36,149
Daaa,183,405,357,18.0,36,-11
Daaa,184,403,359,18.0,36,-1317
Daaa,185,401,360,18.0,36,14
Daaa,186,399,362,18.0,36,490
Daaa,187,395,362,17.8,36,94
Daaa,188,391,361,17.6,35,-279
Daaa,189,386,360,17.5,35,182
Daaa,190,382,359,17.3,34,-200
Daaa,191,377,358,17.1,33,424
Daaa,192,372,355,17.0,33,325
Daaa,193,370,356,16.9,33,118
Daaa,194,368,357,16.8,33,-1247
Daaa,195,366,358,16.6,34,-269
Daaa,196,364,359,16.5,34,113
Daaa,197,362,360,16.4,34,-1636
Daaa,198,360,361,16.3,35,-2065
Daaa,199,358,362,16.1,35,-957
Daaa,200,356,363,16.0,36,1
Daaa,201,354,363,15.8,36,-542
Daaa,202,352,362,15.7,36,-317
Daaa,203,349,362,15.5,36,1060
Daaa,204,347,361,15.3,36,937
Daaa,205,345,361,15.2,36,-415
Daap,170,457,311,20.0,36,-686
Daap,171,456,311,20.0,36,1499
Daap,172,454,311,20.0,36,-627
Daap,173,452,311,20.0,36,-1726
Daap,174,451,311,20.0,36,316
Daap,175,449,311,20.0,36,-1063
Daap,176,447,311,20.0,36,-401
Daap,177,445,312,20.0,36,-796
Daap,178,444,314,20.0,36,-615
Daap,179,443,317,20.0,36,-1191
Daap,180,442,319,20.0,36,-1290
Daap,181,440,322,20.0,36,-777
Daap,182,439,324,20.0,36,-601
Daap,183,438,327,20.0,36,-915
Daap,184,437,329,20.0,36,-588
Daap,185,435,332,20.0,36,-385
Daap,186,433,334,20.0,36,306
Daap,187,430,337,20.0,36,-204
Daap,188,427,340,20.0,36,-190
Daap,189,425,342,20.0,36,595
Daap,190,422,345,20.0,36,713
Daap,191,419,348,20.0,36,-1003
Daap,192,416,349,19.8,36,-157
Daap,193,413,350,19.5,36,-379
Daap,194,410,351,19.3,36,620
Daap,195,407,352,19.0,36,-651
Daap,196,404,353,18.8,36,-1485
Daap,197,401,354,18.5,36,1119
Daap,198,398,355,18.3,36,55
Daap,199,394,356,18.0,36,-269
Daap,200,394,356,18.0,36,-127
Daap,201,394,356,18.0,36,114
Daap,202,394,356,18.0,36,401
Daap,203,393,356,18.0,36,-1096
Daap,204,393,356,18.0,36,-1100
Daap,205,393,356,18.0,36,-1253
Dap,127,542,312,20.0,36,1214
Dap,128,558,299,20.0,36,-299
Dap,129,558,294,20.4,36,98
Dap,130,558,289,20.8,36,-291
Dap,131,557,284,21.2,35,-1177
Dap,132,557,279,21.6,35,-161
Dap,133,556,274,22.0,34,-966
Dap,134,550,275,22.5,34,425
Dap,135,543,277,23.0,34,-5
Dap,136,536,279,23.5,34,-465
Dap,137,530,280,24.0,34,304
Dap,138,523,282,24.5,34,-711
Dap,139,516,284,25.0,34,-870
Dap,140,515,282,25.0,34,507
Dap,141,513,280,25.0,34,120
Dap,142,511,278,25.0,34,556
Dap,143,509,276,25.0,34,-945
Dap,144,507,274,25.0,34,-993
Dap,145,507,273,24.4,34,-262
Dap,146,507,272,23.8,34,-1435
Dap,147,507,270,23.2,34,1541
Dap,148,507,269,22.6,34,341
Dap,149,508,267,22.0,34,573
Dap,150,507,269,21.7,34,-765
Dap,151,505,272,21.3,34,-623
Dap,152,503,275,21.0,34,-341
Dap,153,502,277,20.7,34,-1
Dap,154,500,280,20.3,34,-6
Dap,155,498,283,20.0,34,540
Dap,156,494,286,19.7,32,-682
Dap,157,490,289,19.3,30,-436
Dap,158,486,293,19.0,27,235
Dap,159,484,294,18.7,28,-2076
Dap,160,482,295,18.3,29,366
Dap,161,480,297,18.0,30,-955
Dap,162,478,298,17.7,31,-58
Dap,163,476,299,17.3,32,-642
Dap,164,474,301,17.0,34,293
Dapa,165,469,308,17.0,34,-659
Dapa,166,464,315,17.0,34,-217
Dapa,167,464,317,16.7,34,-831
Dapa,168,464,319,16.3,34,627
Dapa,169,465,321,16.0,34,-517
Dapa,170,465,323,15.7,34,4
Dapa,171,466,326,15.3,35,-647
Dapa,172,466,328,15.0,35,-194
Dapa,173,467,330,14.7,35,258
Dapa,174,467,332,14.3,35,-516
Dapa,175,468,335,14.0,36,-992
Dapa,176,465,336,14.1,36,-651
Dapa,177,461,338,14.2,36,-350
Dapa,178,457,340,14.3,36,426
Dapa,179,453,342,14.4,36,-1579
Dapa,180,450,344,14.6,36,-1160
Dapa,181,446,346,14.7,36,-1131
Dapa,182,442,348,14.8,36,-1334
Dapa,183,438,350,14.9,36,-630
Dapa,184,434,352,15.0,36,33
Dapa,185,432,352,15.0,36,360
Dapa,186,429,353,15.0,36,-102
Dapa,187,427,354,15.0,36,952
Dapa,188,424,355,15.0,36,-312
Dapa,189,422,355,15.0,36,-388
Dapa,190,419,356,15.0,36,-1174
Dapa,191,417,357,15.0,36,-422
Dapa,192,414,358,15.0,36,62
Dapa,193,414,363,15.0,27,1552
Dapa,194,415,369,15.1,27,1849
Dapa,195,411,368,15.0,31,762
Dapa,196,411,368,15.0,31,-927
Dapa,197,410,368,15.0,32,114
Dapa,198,410,369,15.0,32,849
Dapa,199,409,369,15.0,33,1357
Dapa,200,408,370,15.0,34,-164
Dapa,201,407,370,14.9,34,1128
Dapa,202,405,370,14.7,33,219
Dapa,203,403,370,14.6,33,-1188
Dapa,204,401,371,14.4,32,-1781
Dapa,205,399,371,14.3,32,2552
Dapp,165,493,297,17.0,34,245
Dapp,166,512,293,17.0,34,673
Dapp,167,512,294,16.9,34,349
Dapp,168,513,295,16.7,34,-350
Dapp,169,514,296,16.6,34,-1077
Dapp,170,515,297,16.4,35,-91
Dapp,171,516,298,16.3,35,-2068
Dapp,172,517,299,16.1,35,-433
Dapp,173,518,300,16.0,36,408
Dapp,174,515,301,15.9,36,-147
Dapp,175,512,302,15.8,36,-1202
Dapp,176,509,304,15.7,36,-48
Dapp,177,506,305,15.6,36,-996
Dapp,178,503,306,15.4,36,-259
Dapp,179,500,308,15.3,36,-1653
Dapp,180,497,309,15.2,36,-913
Dapp,181,494,310,15.1,36,82
Dapp,182,491,312,15.0,36,374
Dapp,183,487,313,15.0,36,-59
Dapp,184,483,315,15.0,36,228
Dapp,185,479,317,15.0,36,-16
Dapp,186,474,319,15.0,36,-576
Dapp,187,470,320,15.0,36,-349
Dapp,188,466,322,15.0,36,529
Dapp,189,462,324,15.0,36,-61
Dapp,190,457,326,15.0,36,-700
Dapp,191,455,327,15.0,34,347
Dapp,192,452,328,15.0,32,-293
Dapp,193,450,329,15.0,30,-583
Dapp,194,447,331,15.0,27,893
Dapp,195,442,329,15.0,31,-224
Dapp,196,441,329,14.8,31,480
Dapp,197,439,330,14.6,32,1241
Dapp,198,437,330,14.4,32,-213
Dapp,199,436,331,14.2,33,-92
Dapp,200,434,332,14.0,33,259
Dapp,201,432,332,13.8,34,-871
Dapp,202,431,333,13.6,34,-595
Dapp,203,429,333,13.4,35,1040
Dapp,204,427,334,13.2,35,-88
Dapp,205,425,335,13.0,36,-694
Dp,87,565,286,20.0,41,-139
Dp,88,568,287,22.0,42,26
Dp,89,569,285,21.8,42,-993
Dp,90,571,282,21.5,42,33
Dp,91,572,280,21.3,42,111
Dp,92,574,277,21.0,42,-580
Dp,93,576,274,20.8,42,-1044
Dp,94,577,272,20.5,42,-102
Dp,95,579,269,20.3,42,1379
Dp,96,581,266,20.0,42,805
Dp,97,578,267,20.1,42,-486
Dp,98,575,268,20.3,42,823
Dp,99,572,270,20.4,42,-383
Dp,100,568,271,20.6,42,-508
Dp,101,565,273,20.7,42,-145
Dp,102,562,274,20.9,42,605
Dp,103,558,276,21.0,42,85
Dp,104,558,275,21.1,42,-313
Dp,105,557,273,21.3,42,267
Dp,106,557,272,21.4,42,258
Dp,107,556,270,21.5,42,638
Dp,108,556,269,21.6,42,521
Dp,109,555,267,21.8,42,-437
Dp,110,555,266,21.9,42,-266
Dp,111,554,264,22.0,42,-524
Dp,112,554,260,22.3,42,224
Dp,113,554,255,22.5,42,-398
Dp,114,554,251,22.8,42,-1007
Dp,115,554,246,23.0,42,113
Dp,116,554,241,23.3,42,-764
Dp,117,554,237,23.5,42,622
Dp,118,554,232,23.8,42,-479
Dp,119,553,227,24.0,42,-43
Dp,120,553,223,24.3,42,321
Dp,121,553,218,24.5,42,31
Dp,122,553,213,24.8,42,1269
Dp,123,554,208,25.0,42,483
Dpa,124,545,202,25.3,40,320
Dpa,125,536,195,25.7,38,323
Dpa,126,526,188,26.0,36,-321
Dpa,127,520,183,26.4,36,1882
Dpa,128,514,177,26.8,36,1550
Dpa,129,508,171,27.2,36,-1228
Dpa,130,502,165,27.6,36,478
Dpa,131,496,159,28.0,36,476
Dpa,132,496,157,27.2,36,-559
Dpa,133,496,155,26.4,36,-783
Dpa,134,496,153,25.6,36,1461
Dpa,135,496,151,24.8,36,-468
Dpa,136,496,148,24.0,36,-816
Dpa,137,491,149,24.0,36,483
Dpa,138,486,150,24.0,36,-177
Dpa,139,481,151,24.0,36,-1510
Dpa,140,476,152,24.0,36,-405
Dpa,141,470,154,24.0,36,335
Dpa,142,468,154,23.7,36,-1028
Dpa,143,465,155,23.4,36,-688
Dpa,144,463,155,23.1,36,95
Dpa,145,460,156,22.8,36,-54
Dpa,146,458,157,22.5,35,-387
Dpa,147,455,157,22.2,35,-241
Dpa,148,453,158,21.9,35,893
Dpa,149,450,158,21.6,35,1342
Dpa,150,448,159,21.3,35,-813
Dpa,151,445,160,21.0,34,-817
Dpa,152,442,160,21.0,34,684
Dpa,153,438,161,21.0,34,573
Dpa,154,434,162,21.0,34,-697
Dpa,155,430,162,21.0,34,596
Dpa,156,426,163,21.0,34,-263
Dpa,157,422,164,21.0,34,-726
Dpa,158,420,164,21.0,34,-836
Dpa,159,418,164,21.0,34,-1361
Dpa,160,415,165,21.0,34,158
Dpa,161,413,165,21.0,34,-231
Dpa,162,411,165,21.0,34,-1486
Dpa,163,408,166,21.0,34,342
Dpa,164,406,166,21.0,34,322
Dpa,165,403,167,21.0,34,-968
Dpa,166,402,168,20.5,34,-466
Dpa,167,400,169,20.0,34,1488
Dpaa,168,381,164,18.0,34,-1217
Dpaa,169,382,163,18.2,34,943
Dpaa,170,383,161,18.4,34,-317
Dpaa,171,384,160,18.6,35,-448
Dpaa,172,385,158,18.8,35,-301
Dpaa,173,387,156,19.0,36,-1127
Dpaa,174,387,156,19.1,36,622
Dpaa,175,386,155,19.3,36,1205
Dpaa,176,385,154,19.4,36,-1361
Dpaa,177,384,154,19.6,36,-665
Dpaa,178,383,153,19.7,36,-423
Dpaa,179,382,152,19.9,36,642
Dpaa,180,381,151,20.0,36,507
Dpaa,181,380,151,20.1,36,-1629
Dpaa,182,378,151,20.3,35,-48
Dpaa,183,376,151,20.4,35,724
Dpaa,184,374,150,20.6,34,-532
Dpaa,185,372,150,20.7,34,-819
Dpaa,186,370,150,20.9,33,-60
Dpaa,187,368,149,21.0,32,304
Dpaa,188,365,149,21.0,32,-1049
Dpaa,189,361,148,21.0,32,1196
Dpaa,190,357,147,21.0,32,-506
Dpaa,191,353,146,21.0,32,97
Dpaa,192,349,145,21.0,32,-173
Dpaa,193,345,144,21.0,32,34
Dpaa,194,345,143,20.9,32,-1206
Dpaa,195,344,142,20.8,32,-682
Dpaa,196,344,141,20.7,32,-425
Dpaa,197,343,139,20.6,32,378
Dpaa,198,343,138,20.5,32,-209
Dpaa,199,342,137,20.4,32,277
Dpaa,200,342,135,20.3,32,-422
Dpaa,201,341,134,20.2,32,2264
Dpaa,202,341,133,20.1,32,-523
Dpaa,203,340,131,20.0,32,-454
Dpaa,204,341,130,19.8,32,-336
Dpaa,205,342,129,19.6,32,-571
Dpap,168,421,176,21.0,34,-228
Dpap,169,421,179,20.9,34,745
Dpap,170,421,182,20.8,34,604
Dpap,171,421,185,20.7,34,-382
Dpap,172,421,188,20.6,34,-949
Dpap,173,422,191,20.4,33,-1053
Dpap,174,422,194,20.3,33,414
Dpap,175,422,197,20.2,33,51
Dpap,176,422,200,20.1,33,-765
Dpap,177,423,204,20.0,32,-617
Dpap,178,421,202,20.1,32,-342
Dpap,179,419,199,20.2,32,282
Dpap,180,417,196,20.3,32,33
Dpap,181,415,193,20.4,32,-47
Dpap,182,413,190,20.5,32,-1337
Dpap,183,411,188,20.5,32,115
Dpap,184,409,185,20.6,32,-601
Dpap,185,407,182,20.7,32,-1927
Dpap,186,405,179,20.8,32,-635
Dpap,187,403,176,20.9,32,-171
Dpap,188,400,173,21.0,32,-185
Dpap,189,397,173,21.0,32,-212
Dpap,190,394,172,21.0,32,-45
Dpap,191,391,171,21.0,32,-641
Dpap,192,388,171,21.0,32,-1088
Dpap,193,385,170,21.0,32,-806
Dpap,194,382,169,21.0,32,-851
Dpap,195,378,168,21.0,32,118
Dpap,196,378,167,21.0,32,-529
Dpap,197,377,166,21.0,32,-906
Dpap,198,377,165,21.0,32,-243
Dpap,199,376,164,21.0,32,-1195
Dpap,200,375,163,21.0,32,-727
Dpap,201,375,162,21.0,32,-520
Dpap,202,374,161,21.0,32,-1585
Dpap,203,373,159,21.0,32,-813
Dpap,204,373,160,21.3,32,-1278
Dpap,205,373,162,21.5,32,-213
Dpp,124,556,215,24.0,40,879
Dpp,125,559,222,23.0,38,303
Dpp,126,562,229,22.0,36,-79
Dpp,127,560,227,22.4,36,-704
Dpp,128,558,224,22.8,36,729
Dpp,129,556,222,23.1,36,-1140
Dpp,130,553,219,23.5,36,441
Dpp,131,551,216,23.9,36,290
Dpp,132,549,214,24.3,36,-331
Dpp,133,547,211,24.6,36,599
Dpp,134,544,208,25.0,36,-372
Dpp,135,544,214,24.7,36,366
Dpp,136,544,220,24.3,36,-307
Dpp,137,543,227,24.0,36,-52
Dpp,138,540,225,23.8,36,702
Dpp,139,537,223,23.7,36,660
Dpp,140,533,221,23.5,36,523
Dpp,141,530,219,23.3,36,-189
Dpp,142,527,217,23.2,36,-1064
Dpp,143,523,214,23.0,36,-121
Dpp,144,522,212,22.9,36,-1008
Dpp,145,521,210,22.8,36,-476
Dpp,146,519,208,22.6,36,-771
Dpp,147,518,206,22.5,36,54
Dpp,148,517,204,22.4,36,531
Dpp,149,515,202,22.3,36,850
Dpp,150,514,200,22.1,36,-256
Dpp,151,512,197,22.0,36,138
Dpp,152,508,194,21.7,36,-59
Dpp,153,504,190,21.4,36,-353
Dpp,154,499,186,21.1,36,31
Dpp,155,495,183,20.9,36,-486
Dpp,156,490,179,20.6,36,225
Dpp,157,486,175,20.3,36,627
Dpp,158,481,171,20.0,36,-913
Dpp,159,476,167,20.0,36,726
Dpp,160,471,163,20.0,36,771
Dpp,161,466,159,20.0,36,-1426
Dppa,162,450,161,21.0,34,-230
Dppa,163,448,161,20.3,35,-19
Dppa,164,446,161,19.5,36,687
Dppa,165,444,161,18.8,37,64
Dppa,166,441,160,18.0,38,412
Dppa,167,439,160,18.0,38,375
Dppa,168,437,159,18.0,38,-220
Dppa,169,435,158,18.0,38,-730
Dppa,170,433,157,18.0,38,-901
Dppa,171,431,156,18.0,37,404
Dppa,172,429,155,18.0,37,-960
Dppa,173,427,154,18.0,37,-776
Dppa,174,425,153,18.0,37,332
Dppa,175,423,152,18.0,36,121
Dppa,176,422,151,18.0,36,-1342
Dppa,177,421,149,18.0,36,-995
Dppa,178,420,148,18.0,36,-1235
Dppa,179,418,146,18.0,36,371
Dppa,180,417,145,18.0,36,-805
Dppa,181,416,143,18.0,36,-33
Dppa,182,415,142,18.0,36,-1379
Dppa,183,413,140,18.0,36,-263
Dppa,184,411,138,18.3,36,-1227
Dppa,185,409,135,18.5,36,-610
Dppa,186,407,133,18.8,36,53
Dppa,187,404,130,19.0,36,-640
Dppa,188,402,128,19.3,36,592
Dppa,189,400,125,19.5,36,-73
Dppa,190,398,123,19.8,36,190
Dppa,191,395,120,20.0,36,-1305
Dppa,192,394,120,20.0,36,394
Dppa,193,393,120,20.0,35,-338
Dppa,194,391,120,20.0,35,-1093
Dppa,195,390,120,20.0,34,-1103
Dppa,196,389,120,20.0,34,-1044
Dppa,197,387,120,20.0,33,-634
Dppa,198,386,120,20.0,33,486
Dppa,199,384,119,20.0,32,-1266
Dppa,200,384,119,20.0,32,602
Dppa,201,384,119,20.0,32,-882
Dppa,202,384,119,20.0,32,-251
Dppa,203,384,119,20.0,32,-706
Dppa,204,384,119,20.0,32,211
Dppa,205,384,119,20.0,32,-325
Dppp,162,487,182,19.0,34,273
Dppp,163,488,182,18.8,34,-65
Dppp,164,490,182,18.7,34,311
Dppp,165,492,181,18.5,34,-903
Dppp,166,493,181,18.3,34,504
Dppp,167,495,181,18.2,34,-196
Dppp,168,497,180,18.0,34,854
Dppp,169,495,180,17.9,34,89
Dppp,170,492,179,17.8,34,192
Dppp,171,489,179,17.7,34,-177
Dppp,172,486,178,17.6,34,-93
Dppp,173,483,177,17.5,34,-1423
Dppp,174,480,177,17.4,34,-1047
Dppp,175,477,176,17.3,34,-2007
Dppp,176,474,176,17.2,34,-1043
Dppp,177,471,175,17.1,34,-198
Dppp,178,468,174,17.0,34,-536
Dppp,179,465,172,17.1,34,166
Dppp,180,462,169,17.3,34,-845
Dppp,181,459,166,17.4,34,-643
Dppp,182,456,163,17.5,34,559
Dppp,183,453,161,17.6,34,-1208
Dppp,184,450,158,17.8,34,-1581
Dppp,185,447,155,17.9,34,737
Dppp,186,444,152,18.0,34,-67
Dppp,187,442,150,18.0,34,-647
Dppp,188,439,147,18.0,34,-105
Dppp,189,436,144,18.0,34,265
Dppp,190,433,141,18.0,34,-833
Dppp,191,430,139,18.0,34,-1167
Dppp,192,427,136,18.0,34,-963
Dppp,193,424,133,18.0,34,-546
Dppp,194,421,130,18.0,34,-711
Dppp,195,420,129,17.8,34,-579
Dppp,196,419,128,17.6,34,-655
Dppp,197,418,126,17.3,34,-738
Dppp,198,417,125,17.1,34,-485
Dppp,199,416,123,16.9,33,-2182
Dppp,200,415,122,16.7,33,-613
Dppp,201,414,120,16.4,33,595
Dppp,202,413,119,16.2,33,-76
Dppp,203,412,117,16.0,32,-1513
Dppp,204,412,117,16.2,32,-2117
Dppp,205,412,116,16.4,32,-1108
P4,57,570,290,16.0,43,536
P4,58,563,315,17.0,43,-83
P4,59,562,317,17.1,43,-319
P4,60,560,320,17.2,43,1370
P4,61,559,323,17.3,42,-136
P4,62,557,326,17.4,42,189
P4,63,555,329,17.5,41,-26
P4,64,554,332,17.5,41,471
P4,65,552,335,17.6,40,-3
P4,66,550,338,17.7,40,-209
P4,67,549,341,17.8,39,-201
P4,68,547,344,17.9,39,-815
P4,69,545,347,18.0,38,-25
P4,70,545,347,18.0,38,60
P4,71,542,350,19.0,40,-421
P4,72,538,357,18.1,39,-785
P4,73,533,357,18.9,40,328
P4,74,532,355,19.3,40,-439
P4,75,531,353,19.7,40,106
P4,76,529,351,20.1,41,-819
P4,77,528,348,20.5,41,-200
P4,78,527,346,20.8,41,-876
P4,79,525,344,21.2,42,118
P4,80,524,342,21.6,42,1
P4,81,522,339,22.0,43,-430
P4,82,522,339,21.9,43,395
P4,83,522,339,21.8,43,116
P4,84,522,339,21.6,43,389
P4,85,522,339,21.5,43,740
P4,86,522,339,21.4,43,108
P4,87,521,338,21.3,43,730
P4,88,521,338,21.1,43,70
P4,89,521,338,21.0,43,466
P4,90,521,338,20.9,43,-94
P4,91,521,338,20.8,43,-1006
P4,92,520,337,20.6,43,825
P4,93,520,337,20.5,43,-82
P4,94,520,337,20.4,43,-544
P4,95,520,337,20.3,43,123
P4,96,520,337,20.1,43,112
P4,97,519,336,20.0,43,-362
P4,98,518,335,20.6,42,218
P4,99,517,334,21.2,41,-783
P4,100,515,333,21.8,39,-253
P4,101,514,332,22.4,38,-439
P4,102,512,331,23.0,36,-682
P4,103,509,324,23.3,36,252
P4,104,506,316,23.7,36,-251
P4,105,503,309,24.0,36,620
P4,106,500,301,24.3,36,261
P4,107,497,294,24.7,36,55
P4,108,493,286,25.0,36,293
P4,109,490,284,25.0,36,-135
P4,110,487,281,25.0,36,-197
P4,111,484,279,25.0,36,-862
P4,112,481,276,25.0,36,1492
P4,113,477,273,25.0,36,-522
