cell,time,x,y,z,size,blot
AB,1,243,261,11.9,80,-990
ABa,2,234,281,11.1,52,-1056
ABa,3,216,262,11.0,58,-465
ABa,4,212,274,11.3,60,-1129
ABa,5,195,277,12.1,58,-992
ABa,6,192,275,10.3,70,-1762
ABa,7,166,257,12.4,73,-1535
ABa,8,174,252,11.2,79,-1922
ABa,9,157,253,12.2,74,-1473
ABa,10,184,244,12.7,67,-1290
ABal,11,167,267,9.4,53,-1300
ABal,12,157,291,12.5,58,-1222
ABal,13,150,307,13.0,61,-1433
ABal,14,124,306,10.3,62,-1888
ABal,15,129,288,9.0,58,-1546
ABal,16,112,303,10.1,60,-1386
ABal,17,106,295,12.0,63,-1756
ABal,18,110,290,10.4,62,-1313
ABal,19,117,294,11.5,64,-1480
ABala,20,137,277,9.4,43,-2063
ABala,21,111,246,9.6,57,-1310
ABala,22,108,237,10.5,62,-1524
ABala,23,99,220,13.3,63,-1507
ABala,24,98,210,14.1,64,-2175
ABala,25,99,204,14.1,65,-1899
ABala,26,95,199,12.5,65,-1624
ABala,27,99,193,12.3,65,-1591
ABala,28,105,199,13.1,67,-1712
ABala,29,112,194,12.4,69,-1730
ABala,30,129,198,14.4,64,-959
ABalaa,31,98,223,16.7,58,-800
ABalaa,32,99,230,16.9,56,-784
ABalaa,33,96,230,18.1,56,-1282
ABalaa,34,85,249,19.0,56,-620
ABalaa,35,86,254,18.9,56,-383
ABalaa,36,92,252,18.9,58,-898
ABalaa,37,92,242,18.0,60,-979
ABalaa,38,86,240,17.8,59,-789
ABalaa,39,85,249,16.0,59,-1369
ABalaa,40,84,244,16.0,59,-657
ABalaa,41,82,245,16.8,59,-824
ABalaa,42,82,251,16.2,62,-349
ABalaa,43,77,258,16.7,60,-1202
ABalaa,44,82,262,16.8,61,-434
ABalaa,45,85,251,17.0,62,-1180
ABalaa,46,86,255,17.0,57,-947
ABalaaa,47,79,249,17.3,52,-229
ABalaaa,48,82,244,16.9,55,-403
ABalaaa,49,75,240,17.0,53,284
ABalaaa,50,69,231,16.0,53,-346
ABalaaa,51,68,238,14.9,53,-951
ABalaaa,52,68,241,15.0,53,-735
ABalaaa,53,71,233,16.0,53,-1135
ABalaaa,54,71,234,15.2,53,-584
ABalaaa,55,72,229,16.0,53,-540
ABalaaa,56,75,219,15.1,52,-957
ABalaaa,57,80,217,14.5,53,-802
ABalaaa,58,74,227,14.2,52,-1042
ABalaaa,59,75,223,14.3,53,-711
ABalaaa,60,82,214,15.9,52,-695
ABalaaa,61,85,208,15.1,51,-1236
ABalaaa,62,91,206,15.1,51,-1093
ABalaaa,63,94,204,15.9,50,-1414
ABalaaa,64,94,213,16.0,47,-1764
ABalaaa,65,90,216,15.1,43,-547
ABalaaaa,66,95,249,19.9,40,-815
ABalaaaa,67,95,255,20.0,43,-1142
ABalaaaa,68,101,273,20.0,45,-1181
ABalaaaa,69,108,285,21.0,43,-704
ABalaaaa,70,115,279,20.0,44,-717
ABalaaaa,71,119,274,20.0,46,-657
ABalaaaa,72,106,253,20.1,44,-904
ABalaaaa,73,102,239,20.9,44,-495
ABalaaaa,74,107,230,20.0,44,-757
ABalaaaa,75,108,220,20.0,46,-668
ABalaaaa,76,107,217,19.1,46,-1331
ABalaaaa,77,107,204,19.0,44,-488
ABalaaaa,78,99,203,18.0,44,-100
ABalaaaa,79,96,211,17.9,44,-423
ABalaaaa,80,93,202,16.0,44,98
ABalaaaa,81,92,206,15.1,44,-1102
ABalaaaa,82,93,199,14.0,44,-364
ABalaaaa,83,92,200,13.0,44,409
ABalaaaa,84,94,201,12.0,44,-466
ABalaaaa,85,95,188,10.2,45,-766
ABalaaaa,86,90,188,10.9,42,-526
ABalaaaa,87,78,196,12.0,44,-1023
ABalaaaa,88,83,193,13.1,41,-68
ABalaaaa,89,80,194,13.2,41,-640
ABalaaaa,90,74,216,15.0,40,-851
ABalaaaa,91,78,224,13.9,35,456
ABalaaaal,92,81,247,12.1,35,-2026
ABalaaaal,93,81,270,11.8,35,-487
ABalaaaal,94,88,272,12.2,39,175
ABalaaaal,95,95,272,12.2,39,-349
ABalaaaal,96,85,269,12.0,36,-1458
ABalaaaal,97,85,266,13.1,36,-756
ABalaaaal,98,84,264,13.3,38,-400
ABalaaaal,99,89,256,14.0,36,-1379
ABalaaaal,100,89,261,13.3,38,158
ABalaaaal,101,88,263,13.2,38,-196
ABalaaaal,102,92,274,14.0,36,-1111
ABalaaaal,103,93,272,14.1,38,-1490
ABalaaaal,104,90,279,14.1,38,-761
ABalaaaal,105,95,280,14.1,38,-223
ABalaaaal,106,93,271,14.3,38,192
ABalaaaal,107,95,273,14.3,40,-186
ABalaaaal,108,92,275,14.2,38,514
ABalaaaal,109,90,279,14.1,40,-19
ABalaaaal,110,85,279,13.1,36,-707
ABalaaaal,111,90,271,14.0,36,-147
ABalaaaal,112,92,277,14.9,36,-511
ABalaaaal,113,92,280,15.0,36,-395
ABalaaaal,114,89,282,15.2,36,-600
ABalaaaal,115,78,278,14.1,37,434
ABalaaaal,116,80,283,14.0,37,-311
ABalaaaal,117,78,278,14.2,38,-62
ABalaaaal,118,73,281,14.0,37,-231
ABalaaaal,119,78,284,14.1,36,-213
ABalaaaal,120,75,287,14.1,35,-1221
ABalaaaal,121,80,288,15.0,34,-359
ABalaaaal,122,85,282,15.1,32,-408
ABalaaaala,123,75,263,14.3,34,-1002
ABalaaaala,124,73,254,13.3,34,-608
ABalaaaala,125,72,258,13.9,30,-1767
ABalaaaala,126,73,274,14.0,30,-364
ABalaaaala,127,73,274,14.0,30,-523
ABalaaaala,128,76,289,14.1,34,17
ABalaaaala,129,71,295,15.1,32,-185
ABalaaaala,130,76,294,15.2,34,-520
ABalaaaala,131,77,299,15.2,34,-811
ABalaaaala,132,79,296,15.1,34,33
ABalaaaala,133,78,300,16.0,34,1377
ABalaaaala,134,82,299,16.1,34,154
ABalaaaala,135,86,294,16.0,30,471
ABalaaaala,136,87,292,16.1,26,396
ABalaaaala,137,89,297,16.1,26,-678
ABalaaaala,138,102,303,15.9,30,-292
ABalaaaala,139,107,304,15.2,32,217
ABalaaaala,140,115,309,15.9,30,-579
ABalaaaala,141,119,309,16.0,30,-31
ABalaaaala,142,124,315,16.1,26,621
ABalaaaala,143,123,323,17.1,32,94
ABalaaaala,144,126,330,17.3,34,-438
ABalaaaala,145,129,332,17.8,30,-526
ABalaaaala,146,128,336,17.8,30,294
ABalaaaala,147,130,333,17.8,30,1909
ABalaaaala,148,135,337,17.9,30,-293
ABalaaaala,149,130,338,17.0,30,-993
ABalaaaala,150,130,338,17.0,30,82
ABalaaaala,151,140,344,17.9,30,-190
ABalaaaala,152,139,342,18.0,32,-136
ABalaaaala,153,136,345,19.0,33,1767
ABalaaaala,154,145,347,18.2,34,614
ABalaaaala,155,150,347,18.1,31,-974
ABalaaaala,156,148,348,19.1,34,546
ABalaaaala,157,148,354,20.0,31,-935
ABalaaaala,158,148,350,19.2,34,401
ABalaaaala,159,141,346,20.0,31,-175
ABalaaaala,160,140,343,19.2,34,319
ABalaaaalp,123,87,289,15.2,32,-1444
ABalaaaalp,124,92,295,15.0,32,87
ABalaaaalp,125,92,297,14.0,32,356
ABalaaaalp,126,97,300,14.2,34,-143
ABalaaaalp,127,96,311,14.0,26,-789
ABalaaaalp,128,97,313,14.4,28,-1027
ABalaaaalp,129,98,315,14.8,31,-747
ABalaaaalp,130,99,318,15.2,34,506
ABalaaaalp,131,109,321,15.3,34,-874
ABalaaaalp,132,109,317,15.2,34,-408
ABalaaaalp,133,114,319,16.0,34,-490
ABalaaaalp,134,112,321,16.0,34,-156
ABalaaaalp,135,113,321,15.3,34,243
ABalaaaalp,136,114,322,17.0,34,-720
ABalaaaalp,137,112,323,16.2,26,-1089
ABalaaaalp,138,112,325,17.1,34,-100
ABalaaaalp,139,112,325,17.1,34,-217
ABalaaaalp,140,121,335,17.1,34,-302
ABalaaaalp,141,126,333,17.1,26,-1228
ABalaaaalp,142,122,339,17.2,34,-499
ABalaaaalp,143,124,345,18.1,26,427
ABalaaaalp,144,124,348,18.6,28,-57
ABalaaaalp,145,123,351,19.0,30,-672
ABalaaaalp,146,126,353,19.0,30,593
ABalaaaalp,147,129,355,19.0,30,-274
ABalaaaalp,148,132,357,19.0,30,118
ABalaaaalp,149,135,360,18.6,28,-805
ABalaaaalp,150,139,364,19.2,26,-790
ABalaaaalp,151,143,363,19.1,28,280
ABalaaaalp,152,148,362,19.0,30,-858
ABalaaaalp,153,151,362,19.3,30,-367
ABalaaaalp,154,154,362,19.7,30,-1075
ABalaaaalp,155,158,361,20.0,30,-108
ABalaaaalp,156,157,361,20.3,30,-1057
ABalaaaalp,157,156,361,20.7,30,-1077
ABalaaaalp,158,154,362,21.0,30,-1726
ABalaaaalp,159,150,359,21.0,30,-848
ABalaaaalp,160,146,355,21.0,30,138
ABalaaaar,92,80,228,15.0,35,-1271
ABalaaaar,93,67,233,15.1,35,673
ABalaaaar,94,74,225,16.0,35,-584
ABalaaaar,95,75,223,16.2,39,524
ABalaaaar,96,73,210,16.2,36,-434
ABalaaaar,97,75,209,16.2,38,574
ABalaaaar,98,72,212,16.9,36,-996
ABalaaaar,99,72,209,16.1,38,-122
ABalaaaar,100,73,214,16.2,38,-403
ABalaaaar,101,74,208,16.0,36,-907
ABalaaaar,102,77,211,16.0,36,-404
ABalaaaar,103,77,215,16.0,36,-281
ABalaaaar,104,75,219,16.1,36,482
ABalaaaar,105,78,219,17.0,36,-255
ABalaaaar,106,77,218,16.0,36,-855
ABalaaaar,107,80,221,15.1,38,-367
ABalaaaar,108,79,212,15.9,36,-190
ABalaaaar,109,75,216,15.2,36,593
ABalaaaar,110,71,221,14.8,36,-896
ABalaaaar,111,76,214,14.0,36,113
ABalaaaar,112,76,223,13.9,36,-181
ABalaaaar,113,70,224,13.2,36,-225
ABalaaaar,114,73,233,12.3,38,162
ABalaaaar,115,69,227,12.2,37,649
ABalaaaar,116,62,230,12.1,37,-1236
ABalaaaar,117,58,222,11.5,36,331
ABalaaaar,118,60,218,12.1,37,-434
ABalaaaar,119,56,216,12.1,36,-939
ABalaaaar,120,56,219,12.2,35,752
ABalaaaar,121,56,223,13.2,34,-382
ABalaaaar,122,56,224,13.1,34,54
ABalaaaar,123,68,215,13.9,30,148
ABalaaaarl,124,59,221,13.1,30,77
ABalaaaarl,125,55,232,13.0,30,345
ABalaaaarl,126,55,242,13.1,34,692
ABalaaaarl,127,54,244,12.2,32,-803
ABalaaaarl,128,55,247,12.3,34,470
ABalaaaarl,129,56,250,14.0,30,-166
ABalaaaarl,130,60,248,14.1,32,-519
ABalaaaarl,131,62,255,14.1,32,-1131
ABalaaaarl,132,61,254,14.1,34,-447
ABalaaaarl,133,66,252,14.0,30,-820
ABalaaaarl,134,68,250,13.3,32,227
ABalaaaarl,135,68,250,14.3,32,-617
ABalaaaarl,136,74,246,14.1,32,-468
ABalaaaarl,137,77,244,14.1,30,92
ABalaaaarl,138,80,244,14.2,32,-207
ABalaaaarl,139,83,251,14.2,34,-104
ABalaaaarl,140,81,249,14.0,30,-59
ABalaaaarl,141,81,248,14.0,30,101
ABalaaaarl,142,84,251,14.0,30,-377
ABalaaaarl,143,82,253,14.1,30,-110
ABalaaaarl,144,84,260,14.1,30,315
ABalaaaarl,145,85,261,14.1,31,103
ABalaaaarl,146,87,262,14.0,32,-301
ABalaaaarl,147,87,262,14.0,30,-356
ABalaaaarl,148,87,262,14.0,30,575
ABalaaaarl,149,84,269,12.1,32,771
ABalaaaarl,150,85,270,13.1,32,718
ABalaaaarl,151,85,270,13.1,32,796
ABalaaaarl,152,84,269,13.1,32,702
ABalaaaarl,153,82,270,14.2,31,-732
ABalaaaarl,154,82,270,14.2,31,-108
ABalaaaarl,155,91,274,15.1,31,101
ABalaaaarl,156,95,276,16.0,30,-61
ABalaaaarl,157,95,278,15.2,31,-479
ABalaaaarl,158,97,275,16.1,34,160
ABalaaaarl,159,94,279,16.1,31,-437
ABalaaaarl,160,100,274,17.0,32,-411
ABalaaaarr,124,83,190,13.1,30,209
ABalaaaarr,125,84,188,13.0,30,73
ABalaaaarr,126,86,190,13.1,32,-183
ABalaaaarr,127,89,188,13.3,32,-556
ABalaaaarr,128,83,187,13.2,34,-55
ABalaaaarr,129,76,187,14.3,34,-625
ABalaaaarr,130,79,190,14.3,34,407
ABalaaaarr,131,79,200,14.2,34,1362
ABalaaaarr,132,82,198,14.4,32,-109
ABalaaaarr,133,83,198,14.1,30,-18
ABalaaaarr,134,81,195,14.1,32,-453
ABalaaaarr,135,89,191,15.0,34,248
ABalaaaarr,136,90,189,15.0,34,49
ABalaaaarr,137,96,186,15.2,34,360
ABalaaaarr,138,98,189,16.0,32,-643
ABalaaaarr,139,98,191,16.1,34,-207
ABalaaaarr,140,100,188,15.3,34,792
ABalaaaarr,141,106,188,15.2,32,-235
ABalaaaarr,142,99,195,15.2,34,473
ABalaaaarr,143,102,196,15.2,34,9
ABalaaaarr,144,101,202,15.2,34,1100
ABalaaaarr,145,101,198,15.0,34,-759
ABalaaaarr,146,102,197,14.2,32,-1047
ABalaaaarr,147,101,199,14.1,32,415
ABalaaaarr,148,100,201,14.1,32,493
ABalaaaarr,149,103,201,14.1,34,-93
ABalaaaarr,150,104,204,14.3,34,-170
ABalaaaarr,151,104,204,15.0,34,102
ABalaaaarr,152,105,202,15.1,30,882
ABalaaaarr,153,101,213,15.2,31,-610
ABalaaaarr,154,104,210,16.2,32,319
ABalaaaarr,155,109,213,16.3,31,-444
ABalaaaarr,156,110,212,17.0,30,-161
ABalaaaarr,157,109,213,17.2,31,626
ABalaaaarr,158,111,221,17.1,34,318
ABalaaaarr,159,107,222,18.2,31,786
ABalaaaarr,160,111,216,17.3,34,28
ABalaaap,66,99,217,13.9,40,-1147
ABalaaap,67,90,213,14.2,43,-827
ABalaaap,68,93,209,14.0,45,-723
ABalaaap,69,102,209,14.0,47,-848
ABalaaap,70,95,212,14.0,44,-614
ABalaaap,71,99,211,14.1,46,-498
ABalaaap,72,100,200,14.1,44,-1482
ABalaaap,73,98,190,14.0,44,-1451
ABalaaap,74,106,186,14.2,46,-846
ABalaaap,75,106,184,14.1,44,-135
ABalaaap,76,115,186,14.1,46,-1368
ABalaaap,77,117,173,14.0,44,-926
ABalaaap,78,120,184,13.0,44,-675
ABalaaap,79,117,192,12.2,46,-849
ABalaaap,80,117,184,12.1,44,-892
ABalaaap,81,127,185,11.3,46,-745
ABalaaap,82,126,193,11.2,48,-1316
ABalaaap,83,134,197,11.1,48,-1046
ABalaaap,84,140,207,11.1,48,-995
ABalaaap,85,139,214,10.1,47,-1924
ABalaaap,86,135,217,10.3,46,-1434
ABalaaap,87,124,211,11.0,40,-1031
ABalaaap,88,116,216,11.1,41,-1377
ABalaaap,89,117,209,10.0,35,-1976
ABalaaapa,90,84,209,11.9,36,-731
ABalaaapa,91,87,210,10.9,35,222
ABalaaapa,92,79,213,9.2,35,133
ABalaaapa,93,76,222,10.9,35,-710
ABalaaapa,94,82,230,11.1,37,-490
ABalaaapa,95,83,230,12.1,37,-395
ABalaaapa,96,79,225,11.9,36,-487
ABalaaapa,97,80,226,12.0,38,-501
ABalaaapa,98,76,226,11.1,36,-160
ABalaaapa,99,78,227,11.9,36,-415
ABalaaapa,100,78,229,11.8,36,-570
ABalaaapa,101,77,228,11.2,36,-933
ABalaaapa,102,81,231,11.9,36,216
ABalaaapa,103,83,232,11.8,36,-989
ABalaaapa,104,84,226,11.9,36,-331
ABalaaapa,105,83,234,11.4,38,-496
ABalaaapa,106,90,231,11.8,36,-469
ABalaaapa,107,88,233,11.8,36,-559
ABalaaapa,108,87,226,11.2,36,-851
ABalaaapa,109,83,227,11.9,36,-821
ABalaaapa,110,84,226,11.0,36,-782
ABalaaapa,111,88,221,10.1,38,-1308
ABalaaapa,112,88,229,10.0,38,-921
ABalaaapa,113,88,238,10.1,40,-1292
ABalaaapa,114,87,248,10.2,38,-955
ABalaaapa,115,81,247,9.3,37,-640
ABalaaapa,116,76,250,9.2,37,274
ABalaaapa,117,75,249,9.2,36,-429
ABalaaapa,118,78,247,9.2,35,211
ABalaaapa,119,72,254,9.2,36,466
ABalaaapal,120,63,275,10.0,31,-293
ABalaaapal,121,59,281,11.3,26,-217
ABalaaapal,122,60,283,12.1,26,1144
ABalaaapal,123,57,272,12.1,34,-267
ABalaaapal,124,63,263,11.3,34,784
ABalaaapal,125,69,271,11.1,34,-1045
ABalaaapal,126,69,271,11.1,34,676
ABalaaapal,127,77,279,11.2,32,-644
ABalaaapal,128,81,288,11.2,32,-744
ABalaaapal,129,82,284,12.0,34,-321
ABalaaapal,130,85,284,12.1,34,22
ABalaaapal,131,85,284,12.1,34,1016
ABalaaapal,132,86,289,12.1,34,-142
ABalaaapal,133,89,289,12.1,32,-1013
ABalaaapal,134,89,288,12.1,34,227
ABalaaapal,135,86,284,12.1,34,-956
ABalaaapal,136,86,285,13.1,32,755
ABalaaapal,137,89,284,12.2,34,112
ABalaaapal,138,94,285,13.0,34,-309
ABalaaapal,139,97,291,13.1,34,-725
ABalaaapal,140,97,291,13.0,34,-1642
ABalaaapal,141,94,292,12.0,34,-161
ABalaaapal,142,95,293,13.0,34,-770
ABalaaapal,143,97,298,13.1,34,-218
ABalaaapal,144,96,305,13.1,34,-29
ABalaaapal,145,96,305,13.1,34,338
ABalaaapal,146,99,309,13.0,34,-268
ABalaaapal,147,101,309,13.1,34,892
ABalaaapal,148,105,318,12.1,34,-834
ABalaaapal,149,100,316,12.1,34,-652
ABalaaapal,150,104,327,13.0,34,-316
ABalaaapal,151,109,329,13.1,34,-1173
ABalaaapal,152,109,329,13.1,34,-445
ABalaaapal,153,109,333,14.0,31,-218
ABalaaapal,154,114,338,13.1,34,-341
ABalaaapal,155,111,332,14.0,31,-404
ABalaaapal,156,108,333,14.1,34,810
ABalaaapal,157,112,339,14.3,31,-630
ABalaaapal,158,108,335,15.0,32,334
ABalaaapal,159,109,337,15.3,31,156
ABalaaapal,160,109,323,16.0,30,-1086
ABalaaapar,120,65,233,9.0,30,768
ABalaaapar,121,64,234,10.0,32,-366
ABalaaapar,122,61,243,9.0,30,817
ABalaaapar,123,65,237,8.9,30,-463
ABalaaapar,124,63,232,8.4,32,130
ABalaaapar,125,60,231,9.0,30,270
ABalaaapar,126,59,232,10.0,30,1645
ABalaaapar,127,63,233,9.2,32,-199
ABalaaapar,128,66,234,10.1,30,-1016
ABalaaapar,129,66,236,10.4,31,193
ABalaaapar,130,67,238,10.7,32,170
ABalaaapar,131,68,240,10.9,33,249
ABalaaapar,132,69,243,11.2,34,86
ABalaaapar,133,69,243,11.2,34,-455
ABalaaapar,134,69,241,11.1,26,-388
ABalaaapar,135,71,246,11.2,34,654
ABalaaapar,136,74,243,11.6,32,-597
ABalaaapar,137,78,240,12.0,30,-253
ABalaaapar,138,81,241,11.6,32,-120
ABalaaapar,139,84,242,11.1,34,308
ABalaaapar,140,80,241,11.1,32,446
ABalaaapar,141,82,243,11.1,34,56
ABalaaapar,142,83,248,11.1,33,-99
ABalaaapar,143,84,254,11.0,32,1295
ABalaaapar,144,86,260,11.0,30,-1048
ABalaaapar,145,87,259,12.1,26,-385
ABalaaapar,146,87,259,10.9,30,-267
ABalaaapar,147,90,258,10.2,32,-399
ABalaaapar,148,86,267,10.3,32,-150
ABalaaapar,149,88,268,9.3,32,211
ABalaaapar,150,87,275,10.9,30,168
ABalaaapar,151,85,270,11.0,32,-373
ABalaaapar,152,83,264,11.0,30,136
ABalaaapar,153,80,274,11.3,31,-319
ABalaaapar,154,88,287,12.0,30,-1229
ABalaaapar,155,91,289,12.0,31,-185
ABalaaapar,156,91,286,12.9,30,546
ABalaaapar,157,91,286,12.1,31,-483
ABalaaapar,158,92,285,12.1,32,367
ABalaaapar,159,88,287,13.0,29,-280
ABalaaapar,160,93,283,13.1,30,-240
ABalaaapp,90,139,219,10.2,34,60
ABalaaapp,91,149,214,10.0,35,-1681
ABalaaapp,92,146,207,8.4,37,-752
ABalaaapp,93,147,220,9.1,37,-1114
ABalaaapp,94,145,216,9.2,37,-1310
ABalaaapp,95,136,215,9.2,37,-614
ABalaaapp,96,130,210,9.9,36,-1003
ABalaaapp,97,127,206,9.1,36,-450
ABalaaapp,98,123,206,9.1,38,-989
ABalaaapp,99,121,209,9.0,36,-492
ABalaaapp,100,121,218,9.2,38,-795
ABalaaapp,101,119,213,9.2,38,-1450
ABalaaapp,102,118,202,9.9,36,-994
ABalaaapp,103,121,200,9.0,38,-605
ABalaaapp,104,113,202,9.1,38,-499
ABalaaapp,105,106,208,9.1,38,37
ABalaaapp,106,112,204,8.5,38,-1083
ABalaaapp,107,109,198,8.2,38,506
ABalaaapp,108,113,191,9.0,36,-1623
ABalaaapp,109,112,189,8.4,40,-1117
ABalaaapp,110,110,186,8.3,38,-693
ABalaaapp,111,111,180,8.0,40,-791
ABalaaapp,112,113,182,8.1,40,-300
ABalaaapp,113,107,185,8.2,40,-907
ABalaaapp,114,104,188,8.3,38,-957
ABalaaapp,115,109,188,8.3,39,-65
ABalaaapp,116,106,193,8.3,39,-1258
ABalaaapp,117,107,196,8.4,38,-784
ABalaaapp,118,102,196,9.0,35,-722
ABalaaappl,119,84,224,8.9,32,305
ABalaaappl,120,79,215,8.2,35,-7
ABalaaappl,121,70,215,8.4,26,1659
ABalaaappl,122,69,217,8.4,32,-752
ABalaaappl,123,69,209,8.4,32,-541
ABalaaappl,124,73,199,8.4,34,17
ABalaaappl,125,72,199,9.0,34,-744
ABalaaappl,126,76,202,9.1,30,101
ABalaaappl,127,78,202,9.0,32,-1388
ABalaaappl,128,81,200,9.2,32,-60
ABalaaappl,129,78,202,10.1,34,357
ABalaaappl,130,84,200,11.0,32,-475
ABalaaappl,131,82,210,10.1,34,-12
ABalaaappl,132,83,207,11.0,30,-44
ABalaaappl,133,86,202,10.1,32,-21
ABalaaappl,134,86,199,10.1,32,-830
ABalaaappl,135,87,199,11.0,30,465
ABalaaappl,136,90,195,10.1,34,-49
ABalaaappl,137,95,188,11.1,30,-453
ABalaaappl,138,97,194,10.2,32,-847
ABalaaappl,139,96,195,10.1,32,-374
ABalaaappl,140,100,190,11.1,32,-511
ABalaaappl,141,106,187,11.2,34,-123
ABalaaappl,142,105,186,11.1,34,773
ABalaaappl,143,105,189,11.1,34,-296
ABalaaappl,144,104,191,10.2,34,690
ABalaaappl,145,108,188,11.1,34,148
ABalaaappl,146,106,195,11.1,34,-732
ABalaaappl,147,107,195,10.8,30,20
ABalaaappl,148,110,199,10.3,34,-269
ABalaaappl,149,107,194,11.0,34,-214
ABalaaappl,150,112,196,11.0,34,525
ABalaaappl,151,108,198,11.2,34,-258
ABalaaappl,152,106,198,11.2,34,-1232
ABalaaappl,153,112,196,12.2,31,-248
ABalaaappl,154,109,196,12.3,34,122
ABalaaappl,155,106,200,12.3,31,-76
ABalaaappl,156,113,197,12.2,34,-933
ABalaaappl,157,111,198,13.1,31,-881
ABalaaappl,158,108,206,13.1,34,-423
ABalaaappl,159,103,207,13.3,31,115
ABalaaappl,160,104,207,13.0,34,548
ABalaaappr,119,107,178,8.1,32,-507
ABalaaappr,120,112,172,8.1,35,-791
ABalaaappr,121,104,173,9.1,30,-462
ABalaaappr,122,104,175,8.1,30,42
ABalaaappr,123,101,176,7.3,34,-37
ABalaaappr,124,102,168,8.1,32,-481
ABalaaappr,125,105,170,7.2,34,-992
ABalaaappr,126,110,170,8.2,34,-82
ABalaaappr,127,113,167,9.2,34,-1576
ABalaaappr,128,119,163,10.2,34,-1128
ABalaaappr,129,118,163,10.1,34,88
ABalaaappr,130,120,162,10.1,34,-290
ABalaaappr,131,113,164,11.1,34,-445
ABalaaappr,132,115,167,11.1,34,-96
ABalaaappr,133,122,160,11.2,34,-455
ABalaaappr,134,119,160,12.1,32,-895
ABalaaappr,135,122,161,12.1,34,-385
ABalaaappr,136,123,158,12.1,34,-155
ABalaaappr,137,132,150,12.1,34,53
ABalaaappr,138,134,152,12.1,34,-852
ABalaaappr,139,130,155,12.1,34,-112
ABalaaappr,140,134,154,13.2,34,682
ABalaaappr,141,140,155,13.2,34,-1292
ABalaaappr,142,138,155,14.1,34,-943
ABalaaappr,143,135,158,14.1,34,449
ABalaaappr,144,130,165,14.2,34,740
ABalaaappr,145,135,158,14.2,34,-447
ABalaaappr,146,136,158,14.1,34,-174
ABalaaappr,147,134,161,14.2,34,460
ABalaaappr,148,133,161,14.1,34,-775
ABalaaappr,149,132,161,14.2,34,393
ABalaaappr,150,131,166,14.2,34,-436
ABalaaappr,151,127,169,15.0,34,45
ABalaaappr,152,131,168,15.1,34,-1413
ABalaaappr,153,136,172,15.2,31,-389
ABalaaappr,154,131,171,15.1,34,550
ABalaaappr,155,130,170,15.3,31,-290
ABalaaappr,156,134,173,15.4,34,843
ABalaaappr,157,128,176,16.0,31,-340
ABalaaapprl,158,120,195,15.0,26,-1607
ABalaaapprl,159,120,195,15.0,26,1859
ABalaaapprl,160,117,192,15.1,26,-1691
ABalaaapprr,158,146,168,16.4,26,-252
ABalaaapprr,159,146,168,16.4,26,627
ABalaaapprr,160,140,159,18.1,26,-1006
ABalaap,47,133,288,17.2,48,-1021
ABalaap,48,140,287,18.3,53,104
ABalaap,49,141,288,19.1,53,-711
ABalaap,50,144,300,20.9,53,-694
ABalaap,51,139,298,20.1,53,-728
ABalaap,52,131,301,20.9,53,-883
ABalaap,53,127,302,20.8,53,-645
ABalaap,54,123,294,20.9,53,-171
ABalaap,55,122,284,20.1,53,-1012
ABalaap,56,115,278,19.3,54,-612
ABalaap,57,119,274,18.9,51,-451
ABalaap,58,119,284,17.1,52,-1027
ABalaap,59,122,289,15.3,55,-938
ABalaap,60,115,276,15.9,52,-617
ABalaap,61,127,271,15.0,53,-187
ABalaap,62,136,261,17.1,53,-856
ABalaap,63,143,260,15.0,52,-1095
ABalaap,64,154,262,14.1,51,-1473
ABalaap,65,162,275,13.1,45,-856
ABalaap,66,148,274,15.0,40,-509
ABalaapa,67,119,266,14.1,39,-62
ABalaapa,68,119,268,13.9,41,-1104
ABalaapa,69,118,274,14.1,43,-514
ABalaapa,70,119,279,15.0,44,-566
ABalaapa,71,131,268,15.0,44,-546
ABalaapa,72,128,256,14.1,44,-382
ABalaapa,73,141,247,14.1,44,-688
ABalaapa,74,146,243,15.0,44,38
ABalaapa,75,144,236,15.1,44,-132
ABalaapa,76,147,241,15.1,44,-653
ABalaapa,77,146,232,15.1,44,-1217
ABalaapa,78,149,231,15.1,44,-289
ABalaapa,79,145,232,15.1,44,-245
ABalaapa,80,151,224,15.0,44,-236
ABalaapa,81,154,216,14.9,44,-1258
ABalaapa,82,162,213,14.1,44,-1037
ABalaapa,83,160,208,14.2,48,-571
ABalaapa,84,152,200,14.1,46,-984
ABalaapa,85,151,179,12.3,45,-667
ABalaapa,86,140,166,10.4,46,-679
ABalaapa,87,140,151,11.1,44,-489
ABalaapa,88,126,152,11.2,41,-88
ABalaapa,89,127,155,12.2,41,-798
ABalaapa,90,121,175,13.2,40,151
ABalaapa,91,121,179,13.1,39,-184
ABalaapa,92,127,194,14.0,35,126
ABalaapaa,93,105,207,14.2,33,-96
ABalaapaa,94,98,196,14.8,35,2171
ABalaapaa,95,98,189,15.0,35,466
ABalaapaa,96,90,186,14.0,36,-696
ABalaapaa,97,88,185,13.1,36,-213
ABalaapaa,98,94,179,13.0,36,-759
ABalaapaa,99,89,177,13.0,36,-1440
ABalaapaa,100,90,178,13.9,36,-544
ABalaapaa,101,88,177,13.1,38,-844
ABalaapaa,102,90,180,13.3,38,-497
ABalaapaa,103,94,182,13.9,36,-725
ABalaapaa,104,89,182,14.9,36,152
ABalaapaa,105,93,191,14.9,36,-1276
ABalaapaa,106,99,185,14.1,36,-244
ABalaapaa,107,89,183,13.9,36,-466
ABalaapaa,108,96,170,13.9,36,53
ABalaapaa,109,96,170,13.9,36,148
ABalaapaa,110,104,163,13.1,38,187
ABalaapaa,111,109,159,13.0,36,-438
ABalaapaa,112,102,167,12.2,36,-472
ABalaapaa,113,98,170,12.1,38,-162
ABalaapaa,114,96,171,12.8,36,-657
ABalaapaa,115,95,162,13.0,37,-13
ABalaapaa,116,95,163,12.2,39,-100
ABalaapaa,117,94,162,12.3,38,394
ABalaapaa,118,99,162,12.2,37,296
ABalaapaa,119,88,169,12.0,36,232
ABalaapaa,120,87,168,12.2,35,-580
ABalaapaa,121,91,171,13.3,34,-409
ABalaapaa,122,91,175,13.2,34,-193
ABalaapaa,123,102,156,13.1,34,24
ABalaapaa,124,102,150,13.1,34,133
ABalaapaa,125,116,148,12.2,34,-597
ABalaapaa,126,118,153,13.1,30,-1217
ABalaapaa,127,120,154,14.1,32,57
ABalaapaaa,128,101,165,14.0,30,325
ABalaapaaa,129,97,167,14.9,30,279
ABalaapaaa,130,108,161,14.1,32,-410
ABalaapaaa,131,101,165,14.1,30,159
ABalaapaaa,132,102,164,15.0,30,-744
ABalaapaaa,133,103,160,15.1,32,-883
ABalaapaaa,134,104,162,15.3,32,663
ABalaapaaa,135,107,160,15.9,30,3
ABalaapaaa,136,111,159,15.2,34,-752
ABalaapaaa,137,117,157,16.2,34,-466
ABalaapaaa,138,119,160,16.3,34,-267
ABalaapaaa,139,126,157,16.2,34,-494
ABalaapaaa,140,131,157,16.1,34,-354
ABalaapaaa,141,135,162,17.0,34,26
ABalaapaaa,142,127,166,17.1,34,-663
ABalaapaaa,143,129,169,17.2,34,-408
ABalaapaaa,144,128,169,16.0,34,533
ABalaapaaa,145,132,171,17.2,34,-744
ABalaapaaa,146,135,168,17.3,32,822
ABalaapaaa,147,133,165,17.1,34,286
ABalaapaaa,148,128,173,17.0,32,-767
ABalaapaaa,149,131,167,16.0,34,-183
ABalaapaaa,150,125,176,17.2,34,-403
ABalaapaaa,151,125,180,17.3,34,1039
ABalaapaaa,152,130,179,18.1,34,-669
ABalaapaaa,153,133,185,18.1,31,532
ABalaapaaa,154,135,181,18.1,32,-87
ABalaapaaa,155,132,182,18.2,31,-563
ABalaapaaa,156,137,184,19.0,34,546
ABalaapaaa,157,131,187,19.1,31,-159
ABalaapaaa,158,129,196,19.2,34,242
ABalaapaaa,159,124,194,19.1,31,-309
ABalaapaaa,160,127,188,18.2,34,-974
ABalaapaap,128,143,138,16.0,30,565
ABalaapaap,129,142,142,16.2,34,542
ABalaapaap,130,139,143,16.2,34,159
ABalaapaap,131,136,140,17.1,26,83
ABalaapaap,132,135,145,16.2,34,-58
ABalaapaap,133,136,147,16.2,34,1110
ABalaapaap,134,139,142,16.2,26,192
ABalaapaap,135,145,149,17.1,34,225
ABalaapaap,136,147,147,17.1,32,-398
ABalaapaap,137,149,147,17.2,34,-390
ABalaapaap,138,158,149,18.1,34,-459
ABalaapaap,139,163,151,19.1,34,-458
ABalaapaap,140,164,152,19.1,34,-258
ABalaapaap,141,167,151,19.1,34,11
ABalaapaap,142,165,151,18.1,34,-340
ABalaapaap,143,161,155,18.3,34,-619
ABalaapaap,144,166,159,18.2,34,-737
ABalaapaap,145,163,157,18.1,34,76
ABalaapaap,146,170,159,18.6,34,549
ABalaapaap,147,167,160,18.7,33,297
ABalaapaap,148,163,162,18.8,32,-597
ABalaapaap,149,160,164,18.9,31,274
ABalaapaap,150,156,166,19.0,30,-96
ABalaapaap,151,158,166,19.2,30,-894
ABalaapaap,152,160,165,19.4,30,-464
ABalaapaap,153,162,164,19.6,30,-842
ABalaapaap,154,164,163,19.8,30,-226
ABalaapaap,155,167,162,20.0,30,-150
ABalaapaap,156,165,162,20.1,30,707
ABalaapaap,157,163,163,20.3,31,225
ABalaapaap,158,161,163,20.4,32,-349
ABalaapaap,159,159,164,20.6,33,-586
ABalaapaap,160,157,165,20.7,34,376
ABalaapap,93,148,193,13.2,31,-704
ABalaapap,94,152,174,12.9,35,-220
ABalaapap,95,153,175,12.0,35,-940
ABalaapap,96,147,165,12.9,36,-1078
ABalaapap,97,145,165,12.8,36,487
ABalaapap,98,144,162,12.3,38,-1425
ABalaapap,99,141,163,12.1,38,-1210
ABalaapap,100,132,167,12.9,36,-935
ABalaapap,101,132,163,12.8,36,-1218
ABalaapap,102,130,157,13.0,36,-46
ABalaapap,103,129,154,13.1,36,898
ABalaapap,104,129,158,13.1,36,-1107
ABalaapap,105,125,162,13.2,36,-592
ABalaapap,106,131,160,13.0,36,-521
ABalaapap,107,127,156,12.2,36,-6
ABalaapap,108,142,150,13.0,36,-555
ABalaapap,109,137,152,14.0,36,-860
ABalaapap,110,144,142,13.0,36,-325
ABalaapap,111,146,139,12.1,36,-655
ABalaapap,112,138,142,12.1,36,-270
ABalaapap,113,136,140,12.1,38,-428
ABalaapap,114,135,144,12.1,36,730
ABalaapap,115,140,138,12.0,39,194
ABalaapap,116,132,136,12.0,26,-43
ABalaapap,117,135,138,11.2,26,256
ABalaapap,118,136,136,12.0,37,-138
ABalaapap,119,125,138,12.1,36,-685
ABalaapap,120,127,141,13.0,35,-845
ABalaapap,121,122,141,12.2,34,-541
ABalaapap,122,122,142,12.1,34,-856
ABalaapap,123,136,132,11.3,34,6
ABalaapap,124,142,130,11.3,34,-501
ABalaapap,125,151,133,11.2,34,-199
ABalaapapa,126,143,135,12.0,30,-867
ABalaapapa,127,144,132,14.9,30,-759
ABalaapapa,128,167,126,15.1,30,-1134
ABalaapapa,129,161,128,15.2,30,644
ABalaapapa,130,164,127,16.0,30,100
ABalaapapa,131,153,127,16.0,30,543
ABalaapapa,132,155,129,16.1,32,1244
ABalaapapa,133,159,130,16.2,34,-869
ABalaapapa,134,163,129,17.0,30,-82
ABalaapapa,135,170,131,18.0,26,-205
ABalaapapa,136,177,132,18.0,30,118
ABalaapapa,137,185,132,18.2,30,-683
ABalaapapa,138,196,128,18.0,30,-411
ABalaapapa,139,202,134,17.4,32,-71
ABalaapapa,140,203,141,18.2,32,-443
ABalaapapa,141,207,138,18.3,32,-296
ABalaapapa,142,203,143,18.3,26,-989
ABalaapapa,143,198,137,18.0,30,856
ABalaapapa,144,201,138,18.1,30,128
ABalaapapa,145,208,142,18.9,30,991
ABalaapapa,146,211,136,18.1,30,1028
ABalaapapa,147,217,131,18.0,30,-574
ABalaapapa,148,214,135,18.0,30,480
ABalaapapa,149,217,136,18.1,26,-937
ABalaapapa,150,217,136,18.1,26,961
ABalaapapa,151,212,136,18.1,26,-137
ABalaapapa,152,201,137,18.1,34,-1029
ABalaapapa,153,219,134,18.1,26,457
ABalaapapa,154,222,128,19.1,28,978
ABalaapapa,155,225,122,20.0,31,659
ABalaapapa,156,215,128,19.2,34,969
ABalaapapa,157,224,121,19.1,31,1717
ABalaapapa,158,224,125,20.0,26,856
ABalaapapa,159,225,125,19.4,31,-586
ABalaapapa,160,233,119,19.0,26,-130
ABalaapapp,126,167,130,10.9,30,-493
ABalaapapp,127,172,127,11.1,30,-812
ABalaapapp,128,172,130,10.4,34,-409
ABalaapapp,129,170,127,12.0,32,192
ABalaapapp,130,176,123,12.2,34,61
ABalaapapp,131,170,127,13.0,32,-115
ABalaapapp,132,169,128,13.2,34,481
ABalaapapp,133,174,125,13.4,34,-165
ABalaapapp,134,178,122,14.1,34,377
ABalaapapp,135,174,127,16.0,34,-385
ABalaapapp,136,174,127,16.0,34,1125
ABalaapapp,137,179,124,15.1,34,12
ABalaapapp,138,187,123,16.0,34,-157
ABalaapapp,139,183,122,15.1,34,755
ABalaapapp,140,185,126,15.2,34,21
ABalaapapp,141,186,125,16.2,34,-202
ABalaapapp,142,191,129,16.3,34,-304
ABalaapapp,143,191,131,16.3,33,-612
ABalaapapp,144,192,133,16.3,31,-1348
ABalaapapp,145,193,135,16.2,30,-1261
ABalaapapp,146,194,137,16.2,28,-950
ABalaapapp,147,195,140,16.2,26,-1414
ABalaapapp,148,197,138,16.2,26,-1681
ABalaapapp,149,197,144,16.2,34,-834
ABalaapapp,150,184,141,17.0,26,-166
ABalaapapp,151,189,141,18.1,34,-490
ABalaapapp,152,189,141,18.1,34,-884
ABalaapapp,153,199,143,18.2,31,464
ABalaapapp,154,206,134,19.1,34,-254
ABalaapapp,155,198,137,19.1,31,494
ABalaapapp,156,194,144,19.0,34,-420
ABalaapapp,157,194,138,18.2,31,-1212
ABalaapapp,158,203,138,19.2,34,722
ABalaapapp,159,192,133,19.0,31,-973
ABalaapapp,160,204,127,19.0,34,-562
ABalaapp,67,168,296,14.9,39,-206
ABalaapp,68,176,292,14.1,41,-1215
ABalaapp,69,193,290,14.0,45,-778
ABalaapp,70,200,281,13.9,44,-729
ABalaapp,71,204,275,13.0,44,-709
ABalaapp,72,205,274,14.0,44,-993
ABalaapp,73,207,269,14.1,44,-756
ABalaapp,74,212,264,14.2,46,-288
ABalaapp,75,209,251,14.9,44,-783
ABalaapp,76,209,249,14.9,44,-381
ABalaapp,77,206,240,14.1,44,-877
ABalaapp,78,210,229,14.0,44,-928
ABalaapp,79,207,219,13.1,46,-602
ABalaapp,80,205,196,12.2,46,-766
ABalaapp,81,203,178,12.0,44,-1939
ABalaapp,82,194,166,11.3,46,-978
ABalaapp,83,195,162,11.9,44,-889
ABalaapp,84,202,159,10.9,44,-1081
ABalaapp,85,202,154,9.9,43,-1750
ABalaapp,86,201,153,9.2,44,-751
ABalaapp,87,195,158,10.2,42,-954
ABalaapp,88,177,165,10.9,37,-1312
ABalaapp,89,173,165,9.1,35,-505
ABalaappa,90,138,160,10.2,30,-555
ABalaappa,91,144,144,10.0,33,-833
ABalaappa,92,150,139,10.0,35,55
ABalaappa,93,140,147,9.9,35,519
ABalaappa,94,141,144,10.0,35,-652
ABalaappa,95,142,151,8.0,35,-450
ABalaappa,96,146,155,7.9,36,-58
ABalaappa,97,164,153,7.8,36,-729
ABalaappa,98,166,157,7.9,36,151
ABalaappa,99,161,153,8.1,36,-119
ABalaappa,100,155,157,8.9,36,-890
ABalaappa,101,159,162,8.9,36,-1098
ABalaappa,102,154,160,9.9,36,-1540
ABalaappa,103,158,157,9.2,36,-1362
ABalaappa,104,151,160,9.1,36,-1299
ABalaappa,105,145,168,9.1,36,-1105
ABalaappa,106,154,168,9.1,36,-524
ABalaappa,107,150,169,9.0,36,-1057
ABalaappa,108,152,169,8.9,36,-1215
ABalaappa,109,150,163,9.0,36,-1377
ABalaappa,110,150,154,9.0,36,-1337
ABalaappa,111,157,148,8.9,36,-1700
ABalaappa,112,154,150,8.9,36,-411
ABalaappa,113,147,145,8.9,36,-1122
ABalaappa,114,141,149,9.1,36,-201
ABalaappa,115,143,151,9.3,39,-307
ABalaappa,116,145,157,10.0,39,-664
ABalaappa,117,146,157,10.2,38,-549
ABalaappa,118,147,156,10.2,37,-626
ABalaappa,119,141,163,10.1,36,-921
ABalaappa,120,143,165,10.1,35,-460
ABalaappa,121,138,166,10.2,34,-945
ABalaappa,122,135,168,9.3,32,-1032
ABalaappa,123,132,167,9.0,30,403
ABalaappaa,124,121,155,9.1,30,-44
ABalaappaa,125,122,150,9.0,24,1606
ABalaappaa,126,129,141,9.0,28,231
ABalaappaa,127,135,140,10.9,30,-1505
ABalaappaa,128,140,137,12.0,30,-799
ABalaappaa,129,133,138,13.1,30,1001
ABalaappaa,130,139,139,13.1,30,198
ABalaappaa,131,134,140,13.0,30,710
ABalaappaa,132,131,141,12.9,30,-282
ABalaappaa,133,134,128,13.1,30,-446
ABalaappaa,134,133,136,13.1,30,1348
ABalaappaa,135,139,146,13.2,30,-1224
ABalaappaa,136,146,143,13.8,30,-140
ABalaappaa,137,152,147,14.0,30,-504
ABalaappaa,138,158,147,14.0,30,115
ABalaappaa,139,158,153,14.0,30,-510
ABalaappaa,140,163,159,14.0,34,-318
ABalaappaa,141,170,156,14.0,32,-612
ABalaappaa,142,171,153,14.1,32,-1539
ABalaappaa,143,167,157,14.0,32,-905
ABalaappaa,144,164,160,14.1,32,252
ABalaappaa,145,171,161,14.1,30,15
ABalaappaa,146,171,164,14.2,30,-703
ABalaappaa,147,168,156,15.0,30,317
ABalaappaa,148,169,155,15.0,34,15
ABalaappaa,149,168,161,15.9,30,-1265
ABalaappaa,150,169,169,15.1,34,799
ABalaappaa,151,169,169,16.0,32,-568
ABalaappaa,152,165,166,16.0,34,-194
ABalaappaa,153,170,168,17.0,31,-887
ABalaappaa,154,172,164,16.2,34,368
ABalaappaa,155,173,167,17.1,31,1058
ABalaappaa,156,170,169,17.2,34,778
ABalaappaa,157,171,169,18.0,31,-435
ABalaappaa,158,175,170,17.2,34,805
ABalaappaa,159,166,167,17.4,31,1291
ABalaappaa,160,171,167,17.2,34,913
ABalaappap,124,155,167,7.3,30,-778
ABalaappap,125,159,170,8.0,30,-420
ABalaappap,126,164,172,7.8,30,-1483
ABalaappap,127,164,171,8.1,30,-2271
ABalaappap,128,162,167,8.3,34,-298
ABalaappap,129,156,162,9.3,32,-1384
ABalaappap,130,162,160,10.1,32,-101
ABalaappap,131,155,160,10.2,32,-923
ABalaappap,132,158,161,10.2,32,-419
ABalaappap,133,162,158,11.0,34,-836
ABalaappap,134,164,157,11.2,34,-801
ABalaappap,135,168,156,11.2,34,-206
ABalaappap,136,171,158,11.3,32,-485
ABalaappap,137,178,162,12.1,34,-427
ABalaappap,138,182,162,12.2,34,-850
ABalaappap,139,177,163,12.1,34,-726
ABalaappap,140,177,163,12.1,34,-653
ABalaappap,141,177,163,12.1,33,-1636
ABalaappap,142,177,162,12.0,32,-97
ABalaappap,143,177,162,12.0,31,-512
ABalaappap,144,178,161,12.0,30,82
ABalaappap,145,178,161,12.2,30,-28
ABalaappap,146,179,161,12.4,30,-538
ABalaappap,147,179,161,12.6,30,-753
ABalaappap,148,180,161,12.8,30,-1073
ABalaappap,149,181,162,13.0,30,-289
ABalaappap,150,180,161,13.2,30,464
ABalaappap,151,179,160,13.4,30,-31
ABalaappap,152,178,159,13.6,30,-709
ABalaappap,153,177,158,13.8,30,-952
ABalaappap,154,176,156,14.0,30,-913
ABalaappap,155,173,154,14.2,30,-659
ABalaappap,156,169,151,14.4,30,309
ABalaappap,157,165,148,14.6,30,56
ABalaappap,158,161,145,14.8,30,480
ABalaappap,159,157,142,15.0,30,-1356
ABalaappap,160,165,145,16.0,30,-289
ABalaappp,90,190,172,9.1,32,221
ABalaappp,91,192,175,9.0,35,-440
ABalaappp,92,189,180,8.1,37,-1060
ABalaappp,93,183,177,8.2,39,-900
ABalaappp,94,185,175,8.3,37,-1088
ABalaappp,95,179,176,8.3,37,-1356
ABalaappp,96,175,185,8.3,38,-998
ABalaappp,97,172,195,9.1,40,-1750
ABalaappp,98,170,196,9.2,40,-1475
ABalaappp,99,164,191,8.1,36,372
ABalaappp,100,163,190,7.9,36,-1575
ABalaappp,101,157,195,7.2,38,-675
ABalaappp,102,158,192,7.3,40,-1503
ABalaappp,103,159,183,7.0,38,-673
ABalaappp,104,150,183,6.8,36,-232
ABalaappp,105,144,180,7.0,26,-1400
ABalaappp,106,151,176,5.4,40,-2214
ABalaappp,107,158,175,5.3,40,-3473
ABalaappp,108,158,172,5.3,40,-3136
ABalaappp,109,159,169,5.3,40,-1825
ABalaappp,110,159,165,5.2,40,-1954
ABalaappp,111,160,162,5.2,40,-2981
ABalaappp,112,161,158,5.2,40,-2467
ABalaappp,113,155,158,5.1,38,-2803
ABalaappp,114,151,161,5.2,38,-3377
ABalaappp,115,144,160,5.3,37,-1833
ABalaappp,116,143,162,6.0,37,-2401
ABalaappp,117,144,168,6.1,38,-3444
ABalaappp,118,147,169,7.0,33,504
ABalaapppa,119,133,181,6.8,32,-1102
ABalaapppa,120,122,171,6.2,26,-2667
ABalaapppa,121,117,176,6.8,30,-1018
ABalaapppa,122,117,187,5.3,32,-1923
ABalaapppa,123,113,186,5.3,32,-1981
ABalaapppa,124,116,177,5.4,32,-3138
ABalaapppa,125,120,172,5.1,32,-3343
ABalaapppa,126,118,173,5.5,32,-2084
ABalaapppa,127,125,164,6.1,32,-2207
ABalaapppa,128,125,162,6.9,30,-86
ABalaapppa,129,122,164,8.0,30,-298
ABalaapppa,130,127,161,8.1,26,10
ABalaapppa,131,118,163,8.9,30,-1345
ABalaapppa,132,124,162,8.2,32,-1202
ABalaapppa,133,124,152,8.8,30,-848
ABalaapppa,134,125,153,8.3,34,415
ABalaapppa,135,128,151,8.4,32,-503
ABalaapppa,136,129,154,9.0,32,-1
ABalaapppa,137,138,148,9.1,30,-1002
ABalaapppa,138,141,156,9.4,32,-518
ABalaapppa,139,136,156,10.1,34,-669
ABalaapppa,140,144,156,10.3,34,-374
ABalaapppa,141,150,153,10.2,34,886
ABalaapppa,142,147,152,10.4,34,750
ABalaapppa,143,145,155,11.1,34,349
ABalaapppa,144,150,162,11.1,34,-715
ABalaapppa,145,148,162,11.2,32,-307
ABalaapppa,146,155,166,11.2,34,323
ABalaapppa,147,158,168,11.2,34,-189
ABalaapppa,148,153,170,11.3,32,-977
ABalaapppa,149,156,170,11.3,32,-257
ABalaapppa,150,153,173,12.0,34,-587
ABalaapppa,151,151,171,12.3,34,-463
ABalaapppa,152,150,168,12.3,34,-166
ABalaapppa,153,155,173,13.1,31,-816
ABalaapppa,154,154,169,13.3,34,-1014
ABalaapppa,155,158,171,14.1,31,-573
ABalaapppa,156,161,172,14.0,34,-734
ABalaapppa,157,161,172,14.0,34,-214
ABalaapppa,158,173,169,13.4,34,201
ABalaapppa,159,168,167,13.5,31,-735
ABalaapppa,160,166,163,13.2,34,-52
ABalaapppp,119,162,176,6.0,28,-1509
ABalaapppp,120,172,182,5.9,31,-655
ABalaapppp,121,169,178,6.9,30,259
ABalaapppp,122,170,179,5.3,32,-2945
ABalaapppp,123,168,179,5.3,32,-3311
ABalaapppp,124,166,174,4.4,34,-1322
ABalaapppp,125,163,177,4.1,34,177
ABalaapppp,126,163,177,4.1,34,389
ABalaapppp,127,160,177,5.2,34,-2441
ABalaapppp,128,155,179,5.1,34,-2830
ABalaapppp,129,152,174,5.3,34,-4188
ABalaapppp,130,157,171,6.3,34,-2394
ABalaapppp,131,151,172,8.0,34,-271
ABalaapppp,132,158,164,6.4,32,-1069
ABalaapppp,133,159,164,7.0,32,597
ABalaapppp,134,161,164,7.6,33,-1298
ABalaapppp,135,163,163,8.2,34,-939
ABalaapppp,136,163,163,8.2,34,-1062
ABalaapppp,137,167,161,8.2,34,144
ABalaapppp,138,168,154,8.2,34,24
ABalaapppp,139,162,156,8.0,34,-2339
ABalaapppp,140,162,154,8.2,34,-1139
ABalaapppp,141,162,154,8.2,34,-482
ABalaapppp,142,171,150,8.3,34,-152
ABalaapppp,143,172,155,8.3,34,1156
ABalaapppp,144,171,152,9.1,34,-79
ABalaapppp,145,168,147,9.1,34,-558
ABalaapppp,146,171,152,8.3,34,3499
ABalaapppp,147,177,154,9.3,34,-1471
ABalaapppp,148,176,155,9.5,34,-1230
ABalaapppp,149,175,156,9.7,34,-2304
ABalaapppp,150,174,158,9.8,34,-643
ABalaapppp,151,173,159,10.0,34,-970
ABalaapppp,152,172,161,10.2,34,-1755
ABalaapppp,153,173,161,10.2,26,-1187
ABalaapppp,154,166,157,11.0,34,-190
ABalaapppp,155,166,154,11.1,31,-929
ABalaapppp,156,167,160,11.0,30,-723
ABalaappppa,157,150,165,12.0,31,-303
ABalaappppa,158,140,170,12.3,34,-158
ABalaappppa,159,133,172,13.1,31,-395
ABalaappppa,160,131,169,13.1,30,-642
ABalaappppp,157,177,151,10.0,30,237
ABalaappppp,158,176,147,10.0,30,504
ABalaappppp,159,175,146,11.0,26,-1826
ABalaappppp,160,175,139,11.0,34,237
ABalap,31,129,188,11.6,58,-1003
ABalap,32,131,188,11.1,56,-985
ABalap,33,127,189,11.0,56,-1305
ABalap,34,137,180,11.8,56,-2044
ABalap,35,142,174,12.0,58,-1885
ABalap,36,146,167,13.8,58,-1349
ABalap,37,150,162,12.8,58,-1408
ABalap,38,137,169,12.8,59,-1811
ABalap,39,136,172,12.8,59,-1745
ABalap,40,132,176,11.2,63,-1289
ABalap,41,126,179,11.0,61,-1773
ABalap,42,122,186,11.9,60,-1757
ABalap,43,123,185,12.0,62,-1466
ABalap,44,119,188,12.0,63,-1729
ABalap,45,125,183,12.8,62,-1527
ABalap,46,125,188,12.2,65,-1025
ABalapa,47,109,186,10.7,60,-290
ABalapa,48,101,200,9.2,49,-153
ABalapa,49,101,196,10.2,53,-917
ABalapa,50,96,198,9.1,53,-682
ABalapa,51,95,199,8.9,53,-1212
ABalapa,52,93,205,9.0,53,-338
ABalapa,53,89,203,10.0,53,-1293
ABalapa,54,96,205,8.9,53,-1000
ABalapa,55,98,202,8.9,53,-1402
ABalapa,56,106,200,8.9,52,-1169
ABalapa,57,118,182,9.0,51,-1875
ABalapa,58,122,196,9.2,52,-1568
ABalapa,59,118,194,9.4,55,-1572
ABalapa,60,127,176,10.2,54,-1423
ABalapa,61,131,169,10.0,51,-1746
ABalapa,62,138,163,10.1,51,-1353
ABalapa,63,137,159,11.1,50,-1237
ABalapa,64,137,160,11.1,47,-1697
ABalapa,65,120,176,10.1,45,-964
ABalapaa,66,96,186,9.0,34,-250
ABalapaa,67,99,171,9.9,39,-990
ABalapaa,68,102,175,8.9,41,-1737
ABalapaa,69,97,184,8.2,45,-344
ABalapaa,70,94,188,8.9,44,-403
ABalapaa,71,87,199,8.9,44,-354
ABalapaa,72,88,201,8.9,44,-474
ABalapaa,73,84,222,8.2,44,-823
ABalapaa,74,88,218,9.1,44,-922
ABalapaa,75,85,218,8.9,44,-1148
ABalapaa,76,93,203,9.1,44,-785
ABalapaa,77,94,203,9.0,44,-787
ABalapaa,78,95,205,8.0,44,-550
ABalapaa,79,99,194,7.9,44,-1408
ABalapaa,80,105,218,7.0,44,-1971
ABalapaa,81,116,218,7.0,44,-1952
ABalapaa,82,120,217,6.9,44,-1637
ABalapaa,83,128,224,6.9,44,-2672
ABalapaa,84,129,227,5.9,44,-1758
ABalapaa,85,134,229,5.1,43,-3307
ABalapaa,86,141,240,5.1,42,-1493
ABalapaa,87,135,251,6.0,40,-1565
ABalapaa,88,122,256,6.1,37,-1905
ABalapaaa,89,114,240,6.2,35,75
ABalapaaa,90,112,249,7.1,36,-736
ABalapaaa,91,106,245,7.9,35,-1488
ABalapaaa,92,95,256,8.0,26,-1092
ABalapaaa,93,95,264,7.0,26,-1711
ABalapaaa,94,91,268,6.5,37,-711
ABalapaaa,95,96,277,7.3,39,-392
ABalapaaa,96,98,278,7.3,38,-897
ABalapaaa,97,104,275,9.1,36,-858
ABalapaaa,98,107,276,8.4,38,-476
ABalapaaa,99,104,276,9.1,36,-1325
ABalapaaa,100,105,284,10.0,36,-1593
ABalapaaa,101,110,285,9.3,38,-1186
ABalapaaa,102,113,298,9.3,38,-626
ABalapaaa,103,110,292,9.9,36,-174
ABalapaaa,104,110,292,9.8,36,-325
ABalapaaa,105,115,294,10.0,38,-575
ABalapaaa,106,108,295,10.1,36,-985
ABalapaaa,107,106,300,10.1,36,-899
ABalapaaa,108,102,290,9.2,36,150
ABalapaaa,109,103,289,9.0,36,-1128
ABalapaaa,110,106,280,7.5,38,-82
ABalapaaa,111,99,278,7.9,36,-646
ABalapaaa,112,105,284,8.0,36,-972
ABalapaaa,113,102,282,7.8,36,-554
ABalapaaa,114,107,290,8.0,36,-681
ABalapaaa,115,104,282,7.2,37,-1434
ABalapaaa,116,104,289,7.1,37,-456
ABalapaaa,117,94,292,7.4,36,-828
ABalapaaa,118,94,290,7.4,37,-523
ABalapaaa,119,97,285,8.3,36,-526
ABalapaaa,120,94,295,8.9,31,-1121
ABalapaaaa,121,78,287,10.2,32,-150
ABalapaaaa,122,78,286,10.4,32,-86
ABalapaaaa,123,74,288,11.0,30,763
ABalapaaaa,124,71,282,9.8,30,-484
ABalapaaaa,125,75,292,9.2,32,131
ABalapaaaa,126,73,291,8.4,32,526
ABalapaaaa,127,79,292,8.9,30,-1122
ABalapaaaa,128,77,290,9.0,26,221
ABalapaaaa,129,83,293,10.0,30,-514
ABalapaaaa,130,85,297,10.1,26,-673
ABalapaaaa,131,84,293,10.0,32,-218
ABalapaaaa,132,82,290,10.0,26,1511
ABalapaaaa,133,89,288,9.1,26,125
ABalapaaaa,134,93,287,10.0,32,-520
ABalapaaaa,135,93,287,10.0,32,-66
ABalapaaaa,136,92,284,10.8,30,-219
ABalapaaaa,137,93,282,9.2,26,-472
ABalapaaaa,138,95,287,9.5,26,-761
ABalapaaaa,139,98,293,9.9,26,-1224
ABalapaaaa,140,101,299,10.2,26,-260
ABalapaaaa,141,101,299,10.2,26,-234
ABalapaaaa,142,100,302,10.3,32,-106
ABalapaaaa,143,104,309,10.1,32,-185
ABalapaaaa,144,108,317,10.4,32,165
ABalapaaaa,145,105,320,11.1,32,164
ABalapaaaa,146,108,324,11.1,32,861
ABalapaaaa,147,110,321,11.1,26,-697
ABalapaaaa,148,110,324,10.3,32,-547
ABalapaaaa,149,109,324,10.0,32,-303
ABalapaaaa,150,112,329,10.0,32,173
ABalapaaaa,151,112,333,11.0,32,-564
ABalapaaaa,152,109,332,11.0,32,-252
ABalapaaaa,153,112,334,11.0,31,-447
ABalapaaaa,154,114,337,11.0,34,501
ABalapaaaa,155,110,329,11.1,26,-1476
ABalapaaaa,156,106,328,11.1,30,629
ABalapaaaa,157,106,330,11.0,31,-849
ABalapaaaa,158,106,325,11.1,32,-136
ABalapaaaa,159,107,323,11.2,31,142
ABalapaaaa,160,108,318,11.9,30,-369
ABalapaaap,121,104,311,9.0,30,-338
ABalapaaap,122,104,320,7.8,30,-551
ABalapaaap,123,107,308,6.9,30,-55
ABalapaaap,124,109,297,7.0,30,-1075
ABalapaaap,125,115,295,6.1,34,58
ABalapaaap,126,113,300,7.0,34,-754
ABalapaaap,127,113,301,6.4,32,-2355
ABalapaaap,128,109,301,7.1,34,-1287
ABalapaaap,129,107,303,8.1,34,-1000
ABalapaaap,130,108,302,8.3,32,-562
ABalapaaap,131,111,307,8.2,32,-561
ABalapaaap,132,103,303,8.1,34,-65
ABalapaaap,133,112,306,8.3,32,-74
ABalapaaap,134,112,313,8.3,34,42
ABalapaaap,135,110,312,8.4,32,-80
ABalapaaap,136,113,307,9.0,32,-750
ABalapaaap,137,115,310,9.2,32,-86
ABalapaaap,138,116,315,9.3,34,-223
ABalapaaap,139,117,318,9.1,34,-448
ABalapaaap,140,117,324,9.2,32,-710
ABalapaaap,141,120,324,10.1,30,-945
ABalapaaap,142,123,329,10.2,32,10
ABalapaaap,143,123,342,10.0,34,91
ABalapaaap,144,126,344,9.2,34,-1144
ABalapaaap,145,123,340,9.3,34,-1191
ABalapaaap,146,126,341,9.3,34,-898
ABalapaaap,147,121,334,10.0,34,87
ABalapaaap,148,131,347,9.2,34,-466
ABalapaaap,149,128,352,8.3,34,-1657
ABalapaaap,150,138,362,8.3,34,677
ABalapaaap,151,135,358,8.2,34,211
ABalapaaap,152,141,359,8.2,34,514
ABalapaaap,153,136,357,8.1,31,-734
ABalapaaap,154,136,356,8.1,34,-818
ABalapaaap,155,137,353,8.1,31,1658
ABalapaaap,156,128,357,8.3,34,1206
ABalapaaap,157,121,358,8.3,31,-1495
ABalapaaap,158,123,354,8.1,34,960
ABalapaaap,159,122,349,8.2,31,-981
ABalapaaap,160,123,347,8.2,34,3028
ABalapaap,89,124,297,5.3,35,-1246
ABalapaap,90,125,303,5.1,36,-2291
ABalapaap,91,127,311,5.2,37,-2572
ABalapaap,92,120,319,5.3,37,-2512
ABalapaap,93,111,327,6.1,35,-1700
ABalapaap,94,106,323,6.3,37,-1463
ABalapaap,95,105,327,7.0,35,-1502
ABalapaap,96,107,325,6.9,36,-2213
ABalapaap,97,107,321,7.1,36,-219
ABalapaap,98,112,322,7.9,36,-964
ABalapaap,99,118,323,8.0,36,-1243
ABalapaap,100,123,335,8.3,38,-1527
ABalapaap,101,141,332,10.0,26,-210
ABalapaap,102,152,335,9.3,38,-1470
ABalapaap,103,150,331,9.9,36,-456
ABalapaap,104,146,330,9.3,40,-278
ABalapaap,105,150,329,10.1,36,-1141
ABalapaap,106,139,328,10.1,40,-370
ABalapaap,107,138,317,10.9,36,-1394
ABalapaap,108,132,317,10.9,36,-665
ABalapaap,109,126,316,10.1,38,-795
ABalapaap,110,126,313,9.2,38,-503
ABalapaap,111,119,311,10.0,36,-296
ABalapaap,112,122,315,9.4,38,-848
ABalapaap,113,127,318,9.2,38,-111
ABalapaap,114,131,319,10.1,38,-1356
ABalapaap,115,126,314,9.2,39,-437
ABalapaap,116,118,322,10.0,39,-1371
ABalapaap,117,112,326,9.2,38,-961
ABalapaap,118,110,327,10.1,37,-681
ABalapaapa,119,106,324,11.0,32,-852
ABalapaapa,120,91,325,11.0,31,959
ABalapaapa,121,91,336,12.0,30,321
ABalapaapa,122,88,323,11.1,32,-38
ABalapaapa,123,82,322,10.9,30,443
ABalapaapa,124,90,319,11.0,30,199
ABalapaapa,125,89,322,10.2,26,-1178
ABalapaapa,126,91,325,10.1,26,1
ABalapaapa,127,94,327,10.0,26,252
ABalapaapa,128,94,327,10.0,26,950
ABalapaapa,129,101,337,10.8,30,-990
ABalapaapa,130,97,339,11.0,30,-330
ABalapaapa,131,107,338,11.0,30,-961
ABalapaapa,132,106,338,10.9,30,-972
ABalapaapa,133,109,342,11.8,30,-835
ABalapaapa,134,109,347,11.9,30,-1065
ABalapaapa,135,112,346,11.0,30,114
ABalapaapa,136,115,340,12.0,30,402
ABalapaapa,137,114,341,11.9,30,-221
ABalapaapa,138,111,337,12.0,30,-878
ABalapaapa,139,113,344,11.4,32,-523
ABalapaapa,140,120,344,12.1,32,-531
ABalapaapa,141,118,342,13.1,30,-793
ABalapaapa,142,125,351,13.2,34,666
ABalapaapa,143,129,352,14.1,34,-153
ABalapaapa,144,136,355,14.3,34,-1069
ABalapaapa,145,137,360,14.2,34,-1322
ABalapaapa,146,136,364,14.0,34,-595
ABalapaapa,147,147,356,14.1,34,-80
ABalapaapa,148,151,355,14.2,34,-405
ABalapaapa,149,152,353,14.1,34,242
ABalapaapa,150,160,360,14.2,34,-778
ABalapaapa,151,164,357,14.2,34,-1293
ABalapaapa,152,155,354,14.1,26,-800
ABalapaapa,153,150,357,13.1,26,-1682
ABalapaapa,154,148,358,14.1,34,-975
ABalapaapa,155,149,359,14.1,31,-845
ABalapaapa,156,147,360,15.1,34,-398
ABalapaapa,157,147,363,15.1,31,-325
ABalapaapa,158,151,360,15.3,34,-1391
ABalapaapa,159,157,359,15.2,31,628
ABalapaapa,160,154,357,15.0,32,74
ABalapaapp,119,128,336,10.0,34,-931
ABalapaapp,120,135,344,8.9,31,-318
ABalapaapp,121,131,349,8.1,34,47
ABalapaapp,122,130,350,8.1,34,-819
ABalapaapp,123,124,350,8.1,34,-580
ABalapaapp,124,121,345,8.3,34,-747
ABalapaapp,125,125,341,9.0,34,-1400
ABalapaapp,126,125,344,8.2,34,-640
ABalapaapp,127,128,345,8.1,32,-807
ABalapaapp,128,130,344,9.1,32,-379
ABalapaapp,129,133,349,9.9,30,-1781
ABalapaapp,130,131,348,9.4,32,-1319
ABalapaapp,131,136,354,10.1,34,-131
ABalapaapp,132,135,355,9.2,34,-1807
ABalapaapp,133,135,358,9.2,34,-1217
ABalapaapp,134,142,359,10.1,34,1489
ABalapaapp,135,144,358,11.0,34,-301
ABalapaapp,136,145,358,11.2,34,330
ABalapaapp,137,141,358,11.1,34,-961
ABalapaapp,138,138,350,11.1,34,-552
ABalapaapp,139,141,356,11.0,34,-524
ABalapaapp,140,148,353,11.1,34,-1728
ABalapaapp,141,145,356,11.3,34,16
ABalapaapp,142,142,356,11.2,34,-265
ABalapaapp,143,137,362,11.3,34,-1401
ABalapaapp,144,147,363,12.1,26,-1610
ABalapaapp,145,147,364,11.6,28,92
ABalapaapp,146,147,366,11.0,30,-594
ABalapaapp,147,148,364,10.8,31,-494
ABalapaapp,148,149,361,10.6,32,876
ABalapaapp,149,150,358,10.4,34,-1290
ABalapaapp,150,145,363,11.1,26,-390
ABalapaapp,151,158,362,11.1,34,-139
ABalapaapp,152,149,357,11.1,34,-906
ABalapaapp,153,152,361,10.8,33,-286
ABalapaapp,154,150,365,10.6,32,-967
ABalapaapp,155,144,364,10.9,33,-1932
ABalapaapp,156,137,362,11.2,34,544
ABalapaapp,157,134,361,12.2,26,-294
ABalapaapp,158,141,363,13.1,34,-463
ABalapaappa,159,126,349,13.3,31,533
ABalapaappa,160,119,343,14.1,34,697
ABalapaappp,159,143,371,11.2,31,-1363
ABalapaappp,160,143,376,11.1,26,-344
ABalapap,66,153,178,11.1,34,-2015
ABalapap,67,166,167,11.1,39,-813
ABalapap,68,173,165,11.3,43,-547
ABalapap,69,174,169,11.2,45,-910
ABalapap,70,170,170,11.0,44,-1274
ABalapap,71,163,170,10.1,44,-1058
ABalapap,72,162,175,10.0,44,-1128
ABalapap,73,158,180,9.0,44,-1747
ABalapap,74,158,183,9.0,44,-1591
ABalapap,75,156,186,8.2,31,-1638
ABalapap,76,162,195,8.0,44,-1616
ABalapap,77,163,191,8.1,46,-1199
ABalapap,78,164,196,7.1,46,-1577
ABalapap,79,158,203,7.0,31,-1866
ABalapap,80,163,218,7.0,44,-1919
ABalapap,81,173,229,6.9,44,-2764
ABalapap,82,179,234,6.9,44,-1860
ABalapap,83,185,233,6.8,44,-2197
ABalapap,84,197,242,7.9,44,-732
ABalapap,85,200,246,8.1,45,-1052
ABalapap,86,197,255,8.2,34,-1103
ABalapapa,87,169,249,8.2,32,43
ABalapapa,88,157,260,8.3,33,-379
ABalapapa,89,153,260,8.1,37,-879
ABalapapa,90,148,271,8.0,36,-1793
ABalapapa,91,146,277,8.8,35,-800
ABalapapa,92,145,275,7.9,35,-232
ABalapapa,93,143,279,7.3,37,-1769
ABalapapa,94,141,284,7.2,37,-879
ABalapapa,95,143,296,7.2,39,-1274
ABalapapa,96,139,291,7.0,36,-930
ABalapapa,97,137,294,7.0,36,-495
ABalapapa,98,141,293,6.9,36,-2083
ABalapapa,99,141,293,6.9,36,-1021
ABalapapa,100,137,295,6.1,36,-2277
ABalapapa,101,140,295,6.1,36,-2323
ABalapapa,102,143,303,7.0,36,-1309
ABalapapa,103,147,296,7.0,36,-1094
ABalapapa,104,146,299,6.9,36,-918
ABalapapa,105,145,299,6.9,36,-1466
ABalapapa,106,146,302,6.9,36,-2315
ABalapapa,107,151,302,7.0,36,-1025
ABalapapa,108,149,294,6.9,36,-1891
ABalapapa,109,143,287,6.2,36,-459
ABalapapa,110,152,288,6.2,36,-1730
ABalapapa,111,143,286,6.0,36,-2226
ABalapapa,112,140,287,6.0,36,-2016
ABalapapa,113,139,290,6.0,36,-2116
ABalapapa,114,138,293,6.1,36,-2084
ABalapapa,115,145,284,5.5,37,-1557
ABalapapa,116,145,289,6.2,37,-1827
ABalapapa,117,136,285,6.9,34,-1860
ABalapapa,118,135,292,6.3,35,-1147
ABalapapa,119,133,284,6.3,36,-1024
ABalapapa,120,134,280,6.3,35,-102
ABalapapa,121,133,287,6.3,34,-418
ABalapapa,122,138,291,6.3,34,-2107
ABalapapaa,123,122,275,7.9,30,-1108
ABalapapaa,124,125,267,7.1,30,-689
ABalapapaa,125,119,266,6.9,30,-702
ABalapapaa,126,117,270,6.8,30,-825
ABalapapaa,127,117,266,5.7,30,-2379
ABalapapaa,128,115,269,5.6,30,-2285
ABalapapaa,129,111,270,5.6,30,-255
ABalapapaa,130,112,276,5.8,30,-272
ABalapapaa,131,115,277,5.8,30,-2510
ABalapapaa,132,113,275,5.9,30,-1683
ABalapapaa,133,117,278,5.9,30,-325
ABalapapaa,134,116,274,6.0,30,-1301
ABalapapaa,135,117,273,5.9,30,-483
ABalapapaa,136,119,266,5.9,30,-2303
ABalapapaa,137,126,266,6.7,30,-826
ABalapapaa,138,125,270,6.7,30,-634
ABalapapaa,139,124,267,6.7,30,1036
ABalapapaa,140,127,281,6.1,30,1178
ABalapapaa,141,126,293,6.1,32,-334
ABalapapaa,142,127,290,6.9,30,-467
ABalapapaa,143,128,294,6.3,30,-1561
ABalapapaa,144,130,298,5.6,30,-1075
ABalapapaa,145,132,303,5.0,30,131
ABalapapaa,146,141,304,5.2,30,-785
ABalapapaa,147,143,303,5.2,30,-392
ABalapapaa,148,146,302,5.2,30,802
ABalapapaa,149,141,293,6.2,28,-1020
ABalapapaa,150,138,297,5.0,32,-364
ABalapapaa,151,137,291,5.6,30,-448
ABalapapaa,152,138,292,5.4,30,67
ABalapapaa,153,140,293,5.2,31,-229
ABalapapaa,154,136,292,5.3,34,713
ABalapapaa,155,143,294,5.3,31,-455
ABalapapaa,156,137,300,5.1,34,185
ABalapapaa,157,136,295,5.2,31,-188
ABalapapaa,158,137,293,5.2,32,328
ABalapapaa,159,139,297,5.7,31,389
ABalapapaa,160,135,296,5.6,34,360
ABalapapap,123,149,316,6.9,30,-1171
ABalapapap,124,156,315,6.9,30,-1012
ABalapapap,125,163,315,7.0,30,-1380
ABalapapap,126,159,315,6.4,34,-917
ABalapapap,127,154,313,6.1,34,-1350
ABalapapap,128,154,313,6.1,34,-1795
ABalapapap,129,140,309,6.1,32,-549
ABalapapap,130,143,307,6.1,32,-1408
ABalapapap,131,146,308,6.2,34,-1083
ABalapapap,132,143,307,6.1,34,-1346
ABalapapap,133,148,306,6.1,34,-653
ABalapapap,134,143,305,6.1,34,-1709
ABalapapap,135,142,306,6.2,34,-597
ABalapapap,136,143,307,6.1,34,-1133
ABalapapap,137,148,300,5.5,32,-1497
ABalapapap,138,145,301,5.3,34,-1047
ABalapapap,139,139,295,5.3,34,-1419
ABalapapap,140,143,294,5.2,26,-1122
ABalapapap,141,142,295,5.2,26,-1427
ABalapapap,142,140,296,5.2,27,-596
ABalapapap,143,148,295,5.3,28,-1973
ABalapapap,144,148,298,3.3,29,240
ABalapapap,145,145,294,3.3,30,873
ABalapapap,146,148,294,3.2,30,1342
ABalapapap,147,151,294,3.1,30,-329
ABalapapap,148,154,293,3.0,30,1267
ABalapapap,149,150,292,3.3,30,1398
ABalapapap,150,146,291,3.7,30,-115
ABalapapap,151,142,289,4.0,30,-115
ABalapapap,152,147,286,4.3,34,71
ABalapapap,153,147,287,4.2,34,54
ABalapapap,154,147,288,4.2,33,2050
ABalapapap,155,148,289,4.1,32,-1222
ABalapapap,156,148,290,4.1,31,96
ABalapapap,157,149,291,4.0,30,-190
ABalapapap,158,150,288,4.0,30,758
ABalapapap,159,151,285,4.0,30,-1068
ABalapapap,160,152,282,4.0,30,1157
ABalapapp,87,199,265,8.1,30,-417
ABalapapp,88,214,282,8.2,33,-1228
ABalapapp,89,213,285,9.0,37,90
ABalapapp,90,217,290,8.1,36,-641
ABalapapp,91,211,297,8.4,39,-874
ABalapapp,92,205,301,8.1,37,-140
ABalapapp,93,203,308,7.1,39,-1789
ABalapapp,94,204,310,7.1,35,-1519
ABalapapp,95,206,313,7.1,37,-1051
ABalapapp,96,200,308,7.2,36,-339
ABalapapp,97,199,316,7.1,36,-193
ABalapapp,98,203,315,7.1,36,-1366
ABalapapp,99,208,306,7.1,36,-1046
ABalapapp,100,208,308,7.3,38,-727
ABalapapp,101,210,300,7.2,36,-1149
ABalapapp,102,206,304,8.0,36,-2382
ABalapapp,103,209,310,8.1,38,-895
ABalapapp,104,212,314,8.0,38,-198
ABalapapp,105,216,319,7.9,36,-1161
ABalapapp,106,219,320,8.2,38,-1712
ABalapapp,107,219,322,8.1,38,-1332
ABalapapp,108,219,323,8.9,36,-1706
ABalapapp,109,217,325,8.1,38,-628
ABalapapp,110,220,324,8.1,38,-692
ABalapapp,111,216,325,8.1,38,-913
ABalapapp,112,215,321,8.0,36,-1803
ABalapapp,113,215,319,8.0,38,-1994
ABalapapp,114,214,319,8.1,38,-1010
ABalapapp,115,215,320,8.0,33,-1125
ABalapappa,116,196,329,8.1,33,-843
ABalapappa,117,177,326,9.0,34,242
ABalapappa,118,174,325,9.1,33,-809
ABalapappa,119,175,327,9.9,32,666
ABalapappa,120,178,327,9.1,35,-1503
ABalapappa,121,177,330,9.2,34,-728
ABalapappa,122,176,328,9.2,34,-686
ABalapappa,123,179,331,9.0,32,-648
ABalapappa,124,174,328,9.3,34,293
ABalapappa,125,171,329,9.2,34,-2207
ABalapappa,126,176,333,9.2,34,-456
ABalapappa,127,178,335,9.1,34,-476
ABalapappa,128,174,340,9.1,34,-769
ABalapappa,129,171,337,9.0,34,-1519
ABalapappa,130,166,335,9.3,34,-1980
ABalapappa,131,167,335,9.3,34,444
ABalapappa,132,166,336,8.4,34,-1415
ABalapappa,133,168,341,9.0,34,-714
ABalapappa,134,165,342,9.1,34,-253
ABalapappa,135,160,346,8.3,32,-477
ABalapappa,136,154,343,8.3,34,-503
ABalapappa,137,153,339,9.0,34,-961
ABalapappa,138,154,335,8.3,34,-1295
ABalapappa,139,153,337,8.2,34,102
ABalapappa,140,153,339,8.2,34,-700
ABalapappa,141,154,338,8.1,34,-1818
ABalapappa,142,155,332,8.1,34,-2076
ABalapappa,143,153,339,8.4,34,-1233
ABalapappa,144,155,341,8.2,34,-145
ABalapappa,145,153,341,8.1,34,-1556
ABalapappa,146,160,340,7.2,34,-322
ABalapappa,147,155,336,7.1,34,-1547
ABalapappa,148,156,329,7.3,34,-1999
ABalapappa,149,154,324,7.2,32,-1100
ABalapappa,150,154,328,8.0,30,-2544
ABalapappaa,151,129,321,8.8,30,-987
ABalapappaa,152,129,321,8.8,30,1037
ABalapappaa,153,120,326,7.2,26,-919
ABalapappaa,154,126,326,9.1,26,-341
ABalapappaa,155,128,322,9.1,26,-2132
ABalapappaa,156,121,323,9.0,26,-2213
ABalapappaa,157,122,323,8.3,31,-1143
ABalapappaa,158,125,321,9.0,30,-503
ABalapappaa,159,125,318,8.4,31,-480
ABalapappaa,160,121,313,8.1,30,-600
ABalapappap,151,178,337,7.0,30,-1390
ABalapappap,152,178,332,6.9,30,-445
ABalapappap,153,178,337,7.1,29,-2019
ABalapappap,154,174,336,6.2,32,-2604
ABalapappap,155,166,337,6.5,31,-159
ABalapappap,156,164,345,7.2,30,-2600
ABalapappap,157,160,343,7.1,29,-2627
ABalapappap,158,157,344,7.0,30,-1061
ABalapappap,159,159,346,7.5,26,-2336
ABalapappap,160,154,336,9.0,26,825
ABalapappp,116,228,326,8.2,33,-1031
ABalapappp,117,236,332,8.2,30,-192
ABalapappp,118,235,334,8.9,33,-804
ABalapappp,119,235,338,8.0,32,-955
ABalapappp,120,241,341,8.0,35,-1479
ABalapappp,121,241,341,8.0,35,-1515
ABalapappp,122,225,345,7.0,30,-1474
ABalapappp,123,225,345,7.0,30,-913
ABalapappp,124,223,335,7.1,32,-448
ABalapappp,125,224,338,7.9,30,-893
ABalapappp,126,225,340,7.3,32,101
ABalapappp,127,226,338,7.9,30,-1908
ABalapappp,128,222,340,7.3,32,-1423
ABalapappp,129,221,336,8.0,30,-912
ABalapappp,130,220,339,8.9,30,-1497
ABalapappp,131,214,337,8.1,32,-878
ABalapappp,132,212,340,8.1,32,-1210
ABalapappp,133,216,338,8.0,30,-1848
ABalapappp,134,216,337,8.1,30,-315
ABalapappp,135,212,343,7.9,30,-2115
ABalapappp,136,210,343,7.9,30,-1237
ABalapappp,137,210,342,7.3,34,457
ABalapappp,138,208,341,7.2,30,-2500
ABalapappp,139,207,340,6.4,34,-2446
ABalapappp,140,206,342,6.9,30,-2187
ABalapappp,141,203,345,6.1,32,-2477
ABalapappp,142,204,343,5.4,34,-2501
ABalapappp,143,205,344,5.3,34,-2030
ABalapappp,144,200,346,5.4,34,-1745
ABalapappp,145,198,349,5.3,32,-1930
ABalapappp,146,202,350,4.6,34,-1878
ABalapappp,147,195,351,4.5,32,-2693
ABalapappp,148,196,352,4.3,32,-2739
ABalapappp,149,193,350,4.8,30,-2326
ABalapappp,150,194,349,4.2,32,-701
ABalapappp,151,193,348,4.0,32,-625
ABalapappp,152,190,345,3.5,32,-387
ABalapappp,153,186,347,4.0,31,-2265
ABalapappp,154,183,341,4.0,32,-2285
ABalapappp,155,181,346,4.1,31,-2275
ABalapappp,156,181,352,4.2,34,-4172
ABalapappp,157,178,350,3.5,31,-104
ABalapappp,158,182,352,4.9,30,-2787
ABalapapppa,159,161,345,5.1,31,-5156
ABalapapppa,160,153,331,6.0,26,-861
ABalapapppp,159,189,349,3.0,26,-1055
ABalapapppp,160,191,348,3.5,26,555
ABalapp,47,136,210,12.0,40,-113
ABalapp,48,161,231,12.1,49,-1006
ABalapp,49,162,239,12.1,53,-779
ABalapp,50,168,251,13.0,53,-447
ABalapp,51,170,245,13.2,53,-193
ABalapp,52,170,241,13.9,53,-694
ABalapp,53,168,234,13.2,53,-528
ABalapp,54,171,233,13.2,55,-528
ABalapp,55,172,224,13.1,53,-607
ABalapp,56,178,227,13.1,52,-876
ABalapp,57,181,223,13.0,55,-1232
ABalapp,58,176,231,13.1,54,-1456
ABalapp,59,178,222,13.1,57,-564
ABalapp,60,181,214,13.0,54,-1464
ABalapp,61,183,212,12.1,53,-829
ABalapp,62,194,206,12.9,51,-1122
ABalapp,63,206,207,12.1,50,-1725
ABalapp,64,211,209,12.0,49,-1099
ABalapp,65,206,217,12.0,35,-1715
ABalappa,66,178,216,13.1,34,209
ABalappa,67,166,223,13.1,35,-969
ABalappa,68,163,229,12.2,45,-600
ABalappa,69,155,229,13.0,43,-608
ABalappa,70,149,219,12.9,44,-1415
ABalappa,71,156,218,12.1,44,-1292
ABalappa,72,160,215,12.0,44,-1277
ABalappa,73,159,209,12.0,31,-599
ABalappa,74,173,209,11.1,44,-1248
ABalappa,75,173,209,11.1,44,-1215
ABalappa,76,177,212,11.0,44,-1302
ABalappa,77,183,211,11.1,44,-1083
ABalappa,78,185,208,10.2,46,-544
ABalappa,79,182,197,10.1,44,-999
ABalappa,80,184,200,9.3,46,-1406
ABalappa,81,189,203,9.2,46,-1364
ABalappa,82,192,190,8.9,44,-1109
ABalappa,83,188,182,8.0,46,-426
ABalappa,84,188,177,7.0,48,-1114
ABalappa,85,188,179,6.1,47,-2126
ABalappa,86,186,190,6.1,46,-2341
ABalappa,87,174,191,7.1,44,-1660
ABalappa,88,161,208,7.1,41,-1438
ABalappa,89,156,213,5.2,41,-2292
ABalappa,90,152,216,6.1,36,524
ABalappa,91,145,223,6.1,31,-1933
ABalappaa,92,106,241,6.9,35,-1323
ABalappaa,93,107,241,6.8,35,143
ABalappaa,94,108,239,7.2,35,-791
ABalappaa,95,103,244,7.2,37,-1200
ABalappaa,96,96,243,7.8,36,-600
ABalappaa,97,96,242,7.2,36,-824
ABalappaa,98,94,242,6.8,36,-61
ABalappaa,99,91,246,6.8,36,-962
ABalappaa,100,88,252,7.1,36,-165
ABalappaa,101,90,253,7.0,36,-1926
ABalappaa,102,95,264,8.9,36,-326
ABalappaa,103,96,262,8.1,36,-229
ABalappaa,104,104,255,7.8,36,-599
ABalappaa,105,108,260,8.0,36,-918
ABalappaa,106,106,259,8.1,36,-652
ABalappaa,107,108,259,8.8,36,531
ABalappaa,108,105,251,8.1,36,-274
ABalappaa,109,103,245,8.0,36,-482
ABalappaa,110,108,237,7.7,36,-128
ABalappaa,111,108,234,7.0,36,-1522
ABalappaa,112,113,238,7.2,38,-5
ABalappaa,113,109,240,7.1,36,-855
ABalappaa,114,111,238,7.1,36,-792
ABalappaa,115,111,239,6.4,37,-993
ABalappaa,116,103,245,6.4,37,-1265
ABalappaa,117,104,250,6.8,34,-864
ABalappaa,118,104,259,6.2,37,-1657
ABalappaa,119,105,255,7.1,34,-1421
ABalappaa,120,100,254,7.4,35,-556
ABalappaa,121,99,260,8.2,34,1136
ABalappaa,122,109,260,7.4,32,-632
ABalappaa,123,101,257,7.4,32,-722
ABalappaa,124,103,248,7.3,34,-52
ABalappaa,125,95,246,8.0,34,-1343
ABalappaa,126,82,250,8.1,34,-320
ABalappaa,127,88,254,7.9,30,275
ABalappaa,128,88,248,7.5,32,-1038
ABalappaaa,129,79,244,9.4,34,-1268
ABalappaaa,130,78,242,10.3,32,-186
ABalappaaa,131,77,251,10.2,32,-436
ABalappaaa,132,79,249,9.4,26,507
ABalappaaa,133,85,246,9.2,32,-530
ABalappaaa,134,82,245,9.0,32,-1027
ABalappaaa,135,85,244,9.1,32,-211
ABalappaaa,136,83,241,9.3,32,-55
ABalappaaa,137,86,233,9.1,34,-347
ABalappaaa,138,93,238,9.3,32,-1091
ABalappaaa,139,95,241,9.3,32,-204
ABalappaaa,140,89,235,9.3,32,-23
ABalappaaa,141,91,240,9.3,32,48
ABalappaaa,142,92,241,9.1,32,-482
ABalappaaa,143,98,245,8.0,26,-21
ABalappaaa,144,97,249,8.1,25,1639
ABalappaaa,145,95,254,8.1,24,3053
ABalappaaa,146,101,257,7.8,30,45
ABalappaaa,147,103,254,7.7,30,-682
ABalappaaa,148,103,256,7.1,30,1576
ABalappaaa,149,104,244,6.0,28,-1206
ABalappaaa,150,102,255,7.0,30,56
ABalappaaa,151,95,255,7.7,30,386
ABalappaaa,152,94,252,7.6,30,-755
ABalappaaa,153,95,253,7.9,29,1302
ABalappaaa,154,92,249,8.0,30,429
ABalappaaa,155,99,247,7.9,29,985
ABalappaaa,156,100,254,7.9,30,457
ABalappaaa,157,100,251,8.0,29,423
ABalappaaa,158,98,257,7.9,30,499
ABalappaaa,159,99,262,8.0,29,687
ABalappaaa,160,101,266,7.9,30,1215
ABalappaap,129,100,250,7.0,30,-604
ABalappaap,130,101,256,6.4,32,-1577
ABalappaap,131,98,254,6.1,26,-798
ABalappaap,132,97,253,6.0,26,-1841
ABalappaap,133,103,247,6.1,32,-1121
ABalappaap,134,103,252,6.4,34,-1293
ABalappaap,135,102,249,6.5,34,-926
ABalappaap,136,98,251,7.2,34,-299
ABalappaap,137,102,250,7.3,34,-1008
ABalappaap,138,101,258,8.0,30,-316
ABalappaap,139,101,255,8.0,26,-857
ABalappaap,140,100,262,8.2,30,-801
ABalappaap,141,102,268,8.2,30,91
ABalappaap,142,102,265,8.0,30,-132
ABalappaap,143,103,277,7.4,32,-759
ABalappaap,144,99,279,8.1,30,-559
ABalappaap,145,100,279,8.1,30,1059
ABalappaap,146,101,279,8.0,30,602
ABalappaap,147,103,280,8.0,30,-7
ABalappaap,148,102,275,7.5,30,-45
ABalappaap,149,100,270,6.9,30,-626
ABalappaap,150,101,276,7.0,26,931
ABalappaap,151,93,277,8.0,26,-833
ABalappaap,152,92,275,8.0,27,-381
ABalappaap,153,91,273,8.0,28,-500
ABalappaap,154,90,271,8.0,30,-373
ABalappaap,155,93,273,8.4,30,-113
ABalappaap,156,96,275,8.7,30,990
ABalappaap,157,99,277,9.1,31,-350
ABalappaap,158,94,275,9.1,32,647
ABalappaap,159,97,278,9.1,26,-620
ABalappaap,160,96,276,9.1,26,603
ABalappap,92,167,232,5.1,35,-2940
ABalappap,93,169,234,5.1,35,-1663
ABalappap,94,170,236,5.2,37,-1327
ABalappap,95,166,245,5.4,37,-2079
ABalappap,96,162,248,6.0,36,-3171
ABalappap,97,162,254,7.0,36,-2662
ABalappap,98,155,248,7.0,40,-1785
ABalappap,99,146,241,6.3,38,-523
ABalappap,100,145,240,7.0,40,-1375
ABalappap,101,145,238,7.1,40,-1111
ABalappap,102,137,242,6.5,38,-1012
ABalappap,103,137,237,6.4,38,-1465
ABalappap,104,141,234,7.4,38,-918
ABalappap,105,141,236,7.9,36,-809
ABalappap,106,136,240,7.1,36,-1431
ABalappap,107,133,236,6.3,38,-1359
ABalappap,108,127,229,6.3,40,-1208
ABalappap,109,132,218,7.0,38,-1854
ABalappap,110,133,214,6.1,40,-1199
ABalappap,111,131,214,5.3,38,-1781
ABalappap,112,128,212,5.2,40,-2424
ABalappap,113,122,214,4.3,40,-358
ABalappap,114,118,218,4.3,38,-1082
ABalappap,115,118,218,4.3,37,-2541
ABalappap,116,116,219,4.4,37,-2259
ABalappap,117,114,214,4.4,36,-158
ABalappap,118,107,220,5.2,37,-2371
ABalappap,119,111,217,5.3,36,-2413
ABalappap,120,119,221,6.1,33,-1535
ABalappapa,121,98,216,7.8,30,-828
ABalappapa,122,92,221,7.8,30,-760
ABalappapa,123,95,219,7.9,30,-766
ABalappapa,124,94,211,7.4,32,-1871
ABalappapa,125,84,208,6.3,32,-1454
ABalappapa,126,85,217,6.8,30,-424
ABalappapa,127,89,209,6.2,32,-897
ABalappapa,128,89,209,6.6,32,-537
ABalappapa,129,88,209,6.9,32,198
ABalappapa,130,87,209,7.3,31,-795
ABalappapa,131,86,209,7.6,31,79
ABalappapa,132,85,210,8.0,30,460
ABalappapa,133,88,206,8.0,30,135
ABalappapa,134,92,201,8.0,30,-1510
ABalappapa,135,96,197,8.0,30,206
ABalappapa,136,100,192,8.0,30,29
ABalappapa,137,104,187,8.0,30,-926
ABalappapa,138,104,187,7.8,30,588
ABalappapa,139,104,186,7.7,31,237
ABalappapa,140,105,185,7.5,32,-506
ABalappapa,141,106,183,8.3,32,50
ABalappapa,142,106,183,8.4,31,629
ABalappapa,143,106,183,8.5,30,373
ABalappapa,144,106,183,8.6,29,428
ABalappapa,145,106,183,8.7,28,590
ABalappapa,146,106,183,8.8,27,-154
ABalappapa,147,107,183,8.9,26,503
ABalappapa,148,114,186,8.1,32,350
ABalappapa,149,113,185,8.5,30,612
ABalappapa,150,112,184,8.9,28,-124
ABalappapa,151,110,183,9.3,26,-1138
ABalappapa,152,113,176,9.9,30,-89
ABalappapa,153,121,173,10.3,31,74
ABalappapa,154,118,176,10.2,32,210
ABalappapa,155,122,171,10.3,31,355
ABalappapa,156,120,183,10.3,32,-598
ABalappapa,157,117,181,11.1,31,-28
ABalappapa,158,117,182,10.3,32,710
ABalappapa,159,116,184,10.3,31,123
ABalappapa,160,114,182,11.0,34,-398
ABalappapp,121,124,226,5.2,30,-2816
ABalappapp,122,135,222,4.2,30,808
ABalappapp,123,131,219,4.1,30,-1935
ABalappapp,124,130,214,3.6,32,-502
ABalappapp,125,127,213,4.0,32,-1097
ABalappapp,126,127,214,3.6,34,2552
ABalappapp,127,128,201,4.1,34,-1656
ABalappapp,128,119,202,4.3,34,-809
ABalappapp,129,113,199,5.0,34,-1678
ABalappapp,130,114,188,5.2,32,-1294
ABalappapp,131,107,189,5.4,34,-1024
ABalappapp,132,114,190,5.4,32,-2798
ABalappapp,133,119,179,5.5,32,-2138
ABalappapp,134,122,179,5.3,34,-1855
ABalappapp,135,122,177,5.4,32,-3430
ABalappapp,136,131,174,5.4,32,-2773
ABalappapp,137,133,162,6.2,34,-1930
ABalappapp,138,125,170,6.4,34,-1765
ABalappapp,139,129,169,6.5,32,-560
ABalappapp,140,130,170,7.2,34,28
ABalappapp,141,138,163,6.3,34,-1243
ABalappapp,142,141,165,7.1,34,63
ABalappapp,143,134,169,7.2,34,-751
ABalappapp,144,135,166,7.2,34,-590
ABalappapp,145,133,169,7.1,34,-989
ABalappapp,146,136,170,7.3,32,-663
ABalappapp,147,148,165,7.3,34,-1263
ABalappapp,148,147,165,7.3,34,-1558
ABalappapp,149,143,162,7.3,34,-654
ABalappapp,150,134,165,7.3,34,60
ABalappapp,151,140,163,8.4,34,-1115
ABalappapp,152,148,163,8.3,34,-1263
ABalappapp,153,144,161,8.3,31,476
ABalappapp,154,144,162,8.4,34,-359
ABalappapp,155,148,158,8.2,31,1112
ABalappapp,156,138,161,8.2,34,-926
ABalappapp,157,138,164,8.3,31,-954
ABalappapp,158,148,160,9.0,30,-782
ABalappapp,159,144,160,9.1,29,-950
ABalappappa,160,122,171,9.0,26,-404
ABalappappp,160,161,143,9.0,24,-1110
ABalappp,66,222,219,12.1,28,-736
ABalappp,67,230,228,13.1,35,-1178
ABalappp,68,235,237,12.1,45,-785
ABalappp,69,241,231,11.2,45,-197
ABalappp,70,251,232,10.3,46,-1072
ABalappp,71,259,230,10.9,44,-1146
ABalappp,72,263,230,10.1,46,-1149
ABalappp,73,268,231,10.0,44,-1432
ABalappp,74,278,234,9.3,46,-740
ABalappp,75,275,244,10.1,44,-1621
ABalappp,76,272,249,10.0,46,-545
ABalappp,77,272,255,10.1,44,-1407
ABalappp,78,273,246,10.1,46,-1092
ABalappp,79,268,244,9.3,46,-680
ABalappp,80,263,235,10.0,44,-1201
ABalappp,81,255,237,9.3,46,-1499
ABalappp,82,262,225,9.9,44,-1860
ABalappp,83,264,217,10.1,48,-1194
ABalappp,84,270,208,10.1,46,-2014
ABalappp,85,273,198,10.1,47,-860
ABalappp,86,273,200,11.0,42,-1323
ABalappp,87,251,221,10.1,34,-1201
ABalapppa,88,206,221,10.1,31,-2036
ABalapppa,89,198,228,9.4,35,248
ABalapppa,90,191,229,9.9,36,-1294
ABalapppa,91,188,230,9.2,37,-554
ABalapppa,92,189,240,8.2,39,-88
ABalapppa,93,190,232,9.0,35,-382
ABalapppa,94,192,223,8.3,39,-785
ABalapppa,95,193,228,8.0,35,-1502
ABalapppa,96,194,232,7.0,36,-1836
ABalapppa,97,196,240,6.9,36,-974
ABalapppa,98,189,234,6.2,36,-924
ABalapppa,99,184,229,6.2,38,-1245
ABalapppa,100,185,231,6.2,36,-1905
ABalapppa,101,181,225,6.0,36,-2601
ABalapppa,102,174,228,6.1,36,-1753
ABalapppa,103,174,221,5.9,36,-1467
ABalapppa,104,172,223,5.3,40,-1965
ABalapppa,105,168,220,5.8,36,-3107
ABalapppa,106,173,219,6.2,38,-665
ABalapppa,107,171,219,6.2,38,-2319
ABalapppa,108,167,216,6.0,36,-2131
ABalapppa,109,162,206,5.1,38,-2927
ABalapppa,110,168,203,5.1,38,-2325
ABalapppa,111,167,203,5.0,36,-2511
ABalapppa,112,167,205,5.0,36,-2708
ABalapppa,113,164,205,4.9,36,-1668
ABalapppa,114,158,205,5.8,36,-3380
ABalapppa,115,160,206,5.1,37,-2980
ABalapppa,116,162,213,5.0,35,-2165
ABalapppa,117,166,216,5.0,34,-1537
ABalapppaa,118,136,220,4.0,33,-706
ABalapppaa,119,141,232,3.4,28,-518
ABalapppaa,120,138,240,4.1,31,-303
ABalapppaa,121,134,248,3.9,30,137
ABalapppaa,122,139,259,4.1,30,102
ABalapppaa,123,130,255,5.0,32,-567
ABalapppaa,124,133,248,4.9,30,-788
ABalapppaa,125,133,241,5.3,32,-2290
ABalapppaa,126,127,237,6.2,32,-1179
ABalapppaa,127,131,228,6.3,32,-1656
ABalapppaa,128,122,222,7.0,30,-1706
ABalapppaa,129,122,217,7.1,30,-820
ABalapppaa,130,125,214,7.8,30,-854
ABalapppaa,131,122,215,7.1,30,-698
ABalapppaa,132,120,217,7.1,30,-670
ABalapppaa,133,119,208,6.6,34,-1516
ABalapppaa,134,123,201,7.3,34,-606
ABalapppaa,135,127,202,7.3,34,-1268
ABalapppaa,136,123,210,7.0,30,-1271
ABalapppaa,137,127,205,7.8,30,-1714
ABalapppaa,138,131,204,7.3,34,-655
ABalapppaa,139,126,203,7.4,32,-713
ABalapppaa,140,131,202,7.4,32,-185
ABalapppaa,141,130,199,7.0,30,-833
ABalapppaa,142,129,200,7.1,34,-509
ABalapppaa,143,127,205,7.5,32,-1245
ABalapppaa,144,121,205,7.2,34,-1985
ABalapppaa,145,120,210,7.8,30,-709
ABalapppaa,146,124,213,7.2,30,-1422
ABalapppaa,147,127,212,7.9,30,-1500
ABalapppaa,148,125,213,8.0,34,-1987
ABalapppaa,149,122,206,7.1,30,-454
ABalapppaa,150,124,209,7.3,34,-1161
ABalapppaa,151,118,213,7.5,32,20
ABalapppaa,152,114,206,7.9,30,-133
ABalapppaa,153,113,206,8.2,31,-1350
ABalapppaa,154,113,210,8.3,34,32
ABalapppaa,155,115,206,8.3,31,-413
ABalapppaa,156,112,214,9.0,30,948
ABalapppaa,157,107,209,8.3,31,-719
ABalapppaa,158,111,211,9.1,34,-446
ABalapppaa,159,105,222,9.2,31,-668
ABalapppaa,160,107,219,9.2,34,-507
ABalapppap,118,191,213,5.8,33,-1684
ABalapppap,119,188,209,5.0,32,4
ABalapppap,120,182,219,5.0,31,-1760
ABalapppap,121,169,216,5.3,34,-334
ABalapppap,122,178,225,6.1,34,-1708
ABalapppap,123,170,217,5.4,34,-1119
ABalapppap,124,169,215,5.3,34,-985
ABalapppap,125,166,215,5.2,32,-1037
ABalapppap,126,166,216,5.2,32,-1515
ABalapppap,127,166,211,6.0,34,-1076
ABalapppap,128,164,211,6.1,34,-1204
ABalapppap,129,160,209,6.2,34,-1452
ABalapppap,130,158,202,6.2,34,-2106
ABalapppap,131,149,204,6.3,34,-1548
ABalapppap,132,152,206,6.2,30,-768
ABalapppap,133,155,206,6.4,34,-789
ABalapppap,134,155,203,6.3,34,-1959
ABalapppap,135,153,206,6.4,34,-682
ABalapppap,136,153,209,6.8,30,-892
ABalapppap,137,154,208,6.9,30,-2136
ABalapppap,138,149,214,6.0,34,-1651
ABalapppap,139,150,219,5.5,34,-1796
ABalapppap,140,153,220,5.3,34,-1126
ABalapppap,141,154,222,5.4,34,-859
ABalapppap,142,153,217,5.3,34,-2005
ABalapppap,143,150,224,5.3,34,-1625
ABalapppap,144,146,220,5.3,34,-2251
ABalapppap,145,151,221,5.2,34,-1088
ABalapppap,146,151,225,4.3,26,2823
ABalapppap,147,158,220,5.0,34,-613
ABalapppap,148,154,227,5.3,34,-1095
ABalapppap,149,150,227,5.2,34,-1657
ABalapppap,150,145,226,5.2,34,-1537
ABalapppap,151,140,225,5.1,34,-1537
ABalapppap,152,149,230,7.0,34,-2184
ABalapppap,153,140,221,5.0,31,-2035
ABalapppap,154,142,222,5.3,32,-1376
ABalapppap,155,144,222,5.3,31,-1237
ABalapppap,156,143,226,5.9,30,-1365
ABalapppapa,157,118,219,6.2,26,-604
ABalapppapa,158,120,222,6.2,27,-1180
ABalapppapa,159,122,225,6.1,28,-316
ABalapppapa,160,124,228,6.1,29,-804
ABalapppapp,157,159,222,5.5,30,-62
ABalapppapp,158,165,217,5.1,30,-1134
ABalapppapp,159,161,215,5.1,26,-650
ABalapppapp,160,160,211,5.0,26,-1377
ABalapppp,88,271,220,9.4,31,-1683
ABalapppp,89,264,222,9.3,35,-595
ABalapppp,90,256,223,9.1,36,-585
ABalapppp,91,253,229,8.3,37,-1666
ABalapppp,92,251,223,7.4,37,-1904
ABalapppp,93,251,217,7.1,37,-1326
ABalapppp,94,253,213,6.1,37,-2335
ABalapppp,95,255,212,6.2,39,-2548
ABalapppp,96,251,207,6.3,38,-885
ABalapppp,97,256,210,6.8,36,-1033
ABalapppp,98,252,217,6.2,38,-1365
ABalapppp,99,247,210,6.2,40,-2061
ABalapppp,100,241,210,6.1,38,-2685
ABalapppp,101,243,200,6.2,38,-1696
ABalapppp,102,237,196,6.2,40,-2319
ABalapppp,103,235,192,6.2,40,-1871
ABalapppp,104,232,187,6.1,36,-2447
ABalapppp,105,232,191,6.2,40,-1147
ABalapppp,106,239,199,6.2,38,-2472
ABalapppp,107,239,196,6.1,40,-1510
ABalapppp,108,238,192,6.2,40,-2501
ABalapppp,109,230,181,6.0,38,-2136
ABalapppp,110,227,175,5.2,36,-2841
ABalapppp,111,234,176,5.4,40,-3111
ABalapppp,112,240,179,6.0,38,-2499
ABalapppp,113,235,177,6.0,38,-2774
ABalapppp,114,231,182,5.1,38,-3242
ABalapppp,115,233,184,5.1,39,-2936
ABalapppp,116,230,186,5.2,33,-983
ABalappppa,117,215,191,5.2,26,-320
ABalappppa,118,213,187,5.2,33,-992
ABalappppa,119,206,184,5.8,32,-1811
ABalappppa,120,206,186,5.2,33,-1635
ABalappppa,121,204,197,6.0,30,-1115
ABalappppa,122,203,199,5.5,32,-843
ABalappppa,123,199,199,5.3,34,-1850
ABalappppa,124,196,196,5.3,34,-1249
ABalappppa,125,196,196,5.1,32,-2236
ABalappppa,126,198,201,5.2,30,-2425
ABalappppa,127,193,195,4.4,34,-1060
ABalappppa,128,191,196,4.4,34,-2062
ABalappppa,129,184,202,4.3,34,-1800
ABalappppa,130,181,204,4.4,32,-2465
ABalappppa,131,178,200,5.1,32,-1338
ABalappppa,132,182,197,5.1,30,-2564
ABalappppa,133,176,198,4.4,32,-861
ABalappppa,134,171,196,5.1,26,-2778
ABalappppa,135,177,193,5.3,34,-2185
ABalappppa,136,185,191,6.2,34,-2424
ABalappppa,137,185,187,6.8,30,-1738
ABalappppa,138,176,184,5.4,34,-1589
ABalappppa,139,172,183,5.3,34,-3584
ABalappppa,140,178,173,6.2,34,-659
ABalappppa,141,173,179,6.2,34,-3154
ABalappppa,142,163,177,5.2,34,-1944
ABalappppa,143,156,185,5.2,34,-2487
ABalappppa,144,157,184,5.4,34,-3516
ABalappppa,145,158,180,6.1,34,-2233
ABalappppa,146,162,186,6.2,34,-2871
ABalappppa,147,168,187,6.4,34,-885
ABalappppa,148,166,186,6.3,34,-2035
ABalappppa,149,163,180,6.1,34,-3013
ABalappppa,150,161,183,6.9,30,-2026
ABalappppaa,151,144,197,7.0,30,-595
ABalappppaa,152,137,191,6.3,26,739
ABalappppaa,153,130,191,7.0,29,642
ABalappppaa,154,130,188,7.1,26,-247
ABalappppaa,155,131,192,7.3,26,-714
ABalappppaa,156,131,192,7.3,26,-954
ABalappppaa,157,134,194,8.3,26,-679
ABalappppaa,158,142,193,9.1,32,-1914
ABalappppaa,159,133,196,8.4,31,97
ABalappppaa,160,146,191,8.9,30,-285
ABalappppap,151,171,178,6.1,26,-2403
ABalappppap,152,184,178,6.1,30,-2822
ABalappppap,153,179,176,6.2,26,-1307
ABalappppap,154,174,173,6.1,26,-83
ABalappppap,155,170,174,6.3,31,-1691
ABalappppap,156,165,173,6.2,26,1911
ABalappppap,157,157,176,5.3,26,1093
ABalappppap,158,164,174,6.1,32,-1983
ABalappppap,159,160,177,6.1,31,-2720
ABalappppap,160,165,179,6.1,34,-1708
ABalappppp,117,242,190,5.2,28,-1624
ABalappppp,118,264,189,6.1,33,-1711
ABalappppp,119,262,197,6.1,32,-1123
ABalappppp,120,256,198,6.2,31,-1652
ABalappppp,121,251,199,6.1,34,-1381
ABalappppp,122,244,196,6.4,34,-218
ABalappppp,123,238,190,6.3,32,-1343
ABalappppp,124,234,185,6.1,34,-884
ABalappppp,125,230,185,6.1,32,-1432
ABalappppp,126,237,196,5.3,34,-2391
ABalappppp,127,235,196,6.2,34,-1700
ABalappppp,128,230,192,5.4,32,-2738
ABalappppp,129,217,182,5.2,34,-1368
ABalappppp,130,215,182,5.3,34,-342
ABalappppp,131,210,181,5.3,34,-2273
ABalappppp,132,209,179,5.2,34,-2671
ABalappppp,133,210,180,5.2,32,-3406
ABalappppp,134,204,177,5.3,34,-725
ABalappppp,135,206,177,5.1,32,-2048
ABalappppp,136,205,177,5.0,34,-1410
ABalappppp,137,213,171,5.8,30,-975
ABalappppp,138,210,171,5.4,34,-3087
ABalappppp,139,208,169,5.4,32,-4390
ABalappppp,140,202,170,4.2,34,-1581
ABalappppp,141,206,168,4.2,34,-1685
ABalappppp,142,208,166,4.5,32,-2077
ABalappppp,143,199,171,4.6,32,-2335
ABalappppp,144,194,170,5.1,34,-2731
ABalappppp,145,198,170,4.3,34,-1968
ABalappppp,146,193,173,4.1,34,-1546
ABalappppp,147,198,172,4.2,34,-1897
ABalappppp,148,195,174,4.1,32,-2888
ABalappppp,149,199,170,4.8,30,-3709
ABalappppp,150,197,175,4.2,34,-86
ABalappppp,151,194,169,5.1,32,-5412
ABalappppp,152,202,172,4.1,34,-3692
ABalappppp,153,188,173,4.1,31,-2606
ABalappppp,154,186,171,4.1,34,-863
ABalappppp,155,193,174,4.1,29,-1984
ABalappppp,156,193,177,4.1,30,-3213
ABalapppppa,157,172,172,4.0,30,-1498
ABalapppppa,158,172,172,4.0,30,-472
ABalapppppa,159,172,171,4.0,30,-2316
ABalapppppa,160,173,170,4.0,30,723
ABalapppppp,157,207,169,4.0,30,-2082
ABalapppppp,158,207,168,4.0,30,90
ABalapppppp,159,206,167,4.0,30,655
ABalapppppp,160,205,165,4.0,30,1738
ABalp,20,129,279,14.1,59,-1356
ABalp,21,128,295,16.2,61,-1416
ABalp,22,148,317,14.0,56,-807
ABalp,23,160,332,13.4,63,-1489
ABalp,24,150,328,12.2,64,-1316
ABalp,25,131,315,11.6,65,-1763
ABalp,26,131,324,12.1,65,-1719
ABalp,27,128,334,11.7,65,-1845
ABalp,28,133,335,11.6,67,-2014
ABalp,29,129,323,11.6,69,-1771
ABalp,30,133,322,14.0,64,-1300
ABalpa,31,119,329,15.5,58,-1343
ABalpa,32,124,338,14.9,56,-1597
ABalpa,33,112,345,14.1,58,-1409
ABalpa,34,105,349,14.2,60,-1346
ABalpa,35,104,341,14.1,60,-905
ABalpa,36,101,336,13.2,60,-1487
ABalpa,37,96,324,13.0,62,-948
ABalpa,38,99,328,11.1,61,-1434
ABalpa,39,105,338,10.3,63,-1377
ABalpa,40,114,341,10.3,65,-1392
ABalpa,41,108,343,12.1,65,-1383
ABalpa,42,124,346,13.0,62,-1516
ABalpa,43,123,341,13.2,62,-1202
ABalpa,44,127,344,14.0,61,-1584
ABalpa,45,130,347,13.1,58,-1623
ABalpaa,46,90,334,11.2,53,-280
ABalpaa,47,94,327,11.6,60,-129
ABalpaa,48,88,308,11.1,55,-188
ABalpaa,49,82,301,11.1,53,-249
ABalpaa,50,86,293,10.8,53,-770
ABalpaa,51,88,299,10.1,53,-1258
ABalpaa,52,90,305,11.0,53,-843
ABalpaa,53,86,298,11.0,53,-1142
ABalpaa,54,86,302,10.9,53,-1431
ABalpaa,55,85,306,10.8,53,-1182
ABalpaa,56,89,306,11.0,52,-936
ABalpaa,57,93,304,10.4,53,-480
ABalpaa,58,99,313,10.9,52,-1164
ABalpaa,59,93,310,10.1,53,-1001
ABalpaa,60,88,309,10.0,52,-1392
ABalpaa,61,91,305,10.0,51,-1182
ABalpaa,62,101,299,10.2,55,-1421
ABalpaa,63,88,290,11.0,50,-1436
ABalpaa,64,79,281,13.1,47,-939
ABalpaaa,65,69,285,14.0,41,441
ABalpaaa,66,72,286,14.9,40,-432
ABalpaaa,67,64,280,14.1,41,-127
ABalpaaa,68,65,297,16.0,41,-1149
ABalpaaa,69,70,297,16.0,38,-29
ABalpaaa,70,76,298,16.1,35,-33
ABalpaaa,71,82,299,16.1,31,946
ABalpaaa,72,73,288,16.1,44,-403
ABalpaaa,73,72,272,15.9,44,-318
ABalpaaa,74,75,266,15.9,44,-90
ABalpaaa,75,79,257,15.0,44,245
ABalpaaa,76,85,259,15.0,44,-557
ABalpaaa,77,91,254,14.1,44,-940
ABalpaaa,78,92,253,14.9,44,-1501
ABalpaaa,79,85,262,16.0,44,-152
ABalpaaa,80,77,254,16.9,44,-542
ABalpaaa,81,77,252,17.9,44,-623
ABalpaaa,82,79,240,17.9,44,176
ABalpaaa,83,83,238,18.1,44,194
ABalpaaa,84,84,231,18.0,44,-166
ABalpaaa,85,89,222,18.9,43,-619
ABalpaaa,86,87,244,18.2,46,-21
ABalpaaa,87,86,259,17.2,44,-429
ABalpaaa,88,100,270,19.0,41,-994
ABalpaaa,89,103,266,18.1,41,-860
ABalpaaa,90,117,276,20.0,36,-418
ABalpaaaa,91,112,250,19.0,35,-754
ABalpaaaa,92,100,238,19.1,35,-1229
ABalpaaaa,93,106,241,19.2,37,141
ABalpaaaa,94,112,227,19.2,39,-1021
ABalpaaaa,95,118,226,19.3,37,-310
ABalpaaaa,96,112,215,20.1,40,-910
ABalpaaaa,97,114,210,20.2,40,390
ABalpaaaa,98,115,205,20.0,38,-458
ABalpaaaa,99,122,196,20.1,40,-488
ABalpaaaa,100,126,202,20.1,40,-474
ABalpaaaa,101,124,205,20.1,40,759
ABalpaaaa,102,126,212,20.9,36,-907
ABalpaaaa,103,132,210,20.2,40,-960
ABalpaaaa,104,133,220,20.2,40,-1266
ABalpaaaa,105,145,215,20.2,40,-634
ABalpaaaa,106,149,210,21.0,38,-486
ABalpaaaa,107,152,214,20.2,38,-1546
ABalpaaaa,108,155,217,20.9,36,-661
ABalpaaaa,109,156,225,21.1,40,-769
ABalpaaaa,110,153,219,21.1,38,-549
ABalpaaaa,111,143,217,21.1,40,-1165
ABalpaaaa,112,141,224,21.1,40,-237
ABalpaaaa,113,138,226,21.2,38,-1093
ABalpaaaa,114,135,220,21.1,40,-541
ABalpaaaa,115,134,209,21.1,39,-487
ABalpaaaa,116,130,205,21.2,39,-1257
ABalpaaaa,117,134,204,21.2,38,-18
ABalpaaaa,118,125,221,21.2,37,-812
ABalpaaaa,119,126,222,21.2,36,-1118
ABalpaaaa,120,125,221,21.2,35,-812
ABalpaaaa,121,138,220,21.3,34,-692
ABalpaaaa,122,142,216,21.3,34,-917
ABalpaaaa,123,142,218,21.2,34,-714
ABalpaaaa,124,139,217,21.2,34,-1384
ABalpaaaa,125,135,221,21.1,34,-1125
ABalpaaaaa,126,124,231,20.9,30,-1064
ABalpaaaaa,127,113,249,21.0,30,-282
ABalpaaaaa,128,115,251,21.1,30,-31
ABalpaaaaa,129,117,258,21.9,30,-992
ABalpaaaaa,130,125,265,21.3,34,-1494
ABalpaaaaa,131,127,267,22.1,34,-1220
ABalpaaaaa,132,130,271,22.1,34,-324
ABalpaaaaa,133,131,270,22.1,34,-185
ABalpaaaaa,134,131,265,22.1,34,138
ABalpaaaaa,135,143,276,21.1,34,82
ABalpaaaaa,136,149,273,21.1,34,-1111
ABalpaaaaa,137,141,281,22.0,34,269
ABalpaaaaa,138,145,275,22.0,34,48
ABalpaaaaa,139,134,290,21.3,34,-1036
ABalpaaaaa,140,137,287,22.1,34,-715
ABalpaaaaa,141,137,287,22.1,34,-730
ABalpaaaaa,142,135,285,22.1,34,-964
ABalpaaaaa,143,132,288,22.1,32,-492
ABalpaaaaa,144,134,283,21.3,34,-112
ABalpaaaaa,145,130,277,21.1,34,1140
ABalpaaaaa,146,136,276,21.1,32,189
ABalpaaaaa,147,134,279,21.1,34,-34
ABalpaaaaa,148,130,286,20.3,34,319
ABalpaaaaa,149,127,283,21.1,34,-432
ABalpaaaaa,150,135,289,20.2,34,224
ABalpaaaaa,151,141,291,20.1,34,-1325
ABalpaaaaa,152,142,291,20.1,34,-2061
ABalpaaaaa,153,151,295,20.1,31,-791
ABalpaaaaa,154,151,293,20.1,34,-1013
ABalpaaaaa,155,154,293,19.2,31,209
ABalpaaaaa,156,164,291,19.1,34,-572
ABalpaaaaa,157,161,288,18.1,31,-562
ABalpaaaaa,158,167,296,20.1,34,-524
ABalpaaaaa,159,169,289,19.1,31,512
ABalpaaaaa,160,176,283,19.1,34,-501
ABalpaaaap,126,150,223,21.1,30,-467
ABalpaaaap,127,158,232,21.1,30,637
ABalpaaaap,128,165,241,21.0,30,-284
ABalpaaaap,129,168,242,21.0,30,-285
ABalpaaaap,130,177,252,21.1,34,339
ABalpaaaap,131,173,251,21.0,32,97
ABalpaaaap,132,175,259,21.1,34,-799
ABalpaaaap,133,172,251,21.1,30,-1381
ABalpaaaap,134,173,256,21.2,34,692
ABalpaaaap,135,182,260,21.2,32,-1542
ABalpaaaap,136,189,259,21.1,34,-5
ABalpaaaap,137,180,261,22.0,34,-70
ABalpaaaap,138,193,259,21.2,34,-352
ABalpaaaap,139,183,267,22.0,34,-764
ABalpaaaap,140,179,267,20.3,34,-600
ABalpaaaap,141,173,260,21.1,34,-591
ABalpaaaap,142,170,268,21.1,34,41
ABalpaaaap,143,167,269,22.0,34,-928
ABalpaaaap,144,173,270,21.1,34,-346
ABalpaaaap,145,163,267,22.0,34,-136
ABalpaaaap,146,167,268,22.1,34,-1181
ABalpaaaap,147,159,262,21.3,34,-351
ABalpaaaap,148,160,275,22.1,34,288
ABalpaaaap,149,154,268,21.2,34,-427
ABalpaaaap,150,167,276,21.2,34,-601
ABalpaaaap,151,171,274,21.2,34,-505
ABalpaaaap,152,172,269,21.2,34,-1310
ABalpaaaap,153,182,274,21.1,31,-573
ABalpaaaap,154,178,273,21.2,34,218
ABalpaaaap,155,174,270,21.0,31,-491
ABalpaaaap,156,185,273,20.3,34,252
ABalpaaaap,157,185,272,20.1,31,116
ABalpaaaap,158,196,279,20.0,34,-623
ABalpaaaap,159,196,279,20.0,34,-224
ABalpaaaap,160,202,270,20.2,34,161
ABalpaaap,91,127,293,20.1,35,-829
ABalpaaap,92,141,289,20.0,35,-795
ABalpaaap,93,145,291,20.2,37,-250
ABalpaaap,94,149,287,21.1,39,-1298
ABalpaaap,95,153,284,20.2,37,-665
ABalpaaap,96,149,272,21.0,36,531
ABalpaaap,97,139,269,21.0,36,-329
ABalpaaap,98,138,265,21.0,36,-640
ABalpaaap,99,130,257,21.1,36,-284
ABalpaaap,100,135,261,21.1,36,-453
ABalpaaap,101,140,254,21.1,38,-546
ABalpaaap,102,145,260,21.1,40,17
ABalpaaap,103,150,256,20.2,40,-1492
ABalpaaap,104,157,262,21.0,36,-1992
ABalpaaap,105,165,252,20.1,38,-744
ABalpaaap,106,169,257,20.3,38,-636
ABalpaaap,107,177,255,20.3,40,-762
ABalpaaap,108,178,247,21.0,36,-930
ABalpaaap,109,174,256,20.9,36,-486
ABalpaaap,110,166,248,20.1,26,-347
ABalpaaap,111,169,250,21.0,36,-386
ABalpaaap,112,171,250,20.1,38,-1298
ABalpaaap,113,172,251,20.1,36,-786
ABalpaaap,114,172,242,20.2,36,-933
ABalpaaap,115,166,238,20.2,39,533
ABalpaaap,116,163,245,21.0,39,-427
ABalpaaap,117,164,250,21.1,36,-406
ABalpaaap,118,160,256,21.2,37,-681
ABalpaaap,119,159,256,21.0,36,-1716
ABalpaaap,120,165,262,21.1,35,-1195
ABalpaaap,121,177,265,20.1,34,-492
ABalpaaap,122,186,268,19.2,34,-719
ABalpaaap,123,185,268,19.0,24,-430
ABalpaaap,124,186,268,19.0,30,-335
ABalpaaapa,125,162,267,19.0,30,-486
ABalpaaapa,126,162,276,19.1,30,-886
ABalpaaapa,127,165,278,19.0,30,-1049
ABalpaaapa,128,168,281,20.1,30,-670
ABalpaaapa,129,173,278,20.2,32,-18
ABalpaaapa,130,175,288,20.3,32,-863
ABalpaaapa,131,177,290,20.0,30,-2126
ABalpaaapa,132,175,296,19.1,34,-283
ABalpaaapa,133,179,285,19.2,32,109
ABalpaaapa,134,177,285,19.2,34,341
ABalpaaapa,135,183,284,19.2,34,131
ABalpaaapa,136,186,278,19.1,32,304
ABalpaaapa,137,188,288,18.2,32,264
ABalpaaapa,138,194,289,18.2,32,-418
ABalpaaapa,139,192,292,19.0,30,275
ABalpaaapa,140,190,293,19.1,34,-817
ABalpaaapa,141,186,279,19.0,34,624
ABalpaaapa,142,185,282,18.1,32,-1476
ABalpaaapa,143,182,282,19.0,34,-424
ABalpaaapa,144,183,282,19.0,34,115
ABalpaaapa,145,184,285,18.1,34,-31
ABalpaaapa,146,183,290,19.1,34,-1067
ABalpaaapa,147,184,285,19.1,34,-921
ABalpaaapa,148,180,284,19.1,34,-1199
ABalpaaapa,149,180,292,19.4,34,180
ABalpaaapa,150,181,300,19.6,34,-196
ABalpaaapa,151,184,301,19.0,34,-1431
ABalpaaapa,152,186,300,18.1,34,-1095
ABalpaaapa,153,188,303,17.0,31,-1663
ABalpaaapa,154,194,300,17.1,34,-89
ABalpaaapa,155,193,299,18.0,31,-455
ABalpaaapa,156,193,303,17.6,34,572
ABalpaaapa,157,194,302,17.1,31,268
ABalpaaapa,158,197,306,16.0,34,-852
ABalpaaapa,159,201,305,15.5,31,-282
ABalpaaapa,160,201,302,16.2,32,291
ABalpaaapp,125,211,275,18.9,30,197
ABalpaaapp,126,211,280,18.1,30,-727
ABalpaaapp,127,208,281,18.1,26,671
ABalpaaapp,128,213,284,17.2,26,-608
ABalpaaapp,129,211,279,17.1,32,-358
ABalpaaapp,130,215,278,17.0,32,758
ABalpaaapp,131,209,274,18.0,32,677
ABalpaaapp,132,210,276,17.9,30,-108
ABalpaaapp,133,211,271,18.1,32,21
ABalpaaapp,134,212,269,18.0,34,-704
ABalpaaapp,135,215,274,17.1,34,-476
ABalpaaapp,136,216,272,17.0,34,-678
ABalpaaapp,137,215,272,17.1,34,-950
ABalpaaapp,138,219,275,17.1,34,-194
ABalpaaapp,139,217,277,17.1,34,435
ABalpaaapp,140,217,272,17.9,30,-762
ABalpaaapp,141,213,269,17.3,34,-308
ABalpaaapp,142,211,273,17.2,34,-322
ABalpaaapp,143,206,269,17.2,30,-257
ABalpaaapp,144,205,268,17.2,34,-534
ABalpaaapp,145,208,269,17.6,30,227
ABalpaaapp,146,211,270,18.0,26,-126
ABalpaaapp,147,208,265,18.1,32,226
ABalpaaapp,148,205,266,18.1,26,-1189
ABalpaaapp,149,200,269,18.3,26,2328
ABalpaaapp,150,201,270,18.1,26,44
ABalpaaapp,151,204,274,18.1,26,-593
ABalpaaapp,152,203,271,17.2,34,-911
ABalpaaapp,153,204,275,17.3,31,-151
ABalpaaapp,154,216,265,19.0,30,1486
ABalpaaapp,155,216,265,19.0,30,-112
ABalpaaapp,156,218,266,19.1,30,709
ABalpaaapp,157,220,267,19.1,31,-745
ABalpaaapp,158,220,267,19.1,31,71
ABalpaaapp,159,220,264,18.6,31,-1100
ABalpaaapp,160,221,261,18.1,30,-97
ABalpaap,65,105,331,12.0,41,-946
ABalpaap,66,108,325,11.9,40,-1154
ABalpaap,67,109,330,11.1,43,-1137
ABalpaap,68,120,332,10.2,45,-1846
ABalpaap,69,115,337,10.0,47,-1446
ABalpaap,70,108,337,10.3,46,-1330
ABalpaap,71,106,325,10.4,46,-1277
ABalpaap,72,95,319,10.3,46,-1038
ABalpaap,73,86,315,11.1,46,-1542
ABalpaap,74,91,308,12.0,44,-1101
ABalpaap,75,88,303,11.2,48,-720
ABalpaap,76,89,306,11.9,44,-1228
ABalpaap,77,82,308,12.1,48,-1386
ABalpaap,78,84,306,11.3,46,-1009
ABalpaap,79,78,308,12.0,46,-838
ABalpaap,80,80,305,12.1,46,-1321
ABalpaap,81,80,303,12.1,46,-1182
ABalpaap,82,78,295,13.0,44,-924
ABalpaap,83,74,287,11.9,44,-1655
ABalpaap,84,73,277,11.0,44,-1482
ABalpaap,85,86,271,11.9,43,-2032
ABalpaapa,86,77,249,10.1,36,-361
ABalpaapa,87,75,267,10.1,40,-997
ABalpaapa,88,67,268,12.1,37,-148
ABalpaapa,89,63,264,12.1,39,-841
ABalpaapa,90,63,274,13.2,38,-566
ABalpaapa,91,67,289,13.3,39,232
ABalpaapa,92,72,296,15.1,39,-113
ABalpaapa,93,74,304,15.2,39,-296
ABalpaapa,94,84,286,16.2,39,-948
ABalpaapa,95,93,282,17.2,39,-795
ABalpaapa,96,89,272,17.1,40,-525
ABalpaapa,97,89,273,17.1,40,-1233
ABalpaapa,98,88,274,17.1,40,-1205
ABalpaapa,99,89,272,16.1,40,-725
ABalpaapa,100,93,273,17.1,40,-1526
ABalpaapa,101,95,266,17.0,40,-871
ABalpaapa,102,95,267,17.1,38,-237
ABalpaapa,103,97,266,17.1,38,-530
ABalpaapa,104,96,272,17.1,38,262
ABalpaapa,105,105,270,18.1,40,-884
ABalpaapa,106,109,266,18.0,40,-1530
ABalpaapa,107,111,267,17.2,40,-374
ABalpaapa,108,110,260,18.1,40,-767
ABalpaapa,109,105,262,17.3,40,-1119
ABalpaapa,110,110,250,17.9,36,-1328
ABalpaapaa,111,99,222,16.1,36,-288
ABalpaapaa,112,101,223,16.9,36,-229
ABalpaapaa,113,95,226,17.1,36,-312
ABalpaapaa,114,86,229,17.9,36,-185
ABalpaapaa,115,79,224,19.0,37,-773
ABalpaapaa,116,76,224,19.0,35,-86
ABalpaapaa,117,69,225,18.2,34,-145
ABalpaapaa,118,63,235,18.0,33,-511
ABalpaapaa,119,65,239,18.2,36,-249
ABalpaapaa,120,67,251,18.2,33,903
ABalpaapaa,121,72,249,19.2,34,-1438
ABalpaapaa,122,79,243,20.1,34,-426
ABalpaapaa,123,87,239,20.2,34,-108
ABalpaapaa,124,86,233,20.1,34,72
ABalpaapaa,125,81,236,20.0,34,770
ABalpaapaa,126,84,241,20.1,34,143
ABalpaapaa,127,78,257,19.2,34,800
ABalpaapaa,128,76,254,20.0,34,629
ABalpaapaa,129,84,254,19.3,34,-1776
ABalpaapaa,130,88,256,20.1,34,-523
ABalpaapaa,131,94,262,19.3,34,-254
ABalpaapaa,132,99,258,19.3,34,736
ABalpaapaa,133,108,260,18.1,34,-431
ABalpaapaa,134,110,253,18.2,34,-892
ABalpaapaa,135,115,253,18.2,34,-356
ABalpaapaa,136,115,250,18.3,34,-301
ABalpaapaa,137,116,251,18.2,34,-54
ABalpaapaa,138,122,249,17.2,34,-130
ABalpaapaa,139,119,247,17.2,34,-558
ABalpaapaa,140,115,248,17.0,34,-563
ABalpaapaa,141,119,249,16.0,34,-110
ABalpaapaa,142,123,251,15.3,34,-1142
ABalpaapaa,143,117,256,15.3,34,-382
ABalpaapaa,144,119,261,15.2,34,-943
ABalpaapaa,145,120,264,15.1,32,-1526
ABalpaapaa,146,120,263,15.1,34,-741
ABalpaapaa,147,121,267,15.1,34,217
ABalpaapaa,148,120,271,14.3,34,-291
ABalpaapaa,149,112,268,14.1,32,-398
ABalpaapaa,150,115,275,14.1,32,-232
ABalpaapaa,151,117,277,15.0,32,-1486
ABalpaapaa,152,121,272,14.1,34,-851
ABalpaapaaa,153,103,274,14.1,26,-296
ABalpaapaaa,154,96,270,14.3,34,-105
ABalpaapaaa,155,117,266,14.0,29,-1712
ABalpaapaaa,156,122,264,14.2,32,-1011
ABalpaapaaa,157,119,268,14.1,29,-737
ABalpaapaaa,158,120,273,14.1,26,-1533
ABalpaapaaa,159,115,272,14.3,31,-386
ABalpaapaaa,160,121,273,14.1,34,-877
ABalpaapaap,153,147,285,15.0,29,-425
ABalpaapaap,154,151,284,14.2,34,-198
ABalpaapaap,155,152,289,15.1,31,-1375
ABalpaapaap,156,148,297,13.2,34,-64
ABalpaapaap,157,148,296,14.0,31,-490
ABalpaapaap,158,150,299,13.2,34,-992
ABalpaapaap,159,154,302,13.2,31,-508
ABalpaapaap,160,157,294,13.3,34,50
ABalpaapap,111,129,266,19.0,36,-581
ABalpaapap,112,128,279,19.0,36,-742
ABalpaapap,113,135,281,18.9,36,-545
ABalpaapap,114,134,276,18.2,38,-89
ABalpaapap,115,121,270,18.3,39,-729
ABalpaapap,116,110,268,19.1,39,-1895
ABalpaapap,117,122,264,20.0,38,-1109
ABalpaapap,118,118,276,20.1,37,-237
ABalpaapap,119,119,274,18.4,36,-767
ABalpaapap,120,122,281,19.1,35,-1017
ABalpaapap,121,130,281,20.0,34,-223
ABalpaapap,122,132,278,20.1,34,-682
ABalpaapap,123,134,273,20.1,34,-378
ABalpaapap,124,132,275,20.1,34,-1014
ABalpaapap,125,121,280,20.0,34,11
ABalpaapap,126,125,285,20.1,34,-1080
ABalpaapap,127,122,286,19.2,34,-80
ABalpaapap,128,123,290,19.1,34,-774
ABalpaapap,129,131,289,18.1,34,-549
ABalpaapap,130,130,291,19.0,34,-975
ABalpaapap,131,138,291,19.0,34,-242
ABalpaapap,132,137,293,18.1,34,-982
ABalpaapap,133,143,285,18.2,34,-1000
ABalpaapap,134,142,288,18.1,34,-379
ABalpaapap,135,141,284,18.1,34,-862
ABalpaapap,136,147,279,18.1,34,-528
ABalpaapap,137,149,278,18.0,34,-1390
ABalpaapap,138,156,272,17.3,34,-864
ABalpaapap,139,154,279,17.3,34,-776
ABalpaapapa,140,128,270,18.0,30,-388
ABalpaapapa,141,128,270,18.0,30,-449
ABalpaapapa,142,126,268,18.0,26,272
ABalpaapapa,143,127,264,17.1,34,-534
ABalpaapapa,144,143,268,17.1,26,-1319
ABalpaapapa,145,143,271,18.0,34,-727
ABalpaapapa,146,143,269,18.0,26,-1549
ABalpaapapa,147,144,270,18.5,28,-1451
ABalpaapapa,148,146,272,19.0,30,-865
ABalpaapapa,149,146,274,18.7,30,-711
ABalpaapapa,150,147,276,18.3,31,-534
ABalpaapapa,151,147,278,18.0,31,-752
ABalpaapapa,152,148,280,17.7,32,-2108
ABalpaapapa,153,151,281,17.2,31,589
ABalpaapapa,154,157,281,18.0,34,-122
ABalpaapapa,155,157,283,17.1,31,550
ABalpaapapa,156,160,284,16.2,34,-304
ABalpaapapa,157,160,284,16.2,34,-949
ABalpaapapa,158,168,288,16.1,34,-370
ABalpaapapa,159,168,288,16.1,34,-295
ABalpaapapa,160,175,282,15.1,34,-852
ABalpaapapp,140,174,284,15.9,30,-1351
ABalpaapapp,141,180,286,15.9,30,184
ABalpaapapp,142,181,287,15.9,30,28
ABalpaapapp,143,176,289,15.2,32,-407
ABalpaapapp,144,179,290,15.2,32,-726
ABalpaapapp,145,177,290,15.6,32,499
ABalpaapapp,146,174,290,15.9,32,-147
ABalpaapapp,147,172,291,16.3,33,-8
ABalpaapapp,148,169,291,16.6,33,-214
ABalpaapapp,149,166,292,17.0,34,-305
ABalpaapapp,150,167,294,17.1,34,-865
ABalpaapapp,151,170,294,16.5,32,243
ABalpaapapp,152,174,295,16.0,30,-662
ABalpaapapp,153,178,297,15.6,30,-1232
ABalpaapapp,154,182,299,15.2,30,-129
ABalpaapapp,155,186,301,14.8,30,-176
ABalpaapapp,156,190,303,14.4,30,11
ABalpaapapp,157,194,305,14.0,30,185
ABalpaapapp,158,197,305,13.7,31,-1057
ABalpaapapp,159,200,306,13.5,32,852
ABalpaapapp,160,204,307,13.2,34,-231
ABalpaapp,86,90,308,12.4,36,-2074
ABalpaapp,87,94,320,13.1,40,-702
ABalpaapp,88,99,322,13.9,37,-250
ABalpaapp,89,87,311,14.9,37,-1245
ABalpaapp,90,83,325,15.1,40,-1064
ABalpaapp,91,93,342,15.3,37,-586
ABalpaapp,92,104,344,16.2,39,-398
ABalpaapp,93,112,348,17.0,39,-452
ABalpaapp,94,112,337,17.1,26,1065
ABalpaapp,95,110,328,17.0,26,-871
ABalpaapp,96,108,320,17.0,40,-1191
ABalpaapp,97,115,317,17.0,38,-164
ABalpaapp,98,122,314,17.0,36,296
ABalpaapp,99,121,313,17.3,37,210
ABalpaapp,100,120,312,17.5,38,-1030
ABalpaapp,101,119,311,17.8,39,-919
ABalpaapp,102,118,310,18.0,40,-1466
ABalpaapp,103,121,317,18.2,40,377
ABalpaapp,104,126,325,18.0,26,-753
ABalpaapp,105,122,324,19.0,36,-201
ABalpaapp,106,120,319,19.1,38,426
ABalpaapp,107,118,321,19.1,38,-363
ABalpaapp,108,119,321,19.0,36,272
ABalpaapp,109,122,327,18.2,38,475
ABalpaapp,110,125,316,17.3,40,-45
ABalpaapp,111,117,316,17.2,40,-644
ABalpaapp,112,111,328,17.3,40,182
ABalpaapp,113,115,326,18.1,40,-574
ABalpaapp,114,114,324,18.1,40,-772
ABalpaapp,115,106,308,18.1,37,-256
ABalpaapp,116,106,308,17.0,35,-92
ABalpaappa,117,97,295,17.1,34,306
ABalpaappa,118,79,304,17.0,33,264
ABalpaappa,119,75,298,17.0,32,429
ABalpaappa,120,77,297,17.0,33,-1127
ABalpaappa,121,85,302,18.1,32,333
ABalpaappa,122,85,291,20.1,34,344
ABalpaappa,123,80,288,19.2,34,-282
ABalpaappa,124,81,282,19.2,32,-217
ABalpaappa,125,77,283,18.9,30,369
ABalpaappa,126,78,291,18.4,32,-79
ABalpaappa,127,78,291,18.4,32,90
ABalpaappa,128,89,312,18.3,26,-778
ABalpaappa,129,84,308,18.2,34,184
ABalpaappa,130,96,317,18.2,34,-449
ABalpaappa,131,104,319,18.2,34,-1185
ABalpaappa,132,100,318,19.1,34,235
ABalpaappa,133,105,311,18.2,34,399
ABalpaappa,134,109,308,19.0,32,-571
ABalpaappa,135,112,304,19.3,32,-363
ABalpaappa,136,118,306,19.3,34,260
ABalpaappa,137,112,305,20.0,34,51
ABalpaappa,138,112,297,20.1,34,1002
ABalpaappa,139,117,307,19.3,34,-763
ABalpaappa,140,112,304,20.0,34,155
ABalpaappa,141,109,304,19.2,34,-752
ABalpaappa,142,115,310,19.2,34,254
ABalpaappa,143,117,315,19.1,34,-576
ABalpaappa,144,119,310,20.2,34,-366
ABalpaappa,145,123,311,19.2,34,-73
ABalpaappa,146,125,308,20.1,34,-423
ABalpaappa,147,124,309,20.1,34,-233
ABalpaappa,148,114,308,19.2,34,-891
ABalpaappa,149,111,306,19.2,34,-1046
ABalpaappa,150,109,307,19.3,34,605
ABalpaappa,151,114,300,20.2,34,-606
ABalpaappa,152,119,299,21.0,34,10
ABalpaappa,153,118,302,20.2,31,187
ABalpaappa,154,119,302,20.2,34,-318
ABalpaappa,155,123,294,20.3,31,-73
ABalpaappa,156,131,289,20.2,34,-22
ABalpaappa,157,134,289,21.0,31,1074
ABalpaappa,158,138,292,21.0,34,-683
ABalpaappa,159,138,283,21.1,31,-1367
ABalpaappa,160,142,276,21.1,34,457
ABalpaappp,117,123,315,17.1,26,-1445
ABalpaappp,118,135,319,18.0,33,-361
ABalpaappp,119,136,319,17.1,26,-1003
ABalpaappp,120,133,325,17.8,31,-165
ABalpaappp,121,142,327,18.2,34,-772
ABalpaappp,122,130,328,18.2,34,-466
ABalpaappp,123,119,325,18.0,34,58
ABalpaappp,124,113,319,18.3,34,-157
ABalpaappp,125,119,315,18.2,34,498
ABalpaappp,126,128,316,17.2,34,-379
ABalpaappp,127,130,321,18.1,34,444
ABalpaappp,128,134,322,18.2,34,-234
ABalpaappp,129,127,327,19.3,34,-328
ABalpaappp,130,133,334,20.1,34,-109
ABalpaappp,131,128,338,20.0,34,-79
ABalpaappp,132,133,338,19.3,34,1055
ABalpaappp,133,134,332,20.0,34,-380
ABalpaappp,134,140,329,20.1,34,340
ABalpaappp,135,136,330,19.3,34,616
ABalpaappp,136,147,331,20.3,34,559
ABalpaappp,137,139,329,19.2,34,1616
ABalpaappp,138,144,321,19.1,34,-908
ABalpaappp,139,139,337,19.1,34,-603
ABalpaappp,140,142,337,19.2,34,39
ABalpaappp,141,141,327,19.1,34,396
ABalpaappp,142,143,335,21.0,34,-218
ABalpaappp,143,144,337,21.1,34,-220
ABalpaappp,144,139,331,20.1,34,384
ABalpaappp,145,144,332,20.1,34,-234
ABalpaappp,146,145,333,20.2,34,-1345
ABalpaappp,147,143,334,20.2,34,-566
ABalpaappp,148,142,333,21.0,34,-435
ABalpaappp,149,141,333,20.7,34,-514
ABalpaappp,150,140,333,20.4,34,-649
ABalpaappp,151,139,334,20.1,34,-307
ABalpaappp,152,140,332,20.1,34,743
ABalpaappp,153,139,337,21.6,31,-1271
ABalpaappp,154,143,337,20.0,34,141
ABalpaappp,155,138,328,20.1,31,-136
ABalpaappp,156,143,325,21.1,34,-8
ABalpaappp,157,149,326,21.0,31,-117
ABalpaappp,158,153,327,20.2,26,-151
ABalpaappp,159,156,318,20.1,31,-1015
ABalpaapppa,160,144,306,19.2,32,564
ABalpaapppp,160,169,324,20.9,30,-1613
ABalpap,46,153,372,14.1,39,-1438
ABalpap,47,141,376,14.8,60,-249
ABalpap,48,144,384,14.0,55,-95
ABalpap,49,150,385,14.2,55,-1271
ABalpap,50,145,384,14.2,53,-838
ABalpap,51,155,385,12.9,53,-1011
ABalpap,52,157,385,11.0,53,-1094
ABalpap,53,152,388,12.1,57,-787
ABalpap,54,166,392,11.2,55,-799
ABalpap,55,163,392,12.0,53,-943
ABalpap,56,163,389,13.0,52,-693
ABalpap,57,167,386,12.2,55,-1009
ABalpap,58,163,388,12.2,52,-1149
ABalpap,59,160,385,11.3,53,-687
ABalpap,60,155,378,13.0,52,-1489
ABalpap,61,153,374,13.0,55,-1066
ABalpap,62,150,367,13.0,51,-1195
ABalpap,63,139,361,14.2,38,-599
ABalpapa,64,111,355,15.1,35,-1016
ABalpapa,65,128,372,16.0,43,-745
ABalpapa,66,120,375,15.1,44,-361
ABalpapa,67,117,376,14.2,43,-847
ABalpapa,68,126,381,14.1,41,-250
ABalpapa,69,128,380,14.0,43,-299
ABalpapa,70,126,377,15.8,44,-584
ABalpapa,71,119,372,15.0,44,532
ABalpapa,72,110,367,14.1,44,97
ABalpapa,73,101,355,14.9,44,-875
ABalpapa,74,98,352,16.1,44,-614
ABalpapa,75,99,351,16.0,46,210
ABalpapa,76,104,354,16.1,44,-1244
ABalpapa,77,102,337,17.1,44,-1161
ABalpapa,78,102,335,17.1,46,-810
ABalpapa,79,103,336,18.1,44,-650
ABalpapa,80,102,328,18.1,31,-942
ABalpapa,81,106,321,19.1,31,-1580
ABalpapa,82,101,318,18.1,31,302
ABalpapa,83,101,318,18.1,31,-1243
ABalpapa,84,92,299,16.2,31,-999
ABalpapaa,85,70,280,16.2,39,-226
ABalpapaa,86,76,289,16.8,37,-672
ABalpapaa,87,82,299,17.4,34,-877
ABalpapaa,88,88,309,17.9,32,-224
ABalpapaa,89,94,319,18.5,29,1062
ABalpapaa,90,100,329,19.1,26,-326
ABalpapaa,91,106,333,19.0,39,-1765
ABalpapaa,92,115,332,20.0,39,-341
ABalpapaa,93,118,340,20.0,39,-170
ABalpapaa,94,118,337,20.1,39,-1494
ABalpapaa,95,124,339,20.0,39,-27
ABalpapaa,96,122,323,20.2,38,-1312
ABalpapaa,97,122,325,20.1,38,-905
ABalpapaa,98,121,318,20.6,38,-1144
ABalpapaa,99,131,311,22.0,40,-575
ABalpapaa,100,142,310,21.6,40,-203
ABalpapaa,101,138,308,22.1,40,-982
ABalpapaa,102,140,303,21.0,40,722
ABalpapaa,103,147,300,20.3,40,-688
ABalpapaa,104,155,305,20.2,40,-882
ABalpapaa,105,157,302,21.1,40,-528
ABalpapaa,106,161,303,20.2,40,-323
ABalpapaa,107,160,304,20.1,38,-899
ABalpapaa,108,157,302,20.1,40,-487
ABalpapaa,109,149,310,20.2,40,246
ABalpapaa,110,143,300,20.1,40,-328
ABalpapaa,111,143,304,21.0,40,-526
ABalpapaa,112,155,306,21.0,36,702
ABalpapaa,113,159,304,20.3,38,-785
ABalpapaa,114,161,297,21.0,36,-757
ABalpapaa,115,157,291,20.9,35,-77
ABalpapaaa,116,130,287,20.9,35,-473
ABalpapaaa,117,138,304,21.0,34,444
ABalpapaaa,118,139,306,21.2,37,-413
ABalpapaaa,119,142,310,21.2,36,-128
ABalpapaaa,120,142,314,21.1,35,157
ABalpapaaa,121,147,319,20.1,34,-216
ABalpapaaa,122,149,308,21.2,34,-835
ABalpapaaa,123,138,309,21.1,32,577
ABalpapaaa,124,143,309,21.1,34,-706
ABalpapaaa,125,146,309,21.1,34,-493
ABalpapaaa,126,149,319,21.1,34,-111
ABalpapaaa,127,152,322,21.1,34,-245
ABalpapaaa,128,152,319,21.2,34,-25
ABalpapaaa,129,161,327,20.2,34,-184
ABalpapaaa,130,161,325,21.1,34,-93
ABalpapaaa,131,160,324,21.1,34,425
ABalpapaaa,132,160,316,21.1,34,1013
ABalpapaaa,133,165,314,21.2,34,-1349
ABalpapaaa,134,170,311,21.1,34,-1223
ABalpapaaa,135,176,319,21.0,34,-945
ABalpapaaa,136,183,311,20.3,34,109
ABalpapaaa,137,182,312,21.1,34,-108
ABalpapaaa,138,180,314,21.1,34,-700
ABalpapaaa,139,178,320,21.1,34,-405
ABalpapaaa,140,177,312,21.1,34,-132
ABalpapaaa,141,177,309,21.0,34,-531
ABalpapaaa,142,186,311,20.4,34,-1110
ABalpapaaa,143,189,306,21.1,34,-783
ABalpapaaa,144,188,312,21.1,34,-83
ABalpapaaa,145,188,306,21.1,34,-1530
ABalpapaaa,146,192,311,21.1,34,-1116
ABalpapaaa,147,194,307,21.0,34,-992
ABalpapaaa,148,194,305,21.1,34,-1163
ABalpapaaa,149,187,302,20.6,34,-1061
ABalpapaaa,150,189,303,20.7,34,-657
ABalpapaaa,151,192,304,20.8,33,-667
ABalpapaaa,152,194,305,20.9,32,-459
ABalpapaaa,153,197,307,21.0,31,-107
ABalpapaaa,154,198,304,21.0,34,-925
ABalpapaaa,155,198,304,21.0,34,-443
ABalpapaaa,156,204,306,20.9,30,48
ABalpapaaa,157,203,309,20.0,29,432
ABalpapaaa,158,211,307,20.1,30,-929
ABalpapaaa,159,192,299,20.2,31,348
ABalpapaaa,160,190,299,21.0,26,844
ABalpapaap,116,173,287,20.1,35,141
ABalpapaap,117,190,283,19.3,36,-429
ABalpapaap,118,185,294,20.0,26,486
ABalpapaap,119,191,296,20.9,32,-827
ABalpapaap,120,187,299,20.2,33,-557
ABalpapaap,121,193,301,21.2,34,-1330
ABalpapaap,122,196,300,21.2,34,-2025
ABalpapaap,123,185,286,20.0,34,-736
ABalpapaap,124,189,292,21.1,34,-610
ABalpapaap,125,188,296,21.1,30,1429
ABalpapaap,126,184,295,22.0,30,137
ABalpapaap,127,193,296,20.3,26,-636
ABalpapaap,128,195,296,20.1,26,131
ABalpapaap,129,198,301,21.1,26,-511
ABalpapaap,130,202,305,21.1,26,-2080
ABalpapaap,131,206,304,21.1,34,-747
ABalpapaap,132,209,302,21.3,34,554
ABalpapaap,133,212,299,21.5,34,-495
ABalpapaap,134,215,296,21.6,35,558
ABalpapaap,135,218,293,21.8,35,-549
ABalpapaap,136,221,290,22.0,36,135
ABalpapaap,137,220,290,21.7,36,105
ABalpapaap,138,218,290,21.4,35,201
ABalpapaap,139,216,291,21.1,34,-1179
ABalpapaap,140,219,287,21.1,34,-988
ABalpapaap,141,217,285,21.0,34,818
ABalpapaap,142,220,281,21.1,34,-6
ABalpapaap,143,227,284,20.1,34,-266
ABalpapaap,144,227,284,20.1,34,-480
ABalpapaap,145,224,280,21.0,34,-839
ABalpapaap,146,221,283,21.1,34,-964
ABalpapaap,147,226,275,20.0,34,-254
ABalpapaap,148,224,289,21.1,34,87
ABalpapaap,149,224,290,21.1,30,88
ABalpapaap,150,224,291,21.1,26,450
ABalpapaap,151,225,292,21.0,34,-1142
ABalpapaap,152,226,287,21.1,34,-148
ABalpapaap,153,231,292,21.1,34,861
ABalpapaap,154,237,298,21.0,34,-727
ABalpapaap,155,237,293,21.1,31,-7
ABalpapaap,156,240,290,21.2,34,-272
ABalpapaap,157,241,297,20.2,31,63
ABalpapaap,158,249,289,21.5,34,302
ABalpapaap,159,248,290,21.1,31,-1327
ABalpapaap,160,245,291,21.6,29,-577
ABalpapap,85,116,304,19.8,43,-861
ABalpapap,86,120,305,20.0,40,-581
ABalpapap,87,136,308,20.1,40,578
ABalpapap,88,146,315,20.1,39,-337
ABalpapap,89,148,315,21.2,39,-1117
ABalpapap,90,158,328,21.1,40,-712
ABalpapap,91,159,327,21.1,39,-1295
ABalpapap,92,165,325,20.0,39,-388
ABalpapap,93,164,330,20.0,39,-264
ABalpapap,94,164,330,20.1,37,-870
ABalpapap,95,172,328,20.1,39,69
ABalpapap,96,167,314,20.0,40,-966
ABalpapap,97,165,310,20.1,40,-283
ABalpapap,98,171,312,20.1,40,-1865
ABalpapap,99,177,307,20.1,40,-648
ABalpapap,100,189,309,19.2,40,767
ABalpapap,101,183,313,20.9,36,-1000
ABalpapap,102,186,320,21.0,36,14
ABalpapap,103,189,310,20.1,38,351
ABalpapap,104,197,317,19.1,38,-646
ABalpapap,105,212,319,19.1,40,-819
ABalpapap,106,214,325,19.2,40,-318
ABalpapap,107,202,332,19.3,40,260
ABalpapap,108,201,329,20.0,40,117
ABalpapap,109,194,335,20.1,40,-15
ABalpapap,110,193,323,20.2,40,-378
ABalpapap,111,193,321,20.2,40,205
ABalpapap,112,206,320,20.2,40,-224
ABalpapap,113,216,324,20.0,36,-112
ABalpapap,114,215,324,19.1,34,-268
ABalpapapa,115,185,326,18.8,35,-443
ABalpapapa,116,184,324,18.9,35,-549
ABalpapapa,117,188,325,18.9,34,-508
ABalpapapa,118,183,337,19.0,26,-1119
ABalpapapa,119,189,337,19.2,36,-218
ABalpapapa,120,184,339,20.0,35,-468
ABalpapapa,121,185,340,19.2,34,-457
ABalpapapa,122,194,341,20.0,34,8
ABalpapapa,123,185,336,20.2,34,-91
ABalpapapa,124,188,340,20.2,34,-111
ABalpapapa,125,189,339,20.0,34,1305
ABalpapapa,126,190,346,19.4,34,-534
ABalpapapa,127,193,346,20.1,34,392
ABalpapapa,128,200,345,20.1,34,-345
ABalpapapa,129,204,347,20.1,34,19
ABalpapapa,130,206,344,20.1,34,68
ABalpapapa,131,209,343,20.1,34,-503
ABalpapapa,132,210,344,20.2,34,170
ABalpapapa,133,212,343,20.2,34,134
ABalpapapa,134,221,339,20.2,34,-240
ABalpapapa,135,228,340,21.0,34,-585
ABalpapapa,136,230,337,20.2,34,661
ABalpapapa,137,236,337,21.0,34,637
ABalpapapa,138,233,335,20.2,34,-485
ABalpapapa,139,230,335,21.0,34,14
ABalpapapa,140,237,331,20.2,34,88
ABalpapapa,141,240,329,20.1,34,-844
ABalpapapa,142,240,329,20.1,34,-860
ABalpapapa,143,245,324,20.1,34,65
ABalpapapa,144,253,325,20.1,34,-264
ABalpapapa,145,256,322,19.2,34,-893
ABalpapapa,146,254,322,20.0,34,198
ABalpapapa,147,256,323,20.0,34,163
ABalpapapa,148,260,327,20.1,34,-614
ABalpapapa,149,252,325,20.0,32,-872
ABalpapapa,150,252,326,20.0,34,91
ABalpapapa,151,254,330,20.1,34,-370
ABalpapapa,152,247,327,20.0,34,-672
ABalpapapa,153,257,328,20.1,29,-558
ABalpapapa,154,262,327,20.0,30,-189
ABalpapapaa,155,242,324,20.1,29,191
ABalpapapaa,156,242,324,20.1,29,-156
ABalpapapaa,157,243,331,20.1,26,-1153
ABalpapapaa,158,251,327,19.3,26,-242
ABalpapapaa,159,257,324,19.3,31,-1081
ABalpapapaa,160,258,326,19.9,30,-509
ABalpapapap,155,288,328,20.0,29,-368
ABalpapapap,156,293,326,20.1,30,-785
ABalpapapap,157,297,327,20.9,29,-533
ABalpapapap,158,306,337,20.1,34,-785
ABalpapapap,159,306,337,20.1,34,34
ABalpapapap,160,304,334,21.0,26,-181
ABalpapapp,115,236,321,20.0,35,735
ABalpapapp,116,237,324,20.0,35,-570
ABalpapapp,117,237,327,20.9,34,302
ABalpapapp,118,234,327,20.9,33,272
ABalpapapp,119,235,331,20.9,32,-1261
ABalpapapp,120,234,337,21.1,31,-474
ABalpapapp,121,239,336,21.1,32,-1014
ABalpapapp,122,240,335,21.1,34,-221
ABalpapapp,123,231,336,21.1,32,-815
ABalpapapp,124,235,343,21.2,34,-111
ABalpapapp,125,235,348,21.1,34,-857
ABalpapapp,126,237,354,21.2,34,-865
ABalpapapp,127,245,343,21.2,34,-485
ABalpapapp,128,241,348,21.2,34,-471
ABalpapapp,129,254,348,21.2,34,-406
ABalpapapp,130,260,353,21.2,34,-398
ABalpapapp,131,256,347,21.1,32,-824
ABalpapapp,132,263,346,21.0,34,-617
ABalpapapp,133,271,348,21.1,34,-285
ABalpapapp,134,270,349,21.1,32,-554
ABalpapapp,135,277,347,20.3,34,-212
ABalpapapp,136,278,345,21.0,30,-692
ABalpapapp,137,280,355,20.2,34,318
ABalpapapp,138,284,353,20.2,34,-145
ABalpapapp,139,285,350,20.2,34,-312
ABalpapapp,140,288,351,20.2,34,-1280
ABalpapapp,141,287,351,21.0,34,-1436
ABalpapapp,142,284,345,21.0,34,161
ABalpapapp,143,285,347,21.2,34,-1199
ABalpapapp,144,287,349,21.4,34,273
ABalpapapp,145,289,352,21.6,33,432
ABalpapapp,146,291,354,21.8,33,-39
ABalpapapp,147,293,357,22.0,32,-1506
ABalpapapp,148,293,357,21.8,32,-1172
ABalpapapp,149,293,356,21.7,32,-307
ABalpapapp,150,293,356,21.5,32,1353
ABalpapapp,151,293,355,21.3,32,-649
ABalpapapp,152,293,355,21.2,32,328
ABalpapapp,153,294,354,21.0,32,-592
ABalpapapp,154,295,357,20.7,32,-1036
ABalpapapp,155,297,361,20.4,33,418
ABalpapapp,156,299,365,20.1,34,343
ABalpapapp,157,297,368,20.1,26,540
ABalpapapp,158,290,371,20.6,26,-359
ABalpapapp,159,289,376,21.5,26,519
ABalpapapp,160,297,380,21.0,26,-30
ABalpapp,64,177,386,14.2,35,-1177
ABalpapp,65,196,387,14.0,43,-390
ABalpapp,66,203,392,15.0,40,-1269
ABalpapp,67,209,405,13.0,43,-1384
ABalpapp,68,212,404,11.2,45,-858
ABalpapp,69,210,402,11.1,45,-1394
ABalpapp,70,208,399,13.0,44,-1427
ABalpapp,71,205,393,14.0,46,-1123
ABalpapp,72,197,394,14.0,46,-562
ABalpapp,73,183,387,15.0,44,-503
ABalpapp,74,177,383,15.1,48,-353
ABalpapp,75,171,367,15.2,46,-506
ABalpapp,76,170,370,17.0,48,-1044
ABalpapp,77,171,367,17.1,48,-491
ABalpapp,78,173,361,18.1,48,-1196
ABalpapp,79,177,357,19.1,48,-525
ABalpapp,80,177,347,19.1,48,-1242
ABalpapp,81,178,339,19.1,44,-482
ABalpapp,82,167,331,18.2,36,-463
ABalpappa,83,140,324,18.1,42,-84
ABalpappa,84,133,313,19.2,40,-1549
ABalpappa,85,144,305,20.1,30,-402
ABalpappa,86,153,287,20.9,42,-528
ABalpappa,87,160,277,21.0,40,51
ABalpappa,88,161,280,21.0,39,-1371
ABalpappa,89,165,282,21.0,37,67
ABalpappa,90,180,292,20.3,38,-14
ABalpappa,91,182,297,21.0,39,-442
ABalpappa,92,187,290,20.0,39,-473
ABalpappa,93,188,292,20.2,39,717
ABalpappa,94,187,288,20.1,39,-614
ABalpappa,95,195,288,20.2,39,-553
ABalpappa,96,198,281,20.1,40,-1220
ABalpappa,97,206,289,20.1,40,-133
ABalpappa,98,209,296,20.0,40,-612
ABalpappa,99,217,296,20.1,40,-726
ABalpappa,100,226,296,20.0,40,-241
ABalpappa,101,225,294,20.1,38,-464
ABalpappa,102,229,288,20.1,38,-910
ABalpappa,103,228,291,19.2,40,-846
ABalpappa,104,231,287,20.2,40,-456
ABalpappa,105,227,279,20.1,40,-611
ABalpappa,106,230,289,20.1,40,-264
ABalpappa,107,220,290,20.1,38,285
ABalpappa,108,216,286,19.2,34,366
ABalpappa,109,215,290,19.2,40,-573
ABalpappaa,110,189,280,20.0,36,206
ABalpappaa,111,190,274,20.1,36,-746
ABalpappaa,112,196,275,20.1,36,-82
ABalpappaa,113,203,277,20.1,36,-71
ABalpappaa,114,197,274,20.1,36,-208
ABalpappaa,115,198,279,19.3,37,-195
ABalpappaa,116,209,283,20.1,39,-20
ABalpappaa,117,214,280,19.1,26,-41
ABalpappaa,118,211,280,20.1,37,-1064
ABalpappaa,119,211,277,20.2,36,-500
ABalpappaa,120,210,281,20.0,35,-967
ABalpappaa,121,216,277,20.2,32,170
ABalpappaa,122,217,277,20.2,32,-131
ABalpappaa,123,211,282,20.1,34,-813
ABalpappaa,124,215,290,19.2,34,-393
ABalpappaa,125,216,298,20.0,30,-650
ABalpappaa,126,212,307,19.3,34,-588
ABalpappaa,127,214,302,20.0,34,-196
ABalpappaa,128,219,299,19.1,34,-427
ABalpappaa,129,218,297,19.2,34,-911
ABalpappaa,130,222,303,19.2,32,-1700
ABalpappaa,131,219,302,19.0,34,-566
ABalpappaa,132,225,298,20.0,34,-289
ABalpappaa,133,230,297,20.2,34,-548
ABalpappaa,134,226,296,19.3,34,-50
ABalpappaa,135,227,301,19.1,34,-676
ABalpappaa,136,229,295,20.0,34,-295
ABalpappaa,137,228,294,19.1,34,89
ABalpappaa,138,225,289,20.0,34,-331
ABalpappaa,139,227,297,18.2,32,1312
ABalpappaa,140,228,300,18.1,32,-625
ABalpappaa,141,224,299,18.3,34,-340
ABalpappaa,142,224,292,18.3,34,433
ABalpappaa,143,224,292,18.3,34,523
ABalpappaa,144,223,283,18.2,34,-942
ABalpappaa,145,227,283,18.2,34,192
ABalpappaa,146,227,281,18.4,34,974
ABalpappaa,147,226,278,18.7,34,1477
ABalpappaa,148,226,276,18.9,34,691
ABalpappaa,149,225,273,19.1,34,-72
ABalpappaa,150,223,275,19.1,34,-199
ABalpappaa,151,224,274,19.0,34,-76
ABalpappaa,152,225,276,18.2,34,-405
ABalpappaa,153,232,282,18.2,31,-523
ABalpappaaa,154,220,273,17.2,31,981
ABalpappaaa,155,215,271,17.2,31,-34
ABalpappaaa,156,218,283,17.2,31,538
ABalpappaaa,157,217,282,17.1,31,-396
ABalpappaaa,158,216,281,17.0,32,-366
ABalpappaaa,159,217,278,16.1,31,39
ABalpappaaa,160,221,272,15.2,26,75
ABalpappaap,154,240,301,19.0,26,521
ABalpappaap,155,243,300,18.2,31,552
ABalpappaap,156,241,309,18.1,26,-1016
ABalpappaap,157,241,309,18.1,26,-200
ABalpappaap,158,240,301,18.0,26,-2137
ABalpappaap,159,236,299,17.3,31,262
ABalpappaap,160,238,294,18.0,34,-280
ABalpappap,110,246,288,19.1,34,249
ABalpappap,111,248,290,20.0,34,-1346
ABalpappap,112,251,298,19.9,36,-516
ABalpappap,113,253,290,20.0,36,-227
ABalpappap,114,248,289,19.1,26,-633
ABalpappap,115,248,289,19.1,26,-19
ABalpappap,116,246,277,20.1,39,-365
ABalpappap,117,250,280,20.1,36,-531
ABalpappap,118,251,276,20.1,37,147
ABalpappap,119,251,282,20.2,36,-96
ABalpappap,120,243,278,20.1,35,169
ABalpappap,121,249,270,19.1,34,-48
ABalpappap,122,251,274,20.0,34,-647
ABalpappap,123,243,285,20.1,34,-115
ABalpappap,124,245,286,20.1,34,-347
ABalpappap,125,244,291,20.1,34,18
ABalpappap,126,247,294,20.9,30,-561
ABalpappap,127,248,296,20.0,34,-247
ABalpappap,128,252,299,19.1,34,-428
ABalpappap,129,253,298,19.2,34,-802
ABalpappap,130,258,302,18.2,34,418
ABalpappap,131,260,293,18.3,34,-795
ABalpappap,132,263,294,19.1,34,-654
ABalpappap,133,263,294,19.1,34,-611
ABalpappap,134,267,294,20.1,34,366
ABalpappap,135,267,292,19.2,34,25
ABalpappap,136,274,294,20.0,34,-43
ABalpappap,137,268,291,19.3,34,-153
ABalpappap,138,268,287,19.2,34,315
ABalpappap,139,267,285,19.2,34,181
ABalpappap,140,266,282,19.2,33,-707
ABalpappap,141,265,280,19.1,33,-229
ABalpappap,142,264,277,19.1,32,375
ABalpappap,143,270,281,19.1,30,614
ABalpappapa,144,251,281,20.0,26,-70
ABalpappapa,145,249,282,20.0,26,-59
ABalpappapa,146,247,283,20.0,26,-1368
ABalpappapa,147,250,286,19.6,29,-1315
ABalpappapa,148,254,290,19.2,32,1908
ABalpappapa,149,253,286,19.0,26,-752
ABalpappapa,150,254,287,18.1,34,349
ABalpappapa,151,255,296,19.2,34,-259
ABalpappapa,152,256,293,18.6,30,495
ABalpappapa,153,258,290,18.0,26,-618
ABalpappapa,154,258,289,18.7,28,801
ABalpappapa,155,258,288,19.3,31,-379
ABalpappapa,156,259,287,20.0,34,152
ABalpappapa,157,264,293,20.2,26,-1812
ABalpappapa,158,262,288,19.1,28,1155
ABalpappapa,159,259,283,18.0,30,-374
ABalpappapa,160,250,283,19.5,26,-787
ABalpappapp,144,294,279,19.0,30,-11
ABalpappapp,145,300,279,19.0,30,-735
ABalpappapp,146,298,277,19.1,34,35
ABalpappapp,147,299,276,18.2,32,-804
ABalpappapp,148,301,268,19.0,30,-1116
ABalpappapp,149,294,269,19.2,34,33
ABalpappapp,150,298,268,19.2,34,-1186
ABalpappapp,151,302,274,19.2,34,444
ABalpappapp,152,304,269,19.1,26,1614
ABalpappapp,153,306,272,18.3,31,-803
ABalpappapp,154,305,270,18.1,32,-844
ABalpappapp,155,304,262,20.0,31,43
ABalpappapp,156,299,264,19.1,30,34
ABalpappapp,157,302,261,20.1,31,158
ABalpappapp,158,300,258,19.2,32,621
ABalpappapp,159,299,251,20.2,31,194
ABalpappapp,160,299,242,21.0,30,-1698
ABalpappp,83,196,335,18.2,40,-423
ABalpappp,84,201,333,19.9,44,-414
ABalpappp,85,207,329,20.0,39,79
ABalpappp,86,221,324,20.1,42,-194
ABalpappp,87,227,334,20.0,40,121
ABalpappp,88,235,337,20.2,37,85
ABalpappp,89,228,332,21.0,37,824
ABalpappp,90,230,329,20.9,36,-359
ABalpappp,91,232,320,20.0,39,-211
ABalpappp,92,231,324,21.0,39,-441
ABalpappp,93,234,321,21.0,39,-433
ABalpappp,94,233,305,21.1,39,-80
ABalpappp,95,240,299,21.0,39,-365
ABalpappp,96,242,286,20.1,40,-390
ABalpappp,97,245,279,20.1,40,-1595
ABalpappp,98,248,281,20.1,40,-784
ABalpappp,99,255,281,20.1,40,-1098
ABalpappp,100,266,277,20.1,40,-639
ABalpappp,101,268,277,20.0,40,-416
ABalpappp,102,272,277,20.1,40,150
ABalpappp,103,267,279,19.1,38,226
ABalpappp,104,276,285,19.1,38,-233
ABalpappp,105,279,284,19.1,40,-323
ABalpappp,106,275,280,18.1,40,-665
ABalpappp,107,270,289,18.0,38,-906
ABalpappp,108,272,276,17.2,34,-1215
ABalpapppa,109,249,275,18.0,36,-740
ABalpapppa,110,252,269,17.0,36,393
ABalpapppa,111,245,264,17.1,36,-627
ABalpapppa,112,243,260,18.0,36,-139
ABalpapppa,113,240,266,17.9,36,-560
ABalpapppa,114,237,275,17.9,36,207
ABalpapppa,115,236,276,17.3,39,466
ABalpapppa,116,237,272,18.1,39,-702
ABalpapppa,117,248,267,18.1,36,-510
ABalpapppa,118,247,260,17.9,33,-79
ABalpapppa,119,245,253,17.9,32,694
ABalpapppa,120,242,255,17.2,35,-475
ABalpapppa,121,249,256,17.1,34,-592
ABalpapppa,122,249,259,17.1,34,483
ABalpapppa,123,240,258,18.0,30,549
ABalpapppa,124,242,256,18.1,34,-15
ABalpapppa,125,247,260,18.0,30,-274
ABalpapppa,126,247,265,18.1,32,-786
ABalpapppa,127,247,265,17.3,34,1185
ABalpapppa,128,251,269,17.1,34,-857
ABalpapppa,129,248,267,17.1,34,215
ABalpapppa,130,255,266,17.2,32,-421
ABalpapppa,131,254,269,17.1,34,131
ABalpapppa,132,248,268,17.0,30,60
ABalpapppa,133,250,265,17.2,34,-450
ABalpapppa,134,252,271,17.3,34,-251
ABalpapppa,135,251,273,17.1,34,-447
ABalpapppa,136,251,269,17.2,34,-549
ABalpapppa,137,253,271,17.0,34,-500
ABalpapppa,138,257,269,17.0,34,478
ABalpapppa,139,256,269,17.1,32,-154
ABalpapppa,140,261,272,16.2,34,-2
ABalpapppa,141,260,273,17.0,34,-672
ABalpapppa,142,253,280,16.2,34,-771
ABalpapppa,143,248,279,16.1,34,-432
ABalpapppa,144,255,277,16.2,34,165
ABalpapppa,145,254,271,16.2,34,44
ABalpapppa,146,256,267,16.2,34,-934
ABalpapppa,147,259,265,17.0,34,-188
ABalpapppa,148,261,268,17.0,34,104
ABalpapppa,149,257,268,16.1,34,311
ABalpapppa,150,260,269,17.0,32,-55
ABalpapppa,151,260,275,16.2,34,1040
ABalpapppa,152,263,271,16.2,34,-745
ABalpapppa,153,261,275,16.1,31,-431
ABalpapppa,154,261,275,16.2,32,-682
ABalpapppa,155,262,271,17.1,31,-1075
ABalpapppa,156,261,276,16.2,34,-206
ABalpapppa,157,260,275,16.3,31,-390
ABalpapppa,158,262,277,16.2,34,-939
ABalpapppa,159,260,271,16.1,31,-613
ABalpapppa,160,260,273,16.1,34,-286
ABalpapppp,109,300,288,19.1,34,582
ABalpapppp,110,305,280,19.1,34,-616
ABalpapppp,111,301,281,18.9,36,355
ABalpapppp,112,298,285,18.1,38,-649
ABalpapppp,113,301,286,17.2,38,-17
ABalpapppp,114,305,291,18.1,38,-1106
ABalpapppp,115,297,298,18.1,39,-574
ABalpapppp,116,293,301,18.1,39,-536
ABalpapppp,117,292,302,18.1,38,-638
ABalpapppp,118,280,298,18.1,37,-289
ABalpapppp,119,279,296,18.1,36,-523
ABalpapppp,120,281,305,17.2,35,-1300
ABalpapppp,121,278,310,18.1,34,-580
ABalpapppp,122,282,304,18.0,34,-233
ABalpapppp,123,274,307,18.1,34,-98
ABalpapppp,124,278,310,18.1,34,-219
ABalpapppp,125,284,309,18.0,34,-709
ABalpapppp,126,283,319,18.2,34,-311
ABalpapppp,127,289,322,18.1,34,11
ABalpapppp,128,303,306,18.0,34,-845
ABalpapppp,129,297,313,19.0,34,-833
ABalpapppp,130,303,303,18.2,34,-537
ABalpapppp,131,305,310,17.1,34,267
ABalpapppp,132,299,313,18.0,34,331
ABalpapppp,133,297,311,17.6,34,-629
ABalpapppp,134,295,309,17.2,34,-549
ABalpapppp,135,296,311,17.2,34,-538
ABalpapppp,136,297,310,18.0,34,-910
ABalpapppp,137,300,312,17.2,34,-233
ABalpapppp,138,302,310,17.2,30,-781
ABalpappppa,139,274,307,17.8,30,185
ABalpappppa,140,272,310,17.0,30,-535
ABalpappppa,141,274,308,17.9,30,175
ABalpappppa,142,272,303,16.1,34,-308
ABalpappppa,143,277,305,16.1,34,-66
ABalpappppa,144,269,311,16.0,34,-230
ABalpappppa,145,269,311,16.0,34,-489
ABalpappppa,146,269,313,17.1,34,-893
ABalpappppa,147,270,309,17.9,30,-102
ABalpappppa,148,273,310,18.2,29,418
ABalpappppa,149,277,312,18.5,28,-809
ABalpappppa,150,281,314,18.7,27,830
ABalpappppa,151,285,316,19.0,26,-981
ABalpappppa,152,282,306,18.0,34,472
ABalpappppa,153,286,304,19.0,31,-921
ABalpappppa,154,288,297,18.1,31,565
ABalpappppa,155,290,290,17.2,31,-605
ABalpappppa,156,287,294,18.0,34,-254
ABalpappppa,157,284,298,18.1,31,-231
ABalpappppa,158,287,298,18.2,34,-96
ABalpappppa,159,280,286,17.3,26,-1186
ABalpappppa,160,278,294,18.1,34,-300
ABalpappppp,139,323,301,16.1,30,-967
ABalpappppp,140,331,298,16.1,30,-247
ABalpappppp,141,328,296,16.0,30,-758
ABalpappppp,142,326,296,16.1,34,818
ABalpappppp,143,325,293,16.6,32,-771
ABalpappppp,144,323,289,17.0,30,-1009
ABalpappppp,145,325,288,17.3,30,-313
ABalpappppp,146,327,287,17.7,30,-621
ABalpappppp,147,330,286,18.0,30,8
ABalpappppp,148,329,286,18.0,30,-236
ABalpappppp,149,327,285,18.0,31,-752
ABalpappppp,150,326,285,18.0,32,-328
ABalpappppp,151,324,284,18.0,33,-309
ABalpappppp,152,322,283,18.0,34,12
ABalpappppp,153,322,283,18.0,34,-124
ABalpappppp,154,326,285,17.1,26,-1611
ABalpappppp,155,327,285,18.0,26,-1198
ABalpappppp,156,322,287,17.2,34,-341
ABalpappppp,157,317,285,18.1,31,-1229
ABalpappppp,158,314,283,17.2,34,168
ABalpappppp,159,309,274,18.0,31,-732
ABalpappppp,160,302,271,19.0,34,72
ABalpp,31,153,317,9.0,56,-1388
ABalpp,32,164,329,7.8,56,-1633
ABalpp,33,176,329,6.3,58,-3339
ABalpp,34,178,321,5.1,60,-2764
ABalpp,35,164,308,5.2,56,-2861
ABalpp,36,157,301,5.8,58,-3830
ABalpp,37,166,300,5.9,58,-3489
ABalpp,38,177,308,5.9,59,-3257
ABalpp,39,193,319,5.9,59,-3559
ABalpp,40,191,323,5.9,59,-3239
ABalpp,41,189,326,6.1,63,-3404
ABalpp,42,198,328,6.6,60,-3424
ABalpp,43,195,325,6.9,60,-3328
ABalpp,44,198,325,7.1,63,-3220
ABalpp,45,200,319,7.8,62,-2178
ABalpp,46,196,332,7.7,61,-2415
ABalppa,47,161,314,5.1,38,-1652
ABalppa,48,153,322,5.1,55,-1825
ABalppa,49,145,320,5.0,53,-1976
ABalppa,50,143,310,5.0,53,-2893
ABalppa,51,146,312,5.9,53,-2488
ABalppa,52,134,310,5.9,53,-2717
ABalppa,53,138,314,6.1,55,-2095
ABalppa,54,143,310,6.1,53,-2499
ABalppa,55,141,310,6.8,53,-1676
ABalppa,56,146,322,6.4,54,-2969
ABalppa,57,143,322,7.1,53,-2004
ABalppa,58,148,317,6.2,52,-2894
ABalppa,59,155,312,5.4,53,-2700
ABalppa,60,146,309,5.9,52,-3344
ABalppa,61,151,320,5.9,51,-2340
ABalppa,62,155,322,5.9,51,-3740
ABalppa,63,149,316,6.8,50,-2345
ABalppa,64,132,317,6.9,47,-1803
ABalppaa,65,117,305,5.1,37,-2375
ABalppaa,66,111,291,5.0,40,-2394
ABalppaa,67,108,281,4.9,39,-3589
ABalppaa,68,113,278,5.0,41,-1574
ABalppaa,69,107,284,5.0,43,-2438
ABalppaa,70,103,289,5.9,44,-2988
ABalppaa,71,113,290,5.0,44,-3344
ABalppaa,72,115,295,4.9,44,-2277
ABalppaa,73,111,300,5.0,44,-2332
ABalppaa,74,112,304,5.1,46,-2802
ABalppaa,75,107,307,6.0,44,-3438
ABalppaa,76,109,324,6.1,44,-2787
ABalppaa,77,104,336,7.4,46,-179
ABalppaa,78,102,336,8.9,44,-1800
ABalppaa,79,104,340,8.1,44,-499
ABalppaa,80,102,346,9.0,44,-576
ABalppaa,81,95,344,10.0,44,-1269
ABalppaa,82,90,347,10.1,44,-518
ABalppaa,83,95,342,8.9,44,-1478
ABalppaa,84,90,338,8.9,44,-945
ABalppaa,85,88,336,10.1,45,-942
ABalppaa,86,98,347,10.1,44,-586
ABalppaa,87,108,357,11.9,40,-1120
ABalppaa,88,114,357,11.2,41,-665
ABalppaa,89,113,345,12.2,41,-1127
ABalppaaa,90,120,333,12.0,36,350
ABalppaaa,91,119,321,13.0,35,-1888
ABalppaaa,92,126,321,13.1,37,-1081
ABalppaaa,93,130,314,13.1,39,-381
ABalppaaa,94,139,300,13.1,39,-415
ABalppaaa,95,150,300,13.2,39,-830
ABalppaaa,96,153,296,14.1,36,-668
ABalppaaa,97,160,295,14.9,36,-549
ABalppaaa,98,153,295,14.2,38,-569
ABalppaaa,99,148,297,14.3,38,64
ABalppaaa,100,143,306,15.1,38,-799
ABalppaaa,101,137,309,14.5,40,-346
ABalppaaa,102,141,317,15.1,40,171
ABalppaaa,103,138,317,15.1,40,316
ABalppaaa,104,128,328,15.2,40,-561
ABalppaaa,105,116,333,16.1,26,-661
ABalppaaa,106,110,334,16.9,36,-370
ABalppaaa,107,111,332,16.9,36,-902
ABalppaaa,108,111,332,16.9,36,-569
ABalppaaa,109,103,335,15.1,36,-1054
ABalppaaa,110,102,336,14.1,36,-125
ABalppaaa,111,100,331,14.9,36,-43
ABalppaaa,112,106,347,14.1,38,-204
ABalppaaa,113,105,344,13.3,38,-201
ABalppaaa,114,104,342,14.0,36,-350
ABalppaaa,115,98,337,13.2,37,-54
ABalppaaa,116,98,346,14.0,37,-66
ABalppaaa,117,94,343,13.3,38,-589
ABalppaaa,118,94,338,14.1,37,-677
ABalppaaa,119,94,337,15.2,36,-1080
ABalppaaa,120,97,332,14.2,35,254
ABalppaaa,121,105,333,15.0,34,16
ABalppaaa,122,97,327,14.1,34,-139
ABalppaaaa,123,84,310,13.1,30,-371
ABalppaaaa,124,82,293,12.9,30,-751
ABalppaaaa,125,81,301,12.0,30,23
ABalppaaaa,126,79,308,12.1,30,-356
ABalppaaaa,127,85,317,12.0,30,97
ABalppaaaa,128,91,320,13.0,30,64
ABalppaaaa,129,88,317,12.5,32,329
ABalppaaaa,130,84,314,13.4,32,309
ABalppaaaa,131,82,324,13.2,30,-92
ABalppaaaa,132,82,315,13.9,30,819
ABalppaaaa,133,82,315,14.1,30,-454
ABalppaaaa,134,83,313,14.1,30,736
ABalppaaaa,135,93,315,13.9,30,-331
ABalppaaaa,136,94,312,14.9,30,691
ABalppaaaa,137,94,312,14.9,30,402
ABalppaaaa,138,94,309,15.4,31,1643
ABalppaaaa,139,95,306,16.0,32,141
ABalppaaaa,140,96,303,16.5,33,-777
ABalppaaaa,141,97,300,17.0,34,-7
ABalppaaaa,142,95,299,16.2,32,-301
ABalppaaaa,143,95,305,17.1,34,411
ABalppaaaa,144,98,306,16.1,34,227
ABalppaaaa,145,96,304,16.1,34,-401
ABalppaaaa,146,95,310,16.0,30,1604
ABalppaaaa,147,96,309,16.2,34,76
ABalppaaaa,148,95,313,15.1,34,-454
ABalppaaaa,149,92,316,15.1,32,261
ABalppaaaa,150,97,327,16.0,32,-440
ABalppaaaa,151,101,329,16.1,34,-737
ABalppaaaa,152,106,327,15.0,34,-224
ABalppaaaa,153,106,332,16.0,31,-359
ABalppaaaa,154,109,333,16.1,34,-1092
ABalppaaaa,155,108,327,17.1,31,-858
ABalppaaaa,156,106,328,18.0,34,-335
ABalppaaaa,157,108,329,18.1,31,-780
ABalppaaaa,158,109,329,17.2,34,346
ABalppaaaa,159,112,325,18.1,31,-467
ABalppaaaa,160,108,315,19.0,34,465
ABalppaaap,123,97,330,14.6,34,-545
ABalppaaap,124,96,334,15.1,34,-265
ABalppaaap,125,99,345,14.2,34,773
ABalppaaap,126,104,348,14.1,34,-826
ABalppaaap,127,102,355,13.3,34,-409
ABalppaaap,128,108,356,15.0,34,-686
ABalppaaap,129,106,354,14.4,34,-888
ABalppaaap,130,103,357,15.1,34,-475
ABalppaaap,131,103,357,15.1,34,-443
ABalppaaap,132,98,346,14.3,34,537
ABalppaaap,133,109,349,14.2,34,-823
ABalppaaap,134,107,345,14.2,34,-294
ABalppaaap,135,108,351,15.0,26,628
ABalppaaap,136,108,342,15.1,26,-329
ABalppaaap,137,105,342,15.1,34,432
ABalppaaap,138,105,342,15.1,34,232
ABalppaaap,139,102,329,14.2,26,-856
ABalppaaap,140,105,336,15.1,26,296
ABalppaaap,141,104,335,15.2,34,6
ABalppaaap,142,103,336,15.1,34,545
ABalppaaap,143,102,334,15.2,32,111
ABalppaaap,144,107,338,15.3,34,307
ABalppaaap,145,110,336,15.2,34,-349
ABalppaaap,146,107,344,15.4,34,-247
ABalppaaap,147,111,340,15.3,34,552
ABalppaaap,148,109,342,15.3,34,1303
ABalppaaap,149,107,345,14.3,34,-1054
ABalppaaap,150,115,352,15.3,34,450
ABalppaaap,151,123,359,16.2,34,-624
ABalppaaap,152,123,357,16.0,34,-180
ABalppaaap,153,122,367,16.4,31,-1100
ABalppaaap,154,125,364,17.1,32,215
ABalppaaap,155,125,362,17.2,31,1311
ABalppaaap,156,128,361,17.3,34,1357
ABalppaaap,157,128,366,18.0,31,699
ABalppaaap,158,131,369,18.1,34,-231
ABalppaaap,159,137,371,18.1,31,233
ABalppaaap,160,125,366,18.1,34,341
ABalppaap,90,117,367,13.1,36,406
ABalppaap,91,122,378,14.0,35,-231
ABalppaap,92,126,380,13.9,35,-922
ABalppaap,93,133,380,14.0,35,-1035
ABalppaap,94,133,374,13.2,37,-486
ABalppaap,95,130,372,14.1,39,-556
ABalppaap,96,128,366,14.1,36,-163
ABalppaap,97,139,358,15.1,38,-333
ABalppaap,98,133,359,14.5,38,-502
ABalppaap,99,132,355,15.2,38,248
ABalppaap,100,132,358,16.0,40,-273
ABalppaap,101,138,358,16.3,38,-320
ABalppaap,102,139,360,17.0,38,-798
ABalppaap,103,128,358,16.2,38,497
ABalppaap,104,127,365,17.0,36,961
ABalppaap,105,130,367,17.0,36,-64
ABalppaap,106,128,361,18.0,36,-970
ABalppaap,107,131,366,17.0,38,169
ABalppaap,108,128,366,16.0,36,327
ABalppaap,109,124,368,15.2,38,454
ABalppaap,110,128,360,16.0,40,663
ABalppaap,111,128,363,16.1,38,231
ABalppaap,112,131,372,16.0,36,-1100
ABalppaap,113,132,371,15.2,38,-1047
ABalppaap,114,120,370,16.1,38,-990
ABalppaap,115,121,364,16.0,37,311
ABalppaap,116,122,368,15.3,39,293
ABalppaap,117,118,370,16.1,38,-254
ABalppaap,118,114,371,17.2,37,203
ABalppaap,119,117,368,17.2,36,-138
ABalppaap,120,119,370,17.1,35,-542
ABalppaap,121,131,368,16.2,32,-44
ABalppaapa,122,108,352,17.0,30,231
ABalppaapa,123,93,349,17.0,30,-341
ABalppaapa,124,100,346,18.1,30,-214
ABalppaapa,125,109,350,19.0,30,-6
ABalppaapa,126,116,355,18.0,30,-240
ABalppaapa,127,120,365,18.0,30,948
ABalppaapa,128,128,370,18.0,30,241
ABalppaapa,129,125,369,18.1,30,79
ABalppaapa,130,129,375,18.2,32,699
ABalppaapa,131,129,378,18.2,32,-172
ABalppaapa,132,126,375,18.1,34,92
ABalppaapa,133,130,376,18.0,30,-337
ABalppaapa,134,129,371,17.2,30,192
ABalppaapa,135,131,372,17.9,30,535
ABalppaapa,136,140,373,18.0,30,-328
ABalppaapa,137,138,372,16.9,30,-483
ABalppaapa,138,134,371,16.2,34,664
ABalppaapa,139,138,375,16.9,30,295
ABalppaapa,140,149,374,17.1,30,754
ABalppaapa,141,151,367,17.9,30,-125
ABalppaapa,142,156,374,17.1,32,-358
ABalppaapa,143,158,371,17.3,32,-181
ABalppaapa,144,164,375,18.0,34,88
ABalppaapa,145,166,375,18.0,34,44
ABalppaapa,146,171,375,18.0,34,39
ABalppaapa,147,173,378,18.0,34,1497
ABalppaapa,148,173,378,18.0,34,-498
ABalppaapa,149,176,383,18.1,34,-800
ABalppaapa,150,178,393,20.0,30,1226
ABalppaapa,151,179,393,19.6,28,1245
ABalppaapa,152,180,394,19.1,26,747
ABalppaapa,153,184,397,19.2,31,-189
ABalppaapa,154,188,394,20.0,34,759
ABalppaapa,155,188,394,20.0,34,1500
ABalppaapa,156,190,397,20.0,26,2310
ABalppaapa,157,194,398,19.0,31,169
ABalppaapa,158,198,399,19.1,34,659
ABalppaapa,159,192,398,20.0,31,369
ABalppaapa,160,194,397,19.2,30,181
ABalppaapp,122,145,372,15.9,30,28
ABalppaapp,123,134,363,15.9,30,139
ABalppaapp,124,132,365,15.2,32,-1315
ABalppaapp,125,134,376,15.1,34,291
ABalppaapp,126,139,377,15.0,34,-222
ABalppaapp,127,145,380,14.1,32,-1395
ABalppaapp,128,149,384,14.2,32,-524
ABalppaapp,129,145,384,15.0,34,-991
ABalppaapp,130,146,388,15.0,34,-594
ABalppaapp,131,148,395,15.1,34,-561
ABalppaapp,132,146,391,15.0,34,-336
ABalppaapp,133,146,391,15.0,34,-66
ABalppaapp,134,156,390,15.1,34,-634
ABalppaapp,135,158,387,17.0,36,502
ABalppaapp,136,162,386,17.0,36,138
ABalppaapp,137,166,384,17.0,36,-60
ABalppaapp,138,170,383,17.0,35,-542
ABalppaapp,139,174,381,17.0,35,433
ABalppaapp,140,178,379,17.0,34,-72
ABalppaapp,141,180,381,17.3,33,458
ABalppaapp,142,182,384,17.5,32,1486
ABalppaapp,143,184,386,17.8,31,-156
ABalppaapp,144,187,389,18.0,30,-412
ABalppaapp,145,189,390,18.3,30,-1079
ABalppaapp,146,192,392,18.5,30,-472
ABalppaapp,147,194,393,18.8,30,334
ABalppaapp,148,197,395,19.0,30,476
ABalppaapp,149,199,396,18.7,29,-32
ABalppaapp,150,202,397,18.4,28,-589
ABalppaapp,151,205,399,19.1,26,-161
ABalppaapp,152,207,401,19.1,26,-453
ABalppaapp,153,209,404,19.0,26,-36
ABalppaapp,154,212,401,19.1,26,-172
ABalppaapp,155,212,401,19.1,26,460
ABalppaapp,156,216,396,20.0,26,-368
ABalppaapp,157,217,401,19.1,26,1174
ABalppaapp,158,217,401,19.1,26,320
ABalppaapp,159,213,387,18.2,31,273
ABalppaapp,160,212,384,18.0,30,-1023
ABalppap,65,159,350,6.0,39,-2979
ABalppap,66,148,348,5.9,40,-2777
ABalppap,67,146,348,4.3,43,-602
ABalppap,68,146,356,5.2,43,-3014
ABalppap,69,154,362,5.9,43,-2556
ABalppap,70,147,366,7.0,44,-1282
ABalppap,71,141,367,7.1,46,-2053
ABalppap,72,147,366,7.9,44,-1358
ABalppap,73,147,366,8.1,46,-1912
ABalppap,74,145,359,9.0,46,-823
ABalppap,75,138,355,9.1,46,-1571
ABalppap,76,148,350,10.2,46,-1185
ABalppap,77,149,347,11.1,46,-1498
ABalppap,78,145,348,12.1,48,-879
ABalppap,79,140,339,13.0,46,-863
ABalppap,80,138,343,13.1,48,-1848
ABalppap,81,138,346,13.1,44,-1064
ABalppap,82,141,343,13.0,44,-705
ABalppap,83,134,337,13.0,44,-1577
ABalppap,84,136,337,13.1,46,-1061
ABalppap,85,129,337,14.4,45,20
ABalppapa,86,113,341,13.1,42,-1457
ABalppapa,87,118,343,15.0,40,-1131
ABalppapa,88,123,350,14.0,26,-758
ABalppapa,89,123,350,14.0,26,-1185
ABalppapa,90,125,363,16.2,40,-921
ABalppapa,91,139,369,17.1,37,770
ABalppapa,92,151,376,17.2,39,663
ABalppapa,93,158,376,17.2,39,195
ABalppapa,94,162,366,17.1,39,-420
ABalppapa,95,168,366,17.2,37,404
ABalppapa,96,167,354,17.1,40,-245
ABalppapa,97,173,355,18.1,40,-1072
ABalppapa,98,179,353,17.2,40,-722
ABalppapa,99,177,353,18.1,40,-789
ABalppapa,100,184,357,18.2,40,-320
ABalppapa,101,183,361,19.2,40,-827
ABalppapa,102,187,362,19.3,38,428
ABalppapa,103,188,356,20.0,40,-1179
ABalppapa,104,186,358,19.2,40,404
ABalppapa,105,193,352,19.1,40,-941
ABalppapa,106,187,354,19.2,40,87
ABalppapa,107,181,361,19.2,40,54
ABalppapa,108,179,364,19.2,38,-219
ABalppapa,109,179,367,19.2,40,-618
ABalppapa,110,178,360,19.0,38,-987
ABalppapa,111,172,353,18.2,40,103
ABalppapa,112,174,356,18.1,38,-1034
ABalppapa,113,175,348,18.0,36,-168
ABalppapaa,114,164,339,18.2,36,-104
ABalppapaa,115,148,326,18.0,35,561
ABalppapaa,116,146,326,17.1,35,-462
ABalppapaa,117,145,333,18.0,34,819
ABalppapaa,118,155,337,17.3,26,-628
ABalppapaa,119,161,329,18.0,32,-185
ABalppapaa,120,165,325,17.3,35,-636
ABalppapaa,121,171,331,17.3,34,-451
ABalppapaa,122,164,332,18.2,34,-525
ABalppapaa,123,152,330,18.2,34,-351
ABalppapaa,124,158,324,18.1,34,-964
ABalppapaa,125,159,325,17.3,34,591
ABalppapaa,126,161,331,17.3,34,-826
ABalppapaa,127,168,329,17.3,34,441
ABalppapaa,128,170,331,18.1,34,-304
ABalppapaa,129,171,335,18.1,34,54
ABalppapaa,130,167,342,17.3,32,-252
ABalppapaa,131,162,348,17.2,34,-182
ABalppapaa,132,166,349,17.2,34,-416
ABalppapaa,133,175,347,17.3,34,-1221
ABalppapaa,134,179,344,18.0,34,-62
ABalppapaa,135,174,340,18.2,32,-1015
ABalppapaa,136,180,340,18.3,34,-821
ABalppapaa,137,180,340,18.0,34,-1356
ABalppapaa,138,178,339,18.2,34,-175
ABalppapaa,139,177,343,18.2,34,269
ABalppapaa,140,180,343,18.3,34,67
ABalppapaa,141,182,335,18.3,34,-505
ABalppapaa,142,178,342,19.1,34,818
ABalppapaa,143,177,340,19.1,32,-685
ABalppapaa,144,179,344,20.0,34,-155
ABalppapaa,145,181,345,20.1,34,-729
ABalppapaa,146,183,345,20.1,34,-790
ABalppapaa,147,186,347,21.0,34,-1055
ABalppapaa,148,186,342,20.2,34,-793
ABalppapaa,149,177,343,21.1,34,-903
ABalppapaa,150,180,349,21.0,34,-675
ABalppapaa,151,181,348,21.1,34,-525
ABalppapaa,152,181,345,21.1,34,-277
ABalppapaa,153,188,349,21.0,31,-1960
ABalppapaa,154,187,346,21.2,34,-654
ABalppapaa,155,183,347,22.0,31,-1444
ABalppapaa,156,190,351,21.2,34,-838
ABalppapaa,157,194,354,21.1,31,-2127
ABalppapaa,158,202,352,21.0,34,-978
ABalppapaa,159,201,348,20.4,31,447
ABalppapaa,160,194,344,21.0,30,-1918
ABalppapap,114,186,357,19.0,36,218
ABalppapap,115,180,370,19.0,35,208
ABalppapap,116,177,364,20.9,35,-922
ABalppapap,117,181,370,20.0,36,171
ABalppapap,118,172,379,20.1,33,-695
ABalppapap,119,172,374,20.1,34,-258
ABalppapap,120,168,375,19.3,35,-247
ABalppapap,121,173,374,19.1,34,-762
ABalppapap,122,168,371,19.1,34,-650
ABalppapap,123,155,363,19.1,34,140
ABalppapap,124,154,360,19.1,34,-526
ABalppapap,125,155,358,19.2,32,740
ABalppapap,126,159,361,19.0,34,-622
ABalppapap,127,161,362,19.1,34,402
ABalppapap,128,165,363,19.1,34,356
ABalppapap,129,166,368,19.2,34,662
ABalppapap,130,172,370,19.2,34,36
ABalppapap,131,172,370,20.0,34,-684
ABalppapap,132,173,370,20.1,34,-210
ABalppapap,133,172,372,19.3,34,-292
ABalppapap,134,177,371,19.3,34,-912
ABalppapap,135,175,369,19.3,34,673
ABalppapap,136,186,363,20.2,34,-847
ABalppapap,137,179,365,20.2,32,227
ABalppapap,138,183,354,20.3,34,-374
ABalppapap,139,190,357,20.3,34,260
ABalppapap,140,196,352,21.1,34,201
ABalppapap,141,196,348,21.2,34,-715
ABalppapap,142,211,353,21.1,34,498
ABalppapap,143,215,351,21.3,34,186
ABalppapap,144,219,348,21.5,34,-746
ABalppapap,145,222,350,21.6,34,-1719
ABalppapap,146,226,352,21.6,34,48
ABalppapap,147,229,353,21.2,34,233
ABalppapap,148,229,353,21.2,34,-582
ABalppapap,149,212,348,21.0,26,-814
ABalppapap,150,219,350,21.0,34,-1797
ABalppapap,151,224,350,21.2,34,379
ABalppapap,152,223,346,21.2,34,-267
ABalppapap,153,229,357,21.1,31,-283
ABalppapap,154,230,354,21.1,34,-455
ABalppapap,155,233,354,20.6,34,392
ABalppapap,156,237,353,20.1,34,-212
ABalppapap,157,240,358,20.3,31,-425
ABalppapap,158,247,355,20.9,30,601
ABalppapap,159,244,355,20.3,31,394
ABalppapapa,160,226,354,21.0,26,-240
ABalppapapp,160,270,357,21.0,24,-755
ABalppapp,86,160,351,18.1,36,355
ABalppapp,87,177,353,19.0,40,-419
ABalppapp,88,190,341,18.1,39,-103
ABalppapp,89,185,334,18.1,41,-159
ABalppapp,90,195,345,17.1,38,-865
ABalppapp,91,213,340,17.1,39,-939
ABalppapp,92,222,356,16.2,39,491
ABalppapp,93,221,357,17.2,39,480
ABalppapp,94,230,352,17.2,39,-524
ABalppapp,95,236,352,18.1,39,475
ABalppapp,96,228,340,17.1,38,-1660
ABalppapp,97,237,344,18.2,38,-1367
ABalppapp,98,235,345,18.0,36,536
ABalppapp,99,234,346,17.1,40,1104
ABalppapp,100,238,349,17.2,40,-54
ABalppapp,101,239,361,19.1,40,-543
ABalppapp,102,238,364,18.1,40,-901
ABalppapp,103,238,355,18.1,38,-665
ABalppapp,104,237,358,18.2,40,-657
ABalppapp,105,242,362,19.2,40,-505
ABalppapp,106,237,364,20.0,40,-909
ABalppapp,107,236,363,19.1,38,-839
ABalppapp,108,238,362,19.1,40,436
ABalppapp,109,234,360,18.2,38,-414
ABalppapp,110,224,356,18.2,38,-694
ABalppapp,111,221,354,18.9,36,245
ABalppapp,112,228,363,18.9,36,-51
ABalppappa,113,206,366,18.0,36,-163
ABalppappa,114,204,376,18.2,26,-1413
ABalppappa,115,213,384,20.0,35,-304
ABalppappa,116,212,372,21.0,35,-421
ABalppappa,117,210,374,21.0,36,298
ABalppappa,118,212,378,21.0,33,263
ABalppappa,119,212,375,21.1,36,-375
ABalppappa,120,206,376,20.2,35,-159
ABalppappa,121,213,379,21.0,34,403
ABalppappa,122,210,379,20.1,34,50
ABalppappa,123,196,374,20.2,34,-1189
ABalppappa,124,193,378,20.1,34,-363
ABalppappa,125,191,375,20.1,34,612
ABalppappa,126,192,382,20.0,34,-511
ABalppappa,127,199,380,20.1,34,-944
ABalppappa,128,192,383,20.1,34,-78
ABalppappa,129,203,379,20.1,34,-563
ABalppappa,130,211,380,20.1,34,-529
ABalppappa,131,209,381,20.2,34,-180
ABalppappa,132,213,381,20.2,34,-925
ABalppappa,133,207,374,20.0,34,-494
ABalppappa,134,209,371,19.1,34,-102
ABalppappa,135,208,371,19.0,34,113
ABalppappa,136,217,367,20.1,34,-814
ABalppappa,137,218,366,20.1,34,-580
ABalppappa,138,219,364,20.1,34,-538
ABalppappa,139,221,363,20.0,35,-178
ABalppappa,140,222,361,20.0,35,-826
ABalppappa,141,219,361,18.0,34,-922
ABalppappa,142,221,360,18.1,34,-82
ABalppappa,143,224,359,18.2,34,-667
ABalppappa,144,222,355,18.6,34,-311
ABalppappa,145,220,351,19.0,34,-681
ABalppappa,146,215,358,18.7,34,346
ABalppappa,147,211,352,19.0,34,-484
ABalppappa,148,211,351,19.2,34,-1243
ABalppappa,149,200,355,19.1,34,-224
ABalppappa,150,199,357,18.3,34,-359
ABalppappa,151,196,354,18.3,34,-729
ABalppappa,152,192,349,18.3,34,354
ABalppappa,153,194,352,19.1,26,-524
ABalppappa,154,202,354,18.9,30,-309
ABalppappa,155,206,353,18.1,31,-388
ABalppappaa,156,182,362,18.1,30,-671
ABalppappaa,157,183,363,18.9,29,-1205
ABalppappaa,158,181,362,18.1,30,863
ABalppappaa,159,181,354,18.1,31,1029
ABalppappaa,160,179,350,17.0,34,-568
ABalppappap,156,230,348,18.0,30,-35
ABalppappap,157,233,350,18.1,31,-743
ABalppappap,158,236,349,18.0,26,-1330
ABalppappap,159,227,354,17.1,26,-1161
ABalppappap,160,223,352,18.1,32,80
ABalppappp,113,258,355,18.2,34,-338
ABalppappp,114,260,358,17.9,36,116
ABalppappp,115,255,353,18.0,35,-270
ABalppappp,116,257,359,18.0,35,-673
ABalppappp,117,252,353,18.1,36,-1226
ABalppappp,118,254,354,18.2,35,-630
ABalppappp,119,254,356,18.1,36,-419
ABalppappp,120,244,356,18.0,35,-726
ABalppappp,121,248,362,17.1,34,-684
ABalppappp,122,242,360,18.1,34,-265
ABalppappp,123,229,361,18.0,34,-140
ABalppappp,124,229,369,19.0,34,-811
ABalppappp,125,233,368,18.2,34,-549
ABalppappp,126,239,376,19.0,34,757
ABalppappp,127,246,383,20.1,34,-409
ABalppappp,128,245,383,20.2,34,-76
ABalppappp,129,251,383,20.1,34,-418
ABalppappp,130,255,380,20.1,34,-1023
ABalppappp,131,253,381,20.0,34,330
ABalppappp,132,252,375,20.1,34,-265
ABalppappp,133,253,373,20.1,34,-272
ABalppappp,134,253,375,20.1,34,625
ABalppappp,135,255,378,20.1,34,-583
ABalppappp,136,256,377,20.2,34,594
ABalppappp,137,245,382,20.1,34,-327
ABalppappp,138,251,379,20.1,34,-1363
ABalppappp,139,254,376,20.1,34,-1398
ABalppappp,140,254,376,20.1,34,-400
ABalppappp,141,253,373,20.2,34,-910
ABalppappp,142,256,375,21.1,34,-206
ABalppappp,143,255,372,21.0,34,-490
ABalppappp,144,255,370,20.1,34,-306
ABalppappp,145,249,367,19.3,34,-587
ABalppappp,146,248,377,20.2,34,-473
ABalppappp,147,249,375,19.2,34,780
ABalppappp,148,246,372,20.0,30,-353
ABalppappp,149,246,370,20.0,30,-419
ABalppapppa,150,230,365,19.1,26,-1649
ABalppapppa,151,227,364,19.1,26,263
ABalppapppa,152,224,360,19.0,26,-1000
ABalppapppa,153,233,369,19.0,26,379
ABalppapppa,154,239,372,19.0,26,-608
ABalppapppa,155,241,365,18.0,31,-235
ABalppapppa,156,246,375,19.2,34,-1026
ABalppapppa,157,246,375,19.2,34,-551
ABalppapppa,158,249,390,20.0,30,-387
ABalppapppa,159,246,388,20.0,31,-74
ABalppapppa,160,245,380,20.1,32,105
ABalppapppp,150,266,369,20.0,26,-1849
ABalppapppp,151,277,369,19.1,26,288
ABalppapppp,152,274,372,21.0,30,2217
ABalppapppp,153,277,380,20.2,31,473
ABalppapppp,154,274,379,20.2,32,125
ABalppapppp,155,274,380,20.2,31,545
ABalppapppp,156,275,385,20.2,32,-964
ABalppapppp,157,273,385,20.0,29,-394
ABalppapppp,158,277,373,18.2,26,-1519
ABalppapppp,159,270,372,18.3,31,-478
ABalppapppp,160,265,369,18.2,32,-50
ABalppp,47,212,364,8.0,44,-2033
ABalppp,48,224,368,7.9,55,-1696
ABalppp,49,233,376,7.0,53,-2409
ABalppp,50,233,379,8.1,53,-1607
ABalppp,51,242,375,8.1,53,-2058
ABalppp,52,240,367,7.1,53,-1966
ABalppp,53,244,374,7.0,53,-2617
ABalppp,54,243,375,7.1,53,-2318
ABalppp,55,232,365,6.2,53,-2309
ABalppp,56,239,371,7.2,52,-2774
ABalppp,57,235,372,7.3,53,-1621
ABalppp,58,241,370,9.1,52,-1551
ABalppp,59,237,362,9.2,53,-1848
ABalppp,60,234,356,10.2,52,-1841
ABalppp,61,232,356,11.1,51,-1650
ABalppp,62,234,350,11.0,47,-1228
ABalppp,63,222,360,10.2,54,-315
ABalpppa,64,197,349,8.2,33,-1229
ABalpppa,65,208,348,9.0,43,-1802
ABalpppa,66,196,335,8.9,40,-1128
ABalpppa,67,194,338,8.1,41,-1744
ABalpppa,68,195,339,8.0,41,-2052
ABalpppa,69,195,337,8.0,43,-1488
ABalpppa,70,188,338,8.9,44,-1412
ABalpppa,71,183,335,8.9,44,-1225
ABalpppa,72,179,330,11.0,44,-1352
ABalpppa,73,175,320,11.1,46,-740
ABalpppa,74,173,313,11.1,44,-692
ABalpppa,75,170,306,11.1,46,-929
ABalpppa,76,175,308,12.0,44,-1084
ABalpppa,77,175,305,12.0,46,-977
ABalpppa,78,170,303,12.1,44,-461
ABalpppa,79,164,297,11.9,44,-1002
ABalpppa,80,157,297,12.0,44,-423
ABalpppa,81,153,301,11.0,44,-1408
ABalpppa,82,156,302,10.9,44,-1202
ABalpppa,83,160,295,10.1,44,-1162
ABalpppa,84,157,303,10.1,44,-1813
ABalpppa,85,152,297,10.0,43,-1677
ABalpppaa,86,141,282,10.1,38,-94
ABalpppaa,87,126,286,10.2,38,-1443
ABalpppaa,88,121,286,10.9,37,-305
ABalpppaa,89,117,280,10.0,37,-538
ABalpppaa,90,112,286,10.1,36,-44
ABalpppaa,91,109,290,10.1,37,-695
ABalpppaa,92,114,296,10.8,35,-783
ABalpppaa,93,115,303,10.2,39,-997
ABalpppaa,94,116,295,10.4,39,-1062
ABalpppaa,95,117,301,10.5,37,-1590
ABalpppaa,96,114,303,11.8,36,-1226
ABalpppaa,97,120,307,11.9,36,-844
ABalpppaa,98,117,310,11.3,38,153
ABalpppaa,99,118,308,11.3,38,-125
ABalpppaa,100,126,321,11.2,38,-337
ABalpppaa,101,134,322,12.1,40,-895
ABalpppaa,102,127,341,12.9,36,-1283
ABalpppaa,103,126,338,12.8,36,-435
ABalpppaa,104,129,356,12.9,36,-744
ABalpppaa,105,131,356,13.1,36,308
ABalpppaa,106,128,353,13.1,36,-355
ABalpppaa,107,131,356,12.9,36,-553
ABalpppaa,108,124,356,12.0,38,-764
ABalpppaa,109,126,362,11.0,36,-504
ABalpppaa,110,129,358,10.9,36,-766
ABalpppaa,111,119,357,10.9,36,-383
ABalpppaa,112,129,358,9.9,36,279
ABalpppaa,113,129,362,9.9,36,-569
ABalpppaa,114,121,361,9.1,36,91
ABalpppaa,115,124,363,8.3,37,-1501
ABalpppaa,116,118,366,9.1,37,-145
ABalpppaa,117,114,370,10.0,34,-815
ABalpppaa,118,115,369,11.1,33,-1312
ABalpppaaa,119,103,370,13.9,32,-57
ABalpppaaa,120,91,360,13.0,31,-468
ABalpppaaa,121,90,364,13.0,30,182
ABalpppaaa,122,89,361,12.8,30,-593
ABalpppaaa,123,82,358,13.1,30,-173
ABalpppaaa,124,81,357,13.1,32,229
ABalpppaaa,125,85,359,12.1,30,-388
ABalpppaaa,126,85,362,11.8,30,174
ABalpppaaa,127,89,364,11.3,32,1153
ABalpppaaa,128,95,368,12.3,34,-42
ABalpppaaa,129,95,370,12.2,34,-52
ABalpppaaa,130,97,367,12.2,32,-9
ABalpppaaa,131,103,371,13.1,32,-87
ABalpppaaa,132,101,371,12.3,32,188
ABalpppaaa,133,113,375,13.1,34,-280
ABalpppaaa,134,112,372,13.2,34,-643
ABalpppaaa,135,113,371,14.1,34,825
ABalpppaaa,136,115,369,14.2,34,-122
ABalpppaaa,137,118,372,14.0,34,0
ABalpppaaa,138,120,371,14.2,34,-435
ABalpppaaa,139,123,372,14.2,34,-208
ABalpppaaa,140,127,375,15.1,34,-348
ABalpppaaa,141,123,371,15.1,34,-295
ABalpppaaa,142,122,379,15.1,34,-556
ABalpppaaa,143,124,379,16.1,34,365
ABalpppaaa,144,126,380,16.2,34,-191
ABalpppaaa,145,121,376,16.2,34,270
ABalpppaaa,146,132,377,16.2,32,-353
ABalpppaaa,147,136,373,16.8,30,249
ABalpppaaa,148,137,377,16.1,31,-431
ABalpppaaa,149,138,382,15.3,32,-389
ABalpppaaa,150,142,385,16.1,34,1019
ABalpppaaa,151,150,388,16.1,34,-364
ABalpppaaa,152,152,381,16.2,32,-306
ABalpppaaa,153,155,379,16.2,31,-850
ABalpppaaa,154,157,382,17.0,34,-1117
ABalpppaaa,155,154,381,17.0,31,650
ABalpppaaa,156,152,388,17.2,34,140
ABalpppaaa,157,151,390,17.2,31,7
ABalpppaaa,158,151,390,17.1,34,-314
ABalpppaaa,159,149,390,17.1,31,214
ABalpppaaa,160,144,385,17.1,34,-129
ABalpppaap,119,132,377,11.2,26,603
ABalpppaap,120,133,380,10.7,31,-338
ABalpppaap,121,134,386,11.0,30,-375
ABalpppaap,122,123,389,11.1,30,237
ABalpppaap,123,114,375,10.4,32,-694
ABalpppaap,124,108,373,10.1,30,-407
ABalpppaap,125,114,377,10.0,30,341
ABalpppaap,126,115,377,9.5,32,-693
ABalpppaap,127,117,377,9.3,34,-220
ABalpppaap,128,117,376,10.2,30,-772
ABalpppaap,129,119,379,10.1,30,-443
ABalpppaap,130,114,379,10.1,32,59
ABalpppaap,131,115,382,10.2,32,139
ABalpppaap,132,120,383,10.0,34,-433
ABalpppaap,133,120,383,10.0,34,-616
ABalpppaap,134,120,382,11.2,34,726
ABalpppaap,135,123,380,12.1,26,-686
ABalpppaap,136,125,385,11.4,26,-404
ABalpppaap,137,126,385,11.3,34,493
ABalpppaap,138,125,380,12.2,32,-405
ABalpppaap,139,129,386,12.0,32,-174
ABalpppaap,140,133,385,12.9,30,8
ABalpppaap,141,122,383,12.9,30,1178
ABalpppaap,142,126,387,13.2,32,-282
ABalpppaap,143,126,387,13.2,32,347
ABalpppaap,144,137,393,14.2,26,-605
ABalpppaap,145,131,389,13.4,26,954
ABalpppaap,146,137,395,14.1,32,740
ABalpppaap,147,140,393,14.3,32,551
ABalpppaap,148,143,397,14.4,30,-96
ABalpppaap,149,142,393,13.4,32,805
ABalpppaap,150,146,397,13.9,30,-187
ABalpppaap,151,146,394,13.3,34,-172
ABalpppaap,152,152,395,14.0,30,-345
ABalpppaap,153,150,395,13.1,31,-565
ABalpppaap,154,149,393,13.4,32,-9
ABalpppaap,155,148,393,13.4,31,198
ABalpppaap,156,151,395,14.3,32,-748
ABalpppaap,157,146,394,14.2,31,-375
ABalpppaap,158,149,396,14.3,34,436
ABalpppaap,159,150,396,14.3,31,-141
ABalpppaap,160,146,390,14.2,34,-314
ABalpppap,86,174,318,11.2,30,-512
ABalpppap,87,175,325,12.0,40,-326
ABalpppap,88,179,327,11.1,39,-620
ABalpppap,89,177,330,10.2,39,-779
ABalpppap,90,178,336,11.0,38,-1971
ABalpppap,91,180,337,11.2,39,-874
ABalpppap,92,175,344,11.2,39,-1155
ABalpppap,93,178,351,11.1,35,-830
ABalpppap,94,179,352,10.3,39,-619
ABalpppap,95,182,351,11.2,39,-651
ABalpppap,96,181,354,12.0,40,-788
ABalpppap,97,177,360,11.9,36,-963
ABalpppap,98,174,362,11.2,38,-931
ABalpppap,99,168,370,11.9,36,-224
ABalpppap,100,177,371,12.0,40,-524
ABalpppap,101,173,370,12.1,40,-724
ABalpppap,102,171,375,12.9,36,-1332
ABalpppap,103,163,376,12.2,38,-990
ABalpppap,104,166,387,12.3,38,-374
ABalpppap,105,176,389,13.1,40,-372
ABalpppap,106,169,387,13.1,40,-170
ABalpppap,107,174,390,13.0,40,-454
ABalpppap,108,169,388,13.0,38,-716
ABalpppap,109,167,393,12.1,36,-753
ABalpppap,110,167,385,12.1,38,-623
ABalpppap,111,160,378,12.2,40,-851
ABalpppap,112,168,383,12.0,40,-148
ABalpppap,113,166,388,11.1,32,-704
ABalpppapa,114,137,374,13.0,36,-178
ABalpppapa,115,130,366,12.1,26,-1094
ABalpppapa,116,130,380,12.1,35,206
ABalpppapa,117,138,394,13.1,34,-140
ABalpppapa,118,144,397,13.1,35,-178
ABalpppapa,119,154,404,14.8,32,93
ABalpppapa,120,141,400,14.0,33,112
ABalpppapa,121,151,400,14.2,34,524
ABalpppapa,122,145,396,13.3,34,432
ABalpppapa,123,138,393,13.1,32,-1090
ABalpppapa,124,129,391,12.9,30,271
ABalpppapa,125,137,387,12.3,34,637
ABalpppapa,126,139,392,12.3,32,615
ABalpppapa,127,146,393,12.0,34,-155
ABalpppapa,128,150,394,12.0,34,-1023
ABalpppapa,129,149,394,12.1,34,-230
ABalpppapa,130,149,393,12.9,30,-493
ABalpppapa,131,153,398,12.3,32,-458
ABalpppapa,132,155,396,12.1,34,-506
ABalpppapa,133,161,393,12.3,34,-2002
ABalpppapa,134,163,396,12.3,34,-579
ABalpppapa,135,163,392,13.2,34,-611
ABalpppapa,136,161,388,14.0,32,-804
ABalpppapa,137,163,386,13.3,34,-391
ABalpppapa,138,167,381,14.0,34,586
ABalpppapa,139,168,380,13.1,34,-489
ABalpppapa,140,168,384,14.1,34,-718
ABalpppapa,141,165,384,14.2,34,-833
ABalpppapa,142,170,382,14.0,34,-1109
ABalpppapa,143,174,389,14.3,34,760
ABalpppapa,144,178,388,15.1,34,-724
ABalpppapa,145,174,391,15.2,34,-1103
ABalpppapa,146,180,390,15.2,34,-343
ABalpppapa,147,182,390,15.2,34,-704
ABalpppapa,148,179,388,15.3,34,283
ABalpppapa,149,180,392,16.0,34,486
ABalpppapa,150,185,396,16.1,32,-857
ABalpppapa,151,189,397,16.0,34,-350
ABalpppapa,152,190,402,16.1,34,367
ABalpppapa,153,188,404,16.1,31,-106
ABalpppapa,154,194,402,16.2,34,-498
ABalpppapa,155,196,401,17.1,31,-1092
ABalpppapa,156,195,402,16.2,34,131
ABalpppapa,157,189,402,15.4,31,-1488
ABalpppapa,158,193,399,16.0,32,-212
ABalpppapad,159,177,386,17.1,29,138
ABalpppapad,160,171,379,16.9,24,-647
ABalpppapav,159,205,408,14.1,29,-565
ABalpppapav,160,203,404,14.1,30,425
ABalpppapp,114,178,398,12.0,30,-581
ABalpppapp,115,180,401,11.9,35,-290
ABalpppapp,116,187,399,12.0,35,-193
ABalpppapp,117,187,396,11.0,34,-1495
ABalpppapp,118,186,403,11.1,35,-234
ABalpppapp,119,185,402,11.2,36,-60
ABalpppapp,120,178,401,11.1,33,-93
ABalpppapp,121,182,405,10.4,32,632
ABalpppapp,122,174,402,11.1,34,-560
ABalpppapp,123,173,399,11.1,34,-318
ABalpppapp,124,169,396,11.1,34,-203
ABalpppapp,125,177,399,11.2,32,-226
ABalpppapp,126,178,403,10.2,26,-1563
ABalpppapp,127,178,403,10.2,26,-664
ABalpppapp,128,184,409,10.2,34,-154
ABalpppapp,129,186,409,10.2,34,20
ABalpppapp,130,185,410,11.1,32,237
ABalpppapp,131,188,412,11.0,34,849
ABalpppapp,132,189,412,11.0,34,594
ABalpppapp,133,190,411,10.3,34,437
ABalpppapp,134,190,412,11.0,34,-289
ABalpppapp,135,189,413,11.3,34,176
ABalpppapp,136,187,411,11.2,34,-315
ABalpppapp,137,182,412,10.3,34,742
ABalpppapp,138,181,407,11.1,34,-317
ABalpppapp,139,184,409,11.1,34,-85
ABalpppapp,140,178,409,11.2,34,262
ABalpppapp,141,176,411,11.4,34,-1392
ABalpppapp,142,177,412,11.2,34,713
ABalpppapp,143,180,413,11.4,34,-594
ABalpppapp,144,187,416,12.1,34,-258
ABalpppapp,145,178,414,12.1,32,-967
ABalpppapp,146,183,414,11.9,30,-445
ABalpppapp,147,185,410,12.0,34,113
ABalpppapp,148,182,410,12.0,32,-994
ABalpppapp,149,182,414,11.3,34,49
ABalpppapp,150,187,415,12.0,32,-53
ABalpppapp,151,185,408,12.1,32,-186
ABalpppapp,152,190,401,11.3,34,235
ABalpppapp,153,194,401,12.0,31,398
ABalpppappa,154,184,405,13.0,26,3
ABalpppappa,155,182,410,13.9,29,451
ABalpppappa,156,181,410,14.2,26,-75
ABalpppappa,157,174,408,13.2,31,234
ABalpppappa,158,168,411,12.9,30,-162
ABalpppappa,159,173,417,12.9,29,295
ABalpppappa,160,174,416,12.9,30,-186
ABalpppappp,154,200,403,10.2,32,-239
ABalpppappp,155,201,407,10.0,29,509
ABalpppappp,156,204,412,10.5,32,-795
ABalpppappp,157,197,415,10.4,31,-734
ABalpppappp,158,195,415,10.4,32,-1329
ABalpppappp,159,197,418,10.1,31,-1101
ABalpppappp,160,194,412,9.5,34,-198
ABalpppp,64,254,360,11.3,39,-144
ABalpppp,65,269,360,12.1,47,-729
ABalpppp,66,271,361,12.1,42,-456
ABalpppp,67,270,362,12.1,43,-1276
ABalpppp,68,273,360,11.0,45,-834
ABalpppp,69,271,359,10.1,47,-1399
ABalpppp,70,266,358,9.9,44,-1247
ABalpppp,71,256,361,9.2,46,-1619
ABalpppp,72,254,370,9.3,46,-1071
ABalpppp,73,238,374,10.3,48,-1544
ABalpppp,74,230,376,11.2,46,-1203
ABalpppp,75,224,367,11.2,48,-1060
ABalpppp,76,216,370,11.3,48,-838
ABalpppp,77,214,374,12.2,46,-1261
ABalpppp,78,217,376,13.0,46,-1079
ABalpppp,79,215,376,13.2,48,-1180
ABalpppp,80,211,373,13.2,46,-957
ABalpppp,81,206,370,13.0,46,-772
ABalpppp,82,204,365,12.1,46,-1081
ABalpppp,83,203,349,12.1,44,-975
ABalppppa,84,185,347,11.1,34,-358
ABalppppa,85,182,342,10.2,39,-1099
ABalppppa,86,185,351,11.1,40,-393
ABalppppa,87,198,350,11.0,40,-304
ABalppppa,88,194,354,9.1,37,-930
ABalppppa,89,189,365,9.1,37,26
ABalppppa,90,193,363,8.9,36,-748
ABalppppa,91,199,370,9.1,37,-224
ABalppppa,92,202,370,9.1,37,-1123
ABalppppa,93,205,380,9.2,39,-1497
ABalppppa,94,207,378,9.1,39,349
ABalppppa,95,206,370,8.4,37,-687
ABalppppa,96,203,366,9.1,38,-1259
ABalppppa,97,208,370,9.0,38,-1224
ABalppppa,98,212,371,9.8,36,-746
ABalppppa,99,206,371,9.9,36,-1394
ABalppppa,100,202,369,9.1,38,-676
ABalppppa,101,205,362,9.1,36,-2506
ABalppppa,102,210,369,9.0,36,-1114
ABalppppa,103,210,367,9.3,40,-960
ABalppppa,104,211,365,9.9,36,-1447
ABalppppa,105,206,369,9.3,38,-1300
ABalppppa,106,198,371,9.9,36,-403
ABalppppa,107,204,373,9.1,36,-1238
ABalppppa,108,197,367,9.1,36,-784
ABalppppa,109,190,362,8.3,38,-923
ABalppppa,110,194,362,8.2,38,-736
ABalppppa,111,189,359,8.9,36,-1083
ABalppppa,112,195,362,8.1,38,-841
ABalppppa,113,198,361,8.9,36,-1727
ABalppppa,114,197,365,9.0,36,-598
ABalppppaa,115,168,351,10.1,33,-1110
ABalppppaa,116,162,352,10.1,35,-668
ABalppppaa,117,157,360,10.3,32,-44
ABalppppaa,118,154,362,10.1,33,-881
ABalppppaa,119,153,365,10.9,32,-923
ABalppppaa,120,158,369,10.1,33,-721
ABalppppaa,121,160,369,10.2,34,-647
ABalppppaa,122,155,363,10.3,34,-531
ABalppppaa,123,150,361,10.1,34,-1117
ABalppppaa,124,150,358,10.3,34,777
ABalppppaa,125,155,357,10.9,30,-672
ABalppppaa,126,158,361,10.2,32,-160
ABalppppaa,127,164,362,10.0,30,-406
ABalppppaa,128,163,367,10.0,32,-1044
ABalppppaa,129,164,369,9.3,34,472
ABalppppaa,130,165,368,10.8,30,-602
ABalppppaa,131,171,368,10.4,32,-321
ABalppppaa,132,170,369,10.1,32,-1431
ABalppppaa,133,169,374,10.1,32,947
ABalppppaa,134,170,377,10.2,34,371
ABalppppaa,135,166,380,10.2,32,613
ABalppppaa,136,162,380,10.2,34,413
ABalppppaa,137,164,375,10.1,34,-795
ABalppppaa,138,165,370,10.2,34,733
ABalppppaa,139,169,371,10.2,34,-1026
ABalppppaa,140,175,370,10.3,34,99
ABalppppaa,141,171,374,11.2,34,-998
ABalppppaa,142,170,376,11.1,34,-1205
ABalppppaa,143,172,377,11.2,34,-1840
ABalppppaa,144,177,377,12.0,32,-208
ABalppppaa,145,173,375,12.1,34,-617
ABalppppaa,146,174,377,12.2,34,-870
ABalppppaa,147,176,375,12.2,34,-271
ABalppppaa,148,177,371,13.1,34,-786
ABalppppaa,149,175,372,12.3,34,-1259
ABalppppaa,150,177,376,12.2,34,-1090
ABalppppaa,151,179,373,13.1,34,-907
ABalppppaa,152,177,366,13.2,34,-983
ABalppppaa,153,172,367,13.4,31,-123
ABalppppaa,154,179,374,13.2,34,-416
ABalppppaa,155,180,375,14.0,31,-812
ABalppppaa,156,182,371,14.1,34,-13
ABalppppaa,157,179,375,13.5,31,-217
ABalppppaa,158,174,383,12.0,34,-665
ABalppppaa,159,174,389,12.1,29,-897
ABalppppaa,160,175,386,11.3,34,304
ABalppppap,115,212,373,8.1,35,90
ABalppppap,116,213,374,8.3,26,-1577
ABalppppap,117,213,375,9.0,34,-1187
ABalppppap,118,209,373,8.9,33,-454
ABalppppap,119,207,372,9.1,34,-1325
ABalppppap,120,206,369,8.3,33,-1945
ABalppppap,121,201,370,8.2,32,-1559
ABalppppap,122,195,374,8.1,32,-147
ABalppppap,123,192,376,8.1,34,589
ABalppppap,124,183,372,8.2,34,1436
ABalppppap,125,190,368,9.0,34,-578
ABalppppap,126,192,370,8.3,32,569
ABalppppap,127,195,373,8.1,32,344
ABalppppap,128,192,377,8.1,32,-430
ABalppppap,129,196,372,8.9,30,-1707
ABalppppap,130,192,378,8.4,34,419
ABalppppap,131,197,377,8.9,30,-568
ABalppppap,132,204,380,8.3,32,258
ABalppppap,133,205,380,8.3,32,-804
ABalppppap,134,203,381,8.3,32,-1273
ABalppppap,135,198,384,9.0,34,-309
ABalppppap,136,195,383,9.2,34,-547
ABalppppap,137,194,384,8.3,34,254
ABalppppap,138,191,382,9.1,32,-1076
ABalppppap,139,195,383,9.0,34,-1010
ABalppppap,140,188,385,8.3,34,1460
ABalppppap,141,184,385,9.3,34,-969
ABalppppap,142,183,384,9.2,34,-787
ABalppppap,143,183,385,9.2,34,-2326
ABalppppap,144,183,387,9.2,34,-747
ABalppppap,145,181,384,9.3,32,-1631
ABalppppap,146,184,390,9.2,34,1391
ABalppppap,147,183,387,9.8,30,-1454
ABalppppap,148,186,388,9.1,34,4155
ABalppppap,149,187,382,9.3,34,1888
ABalppppap,150,188,384,9.1,32,1996
ABalppppap,151,184,386,9.0,30,2736
ABalppppap,152,186,377,9.1,30,-1832
ABalppppap,153,183,380,9.1,31,516
ABalppppap,154,182,375,9.2,32,-303
ABalppppap,155,183,375,9.1,31,-1358
ABalppppapa,156,163,375,10.0,30,219
ABalppppapa,157,154,374,10.0,29,-272
ABalppppapa,158,148,375,10.0,30,-1863
ABalppppapa,159,153,377,9.4,31,-2464
ABalppppapa,160,150,374,9.1,32,-971
ABalppppapp,156,189,387,10.1,30,-1462
ABalppppapp,157,191,388,10.0,29,-2401
ABalppppapp,158,188,388,9.9,30,-1078
ABalppppapp,159,191,390,9.1,29,240
ABalppppapp,160,190,383,9.0,30,-350
ABalppppp,84,225,360,14.0,38,-94
ABalppppp,85,230,357,15.0,41,-807
ABalppppp,86,236,362,15.0,42,-405
ABalppppp,87,242,365,14.0,40,-70
ABalppppp,88,250,368,13.0,39,-1194
ABalppppp,89,251,361,11.2,41,-918
ABalppppp,90,252,362,11.1,38,-184
ABalppppp,91,253,367,10.2,39,-1366
ABalppppp,92,262,367,10.3,39,-795
ABalppppp,93,261,371,9.3,37,-1148
ABalppppp,94,262,377,10.1,37,-32
ABalppppp,95,258,385,10.1,39,-1272
ABalppppp,96,254,387,10.1,40,-2438
ABalppppp,97,258,389,10.1,40,-1210
ABalppppp,98,264,388,9.2,40,-1633
ABalppppp,99,265,379,9.3,40,923
ABalppppp,100,263,381,9.3,38,-814
ABalppppp,101,258,387,9.2,40,-1104
ABalppppp,102,255,387,10.0,40,-1694
ABalppppp,103,251,393,10.2,40,-201
ABalppppp,104,252,389,10.0,40,-991
ABalppppp,105,248,386,10.2,40,-1023
ABalppppp,106,245,398,10.3,40,-1008
ABalppppp,107,243,395,11.0,40,-1609
ABalppppp,108,229,393,10.0,40,-1239
ABalppppp,109,225,392,9.9,36,-990
ABalppppp,110,231,399,9.3,40,-595
ABalpppppa,111,202,407,9.8,36,294
ABalpppppa,112,206,406,8.2,34,-434
ABalpppppa,113,208,409,8.9,36,66
ABalpppppa,114,203,412,9.0,34,-12
ABalpppppa,115,197,412,8.9,35,296
ABalpppppa,116,198,410,8.8,35,-593
ABalpppppa,117,204,410,8.8,34,-647
ABalpppppa,118,206,408,8.9,33,-516
ABalpppppa,119,204,405,9.3,36,224
ABalpppppa,120,211,401,9.2,33,-839
ABalpppppa,121,210,398,9.0,32,-311
ABalpppppa,122,209,400,10.0,30,-775
ABalpppppa,123,211,396,10.1,30,-194
ABalpppppa,124,207,388,10.1,32,-723
ABalpppppa,125,207,395,10.4,32,284
ABalpppppa,126,209,400,10.3,34,-34
ABalpppppa,127,218,399,10.2,32,-577
ABalpppppa,128,220,400,10.0,32,-1317
ABalpppppa,129,224,399,10.2,32,-1064
ABalpppppa,130,222,401,10.2,34,-604
ABalpppppa,131,227,401,10.2,34,-97
ABalpppppa,132,225,402,10.4,34,-240
ABalpppppa,133,228,405,10.5,34,-546
ABalpppppa,134,227,408,11.1,32,-259
ABalpppppa,135,228,407,11.0,32,-1016
ABalpppppa,136,228,404,11.1,34,-365
ABalpppppa,137,226,403,10.4,34,-179
ABalpppppa,138,220,398,11.2,34,-839
ABalpppppa,139,221,399,11.1,34,-880
ABalpppppa,140,218,400,11.1,34,-1093
ABalpppppa,141,215,401,11.3,34,-586
ABalpppppa,142,213,399,11.2,34,-283
ABalpppppa,143,213,400,11.3,32,235
ABalpppppa,144,215,400,12.1,34,-1161
ABalpppppa,145,211,391,11.1,32,3886
ABalpppppa,146,216,392,11.7,34,609
ABalpppppa,147,219,391,12.0,26,1206
ABalpppppa,148,218,394,11.3,34,1204
ABalpppppa,149,219,390,12.0,34,-412
ABalpppppa,150,222,390,11.2,26,-1587
ABalpppppa,151,221,390,11.2,34,-1859
ABalpppppaa,152,213,373,12.9,30,-133
ABalpppppaa,153,215,364,11.2,26,4430
ABalpppppaa,154,215,364,11.2,26,3670
ABalpppppaa,155,214,368,12.2,31,594
ABalpppppaa,156,214,368,12.2,31,39
ABalpppppaa,157,215,364,11.2,31,2266
ABalpppppaa,158,212,367,11.9,30,2134
ABalpppppaa,159,212,362,11.1,26,1040
ABalpppppaa,160,213,361,11.1,34,2593
ABalpppppap,152,234,402,9.9,30,-364
ABalpppppap,153,230,405,10.0,29,-911
ABalpppppap,154,232,401,9.8,30,-417
ABalpppppap,155,232,401,9.8,30,-442
ABalpppppap,156,231,397,10.9,30,-1622
ABalpppppap,157,224,399,11.0,29,-286
ABalpppppap,158,223,399,11.0,30,393
ABalpppppap,159,224,399,10.9,29,502
ABalpppppap,160,219,396,11.1,30,-162
ABalpppppp,111,255,399,9.3,34,64
ABalpppppp,112,262,402,9.0,36,-840
ABalpppppp,113,260,405,9.0,36,-2122
ABalpppppp,114,255,410,10.0,36,-907
ABalpppppp,115,250,409,10.1,39,-566
ABalpppppp,116,250,406,10.3,39,-723
ABalpppppp,117,256,397,10.1,36,-1066
ABalpppppp,118,254,399,10.0,35,-1251
ABalpppppp,119,255,395,10.1,36,-1036
ABalpppppp,120,257,396,9.3,35,-413
ABalpppppp,121,258,396,9.4,34,-1153
ABalpppppp,122,251,402,9.3,34,-1380
ABalpppppp,123,248,399,10.1,34,-1493
ABalpppppp,124,245,397,9.1,34,69
ABalpppppp,125,246,399,10.0,34,-990
ABalpppppp,126,249,402,9.2,34,-1198
ABalpppppp,127,257,399,9.2,34,-622
ABalpppppp,128,260,403,9.2,34,-60
ABalpppppp,129,262,400,9.1,34,-2245
ABalpppppp,130,264,404,9.2,34,-525
ABalpppppp,131,270,402,9.1,34,-266
ABalpppppp,132,269,404,9.2,34,-387
ABalpppppp,133,269,411,9.2,34,-1478
ABalpppppp,134,265,411,9.2,34,-1692
ABalpppppp,135,268,407,10.0,34,-1212
ABalpppppp,136,272,407,9.2,34,-2014
ABalpppppp,137,265,401,9.1,34,-179
ABalpppppp,138,263,401,9.1,34,-910
ABalpppppp,139,261,400,9.1,34,-510
ABalpppppp,140,257,403,8.9,30,-521
ABalpppppp,141,254,399,9.1,34,-827
ABalppppppa,142,243,375,11.8,30,-167
ABalppppppa,143,239,377,11.2,32,-249
ABalppppppa,144,241,375,11.1,30,-1134
ABalppppppa,145,240,374,11.0,30,-225
ABalppppppa,146,243,376,11.1,30,530
ABalppppppa,147,247,374,10.8,30,-1173
ABalppppppa,148,248,370,10.9,30,-1895
ABalppppppa,149,247,373,10.1,32,-22
ABalppppppa,150,247,373,10.2,30,-1233
ABalppppppa,151,248,366,10.0,30,-716
ABalppppppa,152,246,366,10.1,30,-674
ABalppppppa,153,245,368,10.0,29,-850
ABalppppppa,154,245,365,9.4,34,-733
ABalppppppa,155,248,367,9.6,31,598
ABalppppppa,156,244,368,9.8,30,-774
ABalppppppa,157,240,370,9.4,31,-279
ABalppppppa,158,241,372,9.4,32,-1105
ABalppppppa,159,243,367,9.3,31,-1282
ABalppppppa,160,244,367,9.4,34,-46
ABalppppppp,142,264,405,7.2,30,-822
ABalppppppp,143,267,406,7.9,30,-1042
ABalppppppp,144,265,404,8.0,30,-1216
ABalppppppp,145,263,400,8.0,30,-697
ABalppppppp,146,266,400,8.2,34,-569
ABalppppppp,147,263,399,8.0,32,-1717
ABalppppppp,148,264,396,8.1,34,-1781
ABalppppppp,149,260,394,7.9,30,-1831
ABalppppppp,150,266,394,8.1,32,-1827
ABalppppppp,151,266,394,7.3,26,-2163
ABalppppppp,152,267,393,8.0,30,-59
ABalppppppp,153,262,388,7.1,31,-357
ABalppppppp,154,261,385,6.3,34,-1357
ABalppppppp,155,265,391,7.2,29,-1012
ABalppppppp,156,266,398,8.1,30,-2352
ABalppppppp,157,260,395,8.0,29,-610
ABalppppppp,158,262,398,8.8,30,-105
ABalppppppp,159,259,395,8.1,31,-909
ABalppppppp,160,258,392,8.9,30,-969
ABar,11,184,217,15.4,53,-1030
ABar,12,203,209,16.6,58,-1108
ABar,13,226,202,18.1,55,-634
ABar,14,227,176,19.7,56,-1010
ABar,15,247,153,18.3,58,-807
ABar,16,239,132,16.3,60,-1273
ABar,17,249,128,14.3,63,-1494
ABar,18,267,127,12.4,62,-1399
ABar,19,282,156,11.1,62,-1607
ABara,20,269,171,14.5,59,-873
ABara,21,285,170,17.6,57,-1217
ABara,22,283,166,17.3,56,-921
ABara,23,247,179,18.4,63,-545
ABara,24,222,194,18.6,64,-1087
ABara,25,205,212,19.3,65,-1105
ABara,26,204,217,19.3,65,-724
ABara,27,209,208,19.4,65,-954
ABara,28,233,208,19.4,67,-744
ABara,29,249,199,19.0,63,-839
ABara,30,260,190,18.0,50,-818
ABaraa,31,223,208,19.1,40,-1260
ABaraa,32,228,212,19.1,41,-1048
ABaraa,33,223,209,19.1,37,-1446
ABaraa,34,204,213,20.0,58,-429
ABaraa,35,206,220,19.1,58,-1202
ABaraa,36,206,232,19.1,60,-1000
ABaraa,37,197,219,19.2,62,-756
ABaraa,38,183,215,19.3,61,-1619
ABaraa,39,177,220,19.2,63,-835
ABaraa,40,177,219,19.1,61,-776
ABaraa,41,179,223,19.3,65,-621
ABaraa,42,177,218,20.1,64,-772
ABaraa,43,178,218,19.1,62,-395
ABaraa,44,179,215,19.1,63,-1348
ABaraa,45,184,205,19.1,64,-1415
ABaraa,46,185,206,18.0,61,-762
ABaraaa,47,161,183,19.1,38,-510
ABaraaa,48,158,188,18.9,55,-834
ABaraaa,49,151,184,18.1,53,-64
ABaraaa,50,143,174,18.0,53,-254
ABaraaa,51,129,179,18.2,53,-325
ABaraaa,52,136,177,18.9,53,-493
ABaraaa,53,140,174,18.9,53,-832
ABaraaa,54,134,175,18.4,55,-371
ABaraaa,55,136,171,18.1,53,-734
ABaraaa,56,143,167,18.1,52,-350
ABaraaa,57,144,168,18.1,53,-842
ABaraaa,58,138,180,18.3,54,-377
ABaraaa,59,147,186,19.9,51,-669
ABaraaa,60,146,177,19.1,56,-1289
ABaraaa,61,148,179,19.2,57,-204
ABaraaa,62,162,171,19.1,53,-426
ABaraaa,63,163,177,18.3,52,-604
ABaraaa,64,163,181,19.1,47,-1010
ABaraaaa,65,129,190,19.2,35,-831
ABaraaaa,66,130,201,20.0,38,392
ABaraaaa,67,135,208,20.1,43,-459
ABaraaaa,68,122,218,20.1,43,-777
ABaraaaa,69,124,214,20.1,45,-741
ABaraaaa,70,122,204,20.9,44,-484
ABaraaaa,71,126,202,21.0,44,-661
ABaraaaa,72,125,189,20.0,44,-725
ABaraaaa,73,129,182,19.9,44,-545
ABaraaaa,74,136,179,19.9,44,-909
ABaraaaa,75,140,176,19.0,44,-249
ABaraaaa,76,144,176,18.1,44,-407
ABaraaaa,77,147,169,18.0,44,-846
ABaraaaa,78,141,170,18.0,44,-188
ABaraaaa,79,131,176,18.1,44,-879
ABaraaaa,80,129,170,17.1,44,-107
ABaraaaa,81,123,172,17.1,44,-67
ABaraaaa,82,126,178,17.1,44,-670
ABaraaaa,83,117,177,17.1,44,-1340
ABaraaaa,84,109,178,16.9,44,-96
ABaraaaa,85,107,178,15.2,45,-841
ABaraaaa,86,103,194,16.2,44,-41
ABaraaaa,87,92,209,16.3,42,-1166
ABaraaaa,88,99,217,17.2,41,-215
ABaraaaa,89,110,212,17.1,39,108
ABaraaaa,90,108,220,18.1,36,-655
ABaraaaaa,91,81,215,17.1,35,-1518
ABaraaaaa,92,80,207,16.2,26,-600
ABaraaaaa,93,78,205,17.0,35,-65
ABaraaaaa,94,82,202,18.0,26,-680
ABaraaaaa,95,89,199,17.2,39,-103
ABaraaaaa,96,91,188,17.1,38,407
ABaraaaaa,97,94,184,17.1,26,287
ABaraaaaa,98,96,188,17.2,38,-917
ABaraaaaa,99,100,190,17.0,38,-47
ABaraaaaa,100,105,194,17.9,36,1013
ABaraaaaa,101,105,189,16.9,36,-706
ABaraaaaa,102,99,192,16.3,26,1194
ABaraaaaa,103,108,197,16.2,38,-781
ABaraaaaa,104,107,200,17.1,36,-1048
ABaraaaaa,105,113,206,18.0,36,-1087
ABaraaaaa,106,116,202,17.9,36,-78
ABaraaaaa,107,108,202,17.9,36,-766
ABaraaaaa,108,117,202,17.2,36,-1522
ABaraaaaa,109,112,206,17.1,38,-369
ABaraaaaa,110,95,195,17.2,36,-964
ABaraaaaa,111,93,186,16.3,38,-208
ABaraaaaa,112,92,190,16.1,36,-736
ABaraaaaa,113,91,198,15.2,38,-765
ABaraaaaa,114,83,209,15.1,38,-406
ABaraaaaa,115,80,213,14.2,39,-465
ABaraaaaa,116,74,211,15.0,37,106
ABaraaaaa,117,74,205,15.0,38,-609
ABaraaaaa,118,75,205,14.3,37,221
ABaraaaaa,119,71,209,15.2,36,-981
ABaraaaaa,120,77,215,15.2,35,-1003
ABaraaaaa,121,87,218,15.3,34,-1190
ABaraaaaa,122,92,216,15.2,34,-443
ABaraaaaaa,123,81,225,17.1,32,888
ABaraaaaaa,124,84,225,17.2,26,-1500
ABaraaaaaa,125,84,225,17.2,26,-254
ABaraaaaaa,126,74,232,17.3,34,361
ABaraaaaaa,127,66,238,17.2,32,-243
ABaraaaaaa,128,69,239,17.0,30,-709
ABaraaaaaa,129,68,243,17.1,34,-712
ABaraaaaaa,130,75,246,17.9,30,104
ABaraaaaaa,131,72,250,17.1,34,-404
ABaraaaaaa,132,72,254,17.2,34,-436
ABaraaaaaa,133,77,258,17.1,34,-485
ABaraaaaaa,134,79,252,17.1,34,-542
ABaraaaaaa,135,78,248,17.1,34,565
ABaraaaaaa,136,81,248,17.1,34,-320
ABaraaaaaa,137,87,252,17.1,34,-327
ABaraaaaaa,138,94,253,17.3,34,-330
ABaraaaaaa,139,96,255,18.3,34,-53
ABaraaaaaa,140,93,255,18.2,34,233
ABaraaaaaa,141,92,251,18.0,34,-539
ABaraaaaaa,142,99,252,18.0,34,-344
ABaraaaaaa,143,96,254,17.2,34,887
ABaraaaaaa,144,102,259,17.1,26,-468
ABaraaaaaa,145,102,259,17.1,26,-1755
ABaraaaaaa,146,104,261,17.1,26,-537
ABaraaaaaa,147,105,263,17.1,34,-373
ABaraaaaaa,148,102,261,17.9,30,-569
ABaraaaaaa,149,95,263,17.1,34,-352
ABaraaaaaa,150,99,273,17.2,34,-319
ABaraaaaaa,151,103,276,17.2,34,89
ABaraaaaaa,152,105,274,17.2,34,-103
ABaraaaaaa,153,112,281,17.1,31,-120
ABaraaaaaa,154,118,277,17.1,34,-989
ABaraaaaaa,155,121,279,16.3,31,-322
ABaraaaaaa,156,127,279,17.1,34,636
ABaraaaaaa,157,130,279,17.0,31,-595
ABaraaaaaa,158,137,284,17.0,34,161
ABaraaaaaa,159,137,284,17.0,34,-941
ABaraaaaaa,160,147,280,17.1,34,-1230
ABaraaaaap,123,102,187,15.3,30,-599
ABaraaaaap,124,107,178,16.0,30,578
ABaraaaaap,125,108,178,15.2,32,-907
ABaraaaaap,126,105,181,15.3,34,-430
ABaraaaaap,127,104,189,16.2,34,-949
ABaraaaaap,128,105,185,17.1,30,-310
ABaraaaaap,129,102,183,17.2,32,-570
ABaraaaaap,130,107,186,17.3,34,276
ABaraaaaap,131,107,194,18.2,34,22
ABaraaaaap,132,102,193,18.1,34,-256
ABaraaaaap,133,104,193,17.1,34,-626
ABaraaaaap,134,113,192,16.3,34,-878
ABaraaaaap,135,115,192,17.3,34,533
ABaraaaaap,136,118,189,18.2,34,-661
ABaraaaaap,137,113,193,19.2,34,-498
ABaraaaaap,138,122,193,19.2,34,-12
ABaraaaaap,139,129,196,20.0,34,921
ABaraaaaap,140,128,198,19.1,34,-744
ABaraaaaap,141,139,196,19.1,34,-324
ABaraaaaap,142,139,201,18.2,34,248
ABaraaaaap,143,135,208,19.0,34,-413
ABaraaaaap,144,135,205,18.2,34,-323
ABaraaaaap,145,128,204,19.1,34,-453
ABaraaaaap,146,128,204,19.0,34,203
ABaraaaaap,147,124,204,18.2,34,70
ABaraaaaap,148,124,211,18.2,34,-34
ABaraaaaap,149,124,213,19.0,34,-156
ABaraaaaap,150,128,218,19.2,34,-1611
ABaraaaaap,151,128,218,19.2,34,245
ABaraaaaap,152,140,226,19.2,26,-636
ABaraaaaap,153,140,226,19.2,26,1659
ABaraaaaap,154,150,235,19.2,26,-618
ABaraaaaap,155,152,239,19.1,31,-164
ABaraaaaap,156,154,241,18.8,31,-816
ABaraaaaap,157,156,244,18.5,31,-1800
ABaraaaaap,158,159,247,18.2,32,-155
ABaraaaaap,159,158,246,18.1,31,79
ABaraaaaap,160,167,247,18.0,34,409
ABaraaaap,91,133,215,19.3,37,-956
ABaraaaap,92,131,210,20.0,35,-552
ABaraaaap,93,138,208,20.9,35,41
ABaraaaap,94,139,196,20.3,37,-776
ABaraaaap,95,144,196,20.3,39,-1038
ABaraaaap,96,142,193,20.1,38,-868
ABaraaaap,97,146,199,18.1,36,-642
ABaraaaap,98,151,201,16.3,38,-1276
ABaraaaap,99,149,195,17.0,36,98
ABaraaaap,100,148,202,16.9,36,91
ABaraaaap,101,147,201,17.0,36,-604
ABaraaaap,102,155,202,16.1,36,-878
ABaraaaap,103,154,200,16.1,36,-84
ABaraaaap,104,160,201,16.0,36,-918
ABaraaaap,105,157,198,17.0,36,-781
ABaraaaap,106,159,194,16.1,36,-500
ABaraaaap,107,151,191,16.0,36,-283
ABaraaaap,108,156,194,16.0,36,-750
ABaraaaap,109,161,208,15.9,36,-520
ABaraaaap,110,156,206,15.0,36,-988
ABaraaaap,111,154,212,14.1,36,-631
ABaraaaap,112,146,215,14.0,36,-79
ABaraaaap,113,145,214,13.9,36,-791
ABaraaaap,114,136,209,14.1,36,-1114
ABaraaaap,115,123,200,14.1,37,-496
ABaraaaap,116,116,204,14.1,37,-1260
ABaraaaap,117,114,211,14.3,36,-1266
ABaraaaap,118,115,219,14.4,37,-1682
ABaraaaap,119,116,225,14.4,36,-734
ABaraaaap,120,117,230,14.2,35,-461
ABaraaaap,121,125,240,14.3,34,-1375
ABaraaaap,122,124,244,14.1,34,-1004
ABaraaaap,123,122,237,14.2,34,-1264
ABaraaaap,124,118,228,14.3,34,-851
ABaraaaap,125,116,230,14.1,30,-599
ABaraaaapa,126,96,222,15.0,30,-1717
ABaraaaapa,127,92,223,14.9,30,-894
ABaraaaapa,128,93,219,15.0,30,-165
ABaraaaapa,129,91,218,15.2,32,-605
ABaraaaapa,130,95,228,15.1,34,-1151
ABaraaaapa,131,93,232,15.1,34,126
ABaraaaapa,132,96,228,16.0,34,536
ABaraaaapa,133,95,230,15.1,32,153
ABaraaaapa,134,97,229,14.3,34,326
ABaraaaapa,135,100,226,15.1,34,67
ABaraaaapa,136,103,221,15.1,34,-1300
ABaraaaapa,137,106,221,14.2,32,-123
ABaraaaapa,138,112,217,14.2,34,-251
ABaraaaapa,139,108,220,14.3,34,-1388
ABaraaaapa,140,106,219,14.2,30,-320
ABaraaaapa,141,107,222,14.1,34,-469
ABaraaaapa,142,110,222,14.1,32,-537
ABaraaaapa,143,111,225,13.3,34,179
ABaraaaapa,144,110,229,13.3,34,12
ABaraaaapa,145,108,228,12.3,26,-1043
ABaraaaapa,146,110,228,13.2,34,-680
ABaraaaapa,147,110,228,13.2,30,-407
ABaraaaapa,148,110,227,13.1,26,-1382
ABaraaaapa,149,110,227,13.1,26,-1641
ABaraaaapa,150,113,231,13.1,26,59
ABaraaaapa,151,110,234,13.1,34,52
ABaraaaapa,152,108,235,13.1,34,136
ABaraaaapa,153,108,235,13.1,34,452
ABaraaaapa,154,111,233,13.3,32,-120
ABaraaaapa,155,114,236,14.0,31,-110
ABaraaaapa,156,112,237,14.0,34,-132
ABaraaaapa,157,112,239,13.1,26,-632
ABaraaaapa,158,117,241,14.2,34,-579
ABaraaaapa,159,114,241,14.3,31,-1082
ABaraaaapa,160,116,240,14.0,26,1373
ABaraaaapp,126,128,246,13.8,30,-1747
ABaraaaapp,127,133,257,13.1,30,-1412
ABaraaaapp,128,130,260,13.0,30,-284
ABaraaaapp,129,126,258,13.0,30,-219
ABaraaaapp,130,131,260,12.2,32,114
ABaraaaapp,131,132,259,12.1,30,-353
ABaraaaapp,132,131,258,12.2,30,-137
ABaraaaapp,133,135,257,12.0,30,-454
ABaraaaapp,134,133,257,12.0,30,-603
ABaraaaapp,135,132,259,12.1,30,-1249
ABaraaaapp,136,135,255,12.0,32,-656
ABaraaaapp,137,132,256,12.1,32,-819
ABaraaaapp,138,135,255,11.9,30,-906
ABaraaaapp,139,136,259,11.0,30,-119
ABaraaaapp,140,134,254,11.0,26,-821
ABaraaaapp,141,133,254,11.1,26,-1601
ABaraaaapp,142,133,254,11.1,26,-2597
ABaraaaapp,143,133,265,11.0,34,-1121
ABaraaaapp,144,132,263,10.2,26,-508
ABaraaaapp,145,133,263,11.2,32,-1708
ABaraaaapp,146,134,262,11.1,26,-104
ABaraaaapp,147,143,257,11.2,32,222
ABaraaaapp,148,147,255,11.0,32,379
ABaraaaapp,149,147,253,10.0,30,-1335
ABaraaaapp,150,145,252,9.9,30,109
ABaraaaapp,151,148,253,10.0,32,-295
ABaraaaapp,152,141,253,10.0,32,-457
ABaraaaapp,153,135,256,10.2,31,-572
ABaraaaapp,154,138,256,10.2,26,-1257
ABaraaaapp,155,136,259,10.0,29,-486
ABaraaaapp,156,136,264,10.7,30,-463
ABaraaaapp,157,139,256,10.0,29,234
ABaraaaapp,158,138,254,10.0,28,373
ABaraaaapp,159,136,254,9.9,29,225
ABaraaaapp,160,140,245,9.7,30,-956
ABaraaap,65,176,162,18.0,35,-865
ABaraaap,66,187,166,18.0,40,-483
ABaraaap,67,191,169,17.1,41,336
ABaraaap,68,189,173,17.1,45,-1379
ABaraaap,69,197,182,17.1,45,-866
ABaraaap,70,191,178,16.1,46,-1396
ABaraaap,71,193,176,16.0,44,-1206
ABaraaap,72,195,181,16.0,44,-744
ABaraaap,73,188,172,14.1,46,-443
ABaraaap,74,198,165,14.1,46,-599
ABaraaap,75,197,159,14.1,48,-634
ABaraaap,76,202,167,14.2,46,-916
ABaraaap,77,198,156,14.1,48,-1170
ABaraaap,78,195,152,14.3,48,-314
ABaraaap,79,188,147,15.0,46,-161
ABaraaap,80,178,137,15.0,46,-257
ABaraaap,81,175,139,15.3,46,-509
ABaraaap,82,179,141,16.1,46,-531
ABaraaap,83,178,146,16.0,44,-26
ABaraaap,84,171,143,17.0,44,-456
ABaraaap,85,167,144,16.1,43,-428
ABaraaap,86,160,153,15.2,34,-883
ABaraaapa,87,122,166,15.3,34,569
ABaraaapa,88,126,166,17.1,37,-843
ABaraaapa,89,134,167,17.1,41,538
ABaraaapa,90,147,172,19.1,40,-762
ABaraaapa,91,140,175,19.1,39,178
ABaraaapa,92,138,172,18.2,39,-1193
ABaraaapa,93,137,171,18.2,39,-183
ABaraaapa,94,143,163,17.3,39,-220
ABaraaapa,95,146,165,18.1,39,231
ABaraaapa,96,152,158,17.2,40,-589
ABaraaapa,97,156,159,17.3,40,-602
ABaraaapa,98,156,158,17.2,40,-211
ABaraaapa,99,160,159,17.2,40,-541
ABaraaapa,100,162,161,18.1,40,-439
ABaraaapa,101,156,157,18.1,40,283
ABaraaapa,102,157,165,18.2,40,37
ABaraaapa,103,156,162,18.1,40,-408
ABaraaapa,104,154,165,19.0,40,-379
ABaraaapa,105,166,163,19.1,40,-553
ABaraaapa,106,165,158,19.1,40,-1453
ABaraaapa,107,159,165,19.1,40,-624
ABaraaapa,108,157,164,19.1,40,-843
ABaraaapa,109,151,176,20.1,40,-1517
ABaraaapa,110,143,186,19.0,40,-1294
ABaraaapa,111,138,182,18.1,38,-1628
ABaraaapa,112,138,184,18.0,36,-1589
ABaraaapaa,113,108,187,17.2,26,-582
ABaraaapaa,114,97,193,17.3,26,-503
ABaraaapaa,115,97,193,17.1,37,-1329
ABaraaapaa,116,89,194,17.2,35,-627
ABaraaapaa,117,87,184,18.0,34,-276
ABaraaapaa,118,82,191,17.1,35,-1090
ABaraaapaa,119,79,197,18.1,34,-1070
ABaraaapaa,120,79,204,18.0,26,-1152
ABaraaapaa,121,91,207,19.1,34,-1696
ABaraaapaa,122,99,200,19.2,34,-94
ABaraaapaa,123,102,200,20.1,34,-742
ABaraaapaa,124,99,196,19.1,34,-746
ABaraaapaa,125,94,202,19.1,34,-330
ABaraaapaa,126,96,212,18.2,34,252
ABaraaapaa,127,93,225,18.2,32,400
ABaraaapaa,128,97,225,18.2,34,-279
ABaraaapaa,129,99,221,19.1,34,479
ABaraaapaa,130,102,227,19.1,34,-796
ABaraaapaa,131,106,228,19.1,34,-461
ABaraaapaa,132,103,225,19.1,34,-1456
ABaraaapaa,133,103,226,18.2,34,-373
ABaraaapaa,134,107,225,17.2,34,665
ABaraaapaa,135,113,220,18.1,34,662
ABaraaapaa,136,113,221,18.1,34,-124
ABaraaapaa,137,114,218,17.2,34,207
ABaraaapaa,138,129,213,17.2,34,-862
ABaraaapaa,139,134,210,17.1,34,-950
ABaraaapaa,140,130,213,17.2,34,-1488
ABaraaapaa,141,137,214,16.1,34,-847
ABaraaapaa,142,140,216,15.2,34,-150
ABaraaapaa,143,132,219,16.1,34,-1145
ABaraaapaa,144,131,221,15.3,34,84
ABaraaapaa,145,127,222,15.1,34,-1299
ABaraaapaa,146,129,221,15.3,34,-1505
ABaraaapaa,147,129,221,15.3,34,-1380
ABaraaapaa,148,129,221,15.2,34,-588
ABaraaapaa,149,124,222,15.2,34,-586
ABaraaapaa,150,125,231,16.1,34,-459
ABaraaapaa,151,125,235,16.1,34,-349
ABaraaapaa,152,124,235,16.0,34,886
ABaraaapaa,153,129,240,16.0,31,-814
ABaraaapaaa,154,124,240,16.1,29,-884
ABaraaapaaa,155,118,240,16.1,26,295
ABaraaapaaa,156,117,242,16.1,24,-1453
ABaraaapaaa,157,114,241,15.0,31,-275
ABaraaapaaa,158,122,249,16.1,34,-490
ABaraaapaaa,159,127,257,16.2,26,-156
ABaraaapaaa,160,134,249,16.1,34,-583
ABaraaapaap,154,138,245,15.4,34,-1172
ABaraaapaap,155,161,245,14.0,29,-1583
ABaraaapaap,156,158,249,15.0,30,63
ABaraaapaap,157,155,254,14.1,31,352
ABaraaapaap,158,150,247,14.0,32,-346
ABaraaapaap,159,145,249,14.2,31,-177
ABaraaapaap,160,145,249,14.2,31,-16
ABaraaapap,113,154,175,18.3,34,-511
ABaraaapap,114,151,169,19.0,36,-737
ABaraaapap,115,157,161,18.1,35,306
ABaraaapap,116,148,154,18.0,39,-415
ABaraaapap,117,142,156,18.1,38,-369
ABaraaapap,118,134,167,18.2,37,378
ABaraaapap,119,124,164,18.1,36,-492
ABaraaapap,120,128,176,18.1,35,-114
ABaraaapap,121,141,182,18.1,34,-1596
ABaraaapap,122,148,186,17.1,34,-1100
ABaraaapap,123,143,180,17.1,34,-49
ABaraaapap,124,146,180,17.1,34,-691
ABaraaapap,125,143,183,18.0,34,-899
ABaraaapap,126,141,192,16.0,26,1065
ABaraaapap,127,139,200,17.0,34,-626
ABaraaapap,128,143,203,18.1,34,-698
ABaraaapap,129,143,203,18.1,34,-596
ABaraaapap,130,148,212,18.1,34,-120
ABaraaapap,131,146,211,19.0,34,-871
ABaraaapap,132,144,210,19.0,34,-816
ABaraaapap,133,144,207,18.1,34,7
ABaraaapap,134,149,212,17.2,34,-188
ABaraaapap,135,159,218,18.1,34,-763
ABaraaapap,136,156,211,18.1,34,-569
ABaraaapap,137,159,214,19.0,34,-1673
ABaraaapap,138,167,209,17.2,34,-514
ABaraaapap,139,169,216,18.0,34,-564
ABaraaapap,140,169,223,17.2,34,36
ABaraaapap,141,168,227,17.2,34,-608
ABaraaapap,142,173,230,17.1,34,-812
ABaraaapap,143,165,228,17.0,30,-1398
ABaraaapapa,144,161,228,17.1,26,-1458
ABaraaapapa,145,146,229,17.9,30,-552
ABaraaapapa,146,146,229,17.9,30,-964
ABaraaapapa,147,142,229,17.1,26,-1188
ABaraaapapa,148,142,229,17.1,26,-76
ABaraaapapa,149,142,240,17.1,34,-550
ABaraaapapa,150,140,241,18.0,26,-420
ABaraaapapa,151,140,241,18.0,26,-433
ABaraaapapa,152,154,246,16.2,34,-1351
ABaraaapapa,153,162,242,17.0,31,-284
ABaraaapapa,154,169,240,16.1,30,-748
ABaraaapapa,155,174,240,17.0,31,-744
ABaraaapapa,156,166,245,17.0,34,-140
ABaraaapapa,157,171,240,16.1,31,-3
ABaraaapapa,158,172,242,16.1,34,476
ABaraaapapa,159,175,239,15.1,31,441
ABaraaapapa,160,178,239,15.1,34,-186
ABaraaapapp,144,178,228,16.1,32,-883
ABaraaapapp,145,178,228,16.1,32,-363
ABaraaapapp,146,201,236,16.0,30,-1342
ABaraaapapp,147,211,220,14.9,30,1180
ABaraaapapp,148,211,220,15.2,26,-886
ABaraaapapp,149,209,226,15.1,26,-971
ABaraaapapp,150,211,226,15.1,32,-559
ABaraaapapp,151,212,219,16.0,26,-960
ABaraaapapp,152,215,211,15.1,32,-1007
ABaraaapapp,153,217,206,14.9,29,-555
ABaraaapapp,154,218,213,14.2,32,71
ABaraaapapp,155,216,207,13.4,31,273
ABaraaapapp,156,215,215,13.3,34,-665
ABaraaapapp,157,213,208,14.1,29,99
ABaraaapapp,158,216,213,13.3,34,-965
ABaraaapapp,159,212,210,13.1,26,-1122
ABaraaapapp,160,214,206,13.1,26,-351
ABaraaapp,87,184,146,18.0,36,-920
ABaraaapp,88,189,150,18.0,37,226
ABaraaapp,89,197,145,18.0,37,-551
ABaraaapp,90,194,137,18.0,36,-1085
ABaraaapp,91,186,134,18.1,39,127
ABaraaapp,92,183,133,17.1,39,574
ABaraaapp,93,194,142,19.0,39,-224
ABaraaapp,94,201,147,18.2,39,-928
ABaraaapp,95,199,143,18.3,39,-536
ABaraaapp,96,200,135,18.0,40,-293
ABaraaapp,97,205,136,17.1,38,-544
ABaraaapp,98,204,139,17.2,40,460
ABaraaapp,99,204,137,17.3,40,-786
ABaraaapp,100,200,136,18.8,36,324
ABaraaapp,101,201,131,18.0,38,-195
ABaraaapp,102,199,135,19.0,36,131
ABaraaapp,103,195,136,18.9,36,-115
ABaraaapp,104,194,146,19.9,36,-564
ABaraaapp,105,200,137,18.2,38,-187
ABaraaapp,106,202,135,18.2,38,-1043
ABaraaapp,107,198,147,19.0,36,-893
ABaraaapp,108,194,141,19.1,38,-58
ABaraaapp,109,190,147,19.1,38,-459
ABaraaapp,110,187,149,19.0,40,-60
ABaraaapp,111,187,149,18.2,40,150
ABaraaapp,112,186,145,18.1,40,-741
ABaraaapp,113,182,142,18.1,40,399
ABaraaapp,114,185,138,18.2,38,-343
ABaraaapp,115,188,133,18.0,39,-151
ABaraaapp,116,180,130,18.1,39,-398
ABaraaapp,117,176,130,17.3,36,-501
ABaraaapp,118,172,156,17.1,35,-321
ABaraaapp,119,171,157,17.1,32,484
ABaraaappa,120,143,158,16.1,31,-95
ABaraaappa,121,150,161,16.9,30,-1234
ABaraaappa,122,144,154,16.1,30,1276
ABaraaappa,123,145,151,16.2,32,-80
ABaraaappa,124,144,142,16.2,32,319
ABaraaappa,125,139,144,17.0,32,320
ABaraaappa,126,136,153,17.1,34,-288
ABaraaappa,127,135,163,17.3,34,-15
ABaraaappa,128,128,164,18.3,32,-353
ABaraaappa,129,128,169,19.2,32,-348
ABaraaappa,130,132,173,20.0,34,-817
ABaraaappa,131,136,173,19.2,30,-614
ABaraaappa,132,135,171,19.2,32,952
ABaraaappa,133,132,171,19.1,32,-836
ABaraaappa,134,131,176,19.3,34,-233
ABaraaappa,135,139,179,20.1,30,-600
ABaraaappa,136,143,173,20.2,30,-601
ABaraaappa,137,145,178,20.2,32,266
ABaraaappa,138,154,177,20.3,32,511
ABaraaappa,139,155,183,21.1,34,-476
ABaraaappa,140,149,185,21.2,34,-825
ABaraaappa,141,154,184,21.1,34,-972
ABaraaappa,142,150,188,20.2,34,-49
ABaraaappa,143,152,195,21.2,34,-1074
ABaraaappa,144,154,192,21.2,34,-886
ABaraaappa,145,159,197,21.1,34,-276
ABaraaappa,146,153,196,21.1,32,-492
ABaraaappa,147,147,193,21.1,34,-1369
ABaraaappa,148,148,197,20.5,32,-861
ABaraaappa,149,137,203,21.1,34,-139
ABaraaappa,150,142,205,21.9,30,-231
ABaraaappa,151,143,214,21.2,34,-444
ABaraaappa,152,149,213,21.1,34,-1511
ABaraaappa,153,154,221,21.1,31,192
ABaraaappa,154,155,219,21.1,34,578
ABaraaappa,155,148,223,21.2,31,308
ABaraaappa,156,150,227,21.0,34,-93
ABaraaappa,157,153,229,21.1,31,-51
ABaraaappa,158,154,237,21.1,34,-321
ABaraaappa,159,152,235,21.1,31,-197
ABaraaappa,160,146,232,21.0,34,66
ABaraaappp,120,191,164,17.1,31,136
ABaraaappp,121,199,165,17.9,30,-1446
ABaraaappp,122,205,162,17.9,30,-1090
ABaraaappp,123,193,156,17.2,34,128
ABaraaappp,124,187,149,17.3,32,-307
ABaraaappp,125,186,154,17.1,34,-283
ABaraaappp,126,180,162,17.3,32,406
ABaraaappp,127,179,168,18.0,32,7
ABaraaappp,128,180,167,19.0,30,246
ABaraaappp,129,176,165,19.2,34,166
ABaraaappp,130,184,172,18.3,32,-923
ABaraaappp,131,178,169,19.0,34,-192
ABaraaappp,132,179,176,18.3,34,-350
ABaraaappp,133,180,174,19.2,34,-1566
ABaraaappp,134,173,173,19.3,34,635
ABaraaappp,135,181,179,20.1,34,351
ABaraaappp,136,185,176,20.1,34,209
ABaraaappp,137,190,181,20.0,34,-216
ABaraaappp,138,194,181,20.1,34,-908
ABaraaappp,139,195,183,20.2,34,-740
ABaraaappp,140,188,185,21.0,34,-829
ABaraaappp,141,191,176,21.1,34,169
ABaraaappp,142,187,184,20.3,34,540
ABaraaappp,143,191,185,20.3,34,-1464
ABaraaappp,144,193,184,20.2,34,-556
ABaraaappp,145,189,180,20.2,34,-1050
ABaraaappp,146,187,176,20.3,34,115
ABaraaappp,147,178,172,21.1,34,-279
ABaraaappp,148,179,178,21.0,34,266
ABaraaappp,149,172,181,21.1,34,-862
ABaraaappp,150,178,180,21.1,34,-1035
ABaraaappp,151,174,183,21.1,34,-1136
ABaraaappp,152,176,180,21.1,34,-664
ABaraaappp,153,175,189,21.1,31,-692
ABaraaappp,154,182,189,21.0,34,-363
ABaraaappp,155,170,188,21.1,31,-702
ABaraaappp,156,175,191,21.3,34,-513
ABaraaappp,157,169,196,21.3,31,391
ABaraaappp,158,167,202,21.2,34,-1069
ABaraaappp,159,165,203,22.0,31,-1794
ABaraaappp,160,172,202,21.0,30,-474
ABaraap,47,218,234,19.0,38,-521
ABaraap,48,221,250,18.1,55,-617
ABaraap,49,219,257,18.1,53,-768
ABaraap,50,217,260,19.0,53,-336
ABaraap,51,213,255,19.0,53,-1282
ABaraap,52,212,252,19.2,55,-941
ABaraap,53,202,246,18.3,57,-570
ABaraap,54,203,242,18.3,57,-420
ABaraap,55,209,240,20.0,57,-828
ABaraap,56,210,239,20.0,52,-801
ABaraap,57,208,242,20.0,53,-1290
ABaraap,58,198,251,20.0,34,-466
ABaraap,59,205,250,19.1,55,-226
ABaraap,60,208,242,19.2,54,-316
ABaraap,61,212,240,18.2,51,-225
ABaraap,62,214,235,18.1,51,-840
ABaraap,63,212,240,18.0,38,-349
ABaraapa,64,185,238,19.0,33,-828
ABaraapa,65,172,239,20.0,43,-298
ABaraapa,66,172,238,20.0,40,-257
ABaraapa,67,169,243,20.1,43,-1679
ABaraapa,68,170,249,20.1,45,-632
ABaraapa,69,170,246,20.1,47,-717
ABaraapa,70,168,233,21.0,44,-647
ABaraapa,71,171,224,21.0,44,-511
ABaraapa,72,169,218,20.2,46,-619
ABaraapa,73,174,211,20.9,44,-371
ABaraapa,74,185,202,20.9,44,-920
ABaraapa,75,188,200,20.1,44,-1611
ABaraapa,76,185,197,20.2,48,-599
ABaraapa,77,186,191,20.2,48,-1039
ABaraapa,78,188,194,20.1,46,-130
ABaraapa,79,181,185,20.2,46,-361
ABaraapa,80,173,187,20.9,44,-861
ABaraapa,81,168,194,21.0,46,-1504
ABaraapa,82,166,198,20.3,48,-186
ABaraapa,83,166,203,20.1,46,-812
ABaraapa,84,161,200,20.0,46,-1155
ABaraapa,85,161,201,19.1,47,-646
ABaraapa,86,157,212,18.1,30,-102
ABaraapaa,87,118,219,19.0,40,-496
ABaraapaa,88,126,227,20.1,37,-1165
ABaraapaa,89,128,230,21.0,37,-1150
ABaraapaa,90,144,238,21.2,38,-623
ABaraapaa,91,147,239,21.1,37,369
ABaraapaa,92,139,245,21.1,37,-635
ABaraapaa,93,143,248,21.0,37,-1238
ABaraapaa,94,143,235,21.1,39,-252
ABaraapaa,95,158,235,21.1,37,-242
ABaraapaa,96,150,224,21.1,40,-854
ABaraapaa,97,152,215,20.0,36,-692
ABaraapaa,98,152,220,19.1,40,-1101
ABaraapaa,99,150,224,19.0,38,-864
ABaraapaa,100,154,226,18.2,40,-429
ABaraapaa,101,158,224,18.2,40,-401
ABaraapaa,102,170,232,18.2,38,-1283
ABaraapaa,103,160,233,18.0,38,-268
ABaraapaa,104,156,240,17.1,38,-929
ABaraapaa,105,162,243,16.3,40,-9
ABaraapaa,106,162,240,17.8,36,-1258
ABaraapaa,107,158,232,17.2,38,-498
ABaraapaa,108,158,240,16.3,40,-204
ABaraapaa,109,156,251,15.2,40,-992
ABaraapaa,110,161,249,16.0,36,558
ABaraapaa,111,167,248,15.1,38,-718
ABaraapaa,112,162,243,16.9,36,-1189
ABaraapaa,113,159,236,17.0,40,-292
ABaraapaa,114,148,229,17.0,40,-507
ABaraapaa,115,140,224,17.0,35,4
ABaraapaa,116,131,226,17.9,35,-868
ABaraapaaa,117,105,225,18.1,34,-628
ABaraapaaa,118,99,229,18.0,33,-1243
ABaraapaaa,119,96,237,18.8,32,-728
ABaraapaaa,120,95,242,18.9,31,830
ABaraapaaa,121,107,247,18.3,34,-1315
ABaraapaaa,122,113,247,18.3,34,-355
ABaraapaaa,123,116,244,18.1,30,62
ABaraapaaa,124,115,251,17.3,34,-401
ABaraapaaa,125,108,250,17.3,32,-1020
ABaraapaaa,126,106,252,17.4,32,-529
ABaraapaaa,127,102,261,17.9,30,-259
ABaraapaaa,128,105,256,17.1,32,-1034
ABaraapaaa,129,107,259,17.2,34,-955
ABaraapaaa,130,114,255,17.9,30,-1305
ABaraapaaa,131,116,259,17.2,34,-99
ABaraapaaa,132,120,257,17.1,32,-495
ABaraapaaa,133,120,257,17.1,32,-1012
ABaraapaaa,134,122,258,15.2,32,-264
ABaraapaaa,135,122,258,15.2,32,271
ABaraapaaa,136,132,245,15.1,34,172
ABaraapaaa,137,130,249,15.3,34,-789
ABaraapaaa,138,135,245,14.2,34,-828
ABaraapaaa,139,136,248,14.1,34,-177
ABaraapaaa,140,129,246,14.0,32,-1591
ABaraapaaa,141,132,248,13.1,34,62
ABaraapaaa,142,136,256,13.0,34,336
ABaraapaaa,143,138,267,13.1,34,-783
ABaraapaaa,144,140,278,13.2,34,329
ABaraapaaa,145,139,274,12.2,34,-1097
ABaraapaaa,146,138,276,13.1,34,221
ABaraapaaa,147,143,275,13.2,26,-1923
ABaraapaaa,148,142,280,13.1,34,-109
ABaraapaaa,149,139,267,12.2,34,-1144
ABaraapaaa,150,140,274,12.1,34,-450
ABaraapaaa,151,143,262,13.0,26,-78
ABaraapaaa,152,142,264,12.7,28,-624
ABaraapaaa,153,140,266,12.4,31,-638
ABaraapaaa,154,138,269,12.1,34,-944
ABaraapaaa,155,142,280,11.3,31,-222
ABaraapaaa,156,138,288,11.3,34,392
ABaraapaaa,157,139,285,11.2,31,296
ABaraapaaa,158,136,283,11.2,32,-453
ABaraapaaa,159,135,281,12.1,31,184
ABaraapaaa,160,137,271,11.2,34,-834
ABaraapaap,117,152,228,17.1,34,-850
ABaraapaap,118,153,238,17.9,33,-912
ABaraapaap,119,154,234,17.0,32,162
ABaraapaap,120,161,236,17.2,35,225
ABaraapaap,121,160,239,17.1,34,29
ABaraapaap,122,160,239,16.3,34,-1168
ABaraapaap,123,161,240,16.3,34,1059
ABaraapaap,124,158,238,17.1,34,-743
ABaraapaap,125,153,243,17.0,34,-684
ABaraapaap,126,153,250,16.2,34,-505
ABaraapaap,127,146,252,16.2,34,419
ABaraapaap,128,146,256,16.1,34,-1366
ABaraapaap,129,149,262,16.2,34,-591
ABaraapaap,130,146,264,15.3,34,-393
ABaraapaap,131,150,260,16.1,34,-1
ABaraapaap,132,157,258,16.1,34,-1267
ABaraapaap,133,161,261,15.3,34,337
ABaraapaap,134,154,269,14.2,34,388
ABaraapaap,135,159,263,14.1,34,-1070
ABaraapaap,136,161,259,14.1,34,60
ABaraapaap,137,162,260,13.2,34,-608
ABaraapaap,138,169,258,13.2,34,-513
ABaraapaap,139,172,257,13.2,32,-1576
ABaraapaap,140,171,254,12.4,34,-750
ABaraapaap,141,175,257,12.3,34,-782
ABaraapaap,142,173,262,12.1,34,-532
ABaraapaap,143,169,268,12.3,34,238
ABaraapaap,144,171,274,12.1,34,-1259
ABaraapaap,145,173,274,12.3,34,-284
ABaraapaap,146,172,274,13.1,34,-203
ABaraapaap,147,175,271,13.2,34,-123
ABaraapaap,148,174,275,14.0,34,-510
ABaraapaap,149,164,273,13.1,34,-718
ABaraapaap,150,163,270,13.2,34,179
ABaraapaap,151,168,265,13.2,34,25
ABaraapaap,152,170,264,13.0,34,-788
ABaraapaap,153,173,271,12.9,29,90
ABaraapaap,154,179,272,13.0,30,1075
ABaraapaapa,155,158,276,13.0,28,-1017
ABaraapaapa,156,155,273,13.0,28,-828
ABaraapaapa,157,156,274,12.5,28,-558
ABaraapaapa,158,157,275,12.1,27,-114
ABaraapaapa,159,158,276,11.6,27,235
ABaraapaapa,160,160,277,11.1,26,-687
ABaraapaapp,155,204,275,12.1,29,-430
ABaraapaapp,156,206,277,12.1,30,-744
ABaraapaapp,157,201,286,11.1,31,-363
ABaraapaapp,158,198,281,11.9,30,137
ABaraapaapp,159,195,276,11.0,31,-1134
ABaraapaapp,160,199,275,10.1,34,-1222
ABaraapap,87,184,216,20.0,34,-251
ABaraapap,88,190,226,19.1,35,-549
ABaraapap,89,192,224,19.1,41,-407
ABaraapap,90,202,227,19.2,40,-314
ABaraapap,91,201,226,19.0,39,-698
ABaraapap,92,194,232,18.3,37,-571
ABaraapap,93,192,243,18.1,39,-90
ABaraapap,94,194,254,17.2,39,7
ABaraapap,95,198,262,17.1,39,-576
ABaraapap,96,191,254,17.1,40,-1208
ABaraapap,97,194,247,17.2,38,32
ABaraapap,98,194,251,19.0,40,311
ABaraapap,99,198,243,19.1,38,-106
ABaraapap,100,202,250,18.1,38,-946
ABaraapap,101,201,244,18.2,38,-947
ABaraapap,102,211,249,18.2,40,-864
ABaraapap,103,210,244,18.0,38,-444
ABaraapap,104,208,252,17.1,40,62
ABaraapap,105,210,249,17.0,40,-310
ABaraapap,106,212,253,17.2,40,-869
ABaraapap,107,204,256,16.2,40,-618
ABaraapap,108,201,255,16.0,38,-1005
ABaraapap,109,197,266,15.1,38,-500
ABaraapap,110,205,261,15.1,40,-704
ABaraapap,111,213,257,15.1,38,-919
ABaraapap,112,206,266,15.1,40,-734
ABaraapap,113,199,266,15.1,40,-210
ABaraapap,114,200,266,15.1,34,-671
ABaraapapa,115,160,263,15.9,35,-306
ABaraapapa,116,153,271,15.1,35,-726
ABaraapapa,117,148,270,15.9,34,-366
ABaraapapa,118,151,278,15.2,35,-74
ABaraapapa,119,149,275,16.1,36,-1323
ABaraapapa,120,150,271,16.3,35,-1048
ABaraapapa,121,165,273,16.3,34,-566
ABaraapapa,122,165,275,16.1,34,-464
ABaraapapa,123,163,271,14.4,34,171
ABaraapapa,124,163,266,14.3,34,-415
ABaraapapa,125,162,271,14.1,34,-1211
ABaraapapa,126,171,275,14.1,34,-1216
ABaraapapa,127,170,276,14.1,34,-290
ABaraapapa,128,173,273,14.3,34,367
ABaraapapa,129,177,278,15.1,34,-617
ABaraapapa,130,183,276,15.2,34,-887
ABaraapapa,131,184,276,15.1,34,-610
ABaraapapa,132,182,277,14.2,34,-722
ABaraapapa,133,191,272,14.2,34,-282
ABaraapapa,134,189,279,14.1,34,47
ABaraapapa,135,189,281,15.0,34,-463
ABaraapapa,136,190,284,14.1,34,-619
ABaraapapa,137,192,284,14.0,34,-396
ABaraapapa,138,200,286,14.0,34,-284
ABaraapapa,139,198,287,14.0,34,355
ABaraapapa,140,203,285,13.2,34,-92
ABaraapapa,141,207,277,13.2,34,-900
ABaraapapa,142,207,278,13.2,34,268
ABaraapapa,143,203,276,13.2,34,-978
ABaraapapa,144,208,276,14.0,34,-1056
ABaraapapa,145,212,276,14.1,34,-431
ABaraapapa,146,215,278,13.3,34,-1241
ABaraapapa,147,217,275,13.2,32,-701
ABaraapapa,148,216,276,14.0,30,940
ABaraapapaa,149,186,281,15.0,26,11
ABaraapapaa,150,183,289,16.0,34,-1006
ABaraapapaa,151,197,284,14.9,30,1199
ABaraapapaa,152,199,289,14.1,34,584
ABaraapapaa,153,209,300,13.3,31,-244
ABaraapapaa,154,213,304,13.1,30,-587
ABaraapapaa,155,213,304,13.1,30,1
ABaraapapaa,156,221,308,14.0,30,470
ABaraapapaa,157,223,309,13.1,31,-441
ABaraapapaa,158,227,310,13.1,30,-329
ABaraapapaa,159,229,308,13.1,31,-155
ABaraapapaa,160,228,308,12.3,26,-1157
ABaraapapap,149,236,269,13.2,26,-1315
ABaraapapap,150,239,262,13.0,26,-1141
ABaraapapap,151,244,261,13.1,26,-495
ABaraapapap,152,245,259,13.9,24,1712
ABaraapapap,153,241,250,13.2,31,-1067
ABaraapapap,154,244,253,13.0,32,-1547
ABaraapapap,155,243,257,13.1,31,132
ABaraapapap,156,238,258,13.0,32,-639
ABaraapapap,157,236,261,13.1,31,-183
ABaraapapap,158,238,259,13.1,34,-99
ABaraapapap,159,239,253,12.3,31,8
ABaraapapap,160,243,253,12.4,34,-254
ABaraapapp,115,218,263,16.0,26,-793
ABaraapapp,116,217,267,16.0,26,-257
ABaraapapp,117,216,267,17.0,36,-310
ABaraapapp,118,215,260,16.2,37,-320
ABaraapapp,119,206,255,17.0,32,-588
ABaraapapp,120,208,263,16.1,33,-1042
ABaraapapp,121,217,261,16.1,30,-678
ABaraapapp,122,216,264,15.3,34,-677
ABaraapapp,123,212,265,15.1,30,-646
ABaraapapp,124,215,260,15.1,34,-285
ABaraapapp,125,215,263,15.1,34,-97
ABaraapapp,126,217,263,15.0,34,-292
ABaraapapp,127,214,271,14.9,30,-117
ABaraapapp,128,216,270,15.1,34,-50
ABaraapapp,129,216,271,15.0,30,-728
ABaraapapp,130,220,272,15.0,30,-441
ABaraapapp,131,220,265,14.2,34,-681
ABaraapapp,132,219,266,14.2,32,-369
ABaraapapp,133,227,258,14.1,34,-1718
ABaraapapp,134,226,265,14.1,34,-1347
ABaraapapp,135,223,272,15.0,34,-487
ABaraapapp,136,226,271,14.3,34,-437
ABaraapapp,137,226,274,14.3,34,-898
ABaraapapp,138,232,271,14.2,34,-335
ABaraapapp,139,228,277,14.2,32,-575
ABaraapapp,140,232,281,14.3,34,137
ABaraapapp,141,233,282,14.3,34,194
ABaraapapp,142,233,282,14.3,34,-944
ABaraapapp,143,230,284,14.0,26,-652
ABaraapapp,144,236,285,14.1,34,-899
ABaraapapp,145,245,277,14.2,34,-1040
ABaraapapp,146,248,274,14.1,26,-962
ABaraapapp,147,249,275,14.1,26,-1112
ABaraapapp,148,250,276,14.1,27,1500
ABaraapapp,149,251,277,14.1,27,-1208
ABaraapapp,150,253,278,14.0,28,-723
ABaraapapp,151,254,279,14.0,28,42
ABaraapapp,152,255,280,14.0,29,567
ABaraapapp,153,257,282,14.0,30,-1222
ABaraapapp,154,258,282,14.0,30,-326
ABaraapapp,155,259,282,14.0,30,-684
ABaraapapp,156,260,282,14.0,30,-406
ABaraapapp,157,262,282,14.0,30,-181
ABaraapapp,158,262,282,13.7,30,-475
ABaraapapp,159,262,282,13.3,30,-582
ABaraapapp,160,263,281,13.0,30,-723
ABaraapp,64,239,251,17.2,31,-550
ABaraapp,65,244,247,18.1,35,-289
ABaraapp,66,243,249,19.0,44,-938
ABaraapp,67,241,257,19.0,43,-392
ABaraapp,68,242,263,19.1,45,-1006
ABaraapp,69,230,252,20.1,45,-537
ABaraapp,70,219,246,19.9,44,-108
ABaraapp,71,222,254,19.2,46,-604
ABaraapp,72,220,256,20.0,46,-350
ABaraapp,73,224,262,19.1,46,-1221
ABaraapp,74,237,259,19.2,48,-732
ABaraapp,75,244,248,19.3,46,-38
ABaraapp,76,252,245,20.1,46,-16
ABaraapp,77,250,237,20.1,46,-1297
ABaraapp,78,245,230,20.1,48,-721
ABaraapp,79,237,230,20.1,48,-105
ABaraapp,80,232,224,20.2,48,-100
ABaraapp,81,224,227,20.2,48,-504
ABaraapp,82,230,229,20.1,46,-942
ABaraapp,83,235,228,19.9,44,-1004
ABaraapp,84,239,225,19.1,48,-412
ABaraapp,85,236,223,18.2,31,-905
ABaraappa,86,214,217,18.1,30,322
ABaraappa,87,216,226,18.1,28,-1109
ABaraappa,88,226,234,20.0,37,-473
ABaraappa,89,230,233,20.0,37,660
ABaraappa,90,231,229,20.2,38,-878
ABaraappa,91,234,228,20.1,37,-573
ABaraappa,92,227,224,20.1,39,447
ABaraappa,93,223,225,20.1,37,315
ABaraappa,94,226,224,17.2,39,-400
ABaraappa,95,225,225,18.0,39,-547
ABaraappa,96,223,223,18.0,40,-396
ABaraappa,97,223,217,18.0,40,-510
ABaraappa,98,222,221,17.1,38,134
ABaraappa,99,220,217,17.1,38,411
ABaraappa,100,217,215,17.1,40,-480
ABaraappa,101,212,214,17.1,38,-616
ABaraappa,102,222,205,16.2,40,-1345
ABaraappa,103,218,199,16.2,40,106
ABaraappa,104,215,206,16.0,40,-960
ABaraappa,105,209,206,16.1,40,-831
ABaraappa,106,215,208,16.2,40,-934
ABaraappa,107,215,210,17.0,40,-551
ABaraappa,108,211,211,16.2,40,-644
ABaraappa,109,205,209,16.1,40,-41
ABaraappa,110,203,207,15.2,38,-817
ABaraappa,111,190,206,15.1,38,-1342
ABaraappa,112,186,205,15.1,38,-742
ABaraappa,113,181,202,15.9,36,-718
ABaraappa,114,177,199,15.9,36,-1028
ABaraappaa,115,155,184,15.1,35,-106
ABaraappaa,116,153,186,15.9,35,458
ABaraappaa,117,148,181,16.0,34,196
ABaraappaa,118,145,187,16.2,35,-1190
ABaraappaa,119,140,185,15.4,34,-255
ABaraappaa,120,132,189,15.0,31,-215
ABaraappaa,121,135,193,14.2,34,-1208
ABaraappaa,122,139,194,13.4,32,-744
ABaraappaa,123,141,189,14.0,32,66
ABaraappaa,124,137,185,13.4,34,-85
ABaraappaa,125,140,189,13.3,34,-622
ABaraappaa,126,140,196,14.0,34,-410
ABaraappaa,127,139,203,14.2,34,-308
ABaraappaa,128,136,204,14.4,34,162
ABaraappaa,129,134,205,15.0,34,-1004
ABaraappaa,130,135,210,15.1,34,269
ABaraappaa,131,129,211,15.1,34,-1253
ABaraappaa,132,130,208,14.3,34,-902
ABaraappaa,133,132,213,14.2,34,-955
ABaraappaa,134,135,217,14.2,32,-561
ABaraappaa,135,139,213,14.1,34,-550
ABaraappaa,136,139,208,14.1,34,-1513
ABaraappaa,137,142,209,14.2,34,-2064
ABaraappaa,138,153,205,13.3,34,-1373
ABaraappaa,139,150,209,13.1,34,-1655
ABaraappaa,140,153,212,13.2,32,-1013
ABaraappaa,141,154,213,12.3,34,-1672
ABaraappaa,142,156,215,12.2,30,-1339
ABaraappaa,143,150,221,12.3,34,-737
ABaraappaa,144,151,222,12.1,34,-602
ABaraappaa,145,153,221,12.1,34,-1482
ABaraappaa,146,153,222,12.1,32,-1657
ABaraappaa,147,156,217,11.2,32,-531
ABaraappaa,148,150,220,12.1,32,-776
ABaraappaa,149,148,221,12.1,32,430
ABaraappaa,150,147,225,12.1,30,-487
ABaraappaa,151,155,223,11.2,34,-282
ABaraappaa,152,148,217,12.0,34,-854
ABaraappaa,153,147,219,12.1,31,61
ABaraappaa,154,150,219,12.1,34,-106
ABaraappaa,155,149,219,12.1,31,-1033
ABaraappaa,156,150,224,12.1,30,-203
ABaraappaa,157,148,229,12.1,31,-757
ABaraappaa,158,151,232,12.0,30,-1496
ABaraappaa,159,147,226,12.1,31,-262
ABaraappaaa,160,139,225,12.1,30,-1191
ABaraappaap,160,161,220,11.6,30,-364
ABaraappap,115,203,204,14.9,35,-68
ABaraappap,116,192,220,15.1,26,-1300
ABaraappap,117,190,216,15.1,36,-434
ABaraappap,118,182,221,15.9,33,-1015
ABaraappap,119,183,209,15.3,34,-728
ABaraappap,120,181,210,15.1,35,82
ABaraappap,121,182,206,14.1,34,-553
ABaraappap,122,181,217,14.1,34,-474
ABaraappap,123,179,212,15.1,34,-633
ABaraappap,124,175,211,14.3,32,-622
ABaraappap,125,176,218,14.1,34,-369
ABaraappap,126,169,227,14.2,34,-293
ABaraappap,127,169,227,14.2,34,-272
ABaraappap,128,167,224,15.1,32,-280
ABaraappap,129,165,225,14.3,34,559
ABaraappap,130,171,227,15.1,34,-481
ABaraappap,131,166,223,14.3,34,16
ABaraappap,132,165,220,14.3,32,-989
ABaraappap,133,170,218,14.2,34,-272
ABaraappap,134,172,223,14.1,34,-881
ABaraappap,135,174,221,14.0,34,-476
ABaraappap,136,176,217,14.2,34,-1327
ABaraappap,137,179,222,14.2,34,-308
ABaraappap,138,185,220,14.0,34,-1486
ABaraappap,139,190,221,14.0,34,-1381
ABaraappap,140,189,223,14.2,34,-702
ABaraappap,141,190,223,14.0,34,-1409
ABaraappap,142,190,225,13.1,34,-1221
ABaraappap,143,185,227,12.2,34,636
ABaraappap,144,184,229,11.2,34,-1015
ABaraappap,145,187,235,11.1,34,-340
ABaraappap,146,185,232,12.0,34,-1238
ABaraappap,147,184,226,12.2,34,-987
ABaraappap,148,185,230,13.0,30,-834
ABaraappap,149,182,233,13.0,30,441
ABaraappapa,150,172,232,14.0,24,-371
ABaraappapa,151,172,232,14.0,24,-1129
ABaraappapa,152,166,228,13.2,26,-1361
ABaraappapa,153,163,236,13.9,29,-709
ABaraappapa,154,162,231,13.9,30,-250
ABaraappapa,155,171,235,12.1,31,-1259
ABaraappapa,156,175,234,12.0,26,-1000
ABaraappapa,157,172,234,12.1,26,-952
ABaraappapa,158,178,228,12.2,26,-1079
ABaraappapa,159,175,230,12.1,31,-1596
ABaraappapa,160,179,231,12.0,34,274
ABaraappapp,150,202,237,13.0,30,-113
ABaraappapp,151,214,236,13.0,30,-1374
ABaraappapp,152,217,234,12.1,30,-1488
ABaraappapp,153,214,239,12.0,31,-291
ABaraappapp,154,211,238,12.0,34,-1053
ABaraappapp,155,211,238,12.0,34,-303
ABaraappapp,156,212,235,12.0,26,-1490
ABaraappapp,157,211,237,11.0,31,-803
ABaraappapp,158,210,236,11.5,31,-1060
ABaraappapp,159,208,235,12.1,31,-222
ABaraappapp,160,207,234,12.6,31,-296
ABaraappp,86,274,236,19.2,34,-789
ABaraappp,87,284,241,18.2,38,297
ABaraappp,88,291,242,19.0,37,158
ABaraappp,89,294,231,19.0,37,146
ABaraappp,90,291,236,19.9,36,55
ABaraappp,91,291,236,19.9,36,-629
ABaraappp,92,276,244,20.0,35,-2
ABaraappp,93,272,250,20.1,39,-348
ABaraappp,94,278,240,20.1,39,-621
ABaraappp,95,277,240,19.1,39,37
ABaraappp,96,283,237,19.1,40,495
ABaraappp,97,280,232,18.0,40,19
ABaraappp,98,279,234,17.2,38,-668
ABaraappp,99,275,232,17.1,40,-777
ABaraappp,100,272,226,17.0,40,-1189
ABaraappp,101,270,222,17.1,40,-942
ABaraappp,102,274,214,18.0,36,-1534
ABaraappp,103,267,217,17.0,40,-658
ABaraappp,104,264,222,16.1,38,-430
ABaraappp,105,264,223,16.0,40,-525
ABaraappp,106,270,221,16.1,36,-312
ABaraappp,107,267,220,16.1,40,850
ABaraappp,108,264,222,15.3,40,-690
ABaraappp,109,256,233,15.2,40,-344
ABaraappp,110,254,224,15.2,38,-602
ABaraappp,111,252,217,15.1,40,-645
ABaraappp,112,250,213,15.0,38,-1911
ABaraappp,113,249,209,15.9,36,-433
ABaraapppa,114,225,201,16.0,36,123
ABaraapppa,115,217,198,17.1,37,59
ABaraapppa,116,205,207,17.1,39,479
ABaraapppa,117,208,207,17.2,36,-409
ABaraapppa,118,207,211,17.2,37,-740
ABaraapppa,119,202,208,17.1,36,-1035
ABaraapppa,120,207,212,17.1,35,-461
ABaraapppa,121,211,216,16.2,34,-546
ABaraapppa,122,216,220,16.1,34,-857
ABaraapppa,123,208,217,17.1,34,-408
ABaraapppa,124,211,218,17.0,34,-12
ABaraapppa,125,208,222,16.1,34,-1033
ABaraapppa,126,208,226,16.1,34,-1017
ABaraapppa,127,205,228,16.2,34,-296
ABaraapppa,128,208,222,15.3,34,-1189
ABaraapppa,129,206,222,15.3,34,-332
ABaraapppa,130,210,220,15.3,34,-1009
ABaraapppa,131,208,220,16.0,34,-1031
ABaraapppa,132,207,217,15.2,34,-703
ABaraapppa,133,212,215,15.1,34,-864
ABaraapppa,134,212,214,15.2,34,98
ABaraapppa,135,216,218,15.2,34,-978
ABaraapppa,136,218,216,15.1,34,-579
ABaraapppa,137,220,214,15.2,34,-1032
ABaraapppa,138,226,212,15.1,34,-685
ABaraapppa,139,226,213,15.0,34,-683
ABaraapppa,140,227,215,15.0,34,-929
ABaraapppa,141,225,217,15.0,34,-1609
ABaraapppa,142,224,217,14.2,34,-1102
ABaraapppa,143,223,220,14.0,34,-448
ABaraapppa,144,223,220,13.1,34,-1509
ABaraapppa,145,226,221,13.0,30,-143
ABaraapppa,146,232,223,14.0,30,-731
ABaraapppa,147,255,225,13.1,30,-29
ABaraapppa,148,257,229,13.1,30,-1137
ABaraapppa,149,257,226,13.1,26,-127
ABaraapppa,150,257,220,13.4,28,-962
ABaraapppa,151,257,214,13.8,31,-1573
ABaraapppa,152,257,208,14.1,34,-692
ABaraapppa,153,259,210,14.0,31,-378
ABaraapppa,154,254,208,13.9,30,75
ABaraapppa,155,256,209,13.2,31,182
ABaraapppa,156,254,209,13.2,34,-1504
ABaraapppa,157,246,207,13.1,31,-43
ABaraapppa,158,248,201,13.2,26,-551
ABaraapppa,159,243,202,14.1,26,-52
ABaraapppa,160,245,202,14.0,34,321
ABaraapppp,114,265,221,14.1,36,-644
ABaraapppp,115,261,219,15.0,35,589
ABaraapppp,116,260,213,14.9,35,-1127
ABaraapppp,117,256,212,14.9,34,-1301
ABaraapppp,118,261,211,15.0,35,-290
ABaraapppp,119,263,204,15.8,32,-1168
ABaraapppp,120,264,211,15.1,35,-456
ABaraapppp,121,262,215,14.1,32,-599
ABaraapppp,122,262,215,14.1,32,566
ABaraapppp,123,258,211,14.2,34,-1033
ABaraapppp,124,255,206,14.1,26,-234
ABaraapppp,125,256,204,14.4,32,176
ABaraapppp,126,261,205,15.1,34,-1107
ABaraapppp,127,256,209,15.9,30,-397
ABaraapppp,128,260,211,14.1,32,-417
ABaraapppp,129,267,210,14.2,32,-720
ABaraapppp,130,265,208,13.3,34,-606
ABaraapppp,131,262,202,13.2,30,79
ABaraapppp,132,259,206,13.2,32,-1141
ABaraapppp,133,258,208,13.0,30,-707
ABaraapppp,134,259,205,13.8,30,171
ABaraapppp,135,262,209,12.9,30,-400
ABaraapppp,136,267,205,13.1,32,-340
ABaraapppp,137,269,204,13.1,34,-915
ABaraapppp,138,275,202,12.2,32,-391
ABaraapppp,139,275,208,13.0,30,-636
ABaraapppp,140,275,210,13.0,30,-477
ABaraapppp,141,275,211,13.1,34,-915
ABaraapppp,142,277,210,12.6,34,-326
ABaraapppp,143,276,208,13.1,34,-839
ABaraapppp,144,275,212,13.1,30,-1176
ABaraapppp,145,280,209,13.2,32,-66
ABaraapppp,146,277,218,12.4,32,-123
ABaraapppp,147,284,213,13.0,32,-301
ABaraapppp,148,287,209,13.0,32,-1482
ABaraapppp,149,287,206,13.1,30,251
ABaraapppp,150,287,203,13.3,32,-730
ABaraapppp,151,288,204,13.2,34,-302
ABaraapppp,152,289,211,14.0,30,-1459
ABaraapppp,153,290,210,13.4,31,647
ABaraapppp,154,289,210,13.2,34,-785
ABaraapppp,155,292,210,13.3,31,197
ABaraapppp,156,292,213,13.3,34,-1155
ABaraapppp,157,290,213,14.2,31,-89
ABaraapppp,158,294,213,14.2,34,-1228
ABaraapppp,159,285,212,13.4,31,-989
ABaraapppp,160,288,211,14.0,32,-474
ABarap,31,299,193,18.0,38,-849
ABarap,32,302,178,17.9,56,-630
ABarap,33,304,168,16.2,41,-937
ABarap,34,318,160,18.1,41,-843
ABarap,35,309,166,18.0,41,-952
ABarap,36,309,169,18.0,42,-518
ABarap,37,314,178,19.0,60,-731
ABarap,38,306,172,19.8,59,-1084
ABarap,39,300,175,19.1,61,-1366
ABarap,40,289,167,19.0,61,-1070
ABarap,41,299,187,19.2,65,-677
ABarap,42,283,179,18.9,60,-1282
ABarap,43,287,177,18.3,55,-1168
ABarap,44,292,175,17.7,50,-1032
ABarap,45,297,172,17.1,45,-1116
ABarapa,46,277,133,18.2,55,-1362
ABarapa,47,253,139,18.3,56,-466
ABarapa,48,242,147,18.9,55,-462
ABarapa,49,230,147,18.9,53,-451
ABarapa,50,219,147,19.2,53,-26
ABarapa,51,221,145,18.9,53,-801
ABarapa,52,220,142,19.1,53,-1280
ABarapa,53,222,144,19.0,53,-850
ABarapa,54,224,143,19.0,53,-1516
ABarapa,55,226,144,18.1,53,-1270
ABarapa,56,232,148,18.0,52,-1387
ABarapa,57,232,148,18.1,55,-709
ABarapa,58,227,154,18.1,52,-724
ABarapa,59,225,151,18.1,57,-109
ABarapa,60,233,146,17.9,52,-1198
ABarapa,61,237,151,17.2,53,-462
ABarapa,62,248,146,18.1,55,-861
ABarapa,63,246,153,18.0,34,65
ABarapaa,64,220,138,16.3,35,-44
ABarapaa,65,208,134,15.1,43,-448
ABarapaa,66,210,121,15.1,40,-19
ABarapaa,67,207,116,14.2,41,144
ABarapaa,68,203,118,14.9,41,-1659
ABarapaa,69,194,128,16.0,43,-20
ABarapaa,70,202,122,15.0,46,-817
ABarapaa,71,212,123,15.0,44,-160
ABarapaa,72,211,128,16.0,44,-853
ABarapaa,73,215,128,16.0,44,82
ABarapaa,74,219,129,17.1,44,-1028
ABarapaa,75,220,131,17.1,44,551
ABarapaa,76,220,139,17.9,44,-577
ABarapaa,77,221,138,17.9,44,-671
ABarapaa,78,215,135,18.0,44,-134
ABarapaa,79,220,139,19.0,44,-259
ABarapaa,80,216,136,18.9,44,-36
ABarapaa,81,216,137,19.0,46,-282
ABarapaa,82,222,146,19.0,44,-870
ABarapaa,83,224,155,20.0,44,-323
ABarapaa,84,223,158,19.0,44,-759
ABarapaa,85,220,153,19.0,37,-850
ABarapaaa,86,190,150,18.3,34,-596
ABarapaaa,87,194,156,20.0,40,-872
ABarapaaa,88,196,164,20.1,26,-185
ABarapaaa,89,194,157,20.1,26,-2108
ABarapaaa,90,193,160,21.0,36,-926
ABarapaaa,91,195,157,20.2,39,-472
ABarapaaa,92,190,163,20.3,39,-614
ABarapaaa,93,186,177,21.1,39,-212
ABarapaaa,94,188,190,20.2,37,323
ABarapaaa,95,186,187,19.3,37,1251
ABarapaaa,96,188,167,21.0,36,209
ABarapaaa,97,191,172,20.2,36,-1279
ABarapaaa,98,183,180,20.2,38,-355
ABarapaaa,99,181,178,21.0,36,-585
ABarapaaa,100,184,184,21.0,36,-927
ABarapaaa,101,181,181,20.3,38,-940
ABarapaaa,102,183,189,20.9,36,-694
ABarapaaa,103,181,187,20.3,40,-218
ABarapaaa,104,185,197,20.2,40,-1223
ABarapaaa,105,197,195,21.0,36,-1290
ABarapaaa,106,202,190,21.0,38,-641
ABarapaaa,107,198,191,21.1,38,27
ABarapaaa,108,201,181,20.3,38,-447
ABarapaaa,109,198,184,21.1,38,-160
ABarapaaa,110,195,183,21.0,40,-1311
ABarapaaa,111,195,181,21.1,36,-1219
ABarapaaa,112,190,179,21.0,36,-1038
ABarapaaa,113,190,178,21.0,36,-833
ABarapaaa,114,195,174,21.0,40,-584
ABarapaaa,115,190,173,21.0,39,-985
ABarapaaa,116,182,172,21.0,35,-641
ABarapaaa,117,181,175,20.9,34,-1395
ABarapaaaa,118,151,190,21.0,33,677
ABarapaaaa,119,151,190,21.0,32,-879
ABarapaaaa,120,149,187,20.9,31,-725
ABarapaaaa,121,153,183,20.1,34,-956
ABarapaaaa,122,161,176,21.0,32,766
ABarapaaaa,123,158,177,21.1,34,-920
ABarapaaaa,124,154,171,21.1,34,-907
ABarapaaaa,125,157,180,21.1,34,-1041
ABarapaaaa,126,155,183,21.2,34,-875
ABarapaaaa,127,154,193,21.2,34,-131
ABarapaaaa,128,161,197,21.1,34,-654
ABarapaaaa,129,161,201,21.1,34,-952
ABarapaaaa,130,163,205,21.2,34,-973
ABarapaaaa,131,161,209,21.1,34,623
ABarapaaaa,132,167,215,21.3,34,-260
ABarapaaaa,133,164,210,21.2,34,-314
ABarapaaaa,134,164,213,21.2,34,1201
ABarapaaaa,135,171,217,21.1,34,-1185
ABarapaaaa,136,181,216,21.1,34,-833
ABarapaaaa,137,179,222,21.1,34,-1370
ABarapaaaa,138,188,221,21.1,34,-1300
ABarapaaaa,139,192,231,21.1,34,7
ABarapaaaa,140,187,233,21.0,34,-331
ABarapaaaa,141,189,230,21.1,34,-685
ABarapaaaa,142,185,235,21.1,34,-852
ABarapaaaa,143,189,239,21.0,34,-673
ABarapaaaa,144,181,237,21.1,34,-1030
ABarapaaaa,145,187,237,21.2,34,-852
ABarapaaaa,146,184,238,22.0,32,-112
ABarapaaaa,147,180,235,21.6,33,300
ABarapaaaa,148,175,232,21.1,34,-709
ABarapaaaa,149,171,232,21.0,34,-110
ABarapaaaa,150,177,234,21.0,34,359
ABarapaaaa,151,183,237,21.0,34,-1019
ABarapaaaa,152,183,236,20.2,34,-441
ABarapaaaa,153,186,239,20.2,31,-111
ABarapaaaa,154,188,236,19.3,34,-540
ABarapaaaa,155,186,238,20.0,31,-397
ABarapaaaa,156,188,238,20.0,32,-1096
ABarapaaaa,157,190,238,20.0,33,-291
ABarapaaaa,158,192,238,20.0,34,-627
ABarapaaaa,159,189,238,20.0,31,263
ABarapaaaa,160,173,236,21.0,24,1178
ABarapaaap,118,205,186,21.0,26,-601
ABarapaaap,119,200,180,21.9,32,-1650
ABarapaaap,120,194,194,21.0,26,-499
ABarapaaap,121,202,195,21.1,26,1845
ABarapaaap,122,204,193,21.1,26,-320
ABarapaaap,123,199,193,21.1,34,-162
ABarapaaap,124,195,186,21.1,34,194
ABarapaaap,125,193,192,21.2,34,-475
ABarapaaap,126,191,198,21.1,26,-306
ABarapaaap,127,194,204,21.0,34,413
ABarapaaap,128,200,203,21.2,34,154
ABarapaaap,129,200,203,21.1,34,-931
ABarapaaap,130,200,204,21.1,33,-115
ABarapaaap,131,201,205,21.0,32,-1136
ABarapaaap,132,200,204,20.2,34,794
ABarapaaap,133,201,205,21.2,34,-476
ABarapaaap,134,201,210,21.1,34,375
ABarapaaap,135,206,220,21.1,34,498
ABarapaaap,136,206,220,21.1,34,197
ABarapaaap,137,214,223,21.2,34,-790
ABarapaaap,138,220,222,21.1,34,-331
ABarapaaap,139,222,224,21.1,34,-249
ABarapaaap,140,222,224,21.1,34,-1330
ABarapaaap,141,220,224,21.1,34,-390
ABarapaaap,142,210,226,20.1,34,-1158
ABarapaaap,143,212,226,21.1,34,-99
ABarapaaap,144,207,228,20.0,34,-864
ABarapaaap,145,209,218,21.0,26,1284
ABarapaaap,146,210,208,21.1,34,-91
ABarapaaap,147,208,209,21.1,34,861
ABarapaaap,148,205,217,21.1,34,99
ABarapaaap,149,201,226,21.1,34,-556
ABarapaaap,150,208,228,21.0,34,-309
ABarapaaap,151,208,229,21.0,34,720
ABarapaaap,152,210,229,21.1,34,626
ABarapaaap,153,218,237,20.2,31,-69
ABarapaaap,154,216,233,21.1,26,-1552
ABarapaaap,155,212,231,20.5,31,-23
ABarapaaap,156,212,230,21.0,32,-651
ABarapaaap,157,213,231,20.9,31,315
ABarapaaap,158,215,232,20.8,29,323
ABarapaaap,159,217,233,20.7,28,-761
ABarapaaap,160,219,234,20.6,26,283
ABarapaap,86,237,166,20.2,34,49
ABarapaap,87,251,182,20.9,40,42
ABarapaap,88,249,183,21.0,37,-134
ABarapaap,89,248,165,21.1,39,-882
ABarapaap,90,250,160,21.0,38,-795
ABarapaap,91,252,158,20.1,39,-1081
ABarapaap,92,245,155,20.0,39,-270
ABarapaap,93,245,165,20.2,39,-145
ABarapaap,94,243,167,21.0,37,-667
ABarapaap,95,241,180,20.1,37,-1459
ABarapaap,96,240,179,19.2,40,-139
ABarapaap,97,241,181,20.2,38,-144
ABarapaap,98,238,197,20.1,40,-132
ABarapaap,99,233,193,20.0,40,-124
ABarapaap,100,230,197,20.1,38,-1371
ABarapaap,101,226,196,21.1,40,-458
ABarapaap,102,229,206,20.0,40,-1110
ABarapaap,103,233,209,20.2,40,159
ABarapaap,104,237,219,20.1,40,-771
ABarapaap,105,246,222,20.0,38,-700
ABarapaap,106,238,219,20.2,38,-161
ABarapaap,107,239,221,20.1,40,-566
ABarapaap,108,234,214,20.2,40,259
ABarapaap,109,225,218,19.2,40,-178
ABarapaap,110,222,214,19.0,40,-877
ABarapaap,111,219,215,19.1,38,-129
ABarapaap,112,223,217,19.9,36,-699
ABarapaapa,113,202,208,19.2,26,-608
ABarapaapa,114,195,208,20.0,26,-467
ABarapaapa,115,184,212,19.1,26,-858
ABarapaapa,116,174,215,19.2,26,-978
ABarapaapa,117,178,219,21.0,26,1242
ABarapaapa,118,174,227,20.9,33,-870
ABarapaapa,119,172,220,20.2,36,-1195
ABarapaapa,120,170,220,20.2,31,-272
ABarapaapa,121,180,222,20.2,34,-906
ABarapaapa,122,187,215,19.2,34,-131
ABarapaapa,123,185,213,19.2,34,-661
ABarapaapa,124,182,211,19.3,34,-819
ABarapaapa,125,180,211,19.9,30,-1041
ABarapaapa,126,182,212,19.2,34,-672
ABarapaapa,127,183,219,19.1,34,-366
ABarapaapa,128,192,229,20.0,30,-727
ABarapaapa,129,191,214,19.0,34,-379
ABarapaapa,130,194,222,19.1,34,-996
ABarapaapa,131,194,222,19.0,34,-282
ABarapaapa,132,194,230,19.2,34,-785
ABarapaapa,133,189,229,19.1,32,18
ABarapaapa,134,190,226,18.3,34,-682
ABarapaapa,135,196,225,19.0,34,-689
ABarapaapa,136,203,222,18.3,34,-501
ABarapaapa,137,202,231,19.1,34,-675
ABarapaapa,138,206,228,18.2,34,-1121
ABarapaapa,139,207,229,18.2,32,-87
ABarapaapa,140,207,227,19.0,34,-338
ABarapaapa,141,204,228,18.3,34,-730
ABarapaapa,142,204,230,18.2,34,120
ABarapaapa,143,202,230,18.2,32,-1135
ABarapaapa,144,203,233,18.3,26,-118
ABarapaapa,145,200,233,18.0,32,-744
ABarapaapa,146,195,229,18.6,33,-516
ABarapaapa,147,189,224,19.2,34,-608
ABarapaapa,148,193,229,19.2,34,-274
ABarapaapa,149,190,233,18.2,34,-170
ABarapaapa,150,190,233,18.2,34,146
ABarapaapa,151,199,229,18.1,34,-749
ABarapaapa,152,198,227,18.0,34,-103
ABarapaapa,153,205,232,18.0,31,191
ABarapaapa,154,206,227,17.1,32,-526
ABarapaapa,155,205,230,17.0,31,-444
ABarapaapa,156,207,231,16.2,32,-174
ABarapaapa,157,204,230,17.0,31,-74
ABarapaapa,158,205,229,16.2,32,656
ABarapaapa,159,199,223,16.1,31,-1047
ABarapaapa,160,204,222,15.2,34,716
ABarapaapp,113,240,230,19.0,36,-163
ABarapaapp,114,239,239,20.0,36,114
ABarapaapp,115,235,250,19.1,26,-514
ABarapaapp,116,231,247,19.1,39,-659
ABarapaapp,117,232,244,20.1,36,-723
ABarapaapp,118,226,245,20.1,37,-565
ABarapaapp,119,221,240,21.1,36,-732
ABarapaapp,120,221,236,20.3,35,-770
ABarapaapp,121,229,235,20.1,34,-196
ABarapaapp,122,231,227,20.1,34,-912
ABarapaapp,123,226,224,20.0,34,-887
ABarapaapp,124,220,228,19.2,34,398
ABarapaapp,125,219,230,20.1,34,-186
ABarapaapp,126,217,229,19.1,34,577
ABarapaapp,127,219,230,19.1,34,107
ABarapaapp,128,224,230,19.0,34,-336
ABarapaapp,129,226,233,18.3,34,309
ABarapaapp,130,227,234,19.1,34,-430
ABarapaapp,131,224,230,18.2,34,-699
ABarapaapp,132,229,232,19.1,34,-1412
ABarapaapp,133,219,226,18.0,34,-388
ABarapaapp,134,224,225,17.1,34,-543
ABarapaapp,135,233,231,18.0,34,-771
ABarapaapp,136,240,224,18.0,34,109
ABarapaapp,137,241,236,18.0,34,-1057
ABarapaapp,138,241,236,17.7,34,-572
ABarapaapp,139,241,236,17.4,34,-1037
ABarapaapp,140,241,236,17.1,34,265
ABarapaapp,141,241,236,16.8,34,-426
ABarapaapp,142,241,236,16.5,34,-738
ABarapaapp,143,242,235,16.2,34,-55
ABarapaapp,144,244,233,16.9,30,-371
ABarapaappa,145,227,228,18.1,26,1835
ABarapaappa,146,225,229,19.0,24,208
ABarapaappa,147,222,230,18.1,26,-81
ABarapaappa,148,223,232,17.9,27,-188
ABarapaappa,149,224,234,17.7,28,-451
ABarapaappa,150,225,236,17.4,29,1069
ABarapaappa,151,226,238,17.2,30,373
ABarapaappa,152,228,241,17.0,32,-205
ABarapaappa,153,229,241,16.7,32,-165
ABarapaappa,154,230,241,16.3,32,96
ABarapaappa,155,232,240,16.0,32,789
ABarapaappa,156,233,240,15.7,32,96
ABarapaappa,157,234,240,15.3,32,-417
ABarapaappa,158,236,239,15.0,32,1443
ABarapaappa,159,236,239,15.3,32,-719
ABarapaappa,160,236,239,15.5,32,-765
ABarapaappp,145,259,229,15.2,32,-938
ABarapaappp,146,264,229,15.1,32,-808
ABarapaappp,147,269,228,15.6,32,-931
ABarapaappp,148,274,227,16.0,32,-631
ABarapaappp,149,273,225,16.0,32,-624
ABarapaappp,150,271,223,16.0,32,-439
ABarapaappp,151,271,225,15.6,32,-285
ABarapaappp,152,271,227,15.2,32,-584
ABarapaappp,153,272,229,14.8,32,-942
ABarapaappp,154,272,231,14.4,32,502
ABarapaappp,155,273,234,14.0,32,-344
ABarapaappp,156,273,234,14.1,31,-1072
ABarapaappp,157,272,233,14.1,29,-2003
ABarapaappp,158,271,233,14.2,28,-1178
ABarapaappp,159,270,232,14.2,26,762
ABarapaappp,160,267,230,15.0,24,-306
ABarapap,64,278,147,19.2,33,-637
ABarapap,65,261,139,19.1,43,-984
ABarapap,66,269,152,20.2,42,-905
ABarapap,67,265,145,20.1,43,-194
ABarapap,68,255,158,20.1,43,-185
ABarapap,69,252,162,20.1,47,-1177
ABarapap,70,250,161,20.1,44,-1019
ABarapap,71,255,154,20.2,48,-640
ABarapap,72,259,158,20.1,48,-761
ABarapap,73,265,155,20.1,46,-651
ABarapap,74,272,153,20.1,48,-229
ABarapap,75,271,147,20.0,44,-150
ABarapap,76,278,142,19.1,48,-342
ABarapap,77,281,140,19.9,44,-772
ABarapap,78,284,137,19.0,46,-730
ABarapap,79,286,132,18.0,48,-739
ABarapap,80,291,138,19.0,44,-639
ABarapap,81,284,143,20.0,48,-687
ABarapap,82,287,150,20.1,46,-904
ABarapap,83,289,159,19.9,44,-1295
ABarapap,84,287,160,19.0,44,-1424
ABarapapa,85,267,163,19.2,33,253
ABarapapa,86,269,175,20.0,28,283
ABarapapa,87,285,185,20.2,28,93
ABarapapa,88,289,193,20.9,37,-37
ABarapapa,89,288,185,21.0,37,-292
ABarapapa,90,289,176,21.0,36,192
ABarapapa,91,291,172,20.3,37,-541
ABarapapa,92,287,165,21.1,39,-1072
ABarapapa,93,287,176,20.2,37,400
ABarapapa,94,286,176,20.2,39,-569
ABarapapa,95,282,182,20.1,37,-555
ABarapapa,96,281,178,20.2,38,-262
ABarapapa,97,283,179,20.2,40,-707
ABarapapa,98,278,193,20.3,40,60
ABarapapa,99,272,198,20.2,38,-1379
ABarapapa,100,271,204,20.1,38,-527
ABarapapa,101,271,209,20.9,36,11
ABarapapa,102,271,209,20.9,36,-406
ABarapapa,103,275,193,20.1,38,258
ABarapapa,104,272,195,20.9,36,-1050
ABarapapa,105,280,196,20.9,36,-846
ABarapapa,106,274,197,20.3,40,-1176
ABarapapa,107,274,204,20.1,40,-921
ABarapapa,108,272,218,20.0,38,167
ABarapapa,109,262,236,20.2,38,410
ABarapapa,110,256,243,20.1,38,-416
ABarapapa,111,255,246,20.9,36,-404
ABarapapa,112,262,246,20.2,38,-473
ABarapapa,113,269,244,20.1,36,-53
ABarapapa,114,277,247,20.0,36,1161
ABarapapaa,115,262,232,19.3,26,-1124
ABarapapaa,116,261,227,19.2,26,-524
ABarapapaa,117,261,228,20.1,26,-1044
ABarapapaa,118,260,223,19.1,26,422
ABarapapaa,119,257,223,20.9,32,486
ABarapapaa,120,254,231,20.2,35,35
ABarapapaa,121,260,227,20.2,34,-83
ABarapapaa,122,259,229,21.1,32,-467
ABarapapaa,123,253,224,20.3,34,-898
ABarapapaa,124,245,229,21.1,34,943
ABarapapaa,125,253,223,20.0,34,-876
ABarapapaa,126,241,240,21.1,34,718
ABarapapaa,127,246,243,20.3,34,273
ABarapapaa,128,250,244,21.1,34,-1411
ABarapapaa,129,249,243,21.1,34,-845
ABarapapaa,130,254,253,20.1,34,-353
ABarapapaa,131,249,248,20.2,34,-323
ABarapapaa,132,251,250,20.2,34,-1114
ABarapapaa,133,251,247,20.1,34,-71
ABarapapaa,134,253,248,20.2,34,-757
ABarapapaa,135,250,252,20.2,34,-460
ABarapapaa,136,256,248,20.2,34,-169
ABarapapaa,137,256,247,20.2,34,-552
ABarapapaa,138,254,238,20.2,34,-585
ABarapapaa,139,252,239,20.0,34,-1370
ABarapapaa,140,252,233,19.1,34,-22
ABarapapaa,141,253,228,19.1,34,158
ABarapapaa,142,245,231,19.1,34,-761
ABarapapaa,143,239,234,20.0,34,-378
ABarapapaa,144,241,238,20.1,34,231
ABarapapaa,145,250,236,21.1,34,-794
ABarapapaa,146,251,233,21.0,34,-586
ABarapapaa,147,257,227,20.0,34,210
ABarapapaa,148,250,226,20.2,34,-379
ABarapapaa,149,243,231,20.1,34,-422
ABarapapaa,150,239,233,20.1,34,-297
ABarapapaa,151,243,234,20.1,34,648
ABarapapaa,152,240,235,20.1,34,666
ABarapapaa,153,239,234,19.1,31,-340
ABarapapaa,154,236,235,18.2,34,-622
ABarapapaa,155,234,236,18.1,31,-392
ABarapapaa,156,240,235,18.9,30,-549
ABarapapaa,157,240,236,18.3,31,-1054
ABarapapaa,158,243,233,18.2,34,252
ABarapapaaa,159,217,226,18.2,26,-17
ABarapapaaa,160,219,228,18.2,34,-1005
ABarapapaap,159,258,228,19.1,26,674
ABarapapaap,160,259,227,20.0,24,579
ABarapapap,115,298,257,20.1,35,-610
ABarapapap,116,299,266,20.9,35,885
ABarapapap,117,304,273,21.0,34,508
ABarapapap,118,300,270,21.0,33,-881
ABarapapap,119,301,263,21.1,34,-76
ABarapapap,120,293,271,21.2,35,-466
ABarapapap,121,300,273,21.1,34,536
ABarapapap,122,296,272,21.1,30,-1009
ABarapapap,123,284,269,21.1,34,119
ABarapapap,124,283,271,21.1,34,-354
ABarapapap,125,281,269,21.1,34,-652
ABarapapap,126,280,275,21.0,34,451
ABarapapap,127,285,276,20.3,32,-13
ABarapapap,128,284,276,21.0,34,-397
ABarapapap,129,284,270,20.3,34,-374
ABarapapap,130,283,270,20.2,32,67
ABarapapap,131,285,268,20.1,34,-325
ABarapapap,132,286,267,20.1,32,-700
ABarapapap,133,289,262,20.1,34,-185
ABarapapap,134,289,267,20.2,34,112
ABarapapap,135,289,262,19.4,34,-568
ABarapapap,136,294,260,20.1,34,230
ABarapapap,137,294,261,20.0,30,-490
ABarapapap,138,291,257,20.2,34,-1113
ABarapapap,139,287,254,20.0,30,-119
ABarapapap,140,282,260,20.1,34,-285
ABarapapap,141,280,255,20.2,34,-620
ABarapapap,142,276,252,21.1,34,-10
ABarapapap,143,273,250,21.1,34,675
ABarapapap,144,284,258,21.0,34,-442
ABarapapap,145,282,252,21.0,34,-745
ABarapapap,146,285,251,21.0,34,-29
ABarapapap,147,281,254,20.2,34,-741
ABarapapap,148,280,254,21.0,34,44
ABarapapap,149,271,259,20.1,34,-636
ABarapapap,150,268,260,20.1,34,-149
ABarapapap,151,269,263,20.1,34,-607
ABarapapap,152,271,262,20.0,30,-583
ABarapapap,153,273,261,20.1,29,-1040
ABarapapap,154,256,247,20.2,26,-801
ABarapapap,155,253,250,21.1,29,-246
ABarapapap,156,258,256,21.0,30,1604
ABarapapap,157,260,259,20.2,31,-1162
ABarapapap,158,265,263,20.1,30,-318
ABarapapap,159,263,262,19.1,26,-177
ABarapapap,160,264,256,20.1,30,-77
ABarapapp,85,309,178,18.1,35,-594
ABarapapp,86,330,188,20.0,32,-897
ABarapapp,87,335,188,18.2,38,285
ABarapapp,88,344,174,19.0,37,-783
ABarapapp,89,344,162,19.0,39,-19
ABarapapp,90,345,168,19.0,36,337
ABarapapp,91,342,169,18.2,37,-1273
ABarapapp,92,333,168,19.1,39,-767
ABarapapp,93,346,187,19.2,37,834
ABarapapp,94,343,191,20.0,37,-858
ABarapapp,95,334,194,19.2,39,517
ABarapapp,96,328,200,19.2,40,51
ABarapapp,97,329,196,19.1,40,-456
ABarapapp,98,319,199,19.2,40,-823
ABarapapp,99,314,203,21.0,40,-954
ABarapapp,100,314,202,21.0,40,-234
ABarapapp,101,322,202,20.2,40,-237
ABarapapp,102,325,200,20.1,38,125
ABarapapp,103,315,211,20.0,40,-160
ABarapapp,104,313,210,19.1,40,-1146
ABarapapp,105,314,205,18.2,38,-25
ABarapapp,106,311,209,19.1,40,-1056
ABarapapp,107,306,213,19.1,40,-437
ABarapapp,108,300,209,18.1,40,-177
ABarapapp,109,291,214,18.1,40,-764
ABarapapp,110,283,217,18.8,36,-5
ABarapapp,111,293,217,18.2,34,-1080
ABarapappa,112,264,216,18.0,31,-523
ABarapappa,113,262,206,18.1,26,-1219
ABarapappa,114,262,202,19.0,36,605
ABarapappa,115,262,210,17.0,35,121
ABarapappa,116,260,209,18.0,35,36
ABarapappa,117,263,212,17.1,36,-150
ABarapappa,118,265,213,17.1,37,-325
ABarapappa,119,270,206,18.0,32,203
ABarapappa,120,268,208,17.0,35,-676
ABarapappa,121,268,211,17.1,34,200
ABarapappa,122,270,207,18.0,34,75
ABarapappa,123,265,205,18.2,32,-648
ABarapappa,124,262,204,19.0,34,87
ABarapappa,125,256,213,18.2,34,-173
ABarapappa,126,256,217,19.0,32,-399
ABarapappa,127,261,216,18.1,34,-130
ABarapappa,128,260,215,18.1,32,581
ABarapappa,129,261,218,18.1,26,-1156
ABarapappa,130,262,222,18.1,26,-1509
ABarapappa,131,262,225,18.2,32,675
ABarapappa,132,263,226,18.2,32,-1223
ABarapappa,133,263,222,18.9,30,-316
ABarapappa,134,263,224,18.2,32,511
ABarapappa,135,265,223,18.1,32,369
ABarapappa,136,271,220,19.1,34,-84
ABarapappa,137,272,220,18.2,34,-973
ABarapappa,138,276,217,18.2,32,-1155
ABarapappa,139,275,217,17.4,32,-466
ABarapappa,140,275,220,17.3,32,-952
ABarapappa,141,280,215,17.2,32,-90
ABarapappa,142,277,219,17.3,34,-857
ABarapappa,143,270,213,18.1,32,603
ABarapappa,144,271,213,18.3,32,-1099
ABarapappa,145,272,209,18.1,32,-508
ABarapappa,146,270,217,17.2,34,344
ABarapappa,147,269,217,17.7,34,330
ABarapappa,148,270,217,18.2,32,-815
ABarapappa,149,269,222,18.2,34,-50
ABarapappa,150,264,215,18.0,32,-301
ABarapappa,151,265,223,18.1,32,-747
ABarapappa,152,261,224,17.2,32,-120
ABarapappa,153,265,226,16.2,31,192
ABarapappa,154,259,224,17.2,32,-832
ABarapappa,155,264,223,16.2,31,228
ABarapappa,156,268,223,16.1,34,429
ABarapappa,157,267,224,16.2,31,-434
ABarapappa,158,267,218,16.3,34,2
ABarapappa,159,261,210,16.5,31,-1277
ABarapappa,160,262,209,17.2,34,-1242
ABarapappp,112,322,226,19.1,34,-865
ABarapappp,113,330,226,19.0,36,-1186
ABarapappp,114,336,238,20.0,36,231
ABarapappp,115,335,241,20.0,35,-802
ABarapappp,116,331,239,20.1,39,-191
ABarapappp,117,322,237,19.2,38,-844
ABarapappp,118,323,238,19.1,37,-394
ABarapappp,119,317,230,21.0,36,-236
ABarapappp,120,314,234,21.0,35,-841
ABarapappp,121,313,230,20.1,34,183
ABarapappp,122,312,231,20.1,34,656
ABarapappp,123,303,231,20.1,34,166
ABarapappp,124,294,232,20.1,34,59
ABarapappp,125,296,224,20.2,34,-115
ABarapappp,126,299,231,21.0,34,-1201
ABarapappp,127,302,229,20.2,32,-404
ABarapappp,128,302,235,20.2,34,442
ABarapappp,129,306,236,20.2,34,-381
ABarapappp,130,307,232,20.0,34,-71
ABarapappp,131,306,235,20.2,34,-1645
ABarapappp,132,306,231,19.1,34,-555
ABarapappp,133,310,229,20.0,34,247
ABarapappp,134,314,236,19.1,34,484
ABarapappp,135,313,235,19.1,34,-89
ABarapappp,136,322,227,19.1,34,-154
ABarapappp,137,320,225,19.1,34,90
ABarapappp,138,316,226,18.3,34,-323
ABarapappp,139,314,241,18.2,34,-708
ABarapappp,140,312,241,18.1,30,409
ABarapappp,141,315,239,18.0,30,-1730
ABarapapppa,142,296,236,18.2,32,-492
ABarapapppa,143,286,239,18.1,26,-1473
ABarapapppa,144,283,245,18.9,30,-351
ABarapapppa,145,285,238,18.2,26,30
ABarapapppa,146,292,238,19.0,30,-542
ABarapapppa,147,292,237,18.1,26,-496
ABarapapppa,148,291,236,18.4,27,1096
ABarapapppa,149,289,234,18.6,28,-1011
ABarapapppa,150,287,232,18.9,30,-373
ABarapapppa,151,287,232,18.9,30,-831
ABarapapppa,152,283,223,19.0,31,-670
ABarapapppa,153,281,228,19.0,32,-86
ABarapapppa,154,277,225,19.1,34,-1474
ABarapapppa,155,277,228,19.1,34,595
ABarapapppa,156,277,231,19.0,33,868
ABarapapppa,157,277,235,19.0,32,335
ABarapapppa,158,280,232,18.6,32,-639
ABarapapppa,159,284,228,18.1,31,-1108
ABarapapppa,160,286,222,18.0,26,-1587
ABarapapppp,142,339,244,18.0,30,-220
ABarapapppp,143,343,242,17.8,30,-293
ABarapapppp,144,345,248,17.0,30,-297
ABarapapppp,145,345,246,17.4,31,-1357
ABarapapppp,146,345,244,17.7,32,-358
ABarapapppp,147,344,242,18.1,34,-412
ABarapapppp,148,345,238,19.0,34,-990
ABarapapppp,149,343,243,18.1,34,-1401
ABarapapppp,150,348,244,18.0,34,-528
ABarapapppp,151,347,243,18.2,34,-691
ABarapapppp,152,348,242,18.0,34,213
ABarapapppp,153,339,232,17.3,31,-1149
ABarapapppp,154,339,231,17.2,34,-833
ABarapapppp,155,339,231,17.2,34,-699
ABarapapppp,156,339,225,18.1,34,218
ABarapapppp,157,339,223,19.0,31,2336
ABarapapppp,158,339,223,18.1,34,-279
ABarapapppp,159,329,216,18.0,31,699
ABarapapppp,160,329,219,18.1,34,-765
ABarapp,46,312,202,18.0,48,-1163
ABarapp,47,312,201,18.3,48,-7
ABarapp,48,312,199,18.5,48,-517
ABarapp,49,311,197,18.8,48,-754
ABarapp,50,311,195,19.1,48,-704
ABarapp,51,310,193,19.4,48,-1019
ABarapp,52,310,192,19.6,48,-137
ABarapp,53,309,190,19.9,48,-989
ABarapp,54,309,188,20.2,48,-659
ABarapp,55,308,186,20.5,48,-154
ABarapp,56,308,184,20.7,48,-614
ABarapp,57,307,182,21.0,48,-462
ABarapp,58,310,181,20.6,47,-537
ABarapp,59,314,180,20.2,45,-921
ABarapp,60,318,178,19.8,43,-87
ABarapp,61,321,177,19.4,41,-454
ABarapp,62,325,175,19.0,39,-1215
ABarapp,63,329,174,18.6,37,-167
ABarapp,64,333,172,18.2,35,-736
ABarappa,65,310,149,19.0,40,-627
ABarappa,66,309,150,18.7,40,-414
ABarappa,67,308,152,18.3,40,-299
ABarappa,68,306,154,18.0,40,-536
ABarappa,69,306,152,17.7,40,-630
ABarappa,70,306,149,17.4,40,-253
ABarappa,71,307,147,17.1,40,-478
ABarappa,72,307,144,16.9,40,-1515
ABarappa,73,308,142,16.6,40,-795
ABarappa,74,308,139,16.3,40,-370
ABarappa,75,309,136,16.0,40,-1048
ABarappa,76,309,134,15.8,40,-176
ABarappa,77,308,132,15.7,40,-179
ABarappa,78,307,130,15.5,40,-634
ABarappa,79,306,128,15.3,40,-1686
ABarappa,80,305,126,15.2,40,-801
ABarappa,81,304,123,15.0,40,-715
ABarappa,82,298,124,15.6,40,-571
ABarappa,83,292,125,16.2,40,57
ABarappa,84,285,126,16.7,41,-1020
ABarappa,85,279,127,17.3,41,-367
ABarappa,86,272,128,17.9,42,-621
ABarappa,87,266,139,17.1,40,-730
ABarappaa,88,243,142,17.0,37,-384
ABarappaa,89,229,136,17.1,37,190
ABarappaa,90,225,130,16.2,38,-610
ABarappaa,91,224,130,16.2,37,-136
ABarappaa,92,220,135,16.2,37,-569
ABarappaa,93,230,133,17.9,35,471
ABarappaa,94,236,128,18.1,39,536
ABarappaa,95,239,132,18.2,39,187
ABarappaa,96,242,126,18.9,36,-62
ABarappaa,97,236,132,19.1,40,-673
ABarappaa,98,235,136,20.0,40,-1052
ABarappaa,99,239,133,20.0,36,-549
ABarappaa,100,245,130,19.4,38,-119
ABarappaa,101,239,134,20.0,36,-48
ABarappaa,102,244,140,20.9,36,-567
ABarappaa,103,241,142,20.2,40,-756
ABarappaa,104,234,147,20.1,40,-1248
ABarappaa,105,238,156,20.0,36,-420
ABarappaa,106,240,152,20.1,36,-1190
ABarappaa,107,241,156,20.0,36,378
ABarappaa,108,246,159,19.3,38,94
ABarappaa,109,245,162,20.1,26,-215
ABarappaa,110,244,162,21.0,26,-2040
ABarappaa,111,245,166,21.0,26,-1115
ABarappaa,112,244,172,21.0,40,-35
ABarappaa,113,245,180,21.1,40,-188
ABarappaa,114,250,189,21.0,40,-768
ABarappaa,115,252,194,20.1,39,-1332
ABarappaa,116,252,191,20.1,39,-946
ABarappaa,117,249,190,19.3,36,-563
ABarappaa,118,245,187,20.0,33,-1112
ABarappaa,119,238,182,19.1,36,-485
ABarappaaa,120,217,178,21.0,31,-977
ABarappaaa,121,222,183,20.9,30,-1458
ABarappaaa,122,225,185,21.1,34,-873
ABarappaaa,123,226,182,22.0,34,-1
ABarappaaa,124,222,184,21.1,34,332
ABarappaaa,125,221,182,21.1,34,-810
ABarappaaa,126,219,189,21.1,34,-500
ABarappaaa,127,222,196,21.2,32,197
ABarappaaa,128,228,201,21.1,34,-1063
ABarappaaa,129,230,199,20.2,34,460
ABarappaaa,130,238,200,21.1,34,190
ABarappaaa,131,232,202,21.0,30,-1240
ABarappaaa,132,234,203,21.1,34,-1421
ABarappaaa,133,235,200,21.0,34,-161
ABarappaaa,134,236,207,20.3,34,-239
ABarappaaa,135,242,204,20.3,34,174
ABarappaaa,136,250,203,20.3,34,-931
ABarappaaa,137,248,203,20.3,32,-641
ABarappaaa,138,251,195,20.1,34,-100
ABarappaaa,139,250,203,20.1,34,-273
ABarappaaa,140,246,200,20.3,34,597
ABarappaaa,141,241,195,20.1,34,246
ABarappaaa,142,235,192,20.2,34,-556
ABarappaaa,143,236,196,20.3,34,-107
ABarappaaa,144,238,196,21.0,34,-1014
ABarappaaa,145,238,191,20.2,34,-225
ABarappaaa,146,238,188,21.0,34,-944
ABarappaaa,147,237,187,21.0,34,-394
ABarappaaa,148,234,191,21.1,34,368
ABarappaaa,149,228,194,21.1,34,-49
ABarappaaa,150,231,190,21.2,34,-605
ABarappaaa,151,230,197,21.1,32,169
ABarappaaa,152,229,193,21.1,34,-563
ABarappaaa,153,233,201,21.0,31,-390
ABarappaaa,154,237,200,21.1,34,-884
ABarappaaa,155,231,200,21.2,31,-441
ABarappaaa,156,232,203,20.3,34,463
ABarappaaa,157,232,206,21.1,31,-43
ABarappaaa,158,234,205,20.3,34,-291
ABarappaaa,159,230,206,20.3,31,-605
ABarappaaa,160,226,198,20.3,34,-171
ABarappaap,120,261,198,19.2,26,-1001
ABarappaap,121,264,199,19.1,34,-778
ABarappaap,122,271,197,20.0,34,1214
ABarappaap,123,268,192,21.0,34,90
ABarappaap,124,268,192,21.0,34,-758
ABarappaap,125,258,195,21.0,32,0
ABarappaap,126,259,201,21.1,30,-35
ABarappaap,127,259,205,20.1,34,251
ABarappaap,128,261,204,20.1,32,286
ABarappaap,129,264,207,20.1,34,-974
ABarappaap,130,270,209,20.2,34,-717
ABarappaap,131,270,210,21.1,32,-680
ABarappaap,132,271,212,21.1,34,-922
ABarappaap,133,273,207,21.1,30,1051
ABarappaap,134,272,213,21.0,34,-92
ABarappaap,135,275,212,21.0,34,54
ABarappaap,136,285,209,20.3,26,-828
ABarappaap,137,281,212,21.0,30,-1035
ABarappaap,138,283,211,21.1,34,-979
ABarappaap,139,287,214,20.2,34,940
ABarappaap,140,283,216,21.0,34,-114
ABarappaap,141,288,211,21.0,30,-919
ABarappaap,142,282,211,21.1,34,-852
ABarappaap,143,280,209,21.0,34,-455
ABarappaap,144,282,214,21.1,34,-1333
ABarappaap,145,281,209,20.1,26,27
ABarappaap,146,279,214,20.0,34,-638
ABarappaap,147,280,208,20.9,30,-1163
ABarappaap,148,283,209,21.0,34,-45
ABarappaap,149,276,214,20.1,34,-607
ABarappaap,150,276,213,21.1,34,-1084
ABarappaap,151,276,216,21.1,34,641
ABarappaap,152,279,209,21.2,34,-620
ABarappaap,153,280,215,20.7,31,614
ABarappaap,154,278,217,21.4,31,-1966
ABarappaap,155,270,212,21.0,31,-333
ABarappaap,156,270,212,21.0,31,574
ABarappaap,157,270,216,21.0,31,-630
ABarappaap,158,273,217,20.1,34,-578
ABarappaap,159,270,209,21.1,31,164
ABarappaap,160,271,199,20.2,34,-252
ABarappap,88,276,133,19.0,37,-483
ABarappap,89,287,125,18.0,37,-76
ABarappap,90,295,118,17.9,36,-426
ABarappap,91,296,124,17.2,39,-718
ABarappap,92,294,122,18.1,39,-193
ABarappap,93,301,125,18.2,39,-1559
ABarappap,94,306,130,19.0,39,615
ABarappap,95,300,137,19.1,39,-586
ABarappap,96,299,137,19.2,40,133
ABarappap,97,300,136,19.1,40,-512
ABarappap,98,297,141,20.0,40,-1262
ABarappap,99,291,145,19.2,38,-581
ABarappap,100,292,151,19.0,38,-701
ABarappap,101,286,153,19.2,40,-261
ABarappap,102,292,151,19.2,38,53
ABarappap,103,290,148,19.1,40,-1193
ABarappap,104,288,145,20.0,40,-661
ABarappap,105,287,149,19.1,40,-108
ABarappap,106,294,154,18.2,40,-985
ABarappap,107,293,158,19.0,40,-890
ABarappap,108,300,158,20.1,40,-218
ABarappap,109,304,160,21.0,36,-650
ABarappap,110,301,158,20.0,26,0
ABarappap,111,297,153,20.1,38,-529
ABarappap,112,297,153,20.1,38,-919
ABarappap,113,293,163,21.1,40,-491
ABarappap,114,296,168,21.0,40,-44
ABarappap,115,311,176,21.1,37,-571
ABarappap,116,301,171,21.0,35,-15
ABarappap,117,297,171,20.0,34,-734
ABarappapa,118,270,166,20.0,33,-1090
ABarappapa,119,267,162,20.0,32,-522
ABarappapa,120,269,163,20.2,35,132
ABarappapa,121,273,161,20.2,34,-282
ABarappapa,122,278,153,20.1,34,-312
ABarappapa,123,277,151,20.2,34,-632
ABarappapa,124,276,150,20.3,34,-173
ABarappapa,125,277,147,21.2,34,270
ABarappapa,126,277,155,21.1,34,-644
ABarappapa,127,275,154,21.2,34,-395
ABarappapa,128,279,159,21.1,34,-1133
ABarappapa,129,284,162,21.1,34,-1273
ABarappapa,130,290,169,21.1,34,62
ABarappapa,131,289,173,21.0,34,-418
ABarappapa,132,294,175,20.2,34,-811
ABarappapa,133,296,172,21.0,32,307
ABarappapa,134,293,176,21.1,32,-903
ABarappapa,135,296,176,21.1,34,-120
ABarappapa,136,302,173,21.1,34,-258
ABarappapa,137,303,176,20.4,34,216
ABarappapa,138,306,179,20.2,34,1082
ABarappapa,139,298,180,21.0,34,-122
ABarappapa,140,301,179,21.0,34,-985
ABarappapa,141,300,178,20.3,34,-982
ABarappapa,142,297,181,20.3,34,-337
ABarappapa,143,290,175,21.0,32,-760
ABarappapa,144,295,178,21.0,34,-1118
ABarappapa,145,289,174,21.1,34,42
ABarappapa,146,288,170,21.1,34,-470
ABarappapa,147,287,168,22.0,26,-1080
ABarappapa,148,286,169,21.0,26,387
ABarappapa,149,289,174,21.1,34,-1991
ABarappapa,150,291,171,21.1,34,-882
ABarappapa,151,293,165,21.2,34,-1380
ABarappapa,152,304,169,21.1,34,-571
ABarappapa,153,305,172,20.4,31,-1163
ABarappapa,154,306,175,21.0,34,189
ABarappapa,155,300,176,20.2,31,-1221
ABarappapa,156,296,172,20.2,34,-887
ABarappapa,157,294,177,20.0,29,438
ABarappapa,158,291,172,20.1,30,-1152
ABarappapaa,159,261,170,20.0,29,-978
ABarappapaa,160,267,165,20.0,24,-694
ABarappapap,159,308,170,20.1,31,-1160
ABarappapap,160,315,165,21.0,30,869
ABarappapp,118,326,167,20.9,33,-1022
ABarappapp,119,325,157,21.0,32,-1391
ABarappapp,120,325,167,20.1,31,-267
ABarappapp,121,330,159,21.0,34,13
ABarappapp,122,328,150,20.1,34,-685
ABarappapp,123,334,148,21.1,30,-406
ABarappapp,124,328,150,21.1,34,-1175
ABarappapp,125,328,143,21.2,34,-23
ABarappapp,126,333,145,21.2,34,-410
ABarappapp,127,331,141,21.1,34,-7
ABarappapp,128,329,145,21.1,34,829
ABarappapp,129,332,149,21.1,34,367
ABarappapp,130,340,156,21.1,34,138
ABarappapp,131,342,156,21.1,34,-422
ABarappapp,132,336,155,21.1,34,-663
ABarappapp,133,347,153,21.1,34,484
ABarappapp,134,341,162,21.0,34,-1476
ABarappapp,135,349,161,21.0,34,157
ABarappapp,136,353,158,21.0,34,-1658
ABarappapp,137,357,157,21.1,34,-1126
ABarappapp,138,353,161,21.1,34,-574
ABarappapp,139,345,164,21.1,34,103
ABarappapp,140,347,165,21.2,34,-600
ABarappapp,141,349,166,20.2,34,-65
ABarappapp,142,343,161,21.2,34,-185
ABarappapp,143,340,170,21.1,34,-127
ABarappapp,144,341,169,21.1,34,-1519
ABarappapp,145,337,160,21.1,34,134
ABarappapp,146,338,156,21.1,34,-186
ABarappapp,147,335,150,21.1,34,439
ABarappapp,148,338,150,21.2,34,744
ABarappapp,149,333,157,21.1,34,-481
ABarappapp,150,335,154,21.1,34,-199
ABarappapp,151,338,155,21.0,34,275
ABarappapp,152,346,151,20.1,34,33
ABarappapp,153,349,151,21.2,31,-247
ABarappapp,154,350,147,21.0,34,254
ABarappapp,155,350,147,21.0,34,484
ABarappapp,156,343,149,21.1,34,131
ABarappapp,157,348,147,21.0,31,-483
ABarappapp,158,347,145,20.2,34,864
ABarappapp,159,346,142,21.1,31,-773
ABarappapp,160,354,134,20.3,34,-265
ABarappp,65,359,178,19.0,37,81
ABarappp,66,359,165,20.9,40,-1136
ABarappp,67,363,170,20.0,43,-371
ABarappp,68,358,173,19.0,43,-785
ABarappp,69,351,164,20.1,47,-151
ABarappp,70,347,159,21.0,44,241
ABarappp,71,346,158,20.1,48,-722
ABarappp,72,352,159,20.1,44,-767
ABarappp,73,347,170,19.2,48,-605
ABarappp,74,340,166,20.1,46,-325
ABarappp,75,335,156,19.1,48,-713
ABarappp,76,345,155,19.9,44,-480
ABarappp,77,350,156,18.0,44,-1052
ABarappp,78,359,157,18.1,46,-1176
ABarappp,79,352,158,17.1,46,-553
ABarappp,80,351,154,16.0,44,-890
ABarappp,81,348,151,16.1,46,-462
ABarappp,82,344,138,16.1,44,-799
ABarappp,83,340,132,16.9,44,-1082
ABarappp,84,334,119,16.1,46,-539
ABarappp,85,340,117,16.0,43,-328
ABarappp,86,334,126,16.0,42,107
ABarapppa,87,290,109,15.9,40,-757
ABarapppa,88,266,106,15.0,37,88
ABarapppa,89,260,106,15.1,37,-288
ABarapppa,90,259,106,15.0,36,-1012
ABarapppa,91,252,104,14.3,37,-110
ABarapppa,92,247,107,15.1,37,-637
ABarapppa,93,260,111,15.0,35,-157
ABarapppa,94,266,109,15.1,37,-843
ABarapppa,95,266,107,16.1,39,-773
ABarapppa,96,277,102,16.1,36,-643
ABarapppa,97,275,102,16.1,38,-231
ABarapppa,98,279,109,17.1,36,1223
ABarapppa,99,281,113,17.1,36,-1369
ABarapppa,100,281,115,18.0,36,-429
ABarapppa,101,277,116,18.1,36,-371
ABarapppa,102,274,116,18.0,38,-774
ABarapppa,103,273,114,17.2,38,-488
ABarapppa,104,258,120,18.1,36,8
ABarapppa,105,255,122,19.0,36,-575
ABarapppa,106,261,126,19.1,38,-1231
ABarapppa,107,261,130,20.0,38,-270
ABarapppa,108,262,131,19.2,40,-26
ABarapppa,109,261,140,19.1,40,-85
ABarapppa,110,258,143,19.2,40,-151
ABarapppa,111,248,145,19.2,38,-785
ABarapppa,112,238,142,19.2,38,-376
ABarapppa,113,231,144,19.3,38,-683
ABarapppa,114,235,149,19.1,38,-1125
ABarapppa,115,237,147,19.3,39,-670
ABarapppa,116,227,151,20.0,35,-727
ABarapppa,117,225,150,20.0,34,530
ABarapppaa,118,200,161,20.1,33,-249
ABarapppaa,119,193,149,20.1,32,413
ABarapppaa,120,200,138,20.1,31,166
ABarapppaa,121,202,137,19.9,30,-356
ABarapppaa,122,206,133,19.1,30,666
ABarapppaa,123,210,135,19.9,30,74
ABarapppaa,124,212,134,19.1,32,1503
ABarapppaa,125,206,140,19.3,34,-580
ABarapppaa,126,204,147,19.2,34,-308
ABarapppaa,127,204,149,19.1,34,439
ABarapppaa,128,209,150,19.1,34,-511
ABarapppaa,129,206,154,19.2,32,-522
ABarapppaa,130,208,160,20.1,34,-119
ABarapppaa,131,206,161,20.2,30,228
ABarapppaa,132,208,164,20.3,34,249
ABarapppaa,133,213,158,21.0,34,-920
ABarapppaa,134,208,163,21.1,34,-116
ABarapppaa,135,215,166,20.8,30,259
ABarapppaa,136,215,166,20.1,30,-712
ABarapppaa,137,220,164,20.2,32,-853
ABarapppaa,138,217,155,20.2,32,-1045
ABarapppaa,139,213,150,20.1,34,-542
ABarapppaa,140,215,155,21.0,30,136
ABarapppaa,141,216,152,21.0,30,-894
ABarapppaa,142,207,148,20.0,32,63
ABarapppaa,143,208,150,20.2,34,-940
ABarapppaa,144,213,152,20.1,34,-524
ABarapppaa,145,213,152,20.1,34,-265
ABarapppaa,146,215,148,20.1,34,-355
ABarapppaa,147,214,153,19.4,34,551
ABarapppaa,148,211,156,20.1,34,267
ABarapppaa,149,204,160,20.1,34,-1143
ABarapppaa,150,204,156,20.2,34,610
ABarapppaa,151,207,164,21.1,34,-199
ABarapppaa,152,206,161,21.1,34,423
ABarapppaa,153,202,162,21.1,31,-353
ABarapppaa,154,208,164,21.3,34,1212
ABarapppaa,155,200,165,21.3,31,28
ABarapppaa,156,199,168,21.2,34,-230
ABarapppaa,157,195,169,21.0,31,-204
ABarapppaa,158,193,173,21.2,34,-92
ABarapppaa,159,184,169,21.1,31,-1094
ABarapppaa,160,190,169,21.0,34,-231
ABarapppap,118,240,135,19.2,31,-24
ABarapppap,119,241,136,19.5,32,90
ABarapppap,120,243,137,19.7,33,-187
ABarapppap,121,245,138,20.0,34,-353
ABarapppap,122,244,140,20.1,30,-105
ABarapppap,123,242,142,20.1,26,1261
ABarapppap,124,241,143,21.1,26,-311
ABarapppap,125,239,149,20.8,28,-255
ABarapppap,126,237,155,20.4,31,261
ABarapppap,127,234,162,20.1,34,-156
ABarapppap,128,235,162,20.0,26,1200
ABarapppap,129,235,162,20.0,26,-54
ABarapppap,130,239,165,21.0,26,-468
ABarapppap,131,239,172,20.0,34,318
ABarapppap,132,239,172,20.0,34,-302
ABarapppap,133,248,176,19.1,34,-1301
ABarapppap,134,242,172,20.1,34,-511
ABarapppap,135,248,174,20.2,32,-48
ABarapppap,136,250,173,20.2,32,398
ABarapppap,137,253,171,21.1,34,227
ABarapppap,138,249,167,20.2,26,2605
ABarapppap,139,248,167,21.2,34,-157
ABarapppap,140,251,165,21.1,34,-241
ABarapppap,141,249,168,21.1,34,-899
ABarapppap,142,249,173,21.2,34,-1054
ABarapppap,143,248,166,21.7,34,-1243
ABarapppap,144,247,169,21.7,34,-516
ABarapppap,145,244,160,21.6,34,-440
ABarapppap,146,247,162,21.6,34,501
ABarapppap,147,250,159,22.0,34,-875
ABarapppap,148,247,159,22.0,34,817
ABarapppap,149,247,166,21.6,34,-741
ABarapppap,150,248,161,22.1,34,644
ABarapppap,151,243,166,21.5,34,-197
ABarapppap,152,251,162,22.0,34,372
ABarapppap,153,252,172,21.7,31,-335
ABarapppap,154,248,169,21.5,34,63
ABarapppap,155,242,168,22.1,31,1112
ABarapppap,156,237,172,21.0,26,491
ABarapppap,157,236,174,21.0,30,224
ABarapppap,158,238,174,21.2,34,-431
ABarapppap,159,238,170,21.6,32,-150
ABarapppap,160,239,165,22.0,30,113
ABarapppp,87,339,125,18.0,38,-54
ABarapppp,88,327,120,17.1,37,-190
ABarapppp,89,332,122,15.2,41,123
ABarapppp,90,332,124,15.1,38,-631
ABarapppp,91,333,121,15.2,37,-983
ABarapppp,92,327,121,15.2,37,-440
ABarapppp,93,331,129,16.0,39,-398
ABarapppp,94,327,128,15.3,37,-548
ABarapppp,95,326,133,16.2,39,696
ABarapppp,96,330,134,16.2,38,-1294
ABarapppp,97,330,131,16.1,38,-886
ABarapppp,98,329,127,16.1,40,-526
ABarapppp,99,326,130,15.3,38,-520
ABarapppp,100,322,131,15.3,38,-835
ABarapppp,101,317,124,16.1,38,-750
ABarapppp,102,312,127,16.1,38,-280
ABarapppp,103,314,125,16.1,40,-1169
ABarapppp,104,304,127,16.9,36,-1945
ABarapppp,105,294,125,16.3,38,158
ABarapppp,106,298,121,17.1,38,-1587
ABarapppp,107,297,124,18.0,40,-180
ABarapppp,108,301,123,18.1,40,-714
ABarapppp,109,306,129,18.1,40,-205
ABarapppp,110,299,138,17.3,40,-1002
ABarapppp,111,295,139,18.1,38,9
ABarapppp,112,283,138,19.0,36,-950
ABarapppp,113,277,145,18.9,36,-821
ABarapppp,114,280,144,19.1,36,-283
ABarapppp,115,283,144,18.3,33,-250
ABarappppa,116,256,139,19.0,35,-371
ABarappppa,117,254,142,18.1,34,27
ABarappppa,118,254,137,18.7,35,-759
ABarappppa,119,254,132,19.2,36,130
ABarappppa,120,254,129,18.5,35,-87
ABarappppa,121,253,129,18.4,35,-923
ABarappppa,122,251,130,18.3,34,-119
ABarappppa,123,251,128,18.2,34,-455
ABarappppa,124,247,129,19.2,34,-243
ABarappppa,125,245,137,19.2,34,-303
ABarappppa,126,243,141,19.1,34,-262
ABarappppa,127,241,137,20.0,30,413
ABarappppa,128,247,140,19.3,34,67
ABarappppa,129,247,145,20.0,34,224
ABarappppa,130,253,144,20.2,34,-373
ABarappppa,131,252,145,20.3,34,289
ABarappppa,132,258,152,20.1,34,-544
ABarappppa,133,259,151,20.2,34,-1012
ABarappppa,134,256,149,20.3,34,-210
ABarappppa,135,263,150,20.3,34,-708
ABarappppa,136,264,149,20.2,34,-649
ABarappppa,137,269,152,20.2,34,-499
ABarappppa,138,269,150,20.2,34,-669
ABarappppa,139,264,152,20.1,34,-304
ABarappppa,140,265,155,19.3,26,384
ABarappppa,141,266,148,20.1,34,36
ABarappppa,142,264,151,20.6,34,152
ABarappppa,143,265,147,20.0,32,-903
ABarappppa,144,261,153,20.0,34,-623
ABarappppa,145,263,148,20.1,34,-407
ABarappppa,146,260,155,19.6,34,-650
ABarappppa,147,258,155,19.5,34,-897
ABarappppa,148,256,155,19.4,33,35
ABarappppa,149,254,155,19.3,32,-594
ABarappppa,150,252,155,19.2,32,-691
ABarappppa,151,250,155,19.1,31,-695
ABarappppa,152,247,154,19.0,30,1139
ABarappppa,153,245,157,19.1,31,-1174
ABarappppa,154,242,160,19.1,32,-419
ABarappppa,155,239,163,19.2,33,-1100
ABarappppa,156,236,167,19.2,34,-409
ABarappppa,157,232,168,19.3,31,-318
ABarappppa,158,228,168,19.3,31,-194
ABarappppa,159,224,166,20.0,29,-353
ABarappppaa,160,205,169,19.0,24,363
ABarappppap,160,242,165,19.0,26,-80
ABarappppp,116,305,145,19.0,35,479
ABarappppp,117,307,132,19.1,34,584
ABarappppp,118,309,129,20.1,33,-1115
ABarappppp,119,298,128,20.1,34,-452
ABarappppp,120,300,132,20.1,35,-289
ABarappppp,121,301,128,20.0,30,-139
ABarappppp,122,300,122,20.0,34,-679
ABarappppp,123,301,119,19.3,34,127
ABarappppp,124,297,117,19.3,34,416
ABarappppp,125,292,115,19.3,34,-352
ABarappppp,126,289,124,19.3,34,-63
ABarappppp,127,280,129,19.2,34,-73
ABarappppp,128,287,130,19.2,34,-908
ABarappppp,129,294,127,20.0,34,725
ABarappppp,130,301,133,19.5,34,-131
ABarappppp,131,298,135,20.2,34,380
ABarappppp,132,304,136,20.2,34,-602
ABarappppp,133,307,134,20.3,34,80
ABarappppp,134,304,138,20.3,34,-515
ABarappppp,135,309,144,20.2,34,-89
ABarappppp,136,308,133,20.1,34,-244
ABarappppp,137,309,136,20.1,34,-1167
ABarappppp,138,311,134,20.1,34,-318
ABarappppp,139,304,138,20.2,34,-1199
ABarappppp,140,303,139,20.2,34,-1126
ABarappppp,141,309,135,20.2,34,-872
ABarappppp,142,307,137,20.1,34,-222
ABarappppp,143,303,142,20.3,34,-1004
ABarappppp,144,305,147,20.2,34,-673
ABarappppp,145,299,139,20.2,34,-118
ABarappppp,146,301,141,20.0,34,-1405
ABarappppp,147,296,144,19.2,34,1014
ABarappppp,148,298,139,19.2,34,-169
ABarappppp,149,289,140,19.2,34,529
ABarappppp,150,291,142,19.3,34,-640
ABarappppp,151,285,143,20.1,34,-360
ABarappppp,152,285,146,20.0,34,279
ABarappppp,153,285,147,20.2,31,-1525
ABarappppp,154,281,142,20.0,30,9
ABarappppp,155,282,147,20.0,29,208
ABarapppppa,156,262,140,21.0,30,-528
ABarapppppa,157,255,143,19.1,31,27
ABarapppppa,158,262,137,20.9,30,-259
ABarapppppa,159,257,134,19.2,31,477
ABarapppppa,160,257,132,19.2,32,225
ABarapppppp,156,306,151,19.1,30,-78
ABarapppppp,157,310,150,19.1,31,-856
ABarapppppp,158,315,146,19.2,34,-1004
ABarapppppp,159,303,134,20.4,31,-500
ABarapppppp,160,299,131,21.1,30,-1013
ABarp,20,290,170,9.4,59,-1097
ABarp,21,330,158,9.8,57,-2078
ABarp,22,344,167,9.5,60,-1847
ABarp,23,334,161,9.3,63,-2161
ABarp,24,324,159,9.3,64,-2306
ABarp,25,328,161,9.5,65,-2269
ABarp,26,330,161,9.3,65,-2182
ABarp,27,331,150,10.2,65,-1907
ABarp,28,339,134,10.4,67,-1853
ABarp,29,332,140,9.9,63,-2425
ABarp,30,339,154,9.2,54,-1288
ABarpa,31,298,141,9.8,58,-1069
ABarpa,32,294,142,9.9,56,-1653
ABarpa,33,279,134,9.4,58,-2194
ABarpa,34,270,126,9.3,60,-1771
ABarpa,35,270,123,9.3,58,-1251
ABarpa,36,267,133,9.4,60,-1481
ABarpa,37,271,129,10.8,58,-1586
ABarpa,38,261,128,10.7,59,-1462
ABarpa,39,265,135,9.5,65,-1429
ABarpa,40,264,133,9.4,63,-1020
ABarpa,41,265,138,9.1,65,-1163
ABarpa,42,258,130,10.2,64,-1502
ABarpa,43,256,125,10.3,64,-1053
ABarpa,44,262,133,10.8,61,-1287
ABarpa,45,276,134,9.8,62,-1701
ABarpa,46,283,139,9.6,61,-1243
ABarpaa,47,250,139,7.3,48,-2090
ABarpaa,48,225,138,9.8,55,-1071
ABarpaa,49,221,134,10.1,53,-1143
ABarpaa,50,216,125,9.1,53,-890
ABarpaa,51,214,123,9.9,53,-571
ABarpaa,52,209,123,10.0,53,-1191
ABarpaa,53,199,126,9.9,53,-1061
ABarpaa,54,202,126,10.1,53,-646
ABarpaa,55,208,130,9.0,53,-1034
ABarpaa,56,212,136,8.0,52,-1679
ABarpaa,57,216,131,8.2,53,-1584
ABarpaa,58,213,137,8.3,54,-1376
ABarpaa,59,209,138,8.3,57,-1493
ABarpaa,60,218,138,8.2,52,-1717
ABarpaa,61,222,141,8.2,51,-1557
ABarpaa,62,227,144,9.0,51,-1465
ABarpaa,63,223,138,7.2,34,-800
ABarpaaa,64,204,134,7.4,29,-772
ABarpaaa,65,185,139,7.3,35,-1340
ABarpaaa,66,184,146,6.1,40,-2024
ABarpaaa,67,195,139,6.3,41,-2439
ABarpaaa,68,194,132,8.1,41,-253
ABarpaaa,69,197,129,9.0,43,-704
ABarpaaa,70,191,132,8.1,44,-399
ABarpaaa,71,195,133,9.1,44,-557
ABarpaaa,72,190,133,9.9,44,-561
ABarpaaa,73,187,138,8.1,44,-684
ABarpaaa,74,194,143,8.0,44,-670
ABarpaaa,75,195,149,8.0,44,-1411
ABarpaaa,76,195,154,8.0,44,-540
ABarpaaa,77,196,151,7.1,44,-350
ABarpaaa,78,196,155,7.0,44,-1335
ABarpaaa,79,190,162,5.9,44,-2790
ABarpaaa,80,187,167,4.9,44,-2832
ABarpaaa,81,182,167,4.9,44,-2727
ABarpaaa,82,183,167,4.9,44,-3152
ABarpaaa,83,195,165,4.2,44,-885
ABarpaaa,84,197,178,4.1,46,-1021
ABarpaaa,85,197,178,4.1,46,-1130
ABarpaaa,86,202,206,4.0,30,-340
ABarpaaa,87,183,213,3.9,40,69
ABarpaaa,88,177,237,4.1,41,1115
ABarpaaa,89,179,259,4.1,41,697
ABarpaaa,90,178,265,4.0,36,408
ABarpaaa,91,178,278,4.2,35,-533
ABarpaaaa,92,134,278,3.4,31,2660
ABarpaaaa,93,136,279,3.9,35,381
ABarpaaaa,94,133,275,3.4,37,1019
ABarpaaaa,95,124,284,3.4,39,1466
ABarpaaaa,96,123,288,3.3,38,1432
ABarpaaaa,97,125,287,3.5,38,-1019
ABarpaaaa,98,133,282,3.5,38,836
ABarpaaaa,99,138,289,5.1,38,-2830
ABarpaaaa,100,138,289,5.1,38,-2285
ABarpaaaa,101,152,276,3.4,40,1086
ABarpaaaa,102,150,284,4.0,36,-552
ABarpaaaa,103,148,283,3.4,38,-245
ABarpaaaa,104,148,290,3.4,40,1206
ABarpaaaa,105,146,297,5.2,26,-2461
ABarpaaaa,106,155,286,4.0,36,92
ABarpaaaa,107,161,286,3.5,38,710
ABarpaaaa,108,158,273,3.9,36,1514
ABarpaaaa,109,161,267,4.0,36,-998
ABarpaaaa,110,163,272,3.5,38,1750
ABarpaaaa,111,165,264,4.0,36,245
ABarpaaaa,112,174,265,4.0,36,504
ABarpaaaa,113,174,263,4.0,36,277
ABarpaaaa,114,175,266,4.1,36,-1781
ABarpaaaa,115,181,257,3.4,37,2123
ABarpaaaa,116,179,261,3.5,37,1249
ABarpaaaa,117,174,270,3.5,38,2074
ABarpaaaa,118,165,269,4.0,37,1130
ABarpaaaa,119,175,270,3.4,36,2714
ABarpaaaa,120,176,271,4.1,35,-1158
ABarpaaaa,121,177,272,4.0,34,686
ABarpaaaa,122,174,280,4.0,34,1801
ABarpaaaa,123,172,277,4.1,32,-394
ABarpaaaa,124,176,277,4.9,30,-2662
ABarpaaaaa,125,153,263,4.1,28,-963
ABarpaaaaa,126,141,266,4.2,30,195
ABarpaaaaa,127,144,260,4.8,30,-1837
ABarpaaaaa,128,145,251,5.2,30,-1705
ABarpaaaaa,129,136,257,5.0,32,-967
ABarpaaaaa,130,133,254,5.1,30,-1149
ABarpaaaaa,131,134,254,4.8,30,1261
ABarpaaaaa,132,135,253,4.3,32,879
ABarpaaaaa,133,138,248,4.8,30,-2173
ABarpaaaaa,134,137,251,4.2,30,-1289
ABarpaaaaa,135,143,249,4.2,30,-1200
ABarpaaaaa,136,146,250,4.2,30,-1310
ABarpaaaaa,137,147,249,4.0,30,436
ABarpaaaaa,138,145,252,4.3,32,-466
ABarpaaaaa,139,146,255,4.1,34,823
ABarpaaaaa,140,142,255,3.6,32,1504
ABarpaaaaa,141,141,260,3.9,30,765
ABarpaaaaa,142,139,251,3.5,32,579
ABarpaaaaa,143,138,259,3.5,32,2821
ABarpaaaaa,144,138,258,3.6,34,2024
ABarpaaaaa,145,141,255,3.6,32,1810
ABarpaaaaa,146,140,256,4.0,30,956
ABarpaaaaa,147,145,252,4.2,34,-64
ABarpaaaaa,148,146,252,4.1,32,1431
ABarpaaaaa,149,148,250,3.6,34,1130
ABarpaaaaa,150,147,254,4.2,32,479
ABarpaaaaa,151,145,252,4.1,30,1590
ABarpaaaaa,152,145,254,3.9,30,1775
ABarpaaaaa,153,147,253,4.1,31,-1287
ABarpaaaaa,154,144,249,4.1,30,692
ABarpaaaaa,155,144,253,4.1,31,272
ABarpaaaaa,156,145,264,4.1,30,-407
ABarpaaaaa,157,145,257,4.4,31,-1046
ABarpaaaaa,158,143,250,4.4,34,-1114
ABarpaaaaa,159,140,248,4.3,31,-631
ABarpaaaaa,160,139,248,4.2,30,-951
ABarpaaaap,125,192,296,4.1,30,1719
ABarpaaaap,126,190,295,4.0,28,1280
ABarpaaaap,127,189,293,4.0,30,379
ABarpaaaap,128,182,293,3.8,30,-292
ABarpaaaap,129,175,295,3.2,32,3848
ABarpaaaap,130,173,293,3.8,30,1130
ABarpaaaap,131,165,295,3.2,32,2071
ABarpaaaap,132,159,297,3.4,32,2197
ABarpaaaap,133,162,292,3.3,32,3116
ABarpaaaap,134,162,293,3.8,30,741
ABarpaaaap,135,161,291,3.8,30,-201
ABarpaaaap,136,166,294,3.8,30,1865
ABarpaaaap,137,166,286,3.2,30,1127
ABarpaaaap,138,165,286,3.8,30,1247
ABarpaaaap,139,170,287,3.8,30,151
ABarpaaaap,140,169,288,3.8,30,530
ABarpaaaap,141,169,287,3.8,30,1874
ABarpaaaap,142,169,276,3.3,32,1325
ABarpaaaap,143,178,283,3.7,30,70
ABarpaaaap,144,179,286,3.8,30,-199
ABarpaaaap,145,184,283,3.2,32,726
ABarpaaaap,146,182,285,3.2,34,-373
ABarpaaaap,147,183,282,3.2,34,2564
ABarpaaaap,148,188,280,3.2,26,984
ABarpaaaap,149,184,278,3.2,34,1937
ABarpaaaap,150,183,281,3.1,34,1692
ABarpaaaap,151,182,282,3.2,34,720
ABarpaaaap,152,181,281,3.1,32,2953
ABarpaaaap,153,189,278,3.2,31,2406
ABarpaaaap,154,178,275,3.2,32,1699
ABarpaaaap,155,189,280,3.2,31,1004
ABarpaaaap,156,187,289,3.2,34,1479
ABarpaaaap,157,185,287,3.1,31,69
ABarpaaaap,158,184,280,3.1,34,2355
ABarpaaaap,159,181,275,3.4,31,2263
ABarpaaaap,160,183,271,3.9,30,269
ABarpaaap,92,195,287,4.2,29,-366
ABarpaaap,93,194,283,3.5,33,4028
ABarpaaap,94,195,280,4.0,35,-191
ABarpaaap,95,193,283,3.9,35,-139
ABarpaaap,96,194,280,3.2,36,2927
ABarpaaap,97,194,286,3.3,36,3395
ABarpaaap,98,199,287,3.8,36,1031
ABarpaaap,99,198,284,3.8,36,1021
ABarpaaap,100,201,287,3.9,36,1156
ABarpaaap,101,207,277,4.0,36,2068
ABarpaaap,102,210,280,4.1,36,-182
ABarpaaap,103,206,283,4.2,36,-1493
ABarpaaap,104,203,285,3.9,36,1450
ABarpaaap,105,203,286,4.0,36,40
ABarpaaap,106,206,285,4.2,36,-698
ABarpaaap,107,209,282,4.2,36,552
ABarpaaap,108,205,276,4.2,36,354
ABarpaaap,109,209,270,4.2,36,275
ABarpaaap,110,215,271,4.2,36,301
ABarpaaap,111,211,269,4.1,36,972
ABarpaaap,112,219,267,4.0,36,463
ABarpaaap,113,214,267,4.9,36,-2621
ABarpaaap,114,216,271,4.9,36,-1587
ABarpaaap,115,219,266,5.0,37,-638
ABarpaaap,116,215,265,5.0,35,-1305
ABarpaaap,117,214,272,5.1,34,-1949
ABarpaaap,118,219,262,6.0,33,-833
ABarpaaap,119,219,265,5.5,34,-2013
ABarpaaap,120,221,268,5.3,35,-1987
ABarpaaap,121,226,270,4.3,34,-562
ABarpaaap,122,226,270,4.3,34,-1008
ABarpaaap,123,225,266,4.2,34,896
ABarpaaap,124,225,264,4.3,34,-621
ABarpaaap,125,221,269,4.6,34,-540
ABarpaaap,126,224,272,4.5,34,-1561
ABarpaaap,127,225,266,4.2,28,201
ABarpaaap,128,220,272,4.2,28,-766
ABarpaaapa,129,189,264,4.7,30,-997
ABarpaaapa,130,185,261,4.1,28,-595
ABarpaaapa,131,183,266,4.2,30,401
ABarpaaapa,132,180,264,4.0,32,1280
ABarpaaapa,133,185,263,4.2,30,-1163
ABarpaaapa,134,187,261,4.1,30,329
ABarpaaapa,135,187,264,4.1,32,-416
ABarpaaapa,136,188,264,4.3,32,-258
ABarpaaapa,137,190,254,3.6,34,2267
ABarpaaapa,138,192,256,4.0,30,92
ABarpaaapa,139,196,256,3.3,32,-385
ABarpaaapa,140,192,256,3.3,34,3147
ABarpaaapa,141,194,249,3.8,30,119
ABarpaaapa,142,196,242,3.5,32,483
ABarpaaapa,143,196,243,3.3,34,2524
ABarpaaapa,144,195,243,3.4,34,1906
ABarpaaapa,145,198,241,3.4,32,1387
ABarpaaapa,146,202,242,3.3,34,2142
ABarpaaapa,147,200,246,3.4,34,1215
ABarpaaapa,148,197,238,3.4,34,1858
ABarpaaapa,149,197,237,3.4,32,2028
ABarpaaapa,150,196,237,3.4,34,2468
ABarpaaapa,151,196,235,3.2,34,1974
ABarpaaapa,152,198,229,3.3,34,2997
ABarpaaapa,153,193,232,3.3,31,1469
ABarpaaapa,154,190,230,3.3,32,2662
ABarpaaapa,155,188,236,3.4,31,2552
ABarpaaapa,156,180,239,3.4,34,1874
ABarpaaapa,157,183,233,3.4,31,112
ABarpaaapa,158,180,231,3.2,26,15
ABarpaaapa,159,178,230,3.2,27,-99
ABarpaaapa,160,175,229,3.3,29,1007
ABarpaaapp,129,236,270,3.4,26,1549
ABarpaaapp,130,233,270,4.0,30,-1344
ABarpaaapp,131,229,267,3.2,30,1707
ABarpaaapp,132,222,270,3.1,30,1984
ABarpaaapp,133,222,264,3.0,30,1966
ABarpaaapp,134,221,262,3.0,30,1008
ABarpaaapp,135,221,265,3.1,26,-1196
ABarpaaapp,136,220,264,3.0,24,-1053
ABarpaaapp,137,223,259,3.0,30,870
ABarpaaapp,138,225,259,3.0,30,4363
ABarpaaapp,139,227,258,3.0,30,1317
ABarpaaapp,140,225,253,3.0,30,2192
ABarpaaapp,141,225,251,3.1,30,2043
ABarpaaapp,142,225,254,3.2,30,444
ABarpaaapp,143,226,257,3.7,30,894
ABarpaaapp,144,228,260,3.8,30,480
ABarpaaapp,145,230,268,3.5,28,978
ABarpaaapp,146,232,276,3.5,28,135
ABarpaaapp,147,231,281,4.1,28,-1476
ABarpaaapp,148,233,276,4.0,24,2925
ABarpaaapp,149,237,267,4.0,24,2310
ABarpaaapp,150,236,265,3.7,30,2347
ABarpaaapp,151,237,269,3.4,28,1118
ABarpaaapp,152,237,269,3.6,30,2466
ABarpaaapp,153,236,260,3.7,29,3017
ABarpaaapp,154,235,269,3.0,24,1190
ABarpaaapp,155,241,273,3.3,31,2975
ABarpaaapp,156,237,276,3.3,34,2863
ABarpaaapp,157,237,271,3.2,27,2542
ABarpaaapp,158,238,273,3.3,29,4083
ABarpaaapp,159,240,276,3.3,31,4315
ABarpaaapp,160,243,272,3.2,26,4512
ABarpaap,64,244,140,8.0,31,-548
ABarpaap,65,239,148,8.0,43,-376
ABarpaap,66,241,159,6.1,42,-3651
ABarpaap,67,250,162,5.2,41,-2737
ABarpaap,68,253,167,6.2,45,-2779
ABarpaap,69,255,168,6.3,47,-2771
ABarpaap,70,253,164,6.1,46,-3409
ABarpaap,71,250,168,6.0,44,-3047
ABarpaap,72,252,171,5.2,46,-4081
ABarpaap,73,248,166,5.0,46,-4212
ABarpaap,74,250,167,5.1,46,-3760
ABarpaap,75,253,176,5.1,44,-2935
ABarpaap,76,253,171,5.1,46,-3606
ABarpaap,77,251,173,5.1,48,-3605
ABarpaap,78,253,174,5.1,48,-2907
ABarpaap,79,252,177,5.0,44,-3171
ABarpaap,80,257,177,5.0,46,-2859
ABarpaap,81,255,185,4.5,48,-1078
ABarpaap,82,263,192,4.3,48,-1847
ABarpaap,83,268,200,4.4,46,-1013
ABarpaap,84,273,209,5.0,46,-2511
ABarpaap,85,274,221,4.9,43,-2635
ABarpaapa,86,248,225,5.2,28,-1886
ABarpaapa,87,225,233,5.1,28,-2799
ABarpaapa,88,220,233,5.9,37,-1944
ABarpaapa,89,219,239,5.1,37,-2583
ABarpaapa,90,223,241,4.9,36,-1697
ABarpaapa,91,221,250,5.2,37,-2347
ABarpaapa,92,220,252,4.2,39,154
ABarpaapa,93,222,257,4.3,39,-678
ABarpaapa,94,221,253,4.3,37,-107
ABarpaapa,95,228,261,4.3,39,-727
ABarpaapa,96,232,257,4.2,36,826
ABarpaapa,97,234,264,4.3,38,-800
ABarpaapa,98,235,263,4.3,40,334
ABarpaapa,99,235,262,4.2,40,-1301
ABarpaapa,100,242,262,4.4,38,-1237
ABarpaapa,101,249,260,4.8,36,-2807
ABarpaapa,102,246,261,4.8,36,-2010
ABarpaapa,103,245,267,4.2,40,-252
ABarpaapa,104,248,270,4.2,40,375
ABarpaapa,105,250,272,4.1,38,618
ABarpaapa,106,255,276,4.1,40,1245
ABarpaapa,107,257,275,3.5,40,642
ABarpaapa,108,262,271,3.4,40,1213
ABarpaapa,109,260,269,3.4,40,1111
ABarpaapa,110,266,270,4.0,40,12
ABarpaapa,111,265,270,3.4,38,1535
ABarpaapa,112,273,267,3.5,38,2380
ABarpaapa,113,260,262,4.1,36,-1087
ABarpaapa,114,264,264,4.1,36,-887
ABarpaapa,115,278,269,4.2,33,-741
ABarpaapaa,116,250,269,5.1,29,-935
ABarpaapaa,117,247,276,5.1,24,-737
ABarpaapaa,118,249,277,5.7,33,-1854
ABarpaapaa,119,253,277,4.7,32,-2424
ABarpaapaa,120,257,283,4.1,31,97
ABarpaapaa,121,265,286,4.1,30,481
ABarpaapaa,122,263,287,3.8,30,-27
ABarpaapaa,123,262,285,3.8,30,997
ABarpaapaa,124,258,279,3.8,30,2821
ABarpaapaa,125,257,282,3.8,30,39
ABarpaapaa,126,260,283,3.9,30,356
ABarpaapaa,127,260,278,4.7,30,-458
ABarpaapaa,128,258,277,4.9,30,-702
ABarpaapaa,129,261,274,4.8,30,-673
ABarpaapaa,130,257,272,4.5,30,-1026
ABarpaapaa,131,252,269,4.1,30,1654
ABarpaapaa,132,249,269,4.1,30,244
ABarpaapaa,133,249,267,3.8,30,1437
ABarpaapaa,134,246,269,3.8,30,932
ABarpaapaa,135,245,270,3.9,30,136
ABarpaapaa,136,246,267,3.8,30,-304
ABarpaapaa,137,248,268,3.7,30,1062
ABarpaapaa,138,250,268,3.7,30,784
ABarpaapaa,139,253,267,3.8,30,968
ABarpaapaa,140,251,267,3.2,30,1170
ABarpaapaa,141,251,264,3.2,30,3057
ABarpaapaa,142,251,267,3.8,30,2481
ABarpaapaa,143,253,267,3.8,30,1017
ABarpaapaa,144,256,264,3.3,30,2264
ABarpaapaa,145,258,265,3.2,30,1683
ABarpaapaa,146,258,264,3.8,30,1366
ABarpaapaa,147,255,268,3.8,30,-827
ABarpaapaa,148,259,266,3.8,30,2738
ABarpaapaa,149,263,265,3.8,30,1984
ABarpaapaa,150,265,267,3.9,30,956
ABarpaapaa,151,268,263,3.8,30,1061
ABarpaapaa,152,263,267,3.9,30,214
ABarpaapaa,153,263,259,3.8,29,1215
ABarpaapaa,154,254,257,3.3,34,2477
ABarpaapaa,155,253,258,3.3,34,2381
ABarpaapaa,156,252,260,3.3,34,2761
ABarpaapaa,157,251,262,3.2,34,823
ABarpaapaa,158,249,264,3.2,34,2346
ABarpaapaa,159,248,254,3.2,31,2525
ABarpaapaa,160,251,249,3.9,30,1625
ABarpaapap,116,298,273,4.3,31,-2072
ABarpaapap,117,298,283,4.0,30,-1449
ABarpaapap,118,299,287,4.1,33,-823
ABarpaapap,119,308,298,3.9,32,-1506
ABarpaapap,120,305,303,3.3,35,2803
ABarpaapap,121,315,306,3.4,34,680
ABarpaapap,122,315,302,3.4,34,937
ABarpaapap,123,315,307,3.4,34,2703
ABarpaapap,124,311,309,3.4,34,2617
ABarpaapap,125,311,305,3.2,34,2836
ABarpaapap,126,306,310,3.2,34,1981
ABarpaapap,127,298,310,3.3,34,2403
ABarpaapap,128,296,310,3.2,32,345
ABarpaapap,129,299,299,3.2,34,975
ABarpaapap,130,298,303,3.4,34,2960
ABarpaapap,131,299,292,3.4,34,1979
ABarpaapap,132,295,293,3.8,30,1609
ABarpaapap,133,297,294,3.3,34,-300
ABarpaapap,134,290,293,3.4,34,1979
ABarpaapap,135,290,295,3.4,34,-799
ABarpaapap,136,291,295,3.4,34,622
ABarpaapap,137,291,296,3.3,34,1211
ABarpaapap,138,293,295,3.4,34,1749
ABarpaapap,139,299,294,3.4,34,1882
ABarpaapap,140,299,297,3.4,34,1162
ABarpaapap,141,299,292,3.2,32,3117
ABarpaapap,142,298,291,3.2,34,134
ABarpaapap,143,304,294,3.3,34,1483
ABarpaapap,144,307,296,3.3,34,2127
ABarpaapap,145,307,295,3.3,34,-334
ABarpaapap,146,309,298,3.4,32,-481
ABarpaapap,147,311,308,3.3,34,1812
ABarpaapap,148,311,303,3.4,34,2218
ABarpaapap,149,309,301,3.4,34,2054
ABarpaapap,150,310,294,3.3,32,1193
ABarpaapap,151,309,293,3.4,32,2168
ABarpaapap,152,306,293,3.4,34,273
ABarpaapap,153,303,291,3.3,31,1088
ABarpaapap,154,301,283,3.2,34,1976
ABarpaapap,155,302,283,3.3,31,1667
ABarpaapap,156,300,282,3.3,34,2125
ABarpaapap,157,296,283,3.4,31,329
ABarpaapap,158,293,290,3.4,34,2821
ABarpaapap,159,291,281,3.5,31,3967
ABarpaapap,160,293,278,3.3,34,1549
ABarpaapp,86,285,241,5.2,28,-3364
ABarpaapp,87,287,251,5.1,30,-2422
ABarpaapp,88,290,249,5.0,37,-2148
ABarpaapp,89,295,249,5.0,37,-1397
ABarpaapp,90,289,242,5.1,38,-2887
ABarpaapp,91,288,240,5.1,39,-1620
ABarpaapp,92,291,242,4.4,39,-1269
ABarpaapp,93,294,245,4.3,39,212
ABarpaapp,94,295,243,4.2,39,-1005
ABarpaapp,95,299,241,4.1,35,-2516
ABarpaapp,96,300,241,4.1,36,-336
ABarpaapp,97,304,243,4.1,38,-1069
ABarpaapp,98,310,249,4.2,38,-1182
ABarpaapp,99,313,249,4.0,38,-577
ABarpaapp,100,310,252,4.0,40,1093
ABarpaapp,101,315,247,4.0,38,-107
ABarpaapp,102,312,248,4.0,40,-61
ABarpaapp,103,312,253,4.0,40,-279
ABarpaapp,104,313,255,3.3,40,2384
ABarpaapp,105,315,252,4.0,40,65
ABarpaapp,106,315,256,3.4,40,307
ABarpaapp,107,318,252,3.3,40,1789
ABarpaapp,108,322,242,3.4,40,1546
ABarpaapp,109,327,238,3.3,40,897
ABarpaapp,110,339,245,3.4,40,42
ABarpaapp,111,347,241,3.4,40,952
ABarpaapp,112,348,241,4.1,38,127
ABarpaapp,113,349,243,4.2,38,-1638
ABarpaapp,114,346,253,4.9,36,-2148
ABarpaapp,115,347,254,4.9,35,-3007
ABarpaappa,116,322,235,4.3,31,-298
ABarpaappa,117,322,241,4.3,32,-2263
ABarpaappa,118,325,240,4.1,33,-445
ABarpaappa,119,324,249,4.2,32,-235
ABarpaappa,120,334,262,4.1,33,-1116
ABarpaappa,121,343,272,4.1,34,-313
ABarpaappa,122,347,275,4.1,34,-753
ABarpaappa,123,341,265,4.1,32,-223
ABarpaappa,124,339,269,4.1,34,-772
ABarpaappa,125,336,268,4.0,34,929
ABarpaappa,126,341,268,3.4,34,1567
ABarpaappa,127,338,252,3.3,34,2520
ABarpaappa,128,338,251,4.1,34,1228
ABarpaappa,129,341,248,3.3,34,1419
ABarpaappa,130,334,250,3.4,34,946
ABarpaappa,131,334,245,3.4,34,1009
ABarpaappa,132,336,248,3.3,34,2219
ABarpaappa,133,337,247,3.3,34,3902
ABarpaappa,134,331,252,3.8,30,21
ABarpaappa,135,332,251,3.3,34,1009
ABarpaappa,136,329,252,3.3,34,855
ABarpaappa,137,330,260,3.3,34,2405
ABarpaappa,138,326,253,3.4,32,824
ABarpaappa,139,330,253,3.2,34,1083
ABarpaappa,140,332,260,3.2,34,1217
ABarpaappa,141,334,266,3.2,34,1525
ABarpaappa,142,334,267,3.3,34,252
ABarpaappa,143,339,268,3.3,34,2269
ABarpaappa,144,338,263,3.8,30,1450
ABarpaappa,145,340,272,3.4,34,2566
ABarpaappa,146,339,272,3.3,34,2902
ABarpaappa,147,339,271,3.3,34,1506
ABarpaappa,148,339,271,3.3,34,446
ABarpaappa,149,339,278,3.4,34,2983
ABarpaappa,150,337,278,4.0,34,220
ABarpaappa,151,335,277,4.2,32,-368
ABarpaappa,152,337,281,4.1,32,11
ABarpaappa,153,335,283,3.4,31,1759
ABarpaappa,154,333,284,3.5,32,2940
ABarpaappa,155,331,279,3.4,31,73
ABarpaappa,156,331,277,3.4,32,2607
ABarpaappa,157,327,273,3.4,31,1658
ABarpaappa,158,324,283,3.9,30,993
ABarpaappa,159,324,288,4.0,31,1343
ABarpaappa,160,323,285,3.8,30,876
ABarpaappp,116,373,263,4.1,31,-1556
ABarpaappp,117,377,263,4.3,32,-1380
ABarpaappp,118,387,269,4.1,33,531
ABarpaappp,119,382,273,4.2,32,-283
ABarpaappp,120,392,278,3.4,35,2691
ABarpaappp,121,396,284,3.4,32,2207
ABarpaappp,122,396,291,3.4,32,4269
ABarpaappp,123,384,278,4.0,34,1936
ABarpaappp,124,379,263,4.1,32,-561
ABarpaappp,125,376,265,4.1,34,1367
ABarpaappp,126,380,266,4.2,34,160
ABarpaappp,127,376,260,3.3,34,2776
ABarpaappp,128,373,263,3.3,34,1579
ABarpaappp,129,381,263,3.3,32,3341
ABarpaappp,130,379,268,3.3,32,2284
ABarpaappp,131,373,264,3.3,34,698
ABarpaappp,132,371,269,3.3,34,1814
ABarpaappp,133,372,273,3.3,34,1654
ABarpaappp,134,369,279,3.3,32,2341
ABarpaappp,135,370,274,3.3,34,1695
ABarpaappp,136,372,272,3.3,34,300
ABarpaappp,137,374,272,3.3,34,2347
ABarpaappp,138,372,268,3.2,34,1798
ABarpaappp,139,377,271,3.2,34,1424
ABarpaappp,140,377,276,3.1,32,2287
ABarpaappp,141,378,284,3.2,34,2191
ABarpaappp,142,375,289,3.3,34,3432
ABarpaappp,143,379,292,3.3,34,-359
ABarpaappp,144,380,293,3.2,34,46
ABarpaappp,145,379,298,3.2,34,1921
ABarpaappp,146,380,298,3.1,34,489
ABarpaappp,147,377,297,3.2,34,738
ABarpaappp,148,380,292,3.3,34,2222
ABarpaappp,149,376,291,3.3,34,920
ABarpaappp,150,375,289,3.3,34,1931
ABarpaappp,151,373,287,3.3,34,1604
ABarpaappp,152,369,287,3.3,34,1494
ABarpaappp,153,369,284,3.3,31,2697
ABarpaappp,154,368,286,3.3,32,1597
ABarpaappp,155,366,290,3.3,31,2113
ABarpaappp,156,361,299,3.4,34,2089
ABarpaappp,157,355,296,3.5,31,1882
ABarpaappp,158,356,296,3.4,32,2113
ABarpaappp,159,356,291,3.3,31,1249
ABarpaappp,160,356,292,3.5,32,464
ABarpap,47,279,179,12.7,60,-1110
ABarpap,48,277,195,12.9,55,-141
ABarpap,49,277,203,12.0,53,-782
ABarpap,50,290,216,12.2,55,-721
ABarpap,51,289,205,13.1,53,-974
ABarpap,52,284,200,12.9,53,-1244
ABarpap,53,284,199,13.0,53,-829
ABarpap,54,282,197,13.1,53,-702
ABarpap,55,280,199,13.0,53,-1092
ABarpap,56,276,202,13.0,52,-639
ABarpap,57,280,205,13.1,55,-1275
ABarpap,58,276,201,13.8,52,-1526
ABarpap,59,273,200,13.1,55,-870
ABarpap,60,277,198,12.3,54,-805
ABarpap,61,282,196,13.1,55,-1144
ABarpap,62,290,193,13.3,53,-1001
ABarpap,63,293,192,13.8,50,-1235
ABarpap,64,287,186,13.0,41,-1028
ABarpapa,65,258,185,13.1,35,-969
ABarpapa,66,260,179,14.0,38,-1178
ABarpapa,67,256,175,14.2,43,-1070
ABarpapa,68,245,173,14.2,45,-583
ABarpapa,69,245,171,13.9,43,-1047
ABarpapa,70,241,168,13.0,44,-1277
ABarpapa,71,248,168,12.0,44,-399
ABarpapa,72,248,167,12.0,44,-950
ABarpapa,73,241,162,11.9,44,-1528
ABarpapa,74,248,164,11.0,44,-1602
ABarpapa,75,250,160,10.9,44,-1416
ABarpapa,76,250,164,10.1,44,-1066
ABarpapa,77,257,162,9.3,46,-829
ABarpapa,78,258,155,9.9,44,-960
ABarpapa,79,251,154,9.0,44,-730
ABarpapa,80,253,153,8.2,46,-1194
ABarpapa,81,250,157,8.1,46,-437
ABarpapa,82,252,150,7.9,44,-1983
ABarpapa,83,252,149,7.9,44,-1694
ABarpapa,84,255,145,6.9,44,-1578
ABarpapa,85,261,149,6.0,43,-2820
ABarpapa,86,257,159,6.0,28,-823
ABarpapaa,87,217,162,5.3,28,-2153
ABarpapaa,88,190,173,5.0,33,-1770
ABarpapaa,89,187,181,4.1,37,-877
ABarpapaa,90,184,182,4.0,36,-739
ABarpapaa,91,179,192,3.4,37,633
ABarpapaa,92,173,187,3.4,37,956
ABarpapaa,93,172,189,3.9,35,-56
ABarpapaa,94,170,190,3.5,37,-667
ABarpapaa,95,174,195,4.1,37,-944
ABarpapaa,96,174,191,4.1,38,-365
ABarpapaa,97,184,193,3.4,38,765
ABarpapaa,98,189,191,3.9,36,1344
ABarpapaa,99,192,193,3.8,36,302
ABarpapaa,100,192,202,3.3,38,1305
ABarpapaa,101,202,205,3.8,36,1478
ABarpapaa,102,194,203,3.8,36,21
ABarpapaa,103,202,212,3.4,38,1324
ABarpapaa,104,201,220,3.9,36,-290
ABarpapaa,105,201,224,3.4,38,462
ABarpapaa,106,203,226,4.0,36,-264
ABarpapaa,107,205,225,3.9,36,20
ABarpapaa,108,206,224,4.0,36,-313
ABarpapaa,109,209,215,4.1,36,1139
ABarpapaa,110,214,216,4.0,36,869
ABarpapaa,111,220,217,3.5,38,1416
ABarpapaa,112,226,218,3.4,38,1536
ABarpapaa,113,225,210,3.9,36,-1768
ABarpapaa,114,224,221,3.4,38,2375
ABarpapaa,115,232,220,3.3,39,2177
ABarpapaa,116,227,218,3.3,39,1409
ABarpapaa,117,222,230,4.1,36,109
ABarpapaa,118,220,224,4.1,35,-91
ABarpapaa,119,222,223,4.9,32,-1681
ABarpapaa,120,223,226,4.1,29,-142
ABarpapaaa,121,186,229,4.1,28,-1019
ABarpapaaa,122,189,230,3.9,24,-692
ABarpapaaa,123,186,234,3.8,30,24
ABarpapaaa,124,183,234,3.7,30,17
ABarpapaaa,125,184,244,3.7,30,759
ABarpapaaa,126,176,253,3.9,30,920
ABarpapaaa,127,181,248,3.9,30,-281
ABarpapaaa,128,173,251,3.2,30,2798
ABarpapaaa,129,161,249,3.2,30,887
ABarpapaaa,130,158,246,3.3,32,-373
ABarpapaaa,131,157,240,3.8,30,-110
ABarpapaaa,132,163,234,3.3,32,2572
ABarpapaaa,133,169,236,3.8,30,3333
ABarpapaaa,134,168,233,3.8,30,827
ABarpapaaa,135,174,230,3.8,30,527
ABarpapaaa,136,175,229,3.8,30,-390
ABarpapaaa,137,174,223,3.7,30,2835
ABarpapaaa,138,173,222,3.7,30,3262
ABarpapaaa,139,175,221,3.1,30,928
ABarpapaaa,140,169,220,3.3,32,795
ABarpapaaa,141,170,221,3.2,34,2310
ABarpapaaa,142,175,216,3.3,34,2062
ABarpapaaa,143,173,222,3.1,30,3602
ABarpapaaa,144,167,223,3.2,34,354
ABarpapaaa,145,174,217,3.2,30,670
ABarpapaaa,146,175,220,3.4,32,492
ABarpapaaa,147,175,220,3.4,32,2252
ABarpapaaa,148,175,209,3.1,30,634
ABarpapaaa,149,177,206,3.1,34,647
ABarpapaaa,150,179,205,3.2,34,1472
ABarpapaaa,151,176,205,3.3,32,1679
ABarpapaaa,152,176,204,3.2,30,175
ABarpapaaa,153,172,205,3.3,31,1590
ABarpapaaa,154,164,202,3.2,34,1342
ABarpapaaa,155,165,206,3.2,31,807
ABarpapaaa,156,166,207,3.2,32,1715
ABarpapaaa,157,162,211,3.4,31,515
ABarpapaaa,158,164,206,3.3,31,1062
ABarpapaaa,159,167,201,3.2,31,767
ABarpapaaa,160,168,201,3.3,34,1339
ABarpapaap,121,237,229,4.3,30,-1526
ABarpapaap,122,240,227,3.4,28,414
ABarpapaap,123,238,228,4.1,30,445
ABarpapaap,124,236,221,4.0,30,-267
ABarpapaap,125,228,222,4.0,30,907
ABarpapaap,126,226,226,4.0,32,284
ABarpapaap,127,226,223,4.1,30,1284
ABarpapaap,128,224,225,3.9,30,-524
ABarpapaap,129,217,225,3.8,30,1013
ABarpapaap,130,216,221,4.0,30,1450
ABarpapaap,131,211,216,3.9,30,591
ABarpapaap,132,209,215,4.0,30,51
ABarpapaap,133,212,213,3.6,34,1342
ABarpapaap,134,207,214,3.4,32,1229
ABarpapaap,135,208,214,4.1,30,42
ABarpapaap,136,206,218,4.1,34,659
ABarpapaap,137,207,209,4.3,34,34
ABarpapaap,138,210,209,3.5,34,4338
ABarpapaap,139,206,205,4.1,34,-288
ABarpapaap,140,202,206,4.3,34,254
ABarpapaap,141,201,202,4.3,30,-766
ABarpapaap,142,204,196,4.0,30,1372
ABarpapaap,143,207,200,3.6,32,427
ABarpapaap,144,200,199,4.2,34,1449
ABarpapaap,145,203,197,4.2,34,1073
ABarpapaap,146,204,200,4.2,34,-9
ABarpapaap,147,204,204,4.3,34,1494
ABarpapaap,148,206,203,4.3,34,-75
ABarpapaap,149,208,201,4.1,34,1586
ABarpapaap,150,210,201,4.2,32,1098
ABarpapaap,151,208,199,4.1,32,961
ABarpapaap,152,208,200,5.0,34,-1422
ABarpapaap,153,202,200,5.0,31,-664
ABarpapaap,154,198,196,4.4,34,1597
ABarpapaap,155,194,198,5.1,31,-895
ABarpapaap,156,180,205,5.1,26,-726
ABarpapaap,157,190,195,6.0,29,-1685
ABarpapaap,158,202,198,5.0,30,-916
ABarpapaap,159,212,195,5.0,29,-1356
ABarpapaap,160,216,190,4.2,26,1264
ABarpapap,87,260,169,6.2,28,380
ABarpapap,88,243,173,6.2,33,-1165
ABarpapap,89,232,170,6.8,37,-2384
ABarpapap,90,229,172,6.2,36,-1918
ABarpapap,91,219,171,4.4,39,-487
ABarpapap,92,220,176,4.2,39,-622
ABarpapap,93,220,178,4.2,39,-1504
ABarpapap,94,222,170,4.2,37,-468
ABarpapap,95,224,181,3.4,39,-1005
ABarpapap,96,226,182,3.9,36,-179
ABarpapap,97,231,190,3.9,36,680
ABarpapap,98,237,187,3.9,36,1672
ABarpapap,99,239,192,3.9,36,316
ABarpapap,100,241,198,4.0,36,136
ABarpapap,101,243,204,4.0,36,-480
ABarpapap,102,245,210,4.1,36,-1291
ABarpapap,103,248,216,4.1,36,-143
ABarpapap,104,245,220,4.2,36,-488
ABarpapap,105,246,220,4.1,38,522
ABarpapap,106,248,220,4.0,36,-497
ABarpapap,107,252,218,4.1,40,836
ABarpapap,108,255,217,4.1,40,-464
ABarpapap,109,256,214,4.2,38,142
ABarpapap,110,261,214,4.1,38,-143
ABarpapap,111,263,210,3.5,38,800
ABarpapap,112,274,210,4.1,38,933
ABarpapap,113,274,213,4.0,40,1014
ABarpapap,114,275,215,4.1,40,1059
ABarpapap,115,283,215,4.3,37,-919
ABarpapap,116,276,219,4.3,37,-536
ABarpapap,117,270,227,4.3,36,-961
ABarpapap,118,271,234,5.0,33,-2526
ABarpapapa,119,262,241,5.1,32,-1293
ABarpapapa,120,252,245,5.3,29,-3979
ABarpapapa,121,258,251,5.1,28,-1159
ABarpapapa,122,263,252,5.0,30,-2907
ABarpapapa,123,259,252,4.8,30,-1005
ABarpapapa,124,261,244,3.6,32,2563
ABarpapapa,125,256,243,4.1,32,2399
ABarpapapa,126,256,246,3.9,30,-278
ABarpapapa,127,256,239,4.0,30,-205
ABarpapapa,128,254,243,3.4,32,3756
ABarpapapa,129,248,240,3.3,32,1661
ABarpapapa,130,246,237,3.5,32,1969
ABarpapapa,131,245,233,4.1,32,-556
ABarpapapa,132,242,232,3.9,30,448
ABarpapapa,133,248,229,4.0,30,321
ABarpapapa,134,242,227,4.0,30,1012
ABarpapapa,135,241,226,4.1,30,-620
ABarpapapa,136,239,225,4.2,34,739
ABarpapapa,137,242,220,4.1,30,289
ABarpapapa,138,244,220,4.0,30,-143
ABarpapapa,139,243,218,3.5,32,2587
ABarpapapa,140,241,217,3.9,30,743
ABarpapapa,141,242,215,4.0,30,836
ABarpapapa,142,241,213,4.0,32,-1445
ABarpapapa,143,244,216,3.4,34,1911
ABarpapapa,144,240,218,3.2,32,1139
ABarpapapa,145,240,222,3.3,34,538
ABarpapapa,146,247,223,3.8,30,621
ABarpapapa,147,243,222,3.8,30,302
ABarpapapa,148,242,226,3.9,30,-523
ABarpapapa,149,245,225,3.3,34,119
ABarpapapa,150,249,227,3.3,34,1452
ABarpapapa,151,247,223,3.3,34,2214
ABarpapapa,152,247,227,3.1,32,885
ABarpapapa,153,249,219,3.5,31,3310
ABarpapapa,154,239,216,3.5,32,1243
ABarpapapa,155,237,223,3.5,31,1569
ABarpapapa,156,233,228,3.4,32,1886
ABarpapapa,157,231,229,3.3,31,90
ABarpapapa,158,224,234,3.3,32,1608
ABarpapapa,159,215,239,3.3,31,3366
ABarpapapa,160,218,241,3.2,32,1902
ABarpapapp,119,286,242,4.9,24,-1531
ABarpapapp,120,306,241,4.1,29,2726
ABarpapapp,121,311,242,4.1,28,-2451
ABarpapapp,122,311,238,4.2,30,-99
ABarpapapp,123,309,234,3.4,32,969
ABarpapapp,124,311,239,3.4,32,2009
ABarpapapp,125,306,236,3.3,34,436
ABarpapapp,126,305,244,3.3,32,1767
ABarpapapp,127,302,241,3.7,30,2190
ABarpapapp,128,304,244,3.2,32,3265
ABarpapapp,129,305,238,4.0,30,-697
ABarpapapp,130,302,236,4.2,32,-738
ABarpapapp,131,298,231,3.6,32,239
ABarpapapp,132,296,229,3.4,34,1038
ABarpapapp,133,299,226,3.8,30,-118
ABarpapapp,134,296,225,3.3,32,2104
ABarpapapp,135,294,227,3.4,34,2176
ABarpapapp,136,289,219,3.8,30,-610
ABarpapapp,137,291,221,3.3,32,2442
ABarpapapp,138,291,214,3.8,30,374
ABarpapapp,139,295,209,3.5,32,1726
ABarpapapp,140,294,208,3.4,32,603
ABarpapapp,141,297,206,3.8,30,332
ABarpapapp,142,299,203,3.4,34,2733
ABarpapapp,143,297,206,3.4,34,2760
ABarpapapp,144,292,208,3.8,30,196
ABarpapapp,145,298,209,3.4,34,1553
ABarpapapp,146,301,213,3.3,32,2843
ABarpapapp,147,293,215,3.9,30,935
ABarpapapp,148,293,219,3.3,34,1867
ABarpapapp,149,292,214,3.4,32,445
ABarpapapp,150,296,217,3.4,32,2071
ABarpapapp,151,294,214,3.3,32,727
ABarpapapp,152,296,219,3.8,30,626
ABarpapapp,153,292,213,3.3,31,2505
ABarpapapp,154,284,214,3.8,30,396
ABarpapapp,155,277,221,3.4,31,549
ABarpapapp,156,276,227,3.8,30,2566
ABarpapapp,157,274,230,3.3,31,1593
ABarpapapp,158,273,225,3.7,30,1257
ABarpapapp,159,277,228,3.3,31,-767
ABarpapapp,160,281,223,3.3,32,1311
ABarpapp,65,308,208,13.2,33,-449
ABarpapp,66,319,213,13.1,40,-185
ABarpapp,67,320,213,12.0,41,-1099
ABarpapp,68,329,217,13.0,45,-36
ABarpapp,69,325,205,13.0,43,-1511
ABarpapp,70,329,191,12.0,44,-1651
ABarpapp,71,334,187,12.1,44,-662
ABarpapp,72,338,181,12.9,44,-1654
ABarpapp,73,331,183,13.1,44,284
ABarpapp,74,337,185,13.0,44,-1148
ABarpapp,75,331,187,12.1,46,-781
ABarpapp,76,328,182,11.1,46,-645
ABarpapp,77,323,182,11.0,44,-1655
ABarpapp,78,324,173,10.0,44,-1149
ABarpapp,79,315,172,9.9,44,-763
ABarpapp,80,323,172,8.1,46,-1346
ABarpapp,81,326,175,7.1,44,-1905
ABarpapp,82,333,170,7.0,44,-2328
ABarpapp,83,334,170,6.0,44,-2663
ABarpapp,84,340,174,5.3,46,-3055
ABarpapp,85,341,178,4.4,45,-1000
ABarpapp,86,331,179,4.9,42,-2087
ABarpapp,87,308,194,6.0,30,-1599
ABarpappa,88,269,189,5.0,29,-1950
ABarpappa,89,261,196,5.1,33,-2185
ABarpappa,90,259,192,5.1,36,-2241
ABarpappa,91,252,195,5.0,35,-1074
ABarpappa,92,256,194,4.2,35,-361
ABarpappa,93,258,189,4.2,37,-1167
ABarpappa,94,260,185,4.0,35,-1361
ABarpappa,95,266,181,4.2,35,-335
ABarpappa,96,264,173,4.1,36,-1276
ABarpappa,97,266,169,4.1,36,-1102
ABarpappa,98,265,168,4.7,36,-2491
ABarpappa,99,266,162,4.2,36,311
ABarpappa,100,270,169,4.1,36,-1521
ABarpappa,101,277,173,4.2,36,-10
ABarpappa,102,274,178,4.9,36,-1891
ABarpappa,103,279,180,4.1,36,-65
ABarpappa,104,279,190,4.0,36,-203
ABarpappa,105,279,191,4.0,36,-401
ABarpappa,106,283,195,4.1,36,415
ABarpappa,107,277,188,4.1,36,-556
ABarpappa,108,276,182,4.0,36,-835
ABarpappa,109,280,174,4.0,36,-560
ABarpappa,110,288,177,3.9,36,1387
ABarpappa,111,291,173,4.0,36,327
ABarpappa,112,296,175,4.1,36,936
ABarpappa,113,296,177,3.9,36,1500
ABarpappa,114,299,183,3.8,36,233
ABarpappa,115,294,176,3.9,35,853
ABarpappa,116,287,175,4.0,35,-700
ABarpappa,117,279,181,3.9,34,-945
ABarpappa,118,284,190,3.4,37,831
ABarpappa,119,276,193,3.4,36,334
ABarpappa,120,267,202,3.3,35,313
ABarpappa,121,267,203,4.1,34,584
ABarpappa,122,270,202,4.1,30,-611
ABarpappa,123,271,198,4.2,30,-561
ABarpappaa,124,254,196,3.8,30,84
ABarpappaa,125,247,197,3.7,30,827
ABarpappaa,126,248,206,3.1,30,1261
ABarpappaa,127,250,199,3.1,30,6
ABarpappaa,128,252,201,3.0,30,2077
ABarpappaa,129,250,202,3.1,30,1929
ABarpappaa,130,249,201,3.3,30,2001
ABarpappaa,131,247,199,3.7,30,-457
ABarpappaa,132,250,196,3.9,30,-467
ABarpappaa,133,251,195,3.5,28,1661
ABarpappaa,134,249,196,3.7,30,107
ABarpappaa,135,249,196,3.6,30,1891
ABarpappaa,136,245,191,3.2,30,1209
ABarpappaa,137,250,188,3.1,28,2804
ABarpappaa,138,253,187,3.7,30,-1319
ABarpappaa,139,248,187,3.1,30,-451
ABarpappaa,140,248,187,3.1,30,1665
ABarpappaa,141,249,187,3.1,30,1508
ABarpappaa,142,249,184,3.1,30,2130
ABarpappaa,143,247,182,3.2,30,-596
ABarpappaa,144,244,183,3.2,30,-79
ABarpappaa,145,243,183,3.2,30,-386
ABarpappaa,146,244,184,3.2,28,-668
ABarpappaa,147,239,185,3.3,30,-780
ABarpappaa,148,239,188,3.8,30,-734
ABarpappaa,149,235,181,3.1,30,-1409
ABarpappaa,150,237,183,3.7,30,120
ABarpappaa,151,237,181,3.9,30,-491
ABarpappaa,152,242,181,3.7,30,-1012
ABarpappaa,153,235,180,3.9,29,-1901
ABarpappaa,154,230,176,3.5,28,-649
ABarpappaa,155,230,177,3.8,29,-2087
ABarpappaa,156,226,182,3.9,30,837
ABarpappaa,157,228,175,3.1,31,1060
ABarpappaa,158,229,169,3.1,30,2310
ABarpappaa,159,227,165,3.1,29,1203
ABarpappaa,160,227,163,3.1,30,5237
ABarpappap,124,297,197,3.4,28,725
ABarpappap,125,292,185,3.9,30,1635
ABarpappap,126,290,194,4.0,30,2869
ABarpappap,127,293,188,4.0,30,-71
ABarpappap,128,292,191,3.4,34,2669
ABarpappap,129,288,188,4.0,32,587
ABarpappap,130,288,187,3.4,34,537
ABarpappap,131,280,184,3.4,32,2847
ABarpappap,132,283,182,3.4,34,1144
ABarpappap,133,279,179,3.4,34,1060
ABarpappap,134,279,175,3.4,34,442
ABarpappap,135,280,178,3.5,32,2367
ABarpappap,136,276,172,4.0,34,-1229
ABarpappap,137,281,175,4.1,34,-788
ABarpappap,138,280,172,4.2,32,-388
ABarpappap,139,274,171,4.4,32,-2335
ABarpappap,140,280,173,4.3,34,-1424
ABarpappap,141,278,173,4.2,32,-2320
ABarpappap,142,281,169,3.6,34,621
ABarpappap,143,282,166,4.1,34,-363
ABarpappap,144,275,163,3.6,34,-599
ABarpappap,145,281,175,4.1,32,940
ABarpappap,146,279,172,3.4,32,3139
ABarpappap,147,274,167,3.4,34,504
ABarpappap,148,273,168,3.4,32,2435
ABarpappap,149,275,167,4.1,34,-209
ABarpappap,150,269,165,4.0,30,-26
ABarpappap,151,266,158,4.1,34,-915
ABarpappap,152,268,155,4.1,32,-299
ABarpappap,153,264,154,4.1,29,-2430
ABarpappap,154,262,146,4.2,30,-1218
ABarpappap,155,262,152,4.1,31,-877
ABarpappap,156,258,160,3.9,30,-1801
ABarpappap,157,255,153,4.1,31,-969
ABarpappap,158,257,150,4.1,32,-875
ABarpappap,159,255,152,3.5,31,3301
ABarpappap,160,257,146,4.0,32,3586
ABarpappp,88,321,189,4.1,29,1064
ABarpappp,89,319,187,4.4,35,-1239
ABarpappp,90,321,193,5.0,36,-2112
ABarpappp,91,320,189,4.3,39,-83
ABarpappp,92,314,185,4.2,39,-582
ABarpappp,93,309,180,4.2,39,102
ABarpappp,94,315,175,4.2,35,19
ABarpappp,95,317,177,4.2,37,267
ABarpappp,96,314,176,4.9,36,-3739
ABarpappp,97,316,175,4.8,36,-1487
ABarpappp,98,314,176,4.3,38,-1288
ABarpappp,99,307,174,4.3,38,-667
ABarpappp,100,311,173,4.8,36,-3461
ABarpappp,101,320,173,4.9,36,-1684
ABarpappp,102,321,172,4.2,40,-325
ABarpappp,103,322,175,4.9,36,-1483
ABarpappp,104,321,176,4.3,38,1384
ABarpappp,105,318,173,4.4,38,-1094
ABarpappp,106,323,176,4.3,38,-311
ABarpappp,107,322,174,4.3,38,-52
ABarpappp,108,323,164,4.3,38,-1504
ABarpappp,109,326,162,4.4,38,-1914
ABarpappp,110,330,155,4.4,40,-2369
ABarpappp,111,331,157,4.4,38,-1325
ABarpappp,112,334,160,4.4,38,-1105
ABarpappp,113,333,166,4.3,38,-142
ABarpappp,114,332,171,4.9,36,-1756
ABarpappp,115,334,178,4.3,39,-191
ABarpappp,116,331,173,4.3,39,-774
ABarpappp,117,324,178,4.4,38,425
ABarpappp,118,325,183,5.0,31,-1484
ABarpapppa,119,301,181,5.8,32,-1959
ABarpapppa,120,289,179,6.1,31,-1190
ABarpapppa,121,290,185,6.8,30,-1030
ABarpapppa,122,295,178,5.4,32,-1477
ABarpapppa,123,292,167,6.0,30,-744
ABarpapppa,124,292,160,5.2,32,-2555
ABarpapppa,125,286,153,5.1,32,-3325
ABarpapppa,126,288,160,4.9,30,-1705
ABarpapppa,127,293,153,4.3,32,435
ABarpapppa,128,298,154,4.1,32,-2746
ABarpapppa,129,293,149,3.9,30,1109
ABarpapppa,130,295,145,5.1,34,920
ABarpapppa,131,288,139,5.2,34,3299
ABarpapppa,132,296,149,4.0,30,-693
ABarpapppa,133,301,154,3.5,32,1662
ABarpapppa,134,299,149,4.0,32,1452
ABarpapppa,135,298,149,3.5,32,3007
ABarpapppa,136,299,150,4.1,32,472
ABarpapppa,137,300,150,4.3,32,-1503
ABarpapppa,138,298,145,4.2,32,61
ABarpapppa,139,296,145,3.5,32,2715
ABarpapppa,140,302,144,4.1,30,-577
ABarpapppa,141,303,144,4.2,30,-1847
ABarpapppa,142,307,142,4.1,30,849
ABarpapppa,143,308,140,4.0,30,1630
ABarpapppa,144,303,143,4.2,32,-842
ABarpapppa,145,308,151,4.1,30,-1449
ABarpapppa,146,311,152,4.1,32,-265
ABarpapppa,147,311,147,4.2,30,-531
ABarpapppa,148,307,150,4.2,30,140
ABarpapppa,149,306,144,4.2,30,-1142
ABarpapppa,150,305,153,4.1,30,-693
ABarpapppa,151,301,149,4.3,32,839
ABarpapppa,152,303,146,4.3,30,491
ABarpapppa,153,298,143,4.2,31,1658
ABarpapppa,154,291,145,4.2,30,-712
ABarpapppa,155,292,145,4.3,31,-1802
ABarpapppa,156,293,146,4.2,30,1356
ABarpapppa,157,286,156,4.2,31,36
ABarpapppa,158,284,159,4.2,30,640
ABarpapppa,159,287,151,4.3,31,632
ABarpapppa,160,288,145,4.1,30,2050
ABarpapppp,119,340,181,5.2,28,-1996
ABarpapppp,120,340,179,4.9,31,-1963
ABarpapppp,121,348,177,5.8,30,-771
ABarpapppp,122,345,169,5.3,34,-911
ABarpapppp,123,340,171,5.2,34,-1763
ABarpapppp,124,340,168,5.3,34,-661
ABarpapppp,125,333,168,5.2,34,-492
ABarpapppp,126,330,181,5.3,34,-1506
ABarpapppp,127,330,175,5.2,34,-724
ABarpapppp,128,331,181,5.2,34,407
ABarpapppp,129,327,175,5.0,34,465
ABarpapppp,130,333,172,5.2,34,1033
ABarpapppp,131,330,165,4.3,34,700
ABarpapppp,132,330,164,5.0,34,-738
ABarpapppp,133,333,159,5.0,34,-347
ABarpapppp,134,329,156,5.1,32,-323
ABarpapppp,135,328,158,5.1,34,-297
ABarpapppp,136,328,156,5.1,34,545
ABarpapppp,137,331,159,4.3,34,-542
ABarpapppp,138,330,151,4.3,34,101
ABarpapppp,139,328,151,4.2,34,-809
ABarpapppp,140,334,152,4.3,34,909
ABarpapppp,141,332,157,4.1,34,316
ABarpapppp,142,340,157,4.1,34,1229
ABarpapppp,143,337,163,4.1,34,1981
ABarpapppp,144,332,162,4.2,34,1616
ABarpapppp,145,336,166,4.1,34,660
ABarpapppp,146,333,171,4.1,34,1815
ABarpapppp,147,325,178,4.0,34,2793
ABarpapppp,148,326,174,4.1,34,2274
ABarpapppp,149,323,173,4.1,34,2735
ABarpapppp,150,322,176,4.1,32,253
ABarpapppp,151,316,171,4.1,34,4060
ABarpapppp,152,316,173,4.1,34,1909
ABarpapppp,153,313,166,4.2,31,1360
ABarpapppp,154,306,169,4.2,34,1391
ABarpapppp,155,307,176,4.2,31,3555
ABarpapppp,156,303,178,4.0,30,481
ABarpapppp,157,296,184,4.1,31,3130
ABarpapppp,158,295,181,4.0,26,3007
ABarpapppp,159,300,176,4.0,31,3054
ABarpapppp,160,297,174,3.3,26,3010
ABarpp,31,372,158,8.2,50,-1610
ABarpp,32,383,176,8.9,56,-1088
ABarpp,33,389,176,9.0,56,-1775
ABarpp,34,392,178,8.9,56,-1956
ABarpp,35,386,175,8.0,60,-2170
ABarpp,36,389,170,6.4,60,-4060
ABarpp,37,393,163,7.2,64,-3656
ABarpp,38,384,156,7.1,63,-3740
ABarpp,39,382,156,7.2,65,-3644
ABarpp,40,373,154,8.0,63,-2950
ABarpp,41,374,152,7.2,65,-3252
ABarpp,42,367,144,8.2,64,-2614
ABarpp,43,368,151,8.8,60,-1898
ABarpp,44,368,160,8.0,65,-2408
ABarpp,45,380,175,8.0,62,-2552
ABarpp,46,383,177,8.1,63,-2633
ABarpp,47,362,171,6.1,42,-2503
ABarppa,48,319,161,5.3,37,-2040
ABarppa,49,320,152,5.1,51,-2508
ABarppa,50,314,141,5.0,53,-2131
ABarppa,51,298,142,5.2,53,-2512
ABarppa,52,293,143,5.9,53,-3835
ABarppa,53,292,157,6.1,53,-3110
ABarppa,54,289,161,5.8,53,-2909
ABarppa,55,293,167,5.9,53,-3270
ABarppa,56,297,172,6.1,52,-3383
ABarppa,57,303,172,6.2,55,-3362
ABarppa,58,302,183,6.1,52,-2946
ABarppa,59,305,171,6.1,55,-2832
ABarppa,60,301,166,7.0,52,-3122
ABarppa,61,308,165,6.3,53,-3617
ABarppa,62,314,168,7.9,51,-1782
ABarppa,63,320,165,7.9,50,-1864
ABarppa,64,320,171,6.9,47,-1847
ABarppaa,65,300,148,5.1,35,-2436
ABarppaa,66,295,140,5.8,40,-3962
ABarppaa,67,299,126,5.1,39,-3607
ABarppaa,68,291,121,5.3,45,-3591
ABarppaa,69,285,125,5.3,45,-3876
ABarppaa,70,289,126,6.0,44,-4025
ABarppaa,71,292,131,5.8,44,-2816
ABarppaa,72,293,139,5.1,44,-4044
ABarppaa,73,295,136,5.1,44,-4244
ABarppaa,74,301,151,4.9,44,-3703
ABarppaa,75,306,165,4.2,44,-2136
ABarppaa,76,305,183,4.1,44,-242
ABarppaa,77,305,191,4.1,44,-286
ABarppaa,78,310,200,4.2,44,-408
ABarppaa,79,307,210,4.1,44,-499
ABarppaa,80,305,221,4.2,46,-215
ABarppaa,81,309,226,4.9,44,-2354
ABarppaa,82,314,234,5.0,44,-2830
ABarppaa,83,311,246,5.0,44,-3048
ABarppaa,84,315,258,4.8,44,-2471
ABarppaa,85,313,278,4.1,43,-910
ABarppaa,86,314,287,5.0,42,-3121
ABarppaa,87,314,297,4.2,42,614
ABarppaa,88,324,301,4.3,41,-673
ABarppaa,89,323,301,5.1,37,-3120
ABarppaa,90,328,289,5.0,32,-3382
ABarppaaa,91,302,288,3.5,31,2004
ABarppaaa,92,300,296,4.0,35,1433
ABarppaaa,93,300,290,4.1,35,501
ABarppaaa,94,305,296,4.0,37,434
ABarppaaa,95,307,296,3.6,37,750
ABarppaaa,96,310,291,3.9,36,676
ABarppaaa,97,310,295,3.9,36,1620
ABarppaaa,98,313,302,4.0,36,-251
ABarppaaa,99,316,302,4.0,36,216
ABarppaaa,100,317,309,3.9,36,477
ABarppaaa,101,321,306,4.1,36,306
ABarppaaa,102,324,305,4.0,36,1351
ABarppaaa,103,326,305,4.0,36,353
ABarppaaa,104,328,304,3.8,36,1213
ABarppaaa,105,323,306,3.9,36,-295
ABarppaaa,106,323,309,3.9,36,125
ABarppaaa,107,326,304,3.9,36,1077
ABarppaaa,108,330,298,3.3,38,1902
ABarppaaa,109,328,302,3.8,36,374
ABarppaaa,110,331,307,3.9,36,-574
ABarppaaa,111,340,307,3.3,38,1390
ABarppaaa,112,353,304,3.7,36,-316
ABarppaaa,113,351,309,3.2,36,534
ABarppaaa,114,354,320,3.8,36,-71
ABarppaaa,115,355,324,3.8,35,-455
ABarppaaa,116,350,317,3.4,37,1583
ABarppaaa,117,353,316,3.4,38,3316
ABarppaaa,118,363,312,3.5,35,987
ABarppaaa,119,369,321,3.4,36,2278
ABarppaaa,120,369,324,3.4,35,2817
ABarppaaa,121,373,339,4.0,34,-842
ABarppaaa,122,366,343,4.2,32,-926
ABarppaaa,123,358,344,4.2,34,-1381
ABarppaaa,124,357,339,4.9,30,-2656
ABarppaaa,125,357,336,4.3,28,1178
ABarppaaaa,126,338,339,4.4,28,-2390
ABarppaaaa,127,337,336,3.5,28,-298
ABarppaaaa,128,345,332,3.1,30,2612
ABarppaaaa,129,351,327,2.9,30,2341
ABarppaaaa,130,347,324,3.0,30,1642
ABarppaaaa,131,351,320,3.0,30,2081
ABarppaaaa,132,347,324,3.1,30,2441
ABarppaaaa,133,348,325,2.9,30,466
ABarppaaaa,134,349,328,3.1,30,1080
ABarppaaaa,135,354,329,3.0,30,2689
ABarppaaaa,136,351,329,3.0,30,3557
ABarppaaaa,137,348,336,2.9,30,2155
ABarppaaaa,138,348,329,2.9,30,463
ABarppaaaa,139,351,332,2.9,30,337
ABarppaaaa,140,352,341,2.9,30,3151
ABarppaaaa,141,346,341,3.0,30,759
ABarppaaaa,142,349,341,3.1,30,1752
ABarppaaaa,143,353,341,3.1,30,2498
ABarppaaaa,144,352,342,3.1,30,814
ABarppaaaa,145,353,343,3.1,30,1404
ABarppaaaa,146,358,347,3.1,30,2962
ABarppaaaa,147,352,348,3.7,30,934
ABarppaaaa,148,351,344,3.2,30,1091
ABarppaaaa,149,350,349,3.2,30,1773
ABarppaaaa,150,351,354,3.2,30,231
ABarppaaaa,151,351,352,3.2,30,1350
ABarppaaaa,152,349,351,3.1,30,2517
ABarppaaaa,153,346,346,3.0,29,1334
ABarppaaaa,154,346,348,3.0,30,2824
ABarppaaaa,155,348,349,3.1,29,1268
ABarppaaaa,156,343,353,3.1,30,-925
ABarppaaaa,157,341,355,3.1,29,998
ABarppaaaa,158,339,356,3.0,30,1845
ABarppaaaa,159,334,355,3.1,29,832
ABarppaaaa,160,330,352,3.6,30,615
ABarppaaap,126,378,340,4.2,28,-1306
ABarppaaap,127,379,347,4.8,30,-1511
ABarppaaap,128,385,348,4.9,30,-1165
ABarppaaap,129,385,349,4.9,30,-1497
ABarppaaap,130,382,351,4.2,34,410
ABarppaaap,131,382,349,4.3,32,172
ABarppaaap,132,379,357,4.1,34,267
ABarppaaap,133,381,361,4.2,34,-369
ABarppaaap,134,379,362,4.3,32,-1273
ABarppaaap,135,381,365,4.3,34,-385
ABarppaaap,136,382,367,4.1,32,-46
ABarppaaap,137,378,373,4.1,30,-1610
ABarppaaap,138,376,367,4.0,34,-1955
ABarppaaap,139,380,366,3.6,32,2415
ABarppaaap,140,380,371,3.4,34,-367
ABarppaaap,141,376,372,3.4,34,-391
ABarppaaap,142,381,373,3.6,34,858
ABarppaaap,143,382,376,3.5,32,-775
ABarppaaap,144,380,379,3.3,32,1083
ABarppaaap,145,382,378,3.4,34,568
ABarppaaap,146,379,383,3.4,34,2924
ABarppaaap,147,377,384,3.4,34,1688
ABarppaaap,148,377,385,3.4,34,1135
ABarppaaap,149,373,390,3.5,32,-344
ABarppaaap,150,377,390,4.1,34,-1742
ABarppaaap,151,373,390,4.0,34,-867
ABarppaaap,152,368,389,4.0,30,-595
ABarppaaap,153,368,387,4.0,31,-1307
ABarppaaap,154,370,385,4.0,34,-992
ABarppaaap,155,370,389,3.4,31,1844
ABarppaaap,156,371,393,3.4,34,2807
ABarppaaap,157,368,394,4.0,31,236
ABarppaaap,158,365,391,3.5,32,-1499
ABarppaaap,159,366,388,3.5,31,2643
ABarppaaap,160,360,389,3.4,34,1785
ABarppaap,91,354,284,5.1,29,-3340
ABarppaap,92,355,280,5.0,33,-2081
ABarppaap,93,363,284,5.2,37,-2192
ABarppaap,94,365,292,5.1,39,-1442
ABarppaap,95,365,288,4.5,37,-2761
ABarppaap,96,361,284,4.3,38,707
ABarppaap,97,360,287,4.5,38,-1821
ABarppaap,98,364,295,4.4,38,-771
ABarppaap,99,366,299,4.8,36,-3053
ABarppaap,100,365,300,4.4,38,-2138
ABarppaap,101,365,291,4.5,38,-2123
ABarppaap,102,368,292,4.2,38,39
ABarppaap,103,371,293,4.1,38,349
ABarppaap,104,375,295,4.1,36,-982
ABarppaap,105,372,308,4.1,38,439
ABarppaap,106,373,315,4.2,36,-1379
ABarppaap,107,376,318,4.2,36,-441
ABarppaap,108,378,321,4.1,38,-341
ABarppaap,109,386,320,3.5,38,2832
ABarppaap,110,387,318,4.1,36,899
ABarppaap,111,394,326,3.4,38,1170
ABarppaap,112,403,328,3.5,38,1162
ABarppaap,113,404,328,3.4,38,2827
ABarppaap,114,405,327,3.4,38,1672
ABarppaap,115,408,327,3.3,39,2511
ABarppaap,116,406,322,3.4,39,2465
ABarppaap,117,407,325,3.3,38,2307
ABarppaap,118,411,322,4.0,37,1046
ABarppaap,119,416,324,4.9,32,-2624
ABarppaap,120,418,336,4.2,35,65
ABarppaap,121,421,343,4.9,30,-1903
ABarppaap,122,422,345,5.0,30,-1956
ABarppaapa,123,394,321,4.7,30,-2311
ABarppaapa,124,394,304,4.1,30,-1281
ABarppaapa,125,395,303,4.1,32,816
ABarppaapa,126,400,303,3.1,34,1238
ABarppaapa,127,403,307,3.2,34,2812
ABarppaapa,128,400,306,3.1,34,1648
ABarppaapa,129,400,305,3.1,34,1291
ABarppaapa,130,401,304,3.2,32,1078
ABarppaapa,131,399,306,3.3,32,1391
ABarppaapa,132,397,306,3.2,32,2527
ABarppaapa,133,401,306,3.2,30,1996
ABarppaapa,134,397,313,3.2,34,1106
ABarppaapa,135,402,316,3.8,30,1134
ABarppaapa,136,399,317,3.3,34,1345
ABarppaapa,137,399,320,3.3,34,1310
ABarppaapa,138,398,321,3.2,30,15
ABarppaapa,139,406,326,3.2,34,1021
ABarppaapa,140,406,329,3.1,34,1426
ABarppaapa,141,404,333,3.3,32,1775
ABarppaapa,142,406,330,3.2,34,1558
ABarppaapa,143,409,331,3.3,34,2415
ABarppaapa,144,407,329,3.3,34,556
ABarppaapa,145,410,330,3.3,34,2819
ABarppaapa,146,409,335,3.2,30,1420
ABarppaapa,147,406,333,3.3,34,1915
ABarppaapa,148,409,329,3.1,34,-520
ABarppaapa,149,403,327,3.2,34,596
ABarppaapa,150,405,320,3.2,34,1232
ABarppaapa,151,402,317,3.3,34,371
ABarppaapa,152,402,313,3.2,34,1388
ABarppaapa,153,397,314,3.2,31,753
ABarppaapa,154,396,312,3.2,34,2566
ABarppaapa,155,392,314,3.2,31,1761
ABarppaapa,156,393,320,3.1,34,1940
ABarppaapa,157,388,316,3.1,31,1751
ABarppaapa,158,388,315,3.1,34,2564
ABarppaapa,159,386,313,3.1,31,-199
ABarppaapa,160,383,315,3.2,32,1586
ABarppaapp,123,437,352,5.0,30,-1929
ABarppaapp,124,432,345,4.1,30,-748
ABarppaapp,125,433,350,4.2,30,1607
ABarppaapp,126,440,356,5.0,30,-3157
ABarppaapp,127,441,355,5.1,30,-1360
ABarppaapp,128,445,360,4.8,30,-1558
ABarppaapp,129,451,357,4.1,30,732
ABarppaapp,130,449,362,4.0,30,542
ABarppaapp,131,448,365,4.1,30,-662
ABarppaapp,132,450,364,4.0,30,397
ABarppaapp,133,452,365,3.7,30,83
ABarppaapp,134,451,371,3.8,30,345
ABarppaapp,135,457,369,3.9,30,882
ABarppaapp,136,458,373,4.1,30,-654
ABarppaapp,137,454,375,3.8,30,-534
ABarppaapp,138,451,370,3.8,30,-642
ABarppaapp,139,456,372,3.9,30,-651
ABarppaapp,140,455,378,4.0,30,-169
ABarppaapp,141,458,376,3.9,30,841
ABarppaapp,142,459,380,4.1,30,-75
ABarppaapp,143,457,380,4.7,30,-1030
ABarppaapp,144,459,376,4.8,30,-1776
ABarppaapp,145,457,378,4.9,30,-1176
ABarppaapp,146,457,379,4.1,30,-988
ABarppaapp,147,452,381,3.5,32,1107
ABarppaapp,148,452,383,4.1,30,-1211
ABarppaapp,149,450,384,4.0,30,-604
ABarppaapp,150,444,382,3.9,30,-1284
ABarppaapp,151,443,383,4.1,30,-3562
ABarppaapp,152,436,383,3.9,30,47
ABarppaapp,153,434,382,3.5,31,1811
ABarppaapp,154,431,377,3.8,30,-1091
ABarppaapp,155,434,382,4.1,29,-976
ABarppaapp,156,433,386,4.1,30,-2217
ABarppaapp,157,433,387,4.1,31,-1308
ABarppaapp,158,431,385,4.1,30,-1324
ABarppaapp,159,428,383,4.0,29,-1544
ABarppaapp,160,421,383,4.0,30,-2431
ABarppap,65,333,192,6.0,35,-2268
ABarppap,66,327,197,5.9,40,-2381
ABarppap,67,336,200,5.1,39,-2925
ABarppap,68,343,203,5.1,43,-2360
ABarppap,69,343,198,5.1,43,-2898
ABarppap,70,338,203,5.9,44,-2764
ABarppap,71,342,209,6.0,44,-3016
ABarppap,72,341,207,6.1,44,-2715
ABarppap,73,332,211,6.1,44,-2681
ABarppap,74,333,220,6.0,44,-2958
ABarppap,75,339,229,7.0,44,-1731
ABarppap,76,337,242,7.0,44,-1536
ABarppap,77,333,250,6.3,46,-2516
ABarppap,78,340,256,6.9,44,-1903
ABarppap,79,344,266,7.0,44,-1878
ABarppap,80,349,273,6.4,46,-2318
ABarppap,81,350,276,6.5,46,-2425
ABarppap,82,359,283,7.1,44,-2315
ABarppap,83,367,286,7.1,44,-1693
ABarppap,84,367,287,7.0,44,-1906
ABarppap,85,370,294,7.8,43,-2124
ABarppap,86,375,303,7.0,42,-1936
ABarppap,87,381,310,7.9,40,-692
ABarppap,88,384,316,7.9,37,-1034
ABarppap,89,381,304,6.1,29,-493
ABarppapa,90,372,307,5.5,28,-2631
ABarppapa,91,384,307,5.0,33,-3806
ABarppapa,92,388,305,4.1,35,-485
ABarppapa,93,386,315,4.2,35,301
ABarppapa,94,381,327,4.4,37,195
ABarppapa,95,386,324,5.1,35,-3888
ABarppapa,96,380,327,4.8,36,-2716
ABarppapa,97,377,327,5.0,36,-1941
ABarppapa,98,382,335,5.0,36,-3071
ABarppapa,99,386,333,5.0,36,-2694
ABarppapa,100,390,338,4.9,36,-2718
ABarppapa,101,390,336,5.1,38,-2391
ABarppapa,102,399,342,4.9,36,-3291
ABarppapa,103,398,341,4.2,36,-946
ABarppapa,104,400,347,4.2,36,-1269
ABarppapa,105,401,351,5.2,40,-2148
ABarppapa,106,402,354,5.1,36,-2988
ABarppapa,107,403,361,5.1,38,-1183
ABarppapa,108,407,366,4.3,38,-131
ABarppapa,109,409,366,4.1,36,-1046
ABarppapa,110,411,368,4.2,38,-1093
ABarppapa,111,416,374,4.9,36,-2510
ABarppapa,112,425,377,4.9,36,-2932
ABarppapa,113,428,375,4.8,36,-2368
ABarppapa,114,425,374,4.1,36,-1671
ABarppapa,115,426,379,4.1,37,-802
ABarppapa,116,425,374,4.2,39,-934
ABarppapa,117,421,373,4.2,36,-246
ABarppapa,118,422,372,4.3,37,-804
ABarppapa,119,436,380,4.5,36,-1162
ABarppapa,120,451,384,5.1,35,-2566
ABarppapa,121,465,384,5.2,34,-1694
ABarppapa,122,459,381,5.3,34,-2097
ABarppapa,123,451,376,6.0,30,-1853
ABarppapaa,124,411,371,5.2,28,-2478
ABarppapaa,125,412,365,5.1,30,-744
ABarppapaa,126,409,371,4.8,30,-2105
ABarppapaa,127,407,369,5.2,32,-1609
ABarppapaa,128,410,380,5.1,30,-358
ABarppapaa,129,412,375,4.4,32,-245
ABarppapaa,130,413,380,4.5,32,-2638
ABarppapaa,131,408,381,4.5,32,-3501
ABarppapaa,132,406,385,5.0,30,-2938
ABarppapaa,133,407,388,4.8,30,-2397
ABarppapaa,134,405,388,4.1,30,-4176
ABarppapaa,135,409,386,4.2,30,-1348
ABarppapaa,136,408,391,4.4,32,-1983
ABarppapaa,137,407,394,4.8,30,-1980
ABarppapaa,138,408,394,4.3,32,-2636
ABarppapaa,139,414,398,4.3,32,-3799
ABarppapaa,140,413,400,4.8,30,-2843
ABarppapaa,141,407,396,4.2,32,-1897
ABarppapaa,142,415,390,4.2,30,-2384
ABarppapaa,143,413,397,4.3,32,-3517
ABarppapaa,144,413,400,4.2,32,-127
ABarppapaa,145,413,400,4.9,30,-2215
ABarppapaa,146,412,401,4.4,32,-3384
ABarppapaa,147,411,402,5.0,30,-2976
ABarppapaa,148,411,403,4.5,34,-1908
ABarppapaa,149,409,408,4.9,30,-3215
ABarppapaa,150,410,409,5.0,30,-2899
ABarppapaa,151,407,406,5.1,32,-2112
ABarppapaa,152,403,408,5.1,30,-3256
ABarppapaa,153,401,409,4.5,31,-1265
ABarppapaa,154,403,404,5.0,30,-1212
ABarppapaa,155,408,406,5.0,31,-293
ABarppapaa,156,406,412,5.0,32,-3129
ABarppapaa,157,405,410,4.5,31,-2302
ABarppapaa,158,403,406,4.8,30,-2307
ABarppapaa,159,402,407,4.4,31,-3067
ABarppapaa,160,395,406,5.0,30,-2649
ABarppapap,124,459,384,6.2,28,-2128
ABarppapap,125,464,381,6.7,30,-1220
ABarppapap,126,466,386,6.8,30,-522
ABarppapap,127,465,383,7.1,30,-1855
ABarppapap,128,470,389,6.9,30,-1084
ABarppapap,129,470,389,6.2,32,-642
ABarppapap,130,469,399,6.4,34,-1331
ABarppapap,131,470,400,7.0,32,-2808
ABarppapap,132,463,400,7.0,32,-1097
ABarppapap,133,463,400,7.1,30,-379
ABarppapap,134,461,410,7.3,32,-670
ABarppapap,135,461,406,7.1,32,-1402
ABarppapap,136,459,404,7.2,30,-270
ABarppapap,137,456,412,7.2,30,-1349
ABarppapap,138,463,406,6.8,30,-584
ABarppapap,139,464,410,7.1,30,330
ABarppapap,140,459,411,7.3,32,-1290
ABarppapap,141,461,412,7.1,34,-923
ABarppapap,142,459,416,7.1,32,-401
ABarppapap,143,457,411,7.1,32,-1272
ABarppapap,144,459,416,7.2,32,-988
ABarppapap,145,452,419,7.2,30,-356
ABarppapap,146,456,419,6.4,32,-1549
ABarppapap,147,459,422,6.3,32,-1704
ABarppapap,148,453,419,6.9,30,-657
ABarppapap,149,455,422,6.9,30,-1377
ABarppapap,150,453,420,6.1,32,-1770
ABarppapap,151,455,418,6.2,32,-1229
ABarppapap,152,451,417,6.1,32,-1532
ABarppapap,153,451,417,5.5,31,-2527
ABarppapap,154,455,410,5.1,30,-1480
ABarppapap,155,457,414,5.4,31,-4148
ABarppapap,156,461,415,5.2,32,-1785
ABarppapap,157,460,413,5.3,31,-1154
ABarppapap,158,456,412,5.2,30,-2204
ABarppapap,159,454,409,5.2,31,-3671
ABarppapap,160,447,410,5.8,30,-2019
ABarppapp,90,427,319,7.2,30,-968
ABarppapp,91,441,330,7.0,35,-1306
ABarppapp,92,449,335,6.0,35,-1157
ABarppapp,93,452,342,5.1,37,-3261
ABarppapp,94,452,351,5.1,37,-1023
ABarppapp,95,462,352,5.2,37,-2261
ABarppapp,96,466,352,5.9,36,-2817
ABarppapp,97,462,349,5.1,36,-1834
ABarppapp,98,460,349,5.9,36,-2515
ABarppapp,99,463,350,6.0,36,-2551
ABarppapp,100,472,353,6.0,36,-2679
ABarppapp,101,476,357,5.4,38,-2349
ABarppapp,102,487,362,5.8,36,-2408
ABarppapp,103,480,360,5.9,36,-2136
ABarppapp,104,473,366,6.2,36,-2915
ABarppapp,105,485,361,6.9,36,-1956
ABarppapp,106,479,367,6.3,38,-1227
ABarppapp,107,488,372,6.1,36,-1804
ABarppapp,108,488,370,6.8,36,-1590
ABarppapp,109,492,375,6.1,36,-2025
ABarppapp,110,493,373,6.8,36,-1312
ABarppapp,111,495,369,6.4,38,-1486
ABarppapp,112,504,370,6.9,36,-1192
ABarppapp,113,511,367,6.9,36,-1857
ABarppapp,114,512,367,5.4,38,-1965
ABarppapp,115,517,362,5.3,39,-2042
ABarppapp,116,516,360,5.4,37,-983
ABarppapp,117,517,357,5.5,36,-2959
ABarppapp,118,520,360,6.3,37,-1673
ABarppapp,119,520,359,6.2,36,-1479
ABarppapp,120,522,366,6.3,35,-1598
ABarppapp,121,534,371,7.3,34,-1265
ABarppapp,122,526,362,7.1,30,-415
ABarppappa,123,504,372,7.0,28,-1975
ABarppappa,124,491,373,5.5,28,-1667
ABarppappa,125,495,366,5.9,30,-247
ABarppappa,126,494,368,6.9,30,-484
ABarppappa,127,492,364,6.4,32,-802
ABarppappa,128,497,368,6.2,32,-943
ABarppappa,129,496,368,6.2,32,-1864
ABarppappa,130,499,375,6.3,32,-1446
ABarppappa,131,499,375,6.5,32,-1767
ABarppappa,132,499,374,6.4,32,-997
ABarppappa,133,506,379,6.1,32,-596
ABarppappa,134,503,385,6.4,32,-1716
ABarppappa,135,506,385,6.3,32,-1141
ABarppappa,136,506,384,6.2,34,-818
ABarppappa,137,506,387,6.1,30,-1686
ABarppappa,138,510,383,5.3,32,-2719
ABarppappa,139,512,380,6.2,32,-1479
ABarppappa,140,512,387,6.3,32,-1262
ABarppappa,141,511,386,6.1,30,-2822
ABarppappa,142,510,390,6.3,32,-948
ABarppappa,143,509,388,6.4,32,20
ABarppappa,144,513,391,6.4,32,-1822
ABarppappa,145,518,387,6.4,32,-1340
ABarppappa,146,521,388,6.3,32,-1177
ABarppappa,147,516,387,5.6,32,-2263
ABarppappa,148,515,393,6.0,30,-610
ABarppappa,149,523,393,5.5,32,-1152
ABarppappa,150,524,391,6.0,32,-767
ABarppappa,151,523,391,6.2,32,-371
ABarppappa,152,523,394,6.0,30,-1284
ABarppappa,153,521,391,5.6,31,-782
ABarppappa,154,526,390,6.2,32,-911
ABarppappa,155,531,393,6.4,31,-299
ABarppappa,156,533,389,6.5,32,299
ABarppappa,157,527,392,7.0,31,-2
ABarppappa,158,527,394,7.1,30,-722
ABarppappa,159,527,396,6.6,31,-1053
ABarppappa,160,523,395,6.9,30,-1322
ABarppappp,123,536,357,9.0,30,-399
ABarppappp,124,533,360,9.8,30,-1487
ABarppappp,125,535,354,10.0,30,-350
ABarppappp,126,539,356,9.4,32,-670
ABarppappp,127,546,358,10.1,32,-857
ABarppappp,128,555,363,9.3,34,-320
ABarppappp,129,556,365,10.2,34,-556
ABarppappp,130,556,368,10.3,32,-368
ABarppappp,131,564,368,10.4,32,-806
ABarppappp,132,571,372,11.0,32,17
ABarppappp,133,571,374,10.3,34,-398
ABarppappp,134,571,378,10.2,34,54
ABarppappp,135,573,375,10.2,32,-982
ABarppappp,136,570,371,10.0,34,-191
ABarppappp,137,569,374,9.4,34,-72
ABarppappp,138,571,376,9.4,34,569
ABarppappp,139,572,369,10.2,34,-97
ABarppappp,140,572,377,10.2,34,-441
ABarppappp,141,570,377,9.4,32,119
ABarppappp,142,569,381,10.3,32,-701
ABarppappp,143,570,384,10.3,32,237
ABarppappp,144,573,383,10.0,32,935
ABarppappp,145,578,381,10.2,34,-116
ABarppappp,146,578,379,10.1,32,289
ABarppappp,147,580,381,9.3,34,984
ABarppappp,148,582,385,10.2,32,850
ABarppappp,149,581,382,10.8,30,-260
ABarppappp,150,587,377,10.4,32,-594
ABarppappp,151,584,373,11.1,30,195
ABarppappp,152,581,374,10.3,32,370
ABarppappp,153,583,374,10.2,31,206
ABarppappp,154,585,366,11.1,32,-978
ABarppappp,155,587,368,11.2,31,-601
ABarppappp,156,590,368,11.3,34,61
ABarppappp,157,588,373,11.2,31,697
ABarppappp,158,587,371,12.2,34,921
ABarppappp,159,593,370,11.3,31,-100
ABarppappp,160,588,372,11.4,32,-348
ABarppp,48,376,171,10.0,39,-890
ABarppp,49,371,177,11.2,53,-429
ABarppp,50,375,175,12.1,53,-982
ABarppp,51,380,159,12.0,55,-1015
ABarppp,52,379,164,11.1,55,-1228
ABarppp,53,373,171,12.0,53,-1415
ABarppp,54,369,168,11.2,53,-1423
ABarppp,55,373,168,10.9,53,-1495
ABarppp,56,374,170,9.9,52,-1190
ABarppp,57,375,175,9.0,53,-1546
ABarppp,58,370,172,9.1,58,-1985
ABarppp,59,371,170,10.3,57,-1026
ABarppp,60,381,173,11.2,54,-1904
ABarppp,61,393,181,12.1,53,-1057
ABarppp,62,404,190,12.4,55,-504
ABarppp,63,417,201,11.3,54,-1463
ABarppp,64,399,193,11.1,47,-1170
ABarpppa,65,376,170,11.1,37,-2020
ABarpppa,66,374,166,11.0,40,-886
ABarpppa,67,375,160,10.1,41,-1306
ABarpppa,68,374,156,9.0,43,-2296
ABarpppa,69,370,155,10.0,43,-1641
ABarpppa,70,372,154,9.1,44,-1405
ABarpppa,71,371,160,9.0,44,-1839
ABarpppa,72,370,158,9.0,44,-1161
ABarpppa,73,371,159,9.1,44,-1125
ABarpppa,74,380,163,8.2,46,-1196
ABarpppa,75,380,163,9.0,44,-1020
ABarpppa,76,382,166,8.0,44,-1481
ABarpppa,77,385,166,7.2,46,-1331
ABarpppa,78,389,174,7.1,44,-2349
ABarpppa,79,379,180,6.0,44,-2573
ABarpppa,80,380,183,5.9,44,-3882
ABarpppa,81,381,185,5.9,44,-2842
ABarpppa,82,385,189,5.0,44,-2199
ABarpppa,83,382,193,5.0,46,-2875
ABarpppa,84,391,205,5.0,44,-3256
ABarpppa,85,393,208,5.2,45,-1985
ABarpppa,86,390,212,6.1,42,-3501
ABarpppa,87,380,216,5.1,30,-2269
ABarpppaa,88,365,206,5.0,31,-3834
ABarpppaa,89,357,199,4.3,35,-972
ABarpppaa,90,355,209,4.1,36,-1099
ABarpppaa,91,355,201,4.0,35,330
ABarpppaa,92,348,201,3.9,35,1417
ABarpppaa,93,345,199,4.0,35,-766
ABarpppaa,94,347,195,4.0,39,-219
ABarpppaa,95,351,196,4.1,37,-703
ABarpppaa,96,348,192,4.1,36,675
ABarpppaa,97,346,196,4.0,36,-364
ABarpppaa,98,343,200,4.1,36,647
ABarpppaa,99,342,200,4.0,36,1185
ABarpppaa,100,341,201,4.2,38,1242
ABarpppaa,101,354,197,4.2,36,825
ABarpppaa,102,352,200,4.1,36,-238
ABarpppaa,103,353,206,4.1,38,-492
ABarpppaa,104,353,200,4.1,36,-1237
ABarpppaa,105,355,200,4.0,36,999
ABarpppaa,106,358,205,4.0,38,-156
ABarpppaa,107,353,206,4.0,36,1954
ABarpppaa,108,356,185,4.1,36,588
ABarpppaa,109,359,182,4.2,38,-209
ABarpppaa,110,364,179,4.2,38,198
ABarpppaa,111,365,180,4.1,36,-651
ABarpppaa,112,371,179,4.0,36,1193
ABarpppaa,113,371,178,4.2,38,660
ABarpppaa,114,370,178,4.1,38,-262
ABarpppaa,115,370,184,4.0,37,-287
ABarpppaa,116,366,185,4.2,35,-131
ABarpppaa,117,361,198,4.2,34,395
ABarpppaa,118,365,203,4.0,37,6
ABarpppaa,119,362,212,3.4,36,702
ABarpppaa,120,354,214,4.0,35,-168
ABarpppaa,121,352,216,4.0,34,-138
ABarpppaa,122,361,213,4.1,28,-629
ABarpppaaa,123,338,207,4.1,28,-1393
ABarpppaaa,124,336,206,3.3,28,2097
ABarpppaaa,125,330,202,3.1,28,1128
ABarpppaaa,126,329,207,3.0,30,1369
ABarpppaaa,127,336,195,3.0,30,2603
ABarpppaaa,128,336,199,3.1,30,1123
ABarpppaaa,129,329,198,2.9,30,1024
ABarpppaaa,130,336,194,3.0,30,-643
ABarpppaaa,131,342,188,3.1,30,237
ABarpppaaa,132,341,186,3.1,30,2180
ABarpppaaa,133,343,185,3.2,30,2917
ABarpppaaa,134,334,189,2.9,30,1811
ABarpppaaa,135,330,190,3.0,30,125
ABarpppaaa,136,333,189,3.1,30,1325
ABarpppaaa,137,338,196,3.1,30,3294
ABarpppaaa,138,338,192,3.2,28,3650
ABarpppaaa,139,337,189,3.0,30,1240
ABarpppaaa,140,336,193,2.9,30,-237
ABarpppaaa,141,340,196,3.0,30,1883
ABarpppaaa,142,344,196,3.1,30,1193
ABarpppaaa,143,344,198,3.2,30,2538
ABarpppaaa,144,341,196,3.1,30,3309
ABarpppaaa,145,349,198,3.2,30,2469
ABarpppaaa,146,352,198,3.2,30,1708
ABarpppaaa,147,352,200,3.7,30,1194
ABarpppaaa,148,345,202,3.1,30,1709
ABarpppaaa,149,346,202,3.2,28,579
ABarpppaaa,150,351,201,3.3,28,1113
ABarpppaaa,151,348,200,3.2,30,533
ABarpppaaa,152,344,201,3.2,30,2136
ABarpppaaa,153,341,200,3.0,29,1541
ABarpppaaa,154,336,198,3.1,30,2516
ABarpppaaa,155,335,201,3.2,29,1002
ABarpppaaa,156,335,206,3.1,28,1808
ABarpppaaa,157,335,206,3.0,29,-43
ABarpppaaa,158,334,209,2.9,30,909
ABarpppaaa,159,330,205,3.0,29,-261
ABarpppaaa,160,336,201,3.0,30,1760
ABarpppaap,123,380,203,4.2,28,-61
ABarpppaap,124,379,192,4.2,28,-1620
ABarpppaap,125,370,191,4.1,30,687
ABarpppaap,126,367,192,3.5,32,2990
ABarpppaap,127,369,179,4.5,32,311
ABarpppaap,128,368,180,5.1,34,-554
ABarpppaap,129,363,169,4.1,34,-1079
ABarpppaap,130,368,169,3.4,32,-394
ABarpppaap,131,370,163,4.1,34,-37
ABarpppaap,132,373,167,4.1,32,-950
ABarpppaap,133,377,164,4.1,32,-1134
ABarpppaap,134,369,163,4.1,34,-1226
ABarpppaap,135,366,162,4.0,34,-1283
ABarpppaap,136,366,161,3.4,34,359
ABarpppaap,137,366,168,3.4,34,1165
ABarpppaap,138,368,167,3.4,34,363
ABarpppaap,139,370,164,4.0,34,-1128
ABarpppaap,140,376,162,3.3,34,-74
ABarpppaap,141,382,167,3.3,34,733
ABarpppaap,142,388,163,3.3,34,1124
ABarpppaap,143,388,167,3.3,34,1047
ABarpppaap,144,387,160,3.4,32,-989
ABarpppaap,145,392,162,4.0,34,355
ABarpppaap,146,392,165,3.4,32,1424
ABarpppaap,147,386,164,3.3,34,875
ABarpppaap,148,382,164,3.3,34,615
ABarpppaap,149,381,166,3.3,34,-182
ABarpppaap,150,379,165,3.4,34,621
ABarpppaap,151,378,163,3.3,34,769
ABarpppaap,152,371,161,3.3,32,467
ABarpppaap,153,372,163,3.3,31,697
ABarpppaap,154,367,165,3.3,34,699
ABarpppaap,155,368,168,3.4,31,1386
ABarpppaap,156,368,173,3.3,34,676
ABarpppaap,157,362,168,3.3,31,2861
ABarpppaap,158,358,166,3.3,34,1626
ABarpppaap,159,361,165,3.2,31,-766
ABarpppaap,160,361,163,3.2,34,874
ABarpppap,88,407,236,5.4,31,-1716
ABarpppap,89,403,233,5.8,37,-2177
ABarpppap,90,402,239,6.0,36,-2753
ABarpppap,91,403,236,5.2,37,-3739
ABarpppap,92,399,222,5.0,35,-2957
ABarpppap,93,397,220,4.9,35,-2595
ABarpppap,94,395,219,4.3,37,-37
ABarpppap,95,394,217,4.9,35,-2464
ABarpppap,96,395,208,4.4,38,-390
ABarpppap,97,396,206,5.1,38,-1325
ABarpppap,98,394,208,4.4,38,-400
ABarpppap,99,391,213,4.8,36,-2150
ABarpppap,100,390,211,4.3,38,-1469
ABarpppap,101,398,212,5.0,36,-3012
ABarpppap,102,395,204,4.8,36,-2724
ABarpppap,103,399,196,4.1,36,-490
ABarpppap,104,397,194,4.2,38,162
ABarpppap,105,400,197,4.1,36,397
ABarpppap,106,406,198,4.1,38,-184
ABarpppap,107,398,194,4.3,38,-259
ABarpppap,108,403,196,4.8,36,-2188
ABarpppap,109,407,197,4.2,38,269
ABarpppap,110,410,191,4.3,38,-104
ABarpppap,111,417,187,4.2,36,-1432
ABarpppap,112,421,186,4.2,38,-2065
ABarpppap,113,420,189,4.1,38,-331
ABarpppap,114,416,197,4.3,38,-196
ABarpppap,115,415,194,4.1,39,106
ABarpppap,116,407,193,4.1,35,-843
ABarpppap,117,408,192,4.3,38,-414
ABarpppap,118,412,198,4.9,33,-2340
ABarpppapa,119,401,205,5.0,28,-2217
ABarpppapa,120,396,216,4.3,29,-1903
ABarpppapa,121,397,219,4.9,30,-2020
ABarpppapa,122,400,225,4.4,34,-254
ABarpppapa,123,409,213,5.1,32,-1115
ABarpppapa,124,414,204,4.1,34,2307
ABarpppapa,125,401,201,4.0,34,-243
ABarpppapa,126,402,203,4.0,34,1017
ABarpppapa,127,400,200,3.3,34,1122
ABarpppapa,128,395,198,3.3,34,1760
ABarpppapa,129,400,186,3.2,34,1117
ABarpppapa,130,406,189,3.2,34,757
ABarpppapa,131,406,192,3.2,34,1455
ABarpppapa,132,406,190,3.3,34,1548
ABarpppapa,133,409,189,3.4,34,1614
ABarpppapa,134,403,195,3.3,34,1391
ABarpppapa,135,403,187,3.3,34,-167
ABarpppapa,136,403,189,3.3,34,397
ABarpppapa,137,406,192,3.3,34,1269
ABarpppapa,138,408,191,3.2,34,1248
ABarpppapa,139,407,191,3.3,34,2186
ABarpppapa,140,413,191,3.2,34,-481
ABarpppapa,141,415,195,3.3,34,3161
ABarpppapa,142,417,197,3.1,34,2338
ABarpppapa,143,417,199,3.2,34,1095
ABarpppapa,144,418,191,3.3,34,428
ABarpppapa,145,416,197,3.3,34,2455
ABarpppapa,146,418,201,3.2,34,2270
ABarpppapa,147,414,201,3.3,34,1909
ABarpppapa,148,415,202,3.1,34,1010
ABarpppapa,149,412,204,3.2,34,1088
ABarpppapa,150,409,207,3.2,34,3087
ABarpppapa,151,404,205,3.1,34,1916
ABarpppapa,152,401,206,3.1,34,1442
ABarpppapa,153,402,203,3.2,31,1584
ABarpppapa,154,396,202,3.3,34,1073
ABarpppapa,155,391,205,3.2,31,2890
ABarpppapa,156,390,207,3.2,32,1904
ABarpppapa,157,386,207,3.2,31,3736
ABarpppapa,158,385,206,3.2,34,2825
ABarpppapa,159,386,204,3.2,31,2599
ABarpppapa,160,386,202,3.2,34,1107
ABarpppapp,119,431,201,5.1,32,286
ABarpppapp,120,447,209,4.2,29,-1921
ABarpppapp,121,452,213,4.0,30,-19
ABarpppapp,122,456,215,3.8,30,1078
ABarpppapp,123,463,212,3.3,30,829
ABarpppapp,124,464,201,3.2,30,2769
ABarpppapp,125,456,193,3.2,30,391
ABarpppapp,126,453,195,3.2,30,1677
ABarpppapp,127,453,194,3.8,30,1212
ABarpppapp,128,448,192,3.7,30,891
ABarpppapp,129,451,195,4.0,30,-1758
ABarpppapp,130,457,194,4.0,30,-290
ABarpppapp,131,461,196,4.0,30,-1642
ABarpppapp,132,460,192,4.1,30,918
ABarpppapp,133,461,191,3.9,30,794
ABarpppapp,134,456,185,3.9,30,1443
ABarpppapp,135,455,180,3.9,30,-2097
ABarpppapp,136,460,176,3.9,30,-770
ABarpppapp,137,461,176,3.9,30,-1287
ABarpppapp,138,464,176,4.0,30,1743
ABarpppapp,139,460,173,4.1,30,-2846
ABarpppapp,140,466,174,4.1,30,-953
ABarpppapp,141,467,169,4.8,30,-3644
ABarpppapp,142,466,166,4.1,30,753
ABarpppapp,143,468,168,4.2,30,-1741
ABarpppapp,144,465,163,4.2,30,-393
ABarpppapp,145,463,168,4.8,30,-3287
ABarpppapp,146,464,168,4.3,30,-1269
ABarpppapp,147,459,164,4.2,30,-2449
ABarpppapp,148,467,170,4.1,30,-2310
ABarpppapp,149,459,173,4.2,34,-3230
ABarpppapp,150,460,172,4.1,30,-3696
ABarpppapp,151,453,167,4.2,30,-1995
ABarpppapp,152,455,170,4.0,30,-1842
ABarpppapp,153,447,166,3.7,31,2015
ABarpppapp,154,443,168,4.0,30,-2481
ABarpppapp,155,435,168,4.1,29,-2491
ABarpppapp,156,433,170,4.0,30,-1138
ABarpppapp,157,432,170,3.5,31,2341
ABarpppapp,158,431,169,3.9,30,-29
ABarpppapp,159,428,166,4.1,31,-721
ABarpppapp,160,430,163,4.1,30,281
ABarpppp,65,428,207,11.2,39,169
ABarpppp,66,433,209,10.1,40,-757
ABarpppp,67,441,205,9.2,43,-68
ABarpppp,68,455,203,9.1,45,-938
ABarpppp,69,458,202,9.3,45,-1026
ABarpppp,70,457,203,10.0,44,-1195
ABarpppp,71,462,201,9.0,44,-1648
ABarpppp,72,462,196,9.2,46,-815
ABarpppp,73,455,194,9.2,46,-1898
ABarpppp,74,459,195,8.2,46,-1530
ABarpppp,75,456,195,8.0,44,-2231
ABarpppp,76,457,195,8.0,44,-1810
ABarpppp,77,454,194,7.0,44,-1997
ABarpppp,78,449,201,7.3,46,-1903
ABarpppp,79,435,201,7.1,46,-1492
ABarpppp,80,432,201,7.0,46,-1903
ABarpppp,81,436,206,6.2,46,-2612
ABarpppp,82,438,214,5.3,46,-1392
ABarpppp,83,433,214,6.1,46,-2402
ABarpppp,84,447,222,5.3,46,-2444
ABarpppp,85,456,228,5.2,45,-1397
ABarpppp,86,455,233,5.3,46,-1548
ABarpppp,87,455,230,5.8,40,-1760
ABarpppp,88,456,241,5.1,33,-2238
ABarppppa,89,438,215,4.4,31,-2038
ABarppppa,90,440,212,4.2,34,939
ABarppppa,91,442,205,4.0,37,1356
ABarppppa,92,443,206,3.5,39,626
ABarppppa,93,437,210,3.4,37,4010
ABarppppa,94,437,214,4.3,39,15
ABarppppa,95,440,208,4.2,37,-132
ABarppppa,96,435,205,4.8,36,-2590
ABarppppa,97,437,203,4.8,36,-2204
ABarppppa,98,433,209,5.1,38,-3507
ABarppppa,99,432,211,4.9,36,-2802
ABarppppa,100,436,209,4.9,36,-2275
ABarppppa,101,440,207,4.3,38,288
ABarppppa,102,442,207,4.8,36,-2060
ABarppppa,103,441,206,5.0,38,-2783
ABarppppa,104,440,201,4.9,36,-2640
ABarppppa,105,444,192,4.2,38,-1042
ABarppppa,106,448,189,4.8,36,-3884
ABarppppa,107,442,185,4.2,38,-872
ABarppppa,108,445,178,4.2,40,-1495
ABarppppa,109,450,175,4.2,38,-604
ABarppppa,110,451,173,4.2,38,-697
ABarppppa,111,455,173,4.3,40,-447
ABarppppa,112,461,167,4.2,38,182
ABarppppa,113,458,162,4.3,40,-1094
ABarppppa,114,450,163,4.2,38,-430
ABarppppa,115,452,157,4.3,39,510
ABarppppa,116,448,162,4.2,39,214
ABarppppa,117,442,157,4.2,38,-668
ABarppppa,118,442,156,4.3,37,-634
ABarppppa,119,438,153,4.2,36,-20
ABarppppa,120,447,164,4.2,35,-1708
ABarppppa,121,449,171,4.3,34,-1065
ABarppppa,122,453,176,5.0,30,-4422
ABarppppaa,123,439,161,5.0,30,-2996
ABarppppaa,124,429,144,5.1,30,-2940
ABarppppaa,125,415,141,5.0,30,-2677
ABarppppaa,126,417,143,5.1,30,-2315
ABarppppaa,127,412,142,4.5,32,-2055
ABarppppaa,128,414,139,5.0,30,-2199
ABarppppaa,129,419,139,4.6,32,-1747
ABarppppaa,130,423,138,5.1,32,-2889
ABarppppaa,131,422,139,5.0,30,-1536
ABarppppaa,132,425,137,4.9,30,-2895
ABarppppaa,133,425,139,4.5,32,257
ABarppppaa,134,425,136,4.4,32,-584
ABarppppaa,135,420,135,4.4,34,-2426
ABarppppaa,136,422,138,4.3,32,-6
ABarppppaa,137,419,139,4.5,32,-3078
ABarppppaa,138,422,140,4.2,32,-1439
ABarppppaa,139,418,143,4.3,32,-1946
ABarppppaa,140,424,139,4.8,30,-2944
ABarppppaa,141,426,140,4.4,32,-1843
ABarppppaa,142,429,134,5.0,32,-2704
ABarppppaa,143,430,136,4.5,34,-1252
ABarppppaa,144,431,135,4.6,32,-2277
ABarppppaa,145,432,142,5.0,32,-3459
ABarppppaa,146,433,142,4.4,34,-1277
ABarppppaa,147,427,137,4.9,30,-2271
ABarppppaa,148,434,141,4.4,32,-873
ABarppppaa,149,431,142,4.4,32,-4123
ABarppppaa,150,430,138,4.8,30,-2493
ABarppppaa,151,425,134,5.0,30,-2683
ABarppppaa,152,421,138,4.4,34,836
ABarppppaa,153,420,134,5.0,31,-3062
ABarppppaa,154,414,133,4.9,30,-3061
ABarppppaa,155,408,134,4.5,31,227
ABarppppaa,156,407,136,4.4,32,-184
ABarppppaa,157,406,138,4.4,31,-2531
ABarppppaa,158,404,137,4.2,30,259
ABarppppaa,159,405,133,4.3,31,-848
ABarppppaa,160,407,132,4.4,32,-3004
ABarppppap,123,477,174,5.3,28,-2714
ABarppppap,124,486,175,6.0,28,-1078
ABarppppap,125,470,159,5.8,30,-2088
ABarppppap,126,470,162,6.1,32,-1953
ABarppppap,127,467,160,6.1,30,-1448
ABarppppap,128,463,164,5.8,30,-1965
ABarppppap,129,464,171,6.0,32,-949
ABarppppap,130,472,167,5.3,32,-3508
ABarppppap,131,471,164,5.4,32,-2093
ABarppppap,132,474,162,5.9,30,-1616
ABarppppap,133,475,159,5.8,30,-1537
ABarppppap,134,474,161,5.2,34,-1465
ABarppppap,135,473,150,5.3,32,-3389
ABarppppap,136,473,146,5.4,34,-2695
ABarppppap,137,475,147,5.3,32,-1922
ABarppppap,138,476,144,5.5,32,-2146
ABarppppap,139,471,139,6.2,32,-1323
ABarppppap,140,473,137,6.1,30,-667
ABarppppap,141,474,135,6.8,30,-1810
ABarppppap,142,476,135,6.9,30,-579
ABarppppap,143,476,133,6.6,32,-1024
ABarppppap,144,470,130,7.2,34,-1157
ABarppppap,145,471,132,7.2,30,139
ABarppppap,146,472,133,7.1,32,-1153
ABarppppap,147,470,127,7.1,34,-1612
ABarppppap,148,472,132,6.9,30,-471
ABarppppap,149,469,128,6.4,32,-952
ABarppppap,150,472,130,6.3,34,-1493
ABarppppap,151,468,126,6.4,32,-1668
ABarppppap,152,467,131,6.0,34,-2475
ABarppppap,153,464,128,6.2,31,-1725
ABarppppap,154,458,129,5.4,34,-2114
ABarppppap,155,453,131,5.3,31,-3535
ABarppppap,156,454,133,5.3,32,-2410
ABarppppap,157,451,136,5.1,31,-2148
ABarppppap,158,451,138,4.6,34,-1873
ABarppppap,159,454,136,5.0,31,-1857
ABarppppap,160,455,135,4.6,32,-1274
ABarppppp,89,487,236,5.4,31,-2497
ABarppppp,90,496,229,6.0,32,-766
ABarppppp,91,499,225,5.5,37,-1305
ABarppppp,92,502,214,5.3,37,-1571
ABarppppp,93,493,208,5.2,39,-1383
ABarppppp,94,496,211,5.2,39,-1736
ABarppppp,95,495,204,4.6,39,-1427
ABarppppp,96,489,204,4.4,38,-499
ABarppppp,97,486,202,5.1,38,-1803
ABarppppp,98,480,201,5.2,38,-1442
ABarppppp,99,478,199,5.2,38,-2732
ABarppppp,100,481,201,5.1,38,-2900
ABarppppp,101,486,201,4.4,38,-780
ABarppppp,102,490,203,4.3,38,-1542
ABarppppp,103,491,200,5.1,40,-2718
ABarppppp,104,490,196,4.2,38,-407
ABarppppp,105,491,194,4.3,38,-949
ABarppppp,106,498,199,4.3,38,-1961
ABarppppp,107,492,193,4.4,38,-1894
ABarppppp,108,497,190,4.2,38,-1651
ABarppppp,109,500,190,4.3,38,-1461
ABarppppp,110,503,185,4.3,40,-2025
ABarppppp,111,505,183,5.1,38,-2259
ABarppppp,112,511,178,5.0,38,-3221
ABarppppp,113,511,179,5.1,38,-4240
ABarppppp,114,499,184,4.3,40,-462
ABarppppp,115,496,184,4.3,39,306
ABarppppp,116,494,185,4.4,39,-1673
ABarppppp,117,492,185,4.2,38,-1379
ABarppppp,118,488,190,4.2,37,-1004
ABarppppp,119,490,187,4.2,36,849
ABarppppp,120,502,197,4.2,35,-1262
ABarppppp,121,506,202,4.3,34,-1652
ABarppppp,122,513,198,5.0,34,-3259
ABarppppp,123,512,197,5.1,30,-2532
ABarpppppa,124,509,188,5.9,24,-1083
ABarpppppa,125,491,184,4.3,28,-2939
ABarpppppa,126,489,188,4.1,30,-1767
ABarpppppa,127,486,185,4.8,30,-4487
ABarpppppa,128,485,192,4.4,32,-3025
ABarpppppa,129,488,187,4.3,32,-1296
ABarpppppa,130,493,188,4.2,34,-1331
ABarpppppa,131,495,190,4.5,32,-2708
ABarpppppa,132,500,188,5.1,32,-1549
ABarpppppa,133,504,190,5.1,30,-1408
ABarpppppa,134,504,194,4.9,30,-2808
ABarpppppa,135,509,188,4.4,32,-1427
ABarpppppa,136,507,191,4.4,32,310
ABarpppppa,137,505,192,4.9,30,-663
ABarpppppa,138,511,194,4.9,30,-1342
ABarpppppa,139,511,188,4.8,30,-1794
ABarpppppa,140,515,189,4.4,32,-1799
ABarpppppa,141,517,189,4.5,32,-2083
ABarpppppa,142,522,188,4.9,30,11
ABarpppppa,143,525,184,5.1,32,-1371
ABarpppppa,144,524,182,5.1,32,-1282
ABarpppppa,145,525,187,5.0,30,-756
ABarpppppa,146,527,182,5.1,30,370
ABarpppppa,147,525,181,5.0,30,-800
ABarpppppa,148,528,184,4.5,32,-78
ABarpppppa,149,527,185,4.3,32,222
ABarpppppa,150,530,186,4.9,30,1665
ABarpppppa,151,528,184,4.5,32,-104
ABarpppppa,152,526,183,4.5,32,-374
ABarpppppa,153,528,184,4.4,31,-1197
ABarpppppa,154,529,183,4.9,30,-1722
ABarpppppa,155,526,182,4.4,31,-1773
ABarpppppa,156,528,181,4.9,30,-1674
ABarpppppa,157,527,186,4.4,31,-661
ABarpppppa,158,527,186,4.8,30,-1363
ABarpppppa,159,526,183,4.2,31,838
ABarpppppa,160,525,184,4.3,32,-783
ABarpppppp,124,533,198,5.9,30,-1366
ABarpppppp,125,542,202,6.1,28,-783
ABarpppppp,126,545,197,6.2,30,-2523
ABarpppppp,127,543,197,6.4,32,-218
ABarpppppp,128,549,200,6.9,30,-1199
ABarpppppp,129,556,204,6.3,30,-1043
ABarpppppp,130,561,204,6.0,32,-1739
ABarpppppp,131,569,204,6.9,30,544
ABarpppppp,132,570,205,7.1,32,562
ABarpppppp,133,570,208,7.1,30,-181
ABarpppppp,134,565,218,7.2,34,383
ABarpppppp,135,565,213,7.3,32,214
ABarpppppp,136,574,212,7.2,32,167
ABarpppppp,137,580,213,7.2,32,383
ABarpppppp,138,581,213,7.8,30,689
ABarpppppp,139,581,204,7.4,32,1197
ABarpppppp,140,586,207,7.3,32,788
ABarpppppp,141,583,212,7.5,32,-522
ABarpppppp,142,585,211,8.0,30,2231
ABarpppppp,143,587,210,8.3,32,1498
ABarpppppp,144,583,203,7.6,32,1365
ABarpppppp,145,588,205,8.1,30,3187
ABarpppppp,146,590,203,8.2,32,3271
ABarpppppp,147,585,210,7.5,32,3433
ABarpppppp,148,591,210,7.8,30,2322
ABarpppppp,149,590,207,8.0,30,1326
ABarpppppp,150,591,204,8.8,30,1993
ABarpppppp,151,590,201,8.8,30,1593
ABarpppppp,152,587,202,8.5,32,2089
ABarpppppp,153,589,202,8.4,31,2633
ABarpppppp,154,588,195,8.5,32,734
ABarpppppp,155,589,191,8.6,31,808
ABarpppppp,156,588,190,9.1,32,2592
ABarpppppp,157,588,195,9.1,31,1238
ABarpppppp,158,585,188,9.0,30,465
ABarpppppp,159,584,186,9.2,31,1883
ABarpppppp,160,586,187,9.3,34,1750
ABp,2,261,220,13.2,50,-78
ABp,3,291,197,12.0,56,-1058
ABp,4,326,199,13.2,58,-1110
ABp,5,334,184,13.4,62,-1372
ABp,6,343,158,13.5,70,-1234
ABp,7,374,142,13.0,73,-1465
ABp,8,389,165,12.2,79,-1611
ABp,9,385,181,12.1,74,-1451
ABp,10,370,198,11.6,67,-1231
ABpl,11,357,197,8.3,55,-1169
ABpl,12,370,181,7.6,58,-2227
ABpl,13,360,190,6.4,59,-3345
ABpl,14,343,184,5.6,62,-2832
ABpl,15,332,214,6.5,58,-3126
ABpl,16,325,246,6.5,60,-3131
ABpl,17,323,298,6.4,63,-3570
ABpl,18,325,332,7.1,62,-2759
ABpl,19,315,346,7.0,64,-2894
ABpl,20,310,355,9.0,59,-1350
ABpla,21,279,286,5.8,57,-3236
ABpla,22,259,247,5.8,56,-3160
ABpla,23,242,234,5.5,61,-3048
ABpla,24,227,208,5.6,64,-3004
ABpla,25,229,207,6.2,65,-3253
ABpla,26,234,221,5.8,65,-3524
ABpla,27,239,217,6.4,65,-3794
ABpla,28,240,226,6.5,67,-3538
ABpla,29,242,236,6.3,69,-3398
ABpla,30,233,246,7.2,50,-1800
ABplaa,31,212,230,7.0,36,-1083
ABplaa,32,221,226,6.8,56,-2039
ABplaa,33,216,215,5.9,56,-3008
ABplaa,34,207,193,6.1,58,-3144
ABplaa,35,195,186,7.1,60,-3402
ABplaa,36,188,181,7.1,62,-3158
ABplaa,37,200,186,7.9,58,-2605
ABplaa,38,202,195,7.1,61,-3231
ABplaa,39,202,196,7.7,59,-2087
ABplaa,40,205,206,6.3,61,-2944
ABplaa,41,201,207,7.0,61,-3307
ABplaa,42,195,206,6.8,60,-3584
ABplaa,43,191,200,7.0,60,-2970
ABplaa,44,194,207,7.1,65,-3253
ABplaa,45,200,205,7.7,62,-2512
ABplaa,46,199,213,8.5,61,-1510
ABplaaa,47,183,179,5.4,48,-2375
ABplaaa,48,171,197,6.1,55,-3045
ABplaaa,49,166,194,5.3,55,-3578
ABplaaa,50,166,188,5.3,53,-2122
ABplaaa,51,169,180,5.1,53,-2586
ABplaaa,52,165,182,5.2,53,-2224
ABplaaa,53,164,191,5.2,53,-2323
ABplaaa,54,166,190,5.0,53,-2511
ABplaaa,55,170,198,5.0,53,-3050
ABplaaa,56,179,207,5.1,52,-2478
ABplaaa,57,176,212,5.1,51,-2479
ABplaaa,58,176,211,5.0,52,-2513
ABplaaa,59,176,210,5.2,53,-2982
ABplaaa,60,171,210,5.0,52,-1557
ABplaaa,61,170,217,5.1,53,-2552
ABplaaa,62,167,216,5.4,53,-3105
ABplaaa,63,172,217,6.0,50,-3666
ABplaaa,64,174,207,5.2,35,-2983
ABplaaaa,65,133,225,5.3,35,-1896
ABplaaaa,66,131,223,6.0,38,-1750
ABplaaaa,67,127,219,7.0,39,-1730
ABplaaaa,68,122,228,6.3,45,-2119
ABplaaaa,69,120,233,6.4,45,-1608
ABplaaaa,70,118,239,6.9,44,-1079
ABplaaaa,71,118,238,6.0,44,-2635
ABplaaaa,72,122,237,5.8,44,-2476
ABplaaaa,73,118,244,4.9,44,-1784
ABplaaaa,74,119,245,5.1,44,-2941
ABplaaaa,75,118,241,5.8,44,-2714
ABplaaaa,76,114,248,5.9,44,-2636
ABplaaaa,77,115,252,5.9,44,-2860
ABplaaaa,78,121,262,5.1,44,-1837
ABplaaaa,79,126,264,5.1,44,-2445
ABplaaaa,80,135,277,5.0,44,-1926
ABplaaaa,81,131,281,4.5,46,-188
ABplaaaa,82,126,282,4.9,44,-1843
ABplaaaa,83,136,286,4.2,46,580
ABplaaaa,84,141,286,4.9,44,-2403
ABplaaaa,85,148,288,4.1,43,-871
ABplaaaa,86,159,297,4.1,42,285
ABplaaaa,87,161,307,5.0,28,-1984
ABplaaaaa,88,127,317,6.1,29,-704
ABplaaaaa,89,110,335,7.1,35,-319
ABplaaaaa,90,105,337,6.9,36,-1120
ABplaaaaa,91,108,358,8.1,35,-391
ABplaaaaa,92,116,357,8.1,37,-52
ABplaaaaa,93,119,362,8.2,39,-942
ABplaaaaa,94,119,361,7.9,35,-449
ABplaaaaa,95,121,366,7.4,37,-663
ABplaaaaa,96,125,365,7.4,40,-228
ABplaaaaa,97,125,357,6.9,36,-1302
ABplaaaaa,98,131,357,6.2,38,-2011
ABplaaaaa,99,131,352,5.5,38,-2596
ABplaaaaa,100,140,347,5.2,36,-1387
ABplaaaaa,101,151,335,5.0,36,-2126
ABplaaaaa,102,157,343,5.0,36,-2512
ABplaaaaa,103,148,346,4.5,38,-1391
ABplaaaaa,104,154,343,5.0,38,-2748
ABplaaaaa,105,154,350,5.3,38,-2246
ABplaaaaa,106,160,343,5.1,38,-2198
ABplaaaaa,107,161,343,5.0,36,-2560
ABplaaaaa,108,157,333,4.8,36,-1555
ABplaaaaa,109,161,331,4.2,36,-168
ABplaaaaa,110,160,326,4.1,36,-1760
ABplaaaaa,111,161,319,4.1,38,-124
ABplaaaaa,112,160,319,3.4,38,1455
ABplaaaaa,113,166,318,4.0,38,-152
ABplaaaaa,114,162,315,4.1,38,409
ABplaaaaa,115,166,304,3.4,39,821
ABplaaaaa,116,159,306,4.0,39,-714
ABplaaaaa,117,156,312,4.3,38,273
ABplaaaaa,118,159,315,4.3,37,-118
ABplaaaaa,119,160,314,4.2,32,1018
ABplaaaaa,120,164,321,4.9,31,-2013
ABplaaaaaa,121,133,318,4.2,30,-1377
ABplaaaaaa,122,131,324,4.2,28,-1378
ABplaaaaaa,123,131,328,4.0,30,669
ABplaaaaaa,124,131,321,3.9,30,-1103
ABplaaaaaa,125,132,316,4.0,30,-924
ABplaaaaaa,126,140,312,3.9,30,856
ABplaaaaaa,127,145,311,4.1,30,-1316
ABplaaaaaa,128,141,308,4.2,32,-157
ABplaaaaaa,129,133,317,3.4,26,545
ABplaaaaaa,130,133,317,3.4,26,-1049
ABplaaaaaa,131,144,329,4.0,30,125
ABplaaaaaa,132,142,329,4.1,30,-1686
ABplaaaaaa,133,153,329,3.9,30,-1612
ABplaaaaaa,134,150,332,4.1,30,-2676
ABplaaaaaa,135,150,332,4.8,30,904
ABplaaaaaa,136,152,333,4.2,32,-1000
ABplaaaaaa,137,153,326,3.9,30,-527
ABplaaaaaa,138,151,327,3.9,30,-559
ABplaaaaaa,139,150,325,3.9,30,-344
ABplaaaaaa,140,150,322,3.8,30,46
ABplaaaaaa,141,154,330,3.9,30,-870
ABplaaaaaa,142,151,324,3.8,30,-604
ABplaaaaaa,143,156,328,3.9,30,-1160
ABplaaaaaa,144,154,337,3.9,30,-541
ABplaaaaaa,145,155,333,3.9,30,-1489
ABplaaaaaa,146,157,337,3.9,30,-1225
ABplaaaaaa,147,156,332,3.3,32,119
ABplaaaaaa,148,160,334,3.3,32,1393
ABplaaaaaa,149,159,329,3.4,34,611
ABplaaaaaa,150,161,330,3.1,34,1799
ABplaaaaaa,151,158,323,3.4,32,554
ABplaaaaaa,152,161,321,3.2,34,-202
ABplaaaaaa,153,164,323,3.2,31,1015
ABplaaaaaa,154,154,319,3.3,34,782
ABplaaaaaa,155,156,321,3.2,31,-98
ABplaaaaaa,156,158,330,3.2,34,-63
ABplaaaaaa,157,155,327,3.3,31,-1370
ABplaaaaaa,158,152,323,3.3,34,1211
ABplaaaaaa,159,147,326,3.2,31,-649
ABplaaaaaa,160,156,323,3.2,32,322
ABplaaaaap,121,178,320,4.8,30,-1566
ABplaaaaap,122,183,327,4.8,30,-381
ABplaaaaap,123,185,319,4.0,30,495
ABplaaaaap,124,190,326,3.5,32,1119
ABplaaaaap,125,190,334,4.1,34,790
ABplaaaaap,126,182,331,4.3,34,-502
ABplaaaaap,127,180,331,4.1,34,-1075
ABplaaaaap,128,176,324,4.3,34,-182
ABplaaaaap,129,177,325,4.4,34,337
ABplaaaaap,130,180,325,4.3,34,886
ABplaaaaap,131,181,324,4.8,30,-2524
ABplaaaaap,132,178,325,4.1,32,180
ABplaaaaap,133,185,323,4.8,30,-349
ABplaaaaap,134,182,324,4.2,32,-399
ABplaaaaap,135,180,326,4.0,30,776
ABplaaaaap,136,187,328,4.1,32,1401
ABplaaaaap,137,188,322,3.4,32,2011
ABplaaaaap,138,185,320,3.4,34,770
ABplaaaaap,139,182,318,3.4,34,2257
ABplaaaaap,140,184,322,3.4,34,2557
ABplaaaaap,141,189,323,3.4,34,1132
ABplaaaaap,142,184,321,3.6,34,473
ABplaaaaap,143,194,324,4.0,32,308
ABplaaaaap,144,191,327,3.3,34,801
ABplaaaaap,145,191,332,3.3,26,-362
ABplaaaaap,146,194,328,3.4,34,2644
ABplaaaaap,147,193,322,3.4,34,2695
ABplaaaaap,148,198,322,4.1,34,52
ABplaaaaap,149,195,317,4.0,34,1047
ABplaaaaap,150,196,317,4.1,34,1131
ABplaaaaap,151,199,318,4.2,34,-545
ABplaaaaap,152,196,311,4.1,34,1348
ABplaaaaap,153,197,314,4.4,31,-638
ABplaaaaap,154,191,310,4.4,34,-230
ABplaaaaap,155,189,316,5.1,31,-2675
ABplaaaaap,156,186,326,5.4,32,-3004
ABplaaaaap,157,189,325,5.3,31,-988
ABplaaaaap,158,193,319,5.8,30,-1315
ABplaaaaapa,159,179,322,6.2,31,-888
ABplaaaaapa,160,179,320,6.1,29,-1860
ABplaaaaapp,159,204,313,3.3,31,2185
ABplaaaaapp,160,207,309,4.0,30,-1003
ABplaaaap,88,172,316,4.4,33,-834
ABplaaaap,89,168,329,5.2,35,-1166
ABplaaaap,90,170,337,4.8,36,-1806
ABplaaaap,91,172,338,5.0,35,-1259
ABplaaaap,92,177,341,5.0,35,-2441
ABplaaaap,93,169,336,4.2,37,-1494
ABplaaaap,94,171,339,4.1,35,460
ABplaaaap,95,170,342,4.0,37,39
ABplaaaap,96,170,337,4.0,36,-1526
ABplaaaap,97,172,341,4.0,36,-767
ABplaaaap,98,175,339,4.0,36,-877
ABplaaaap,99,180,338,4.0,38,-85
ABplaaaap,100,188,340,3.4,38,620
ABplaaaap,101,198,332,3.9,36,624
ABplaaaap,102,198,327,3.4,38,1571
ABplaaaap,103,191,331,4.0,36,-681
ABplaaaap,104,197,337,4.0,36,461
ABplaaaap,105,193,337,4.1,38,-63
ABplaaaap,106,193,330,4.1,36,-501
ABplaaaap,107,197,327,4.2,38,701
ABplaaaap,108,196,326,4.1,36,265
ABplaaaap,109,198,314,4.1,36,164
ABplaaaap,110,202,315,4.1,36,-181
ABplaaaap,111,203,313,4.0,36,735
ABplaaaap,112,209,311,3.4,40,2805
ABplaaaap,113,213,308,3.4,40,1073
ABplaaaap,114,209,310,3.4,40,2043
ABplaaaap,115,216,306,3.4,39,2740
ABplaaaap,116,216,309,4.0,37,1406
ABplaaaap,117,208,315,4.8,34,-1419
ABplaaaap,118,210,302,4.3,37,104
ABplaaaap,119,214,304,4.1,32,-629
ABplaaaap,120,219,312,4.9,31,-2196
ABplaaaapa,121,203,299,4.9,30,-2451
ABplaaaapa,122,206,305,4.2,30,-1305
ABplaaaapa,123,207,302,3.5,32,3537
ABplaaaapa,124,206,303,3.3,32,3100
ABplaaaapa,125,212,315,3.2,30,738
ABplaaaapa,126,210,320,3.2,30,1459
ABplaaaapa,127,211,317,3.4,32,2579
ABplaaaapa,128,210,319,3.5,32,2828
ABplaaaapa,129,209,314,3.9,30,480
ABplaaaapa,130,213,310,3.8,30,485
ABplaaaapa,131,212,308,3.2,32,2708
ABplaaaapa,132,206,308,3.8,30,2634
ABplaaaapa,133,209,306,3.4,32,1871
ABplaaaapa,134,212,306,3.4,32,1110
ABplaaaapa,135,210,310,3.3,32,3439
ABplaaaapa,136,212,307,3.3,32,2213
ABplaaaapa,137,213,301,3.4,32,-346
ABplaaaapa,138,215,299,3.8,30,-730
ABplaaaapa,139,220,301,3.2,32,1560
ABplaaaapa,140,217,300,3.1,32,927
ABplaaaapa,141,218,300,3.1,32,1092
ABplaaaapa,142,218,302,3.2,32,2356
ABplaaaapa,143,224,303,3.2,32,3000
ABplaaaapa,144,225,301,3.2,32,2139
ABplaaaapa,145,227,304,3.3,32,2116
ABplaaaapa,146,228,303,3.9,30,642
ABplaaaapa,147,229,310,3.3,32,2883
ABplaaaapa,148,234,304,3.5,32,1483
ABplaaaapa,149,234,300,3.8,30,830
ABplaaaapa,150,235,299,3.3,34,1878
ABplaaaapa,151,236,302,3.3,32,2530
ABplaaaapa,152,236,302,3.3,32,1945
ABplaaaapa,153,234,297,3.4,31,2098
ABplaaaapa,154,236,297,3.4,34,1946
ABplaaaapa,155,238,300,3.9,29,-270
ABplaaaapa,156,233,306,4.0,30,1009
ABplaaaapa,157,233,303,3.5,31,1739
ABplaaaapa,158,232,306,3.8,30,2904
ABplaaaapa,159,234,303,3.9,29,-155
ABplaaaapa,160,239,294,3.9,30,1220
ABplaaaapp,121,245,315,4.1,28,-154
ABplaaaapp,122,251,323,4.5,28,310
ABplaaaapp,123,255,323,4.7,30,-1472
ABplaaaapp,124,255,320,4.3,30,-998
ABplaaaapp,125,251,319,4.2,32,-421
ABplaaaapp,126,251,321,4.1,30,797
ABplaaaapp,127,251,316,4.1,30,1096
ABplaaaapp,128,249,315,3.9,30,1689
ABplaaaapp,129,247,309,4.0,30,578
ABplaaaapp,130,246,312,4.0,30,1126
ABplaaaapp,131,243,307,4.1,30,773
ABplaaaapp,132,241,307,4.0,30,-509
ABplaaaapp,133,241,306,4.0,30,-389
ABplaaaapp,134,241,313,3.9,30,1652
ABplaaaapp,135,243,314,3.5,32,2667
ABplaaaapp,136,245,316,3.4,32,2698
ABplaaaapp,137,243,313,3.9,30,444
ABplaaaapp,138,248,314,3.7,30,1375
ABplaaaapp,139,258,316,3.3,32,2848
ABplaaaapp,140,255,316,3.1,30,2962
ABplaaaapp,141,254,316,3.2,32,1250
ABplaaaapp,142,254,317,3.2,30,2063
ABplaaaapp,143,260,319,3.2,32,1281
ABplaaaapp,144,265,313,3.2,30,2649
ABplaaaapp,145,265,316,3.1,30,1678
ABplaaaapp,146,265,320,3.1,30,-698
ABplaaaapp,147,268,317,3.2,30,1124
ABplaaaapp,148,269,314,3.2,34,3095
ABplaaaapp,149,268,315,3.8,30,-754
ABplaaaapp,150,273,315,3.3,32,1017
ABplaaaapp,151,274,316,3.3,32,525
ABplaaaapp,152,274,315,3.2,32,1147
ABplaaaapp,153,268,312,3.0,29,2850
ABplaaaapp,154,269,308,3.7,30,1050
ABplaaaapp,155,271,309,3.3,31,1443
ABplaaaapp,156,267,312,3.1,30,1233
ABplaaaapp,157,264,316,3.3,31,1797
ABplaaaapp,158,267,315,3.2,30,858
ABplaaaapp,159,266,314,3.3,31,1586
ABplaaaapp,160,263,316,3.7,30,1839
ABplaaap,65,191,232,4.4,31,-3516
ABplaaap,66,190,227,4.3,38,-798
ABplaaap,67,197,222,6.1,41,-3192
ABplaaap,68,194,210,5.0,45,-1670
ABplaaap,69,187,209,5.1,47,-2770
ABplaaap,70,188,207,5.0,44,-2285
ABplaaap,71,184,209,5.1,46,-2526
ABplaaap,72,188,204,4.3,46,-557
ABplaaap,73,188,212,5.0,44,-2034
ABplaaap,74,195,215,5.0,44,-2687
ABplaaap,75,190,217,5.0,44,-2852
ABplaaap,76,192,228,5.0,44,-2278
ABplaaap,77,186,238,5.9,44,-3319
ABplaaap,78,190,243,5.0,44,-3030
ABplaaap,79,194,252,5.0,46,-1958
ABplaaap,80,203,262,5.2,46,-2063
ABplaaap,81,207,272,6.0,44,-2705
ABplaaap,82,216,271,5.9,44,-3107
ABplaaap,83,225,271,5.2,44,-2538
ABplaaap,84,235,280,5.2,44,-2701
ABplaaap,85,231,286,5.2,45,-2581
ABplaaap,86,228,297,5.2,34,-1741
ABplaaapa,87,206,300,5.3,28,-1556
ABplaaapa,88,203,302,5.3,33,-3014
ABplaaapa,89,198,309,5.0,37,-668
ABplaaapa,90,201,315,5.0,36,-852
ABplaaapa,91,208,317,5.1,37,-2827
ABplaaapa,92,209,323,4.3,37,843
ABplaaapa,93,204,324,4.9,35,-1362
ABplaaapa,94,204,325,4.2,37,-1429
ABplaaapa,95,208,328,4.0,35,1034
ABplaaapa,96,207,327,4.1,36,-483
ABplaaapa,97,210,330,4.1,36,-1082
ABplaaapa,98,217,329,4.1,36,-67
ABplaaapa,99,214,324,4.0,36,1272
ABplaaapa,100,223,320,4.1,36,-212
ABplaaapa,101,229,320,4.7,36,-1415
ABplaaapa,102,232,321,4.9,36,-106
ABplaaapa,103,230,326,4.2,36,-335
ABplaaapa,104,235,323,4.0,36,444
ABplaaapa,105,233,324,4.1,36,371
ABplaaapa,106,234,330,4.0,36,-438
ABplaaapa,107,240,326,4.1,36,-522
ABplaaapa,108,239,322,3.9,36,800
ABplaaapa,109,241,321,4.0,36,-1031
ABplaaapa,110,246,322,3.9,36,717
ABplaaapa,111,249,325,3.8,36,1752
ABplaaapa,112,255,323,3.9,36,516
ABplaaapa,113,260,320,3.3,38,1721
ABplaaapa,114,261,316,3.9,36,621
ABplaaapa,115,254,327,3.4,37,2350
ABplaaapa,116,246,329,3.3,37,1436
ABplaaapa,117,244,328,3.4,36,1374
ABplaaapa,118,244,323,3.3,37,1209
ABplaaapa,119,238,339,4.0,34,-1101
ABplaaapa,120,247,344,4.9,31,-3315
ABplaaapaa,121,239,345,5.9,30,-3017
ABplaaapaa,122,225,345,5.0,26,-1306
ABplaaapaa,123,223,343,4.9,30,-534
ABplaaapaa,124,222,339,4.8,30,-1684
ABplaaapaa,125,220,345,4.2,30,194
ABplaaapaa,126,219,348,4.1,30,-173
ABplaaapaa,127,224,345,3.7,30,1448
ABplaaapaa,128,224,346,3.9,30,-291
ABplaaapaa,129,224,339,3.7,30,318
ABplaaapaa,130,228,344,4.1,28,-918
ABplaaapaa,131,229,339,4.1,30,1044
ABplaaapaa,132,227,339,4.1,30,-973
ABplaaapaa,133,229,340,4.1,30,-628
ABplaaapaa,134,225,343,4.0,30,2206
ABplaaapaa,135,228,345,4.0,28,-1087
ABplaaapaa,136,227,346,3.8,30,1112
ABplaaapaa,137,229,345,3.8,30,-437
ABplaaapaa,138,223,339,3.7,30,-607
ABplaaapaa,139,233,335,3.8,30,4163
ABplaaapaa,140,233,338,4.0,30,-349
ABplaaapaa,141,231,340,3.9,30,1
ABplaaapaa,142,237,341,3.8,30,168
ABplaaapaa,143,241,344,3.9,30,-22
ABplaaapaa,144,240,342,4.0,30,838
ABplaaapaa,145,242,346,3.9,30,654
ABplaaapaa,146,243,348,3.7,30,260
ABplaaapaa,147,240,346,3.8,30,209
ABplaaapaa,148,243,345,3.7,30,48
ABplaaapaa,149,236,345,3.7,30,52
ABplaaapaa,150,241,343,3.6,30,2875
ABplaaapaa,151,237,346,3.2,28,175
ABplaaapaa,152,234,344,3.1,30,1129
ABplaaapaa,153,228,343,3.3,29,597
ABplaaapaa,154,223,342,3.5,28,176
ABplaaapaa,155,218,344,3.7,29,458
ABplaaapaa,156,215,351,3.7,30,-516
ABplaaapaa,157,214,358,3.2,29,3149
ABplaaapaa,158,209,356,3.7,30,-1753
ABplaaapaa,159,209,352,3.4,31,1679
ABplaaapaa,160,207,351,3.7,30,-286
ABplaaapap,121,270,350,4.2,30,-688
ABplaaapap,122,272,356,4.1,30,-928
ABplaaapap,123,276,356,4.2,30,-809
ABplaaapap,124,270,355,4.0,34,-402
ABplaaapap,125,268,355,4.1,34,-124
ABplaaapap,126,267,353,4.3,34,493
ABplaaapap,127,266,351,4.1,32,1571
ABplaaapap,128,264,352,3.4,32,1565
ABplaaapap,129,265,347,3.5,32,1954
ABplaaapap,130,267,353,4.0,34,1008
ABplaaapap,131,268,347,4.1,32,524
ABplaaapap,132,262,346,4.0,34,2314
ABplaaapap,133,262,350,3.4,34,2422
ABplaaapap,134,258,354,3.5,34,1858
ABplaaapap,135,259,354,4.1,34,1737
ABplaaapap,136,260,361,3.6,32,2253
ABplaaapap,137,263,358,3.4,34,-111
ABplaaapap,138,255,359,3.4,34,934
ABplaaapap,139,259,361,3.5,32,1754
ABplaaapap,140,261,361,3.5,32,2260
ABplaaapap,141,256,365,3.4,34,2303
ABplaaapap,142,259,367,3.4,32,616
ABplaaapap,143,259,372,4.2,34,598
ABplaaapap,144,260,370,4.3,34,-317
ABplaaapap,145,255,377,4.3,34,821
ABplaaapap,146,253,379,4.4,34,-250
ABplaaapap,147,247,376,4.2,34,-1333
ABplaaapap,148,244,375,4.1,34,196
ABplaaapap,149,243,374,4.3,34,2163
ABplaaapap,150,248,376,4.2,34,636
ABplaaapap,151,246,379,4.1,34,1771
ABplaaapap,152,244,378,4.2,32,2241
ABplaaapap,153,240,378,4.2,31,-500
ABplaaapap,154,236,377,4.2,34,1739
ABplaaapap,155,239,374,3.6,31,2385
ABplaaapap,156,235,378,4.1,34,1618
ABplaaapap,157,228,379,4.2,31,2646
ABplaaapap,158,228,381,4.4,32,2108
ABplaaapap,159,228,381,4.4,32,1394
ABplaaapap,160,232,383,4.3,32,1011
ABplaaapp,87,244,315,5.2,28,-2945
ABplaaapp,88,263,307,5.1,31,-4316
ABplaaapp,89,264,309,5.0,37,-1774
ABplaaapp,90,269,315,5.0,38,-2490
ABplaaapp,91,276,317,5.1,39,-2949
ABplaaapp,92,276,327,5.0,39,-2407
ABplaaapp,93,273,323,4.3,39,-1154
ABplaaapp,94,271,318,4.2,39,44
ABplaaapp,95,273,318,4.3,39,-279
ABplaaapp,96,271,312,4.8,36,-1879
ABplaaapp,97,272,319,4.3,40,-125
ABplaaapp,98,272,313,5.1,40,-2058
ABplaaapp,99,273,312,4.3,38,-383
ABplaaapp,100,272,315,4.4,38,-1463
ABplaaapp,101,277,313,4.3,38,37
ABplaaapp,102,280,313,4.3,38,1117
ABplaaapp,103,279,320,4.2,40,-507
ABplaaapp,104,285,328,5.1,40,-2602
ABplaaapp,105,283,332,4.3,40,-438
ABplaaapp,106,285,341,4.3,38,-394
ABplaaapp,107,291,340,4.4,40,-1140
ABplaaapp,108,293,340,4.3,40,332
ABplaaapp,109,290,339,4.3,40,-103
ABplaaapp,110,294,342,4.4,38,-689
ABplaaapp,111,303,340,5.0,40,-2619
ABplaaapp,112,310,340,4.3,40,28
ABplaaapp,113,308,331,4.4,40,-309
ABplaaapp,114,302,331,4.3,40,-1104
ABplaaapp,115,300,333,4.3,39,-621
ABplaaapp,116,290,332,5.1,35,-1840
ABplaaapp,117,295,338,5.1,28,-2884
ABplaaappa,118,277,342,5.2,31,-1954
ABplaaappa,119,274,344,5.0,28,-1606
ABplaaappa,120,281,350,5.1,31,-1756
ABplaaappa,121,293,361,4.2,26,210
ABplaaappa,122,293,377,4.2,30,-467
ABplaaappa,123,288,384,5.1,34,-2672
ABplaaappa,124,281,384,5.0,30,-3008
ABplaaappa,125,282,387,4.5,32,-1884
ABplaaappa,126,283,385,4.4,34,-1323
ABplaaappa,127,284,382,4.4,32,-1257
ABplaaappa,128,286,381,4.4,34,-474
ABplaaappa,129,289,377,4.2,34,276
ABplaaappa,130,290,377,4.3,34,590
ABplaaappa,131,291,372,4.2,32,1246
ABplaaappa,132,290,370,4.1,30,30
ABplaaappa,133,292,374,4.2,32,-931
ABplaaappa,134,292,378,4.1,32,-1296
ABplaaappa,135,297,383,4.2,32,-805
ABplaaappa,136,299,384,4.3,34,-823
ABplaaappa,137,297,389,4.3,34,-1471
ABplaaappa,138,291,386,4.2,32,-1152
ABplaaappa,139,292,389,4.9,30,-2021
ABplaaappa,140,293,387,4.2,30,1
ABplaaappa,141,288,391,4.2,30,-409
ABplaaappa,142,288,385,4.9,30,-2963
ABplaaappa,143,292,387,4.9,30,-1662
ABplaaappa,144,291,382,4.8,30,-1217
ABplaaappa,145,286,381,4.2,30,-1837
ABplaaappa,146,285,385,4.3,30,-2365
ABplaaappa,147,282,384,4.9,30,-1541
ABplaaappa,148,281,384,4.3,34,-928
ABplaaappa,149,278,383,4.2,30,-1539
ABplaaappa,150,280,383,4.3,30,-4160
ABplaaappa,151,279,384,4.3,32,-142
ABplaaappa,152,278,382,4.8,30,-2601
ABplaaappa,153,273,376,4.2,29,-170
ABplaaappa,154,273,377,4.2,30,-2850
ABplaaappa,155,273,377,4.3,31,-1992
ABplaaappa,156,270,383,4.8,30,-2016
ABplaaappa,157,263,387,4.3,31,-1387
ABplaaappa,158,258,385,4.3,32,-1939
ABplaaappa,159,263,384,4.4,31,-2579
ABplaaappa,160,261,385,4.4,34,-1705
ABplaaappp,118,334,336,5.1,29,-2461
ABplaaappp,119,335,342,5.2,32,-2066
ABplaaappp,120,339,349,5.1,33,-1220
ABplaaappp,121,345,358,4.2,34,-397
ABplaaappp,122,336,362,3.5,34,1739
ABplaaappp,123,331,368,4.1,34,-92
ABplaaappp,124,324,367,4.1,34,25
ABplaaappp,125,322,365,3.4,34,2029
ABplaaappp,126,321,360,4.2,34,657
ABplaaappp,127,317,361,4.1,34,1229
ABplaaappp,128,319,359,4.0,34,925
ABplaaappp,129,323,355,3.3,34,2474
ABplaaappp,130,323,354,4.1,34,245
ABplaaappp,131,325,349,4.3,34,611
ABplaaappp,132,322,352,4.1,34,-200
ABplaaappp,133,321,350,4.1,34,1004
ABplaaappp,134,320,351,4.1,34,-278
ABplaaappp,135,326,354,4.2,34,322
ABplaaappp,136,328,353,4.2,34,-753
ABplaaappp,137,323,359,4.1,34,373
ABplaaappp,138,319,359,4.2,34,-1382
ABplaaappp,139,324,368,3.4,34,850
ABplaaappp,140,324,367,3.4,34,2493
ABplaaappp,141,314,362,4.0,34,-550
ABplaaappp,142,317,367,4.1,34,1751
ABplaaappp,143,322,371,4.1,34,-80
ABplaaappp,144,322,366,4.0,34,-456
ABplaaappp,145,317,367,4.1,34,-571
ABplaaappp,146,313,371,4.0,34,-704
ABplaaappp,147,314,369,3.4,34,1326
ABplaaappp,148,311,365,3.4,34,1492
ABplaaappp,149,308,367,3.5,32,196
ABplaaappp,150,309,366,4.1,34,-52
ABplaaappp,151,306,369,4.2,34,-1405
ABplaaappp,152,303,366,4.1,34,-364
ABplaaappp,153,302,363,4.0,31,4
ABplaaappp,154,299,358,4.1,34,224
ABplaaappp,155,299,360,4.1,31,757
ABplaaappp,156,293,369,4.1,34,-764
ABplaaappp,157,287,369,4.1,31,1079
ABplaaappp,158,285,373,4.1,34,1118
ABplaaappp,159,284,369,4.1,31,-473
ABplaaappp,160,285,371,4.1,32,-762
ABplaap,47,212,259,9.1,50,-582
ABplaap,48,222,274,9.9,55,-80
ABplaap,49,220,290,9.8,53,-1222
ABplaap,50,229,300,9.1,53,-704
ABplaap,51,230,290,8.2,55,-1179
ABplaap,52,219,284,7.3,53,-2113
ABplaap,53,217,282,7.4,55,-2622
ABplaap,54,218,290,7.1,55,-2266
ABplaap,55,220,288,8.1,53,-1866
ABplaap,56,223,296,8.2,54,-1837
ABplaap,57,216,291,8.1,55,-1869
ABplaap,58,219,290,7.3,54,-1609
ABplaap,59,224,288,8.0,57,-1510
ABplaap,60,223,284,7.4,54,-2187
ABplaap,61,222,288,7.2,55,-2315
ABplaap,62,220,286,6.4,53,-3141
ABplaap,63,210,286,7.0,34,-112
ABplaapa,64,182,283,7.2,33,-348
ABplaapa,65,179,290,7.0,43,-1130
ABplaapa,66,168,289,6.1,40,-2603
ABplaapa,67,168,283,5.3,41,-2329
ABplaapa,68,170,284,6.0,43,-2452
ABplaapa,69,165,279,5.1,43,-2770
ABplaapa,70,162,285,5.0,44,-2683
ABplaapa,71,166,284,4.9,44,-1697
ABplaapa,72,168,284,5.0,46,-2418
ABplaapa,73,167,292,4.4,46,-380
ABplaapa,74,165,294,4.9,44,-2319
ABplaapa,75,162,292,5.1,44,-2242
ABplaapa,76,163,299,5.1,46,-2230
ABplaapa,77,159,302,5.9,44,-1949
ABplaapa,78,164,312,5.9,44,-1301
ABplaapa,79,164,320,5.9,44,-2126
ABplaapa,80,171,324,6.1,44,-2389
ABplaapa,81,169,329,6.0,44,-2444
ABplaapa,82,172,328,5.2,46,-1329
ABplaapa,83,177,331,5.1,46,-2063
ABplaapa,84,179,333,5.0,44,-2348
ABplaapa,85,180,336,5.2,37,-1827
ABplaapaa,86,156,343,6.1,32,-1036
ABplaapaa,87,144,358,7.2,32,-560
ABplaapaa,88,150,366,6.9,37,-1695
ABplaapaa,89,146,374,7.4,39,-510
ABplaapaa,90,147,381,8.0,40,-758
ABplaapaa,91,155,382,7.3,39,506
ABplaapaa,92,161,382,7.4,37,-122
ABplaapaa,93,169,386,7.1,35,-740
ABplaapaa,94,164,380,7.9,35,-1062
ABplaapaa,95,167,380,7.9,35,-1220
ABplaapaa,96,171,377,7.2,36,-854
ABplaapaa,97,172,382,7.1,38,-1353
ABplaapaa,98,178,378,6.9,36,-1852
ABplaapaa,99,175,376,7.0,36,-1602
ABplaapaa,100,178,381,6.3,38,-1439
ABplaapaa,101,178,377,6.1,36,-1467
ABplaapaa,102,192,381,6.0,36,-2556
ABplaapaa,103,189,386,6.1,38,-2287
ABplaapaa,104,187,389,6.1,38,-1194
ABplaapaa,105,192,388,6.1,36,-1471
ABplaapaa,106,192,385,6.9,36,-315
ABplaapaa,107,195,384,5.9,36,-1646
ABplaapaa,108,200,376,5.9,36,-2109
ABplaapaa,109,198,372,5.0,36,-2884
ABplaapaa,110,193,375,5.1,38,-1427
ABplaapaa,111,195,373,4.4,40,150
ABplaapaa,112,196,367,4.4,38,317
ABplaapaa,113,200,365,4.2,38,1652
ABplaapaa,114,185,364,4.4,38,1537
ABplaapaa,115,179,353,4.4,37,1383
ABplaapaa,116,176,360,6.0,35,-819
ABplaapaaa,117,150,359,6.3,28,-537
ABplaapaaa,118,150,359,6.3,28,1285
ABplaapaaa,119,150,362,6.3,30,-633
ABplaapaaa,120,151,365,6.2,33,2945
ABplaapaaa,121,146,360,6.2,26,6456
ABplaapaaa,122,149,354,6.1,32,4662
ABplaapaaa,123,145,356,6.1,30,6807
ABplaapaaa,124,142,354,6.0,30,7817
ABplaapaaa,125,145,354,6.2,32,6075
ABplaapaaa,126,150,358,6.8,30,9081
ABplaapaaa,127,153,364,5.4,32,4581
ABplaapaaa,128,151,360,6.0,30,11088
ABplaapaaa,129,161,362,6.8,30,8663
ABplaapaaa,130,155,359,6.9,30,11362
ABplaapaaa,131,160,364,6.4,34,10778
ABplaapaaa,132,162,371,6.1,30,10234
ABplaapaaa,133,161,365,6.4,32,13360
ABplaapaaa,134,158,365,7.1,32,15602
ABplaapaaa,135,165,369,7.0,30,17999
ABplaapaaa,136,161,368,7.0,34,13771
ABplaapaaa,137,166,363,6.1,30,13841
ABplaapaaa,138,166,356,6.4,34,13587
ABplaapaaa,139,158,361,5.5,32,10355
ABplaapaaa,140,159,359,5.4,34,13789
ABplaapaaa,141,152,367,6.1,30,17044
ABplaapaaa,142,153,359,5.6,32,13593
ABplaapaaa,143,157,367,6.2,32,15821
ABplaapaaa,144,156,368,6.1,30,19861
ABplaapaaa,145,152,366,6.3,34,16384
ABplaapaaa,146,153,367,6.1,30,15775
ABplaapaaa,147,151,360,5.4,34,16612
ABplaapaaa,148,153,362,5.2,34,13141
ABplaapaaa,149,156,360,5.2,30,19161
ABplaapaaa,150,156,360,5.3,34,14581
ABplaapaaa,151,155,357,5.2,32,18754
ABplaapaaa,152,155,355,5.1,34,17084
ABplaapaaa,153,148,353,5.2,31,18786
ABplaapaaa,154,145,354,4.6,32,15127
ABplaapaaa,155,142,356,5.0,29,19869
ABplaapaaa,156,141,362,5.1,32,20068
ABplaapaaa,157,142,358,5.1,31,23304
ABplaapaaa,158,141,355,5.1,32,20264
ABplaapaaa,159,137,359,5.2,31,17542
ABplaapaaa,160,131,355,5.1,34,17825
ABplaapaap,117,201,363,5.1,28,-348
ABplaapaap,118,205,357,4.4,26,-638
ABplaapaap,119,202,361,4.9,32,890
ABplaapaap,120,199,361,4.1,31,1459
ABplaapaap,121,198,358,4.3,32,2830
ABplaapaap,122,187,370,5.2,34,4786
ABplaapaap,123,185,371,5.2,34,4567
ABplaapaap,124,182,372,5.3,34,4694
ABplaapaap,125,179,373,5.3,34,3617
ABplaapaap,126,184,373,5.2,32,7142
ABplaapaap,127,189,368,5.1,26,9164
ABplaapaap,128,189,368,5.1,26,14959
ABplaapaap,129,191,365,4.6,34,5979
ABplaapaap,130,190,363,6.0,34,11455
ABplaapaap,131,193,364,5.3,34,8949
ABplaapaap,132,195,369,5.2,34,8471
ABplaapaap,133,201,368,5.2,32,9307
ABplaapaap,134,198,370,5.1,32,13123
ABplaapaap,135,198,370,5.1,32,6876
ABplaapaap,136,198,375,5.3,34,10566
ABplaapaap,137,199,372,5.2,34,13856
ABplaapaap,138,196,371,4.6,34,10290
ABplaapaap,139,197,373,5.3,34,15079
ABplaapaap,140,196,375,5.5,32,16122
ABplaapaap,141,194,377,5.8,29,16967
ABplaapaap,142,192,379,6.0,26,20957
ABplaapaap,143,199,383,5.2,34,18160
ABplaapaap,144,198,384,5.3,34,19499
ABplaapaap,145,197,385,5.5,34,13833
ABplaapaap,146,195,386,5.6,34,17317
ABplaapaap,147,194,387,5.7,34,17122
ABplaapaap,148,193,388,5.9,34,22761
ABplaapaap,149,191,389,6.0,33,24602
ABplaapaap,150,188,388,5.9,33,20694
ABplaapaap,151,185,386,5.7,33,17646
ABplaapaap,152,182,385,5.6,33,19251
ABplaapaap,153,179,383,5.4,33,16544
ABplaapaap,154,176,381,5.3,34,18107
ABplaapaap,155,176,381,5.3,34,15540
ABplaapaap,156,177,388,6.3,34,19034
ABplaapaap,157,173,381,6.4,31,5323
ABplaapaap,158,173,379,7.0,30,6943
ABplaapaap,159,174,377,6.4,31,5289
ABplaapaapa,160,155,361,7.8,30,2957
ABplaapaapp,160,196,384,7.0,26,3275
ABplaapap,86,204,361,5.1,28,-3029
ABplaapap,87,202,369,5.2,32,-3287
ABplaapap,88,218,358,5.0,37,-2170
ABplaapap,89,217,366,5.1,37,-2764
ABplaapap,90,220,371,4.9,36,-3636
ABplaapap,91,228,370,4.1,37,-1887
ABplaapap,92,235,375,4.1,37,-1905
ABplaapap,93,239,376,4.2,39,-1652
ABplaapap,94,237,373,4.2,37,-1717
ABplaapap,95,232,382,5.1,37,-2901
ABplaapap,96,233,374,5.0,36,-2585
ABplaapap,97,234,379,4.5,38,-2534
ABplaapap,98,242,377,4.2,38,-684
ABplaapap,99,238,371,5.0,36,-3075
ABplaapap,100,241,372,5.0,36,-2927
ABplaapap,101,240,374,4.9,36,-3099
ABplaapap,102,248,369,4.2,36,-1391
ABplaapap,103,240,375,4.4,38,-2195
ABplaapap,104,245,375,4.5,38,-1936
ABplaapap,105,249,373,4.4,40,-507
ABplaapap,106,245,379,5.2,40,-3433
ABplaapap,107,250,381,5.0,38,-2477
ABplaapap,108,256,379,4.5,40,-389
ABplaapap,109,258,383,4.4,40,964
ABplaapap,110,257,385,5.0,38,-2797
ABplaapap,111,249,383,5.1,38,-983
ABplaapap,112,248,378,4.5,40,-1178
ABplaapap,113,250,376,5.0,36,-1484
ABplaapap,114,237,376,5.1,36,-109
ABplaapap,115,230,372,5.3,37,-408
ABplaapap,116,230,375,6.0,35,-16
ABplaapap,117,239,378,5.2,30,-2934
ABplaapapa,118,225,376,5.9,33,-1486
ABplaapapa,119,213,384,5.3,30,-1845
ABplaapapa,120,216,382,5.2,31,-1567
ABplaapapa,121,220,383,5.0,30,-624
ABplaapapa,122,221,383,5.1,30,1337
ABplaapapa,123,215,381,5.0,30,-8
ABplaapapa,124,209,379,4.9,30,912
ABplaapapa,125,211,381,5.0,30,584
ABplaapapa,126,215,383,5.0,30,4859
ABplaapapa,127,214,388,5.1,30,2001
ABplaapapa,128,216,387,5.1,30,3965
ABplaapapa,129,220,381,5.1,30,2301
ABplaapapa,130,216,386,6.0,30,2294
ABplaapapa,131,216,389,6.0,30,1443
ABplaapapa,132,217,396,6.0,30,7035
ABplaapapa,133,221,393,5.8,30,3710
ABplaapapa,134,219,395,6.0,30,3787
ABplaapapa,135,217,397,6.1,30,5235
ABplaapapa,136,216,399,6.4,32,4856
ABplaapapa,137,215,399,6.8,30,9720
ABplaapapa,138,206,404,6.9,30,6249
ABplaapapa,139,210,403,6.5,32,8732
ABplaapapa,140,208,407,7.0,30,9114
ABplaapapa,141,204,406,7.4,32,6785
ABplaapapa,142,206,405,7.5,32,6436
ABplaapapa,143,208,404,7.5,32,7940
ABplaapapa,144,210,394,8.2,32,9951
ABplaapapa,145,210,390,8.8,32,9469
ABplaapapa,146,210,385,9.4,33,8877
ABplaapapa,147,211,380,10.0,34,5492
ABplaapapa,148,210,375,9.1,34,7393
ABplaapapa,149,211,369,9.1,34,9561
ABplaapapa,150,210,367,9.1,34,7971
ABplaapapa,151,211,365,9.1,34,9754
ABplaapapa,152,214,359,9.1,34,10022
ABplaapapa,153,216,356,9.1,31,7337
ABplaapapa,154,214,354,10.2,34,10399
ABplaapapa,155,216,352,10.1,31,12033
ABplaapapa,156,213,356,10.1,34,8461
ABplaapapa,157,209,356,9.1,31,7282
ABplaapapa,158,208,357,10.1,34,11342
ABplaapapa,159,207,353,9.2,31,9122
ABplaapapa,160,205,352,9.2,34,9937
ABplaapapp,118,260,376,5.2,29,-1886
ABplaapapp,119,267,382,4.9,32,-1835
ABplaapapp,120,267,393,5.0,31,-288
ABplaapapp,121,272,397,5.2,30,1236
ABplaapapp,122,261,401,5.2,34,2103
ABplaapapp,123,256,393,6.1,34,3085
ABplaapapp,124,246,392,5.3,34,2034
ABplaapapp,125,248,393,5.5,32,2288
ABplaapapp,126,250,395,5.3,32,2556
ABplaapapp,127,254,387,5.4,32,1473
ABplaapapp,128,255,390,6.1,34,3719
ABplaapapp,129,258,392,5.2,32,3929
ABplaapapp,130,258,394,5.3,34,4355
ABplaapapp,131,256,389,5.2,32,4319
ABplaapapp,132,253,391,5.1,34,3599
ABplaapapp,133,255,391,5.3,34,4337
ABplaapapp,134,255,392,5.2,34,3267
ABplaapapp,135,255,392,6.1,34,7207
ABplaapapp,136,253,389,6.3,34,5996
ABplaapapp,137,251,390,6.1,32,8297
ABplaapapp,138,243,388,5.4,34,5125
ABplaapapp,139,245,389,5.6,34,6583
ABplaapapp,140,243,384,5.4,34,5965
ABplaapapp,141,236,384,5.4,34,4188
ABplaapapp,142,235,375,6.9,30,8471
ABplaapapp,143,232,377,7.2,34,8797
ABplaapapp,144,235,376,7.1,34,9227
ABplaapapp,145,232,378,7.2,34,7492
ABplaapapp,146,230,379,6.6,34,7767
ABplaapapp,147,228,377,7.2,34,7399
ABplaapapp,148,232,378,6.3,34,6407
ABplaapapp,149,225,371,7.1,26,5554
ABplaapapp,150,234,373,6.3,34,6228
ABplaapapp,151,229,372,6.4,33,8523
ABplaapapp,152,223,370,6.4,32,4069
ABplaapapp,153,217,368,6.5,31,2762
ABplaapapp,154,221,369,6.4,32,-1137
ABplaapappa,155,217,355,7.0,28,1437
ABplaapappa,156,211,356,7.4,28,2238
ABplaapappa,157,210,355,6.7,28,1167
ABplaapappa,158,212,356,6.6,28,1185
ABplaapappa,159,209,351,6.4,28,5483
ABplaapappa,160,211,350,6.3,28,3175
ABplaapappp,155,236,387,6.3,31,526
ABplaapappp,156,234,399,6.9,30,1828
ABplaapappp,157,228,401,7.0,29,3656
ABplaapappp,158,225,398,7.0,32,8152
ABplaapappp,159,228,388,7.5,31,6595
ABplaapappp,160,228,388,7.4,31,7241
ABplaapp,64,239,294,8.2,35,-560
ABplaapp,65,247,289,9.1,43,-395
ABplaapp,66,247,289,9.1,44,-489
ABplaapp,67,252,295,9.1,43,-1736
ABplaapp,68,255,297,8.0,45,-1548
ABplaapp,69,254,295,7.0,45,-1458
ABplaapp,70,249,294,6.1,46,-2580
ABplaapp,71,248,300,5.2,44,-3980
ABplaapp,72,247,301,6.0,44,-3210
ABplaapp,73,240,307,6.0,46,-2799
ABplaapp,74,238,316,6.1,44,-2414
ABplaapp,75,239,311,6.0,44,-2675
ABplaapp,76,233,317,6.3,48,-2653
ABplaapp,77,236,326,7.1,46,-1627
ABplaapp,78,239,332,6.3,48,-2094
ABplaapp,79,243,341,7.0,44,-2209
ABplaapp,80,241,346,7.0,44,-1404
ABplaapp,81,242,349,7.0,44,-2188
ABplaapp,82,244,350,6.2,46,-2774
ABplaapp,83,242,350,6.1,34,-1583
ABplaappa,84,228,348,6.1,28,-1511
ABplaappa,85,226,352,7.2,35,-1213
ABplaappa,86,229,372,8.0,42,-637
ABplaappa,87,227,382,8.1,40,-908
ABplaappa,88,234,390,7.1,39,-1205
ABplaappa,89,236,395,7.2,41,-1588
ABplaappa,90,243,397,7.0,36,-835
ABplaappa,91,248,398,6.2,39,-1234
ABplaappa,92,253,401,7.0,37,-159
ABplaappa,93,264,402,6.2,37,-2090
ABplaappa,94,264,395,6.2,39,-1452
ABplaappa,95,265,404,6.1,39,-2434
ABplaappa,96,268,396,5.2,38,-2719
ABplaappa,97,271,399,6.0,36,-1232
ABplaappa,98,275,403,6.1,38,-1526
ABplaappa,99,274,400,6.1,36,-1209
ABplaappa,100,272,408,6.9,36,-264
ABplaappa,101,274,404,6.2,36,-920
ABplaappa,102,277,403,6.1,38,-1512
ABplaappa,103,283,404,6.4,38,-899
ABplaappa,104,282,409,6.9,36,516
ABplaappa,105,286,413,7.0,36,210
ABplaappa,106,284,415,7.0,36,-738
ABplaappa,107,289,414,7.1,36,-182
ABplaappa,108,285,415,7.2,36,652
ABplaappa,109,290,415,7.0,36,674
ABplaappa,110,284,420,7.2,38,201
ABplaappa,111,284,418,7.0,36,-7
ABplaappa,112,284,411,6.1,40,-1985
ABplaappa,113,281,404,5.3,40,-2678
ABplaappa,114,267,406,6.1,36,-700
ABplaappa,115,262,402,6.0,35,-2038
ABplaappa,116,268,408,7.0,35,-294
ABplaappaa,117,246,411,7.2,28,-428
ABplaappaa,118,246,417,7.0,31,240
ABplaappaa,119,239,414,7.0,32,111
ABplaappaa,120,236,417,7.1,31,72
ABplaappaa,121,237,418,7.8,30,994
ABplaappaa,122,230,418,7.1,30,1199
ABplaappaa,123,228,416,7.2,30,1097
ABplaappaa,124,218,413,7.1,30,1913
ABplaappaa,125,219,413,7.9,30,3989
ABplaappaa,126,223,417,7.8,30,2937
ABplaappaa,127,230,418,7.3,32,2376
ABplaappaa,128,232,419,7.9,30,1611
ABplaappaa,129,237,419,7.7,30,1174
ABplaappaa,130,236,421,8.0,30,2220
ABplaappaa,131,247,424,7.9,30,3730
ABplaappaa,132,250,425,7.9,30,2420
ABplaappaa,133,247,423,7.9,30,1766
ABplaappaa,134,244,423,7.4,32,3539
ABplaappaa,135,250,426,8.0,30,3552
ABplaappaa,136,253,427,8.1,30,3555
ABplaappaa,137,250,429,8.0,30,4185
ABplaappaa,138,245,429,8.3,32,3462
ABplaappaa,139,246,430,9.0,30,4336
ABplaappaa,140,244,431,8.4,32,2864
ABplaappaa,141,242,433,9.0,30,4312
ABplaappaa,142,245,428,9.1,30,4362
ABplaappaa,143,247,431,9.9,30,5214
ABplaappaa,144,246,431,9.9,30,5540
ABplaappaa,145,246,430,9.8,30,5603
ABplaappaa,146,247,432,9.8,30,5397
ABplaappaa,147,245,431,9.9,30,3820
ABplaappaa,148,253,435,10.0,30,6334
ABplaappaa,149,252,433,10.0,30,5600
ABplaappaa,150,256,433,9.4,32,4894
ABplaappaa,151,250,431,11.0,34,2989
ABplaappaa,152,251,431,9.9,30,5856
ABplaappaa,153,251,431,9.4,31,5502
ABplaappaa,154,255,429,9.4,32,5497
ABplaappaa,155,257,429,10.2,31,5704
ABplaappaa,156,258,432,10.4,32,5595
ABplaappaa,157,256,432,10.4,31,5895
ABplaappaa,158,263,432,10.8,30,5417
ABplaappaa,159,261,429,10.4,31,4957
ABplaappaa,160,254,429,10.9,30,5576
ABplaappap,117,299,419,7.4,30,-1028
ABplaappap,118,290,422,8.1,33,-395
ABplaappap,119,294,424,8.1,32,938
ABplaappap,120,291,426,9.0,35,1343
ABplaappap,121,292,431,9.1,34,1558
ABplaappap,122,288,430,9.1,34,1166
ABplaappap,123,285,430,9.3,34,2543
ABplaappap,124,277,427,9.1,34,1532
ABplaappap,125,285,424,9.2,34,2935
ABplaappap,126,289,428,9.2,34,3922
ABplaappap,127,290,426,9.1,34,5309
ABplaappap,128,297,424,9.2,34,3037
ABplaappap,129,295,425,9.3,34,4319
ABplaappap,130,297,425,9.1,34,4807
ABplaappap,131,302,423,9.3,34,4684
ABplaappap,132,304,421,9.1,34,3847
ABplaappap,133,305,423,9.1,34,4032
ABplaappap,134,304,425,9.1,34,4178
ABplaappap,135,301,428,9.2,34,4895
ABplaappap,136,305,429,9.1,34,5864
ABplaappap,137,300,434,9.2,34,5679
ABplaappap,138,300,434,9.1,34,8916
ABplaappap,139,298,431,9.1,34,8604
ABplaappap,140,298,429,8.2,34,8319
ABplaappap,141,293,431,8.4,34,6655
ABplaappap,142,295,431,8.3,34,6612
ABplaappap,143,293,431,8.3,34,7302
ABplaappap,144,294,429,8.3,34,8399
ABplaappap,145,289,432,8.3,34,8585
ABplaappap,146,286,436,9.2,34,8177
ABplaappap,147,286,432,8.3,34,8276
ABplaappap,148,291,435,8.3,34,9703
ABplaappap,149,284,432,9.0,34,8953
ABplaappap,150,290,432,9.0,30,11250
ABplaappap,151,298,437,10.2,34,11733
ABplaappap,152,293,435,10.3,34,7661
ABplaappap,153,292,436,9.3,31,10507
ABplaappap,154,291,434,9.2,34,9758
ABplaappap,155,295,434,9.2,31,11505
ABplaappap,156,296,435,10.1,34,11083
ABplaappap,157,294,435,10.1,31,10916
ABplaappap,158,303,438,10.3,34,9409
ABplaappap,159,301,433,10.3,31,10592
ABplaappap,160,294,433,11.0,34,13737
ABplaappp,84,283,383,7.0,34,-844
ABplaappp,85,283,392,7.0,43,-1220
ABplaappp,86,295,398,7.9,42,279
ABplaappp,87,296,398,8.9,40,-1728
ABplaappp,88,292,405,9.0,39,-863
ABplaappp,89,291,406,9.1,41,-793
ABplaappp,90,301,410,9.1,40,-711
ABplaappp,91,309,404,9.1,39,-181
ABplaappp,92,322,399,9.3,39,333
ABplaappp,93,327,396,9.1,39,-847
ABplaappp,94,323,399,9.1,39,-1494
ABplaappp,95,326,404,8.3,39,-749
ABplaappp,96,325,404,8.1,40,-315
ABplaappp,97,327,408,8.1,40,-1052
ABplaappp,98,328,407,7.4,38,365
ABplaappp,99,324,411,7.2,40,340
ABplaappp,100,331,416,7.2,40,-56
ABplaappp,101,331,419,8.1,40,-44
ABplaappp,102,331,421,8.0,40,829
ABplaappp,103,328,421,9.0,40,793
ABplaappp,104,332,426,9.9,36,42
ABplaappp,105,340,424,9.3,40,1288
ABplaappp,106,335,426,9.3,40,1671
ABplaappp,107,337,427,9.2,38,1285
ABplaappp,108,335,427,9.2,40,2132
ABplaappp,109,336,425,9.2,40,2202
ABplaappp,110,331,419,10.1,40,2933
ABplaappp,111,323,416,9.1,30,-257
ABplaapppa,112,314,415,9.2,34,-878
ABplaapppa,113,309,412,8.4,30,885
ABplaapppa,114,309,418,8.2,34,1613
ABplaapppa,115,310,424,8.2,35,953
ABplaapppa,116,317,423,8.1,35,3372
ABplaapppa,117,324,433,10.0,34,3778
ABplaapppa,118,323,432,10.2,37,4293
ABplaapppa,119,323,425,10.9,32,3085
ABplaapppa,120,326,427,9.4,35,1807
ABplaapppa,121,328,429,10.1,34,4523
ABplaapppa,122,326,430,10.3,34,3534
ABplaapppa,123,321,431,11.0,34,3713
ABplaapppa,124,314,429,10.2,34,3480
ABplaapppa,125,320,430,10.3,34,5359
ABplaapppa,126,323,431,10.2,34,5903
ABplaapppa,127,326,430,10.2,34,5879
ABplaapppa,128,331,429,10.2,34,4609
ABplaapppa,129,329,426,10.1,34,4384
ABplaapppa,130,332,427,10.2,34,4951
ABplaapppa,131,337,424,10.2,34,4238
ABplaapppa,132,337,427,11.0,34,5362
ABplaapppa,133,337,427,10.2,34,3275
ABplaapppa,134,338,427,10.3,34,5288
ABplaapppa,135,337,431,10.3,34,5152
ABplaapppa,136,339,431,11.0,34,4142
ABplaapppa,137,336,432,11.0,34,5129
ABplaapppa,138,337,431,10.1,34,4812
ABplaapppa,139,339,432,10.3,34,4907
ABplaapppa,140,334,432,10.3,34,6199
ABplaapppa,141,333,433,11.1,34,6426
ABplaapppa,142,331,433,10.3,34,5068
ABplaapppa,143,333,433,10.3,34,4069
ABplaapppa,144,336,434,11.0,34,6087
ABplaapppa,145,335,433,10.2,34,7676
ABplaapppa,146,334,436,11.0,34,4989
ABplaapppa,147,333,435,10.1,34,6416
ABplaapppa,148,334,434,10.0,34,7240
ABplaapppa,149,325,430,10.0,34,7633
ABplaapppa,150,327,427,10.1,34,4781
ABplaapppa,151,328,428,9.2,34,6698
ABplaapppa,152,322,426,9.1,34,5671
ABplaapppa,153,316,424,9.0,31,6603
ABplaapppa,154,322,423,8.3,34,4174
ABplaapppa,155,327,425,9.0,31,6330
ABplaapppa,156,328,427,9.1,34,6830
ABplaapppa,157,324,428,8.2,31,6757
ABplaapppa,158,327,429,9.0,34,5454
ABplaapppa,159,322,427,8.1,31,6414
ABplaapppa,160,314,428,9.0,34,6298
ABplaapppp,112,370,424,10.5,34,1
ABplaapppp,113,375,426,10.1,28,-997
ABplaapppp,114,370,425,10.0,36,620
ABplaapppp,115,369,425,9.3,37,1392
ABplaapppp,116,368,428,9.0,35,2023
ABplaapppp,117,369,431,9.9,34,2537
ABplaapppp,118,368,433,9.3,35,3623
ABplaapppp,119,364,434,9.3,34,4025
ABplaapppp,120,369,437,9.3,35,5564
ABplaapppp,121,377,438,10.1,34,5318
ABplaapppp,122,374,437,9.3,34,3954
ABplaapppp,123,376,431,9.4,34,4309
ABplaapppp,124,366,431,9.2,34,3346
ABplaapppp,125,375,430,9.1,34,3789
ABplaapppp,126,375,433,9.1,34,5031
ABplaapppp,127,378,437,10.2,34,3020
ABplaapppp,128,381,431,11.0,34,5926
ABplaapppp,129,379,425,10.2,34,6881
ABplaapppp,130,378,431,10.3,34,6045
ABplaapppp,131,387,424,11.2,34,3689
ABplaapppp,132,384,425,11.3,34,4516
ABplaapppp,133,384,424,11.3,34,3988
ABplaapppp,134,382,428,12.1,34,6103
ABplaapppp,135,386,427,12.2,34,6231
ABplaapppp,136,383,426,11.3,34,3401
ABplaapppp,137,383,431,12.1,34,7304
ABplaapppp,138,382,429,12.2,34,5647
ABplaapppp,139,385,430,12.1,34,7749
ABplaapppp,140,383,432,12.0,34,6519
ABplaapppp,141,385,432,12.1,34,6050
ABplaapppp,142,381,430,12.2,34,5349
ABplaapppp,143,380,432,12.2,34,5384
ABplaapppp,144,380,434,12.3,34,5264
ABplaapppp,145,379,436,12.3,34,5256
ABplaapppp,146,385,434,12.2,34,6558
ABplaapppp,147,384,435,11.3,34,4161
ABplaapppp,148,384,435,11.4,34,6193
ABplaapppp,149,382,435,12.0,34,6552
ABplaapppp,150,382,435,12.2,34,6940
ABplaapppp,151,382,436,12.0,34,8472
ABplaapppp,152,383,436,12.0,34,4889
ABplaapppp,153,380,432,11.2,31,7393
ABplaapppp,154,383,431,11.1,34,4692
ABplaapppp,155,382,433,10.2,31,4952
ABplaapppp,156,385,435,11.0,30,7105
ABplaapppp,157,380,434,10.3,31,5141
ABplaapppp,158,384,432,10.2,34,4690
ABplaapppp,159,382,432,10.2,31,5863
ABplaapppp,160,378,433,10.2,32,5472
ABplap,31,283,253,6.2,46,-2889
ABplap,32,286,252,5.1,56,-1862
ABplap,33,287,243,4.9,56,-1825
ABplap,34,308,242,5.1,58,-2518
ABplap,35,297,240,5.3,58,-2597
ABplap,36,293,239,5.9,58,-3437
ABplap,37,301,242,5.2,60,-2860
ABplap,38,294,239,5.3,61,-2115
ABplap,39,299,246,6.0,61,-3135
ABplap,40,296,246,5.3,63,-2364
ABplap,41,295,249,5.5,61,-3043
ABplap,42,291,242,5.3,62,-1831
ABplap,43,289,235,5.9,60,-2922
ABplap,44,295,247,6.7,61,-3252
ABplap,45,306,255,6.8,62,-3621
ABplap,46,305,266,7.7,61,-2475
ABplapa,47,284,236,5.2,42,-3418
ABplapa,48,276,235,5.2,53,-1662
ABplapa,49,275,229,5.0,53,-1423
ABplapa,50,269,222,4.3,53,392
ABplapa,51,270,219,4.8,53,-898
ABplapa,52,265,212,4.9,53,-1232
ABplapa,53,258,216,5.0,53,-1581
ABplapa,54,260,225,5.8,53,-2304
ABplapa,55,263,232,5.2,53,-2202
ABplapa,56,271,241,5.9,52,-2054
ABplapa,57,272,239,5.1,53,-1834
ABplapa,58,262,236,5.1,52,-1847
ABplapa,59,271,228,5.2,53,-3057
ABplapa,60,266,225,5.8,52,-2719
ABplapa,61,264,230,5.2,53,-3193
ABplapa,62,270,231,5.9,51,-2678
ABplapa,63,266,242,5.1,34,-4193
ABplapa,64,262,228,5.2,51,-1660
ABplapaa,65,241,229,4.3,35,-451
ABplapaa,66,246,240,4.9,40,-2429
ABplapaa,67,242,235,4.1,41,-180
ABplapaa,68,235,226,4.1,41,-523
ABplapaa,69,229,229,4.1,43,-816
ABplapaa,70,227,234,4.2,44,-1458
ABplapaa,71,223,228,4.1,44,397
ABplapaa,72,229,237,4.1,44,175
ABplapaa,73,231,236,4.1,44,1009
ABplapaa,74,233,242,4.2,44,-437
ABplapaa,75,228,247,4.1,46,-718
ABplapaa,76,235,258,4.2,46,-377
ABplapaa,77,229,263,4.2,44,-1185
ABplapaa,78,233,271,4.9,44,-3270
ABplapaa,79,235,274,4.2,46,-685
ABplapaa,80,242,288,4.1,46,90
ABplapaa,81,253,289,3.4,46,895
ABplapaa,82,266,287,3.4,46,1524
ABplapaa,83,272,298,4.1,44,971
ABplapaa,84,278,318,4.1,44,-927
ABplapaa,85,276,336,4.2,45,-451
ABplapaa,86,270,352,4.9,42,-2818
ABplapaa,87,270,367,5.0,40,-2530
ABplapaa,88,286,360,4.1,29,-1469
ABplapaaa,89,263,366,4.0,31,-817
ABplapaaa,90,268,374,4.1,34,-1251
ABplapaaa,91,282,379,3.3,37,1032
ABplapaaa,92,292,391,4.0,35,-2382
ABplapaaa,93,294,389,3.4,39,2820
ABplapaaa,94,294,393,3.4,39,1068
ABplapaaa,95,298,389,4.0,39,-65
ABplapaaa,96,298,381,4.0,36,-122
ABplapaaa,97,293,377,4.0,36,-2049
ABplapaaa,98,296,376,3.9,36,225
ABplapaaa,99,290,379,4.0,36,-841
ABplapaaa,100,296,387,4.0,36,-620
ABplapaaa,101,300,381,4.0,36,-1965
ABplapaaa,102,303,377,4.0,36,-951
ABplapaaa,103,297,381,4.2,38,-1107
ABplapaaa,104,308,384,4.4,38,-1925
ABplapaaa,105,312,387,5.0,36,-2381
ABplapaaa,106,314,385,5.1,38,-1813
ABplapaaa,107,316,389,5.0,40,-1939
ABplapaaa,108,313,388,5.1,36,-2041
ABplapaaa,109,317,387,5.9,36,-1906
ABplapaaa,110,317,392,6.0,36,-1087
ABplapaaa,111,317,385,5.2,38,-2872
ABplapaaa,112,325,387,5.2,40,-3038
ABplapaaa,113,330,382,5.1,36,-1633
ABplapaaa,114,318,384,5.2,36,-1143
ABplapaaa,115,305,382,6.1,37,-1368
ABplapaaa,116,306,378,6.9,35,-1002
ABplapaaa,117,317,381,7.0,34,-1221
ABplapaaa,118,312,385,5.8,33,-1464
ABplapaaaa,119,295,379,5.1,26,-1046
ABplapaaaa,120,299,390,5.9,31,-1209
ABplapaaaa,121,309,400,5.2,30,-2322
ABplapaaaa,122,299,414,5.8,30,-1458
ABplapaaaa,123,301,409,6.8,30,-627
ABplapaaaa,124,297,407,6.2,30,-1547
ABplapaaaa,125,301,413,6.3,32,-1591
ABplapaaaa,126,306,411,6.1,30,-1498
ABplapaaaa,127,306,408,6.1,32,-768
ABplapaaaa,128,307,407,6.0,30,-1087
ABplapaaaa,129,313,398,6.0,30,-1709
ABplapaaaa,130,313,397,6.7,30,-1101
ABplapaaaa,131,313,395,6.2,30,-1294
ABplapaaaa,132,313,388,6.9,30,-1653
ABplapaaaa,133,316,389,6.2,30,-836
ABplapaaaa,134,319,392,6.8,30,-224
ABplapaaaa,135,320,399,6.9,30,-1104
ABplapaaaa,136,323,397,6.8,30,-1964
ABplapaaaa,137,324,395,6.9,30,-1147
ABplapaaaa,138,327,399,6.1,32,-1453
ABplapaaaa,139,331,404,6.2,30,-1005
ABplapaaaa,140,328,394,6.4,32,-424
ABplapaaaa,141,331,393,6.8,30,-1608
ABplapaaaa,142,333,394,6.2,32,-778
ABplapaaaa,143,332,394,6.8,30,-1083
ABplapaaaa,144,335,397,6.1,30,-1684
ABplapaaaa,145,335,397,5.9,30,-1640
ABplapaaaa,146,337,396,5.3,32,-2713
ABplapaaaa,147,339,393,5.3,32,-2485
ABplapaaaa,148,336,389,5.2,32,-2321
ABplapaaaa,149,334,387,5.3,32,-1699
ABplapaaaa,150,336,377,5.3,32,-1843
ABplapaaaa,151,336,379,5.1,30,-2774
ABplapaaaa,152,332,377,5.2,30,-969
ABplapaaaa,153,331,372,5.2,31,-1720
ABplapaaaa,154,331,368,5.2,34,-1387
ABplapaaaa,155,333,371,5.1,31,-821
ABplapaaaa,156,331,377,4.4,34,-557
ABplapaaaa,157,323,376,4.4,31,-69
ABplapaaaa,158,322,375,4.4,34,-42
ABplapaaaa,159,321,369,4.4,31,-750
ABplapaaaa,160,312,366,5.8,30,-1775
ABplapaaap,119,345,392,4.5,28,-1377
ABplapaaap,120,357,397,5.0,31,-2741
ABplapaaap,121,365,403,4.5,26,-2478
ABplapaaap,122,355,403,5.2,26,-3840
ABplapaaap,123,353,405,6.0,30,-1396
ABplapaaap,124,350,404,5.2,26,-1021
ABplapaaap,125,350,397,5.2,34,-2928
ABplapaaap,126,348,394,5.3,34,-3349
ABplapaaap,127,350,395,5.2,34,-1929
ABplapaaap,128,349,390,5.4,32,-2693
ABplapaaap,129,351,383,5.9,30,-1667
ABplapaaap,130,351,388,6.0,32,-1491
ABplapaaap,131,348,385,5.5,32,-1806
ABplapaaap,132,350,387,6.0,34,-2614
ABplapaaap,133,352,385,6.1,34,-1002
ABplapaaap,134,352,391,6.1,30,-1983
ABplapaaap,135,351,393,6.1,32,-1643
ABplapaaap,136,355,395,6.1,32,-2530
ABplapaaap,137,353,399,6.1,32,-2416
ABplapaaap,138,358,400,6.0,32,-439
ABplapaaap,139,363,402,6.0,30,-801
ABplapaaap,140,356,406,6.1,30,-1484
ABplapaaap,141,361,401,6.3,34,-1453
ABplapaaap,142,363,405,6.1,26,-1274
ABplapaaap,143,359,403,6.3,32,-735
ABplapaaap,144,360,408,6.9,30,-150
ABplapaaap,145,359,409,6.3,34,-1593
ABplapaaap,146,358,409,7.0,30,-808
ABplapaaap,147,351,408,7.1,26,-31
ABplapaaap,148,350,408,7.0,34,-1336
ABplapaaap,149,348,408,6.4,34,-1766
ABplapaaap,150,347,406,6.9,30,-1855
ABplapaaap,151,347,408,6.3,34,-2143
ABplapaaap,152,340,407,6.3,32,-3083
ABplapaaap,153,339,406,6.3,31,-2349
ABplapaaap,154,338,399,6.1,34,-2024
ABplapaaap,155,341,403,6.3,31,-2623
ABplapaaap,156,339,402,6.2,32,-1728
ABplapaaap,157,333,403,6.3,31,-2068
ABplapaaap,158,334,402,6.5,32,-1077
ABplapaaap,159,332,397,6.5,31,-591
ABplapaaap,160,329,400,7.2,34,-1889
ABplapaap,89,313,367,5.2,29,-1391
ABplapaap,90,321,356,5.1,32,-2344
ABplapaap,91,332,344,5.1,35,-1457
ABplapaap,92,339,345,5.1,35,-1967
ABplapaap,93,340,345,4.9,35,-3183
ABplapaap,94,339,351,5.0,35,-2855
ABplapaap,95,343,351,4.9,35,-2626
ABplapaap,96,341,350,4.7,36,-1236
ABplapaap,97,343,353,4.2,36,216
ABplapaap,98,346,359,4.0,36,-912
ABplapaap,99,345,361,4.0,36,2198
ABplapaap,100,348,366,4.8,36,-2711
ABplapaap,101,346,362,4.5,38,-123
ABplapaap,102,351,369,5.0,36,-1554
ABplapaap,103,353,373,5.1,36,-914
ABplapaap,104,351,375,5.1,36,-1164
ABplapaap,105,359,375,5.1,38,-506
ABplapaap,106,358,383,5.8,36,-1875
ABplapaap,107,360,386,5.2,36,-2149
ABplapaap,108,361,391,5.2,36,-2747
ABplapaap,109,363,387,5.9,36,-1403
ABplapaap,110,360,384,5.3,38,-1549
ABplapaap,111,366,387,5.2,38,-2348
ABplapaap,112,376,386,5.2,36,-2396
ABplapaap,113,378,390,5.0,36,-3147
ABplapaap,114,373,393,5.0,36,-2242
ABplapaap,115,372,393,4.4,39,-1607
ABplapaap,116,377,387,4.4,39,-2036
ABplapaap,117,379,389,5.3,38,-2657
ABplapaap,118,374,398,5.2,37,-2343
ABplapaap,119,388,395,5.4,34,-2842
ABplapaap,120,396,400,6.0,29,-634
ABplapaapa,121,387,402,5.1,30,-2788
ABplapaapa,122,378,404,5.1,30,-2522
ABplapaapa,123,378,395,5.2,30,-2178
ABplapaapa,124,371,391,4.8,30,-1853
ABplapaapa,125,374,388,4.9,30,-1874
ABplapaapa,126,374,393,5.1,30,-2553
ABplapaapa,127,377,396,5.8,30,-797
ABplapaapa,128,382,400,5.8,30,-1050
ABplapaapa,129,380,396,5.1,30,-2286
ABplapaapa,130,380,403,5.3,30,-3384
ABplapaapa,131,378,404,5.8,30,-1337
ABplapaapa,132,378,407,5.9,30,-1038
ABplapaapa,133,378,409,5.8,30,-1635
ABplapaapa,134,380,409,5.2,30,-2247
ABplapaapa,135,382,410,5.9,30,-1285
ABplapaapa,136,385,417,6.1,30,-2285
ABplapaapa,137,381,418,5.9,30,-1219
ABplapaapa,138,385,413,5.8,30,-691
ABplapaapa,139,384,419,5.9,30,-989
ABplapaapa,140,381,420,6.0,30,-540
ABplapaapa,141,381,422,6.2,30,-2016
ABplapaapa,142,383,419,6.0,30,140
ABplapaapa,143,380,422,6.1,30,-1236
ABplapaapa,144,381,425,6.3,32,-1786
ABplapaapa,145,382,420,6.9,30,-1610
ABplapaapa,146,381,425,6.2,30,-2368
ABplapaapa,147,378,422,6.8,30,-790
ABplapaapa,148,377,425,6.8,30,-1355
ABplapaapa,149,373,426,6.9,30,735
ABplapaapa,150,372,427,6.9,30,-1755
ABplapaapa,151,374,428,6.7,30,168
ABplapaapa,152,368,426,6.8,30,194
ABplapaapa,153,364,426,6.9,29,-185
ABplapaapa,154,365,421,7.0,30,-1238
ABplapaapa,155,367,427,7.2,31,-538
ABplapaapa,156,365,431,7.8,30,-419
ABplapaapa,157,363,431,7.1,29,-693
ABplapaapa,158,362,429,7.9,30,-363
ABplapaapa,159,363,428,8.0,29,-668
ABplapaapa,160,355,432,8.1,30,-752
ABplapaapp,121,420,404,6.1,28,-541
ABplapaapp,122,424,412,6.9,30,-462
ABplapaapp,123,423,414,6.9,30,16
ABplapaapp,124,417,418,6.4,32,-726
ABplapaapp,125,419,417,7.1,32,-669
ABplapaapp,126,424,419,7.3,32,31
ABplapaapp,127,422,414,8.0,30,-216
ABplapaapp,128,424,418,8.3,32,-420
ABplapaapp,129,424,414,8.0,32,-565
ABplapaapp,130,423,416,8.0,32,-653
ABplapaapp,131,422,418,8.0,32,-756
ABplapaapp,132,421,420,8.1,32,-720
ABplapaapp,133,420,422,8.1,32,-1294
ABplapaapp,134,419,424,8.1,32,-1028
ABplapaapp,135,424,422,8.2,34,-1131
ABplapaapp,136,420,424,8.3,32,-875
ABplapaapp,137,419,429,8.3,34,550
ABplapaapp,138,423,429,8.3,32,-224
ABplapaapp,139,423,428,8.3,34,-633
ABplapaapp,140,417,432,8.1,34,-1353
ABplapaapp,141,418,431,8.2,34,-254
ABplapaapp,142,415,431,8.3,32,-628
ABplapaapp,143,415,433,8.8,30,-1404
ABplapaapp,144,417,436,9.1,34,-616
ABplapaapp,145,416,436,9.0,32,-2275
ABplapaapp,146,415,437,8.4,34,-718
ABplapaapp,147,418,435,9.0,32,-839
ABplapaapp,148,418,436,9.3,32,-224
ABplapaapp,149,421,442,9.2,34,-348
ABplapaapp,150,421,438,9.2,34,-686
ABplapaapp,151,419,438,9.4,32,15
ABplapaapp,152,416,437,9.0,32,-1040
ABplapaapp,153,416,436,9.0,31,-1585
ABplapaapp,154,417,435,9.1,32,-653
ABplapaapp,155,419,437,10.2,31,-1432
ABplapaapp,156,424,441,9.4,34,-1193
ABplapaapp,157,416,441,10.4,31,-1163
ABplapaapp,158,421,435,10.2,30,-290
ABplapaapp,159,420,435,10.2,31,-661
ABplapaapp,160,415,435,10.2,32,148
ABplapap,65,300,243,6.2,35,-1857
ABplapap,66,298,241,7.0,40,-583
ABplapap,67,300,240,7.0,41,-1321
ABplapap,68,304,241,6.1,43,-2901
ABplapap,69,303,242,5.3,45,-2297
ABplapap,70,302,243,5.0,44,-2371
ABplapap,71,304,250,5.0,44,-3331
ABplapap,72,309,253,4.9,44,-2136
ABplapap,73,302,261,4.9,44,-3365
ABplapap,74,305,268,4.9,44,-3468
ABplapap,75,304,271,4.9,44,-2935
ABplapap,76,304,278,5.0,44,-2936
ABplapap,77,296,284,4.2,46,-216
ABplapap,78,300,289,4.3,46,448
ABplapap,79,309,303,4.9,44,-3829
ABplapap,80,319,311,4.3,46,-625
ABplapap,81,326,320,5.0,46,-3533
ABplapap,82,327,326,5.1,44,-2052
ABplapap,83,335,338,5.1,44,-2213
ABplapap,84,343,342,5.1,42,-2582
ABplapapa,85,340,347,5.0,45,-2923
ABplapapa,86,329,347,4.2,30,-470
ABplapapa,87,328,352,4.2,36,-603
ABplapapa,88,341,357,4.2,37,-242
ABplapapa,89,353,363,4.1,37,546
ABplapapa,90,364,361,4.9,36,-2609
ABplapapa,91,369,366,4.2,39,-705
ABplapapa,92,372,372,4.3,39,-797
ABplapapa,93,375,375,4.4,39,-1951
ABplapapa,94,376,382,4.4,37,-805
ABplapapa,95,385,381,4.2,39,-452
ABplapapa,96,385,377,4.4,38,-1374
ABplapapa,97,386,377,5.0,38,-1978
ABplapapa,98,394,380,5.1,38,-3763
ABplapapa,99,392,381,4.9,36,-2839
ABplapapa,100,396,383,4.4,38,-1484
ABplapapa,101,398,384,4.4,38,-1579
ABplapapa,102,408,388,5.0,38,-4199
ABplapapa,103,411,386,5.0,36,-3046
ABplapapa,104,415,389,5.2,38,-3011
ABplapapa,105,423,389,5.1,36,-4021
ABplapapa,106,423,393,5.0,36,-2910
ABplapapa,107,432,395,5.1,38,-3295
ABplapapa,108,438,394,5.1,40,-3114
ABplapapa,109,441,396,5.1,38,-2657
ABplapapa,110,443,396,5.2,38,-3063
ABplapapa,111,452,401,5.2,38,-3624
ABplapapa,112,464,397,5.5,38,-3596
ABplapapa,113,470,398,5.8,36,-2521
ABplapapa,114,467,397,5.4,40,-2935
ABplapapa,115,478,394,5.9,35,-1905
ABplapapaa,116,462,390,5.1,35,-4018
ABplapapaa,117,460,390,4.5,30,-3612
ABplapapaa,118,459,385,4.9,33,-2518
ABplapapaa,119,471,393,4.9,32,-3762
ABplapapaa,120,491,401,6.0,33,-2048
ABplapapaa,121,500,405,6.0,32,-881
ABplapapaa,122,505,407,6.4,32,-1296
ABplapapaa,123,500,411,7.3,32,-141
ABplapapaa,124,492,413,8.0,30,-1721
ABplapapaa,125,499,407,7.4,32,-1636
ABplapapaa,126,501,402,8.9,30,-1709
ABplapapaa,127,507,398,8.4,32,-1597
ABplapapaa,128,512,397,9.1,34,-1478
ABplapapaa,129,513,396,9.1,30,-489
ABplapapaa,130,515,405,9.1,34,-286
ABplapapaa,131,520,405,9.1,32,-657
ABplapapaa,132,521,403,9.2,34,-747
ABplapapaa,133,516,406,9.2,32,778
ABplapapaa,134,519,411,9.0,34,-299
ABplapapaa,135,520,409,9.2,32,-1073
ABplapapaa,136,521,407,9.9,30,-1469
ABplapapaa,137,521,406,9.2,34,-615
ABplapapaa,138,522,409,9.0,32,-1157
ABplapapaa,139,529,409,9.3,34,-625
ABplapapaa,140,527,409,9.3,32,-1230
ABplapapaa,141,526,406,9.0,34,-1239
ABplapapaa,142,528,411,9.2,34,-406
ABplapapaa,143,523,407,9.1,34,-579
ABplapapaa,144,527,408,9.3,34,-1023
ABplapapaa,145,535,408,9.1,34,-474
ABplapapaa,146,542,407,8.3,34,-78
ABplapapaa,147,545,403,8.2,34,-570
ABplapapaa,148,539,406,9.1,34,-204
ABplapapaa,149,544,409,9.2,34,-777
ABplapapaa,150,546,404,9.1,34,-1699
ABplapapaa,151,545,402,9.1,32,-386
ABplapapaa,152,545,404,9.0,34,42
ABplapapaa,153,540,401,9.1,31,-1087
ABplapapaa,154,548,397,9.1,34,-383
ABplapapaa,155,551,392,9.2,31,-749
ABplapapaa,156,556,394,9.1,34,-932
ABplapapaa,157,554,390,9.0,31,207
ABplapapaa,158,556,391,9.2,34,-218
ABplapapaa,159,559,393,9.0,31,-103
ABplapapaa,160,555,390,8.4,32,-702
ABplapapap,116,491,393,6.2,29,-338
ABplapapap,117,508,396,7.3,28,-295
ABplapapap,118,512,393,8.1,33,-1882
ABplapapap,119,527,393,7.9,32,-698
ABplapapap,120,541,403,8.2,33,297
ABplapapap,121,548,406,8.9,30,-1757
ABplapapap,122,544,406,9.2,34,-695
ABplapapap,123,542,406,10.8,30,-296
ABplapapap,124,535,406,10.0,30,-629
ABplapapap,125,535,399,9.4,32,-480
ABplapapap,126,539,399,10.3,32,-1237
ABplapapap,127,539,391,11.0,32,-120
ABplapapap,128,547,394,11.2,32,-520
ABplapapap,129,550,402,10.3,32,-366
ABplapapap,130,546,398,11.3,34,-557
ABplapapap,131,550,394,12.1,34,-621
ABplapapap,132,550,394,12.1,34,-381
ABplapapap,133,549,400,11.9,30,-1219
ABplapapap,134,547,403,11.3,34,-419
ABplapapap,135,550,397,11.3,34,-307
ABplapapap,136,557,393,11.3,34,-1246
ABplapapap,137,555,398,12.0,34,59
ABplapapap,138,554,399,11.2,32,-53
ABplapapap,139,559,396,12.1,34,-794
ABplapapap,140,555,398,12.3,34,-1166
ABplapapap,141,550,402,11.3,34,-483
ABplapapap,142,545,407,12.0,26,-1069
ABplapapap,143,546,407,12.2,34,-1158
ABplapapap,144,552,406,12.3,34,-655
ABplapapap,145,552,408,12.2,34,-1547
ABplapapap,146,552,409,12.1,34,-424
ABplapapap,147,555,407,11.3,34,-261
ABplapapap,148,544,411,12.2,32,315
ABplapapap,149,552,415,12.2,34,90
ABplapapap,150,551,408,12.2,32,-762
ABplapapap,151,551,410,12.2,34,199
ABplapapap,152,547,408,12.2,32,542
ABplapapap,153,545,411,12.3,31,-139
ABplapapap,154,553,407,12.3,32,-1246
ABplapapap,155,552,408,12.1,31,780
ABplapapap,156,555,410,12.1,34,9
ABplapapap,157,546,412,12.1,31,-508
ABplapapap,158,548,412,12.2,32,98
ABplapapap,159,553,407,11.3,31,-16
ABplapapap,160,549,410,12.0,30,181
ABplapapp,85,363,357,6.0,28,-1371
ABplapapp,86,388,363,5.3,28,-1342
ABplapapp,87,396,365,5.0,36,-2381
ABplapapp,88,404,375,5.0,37,-2699
ABplapapp,89,416,375,4.9,37,-2789
ABplapapp,90,430,373,4.0,38,-1599
ABplapapp,91,432,377,4.0,39,-1692
ABplapapp,92,442,381,4.1,39,-1967
ABplapapp,93,449,386,4.3,37,-2182
ABplapapp,94,449,393,5.1,37,-2816
ABplapapp,95,460,392,4.5,39,-227
ABplapapp,96,463,394,5.1,38,-3379
ABplapapp,97,462,392,5.0,38,-3003
ABplapapp,98,475,386,5.2,38,-1960
ABplapapp,99,478,390,6.1,38,-2134
ABplapapp,100,485,392,6.0,38,-1469
ABplapapp,101,484,395,6.3,38,-1166
ABplapapp,102,487,402,6.4,38,-395
ABplapapp,103,484,400,6.9,36,-1632
ABplapapp,104,487,405,6.4,38,-138
ABplapapp,105,499,401,7.8,36,-978
ABplapapp,106,500,404,8.1,38,-668
ABplapapp,107,505,407,8.3,38,-1128
ABplapapp,108,503,409,9.0,40,-1394
ABplapapp,109,504,407,9.2,40,-761
ABplapapp,110,502,406,9.2,40,-136
ABplapapp,111,508,406,9.3,38,-531
ABplapapp,112,514,405,10.2,38,-505
ABplapapp,113,520,405,10.0,40,-1113
ABplapapp,114,516,403,9.2,36,-755
ABplapappa,115,512,405,7.9,35,-330
ABplapappa,116,516,410,8.0,35,-853
ABplapappa,117,529,414,9.1,34,-257
ABplapappa,118,539,411,9.1,33,-505
ABplapappa,119,548,406,9.9,32,-603
ABplapappa,120,559,402,11.1,31,-1506
ABplapappa,121,557,391,11.3,32,38
ABplapappa,122,556,385,11.2,34,868
ABplapappa,123,553,381,12.1,34,-422
ABplapappa,124,537,391,12.1,34,-38
ABplapappa,125,544,380,12.3,32,-1060
ABplapappa,126,554,384,13.0,34,-863
ABplapappa,127,556,381,13.3,34,-258
ABplapappa,128,561,378,13.2,34,-1027
ABplapappa,129,560,386,13.1,32,-90
ABplapappa,130,560,389,14.1,34,250
ABplapappa,131,565,389,14.9,30,403
ABplapappa,132,561,390,14.1,34,-468
ABplapappa,133,561,389,14.1,34,1541
ABplapappa,134,560,392,14.1,34,159
ABplapappa,135,564,387,14.1,34,775
ABplapappa,136,567,389,14.1,34,-27
ABplapappa,137,567,392,14.1,34,1596
ABplapappa,138,565,391,14.2,34,1018
ABplapappa,139,573,385,15.0,34,-107
ABplapappa,140,568,386,15.0,34,524
ABplapappa,141,565,394,14.1,34,215
ABplapappa,142,565,400,14.2,34,899
ABplapappa,143,564,399,15.0,32,789
ABplapappa,144,574,399,14.2,34,1666
ABplapappa,145,578,398,14.1,34,1972
ABplapappa,146,574,396,14.2,34,1815
ABplapappa,147,577,397,13.2,34,1374
ABplapappa,148,576,400,14.2,30,2956
ABplapappa,149,574,397,15.0,30,4249
ABplapappa,150,574,397,15.1,34,3300
ABplapappa,151,569,394,15.0,30,3488
ABplapappa,152,572,395,14.2,34,3079
ABplapappa,153,572,397,14.3,31,2352
ABplapappa,154,575,395,14.3,34,3466
ABplapappa,155,569,401,14.2,31,3040
ABplapappa,156,572,399,15.0,34,3622
ABplapappa,157,563,406,14.3,31,2696
ABplapappa,158,567,402,15.1,34,1905
ABplapappa,159,566,398,14.4,31,2772
ABplapappa,160,560,404,14.2,34,1700
ABplapappp,115,533,400,11.9,35,-836
ABplapappp,116,540,404,13.0,35,671
ABplapappp,117,547,401,14.8,34,-284
ABplapappp,118,559,397,14.8,33,-43
ABplapappp,119,558,404,15.1,32,-324
ABplapappp,120,570,397,16.1,33,227
ABplapappp,121,575,384,16.3,32,-863
ABplapappp,122,563,375,16.2,32,574
ABplapappp,123,559,372,16.1,32,-918
ABplapappp,124,552,371,16.2,32,-584
ABplapappp,125,555,358,17.1,32,-433
ABplapappp,126,562,362,17.3,34,-774
ABplapappp,127,568,359,18.1,32,-264
ABplapappp,128,568,361,17.3,34,350
ABplapappp,129,570,366,17.2,34,-1204
ABplapappp,130,569,366,18.9,30,-519
ABplapappp,131,568,365,18.9,30,-72
ABplapappp,132,565,368,18.8,30,820
ABplapappp,133,571,374,18.0,30,-775
ABplapappp,134,569,374,18.1,32,167
ABplapappp,135,576,370,18.0,30,1702
ABplapappp,136,570,374,17.2,34,522
ABplapappp,137,574,375,18.0,34,733
ABplapappp,138,570,380,18.0,30,440
ABplapappp,139,574,370,18.0,32,1078
ABplapappp,140,573,369,18.1,34,309
ABplapappp,141,574,373,17.2,34,1148
ABplapappp,142,575,370,17.3,34,568
ABplapappp,143,575,369,17.1,32,1114
ABplapappp,144,586,363,17.3,34,778
ABplapappp,145,590,366,17.1,30,1850
ABplapappp,146,588,365,16.3,34,679
ABplapappp,147,590,361,15.4,32,288
ABplapappp,148,592,363,16.2,32,505
ABplapappp,149,594,361,15.3,32,1972
ABplapappp,150,593,360,16.2,32,1326
ABplapappp,151,588,357,16.1,34,-161
ABplapappp,152,588,357,15.3,34,552
ABplapappp,153,589,358,15.1,31,133
ABplapappp,154,594,351,15.1,34,2812
ABplapappp,155,590,352,15.0,31,2571
ABplapappp,156,590,356,15.1,34,1926
ABplapappp,157,585,356,15.0,29,2106
ABplapappp,158,590,352,15.1,30,1392
ABplapappp,159,589,347,15.0,31,2215
ABplapappp,160,588,350,14.3,32,37
ABplapp,47,310,297,7.4,54,-1450
ABplapp,48,312,298,8.1,55,-983
ABplapp,49,318,299,8.2,55,-1708
ABplapp,50,316,304,9.1,53,-1279
ABplapp,51,320,307,7.9,53,-2506
ABplapp,52,312,304,6.9,53,-2705
ABplapp,53,316,315,6.2,53,-2813
ABplapp,54,312,311,6.8,53,-2276
ABplapp,55,315,312,6.9,53,-1908
ABplapp,56,312,316,6.5,54,-2020
ABplapp,57,307,314,7.0,53,-2575
ABplapp,58,308,314,6.3,54,-2922
ABplapp,59,314,307,6.3,53,-2859
ABplapp,60,313,304,7.0,52,-2049
ABplapp,61,310,309,6.3,53,-2947
ABplapp,62,313,307,6.4,55,-2884
ABplapp,63,313,312,5.3,32,-2377
ABplappa,64,295,313,6.0,29,-2210
ABplappa,65,293,319,5.1,39,-2502
ABplappa,66,300,320,5.0,40,-3534
ABplappa,67,292,323,4.3,43,744
ABplappa,68,297,322,4.3,45,-535
ABplappa,69,300,314,4.3,47,-814
ABplappa,70,295,318,4.1,44,166
ABplappa,71,295,320,5.0,46,-3023
ABplappa,72,294,320,5.2,46,-2951
ABplappa,73,293,326,5.1,46,-3506
ABplappa,74,285,335,5.3,46,-3382
ABplappa,75,289,341,5.2,46,-3248
ABplappa,76,290,347,4.5,48,-662
ABplappa,77,291,350,5.0,46,-3153
ABplappa,78,298,355,5.2,48,-2370
ABplappa,79,299,359,5.2,46,-3369
ABplappa,80,312,366,5.3,48,-2812
ABplappa,81,314,374,5.2,46,-2765
ABplappa,82,320,389,5.1,46,-2515
ABplappa,83,324,394,6.0,44,-3411
ABplappa,84,339,405,6.1,44,-3845
ABplappa,85,346,407,6.2,45,-2685
ABplappa,86,352,404,7.0,28,-433
ABplappaa,87,334,411,7.2,28,-593
ABplappaa,88,332,415,7.3,33,-516
ABplappaa,89,336,419,8.9,37,-1556
ABplappaa,90,341,421,8.1,36,-1278
ABplappaa,91,346,423,8.2,39,-586
ABplappaa,92,350,429,9.0,39,-1007
ABplappaa,93,355,429,10.0,39,-735
ABplappaa,94,354,427,9.3,37,-941
ABplappaa,95,363,428,10.0,39,-1358
ABplappaa,96,364,425,9.1,38,-1385
ABplappaa,97,365,424,9.1,38,-1446
ABplappaa,98,373,422,9.0,38,-605
ABplappaa,99,370,418,8.1,40,-1355
ABplappaa,100,375,417,8.2,40,-40
ABplappaa,101,375,421,8.3,40,-2
ABplappaa,102,378,415,8.1,40,-1491
ABplappaa,103,377,420,8.0,38,-1116
ABplappaa,104,378,423,8.9,36,-860
ABplappaa,105,387,422,8.2,38,-894
ABplappaa,106,386,422,8.3,38,-624
ABplappaa,107,388,420,8.4,40,-396
ABplappaa,108,390,420,10.1,40,-1030
ABplappaa,109,392,427,10.4,38,-556
ABplappaa,110,393,427,10.9,36,-818
ABplappaa,111,395,426,10.9,36,-953
ABplappaa,112,412,431,11.0,38,-166
ABplappaa,113,419,426,10.2,38,-649
ABplappaa,114,412,432,10.0,36,-395
ABplappaa,115,409,431,10.3,37,-1126
ABplappaa,116,414,427,10.1,39,-2054
ABplappaa,117,419,426,10.9,34,-1002
ABplappaa,118,415,428,10.1,33,-859
ABplappaaa,119,404,419,9.8,32,-94
ABplappaaa,120,408,426,9.0,31,-452
ABplappaaa,121,418,431,9.2,32,-317
ABplappaaa,122,414,436,9.4,34,-582
ABplappaaa,123,410,437,10.8,30,-671
ABplappaaa,124,404,435,10.1,32,-609
ABplappaaa,125,411,435,9.5,32,-687
ABplappaaa,126,413,440,10.2,30,-591
ABplappaaa,127,418,435,10.3,34,54
ABplappaaa,128,417,434,11.2,34,-1109
ABplappaaa,129,423,428,10.2,34,-515
ABplappaaa,130,425,431,10.3,32,-86
ABplappaaa,131,426,423,10.1,34,-766
ABplappaaa,132,427,420,11.0,34,-875
ABplappaaa,133,427,423,11.1,30,-810
ABplappaaa,134,427,423,11.2,34,-804
ABplappaaa,135,434,423,12.1,34,-816
ABplappaaa,136,433,423,12.0,32,-1009
ABplappaaa,137,430,429,12.2,34,226
ABplappaaa,138,436,424,11.2,34,-935
ABplappaaa,139,436,427,11.3,34,457
ABplappaaa,140,433,425,12.1,34,-765
ABplappaaa,141,432,426,11.4,32,-796
ABplappaaa,142,430,428,12.1,34,-647
ABplappaaa,143,429,430,12.1,34,-534
ABplappaaa,144,433,428,13.0,34,-494
ABplappaaa,145,433,431,12.2,32,-1071
ABplappaaa,146,435,435,12.2,34,66
ABplappaaa,147,435,435,12.8,30,-152
ABplappaaa,148,438,434,12.3,32,-834
ABplappaaa,149,441,434,12.9,30,-1294
ABplappaaa,150,447,437,12.0,32,-784
ABplappaaa,151,444,435,11.4,34,-1395
ABplappaaa,152,446,441,11.1,30,-515
ABplappaaa,153,442,437,11.1,31,-715
ABplappaaa,154,445,434,11.2,30,-166
ABplappaaa,155,448,436,11.2,31,-512
ABplappaaa,156,452,438,11.0,32,-623
ABplappaaa,157,451,438,11.0,29,33
ABplappaaa,158,452,432,10.9,30,-889
ABplappaaa,159,451,430,10.4,31,-726
ABplappaaa,160,448,432,10.3,32,-195
ABplappaap,119,450,432,12.9,32,-477
ABplappaap,120,460,435,13.0,31,119
ABplappaap,121,471,435,12.3,32,-474
ABplappaap,122,463,435,13.2,34,-1020
ABplappaap,123,458,440,13.0,34,-508
ABplappaap,124,448,439,12.2,34,337
ABplappaap,125,453,438,12.2,32,-351
ABplappaap,126,456,436,12.3,32,-147
ABplappaap,127,461,430,13.0,32,458
ABplappaap,128,458,422,13.2,32,-480
ABplappaap,129,461,419,13.0,34,-1012
ABplappaap,130,461,421,14.0,34,73
ABplappaap,131,461,417,14.0,34,-891
ABplappaap,132,455,409,14.1,34,-104
ABplappaap,133,459,415,14.1,34,-620
ABplappaap,134,457,414,14.1,34,-32
ABplappaap,135,458,413,15.0,34,-1328
ABplappaap,136,461,412,14.1,34,150
ABplappaap,137,458,417,14.3,34,-270
ABplappaap,138,456,415,14.1,34,10
ABplappaap,139,460,417,14.2,34,248
ABplappaap,140,459,418,14.3,34,-744
ABplappaap,141,459,422,14.2,34,-1110
ABplappaap,142,456,425,14.2,34,-773
ABplappaap,143,455,425,14.2,34,-551
ABplappaap,144,459,423,14.3,34,-951
ABplappaap,145,459,424,14.2,34,47
ABplappaap,146,467,428,13.9,30,-91
ABplappaap,147,469,429,13.2,34,-337
ABplappaap,148,465,428,14.1,32,-421
ABplappaap,149,470,431,14.1,32,337
ABplappaap,150,476,436,12.3,32,-573
ABplappaap,151,476,434,12.3,32,707
ABplappaap,152,474,433,12.2,32,-222
ABplappaap,153,471,432,11.3,31,-377
ABplappaap,154,478,431,11.0,32,72
ABplappaap,155,478,432,11.2,31,257
ABplappaap,156,482,430,11.1,30,-924
ABplappaap,157,480,430,11.1,31,-20
ABplappaap,158,481,431,10.9,30,830
ABplappaap,159,484,428,11.1,31,458
ABplappaap,160,481,429,10.1,30,-303
ABplappap,87,387,409,7.1,28,-92
ABplappap,88,393,423,8.1,33,-1435
ABplappap,89,400,415,7.8,37,-1035
ABplappap,90,403,411,7.2,36,-1850
ABplappap,91,407,421,8.0,39,-815
ABplappap,92,410,420,7.1,39,-1786
ABplappap,93,410,422,8.0,39,-1096
ABplappap,94,409,419,7.3,39,-1464
ABplappap,95,415,420,7.2,39,-1190
ABplappap,96,414,420,7.8,36,-779
ABplappap,97,423,421,7.9,36,-2084
ABplappap,98,430,419,7.2,38,-1232
ABplappap,99,430,420,7.9,36,-1327
ABplappap,100,435,421,7.1,38,-1662
ABplappap,101,434,420,7.1,40,-1568
ABplappap,102,438,425,8.0,38,-641
ABplappap,103,430,425,7.4,38,224
ABplappap,104,435,428,7.4,38,-1234
ABplappap,105,444,424,7.3,38,-317
ABplappap,106,442,423,8.1,38,-1391
ABplappap,107,445,424,8.2,40,-1161
ABplappap,108,442,422,9.2,40,-615
ABplappap,109,440,423,9.1,36,-1195
ABplappap,110,441,427,9.2,38,-1034
ABplappap,111,443,427,9.3,38,-1073
ABplappap,112,457,427,10.0,40,-729
ABplappap,113,463,429,10.1,40,-337
ABplappap,114,464,434,10.0,38,-1153
ABplappap,115,467,433,9.3,39,-717
ABplappap,116,463,429,9.3,37,-1273
ABplappap,117,468,424,9.1,38,-369
ABplappap,118,469,420,9.1,33,-1386
ABplappap,119,469,415,9.1,36,291
ABplappapa,120,461,425,8.9,31,-641
ABplappapa,121,466,428,9.0,30,-1529
ABplappapa,122,468,422,9.0,30,104
ABplappapa,123,463,428,9.2,32,92
ABplappapa,124,450,426,8.4,32,-1607
ABplappapa,125,456,421,8.5,32,-239
ABplappapa,126,458,426,9.1,32,-379
ABplappapa,127,465,424,9.3,34,-1628
ABplappapa,128,468,419,9.4,32,-268
ABplappapa,129,468,415,9.2,32,-1280
ABplappapa,130,468,422,10.0,30,-494
ABplappapa,131,473,420,9.3,32,-948
ABplappapa,132,473,416,9.9,30,-1364
ABplappapa,133,471,422,10.2,32,-809
ABplappapa,134,470,423,10.1,30,-139
ABplappapa,135,477,425,9.3,32,-201
ABplappapa,136,477,420,10.0,30,498
ABplappapa,137,477,423,10.0,30,-467
ABplappapa,138,480,423,9.4,32,-1087
ABplappapa,139,482,422,10.0,30,-639
ABplappapa,140,477,427,10.1,30,290
ABplappapa,141,480,425,9.3,32,-39
ABplappapa,142,480,427,9.4,34,-1686
ABplappapa,143,474,428,9.3,34,-714
ABplappapa,144,478,424,9.9,30,-130
ABplappapa,145,480,421,9.9,30,-1003
ABplappapa,146,484,425,8.4,34,-556
ABplappapa,147,486,425,9.2,34,-1468
ABplappapa,148,484,424,9.2,32,131
ABplappapa,149,484,428,8.9,30,-456
ABplappapa,150,483,421,8.0,30,-1611
ABplappapa,151,487,420,7.8,30,143
ABplappapa,152,484,417,7.1,30,1955
ABplappapa,153,484,418,6.9,29,-216
ABplappapa,154,489,415,6.9,30,25
ABplappapa,155,494,411,6.4,31,-833
ABplappapa,156,495,407,6.0,30,-1263
ABplappapa,157,493,409,6.1,29,-515
ABplappapa,158,490,405,5.9,30,-1163
ABplappapa,159,490,400,5.4,31,-2817
ABplappapa,160,483,403,5.2,30,-1929
ABplappapp,120,509,420,11.0,31,-534
ABplappapp,121,518,422,11.8,30,-569
ABplappapp,122,513,426,12.0,30,-1193
ABplappapp,123,511,429,12.3,32,-255
ABplappapp,124,503,428,12.0,34,-564
ABplappapp,125,510,424,12.2,34,296
ABplappapp,126,515,423,12.2,32,-468
ABplappapp,127,516,416,12.3,34,-884
ABplappapp,128,519,413,13.0,30,-1235
ABplappapp,129,517,414,12.3,34,238
ABplappapp,130,513,421,13.1,32,-869
ABplappapp,131,519,421,13.2,30,935
ABplappapp,132,514,419,13.2,32,407
ABplappapp,133,516,423,13.1,34,161
ABplappapp,134,512,422,13.1,30,106
ABplappapp,135,516,420,13.2,34,-518
ABplappapp,136,518,418,13.1,34,-730
ABplappapp,137,517,419,13.2,32,-216
ABplappapp,138,513,420,12.3,34,-236
ABplappapp,139,514,417,13.2,34,-439
ABplappapp,140,513,418,13.3,34,-955
ABplappapp,141,510,421,13.1,34,26
ABplappapp,142,508,423,13.2,32,-1328
ABplappapp,143,507,423,13.1,32,173
ABplappapp,144,506,419,13.3,34,-722
ABplappapp,145,510,420,13.1,34,-796
ABplappapp,146,513,420,13.1,32,161
ABplappapp,147,516,420,13.1,30,-811
ABplappapp,148,509,426,13.5,32,-989
ABplappapp,149,509,424,13.2,30,-346
ABplappapp,150,512,423,12.4,32,596
ABplappapp,151,511,425,12.9,30,-574
ABplappapp,152,510,424,12.1,34,316
ABplappapp,153,510,424,11.4,31,-1034
ABplappapp,154,515,421,12.0,32,459
ABplappapp,155,514,425,12.1,29,1850
ABplappapp,156,518,424,11.4,32,-203
ABplappapp,157,515,426,12.1,31,155
ABplappapp,158,511,425,12.0,30,-593
ABplappapp,159,516,422,12.3,31,-106
ABplappapp,160,515,426,11.3,32,112
ABplappp,64,342,319,6.2,33,-1484
ABplappp,65,361,324,5.2,37,-1768
ABplappp,66,372,336,5.1,40,-2654
ABplappp,67,379,338,5.1,41,-3129
ABplappp,68,385,341,4.4,43,-926
ABplappp,69,384,342,4.9,43,-1994
ABplappp,70,379,339,5.0,44,-3295
ABplappp,71,379,336,4.2,44,-1859
ABplappp,72,373,338,4.2,46,74
ABplappp,73,368,344,4.9,44,-3053
ABplappp,74,367,348,5.0,44,-3078
ABplappp,75,362,348,4.9,44,-2569
ABplappp,76,366,357,4.3,46,-1425
ABplappp,77,372,363,4.9,44,-2785
ABplappp,78,372,359,4.3,46,95
ABplappp,79,378,361,5.0,44,-2860
ABplappp,80,389,365,5.1,44,-2722
ABplappp,81,389,377,6.0,44,-1520
ABplappp,82,397,390,6.0,44,-2005
ABplappp,83,398,390,7.0,44,-1755
ABplappp,84,410,394,7.1,44,-1455
ABplappp,85,414,396,8.1,43,-1381
ABplappp,86,425,403,9.0,42,-537
ABplappp,87,433,398,9.0,34,-1001
ABplapppa,88,422,392,8.4,31,-107
ABplapppa,89,427,393,9.1,35,181
ABplapppa,90,434,394,8.8,36,-537
ABplapppa,91,439,397,8.0,35,-80
ABplapppa,92,446,403,8.1,35,-1696
ABplapppa,93,450,415,8.1,37,-39
ABplapppa,94,452,429,8.1,35,-157
ABplapppa,95,455,433,8.9,35,-621
ABplapppa,96,452,434,8.9,36,-97
ABplapppa,97,461,431,8.8,36,-168
ABplapppa,98,472,430,8.9,36,-809
ABplapppa,99,468,429,9.1,36,-397
ABplapppa,100,470,428,9.1,36,0
ABplapppa,101,472,430,9.9,36,-1066
ABplapppa,102,476,436,10.0,36,-114
ABplapppa,103,469,436,10.0,36,-1076
ABplapppa,104,477,432,10.1,36,-491
ABplapppa,105,476,428,11.1,36,-1197
ABplapppa,106,475,430,12.0,38,-1058
ABplapppa,107,477,425,12.0,36,-907
ABplapppa,108,473,419,12.8,36,-333
ABplapppa,109,468,420,13.0,36,-509
ABplapppa,110,465,416,13.0,36,279
ABplapppa,111,467,420,13.9,36,-261
ABplapppa,112,470,420,14.0,36,-919
ABplapppa,113,475,426,14.1,38,-422
ABplapppa,114,473,423,14.0,36,-178
ABplapppa,115,477,424,13.3,37,-569
ABplapppa,116,477,424,14.1,37,-21
ABplapppa,117,477,420,14.0,36,-376
ABplapppa,118,480,419,14.2,37,237
ABplapppa,119,482,413,15.1,36,-1363
ABplapppa,120,485,408,15.1,35,-998
ABplapppa,121,493,404,15.2,34,-24
ABplapppa,122,493,412,16.0,34,-445
ABplapppaa,123,467,424,15.1,32,-385
ABplapppaa,124,458,422,15.0,30,-321
ABplapppaa,125,466,419,15.1,26,-579
ABplapppaa,126,474,417,15.1,30,-294
ABplapppaa,127,480,419,16.1,26,-554
ABplapppaa,128,484,417,16.3,32,-821
ABplapppaa,129,484,418,16.1,30,-502
ABplapppaa,130,482,422,17.1,30,-955
ABplapppaa,131,479,418,17.0,34,-48
ABplapppaa,132,475,409,17.0,32,-564
ABplapppaa,133,478,406,17.2,34,398
ABplapppaa,134,479,413,17.1,30,1091
ABplapppaa,135,482,404,17.3,34,-488
ABplapppaa,136,477,400,17.0,34,-252
ABplapppaa,137,478,397,17.1,34,-785
ABplapppaa,138,480,402,16.4,34,-835
ABplapppaa,139,485,396,17.2,32,-916
ABplapppaa,140,490,399,17.0,34,-43
ABplapppaa,141,492,401,17.1,30,-1189
ABplapppaa,142,494,406,17.0,32,688
ABplapppaa,143,491,404,17.0,32,-1339
ABplapppaa,144,501,396,17.1,30,182
ABplapppaa,145,505,394,16.4,32,-500
ABplapppaa,146,508,399,16.4,34,281
ABplapppaa,147,513,393,16.9,30,-388
ABplapppaa,148,513,393,17.1,30,231
ABplapppaa,149,522,391,16.9,30,-1118
ABplapppaa,150,524,393,17.0,32,-643
ABplapppaa,151,523,386,16.3,34,-1271
ABplapppaa,152,532,386,16.9,30,-1044
ABplapppaa,153,535,387,16.3,31,530
ABplapppaa,154,538,383,16.4,34,-476
ABplapppaa,155,545,378,17.0,31,-685
ABplapppaa,156,545,376,16.3,34,292
ABplapppaa,157,544,380,16.2,31,-331
ABplapppaa,158,545,377,16.4,32,-1409
ABplapppaa,159,552,374,16.2,31,-948
ABplapppaa,160,556,371,16.3,32,-913
ABplapppap,123,506,404,17.9,30,-165
ABplapppap,124,507,412,17.0,30,-819
ABplapppap,125,517,403,17.0,34,-655
ABplapppap,126,521,410,17.1,30,503
ABplapppap,127,522,401,17.0,30,758
ABplapppap,128,523,399,17.0,30,-36
ABplapppap,129,520,403,17.0,30,-139
ABplapppap,130,520,405,17.2,32,-767
ABplapppap,131,520,399,18.0,30,-760
ABplapppap,132,514,400,17.2,32,-884
ABplapppap,133,513,398,17.3,34,396
ABplapppap,134,515,400,17.2,34,380
ABplapppap,135,514,385,17.2,32,-60
ABplapppap,136,510,383,17.3,34,-341
ABplapppap,137,511,388,17.1,30,-658
ABplapppap,138,509,388,17.2,34,288
ABplapppap,139,517,378,17.1,34,-297
ABplapppap,140,521,379,18.0,34,-33
ABplapppap,141,518,385,18.1,34,-625
ABplapppap,142,517,386,18.3,34,-1004
ABplapppap,143,520,381,18.1,34,424
ABplapppap,144,526,375,18.2,34,-142
ABplapppap,145,530,373,18.2,34,762
ABplapppap,146,533,374,18.9,30,-842
ABplapppap,147,537,369,18.0,30,-1131
ABplapppap,148,530,372,18.0,34,-446
ABplapppap,149,532,367,18.1,32,-764
ABplapppap,150,534,366,18.2,34,-771
ABplapppap,151,527,365,18.2,34,-98
ABplapppap,152,532,368,18.2,34,-56
ABplapppap,153,531,362,18.2,31,398
ABplapppap,154,533,367,19.0,34,-80
ABplapppap,155,535,366,19.0,31,-399
ABplapppap,156,532,364,18.1,26,-403
ABplapppap,157,534,367,19.0,31,-620
ABplapppap,158,540,364,18.0,34,-937
ABplapppap,159,534,357,18.0,31,303
ABplapppap,160,536,362,19.1,34,4
ABplapppp,88,471,398,10.3,35,-247
ABplapppp,89,482,399,10.9,37,-179
ABplapppp,90,483,402,10.9,36,-543
ABplapppp,91,488,409,10.3,37,-201
ABplapppp,92,491,407,10.8,35,-146
ABplapppp,93,494,408,9.2,37,-1162
ABplapppp,94,486,410,10.1,37,184
ABplapppp,95,492,419,10.0,37,-628
ABplapppp,96,493,414,9.1,38,-806
ABplapppp,97,494,406,8.4,38,-1078
ABplapppp,98,503,404,9.9,36,-702
ABplapppp,99,497,409,11.0,36,-636
ABplapppp,100,509,410,11.8,36,569
ABplapppp,101,504,411,11.4,38,-432
ABplapppp,102,507,418,12.1,36,-518
ABplapppp,103,505,423,11.9,36,-835
ABplapppp,104,509,419,12.1,38,-30
ABplapppp,105,520,420,13.0,36,-754
ABplapppp,106,515,423,13.3,38,-452
ABplapppp,107,514,424,14.0,36,34
ABplapppp,108,513,421,14.1,38,519
ABplapppp,109,507,427,14.9,36,-352
ABplapppp,110,505,426,14.3,40,-796
ABplapppp,111,505,426,14.3,38,566
ABplapppp,112,514,422,15.2,38,61
ABplapppp,113,522,415,15.2,40,-2
ABplapppp,114,523,422,15.2,38,-14
ABplapppp,115,519,423,15.2,39,104
ABplapppp,116,516,418,16.1,39,-484
ABplapppp,117,514,415,17.1,38,219
ABplapppp,118,520,410,17.0,37,-570
ABplapppp,119,530,400,17.2,36,-429
ABplapppp,120,533,393,19.1,35,367
ABplappppa,121,537,397,17.3,32,-1015
ABplappppa,122,538,410,17.8,30,-320
ABplappppa,123,539,407,17.9,30,223
ABplappppa,124,538,407,17.1,34,226
ABplappppa,125,547,394,17.2,34,31
ABplappppa,126,553,397,17.9,30,-445
ABplappppa,127,553,390,18.2,32,-47
ABplappppa,128,556,389,18.1,34,146
ABplappppa,129,552,391,18.2,34,333
ABplappppa,130,547,389,19.0,34,-849
ABplappppa,131,547,389,19.1,34,276
ABplappppa,132,542,392,19.1,34,470
ABplappppa,133,546,390,18.2,34,-98
ABplappppa,134,545,387,19.1,34,800
ABplappppa,135,546,384,19.2,34,-110
ABplappppa,136,540,392,19.1,34,-1337
ABplappppa,137,540,390,18.3,34,1240
ABplappppa,138,539,389,19.1,34,-87
ABplappppa,139,549,382,19.2,34,262
ABplappppa,140,545,380,19.2,34,-175
ABplappppa,141,552,384,19.0,34,247
ABplappppa,142,555,383,18.2,34,-148
ABplappppa,143,555,387,18.2,34,689
ABplappppa,144,561,387,18.1,34,724
ABplappppa,145,562,388,18.0,34,1042
ABplappppa,146,568,390,17.1,34,1698
ABplappppa,147,571,390,17.1,34,1719
ABplappppa,148,567,390,17.9,30,1891
ABplappppa,149,570,388,17.2,32,1993
ABplappppa,150,571,385,18.0,32,1518
ABplappppa,151,567,390,18.0,30,4022
ABplappppa,152,569,388,17.2,34,2077
ABplappppa,153,573,386,17.2,31,1823
ABplappppa,154,577,384,17.1,30,3272
ABplappppa,155,580,383,17.3,31,3291
ABplappppa,156,579,385,17.2,34,3214
ABplappppa,157,574,390,17.1,31,4926
ABplappppa,158,580,380,18.1,32,3390
ABplappppa,159,584,378,17.3,31,3350
ABplappppa,160,581,382,17.3,34,2201
ABplappppp,121,541,365,20.1,34,611
ABplappppp,122,541,362,20.0,30,-754
ABplappppp,123,536,357,20.1,34,-1090
ABplappppp,124,531,359,20.1,34,675
ABplappppp,125,532,348,20.2,34,-184
ABplappppp,126,534,347,20.2,34,-1067
ABplappppp,127,542,339,21.1,34,578
ABplappppp,128,549,344,20.3,34,762
ABplappppp,129,549,347,20.3,34,-55
ABplappppp,130,544,344,20.2,34,-487
ABplappppp,131,545,341,21.0,34,-355
ABplappppp,132,547,342,20.3,32,-148
ABplappppp,133,547,346,21.0,30,-388
ABplappppp,134,551,343,20.2,32,-646
ABplappppp,135,559,339,20.3,32,-318
ABplappppp,136,562,343,20.2,34,-76
ABplappppp,137,560,343,20.2,34,-356
ABplappppp,138,558,345,20.2,32,394
ABplappppp,139,559,334,21.0,34,-380
ABplappppp,140,559,335,20.3,34,-848
ABplappppp,141,556,345,20.2,34,678
ABplappppp,142,560,346,20.2,34,-280
ABplappppp,143,556,343,20.2,34,-515
ABplappppp,144,559,342,20.2,34,-555
ABplappppp,145,566,340,20.2,34,-493
ABplappppp,146,566,341,20.2,32,-869
ABplappppp,147,574,344,19.3,32,-471
ABplappppp,148,569,342,20.2,34,323
ABplappppp,149,570,341,20.1,34,-865
ABplappppp,150,568,339,20.1,34,-94
ABplappppp,151,567,342,20.1,34,-993
ABplappppp,152,572,337,20.1,34,865
ABplappppp,153,571,337,19.0,31,330
ABplappppp,154,575,336,19.3,34,263
ABplappppp,155,571,335,19.3,31,-712
ABplappppp,156,572,334,20.1,34,-447
ABplappppp,157,572,335,20.1,31,157
ABplappppp,158,573,326,20.3,34,126
ABplappppp,159,573,329,20.3,31,-1433
ABplappppp,160,573,333,20.1,34,-875
ABplp,21,321,356,8.7,57,-1765
ABplp,22,314,338,6.1,56,-3406
ABplp,23,338,325,6.0,63,-3621
ABplp,24,356,327,5.7,64,-2996
ABplp,25,359,331,6.2,65,-3564
ABplp,26,366,338,6.0,65,-3845
ABplp,27,345,357,6.4,65,-3774
ABplp,28,332,367,6.5,65,-3755
ABplp,29,330,367,6.5,67,-3527
ABplp,30,321,375,8.2,54,-1060
ABplpa,31,294,379,8.0,36,-1049
ABplpa,32,297,387,7.8,56,-1327
ABplpa,33,293,400,8.0,56,-1862
ABplpa,34,284,398,7.8,56,-2190
ABplpa,35,283,388,6.3,58,-3122
ABplpa,36,287,382,6.7,58,-3752
ABplpa,37,307,376,6.0,58,-3601
ABplpa,38,318,380,6.0,59,-3764
ABplpa,39,319,377,6.8,59,-3608
ABplpa,40,314,378,6.9,59,-3483
ABplpa,41,305,379,6.3,61,-3682
ABplpa,42,308,376,6.9,60,-3491
ABplpa,43,307,374,6.6,60,-3628
ABplpa,44,313,376,6.9,61,-3488
ABplpa,45,308,380,7.1,64,-3548
ABplpa,46,306,376,7.2,57,-2567
ABplpaa,47,294,386,5.3,40,-2546
ABplpaa,48,304,392,5.1,49,-3372
ABplpaa,49,311,399,5.1,53,-2149
ABplpaa,50,299,398,5.1,53,-2987
ABplpaa,51,291,392,5.1,53,-3061
ABplpaa,52,299,387,5.1,53,-2265
ABplpaa,53,307,387,5.0,53,-1902
ABplpaa,54,312,387,5.0,53,-2010
ABplpaa,55,308,384,5.0,53,-2167
ABplpaa,56,303,389,5.1,52,-2466
ABplpaa,57,299,388,5.2,51,-2819
ABplpaa,58,301,395,5.9,52,-3056
ABplpaa,59,296,390,6.0,51,-3172
ABplpaa,60,289,389,5.9,52,-3833
ABplpaa,61,284,393,5.8,51,-3987
ABplpaa,62,277,391,6.0,51,-2913
ABplpaa,63,282,389,6.9,50,-2397
ABplpaa,64,286,391,6.1,41,-3312
ABplpaa,65,298,394,6.2,47,-3189
ABplpaaa,66,251,390,6.2,34,-139
ABplpaaa,67,247,392,6.1,39,-3266
ABplpaaa,68,243,388,6.0,41,-2635
ABplpaaa,69,241,393,6.0,43,-3088
ABplpaaa,70,230,392,6.8,44,-2212
ABplpaaa,71,218,388,6.0,44,-2246
ABplpaaa,72,213,382,6.9,44,-1924
ABplpaaa,73,200,377,6.9,44,-1833
ABplpaaa,74,190,381,7.0,44,-2179
ABplpaaa,75,189,370,6.9,44,-2126
ABplpaaa,76,189,380,7.2,44,-1886
ABplpaaa,77,183,383,7.9,44,-899
ABplpaaa,78,176,383,8.1,44,-743
ABplpaaa,79,169,385,8.1,44,-473
ABplpaaa,80,170,384,8.9,44,-1267
ABplpaaa,81,165,387,9.0,44,-1612
ABplpaaa,82,172,392,9.0,44,-937
ABplpaaa,83,162,388,9.2,46,-772
ABplpaaa,84,164,390,9.4,46,203
ABplpaaa,85,165,397,11.0,43,-71
ABplpaaa,86,167,400,11.2,44,-452
ABplpaaa,87,171,399,13.0,40,-1180
ABplpaaa,88,175,389,13.0,37,-1130
ABplpaaaa,89,151,376,14.1,33,-1461
ABplpaaaa,90,158,378,13.9,36,-1234
ABplpaaaa,91,166,379,13.2,37,-938
ABplpaaaa,92,164,393,12.3,37,-99
ABplpaaaa,93,171,402,13.2,39,-483
ABplpaaaa,94,159,400,12.1,37,-677
ABplpaaaa,95,156,392,12.2,37,-234
ABplpaaaa,96,155,395,13.3,38,-140
ABplpaaaa,97,159,389,15.0,40,718
ABplpaaaa,98,161,387,14.3,38,45
ABplpaaaa,99,161,386,14.3,38,-558
ABplpaaaa,100,166,386,14.1,40,211
ABplpaaaa,101,166,387,15.1,36,156
ABplpaaaa,102,172,389,16.0,38,-1148
ABplpaaaa,103,173,386,17.0,36,-1114
ABplpaaaa,104,178,391,17.0,38,-169
ABplpaaaa,105,187,389,17.1,38,-906
ABplpaaaa,106,181,392,17.0,40,-683
ABplpaaaa,107,185,390,16.1,38,-25
ABplpaaaa,108,184,380,16.2,40,-1205
ABplpaaaa,109,184,386,16.0,36,-798
ABplpaaaa,110,184,383,16.0,38,-45
ABplpaaaa,111,188,386,15.2,38,-1057
ABplpaaaa,112,189,390,15.2,40,-506
ABplpaaaa,113,182,396,16.1,40,-333
ABplpaaaa,114,176,392,16.1,40,-1350
ABplpaaaa,115,179,379,15.2,39,25
ABplpaaaa,116,186,379,16.0,35,-144
ABplpaaaa,117,192,379,16.9,34,-1384
ABplpaaaaa,118,165,370,15.9,33,530
ABplpaaaaa,119,167,366,16.0,32,-528
ABplpaaaaa,120,163,360,15.8,31,-712
ABplpaaaaa,121,173,366,15.9,30,-953
ABplpaaaaa,122,172,361,15.9,30,-334
ABplpaaaaa,123,168,358,15.3,32,-647
ABplpaaaaa,124,173,360,16.1,32,-777
ABplpaaaaa,125,176,358,16.1,34,-825
ABplpaaaaa,126,180,363,15.3,32,821
ABplpaaaaa,127,185,365,16.1,30,-186
ABplpaaaaa,128,186,367,16.1,32,537
ABplpaaaaa,129,188,365,16.1,32,-571
ABplpaaaaa,130,189,371,16.1,34,-973
ABplpaaaaa,131,191,366,16.3,34,-1293
ABplpaaaaa,132,192,370,16.2,34,244
ABplpaaaaa,133,199,369,16.1,34,-1176
ABplpaaaaa,134,202,372,16.2,32,-740
ABplpaaaaa,135,205,371,16.2,32,-693
ABplpaaaaa,136,208,369,16.2,33,-454
ABplpaaaaa,137,211,367,16.2,34,160
ABplpaaaaa,138,211,367,16.2,34,86
ABplpaaaaa,139,211,368,16.2,34,341
ABplpaaaaa,140,212,369,16.3,34,-687
ABplpaaaaa,141,212,370,16.3,34,-871
ABplpaaaaa,142,213,371,16.3,34,-484
ABplpaaaaa,143,219,370,16.4,34,-430
ABplpaaaaa,144,225,369,16.5,34,-1010
ABplpaaaaa,145,224,365,16.3,34,-449
ABplpaaaaa,146,226,365,16.3,34,-526
ABplpaaaaa,147,229,364,16.3,34,563
ABplpaaaaa,148,230,370,16.2,34,-194
ABplpaaaaa,149,222,369,16.2,34,-739
ABplpaaaaa,150,228,372,16.2,26,-538
ABplpaaaaa,151,232,371,16.1,34,-122
ABplpaaaaa,152,231,364,16.2,34,868
ABplpaaaaa,153,234,372,17.1,31,63
ABplpaaaaa,154,241,372,16.3,34,259
ABplpaaaaa,155,237,369,15.7,30,-853
ABplpaaaaa,156,230,373,16.8,26,-830
ABplpaaaaa,157,229,372,16.7,27,-416
ABplpaaaaa,158,228,371,16.1,28,1414
ABplpaaaaa,159,220,374,16.0,30,-77
ABplpaaaaa,160,222,370,16.2,34,-1173
ABplpaaaap,118,211,392,17.0,30,-138
ABplpaaaap,119,219,387,16.3,36,417
ABplpaaaap,120,215,391,16.2,35,-721
ABplpaaaap,121,219,391,17.2,34,-1448
ABplpaaaap,122,213,387,17.1,34,-8
ABplpaaaap,123,204,382,17.1,34,-840
ABplpaaaap,124,206,379,17.1,34,-1351
ABplpaaaap,125,213,381,17.2,32,-688
ABplpaaaap,126,211,387,17.0,30,239
ABplpaaaap,127,215,387,17.2,34,-10
ABplpaaaap,128,222,385,17.1,34,-595
ABplpaaaap,129,223,381,17.1,34,-217
ABplpaaaap,130,224,384,17.2,32,-1320
ABplpaaaap,131,227,384,17.2,34,-466
ABplpaaaap,132,232,386,17.2,34,-626
ABplpaaaap,133,238,382,17.2,34,-1282
ABplpaaaap,134,239,391,17.3,34,-779
ABplpaaaap,135,240,392,17.6,34,378
ABplpaaaap,136,241,393,17.9,34,-162
ABplpaaaap,137,242,395,18.2,34,-576
ABplpaaaap,138,247,389,18.2,34,-286
ABplpaaaap,139,255,389,18.2,34,172
ABplpaaaap,140,258,398,19.0,34,-1395
ABplpaaaap,141,258,395,19.0,34,-24
ABplpaaaap,142,261,400,19.1,34,-212
ABplpaaaap,143,259,403,19.5,34,-233
ABplpaaaap,144,263,404,19.6,34,44
ABplpaaaap,145,267,406,19.8,33,-81
ABplpaaaap,146,271,407,19.9,33,-159
ABplpaaaap,147,275,409,20.0,32,-1091
ABplpaaaap,148,277,409,20.0,32,-508
ABplpaaaap,149,280,409,20.0,32,-125
ABplpaaaap,150,283,409,20.0,32,-352
ABplpaaaap,151,286,409,20.0,32,419
ABplpaaaap,152,289,410,20.0,32,72
ABplpaaaap,153,290,412,19.1,29,-353
ABplpaaaap,154,291,414,18.1,26,232
ABplpaaaap,155,294,409,19.0,31,632
ABplpaaaap,156,296,412,19.1,32,-183
ABplpaaaap,157,298,413,18.3,31,1073
ABplpaaaapa,158,293,401,19.8,30,-358
ABplpaaaapa,159,280,398,19.2,31,871
ABplpaaaapa,160,275,397,19.9,30,14
ABplpaaaapp,158,306,410,17.2,34,-224
ABplpaaaapp,159,314,422,17.1,29,1610
ABplpaaaapp,160,315,428,16.9,30,1816
ABplpaaap,89,200,405,13.3,35,-152
ABplpaaap,90,208,402,15.0,36,-469
ABplpaaap,91,212,406,16.0,35,49
ABplpaaap,92,220,416,15.2,37,-830
ABplpaaap,93,228,416,16.2,37,97
ABplpaaap,94,215,408,17.1,39,-806
ABplpaaap,95,211,407,16.2,37,559
ABplpaaap,96,206,401,17.1,36,-377
ABplpaaap,97,206,401,17.9,36,-398
ABplpaaap,98,202,401,17.0,36,-760
ABplpaaap,99,203,399,16.9,36,215
ABplpaaap,100,209,399,16.9,36,-1121
ABplpaaap,101,207,398,16.2,40,-513
ABplpaaap,102,219,396,15.1,40,54
ABplpaaap,103,223,397,15.8,40,-335
ABplpaaap,104,227,399,16.4,40,-704
ABplpaaap,105,231,401,17.1,40,-200
ABplpaaap,106,224,405,17.1,38,-1178
ABplpaaap,107,224,407,17.1,34,-246
ABplpaaap,108,223,409,17.0,30,102
ABplpaaap,109,222,411,17.0,26,-539
ABplpaaap,110,227,411,17.0,26,253
ABplpaaap,111,226,414,17.0,40,-847
ABplpaaap,112,231,415,16.0,40,-589
ABplpaaap,113,231,414,16.0,26,-1183
ABplpaaap,114,235,412,17.1,38,-793
ABplpaaap,115,229,409,16.2,37,-1467
ABplpaaap,116,227,410,17.2,35,-407
ABplpaaap,117,233,407,17.0,34,109
ABplpaaap,118,246,404,17.9,33,-208
ABplpaaapa,119,230,403,19.1,32,-842
ABplpaaapa,120,231,407,18.9,31,462
ABplpaaapa,121,238,411,19.1,30,-845
ABplpaaapa,122,226,413,18.2,34,307
ABplpaaapa,123,212,414,18.0,32,-224
ABplpaaapa,124,206,415,17.3,34,-271
ABplpaaapa,125,212,414,18.0,30,-563
ABplpaaapa,126,208,420,17.2,34,45
ABplpaaapa,127,206,419,17.0,32,144
ABplpaaapa,128,211,420,17.0,30,12
ABplpaaapa,129,218,418,17.2,32,-515
ABplpaaapa,130,217,418,17.0,34,207
ABplpaaapa,131,219,416,16.1,34,-877
ABplpaaapa,132,219,414,16.0,34,-375
ABplpaaapa,133,217,413,16.1,32,-608
ABplpaaapa,134,221,410,16.1,34,-599
ABplpaaapa,135,219,408,16.1,34,-391
ABplpaaapa,136,222,408,16.1,34,284
ABplpaaapa,137,222,405,15.3,34,-162
ABplpaaapa,138,221,401,15.2,34,-369
ABplpaaapa,139,227,402,16.0,34,1386
ABplpaaapa,140,229,402,15.4,34,-633
ABplpaaapa,141,235,396,16.2,34,-504
ABplpaaapa,142,241,394,16.1,34,-45
ABplpaaapa,143,243,396,16.3,32,493
ABplpaaapa,144,246,393,16.0,30,-1012
ABplpaaapa,145,244,393,16.1,34,-1019
ABplpaaapa,146,249,396,16.2,32,-791
ABplpaaapa,147,247,390,16.2,34,-565
ABplpaaapa,148,247,398,16.1,34,904
ABplpaaapa,149,245,396,16.1,34,-244
ABplpaaapa,150,249,396,16.1,34,-22
ABplpaaapa,151,252,395,17.0,26,438
ABplpaaapa,152,247,393,17.0,34,-296
ABplpaaapa,153,245,399,16.2,31,-471
ABplpaaapa,154,248,405,16.1,34,-250
ABplpaaapa,155,247,397,17.0,31,-884
ABplpaaapa,156,246,393,16.2,34,-1240
ABplpaaapa,157,240,393,16.2,31,-279
ABplpaaapa,158,238,397,16.1,34,-112
ABplpaaapa,159,237,392,15.4,31,-120
ABplpaaapa,160,239,392,15.2,34,-251
ABplpaaapp,119,272,417,16.1,32,-1202
ABplpaaapp,120,274,415,16.2,33,-866
ABplpaaapp,121,279,417,16.1,32,634
ABplpaaapp,122,266,408,17.1,34,-273
ABplpaaapp,123,259,405,17.2,34,-276
ABplpaaapp,124,251,406,17.1,34,61
ABplpaaapp,125,253,403,17.1,32,-119
ABplpaaapp,126,249,408,16.2,34,-592
ABplpaaapp,127,248,414,16.2,34,117
ABplpaaapp,128,251,412,16.3,34,-1143
ABplpaaapp,129,251,405,16.1,30,596
ABplpaaapp,130,250,414,16.1,34,-792
ABplpaaapp,131,250,407,16.2,34,36
ABplpaaapp,132,255,411,16.3,34,-299
ABplpaaapp,133,255,412,16.2,34,-797
ABplpaaapp,134,260,414,16.3,34,680
ABplpaaapp,135,262,414,17.1,34,85
ABplpaaapp,136,267,414,17.1,34,-667
ABplpaaapp,137,263,418,17.0,34,370
ABplpaaapp,138,259,417,17.1,34,-224
ABplpaaapp,139,270,417,17.1,34,-127
ABplpaaapp,140,271,412,17.1,34,-1173
ABplpaaapp,141,272,410,17.1,34,-440
ABplpaaapp,142,275,411,17.1,34,-853
ABplpaaapp,143,275,411,17.1,34,-77
ABplpaaapp,144,270,408,17.1,34,146
ABplpaaapp,145,273,403,17.0,34,-1013
ABplpaaapp,146,277,405,17.1,34,-912
ABplpaaapp,147,277,405,17.1,34,3
ABplpaaapp,148,274,406,18.0,34,-958
ABplpaaapp,149,274,405,17.1,34,-462
ABplpaaapp,150,275,407,18.1,34,-296
ABplpaaapp,151,272,411,17.1,34,-38
ABplpaaapp,152,274,408,17.1,34,-608
ABplpaaapp,153,272,413,17.1,31,-60
ABplpaaapp,154,270,414,17.3,34,-599
ABplpaaapp,155,273,410,17.3,31,-1170
ABplpaaapp,156,272,413,18.0,30,-612
ABplpaaapp,157,263,407,16.2,31,-233
ABplpaaapp,158,267,412,17.0,30,-844
ABplpaaappa,159,251,412,17.5,28,-338
ABplpaaappa,160,235,411,18.0,26,-113
ABplpaaappp,159,282,408,16.3,31,-160
ABplpaaappp,160,281,416,16.1,32,161
ABplpaap,66,316,398,6.1,34,-701
ABplpaap,67,312,396,6.0,39,-2411
ABplpaap,68,322,395,5.1,41,-2342
ABplpaap,69,320,385,4.9,43,-3232
ABplpaap,70,314,389,5.8,44,-3186
ABplpaap,71,307,393,5.1,44,-3468
ABplpaap,72,298,392,5.9,44,-2205
ABplpaap,73,286,398,6.9,44,-1667
ABplpaap,74,274,395,6.9,44,-2253
ABplpaap,75,266,389,7.1,44,-1247
ABplpaap,76,261,391,8.0,44,-1279
ABplpaap,77,254,394,8.1,44,-1480
ABplpaap,78,251,394,8.1,46,-1507
ABplpaap,79,250,401,9.0,44,-1312
ABplpaap,80,247,404,10.0,44,-1413
ABplpaap,81,250,411,10.2,44,-1297
ABplpaap,82,251,413,10.1,44,12
ABplpaap,83,244,414,11.1,44,-598
ABplpaap,84,245,412,12.0,44,-950
ABplpaap,85,239,409,11.9,43,-1318
ABplpaapa,86,224,409,11.1,28,-738
ABplpaapa,87,224,419,11.3,30,-1985
ABplpaapa,88,223,421,11.9,37,-269
ABplpaapa,89,232,420,13.0,37,-492
ABplpaapa,90,230,427,13.0,36,-623
ABplpaapa,91,235,426,12.2,37,-170
ABplpaapa,92,239,427,12.3,37,400
ABplpaapa,93,245,425,13.0,35,-728
ABplpaapa,94,240,425,14.1,37,-769
ABplpaapa,95,243,418,15.0,35,346
ABplpaapa,96,241,403,15.9,36,-91
ABplpaapa,97,242,397,14.9,36,-1349
ABplpaapa,98,236,396,15.0,36,-393
ABplpaapa,99,235,396,14.2,36,-820
ABplpaapa,100,237,399,14.9,36,-1209
ABplpaapa,101,233,394,13.3,40,-376
ABplpaapa,102,233,394,13.3,40,-625
ABplpaapa,103,223,402,13.4,38,149
ABplpaapa,104,225,405,14.0,36,-974
ABplpaapa,105,235,411,14.0,36,-660
ABplpaapa,106,227,409,14.0,40,-586
ABplpaapa,107,228,411,15.0,38,-593
ABplpaapa,108,225,409,15.1,38,-427
ABplpaapa,109,219,415,14.9,36,-375
ABplpaapa,110,218,416,14.1,38,476
ABplpaapa,111,215,415,13.1,38,375
ABplpaapa,112,215,415,13.1,38,309
ABplpaapa,113,222,415,13.2,40,129
ABplpaapa,114,219,418,14.0,38,-818
ABplpaapa,115,220,412,13.3,39,-1098
ABplpaapa,116,217,412,13.3,39,-783
ABplpaapa,117,225,408,14.0,34,-1338
ABplpaapa,118,222,410,13.1,26,-743
ABplpaapaa,119,209,408,13.2,30,160
ABplpaapaa,120,199,409,13.0,31,-708
ABplpaapaa,121,203,413,13.9,30,-288
ABplpaapaa,122,197,412,13.3,32,346
ABplpaapaa,123,197,413,12.4,34,14
ABplpaapaa,124,190,410,13.1,30,1335
ABplpaapaa,125,187,406,14.1,32,-136
ABplpaapaa,126,189,409,13.2,34,1623
ABplpaapaa,127,192,407,13.2,32,418
ABplpaapaa,128,196,404,13.2,34,498
ABplpaapaa,129,195,404,13.3,32,-645
ABplpaapaa,130,195,407,14.0,30,272
ABplpaapaa,131,192,406,14.2,32,654
ABplpaapaa,132,190,412,14.2,30,-260
ABplpaapaa,133,194,414,14.0,32,290
ABplpaapaa,134,202,417,13.3,34,114
ABplpaapaa,135,203,416,14.2,34,1530
ABplpaapaa,136,204,416,14.1,26,554
ABplpaapaa,137,205,416,13.4,34,1058
ABplpaapaa,138,206,413,13.4,34,486
ABplpaapaa,139,213,408,13.3,34,-68
ABplpaapaa,140,213,414,13.2,34,1395
ABplpaapaa,141,211,410,14.1,34,735
ABplpaapaa,142,212,410,14.6,33,594
ABplpaapaa,143,214,411,15.0,32,2306
ABplpaapaa,144,214,408,14.8,31,1822
ABplpaapaa,145,215,405,14.6,30,-896
ABplpaapaa,146,215,402,14.4,29,71
ABplpaapaa,147,216,399,14.2,28,1354
ABplpaapaa,148,217,396,14.0,26,2517
ABplpaapaa,149,215,392,15.0,26,1360
ABplpaapaa,150,218,386,15.1,34,1327
ABplpaapaa,151,218,386,15.1,34,418
ABplpaapaa,152,221,390,14.3,34,389
ABplpaapaa,153,225,393,14.3,31,1796
ABplpaapaa,154,227,393,14.1,26,1924
ABplpaapaa,155,224,394,14.2,31,1934
ABplpaapaa,156,217,390,14.2,34,1639
ABplpaapaa,157,217,385,14.2,31,1301
ABplpaapaa,158,218,381,14.1,34,1500
ABplpaapaa,159,215,372,13.1,31,709
ABplpaapaa,160,207,373,14.0,32,863
ABplpaapap,119,245,415,14.0,32,5
ABplpaapap,120,244,424,14.0,31,-185
ABplpaapap,121,251,424,14.0,30,-716
ABplpaapap,122,242,425,14.2,30,-344
ABplpaapap,123,237,424,14.2,32,-498
ABplpaapap,124,233,423,14.0,30,-850
ABplpaapap,125,233,422,14.0,32,-223
ABplpaapap,126,237,429,14.0,32,466
ABplpaapap,127,237,425,13.8,30,822
ABplpaapap,128,240,426,13.9,30,506
ABplpaapap,129,239,424,13.4,32,195
ABplpaapap,130,237,427,13.9,30,376
ABplpaapap,131,241,424,14.0,30,981
ABplpaapap,132,241,427,13.3,34,397
ABplpaapap,133,240,426,13.3,34,732
ABplpaapap,134,242,427,14.1,32,634
ABplpaapap,135,245,428,14.2,34,1175
ABplpaapap,136,245,426,14.3,32,1256
ABplpaapap,137,248,425,14.3,34,729
ABplpaapap,138,249,421,15.0,34,1476
ABplpaapap,139,252,421,14.3,32,-492
ABplpaapap,140,254,425,14.2,32,1004
ABplpaapap,141,250,426,14.2,32,735
ABplpaapap,142,253,430,14.1,32,659
ABplpaapap,143,254,430,13.2,32,2319
ABplpaapap,144,258,431,13.1,34,2046
ABplpaapap,145,248,432,13.1,34,840
ABplpaapap,146,246,434,13.1,30,1040
ABplpaapap,147,246,434,13.1,30,2288
ABplpaapap,148,247,434,12.1,34,2595
ABplpaapap,149,247,431,13.0,30,1303
ABplpaapap,150,245,431,12.7,30,3104
ABplpaapap,151,243,432,12.3,29,1795
ABplpaapap,152,241,433,12.0,28,986
ABplpaapap,153,244,433,12.3,28,402
ABplpaapap,154,247,432,12.7,28,604
ABplpaapap,155,250,431,13.0,28,2332
ABplpaapap,156,247,431,13.0,29,3342
ABplpaapap,157,244,430,13.0,31,1007
ABplpaapap,158,242,426,12.5,32,834
ABplpaapap,159,244,424,13.0,34,1569
ABplpaapap,160,237,417,13.2,26,-127
ABplpaapp,86,265,417,13.1,30,47
ABplpaapp,87,284,422,13.4,36,-478
ABplpaapp,88,287,421,14.0,37,420
ABplpaapp,89,290,424,14.3,39,158
ABplpaapp,90,281,426,15.1,36,-519
ABplpaapp,91,283,425,15.0,39,715
ABplpaapp,92,294,424,14.2,39,-345
ABplpaapp,93,301,425,14.1,37,-86
ABplpaapp,94,295,415,14.9,35,203
ABplpaapp,95,300,423,14.1,39,-890
ABplpaapp,96,307,420,14.1,36,-862
ABplpaapp,97,309,416,14.1,38,-729
ABplpaapp,98,306,416,14.1,38,-31
ABplpaapp,99,298,415,13.2,40,-240
ABplpaapp,100,298,419,13.2,40,245
ABplpaapp,101,290,418,13.1,40,-370
ABplpaapp,102,292,419,13.2,38,-743
ABplpaapp,103,286,422,14.2,36,-1062
ABplpaapp,104,286,422,13.2,36,-802
ABplpaapp,105,293,422,13.1,36,-868
ABplpaapp,106,293,426,14.0,36,-1504
ABplpaapp,107,296,424,14.0,36,-978
ABplpaapp,108,292,420,14.0,40,-265
ABplpaapp,109,287,420,14.0,36,-362
ABplpaapp,110,289,426,14.1,38,-795
ABplpaapp,111,286,425,13.3,38,-38
ABplpaapp,112,292,425,13.3,40,-728
ABplpaapp,113,288,420,13.2,34,-650
ABplpaapp,114,289,426,13.8,36,-150
ABplpaappa,115,265,425,13.0,33,-882
ABplpaappa,116,266,428,13.9,35,-113
ABplpaappa,117,266,425,13.8,34,-342
ABplpaappa,118,267,426,14.0,33,-555
ABplpaappa,119,273,427,13.1,32,622
ABplpaappa,120,276,432,13.0,35,-452
ABplpaappa,121,282,429,13.1,34,-577
ABplpaappa,122,275,426,13.2,34,-671
ABplpaappa,123,271,423,13.3,34,-1009
ABplpaappa,124,266,423,13.1,32,-765
ABplpaappa,125,270,423,13.2,34,-1043
ABplpaappa,126,272,425,13.2,34,-355
ABplpaappa,127,272,416,13.2,32,117
ABplpaappa,128,277,415,13.1,34,-1419
ABplpaappa,129,272,408,13.2,34,-682
ABplpaappa,130,272,412,13.2,34,-491
ABplpaappa,131,279,408,13.1,34,-1467
ABplpaappa,132,277,409,13.1,34,-1463
ABplpaappa,133,277,413,13.1,34,-1114
ABplpaappa,134,278,416,13.1,34,-787
ABplpaappa,135,281,413,13.2,34,17
ABplpaappa,136,282,417,13.2,34,-1083
ABplpaappa,137,282,418,12.5,34,-1601
ABplpaappa,138,280,414,13.0,34,-762
ABplpaappa,139,288,414,12.4,34,-183
ABplpaappa,140,286,419,12.3,34,-818
ABplpaappa,141,286,421,12.1,34,-1460
ABplpaappa,142,285,418,12.0,34,-409
ABplpaappa,143,288,414,11.3,34,1009
ABplpaappa,144,286,411,11.2,34,-245
ABplpaappa,145,281,413,11.3,34,-894
ABplpaappa,146,281,412,11.3,34,-895
ABplpaappa,147,277,411,11.1,34,-1596
ABplpaappa,148,274,409,11.1,34,-1839
ABplpaappa,149,273,405,11.2,34,-1294
ABplpaappa,150,275,405,11.1,34,-1066
ABplpaappa,151,274,403,10.1,34,-1500
ABplpaappa,152,276,402,10.2,30,-1196
ABplpaappa,153,270,398,10.1,29,-594
ABplpaappaa,154,250,398,11.9,30,-967
ABplpaappaa,155,244,392,11.2,31,52
ABplpaappaa,156,248,392,12.1,26,-296
ABplpaappaa,157,248,396,12.1,31,-547
ABplpaappaa,158,247,387,12.1,32,135
ABplpaappaa,159,251,381,11.3,31,215
ABplpaappaa,160,248,384,12.0,32,-1410
ABplpaappap,154,286,404,9.8,30,-853
ABplpaappap,155,295,407,9.8,29,-1488
ABplpaappap,156,295,403,9.8,30,-626
ABplpaappap,157,292,403,8.9,29,-604
ABplpaappap,158,291,402,8.8,30,151
ABplpaappap,159,290,398,8.9,29,-1003
ABplpaappap,160,287,394,9.0,30,-569
ABplpaappp,115,318,429,13.3,33,-327
ABplpaappp,116,321,433,14.0,35,610
ABplpaappp,117,326,431,14.2,34,-349
ABplpaappp,118,322,427,14.1,33,-242
ABplpaappp,119,327,427,14.9,32,200
ABplpaappp,120,322,433,14.9,31,-1486
ABplpaappp,121,324,436,15.0,32,237
ABplpaappp,122,311,434,14.2,32,269
ABplpaappp,123,307,430,14.3,32,555
ABplpaappp,124,304,431,13.3,34,-528
ABplpaappp,125,308,427,15.0,30,842
ABplpaappp,126,308,431,14.3,32,-1176
ABplpaappp,127,307,421,14.2,34,-130
ABplpaappp,128,311,421,14.2,34,-1171
ABplpaappp,129,312,418,14.2,26,-1571
ABplpaappp,130,307,422,15.0,34,-1216
ABplpaappp,131,311,422,15.0,30,-1229
ABplpaappp,132,310,425,14.3,32,-1379
ABplpaappp,133,308,426,14.3,32,-769
ABplpaappp,134,302,432,14.4,34,-706
ABplpaappp,135,307,429,15.2,34,707
ABplpaappp,136,308,428,15.2,34,-349
ABplpaappp,137,305,429,15.1,34,-1010
ABplpaappp,138,304,432,14.3,34,499
ABplpaappp,139,307,429,15.1,34,-312
ABplpaappp,140,299,428,14.2,34,-1498
ABplpaappp,141,298,428,14.2,34,-50
ABplpaappp,142,292,432,15.1,34,391
ABplpaappp,143,294,430,15.0,34,37
ABplpaappp,144,295,430,14.3,34,1072
ABplpaappp,145,287,432,14.3,34,437
ABplpaappp,146,290,427,14.2,34,-105
ABplpaappp,147,285,430,14.2,34,-1217
ABplpaappp,148,282,431,14.2,32,357
ABplpaappp,149,282,424,14.2,32,-313
ABplpaappp,150,280,423,14.9,30,-1819
ABplpaappp,151,280,423,14.9,30,-863
ABplpaappp,152,271,418,15.0,30,-489
ABplpaappp,153,272,420,15.0,29,-527
ABplpaapppa,154,254,418,14.0,26,-574
ABplpaapppa,155,255,410,15.1,26,-1319
ABplpaapppa,156,254,410,15.0,30,-282
ABplpaapppa,157,252,414,15.0,31,112
ABplpaapppa,158,249,419,15.0,32,183
ABplpaapppa,159,251,415,15.0,32,-890
ABplpaapppa,160,253,411,15.0,32,-500
ABplpaapppp,154,291,434,13.1,30,906
ABplpaapppp,155,295,436,13.1,29,951
ABplpaapppp,156,295,438,14.0,30,2181
ABplpaapppp,157,295,438,14.0,30,-382
ABplpaapppp,158,292,429,14.1,32,198
ABplpaapppp,159,294,424,14.0,31,-1933
ABplpaapppp,160,301,420,14.4,30,-66
ABplpap,47,341,413,9.3,36,-1317
ABplpap,48,360,414,10.9,55,-424
ABplpap,49,373,422,10.9,53,-1452
ABplpap,50,372,430,11.1,53,-1097
ABplpap,51,379,435,12.2,53,-589
ABplpap,52,381,431,13.2,53,-868
ABplpap,53,378,432,13.1,53,-800
ABplpap,54,380,432,12.0,53,-532
ABplpap,55,374,431,12.2,53,-913
ABplpap,56,373,431,12.2,52,-1002
ABplpap,57,359,426,11.9,51,-792
ABplpap,58,370,426,12.0,52,-1342
ABplpap,59,363,423,11.1,55,-635
ABplpap,60,355,421,11.0,52,-751
ABplpap,61,354,416,11.0,51,-1387
ABplpap,62,352,413,10.2,53,-1719
ABplpap,63,355,412,10.2,50,-1130
ABplpap,64,355,412,11.0,35,-1181
ABplpapa,65,337,421,12.1,33,-999
ABplpapa,66,330,422,12.1,36,-675
ABplpapa,67,330,427,12.9,39,-1393
ABplpapa,68,332,425,11.3,43,-921
ABplpapa,69,325,424,11.0,43,-1456
ABplpapa,70,316,428,10.1,44,-1210
ABplpapa,71,310,431,10.1,44,-164
ABplpapa,72,308,428,9.1,44,-427
ABplpapa,73,295,428,10.0,44,-45
ABplpapa,74,284,425,10.9,44,51
ABplpapa,75,270,416,11.1,44,-778
ABplpapa,76,262,419,13.0,44,-394
ABplpapa,77,257,420,13.0,44,-709
ABplpapa,78,257,418,13.1,44,666
ABplpapa,79,261,423,14.0,44,310
ABplpapa,80,258,422,14.9,44,-767
ABplpapa,81,252,419,15.9,44,-158
ABplpapa,82,244,418,16.0,44,-143
ABplpapa,83,239,403,18.0,46,-379
ABplpapa,84,243,393,19.0,44,736
ABplpapa,85,245,398,19.0,45,-492
ABplpapa,86,252,399,18.2,44,-438
ABplpapa,87,268,387,19.1,36,-935
ABplpapaa,88,250,377,17.1,33,-534
ABplpapaa,89,243,375,17.1,35,99
ABplpapaa,90,243,380,18.0,36,-568
ABplpapaa,91,250,383,18.3,37,-431
ABplpapaa,92,263,384,19.1,39,-56
ABplpapaa,93,261,392,19.1,39,-549
ABplpapaa,94,255,394,20.1,39,-835
ABplpapaa,95,254,403,19.1,39,657
ABplpapaa,96,251,395,20.0,38,-586
ABplpapaa,97,252,397,20.1,38,664
ABplpapaa,98,247,396,20.2,38,157
ABplpapaa,99,243,385,21.1,40,-816
ABplpapaa,100,249,377,21.1,40,-424
ABplpapaa,101,250,375,21.1,40,-866
ABplpapaa,102,257,375,21.0,40,-837
ABplpapaa,103,271,372,20.2,40,-1177
ABplpapaa,104,268,376,20.2,40,-1100
ABplpapaa,105,276,376,20.3,38,-453
ABplpapaa,106,278,376,20.2,40,-603
ABplpapaa,107,276,372,20.1,38,-981
ABplpapaa,108,274,360,20.1,40,-328
ABplpapaa,109,268,365,20.2,38,-418
ABplpapaa,110,265,355,20.1,36,-789
ABplpapaa,111,265,364,20.0,36,-104
ABplpapaa,112,271,376,20.1,36,-1500
ABplpapaa,113,281,388,19.2,38,-1177
ABplpapaa,114,285,389,19.3,38,-679
ABplpapaa,115,277,390,19.2,39,-1148
ABplpapaa,116,280,393,19.2,37,-309
ABplpapaa,117,279,386,19.2,38,-557
ABplpapaa,118,287,380,19.2,37,-95
ABplpapaa,119,287,373,19.1,36,328
ABplpapaa,120,279,370,19.1,35,93
ABplpapaa,121,290,372,19.0,30,1362
ABplpapaa,122,282,374,20.0,30,-210
ABplpapaaa,123,250,370,20.1,30,66
ABplpapaaa,124,256,375,21.0,30,-1391
ABplpapaaa,125,270,370,20.9,30,447
ABplpapaaa,126,272,374,20.1,34,-1211
ABplpapaaa,127,278,374,20.0,30,399
ABplpapaaa,128,278,367,20.0,30,-1457
ABplpapaaa,129,280,369,19.1,32,-65
ABplpapaaa,130,283,366,19.2,34,334
ABplpapaaa,131,288,363,18.3,34,1079
ABplpapaaa,132,291,364,18.3,32,-525
ABplpapaaa,133,291,366,18.3,34,524
ABplpapaaa,134,294,382,19.1,34,165
ABplpapaaa,135,294,379,19.2,34,-973
ABplpapaaa,136,297,377,19.1,32,706
ABplpapaaa,137,291,376,19.0,34,-510
ABplpapaaa,138,291,369,18.1,32,-429
ABplpapaaa,139,294,364,18.2,32,537
ABplpapaaa,140,294,357,18.1,34,-554
ABplpapaaa,141,298,357,18.0,34,14
ABplpapaaa,142,297,359,18.3,32,757
ABplpapaaa,143,296,357,18.6,32,-210
ABplpapaaa,144,295,355,18.8,33,62
ABplpapaaa,145,294,352,19.1,34,-195
ABplpapaaa,146,296,354,19.1,34,175
ABplpapaaa,147,299,357,19.1,34,-906
ABplpapaaa,148,296,357,19.1,34,-345
ABplpapaaa,149,296,362,19.0,34,-142
ABplpapaaa,150,297,359,19.1,34,59
ABplpapaaa,151,302,366,20.1,34,-293
ABplpapaaa,152,302,361,19.2,32,110
ABplpapaaa,153,301,362,19.1,31,-313
ABplpapaaa,154,303,366,19.1,34,49
ABplpapaaa,155,309,360,19.0,31,-1336
ABplpapaaa,156,311,361,18.2,34,-1180
ABplpapaaa,157,307,364,18.2,31,-478
ABplpapaaa,158,310,365,17.7,34,-52
ABplpapaaa,159,301,367,19.1,31,654
ABplpapaaa,160,303,362,19.0,34,407
ABplpapaap,123,301,364,19.0,30,-315
ABplpapaap,124,299,355,19.0,32,-439
ABplpapaap,125,307,348,18.9,30,-1305
ABplpapaap,126,316,356,18.1,34,-396
ABplpapaap,127,318,361,17.1,34,-197
ABplpapaap,128,318,361,17.1,34,-338
ABplpapaap,129,320,363,18.0,32,-511
ABplpapaap,130,321,365,17.3,34,89
ABplpapaap,131,323,367,17.2,34,-2
ABplpapaap,132,324,367,18.0,34,-395
ABplpapaap,133,325,365,17.1,34,-1037
ABplpapaap,134,326,364,17.1,34,663
ABplpapaap,135,327,366,17.1,34,218
ABplpapaap,136,327,365,17.1,34,-983
ABplpapaap,137,325,371,18.0,34,-275
ABplpapaap,138,329,370,19.0,34,-105
ABplpapaap,139,331,363,19.1,32,211
ABplpapaap,140,333,358,19.1,34,481
ABplpapaap,141,334,357,20.1,34,645
ABplpapaap,142,331,359,20.1,34,-898
ABplpapaap,143,331,354,20.1,34,-828
ABplpapaap,144,333,353,20.2,34,-1089
ABplpapaap,145,333,353,20.2,34,-516
ABplpapaap,146,338,352,20.1,30,-1284
ABplpapaap,147,336,348,20.0,34,-860
ABplpapaap,148,338,355,20.1,32,-685
ABplpapaap,149,338,361,19.1,34,-450
ABplpapaap,150,337,355,20.1,34,-817
ABplpapaap,151,343,357,20.1,32,9
ABplpapaap,152,341,352,19.2,34,196
ABplpapaap,153,340,355,19.3,31,-269
ABplpapaap,154,343,356,20.0,34,-762
ABplpapaap,155,344,353,19.3,31,193
ABplpapaap,156,347,351,20.0,34,-545
ABplpapaap,157,346,349,20.1,31,-418
ABplpapaap,158,347,349,20.0,30,-422
ABplpapaap,159,351,343,20.1,29,-144
ABplpapaap,160,347,347,20.9,30,-187
ABplpapap,88,292,388,19.9,37,-385
ABplpapap,89,290,390,20.0,37,107
ABplpapap,90,301,385,19.3,38,-451
ABplpapap,91,307,376,20.0,39,-45
ABplpapap,92,301,365,20.1,37,-1175
ABplpapap,93,298,366,20.1,39,-1239
ABplpapap,94,295,367,20.1,39,-842
ABplpapap,95,301,376,20.1,39,-382
ABplpapap,96,299,376,20.0,36,-185
ABplpapap,97,300,376,20.0,38,-107
ABplpapap,98,298,380,20.2,40,-837
ABplpapap,99,291,391,19.1,40,-116
ABplpapap,100,293,394,18.2,38,-148
ABplpapap,101,293,391,18.1,40,397
ABplpapap,102,293,400,19.0,38,-278
ABplpapap,103,294,402,18.9,36,-1496
ABplpapap,104,302,394,18.0,26,-802
ABplpapap,105,307,399,18.1,40,130
ABplpapap,106,308,397,19.1,35,-565
ABplpapap,107,309,394,20.0,30,266
ABplpapap,108,301,393,20.0,33,46
ABplpapap,109,293,392,19.9,36,83
ABplpapap,110,283,388,20.0,38,-496
ABplpapap,111,287,390,19.1,38,436
ABplpapap,112,301,392,19.1,39,-671
ABplpapap,113,315,394,19.1,40,-60
ABplpapap,114,326,383,21.0,40,-977
ABplpapap,115,319,384,20.1,39,-548
ABplpapap,116,319,381,20.1,39,73
ABplpapap,117,313,379,20.0,38,-1445
ABplpapap,118,325,368,20.0,33,34
ABplpapap,119,333,367,20.0,32,376
ABplpapapa,120,313,389,20.1,31,-520
ABplpapapa,121,319,392,20.1,26,-352
ABplpapapa,122,315,391,20.0,30,-72
ABplpapapa,123,316,383,20.2,32,338
ABplpapapa,124,313,389,20.2,34,172
ABplpapapa,125,307,384,20.2,34,-893
ABplpapapa,126,314,382,20.2,34,-484
ABplpapapa,127,317,384,20.3,34,-1587
ABplpapapa,128,313,383,21.0,34,-602
ABplpapapa,129,316,380,20.2,34,383
ABplpapapa,130,313,376,20.0,32,-377
ABplpapapa,131,317,368,20.0,30,-1112
ABplpapapa,132,319,366,19.0,31,-717
ABplpapapa,133,321,364,19.0,30,657
ABplpapapa,134,324,362,19.0,29,-680
ABplpapapa,135,326,360,19.0,28,12
ABplpapapa,136,329,358,19.0,26,-2065
ABplpapapa,137,331,362,20.0,34,-50
ABplpapapa,138,331,366,19.5,32,937
ABplpapapa,139,330,370,19.1,30,508
ABplpapapa,140,330,374,18.6,28,-372
ABplpapapa,141,329,379,18.1,26,488
ABplpapapa,142,325,380,18.6,30,-549
ABplpapapa,143,321,382,19.0,34,-549
ABplpapapa,144,321,382,19.0,34,-319
ABplpapapa,145,321,376,19.0,26,-634
ABplpapapa,146,330,378,18.0,26,-107
ABplpapapa,147,332,382,18.0,34,42
ABplpapapa,148,327,385,19.0,34,-485
ABplpapapa,149,328,387,19.0,34,57
ABplpapapa,150,326,387,19.0,34,-197
ABplpapapa,151,328,394,19.1,34,-316
ABplpapapa,152,327,392,19.1,32,-835
ABplpapapa,153,328,391,18.1,31,-221
ABplpapapa,154,332,397,18.2,34,540
ABplpapapa,155,334,392,19.1,31,123
ABplpapapa,156,335,394,18.1,34,308
ABplpapapa,157,337,392,18.2,31,-741
ABplpapapa,158,338,393,18.1,32,-630
ABplpapapa,159,333,392,18.1,31,-565
ABplpapapa,160,328,390,18.0,34,-203
ABplpapapp,120,360,361,19.9,31,-1154
ABplpapapp,121,368,359,20.0,30,-681
ABplpapapp,122,362,358,20.0,30,-657
ABplpapapp,123,356,354,20.1,30,-279
ABplpapapp,124,351,357,21.0,30,-315
ABplpapapp,125,357,355,20.2,34,-812
ABplpapapp,126,362,356,20.1,34,-691
ABplpapapp,127,361,366,20.1,34,-589
ABplpapapp,128,359,362,20.1,34,143
ABplpapapp,129,360,360,20.1,34,-602
ABplpapapp,130,356,357,20.0,34,-191
ABplpapapp,131,356,349,19.3,34,219
ABplpapapp,132,361,344,20.1,34,-503
ABplpapapp,133,359,344,20.0,34,-1177
ABplpapapp,134,363,342,20.0,34,-487
ABplpapapp,135,369,340,20.1,34,-367
ABplpapapp,136,374,336,20.1,34,-254
ABplpapapp,137,370,341,20.0,34,-587
ABplpapapp,138,375,344,19.1,34,-841
ABplpapapp,139,373,342,20.1,34,-1
ABplpapapp,140,372,336,20.2,34,33
ABplpapapp,141,371,332,20.3,34,-529
ABplpapapp,142,376,333,20.1,34,-179
ABplpapapp,143,377,323,20.0,32,-94
ABplpapapp,144,382,333,21.1,34,98
ABplpapapp,145,381,334,20.2,30,-604
ABplpapapp,146,384,331,20.2,34,-844
ABplpapapp,147,390,330,20.2,32,-647
ABplpapapp,148,390,330,20.2,34,135
ABplpapapp,149,386,333,20.9,30,-2910
ABplpapapp,150,386,330,21.0,34,-651
ABplpapapp,151,387,327,21.1,34,-881
ABplpapapp,152,388,324,21.1,34,-738
ABplpapapp,153,386,324,21.1,31,-832
ABplpapapp,154,385,321,20.2,34,-383
ABplpapapp,155,390,317,21.0,31,-563
ABplpapapp,156,392,312,20.2,34,-555
ABplpapapp,157,387,321,20.1,31,-1336
ABplpapapp,158,388,315,20.2,34,-898
ABplpapapp,159,386,313,20.2,31,-684
ABplpapapp,160,386,311,20.2,30,332
ABplpapp,65,391,415,13.3,35,-543
ABplpapp,66,395,422,14.0,40,-175
ABplpapp,67,402,420,13.1,41,-805
ABplpapp,68,406,428,13.1,45,-1363
ABplpapp,69,407,425,14.0,43,-1238
ABplpapp,70,392,424,14.0,44,-1029
ABplpapp,71,377,431,13.0,44,-635
ABplpapp,72,375,432,13.0,44,-1188
ABplpapp,73,368,434,11.1,46,-797
ABplpapp,74,351,432,11.1,46,-1528
ABplpapp,75,338,427,11.0,44,-721
ABplpapp,76,326,429,11.1,46,-849
ABplpapp,77,320,428,10.4,46,-500
ABplpapp,78,312,425,11.3,46,-525
ABplpapp,79,321,428,13.2,48,-493
ABplpapp,80,317,427,14.1,48,-1046
ABplpapp,81,320,425,14.4,46,-771
ABplpapp,82,314,422,16.1,46,-354
ABplpapp,83,310,407,17.2,48,-14
ABplpapp,84,309,399,18.1,46,-423
ABplpapp,85,322,393,18.1,37,-40
ABplpappa,86,301,376,19.1,34,-409
ABplpappa,87,312,366,19.0,34,519
ABplpappa,88,322,366,19.1,39,-581
ABplpappa,89,322,366,20.0,41,-350
ABplpappa,90,329,369,19.3,38,218
ABplpappa,91,337,362,19.2,39,-127
ABplpappa,92,341,359,20.1,37,-574
ABplpappa,93,337,364,20.0,39,393
ABplpappa,94,337,368,20.1,37,-27
ABplpappa,95,339,379,20.0,39,-675
ABplpappa,96,340,375,20.1,40,984
ABplpappa,97,335,371,20.1,40,813
ABplpappa,98,330,369,20.2,40,-933
ABplpappa,99,323,375,20.1,38,65
ABplpappa,100,327,376,20.1,40,-402
ABplpappa,101,322,377,20.1,40,538
ABplpappa,102,327,374,20.1,40,589
ABplpappa,103,328,370,20.1,40,243
ABplpappa,104,331,372,20.1,40,-622
ABplpappa,105,333,357,20.1,40,1206
ABplpappa,106,329,352,20.2,40,-19
ABplpappa,107,327,346,20.1,40,167
ABplpappa,108,325,342,20.2,40,434
ABplpappa,109,321,352,20.1,40,700
ABplpappa,110,311,345,20.2,40,1763
ABplpappa,111,308,339,20.2,38,860
ABplpappa,112,303,339,19.1,30,542
ABplpappa,113,318,338,19.9,36,-937
ABplpappaa,114,294,335,19.1,34,470
ABplpappaa,115,297,337,20.0,35,132
ABplpappaa,116,303,340,20.0,35,2397
ABplpappaa,117,305,337,20.1,38,1461
ABplpappaa,118,296,332,20.1,37,1754
ABplpappaa,119,297,326,20.1,36,2205
ABplpappaa,120,301,331,20.1,35,1847
ABplpappaa,121,303,333,21.0,34,2816
ABplpappaa,122,308,327,21.0,34,3638
ABplpappaa,123,302,323,20.3,34,1529
ABplpappaa,124,299,328,21.1,34,3274
ABplpappaa,125,293,317,20.0,26,59
ABplpappaa,126,309,328,20.2,34,1895
ABplpappaa,127,313,328,20.2,34,2466
ABplpappaa,128,316,333,20.2,34,3748
ABplpappaa,129,316,333,20.2,34,2881
ABplpappaa,130,315,322,20.1,34,4149
ABplpappaa,131,315,322,20.1,34,4634
ABplpappaa,132,317,325,20.1,26,2468
ABplpappaa,133,318,312,20.1,34,3181
ABplpappaa,134,312,314,20.0,34,2342
ABplpappaa,135,325,314,21.0,34,5691
ABplpappaa,136,329,309,20.2,34,3432
ABplpappaa,137,324,316,21.0,34,4997
ABplpappaa,138,323,315,21.0,34,3541
ABplpappaa,139,326,308,20.1,34,3169
ABplpappaa,140,316,316,20.1,34,3767
ABplpappaa,141,319,308,21.1,34,3833
ABplpappaa,142,318,300,20.7,34,2287
ABplpappaa,143,321,303,20.7,34,1606
ABplpappaaa,144,302,303,20.8,30,-277
ABplpappaaa,145,302,306,21.0,30,1567
ABplpappaaa,146,305,307,21.1,30,367
ABplpappaaa,147,304,308,22.0,30,1299
ABplpappaaa,148,308,311,21.1,30,1338
ABplpappaaa,149,309,313,21.1,32,1585
ABplpappaaa,150,308,306,21.1,30,3699
ABplpappaaa,151,305,315,21.2,34,982
ABplpappaaa,152,294,309,21.0,26,2341
ABplpappaaa,153,293,307,21.0,31,2999
ABplpappaaa,154,298,308,21.1,34,3483
ABplpappaaa,155,303,302,20.1,31,2161
ABplpappaaa,156,305,299,21.1,34,4066
ABplpappaaa,157,308,298,21.1,31,4591
ABplpappaaa,158,308,297,21.1,30,4941
ABplpappaaa,159,301,300,21.2,31,6054
ABplpappaaa,160,299,289,21.0,26,3331
ABplpappaap,144,355,302,19.0,30,2055
ABplpappaap,145,361,300,20.0,30,2657
ABplpappaap,146,365,300,20.3,30,2967
ABplpappaap,147,369,298,20.5,34,4188
ABplpappaap,148,367,298,20.8,30,3041
ABplpappaap,149,358,300,21.0,30,2178
ABplpappaap,150,358,300,21.3,30,6378
ABplpappaap,151,357,300,21.5,30,5004
ABplpappaap,152,356,300,21.8,30,6683
ABplpappaap,153,355,299,22.0,30,5266
ABplpappaap,154,354,298,21.9,30,6536
ABplpappaap,155,353,296,21.8,30,5410
ABplpappaap,156,351,295,21.6,30,6470
ABplpappaap,157,350,293,21.5,30,3290
ABplpappaap,158,349,292,21.4,30,2153
ABplpappaap,159,347,290,21.3,30,5692
ABplpappaap,160,346,289,21.1,30,6480
ABplpappap,114,346,340,19.2,26,240
ABplpappap,115,352,341,19.1,26,-1277
ABplpappap,116,355,339,18.2,26,-1246
ABplpappap,117,353,335,19.1,26,1301
ABplpappap,118,351,325,20.0,33,-46
ABplpappap,119,353,321,18.3,36,439
ABplpappap,120,355,321,19.0,26,1829
ABplpappap,121,359,326,18.3,34,172
ABplpappap,122,348,324,19.1,30,2191
ABplpappap,123,341,316,19.2,34,608
ABplpappap,124,344,317,19.2,34,95
ABplpappap,125,351,319,20.1,34,1798
ABplpappap,126,356,322,20.1,32,-77
ABplpappap,127,362,329,20.2,34,423
ABplpappap,128,360,329,20.9,30,1220
ABplpappap,129,358,328,20.9,30,355
ABplpappap,130,360,325,20.1,30,1372
ABplpappap,131,362,315,21.0,30,963
ABplpappap,132,359,311,20.2,34,-103
ABplpappap,133,364,313,20.2,32,699
ABplpappap,134,362,310,20.9,30,973
ABplpappap,135,360,304,20.1,30,-112
ABplpappap,136,369,299,19.2,34,-911
ABplpappap,137,361,296,20.9,30,146
ABplpappap,138,352,296,20.9,30,1292
ABplpappap,139,345,287,21.0,30,2151
ABplpappap,140,338,284,21.1,28,1697
ABplpappap,141,335,284,21.9,30,2070
ABplpappap,142,341,291,21.9,30,1622
ABplpappap,143,335,288,21.1,32,1530
ABplpappap,144,362,281,21.8,30,1503
ABplpappap,145,356,276,21.1,30,1065
ABplpappap,146,356,272,21.0,30,-428
ABplpappap,147,353,272,20.9,30,-1263
ABplpappap,148,352,271,21.1,34,-724
ABplpappap,149,348,270,21.1,30,-440
ABplpappap,150,348,266,21.0,30,-1109
ABplpappap,151,348,268,21.0,30,-1734
ABplpappap,152,340,272,20.2,26,372
ABplpappap,153,343,275,20.0,31,-1830
ABplpappap,154,345,275,20.0,32,-225
ABplpappap,155,341,265,20.2,31,-1278
ABplpappap,156,344,268,20.2,34,-156
ABplpappap,157,342,263,20.9,29,-79
ABplpappap,158,343,257,20.9,30,-243
ABplpappap,159,342,258,20.9,29,-794
ABplpappap,160,339,257,20.7,30,-977
ABplpappp,86,355,396,18.1,28,162
ABplpappp,87,369,390,18.2,36,-625
ABplpappp,88,379,391,19.0,37,306
ABplpappp,89,379,393,18.2,39,-932
ABplpappp,90,382,392,17.9,36,-216
ABplpappp,91,383,388,17.1,37,-1056
ABplpappp,92,383,395,18.1,35,-744
ABplpappp,93,386,394,18.9,35,-563
ABplpappp,94,384,393,19.1,39,-1092
ABplpappp,95,392,398,20.0,39,-745
ABplpappp,96,391,395,19.1,38,-41
ABplpappp,97,392,393,20.0,38,-66
ABplpappp,98,390,399,20.1,40,168
ABplpappp,99,378,397,20.1,38,113
ABplpappp,100,378,401,20.0,36,-416
ABplpappp,101,375,400,20.1,40,1532
ABplpappp,102,379,395,20.1,38,333
ABplpappp,103,379,391,20.1,40,-374
ABplpappp,104,379,397,20.1,36,-999
ABplpappp,105,376,393,20.0,36,480
ABplpappp,106,372,387,20.0,36,344
ABplpappp,107,370,383,20.0,36,-262
ABplpappp,108,366,376,20.9,36,156
ABplpappp,109,366,380,20.2,38,562
ABplpappp,110,359,373,20.9,36,93
ABplpappp,111,354,366,21.0,36,665
ABplpappp,112,352,363,20.1,38,1879
ABplpappp,113,361,356,20.2,40,959
ABplpappp,114,373,349,20.1,40,97
ABplpappp,115,381,358,20.1,39,-8
ABplpappp,116,379,357,19.2,39,-51
ABplpappp,117,384,350,19.1,36,-386
ABplpappp,118,384,345,19.9,33,-815
ABplpapppa,119,367,341,20.0,24,-481
ABplpapppa,120,372,332,20.1,31,572
ABplpapppa,121,380,339,20.1,26,526
ABplpapppa,122,372,333,20.2,34,550
ABplpapppa,123,371,332,20.0,34,-585
ABplpapppa,124,368,327,21.0,34,649
ABplpapppa,125,370,327,21.0,33,1489
ABplpapppa,126,373,328,21.0,31,59
ABplpapppa,127,376,329,21.0,30,873
ABplpapppa,128,379,330,21.0,28,1156
ABplpapppa,129,382,331,21.0,26,3344
ABplpapppa,130,384,328,20.2,26,1318
ABplpapppa,131,386,324,20.5,27,1897
ABplpapppa,132,388,320,20.7,28,59
ABplpapppa,133,391,316,21.0,30,1435
ABplpapppa,134,391,313,21.0,30,1737
ABplpapppa,135,391,309,21.0,29,1272
ABplpapppa,136,391,305,21.0,29,2611
ABplpapppa,137,392,301,21.0,28,1324
ABplpapppa,138,392,297,21.0,28,850
ABplpapppa,139,392,293,21.0,27,364
ABplpapppa,140,393,289,21.0,26,1372
ABplpapppa,141,390,291,20.1,34,1753
ABplpapppa,142,402,282,20.0,34,-109
ABplpapppa,143,397,280,21.1,34,1959
ABplpapppa,144,404,275,22.0,30,3776
ABplpapppa,145,407,274,21.8,30,2700
ABplpapppa,146,410,272,21.6,31,1743
ABplpapppa,147,413,270,21.5,32,1510
ABplpapppa,148,416,268,21.3,33,2162
ABplpapppa,149,419,266,21.1,34,695
ABplpapppa,150,415,265,21.0,34,2937
ABplpapppa,151,416,264,21.0,34,1857
ABplpapppa,152,415,266,21.1,34,1940
ABplpapppa,153,416,272,20.1,31,927
ABplpapppa,154,416,262,21.1,34,973
ABplpapppa,155,419,254,21.0,31,2459
ABplpapppa,156,418,255,20.3,34,1491
ABplpapppa,157,421,250,21.0,31,2735
ABplpapppa,158,421,243,21.1,34,1182
ABplpapppa,159,423,235,20.2,31,1895
ABplpapppa,160,419,246,20.2,34,375
ABplpapppp,119,415,341,20.9,32,324
ABplpapppp,120,431,335,20.2,35,58
ABplpapppp,121,434,334,20.1,26,-627
ABplpapppp,122,427,333,20.1,34,1444
ABplpapppp,123,420,334,20.2,34,1531
ABplpapppp,124,415,331,21.0,30,1320
ABplpapppp,125,418,326,21.1,34,2235
ABplpapppp,126,421,332,21.0,30,2273
ABplpapppp,127,422,328,21.0,34,1531
ABplpapppp,128,423,327,20.3,34,1533
ABplpapppp,129,419,327,20.3,34,1257
ABplpapppp,130,424,320,21.1,34,1875
ABplpapppp,131,421,318,20.2,34,1603
ABplpapppp,132,420,312,20.2,34,1436
ABplpapppp,133,422,310,21.1,34,1409
ABplpapppp,134,425,302,21.0,34,1011
ABplpapppp,135,426,295,21.0,34,1861
ABplpapppp,136,438,290,21.1,34,1388
ABplpapppp,137,430,289,21.1,34,2000
ABplpapppp,138,428,294,21.1,34,1741
ABplpapppp,139,427,286,21.0,34,2869
ABplpapppp,140,429,286,20.1,32,2067
ABplpapppp,141,426,288,21.0,34,234
ABplpapppp,142,429,291,20.2,34,3263
ABplpapppp,143,426,291,20.1,34,1662
ABplpapppp,144,436,291,20.1,34,2421
ABplpapppp,145,439,286,20.2,34,1596
ABplpapppp,146,447,285,20.1,32,1732
ABplpapppp,147,454,288,21.1,34,1706
ABplpapppp,148,450,291,20.3,34,701
ABplpapppp,149,455,291,21.0,24,233
ABplpapppp,150,453,288,20.0,34,1696
ABplpapppp,151,453,288,20.0,34,1528
ABplpapppp,152,451,289,21.1,34,2224
ABplpapppp,153,453,290,21.0,31,2120
ABplpapppp,154,450,284,21.1,34,2277
ABplpapppp,155,449,281,21.0,31,2648
ABplpapppp,156,449,278,21.0,34,2012
ABplpapppp,157,453,279,20.2,31,860
ABplpapppp,158,453,274,20.2,32,1425
ABplpapppp,159,449,266,20.2,31,2130
ABplpapppp,160,454,270,21.0,34,914
ABplpp,31,359,371,7.1,32,-170
ABplpp,32,375,379,7.0,56,-2456
ABplpp,33,375,370,6.2,56,-3407
ABplpp,34,389,368,5.2,56,-2400
ABplpp,35,395,367,5.9,56,-3613
ABplpp,36,396,377,5.9,58,-4073
ABplpp,37,408,377,5.3,60,-2894
ABplpp,38,414,381,6.0,59,-4108
ABplpp,39,417,383,6.8,59,-2942
ABplpp,40,415,388,6.8,59,-3828
ABplpp,41,408,385,6.7,59,-3073
ABplpp,42,405,385,6.8,60,-3562
ABplpp,43,410,385,6.6,60,-3772
ABplpp,44,411,387,6.3,63,-4011
ABplpp,45,409,391,7.0,62,-3763
ABplpp,46,403,380,6.8,61,-2848
ABplppa,47,401,381,5.0,36,-3149
ABplppa,48,395,374,4.2,45,-905
ABplppa,49,393,382,4.8,53,-1731
ABplppa,50,382,386,4.7,53,-1063
ABplppa,51,388,390,4.7,53,-1692
ABplppa,52,386,392,4.9,53,-1568
ABplppa,53,398,389,5.0,53,-2609
ABplppa,54,406,388,5.0,53,-2552
ABplppa,55,401,381,5.0,53,-2972
ABplppa,56,393,386,5.0,52,-2530
ABplppa,57,389,381,4.9,51,-2659
ABplppa,58,386,382,4.9,52,-2543
ABplppa,59,385,375,4.9,51,-3652
ABplppa,60,378,372,4.3,52,-1121
ABplppa,61,376,369,4.3,53,-1428
ABplppa,62,374,370,4.8,51,-2682
ABplppa,63,379,375,5.0,50,-3004
ABplppa,64,374,381,5.9,47,-2922
ABplppa,65,388,384,6.1,35,-1339
ABplppaa,66,362,398,5.3,30,-1848
ABplppaa,67,356,404,6.1,39,-2585
ABplppaa,68,363,409,6.0,41,-2508
ABplppaa,69,354,414,6.0,43,-3395
ABplppaa,70,352,412,5.9,44,-2059
ABplppaa,71,347,410,5.8,44,-3115
ABplppaa,72,340,400,4.9,44,-3462
ABplppaa,73,328,403,5.0,44,-3873
ABplppaa,74,316,402,5.0,44,-3164
ABplppaa,75,310,405,5.8,44,-2432
ABplppaa,76,300,405,6.1,44,-2624
ABplppaa,77,298,402,6.0,44,-2887
ABplppaa,78,292,408,6.8,44,-2206
ABplppaa,79,298,410,7.0,44,-1384
ABplppaa,80,296,414,7.8,44,-266
ABplppaa,81,295,416,8.0,44,-859
ABplppaa,82,295,422,9.1,44,-419
ABplppaa,83,294,425,10.9,44,-311
ABplppaa,84,295,429,12.1,44,-251
ABplppaa,85,294,428,13.0,43,49
ABplppaa,86,305,428,14.1,42,-849
ABplppaa,87,327,426,15.1,42,-519
ABplppaa,88,328,424,16.1,39,673
ABplppaa,89,327,417,16.1,39,174
ABplppaa,90,328,416,14.2,30,-868
ABplppaaa,91,309,400,15.2,33,-1171
ABplppaaa,92,313,393,16.0,35,-343
ABplppaaa,93,321,393,15.2,37,-273
ABplppaaa,94,323,386,16.0,35,-1169
ABplppaaa,95,326,396,15.2,37,-1300
ABplppaaa,96,324,391,16.0,36,-1150
ABplppaaa,97,318,400,16.1,38,-1058
ABplppaaa,98,317,407,16.1,38,-378
ABplppaaa,99,317,403,16.0,38,-1658
ABplppaaa,100,321,403,16.0,40,-554
ABplppaaa,101,312,404,16.0,38,-970
ABplppaaa,102,321,402,15.2,38,-926
ABplppaaa,103,319,397,15.1,36,34
ABplppaaa,104,313,396,15.1,38,-1453
ABplppaaa,105,318,398,15.2,40,-937
ABplppaaa,106,314,400,15.3,38,-1045
ABplppaaa,107,310,398,15.7,38,-594
ABplppaaa,108,306,395,16.1,38,-1504
ABplppaaa,109,296,396,16.0,36,55
ABplppaaa,110,292,391,16.0,38,320
ABplppaaa,111,291,391,16.2,40,-1413
ABplppaaa,112,298,395,16.0,36,-948
ABplppaaa,113,296,395,16.0,40,-695
ABplppaaa,114,301,397,16.1,40,-1104
ABplppaaa,115,294,402,15.3,37,-683
ABplppaaa,116,294,408,15.5,37,46
ABplppaaa,117,297,404,16.1,38,-782
ABplppaaa,118,301,403,16.1,37,138
ABplppaaa,119,311,401,16.2,36,-1007
ABplppaaa,120,311,401,16.1,35,-55
ABplppaaa,121,319,406,17.0,34,-319
ABplppaaa,122,308,399,16.3,34,-516
ABplppaaa,123,302,395,17.1,34,-471
ABplppaaa,124,289,396,16.3,34,822
ABplppaaa,125,293,389,17.0,30,-105
ABplppaaaa,126,280,386,16.9,30,190
ABplppaaaa,127,276,385,16.9,30,-789
ABplppaaaa,128,275,392,17.0,30,-871
ABplppaaaa,129,280,397,17.1,34,-85
ABplppaaaa,130,280,401,18.1,34,-351
ABplppaaaa,131,285,402,17.2,34,253
ABplppaaaa,132,287,405,18.1,34,-412
ABplppaaaa,133,289,405,17.2,34,-784
ABplppaaaa,134,295,405,17.0,34,-1415
ABplppaaaa,135,296,403,17.2,34,-556
ABplppaaaa,136,304,405,17.2,34,-648
ABplppaaaa,137,305,409,17.2,34,-229
ABplppaaaa,138,301,416,17.1,34,343
ABplppaaaa,139,307,413,17.1,34,-262
ABplppaaaa,140,306,412,17.1,34,-726
ABplppaaaa,141,308,412,17.0,34,-679
ABplppaaaa,142,309,417,17.2,34,-195
ABplppaaaa,143,309,420,17.2,34,246
ABplppaaaa,144,309,418,17.1,32,72
ABplppaaaa,145,306,414,17.2,34,-456
ABplppaaaa,146,318,415,17.3,34,85
ABplppaaaa,147,319,419,17.1,34,204
ABplppaaaa,148,319,417,17.0,34,-76
ABplppaaaa,149,318,414,16.1,34,-7
ABplppaaaa,150,317,415,16.2,34,294
ABplppaaaa,151,319,421,16.1,34,-211
ABplppaaaa,152,318,413,16.2,34,-740
ABplppaaaa,153,314,416,15.3,31,-1214
ABplppaaaa,154,317,414,15.2,34,-366
ABplppaaaa,155,316,408,16.0,31,362
ABplppaaaa,156,309,409,15.3,34,386
ABplppaaaa,157,310,405,15.2,31,-428
ABplppaaaa,158,308,398,14.3,34,-783
ABplppaaaa,159,299,392,15.2,31,-524
ABplppaaaa,160,299,394,15.2,32,407
ABplppaaap,126,311,400,17.0,30,-213
ABplppaaap,127,319,405,16.9,30,394
ABplppaaap,128,318,411,17.0,30,-540
ABplppaaap,129,319,413,17.0,30,79
ABplppaaap,130,320,417,17.9,30,730
ABplppaaap,131,324,412,18.0,30,182
ABplppaaap,132,319,418,17.2,30,-1002
ABplppaaap,133,322,416,17.9,30,-311
ABplppaaap,134,325,423,17.8,30,-287
ABplppaaap,135,331,423,17.1,30,188
ABplppaaap,136,333,427,17.1,30,419
ABplppaaap,137,330,430,17.0,30,235
ABplppaaap,138,330,430,16.8,30,476
ABplppaaap,139,333,426,17.0,30,-169
ABplppaaap,140,338,425,14.2,28,-155
ABplppaaap,141,338,431,13.2,26,3579
ABplppaaap,142,340,430,14.0,30,162
ABplppaaap,143,342,432,14.0,30,417
ABplppaaap,144,343,434,14.0,30,1974
ABplppaaap,145,339,432,13.2,30,-71
ABplppaaap,146,342,436,13.1,30,2826
ABplppaaap,147,344,435,13.0,30,1950
ABplppaaap,148,344,435,13.1,30,592
ABplppaaap,149,341,435,12.9,30,42
ABplppaaap,150,336,430,12.1,30,1473
ABplppaaap,151,340,431,12.1,30,1594
ABplppaaap,152,337,431,12.8,30,641
ABplppaaap,153,335,434,11.8,29,-423
ABplppaaap,154,338,430,11.1,30,3707
ABplppaaap,155,340,431,11.1,29,781
ABplppaaap,156,340,432,11.2,30,1512
ABplppaaap,157,339,431,11.0,29,526
ABplppaaap,158,342,432,11.1,30,1453
ABplppaaap,159,338,428,11.1,29,-575
ABplppaaap,160,334,432,11.4,30,585
ABplppaap,91,352,428,15.9,35,-368
ABplppaap,92,360,426,16.0,35,-390
ABplppaap,93,368,428,17.1,37,370
ABplppaap,94,361,427,17.1,35,-643
ABplppaap,95,363,431,16.1,37,17
ABplppaap,96,358,431,16.0,36,64
ABplppaap,97,364,426,15.2,38,299
ABplppaap,98,366,428,15.9,36,-450
ABplppaap,99,360,425,16.0,38,-1122
ABplppaap,100,366,423,15.3,38,51
ABplppaap,101,364,420,16.1,36,20
ABplppaap,102,366,420,16.1,40,-449
ABplppaap,103,363,416,16.1,38,-1566
ABplppaap,104,362,413,16.1,38,-369
ABplppaap,105,368,407,16.1,38,-827
ABplppaap,106,361,402,16.9,36,249
ABplppaap,107,357,401,17.0,36,-661
ABplppaap,108,352,403,16.9,36,228
ABplppaap,109,344,406,17.0,36,-211
ABplppaap,110,336,404,16.3,38,101
ABplppaap,111,334,406,16.9,36,-73
ABplppaap,112,336,409,17.9,36,-93
ABplppaap,113,349,404,17.1,38,-784
ABplppaap,114,350,410,17.1,40,358
ABplppaap,115,348,413,18.0,39,-94
ABplppaap,116,351,416,18.1,39,58
ABplppaap,117,347,413,18.2,38,203
ABplppaap,118,349,410,18.2,37,-201
ABplppaap,119,353,414,19.0,36,170
ABplppaap,120,348,408,18.1,35,-962
ABplppaap,121,365,407,18.2,34,-303
ABplppaap,122,359,400,18.1,34,52
ABplppaap,123,358,395,18.1,32,207
ABplppaap,124,353,398,18.9,30,477
ABplppaapa,125,332,385,18.1,30,717
ABplppaapa,126,332,385,18.1,30,-819
ABplppaapa,127,332,400,18.1,26,-841
ABplppaapa,128,331,398,18.1,26,-457
ABplppaapa,129,342,398,18.3,34,-459
ABplppaapa,130,349,403,19.1,30,-546
ABplppaapa,131,350,399,19.1,34,406
ABplppaapa,132,354,393,20.1,34,408
ABplppaapa,133,359,393,20.1,34,-119
ABplppaapa,134,359,388,19.3,32,-442
ABplppaapa,135,361,383,20.9,30,-461
ABplppaapa,136,363,383,20.3,34,-447
ABplppaapa,137,359,387,20.1,34,-957
ABplppaapa,138,364,393,20.1,30,677
ABplppaapa,139,364,389,20.1,34,-135
ABplppaapa,140,361,388,20.0,34,-786
ABplppaapa,141,360,390,20.1,34,-216
ABplppaapa,142,365,387,20.1,32,-457
ABplppaapa,143,359,386,21.0,30,-28
ABplppaapa,144,361,382,20.2,34,445
ABplppaapa,145,367,384,21.0,30,-48
ABplppaapa,146,370,383,20.2,34,297
ABplppaapa,147,370,380,20.1,34,-28
ABplppaapa,148,365,384,20.0,32,798
ABplppaapa,149,365,388,20.1,34,-329
ABplppaapa,150,362,388,20.0,34,-478
ABplppaapa,151,365,392,19.2,34,-146
ABplppaapa,152,362,389,20.1,34,242
ABplppaapa,153,361,394,19.2,31,734
ABplppaapa,154,362,396,20.1,34,-360
ABplppaapa,155,359,388,20.1,31,583
ABplppaapa,156,365,384,19.0,34,-153
ABplppaapa,157,365,382,19.0,31,-478
ABplppaapa,158,368,382,19.1,34,-207
ABplppaapa,159,363,379,18.3,31,-723
ABplppaapa,160,362,380,18.3,34,-292
ABplppaapp,125,379,408,19.3,32,-1228
ABplppaapp,126,385,411,19.9,30,-1071
ABplppaapp,127,391,408,19.9,30,771
ABplppaapp,128,394,404,20.1,34,-342
ABplppaapp,129,395,406,20.1,34,-157
ABplppaapp,130,395,408,20.2,34,516
ABplppaapp,131,390,395,20.3,34,555
ABplppaapp,132,390,386,20.3,34,-942
ABplppaapp,133,391,382,21.0,32,559
ABplppaapp,134,391,381,21.1,30,-41
ABplppaapp,135,400,378,21.1,34,-1025
ABplppaapp,136,401,376,21.1,34,384
ABplppaapp,137,393,379,20.3,34,-1626
ABplppaapp,138,399,392,21.0,34,-1120
ABplppaapp,139,392,378,21.1,34,33
ABplppaapp,140,391,379,21.1,34,513
ABplppaapp,141,390,368,21.1,34,-512
ABplppaapp,142,396,364,21.1,30,117
ABplppaapp,143,392,368,21.1,34,1513
ABplppaapp,144,397,364,21.1,34,-712
ABplppaapp,145,404,364,21.1,34,-1167
ABplppaapp,146,408,361,21.1,34,61
ABplppaapp,147,407,361,20.3,32,-1412
ABplppaapp,148,402,370,21.0,34,-926
ABplppaapp,149,403,372,21.1,34,-531
ABplppaapp,150,403,368,21.1,34,-106
ABplppaapp,151,400,366,21.1,34,-585
ABplppaapp,152,399,367,21.1,34,-300
ABplppaapp,153,403,368,21.2,31,382
ABplppaapp,154,407,361,21.1,34,-668
ABplppaapp,155,411,357,21.1,31,-623
ABplppaapp,156,415,352,20.1,34,548
ABplppaapp,157,408,353,21.1,31,-477
ABplppaapp,158,408,351,21.0,34,402
ABplppaapp,159,407,349,20.2,31,-452
ABplppaapp,160,409,346,20.1,34,-1086
ABplppap,66,411,393,7.1,34,-278
ABplppap,67,410,388,7.1,37,-584
ABplppap,68,415,401,6.9,41,-1697
ABplppap,69,411,402,6.9,43,-1886
ABplppap,70,404,397,6.1,44,-3601
ABplppap,71,401,391,6.0,44,-3276
ABplppap,72,395,389,5.9,44,-3842
ABplppap,73,391,395,5.9,44,-3085
ABplppap,74,380,398,6.0,44,-2828
ABplppap,75,380,397,6.0,44,-3272
ABplppap,76,376,401,7.9,44,-988
ABplppap,77,370,401,8.8,44,-969
ABplppap,78,359,398,9.0,44,-1472
ABplppap,79,361,402,9.1,44,-863
ABplppap,80,361,407,9.1,44,141
ABplppap,81,357,408,10.0,44,-868
ABplppap,82,352,409,11.1,44,-740
ABplppap,83,345,406,12.0,44,-526
ABplppap,84,344,406,13.1,44,-1097
ABplppap,85,337,402,13.1,43,-1129
ABplppap,86,346,397,13.2,44,132
ABplppap,87,361,393,13.0,44,-272
ABplppap,88,367,395,13.1,37,-757
ABplppapa,89,366,386,13.2,31,-1109
ABplppapa,90,360,382,12.2,34,-668
ABplppapa,91,360,383,13.1,35,-1484
ABplppapa,92,362,382,13.1,39,-937
ABplppapa,93,370,385,13.3,39,-673
ABplppapa,94,375,390,13.2,37,-723
ABplppapa,95,384,401,13.1,35,-278
ABplppapa,96,384,403,13.0,36,356
ABplppapa,97,390,403,13.0,36,-638
ABplppapa,98,392,414,12.2,38,-1719
ABplppapa,99,388,415,12.3,38,-1061
ABplppapa,100,393,420,12.2,40,-254
ABplppapa,101,387,423,13.1,38,-955
ABplppapa,102,388,419,12.2,38,-600
ABplppapa,103,384,420,12.9,36,-803
ABplppapa,104,387,420,12.2,38,87
ABplppapa,105,394,426,13.2,38,-1504
ABplppapa,106,392,423,14.1,38,-814
ABplppapa,107,388,423,14.3,38,-656
ABplppapa,108,381,421,15.1,38,-1317
ABplppapa,109,378,421,15.2,36,97
ABplppapa,110,375,421,15.4,38,-360
ABplppapa,111,373,421,16.0,38,-742
ABplppapa,112,375,420,15.2,40,-118
ABplppapa,113,374,421,15.1,40,-1260
ABplppapa,114,373,420,15.0,40,-757
ABplppapa,115,371,424,15.1,39,212
ABplppapa,116,376,426,15.0,39,-1098
ABplppapa,117,376,422,15.1,38,-91
ABplppapa,118,371,425,14.3,35,-1325
ABplppapa,119,371,418,14.2,26,815
ABplppapaa,120,347,418,14.9,31,-1578
ABplppapaa,121,347,421,14.9,24,-1365
ABplppapaa,122,338,421,15.0,30,-1550
ABplppapaa,123,335,422,15.1,30,-286
ABplppapaa,124,329,428,15.3,32,133
ABplppapaa,125,335,421,16.0,30,215
ABplppapaa,126,341,429,16.1,30,135
ABplppapaa,127,343,428,16.1,30,-409
ABplppapaa,128,344,426,16.0,34,62
ABplppapaa,129,350,422,16.2,32,-898
ABplppapaa,130,351,423,16.2,34,-386
ABplppapaa,131,352,416,16.3,34,-73
ABplppapaa,132,348,415,17.2,30,-321
ABplppapaa,133,351,414,17.2,32,-858
ABplppapaa,134,353,416,17.1,30,-331
ABplppapaa,135,356,413,18.1,34,436
ABplppapaa,136,359,412,17.4,32,-858
ABplppapaa,137,359,417,17.3,32,-495
ABplppapaa,138,359,417,17.3,34,-607
ABplppapaa,139,363,416,17.3,34,-532
ABplppapaa,140,364,417,18.0,34,-893
ABplppapaa,141,358,413,17.2,32,-396
ABplppapaa,142,362,413,17.3,34,-228
ABplppapaa,143,360,411,18.0,32,-848
ABplppapaa,144,361,414,18.2,34,888
ABplppapaa,145,362,415,17.3,34,66
ABplppapaa,146,370,414,17.2,34,-239
ABplppapaa,147,369,413,17.1,34,-312
ABplppapaa,148,369,416,17.1,34,-367
ABplppapaa,149,377,413,17.9,30,-415
ABplppapaa,150,378,418,16.2,34,1489
ABplppapaa,151,378,416,17.1,34,836
ABplppapaa,152,374,412,17.1,34,-106
ABplppapaa,153,377,418,16.2,31,467
ABplppapaa,154,380,421,16.1,34,-206
ABplppapaa,155,375,419,17.1,31,2053
ABplppapaa,156,383,417,17.2,34,-1066
ABplppapaa,157,387,418,17.1,31,-91
ABplppapaa,158,386,417,17.0,34,-289
ABplppapaa,159,380,414,17.0,31,-582
ABplppapaa,160,384,415,17.1,34,-427
ABplppapap,120,391,424,16.0,31,-831
ABplppapap,121,397,432,15.2,34,-167
ABplppapap,122,388,434,16.1,26,505
ABplppapap,123,382,435,16.1,26,-924
ABplppapap,124,376,433,16.1,26,-773
ABplppapap,125,380,436,16.0,34,-692
ABplppapap,126,385,439,16.0,34,135
ABplppapap,127,388,438,16.1,30,-134
ABplppapap,128,390,431,16.2,34,114
ABplppapap,129,394,432,16.1,34,-388
ABplppapap,130,392,429,17.1,34,-279
ABplppapap,131,395,423,16.2,26,-181
ABplppapap,132,384,417,17.2,34,627
ABplppapap,133,389,417,17.2,32,-837
ABplppapap,134,390,415,17.1,34,-194
ABplppapap,135,392,414,18.1,32,-323
ABplppapap,136,392,412,17.2,34,463
ABplppapap,137,392,415,17.3,32,-807
ABplppapap,138,397,418,17.2,34,491
ABplppapap,139,398,411,18.0,30,-899
ABplppapap,140,393,405,18.1,34,-204
ABplppapap,141,390,407,18.0,30,-885
ABplppapap,142,396,409,18.2,34,-551
ABplppapap,143,394,411,18.3,34,-44
ABplppapap,144,396,414,19.0,34,-477
ABplppapap,145,400,410,18.3,34,-948
ABplppapap,146,408,415,18.0,34,618
ABplppapap,147,408,417,18.0,34,258
ABplppapap,148,410,420,18.0,34,276
ABplppapap,149,414,420,17.2,34,334
ABplppapap,150,416,423,17.2,34,213
ABplppapap,151,414,427,17.1,34,-352
ABplppapap,152,415,425,17.2,34,-397
ABplppapap,153,426,418,17.3,31,-328
ABplppapap,154,428,422,17.2,34,153
ABplppapap,155,429,422,17.2,31,576
ABplppapap,156,434,424,17.2,34,-313
ABplppapap,157,433,423,17.1,31,-68
ABplppapap,158,439,421,17.3,34,347
ABplppapap,159,439,419,17.2,31,-41
ABplppapap,160,442,415,17.1,34,-872
ABplppapp,89,394,400,13.1,26,-304
ABplppapp,90,414,403,13.1,34,-721
ABplppapp,91,425,398,13.1,35,-444
ABplppapp,92,430,397,12.4,37,-1182
ABplppapp,93,440,402,13.1,39,-721
ABplppapp,94,440,401,13.1,37,-1052
ABplppapp,95,444,398,12.4,37,-439
ABplppapp,96,448,396,13.0,36,-439
ABplppapp,97,456,395,12.4,38,-692
ABplppapp,98,453,395,11.3,38,-278
ABplppapp,99,444,395,12.0,36,-944
ABplppapp,100,451,399,12.1,38,-1751
ABplppapp,101,445,401,12.1,36,-1434
ABplppapp,102,446,403,12.2,38,-595
ABplppapp,103,451,403,12.9,36,-252
ABplppapp,104,447,403,12.2,40,-546
ABplppapp,105,447,404,13.0,36,-446
ABplppapp,106,441,407,13.0,36,-66
ABplppapp,107,441,410,13.9,36,-1301
ABplppapp,108,435,404,13.3,38,-244
ABplppapp,109,434,405,13.9,36,-405
ABplppapp,110,429,407,14.9,36,-463
ABplppapp,111,431,413,14.1,40,-464
ABplppapp,112,432,414,15.1,38,-1303
ABplppapp,113,435,418,15.0,36,-1055
ABplppapp,114,428,420,14.0,40,-302
ABplppapp,115,428,420,14.0,40,-1135
ABplppapp,116,429,422,13.3,39,-750
ABplppapp,117,429,422,14.1,36,-496
ABplppapp,118,430,427,15.0,37,-477
ABplppapp,119,425,419,15.3,34,-177
ABplppapp,120,427,420,15.2,35,-1400
ABplppappa,121,419,434,15.2,33,491
ABplppappa,122,413,437,15.1,30,-175
ABplppappa,123,406,436,15.9,30,129
ABplppappa,124,400,436,15.1,32,-590
ABplppappa,125,408,436,15.3,34,362
ABplppappa,126,416,437,16.0,30,478
ABplppappa,127,416,437,16.1,30,170
ABplppappa,128,417,427,16.2,32,-782
ABplppappa,129,423,427,16.0,34,90
ABplppappa,130,415,423,17.0,26,-1003
ABplppappa,131,414,415,17.2,34,481
ABplppappa,132,412,410,17.9,30,640
ABplppappa,133,415,410,18.0,30,-941
ABplppappa,134,416,409,18.0,34,-196
ABplppappa,135,418,406,18.3,32,-342
ABplppappa,136,416,399,18.1,32,-287
ABplppappa,137,417,404,18.4,34,-236
ABplppappa,138,419,411,18.4,32,-159
ABplppappa,139,421,407,19.1,34,-637
ABplppappa,140,418,403,19.1,34,108
ABplppappa,141,417,402,19.2,34,180
ABplppappa,142,417,402,19.2,34,54
ABplppappa,143,414,393,20.1,30,199
ABplppappa,144,418,399,20.0,34,-649
ABplppappa,145,418,399,20.1,26,-722
ABplppappa,146,418,397,19.2,34,-875
ABplppappa,147,419,394,19.1,34,-337
ABplppappa,148,416,392,19.1,34,-285
ABplppappa,149,419,397,19.2,26,-842
ABplppappa,150,414,395,20.0,34,-993
ABplppappa,151,419,393,20.1,34,1063
ABplppappa,152,416,396,19.2,34,229
ABplppappa,153,415,394,19.2,31,179
ABplppappa,154,416,396,20.1,34,-387
ABplppappa,155,410,395,20.1,31,48
ABplppappa,156,405,391,20.1,34,22
ABplppappa,157,406,393,20.0,31,-682
ABplppappa,158,404,392,20.1,34,-17
ABplppappa,159,398,386,20.2,31,-7
ABplppappa,160,398,383,20.1,34,192
ABplppappp,121,452,417,17.0,30,-741
ABplppappp,122,455,419,17.2,26,645
ABplppappp,123,455,419,17.2,26,215
ABplppappp,124,446,424,17.1,34,-641
ABplppappp,125,457,422,17.1,32,-17
ABplppappp,126,455,422,17.2,34,262
ABplppappp,127,461,422,17.2,34,-967
ABplppappp,128,463,415,18.0,26,-362
ABplppappp,129,460,416,17.1,32,-829
ABplppappp,130,455,418,18.1,34,-657
ABplppappp,131,456,415,18.2,34,1791
ABplppappp,132,450,416,18.2,34,1057
ABplppappp,133,453,411,18.2,34,-874
ABplppappp,134,455,410,18.3,34,-523
ABplppappp,135,457,397,18.3,32,594
ABplppappp,136,458,397,18.1,34,-244
ABplppappp,137,459,402,18.2,34,-354
ABplppappp,138,455,408,18.1,30,-494
ABplppappp,139,458,408,18.2,32,-64
ABplppappp,140,463,406,18.3,34,-587
ABplppappp,141,464,411,18.2,34,-112
ABplppappp,142,460,410,18.2,32,56
ABplppappp,143,457,404,18.2,34,-69
ABplppappp,144,461,404,18.3,32,-1196
ABplppappp,145,464,405,18.3,34,-260
ABplppappp,146,466,405,18.3,32,-371
ABplppappp,147,470,405,18.4,32,-328
ABplppappp,148,467,402,19.1,34,-114
ABplppappp,149,469,400,19.1,34,233
ABplppappp,150,469,401,19.1,34,-316
ABplppappp,151,466,403,19.1,34,347
ABplppappp,152,470,405,19.0,34,-361
ABplppappp,153,472,403,19.1,31,-114
ABplppappp,154,468,401,19.1,30,-740
ABplppappp,155,461,402,19.1,31,-903
ABplppappp,156,463,402,19.1,34,-88
ABplppappp,157,459,403,19.1,31,-865
ABplppappp,158,468,405,19.2,34,-355
ABplppappp,159,463,400,19.0,31,-1155
ABplppappp,160,458,399,18.2,34,-699
ABplppp,47,435,403,9.1,36,-400
ABplppp,48,447,410,9.7,55,-987
ABplppp,49,462,407,10.9,53,-1077
ABplppp,50,474,411,12.8,53,-975
ABplppp,51,471,423,12.2,53,-690
ABplppp,52,466,423,11.9,53,-783
ABplppp,53,470,419,11.0,53,-1571
ABplppp,54,473,417,11.1,53,-1068
ABplppp,55,465,415,11.0,53,-917
ABplppp,56,465,415,11.1,52,-660
ABplppp,57,453,419,11.9,51,-1355
ABplppp,58,450,423,11.9,52,-1241
ABplppp,59,442,423,11.1,53,-509
ABplppp,60,435,419,10.9,52,-806
ABplppp,61,429,420,10.8,51,-924
ABplppp,62,425,419,10.0,51,-1577
ABplppp,63,426,420,10.1,36,-738
ABplpppa,64,413,421,10.1,31,150
ABplpppa,65,425,429,10.0,37,-761
ABplpppa,66,433,434,10.9,40,-835
ABplpppa,67,420,436,9.3,43,-586
ABplpppa,68,417,436,9.9,41,-849
ABplpppa,69,410,438,10.0,43,-1163
ABplpppa,70,405,432,9.0,44,-1175
ABplpppa,71,401,430,8.1,44,-858
ABplpppa,72,404,427,7.1,44,-1501
ABplpppa,73,412,429,8.0,44,-133
ABplpppa,74,402,432,8.0,44,-907
ABplpppa,75,396,432,9.0,44,-827
ABplpppa,76,386,436,9.1,44,-162
ABplpppa,77,380,437,11.9,44,-66
ABplpppa,78,372,435,11.1,44,-679
ABplpppa,79,387,435,10.9,44,-936
ABplpppa,80,393,437,11.2,46,-231
ABplpppa,81,394,437,12.0,44,-1119
ABplpppa,82,386,437,12.9,44,-433
ABplpppa,83,380,433,13.9,44,-85
ABplpppa,84,381,431,14.1,44,-716
ABplpppa,85,386,419,15.1,31,-729
ABplpppaa,86,383,423,17.1,34,-860
ABplpppaa,87,390,429,17.1,38,647
ABplpppaa,88,394,435,16.9,37,548
ABplpppaa,89,386,436,16.0,37,-593
ABplpppaa,90,377,438,15.0,36,98
ABplpppaa,91,387,436,14.2,37,-816
ABplpppaa,92,394,432,15.1,39,-484
ABplpppaa,93,406,427,16.0,39,-207
ABplpppaa,94,401,430,16.1,35,-384
ABplpppaa,95,409,431,15.4,37,-663
ABplpppaa,96,408,428,15.3,40,-591
ABplpppaa,97,412,425,16.0,36,-1413
ABplpppaa,98,414,430,16.0,40,-244
ABplpppaa,99,413,428,15.3,40,-874
ABplpppaa,100,423,429,15.1,38,-702
ABplpppaa,101,419,428,15.1,40,-742
ABplpppaa,102,417,432,15.1,40,-247
ABplpppaa,103,423,423,15.1,36,-344
ABplpppaa,104,428,428,15.3,40,-205
ABplpppaa,105,434,430,16.2,38,-427
ABplpppaa,106,437,427,17.0,36,-625
ABplpppaa,107,438,426,16.1,38,75
ABplpppaa,108,434,416,16.1,40,-622
ABplpppaa,109,431,418,17.1,38,1059
ABplpppaa,110,431,418,17.2,38,-402
ABplpppaa,111,431,417,17.3,38,123
ABplpppaa,112,431,416,17.3,37,-397
ABplpppaa,113,431,415,17.4,37,-12
ABplpppaa,114,430,414,17.5,36,205
ABplpppaa,115,430,418,18.5,39,4
ABplpppaa,116,427,415,17.6,32,-991
ABplpppaaa,117,406,415,17.9,34,22
ABplpppaaa,118,398,421,17.9,33,-264
ABplpppaaa,119,397,416,18.1,32,-1528
ABplpppaaa,120,396,419,18.0,35,-498
ABplpppaaa,121,407,421,18.1,34,117
ABplpppaaa,122,399,423,18.1,34,-609
ABplpppaaa,123,396,413,18.1,34,-367
ABplpppaaa,124,395,412,18.2,34,-497
ABplpppaaa,125,406,412,18.1,30,199
ABplpppaaa,126,412,415,18.1,32,-269
ABplpppaaa,127,419,413,19.1,30,-1587
ABplpppaaa,128,419,407,19.2,32,-451
ABplpppaaa,129,423,409,19.0,32,769
ABplpppaaa,130,420,406,19.1,34,-161
ABplpppaaa,131,422,400,20.1,34,-689
ABplpppaaa,132,424,392,20.0,34,-546
ABplpppaaa,133,422,390,20.0,34,419
ABplpppaaa,134,424,387,20.0,34,-596
ABplpppaaa,135,434,378,20.1,34,-865
ABplpppaaa,136,435,381,20.1,34,-1135
ABplpppaaa,137,435,379,20.1,32,-819
ABplpppaaa,138,439,383,20.2,34,8
ABplpppaaa,139,441,380,20.2,34,-584
ABplpppaaa,140,443,379,21.0,34,1374
ABplpppaaa,141,443,382,20.1,34,131
ABplpppaaa,142,447,383,20.1,34,-605
ABplpppaaa,143,443,378,21.0,34,-590
ABplpppaaa,144,449,380,20.3,34,-826
ABplpppaaa,145,453,380,21.0,34,370
ABplpppaaa,146,452,376,21.0,34,-986
ABplpppaaa,147,459,375,20.9,30,-420
ABplpppaaa,148,453,375,21.0,34,56
ABplpppaaa,149,454,370,20.2,34,-133
ABplpppaaa,150,452,373,20.3,34,-152
ABplpppaaa,151,455,375,20.9,30,-395
ABplpppaaa,152,456,375,20.2,34,-1008
ABplpppaaa,153,458,371,20.2,31,297
ABplpppaaa,154,454,376,20.2,34,-451
ABplpppaaa,155,453,384,21.1,31,-541
ABplpppaaa,156,452,383,21.1,34,223
ABplpppaaa,157,451,380,21.0,31,-1200
ABplpppaaa,158,452,375,20.2,34,-36
ABplpppaaa,159,457,369,21.0,29,-654
ABplpppaaa,160,458,369,20.9,30,-505
ABplpppaap,117,442,410,18.9,34,246
ABplpppaap,118,447,412,19.9,33,-829
ABplpppaap,119,447,412,19.9,32,666
ABplpppaap,120,449,415,19.2,33,415
ABplpppaap,121,459,410,19.2,34,-395
ABplpppaap,122,459,409,20.0,34,84
ABplpppaap,123,455,409,19.2,32,536
ABplpppaap,124,448,414,19.0,34,259
ABplpppaap,125,463,409,19.1,34,-374
ABplpppaap,126,473,407,19.2,34,-275
ABplpppaap,127,478,403,20.1,34,-627
ABplpppaap,128,480,401,20.0,32,346
ABplpppaap,129,478,398,20.0,34,-234
ABplpppaap,130,477,398,20.2,34,1694
ABplpppaap,131,478,400,20.2,34,-374
ABplpppaap,132,473,394,20.2,32,-579
ABplpppaap,133,471,388,20.2,34,-266
ABplpppaap,134,474,390,20.3,34,688
ABplpppaap,135,482,380,21.0,30,-624
ABplpppaap,136,478,380,20.1,34,-402
ABplpppaap,137,479,380,20.1,34,-246
ABplpppaap,138,481,386,21.1,32,-407
ABplpppaap,139,481,383,20.1,34,-508
ABplpppaap,140,483,391,19.2,34,537
ABplpppaap,141,485,386,21.1,34,-362
ABplpppaap,142,492,395,20.1,34,-602
ABplpppaap,143,487,390,20.1,34,3
ABplpppaap,144,492,389,20.1,34,-639
ABplpppaap,145,495,388,20.0,34,285
ABplpppaap,146,502,387,20.2,34,-313
ABplpppaap,147,502,387,20.1,34,872
ABplpppaap,148,503,387,20.1,34,241
ABplpppaap,149,502,377,20.1,34,-479
ABplpppaap,150,502,381,20.3,34,329
ABplpppaap,151,499,388,20.2,34,685
ABplpppaap,152,504,390,20.2,34,-114
ABplpppaap,153,504,389,20.2,31,-132
ABplpppaap,154,512,387,20.2,34,598
ABplpppaap,155,506,391,21.1,31,226
ABplpppaap,156,513,383,21.0,34,-391
ABplpppaap,157,511,387,20.1,31,299
ABplpppaap,158,507,382,21.0,30,298
ABplpppaap,159,508,376,21.0,29,-1092
ABplpppaapa,160,493,374,21.0,26,-82
ABplpppaapp,160,513,384,21.1,32,-1144
ABplpppap,86,426,421,14.2,32,-1022
ABplpppap,87,442,428,15.1,34,-304
ABplpppap,88,447,424,15.0,37,-302
ABplpppap,89,443,420,15.0,37,238
ABplpppap,90,447,438,14.9,36,-789
ABplpppap,91,444,434,15.0,39,509
ABplpppap,92,447,437,13.2,37,-421
ABplpppap,93,454,432,14.0,35,-385
ABplpppap,94,454,435,14.2,37,-673
ABplpppap,95,459,436,14.2,39,-441
ABplpppap,96,460,436,14.1,38,-29
ABplpppap,97,457,435,14.1,36,19
ABplpppap,98,466,434,13.3,38,-340
ABplpppap,99,461,431,14.1,38,-663
ABplpppap,100,468,433,14.9,36,-673
ABplpppap,101,465,434,15.0,38,-393
ABplpppap,102,466,435,15.1,38,-8
ABplpppap,103,468,435,16.0,36,-868
ABplpppap,104,471,430,15.1,38,-310
ABplpppap,105,481,422,16.0,36,-743
ABplpppap,106,479,423,16.1,36,-823
ABplpppap,107,482,422,16.2,38,253
ABplpppap,108,475,415,17.9,36,-1401
ABplpppap,109,472,414,17.2,38,6
ABplpppap,110,469,410,18.0,38,-396
ABplpppap,111,467,407,19.0,38,26
ABplpppap,112,473,407,19.0,40,-266
ABplpppap,113,476,410,18.2,38,539
ABplpppap,114,476,415,18.1,38,-1060
ABplpppap,115,469,406,18.3,37,669
ABplpppap,116,471,402,19.1,39,-794
ABplpppap,117,473,398,19.2,38,-633
ABplpppap,118,483,394,19.1,35,-336
ABplpppap,119,487,391,20.1,34,55
ABplpppapa,120,478,403,19.2,33,-242
ABplpppapa,121,493,398,20.1,34,-1598
ABplpppapa,122,495,388,21.0,34,452
ABplpppapa,123,493,386,21.1,34,-957
ABplpppapa,124,494,391,21.1,34,805
ABplpppapa,125,501,387,21.0,30,-771
ABplpppapa,126,503,380,21.1,34,622
ABplpppapa,127,505,370,21.1,34,560
ABplpppapa,128,504,360,21.0,34,458
ABplpppapa,129,502,365,21.0,34,-887
ABplpppapa,130,499,357,20.1,34,-159
ABplpppapa,131,498,356,19.7,34,-486
ABplpppapa,132,497,355,19.3,34,-1279
ABplpppapa,133,495,354,18.9,34,183
ABplpppapa,134,503,353,21.0,26,2
ABplpppapa,135,505,353,21.0,28,-966
ABplpppapa,136,507,352,21.1,31,150
ABplpppapa,137,509,351,21.1,34,-919
ABplpppapa,138,506,348,21.1,34,-67
ABplpppapa,139,503,343,21.1,34,-582
ABplpppapa,140,501,340,20.1,26,-547
ABplpppapa,141,502,336,20.0,34,-297
ABplpppapa,142,500,336,20.1,26,-85
ABplpppapa,143,497,336,20.1,26,609
ABplpppapa,144,503,332,20.1,34,-1059
ABplpppapa,145,503,334,20.1,34,-53
ABplpppapa,146,501,339,20.0,26,447
ABplpppapa,147,506,338,21.0,34,-971
ABplpppapa,148,506,340,21.0,30,-589
ABplpppapa,149,507,334,20.1,34,-237
ABplpppapa,150,503,338,19.2,34,-465
ABplpppapa,151,500,360,21.1,26,-1222
ABplpppapa,152,501,359,20.1,34,483
ABplpppapa,153,504,363,21.1,31,-1490
ABplpppapa,154,508,355,21.1,26,53
ABplpppapa,155,508,359,21.1,31,-2027
ABplpppapa,156,504,355,21.1,26,-1446
ABplpppapa,157,504,358,21.1,31,-899
ABplpppapa,158,501,354,21.0,34,816
ABplpppapa,159,501,354,21.0,34,-27
ABplpppapa,160,497,347,21.2,34,-397
ABplpppapp,120,508,365,20.8,31,-132
ABplpppapp,121,514,349,21.1,30,32
ABplpppapp,122,510,344,20.9,30,480
ABplpppapp,123,507,343,21.1,30,-542
ABplpppapp,124,504,348,21.2,32,-867
ABplpppapp,125,497,339,21.1,30,-6
ABplpppapp,126,500,337,21.1,34,-153
ABplpppapp,127,507,323,21.9,30,-991
ABplpppapp,128,507,326,22.1,30,679
ABplpppapp,129,504,329,21.2,34,-958
ABplpppapp,130,506,328,21.9,30,-858
ABplpppapp,131,508,326,21.9,30,556
ABplpppapp,132,510,323,21.1,30,-1018
ABplpppapp,133,511,326,21.1,30,51
ABplpppapp,134,515,327,21.1,30,-652
ABplpppapp,135,528,329,22.0,30,298
ABplpppapp,136,531,325,22.1,28,-679
ABplpppapp,137,526,329,21.9,30,-1390
ABplpppapp,138,523,326,22.0,30,1307
ABplpppapp,139,522,323,21.9,30,-1022
ABplpppapp,140,518,317,21.1,30,-463
ABplpppapp,141,521,325,21.1,34,165
ABplpppapp,142,521,324,21.1,32,-1289
ABplpppapp,143,519,326,21.2,30,-1203
ABplpppapp,144,524,322,21.1,30,-189
ABplpppapp,145,522,322,21.1,34,-1138
ABplpppapp,146,521,324,21.9,30,69
ABplpppapp,147,524,327,21.9,30,-124
ABplpppapp,148,521,317,22.0,30,-230
ABplpppapp,149,522,318,22.0,30,-345
ABplpppapp,150,519,317,22.1,30,-1238
ABplpppapp,151,521,317,22.0,30,-219
ABplpppapp,152,529,318,22.1,30,-358
ABplpppapp,153,533,316,22.2,31,4
ABplpppapp,154,536,321,22.0,30,138
ABplpppapp,155,536,324,22.1,29,1001
ABplpppapp,156,530,329,21.9,30,52
ABplpppapp,157,527,331,21.1,29,-655
ABplpppapp,158,524,328,21.8,30,1031
ABplpppapp,159,527,330,21.1,29,-702
ABplpppapp,160,521,329,21.1,30,-323
ABplpppp,64,456,410,11.1,35,-236
ABplpppp,65,477,414,12.2,39,-1076
ABplpppp,66,482,418,14.1,40,-823
ABplpppp,67,483,418,13.2,41,-11
ABplpppp,68,481,424,14.1,41,273
ABplpppp,69,482,425,13.2,47,-904
ABplpppp,70,474,430,14.1,44,-633
ABplpppp,71,459,431,14.0,44,-690
ABplpppp,72,457,434,14.0,44,-943
ABplpppp,73,454,434,14.9,44,383
ABplpppp,74,443,433,15.0,44,129
ABplpppp,75,436,430,15.0,44,-479
ABplpppp,76,443,437,13.9,44,-26
ABplpppp,77,445,436,13.1,44,-731
ABplpppp,78,443,435,13.9,44,-199
ABplpppp,79,449,434,13.9,44,-1207
ABplpppp,80,455,433,15.0,44,-125
ABplpppp,81,461,428,14.9,44,-1192
ABplpppp,82,451,426,15.0,44,-823
ABplpppp,83,446,423,16.0,44,-435
ABplpppp,84,449,411,16.1,36,-493
ABplppppa,85,422,405,18.3,35,441
ABplppppa,86,427,410,18.1,38,-53
ABplppppa,87,425,402,20.0,40,-860
ABplppppa,88,424,406,18.9,37,-1030
ABplppppa,89,418,407,19.1,41,-229
ABplppppa,90,419,419,18.1,36,769
ABplppppa,91,422,414,18.1,39,776
ABplppppa,92,425,420,17.3,39,363
ABplppppa,93,430,413,18.2,39,5
ABplppppa,94,432,416,19.1,39,-115
ABplppppa,95,443,416,19.0,39,-338
ABplppppa,96,443,416,18.2,38,-765
ABplppppa,97,446,413,18.1,40,180
ABplppppa,98,440,411,18.1,40,-68
ABplppppa,99,428,410,18.0,40,-424
ABplppppa,100,428,405,17.2,40,-1148
ABplppppa,101,425,403,18.0,38,-219
ABplppppa,102,430,406,18.1,40,-349
ABplppppa,103,425,398,18.0,40,-692
ABplppppa,104,426,400,18.1,40,-454
ABplppppa,105,427,396,19.0,40,-1005
ABplppppa,106,423,388,18.2,40,-491
ABplppppa,107,425,391,19.1,40,-4
ABplppppa,108,421,385,20.0,36,-364
ABplppppa,109,414,376,19.9,36,-344
ABplppppa,110,402,375,19.1,38,-661
ABplppppa,111,402,375,18.9,36,-496
ABplppppaa,112,394,379,18.1,34,-812
ABplppppaa,113,386,393,19.0,34,-1308
ABplppppaa,114,387,398,19.0,36,-483
ABplppppaa,115,383,401,18.9,35,1030
ABplppppaa,116,386,399,19.0,35,-614
ABplppppaa,117,383,399,19.1,34,-292
ABplppppaa,118,383,394,19.2,37,196
ABplppppaa,119,383,385,20.1,34,142
ABplppppaa,120,390,378,20.2,35,-140
ABplppppaa,121,397,381,20.2,34,-394
ABplppppaa,122,393,378,20.2,34,-61
ABplppppaa,123,387,375,20.2,34,290
ABplppppaa,124,384,373,20.2,34,704
ABplppppaa,125,391,366,20.1,34,623
ABplppppaa,126,401,379,20.2,34,1212
ABplppppaa,127,407,369,20.1,32,-252
ABplppppaa,128,411,367,20.1,34,-309
ABplppppaa,129,408,364,20.1,34,-682
ABplppppaa,130,408,365,20.2,34,-866
ABplppppaa,131,413,360,21.0,34,-1764
ABplppppaa,132,411,352,19.2,34,-683
ABplppppaa,133,411,350,19.3,34,-779
ABplppppaa,134,418,349,20.1,30,740
ABplppppaa,135,423,345,20.1,34,-160
ABplppppaa,136,424,343,20.1,32,-63
ABplppppaa,137,420,347,20.1,34,418
ABplppppaa,138,418,347,20.1,34,-588
ABplppppaa,139,421,346,20.2,32,1367
ABplppppaa,140,422,345,20.8,30,1087
ABplppppaa,141,425,344,21.1,34,306
ABplppppaa,142,424,345,21.0,34,-115
ABplppppaa,143,421,343,20.1,34,-473
ABplppppaa,144,427,343,20.2,34,-901
ABplppppaa,145,431,340,20.1,34,-553
ABplppppaa,146,434,339,21.0,34,-952
ABplppppaa,147,436,341,20.2,32,374
ABplppppaa,148,431,339,20.1,32,262
ABplppppaa,149,430,337,20.1,34,-198
ABplppppaa,150,428,335,20.2,30,279
ABplppppaa,151,428,329,20.9,30,-614
ABplppppaa,152,432,330,20.9,30,-333
ABplppppaaa,153,410,328,21.0,24,450
ABplppppaaa,154,412,324,21.9,30,-735
ABplppppaaa,155,416,319,21.0,26,189
ABplppppaaa,156,418,313,21.0,34,-82
ABplppppaaa,157,421,311,20.3,31,-314
ABplppppaaa,158,419,308,21.0,32,-793
ABplppppaaa,159,424,304,21.0,29,-615
ABplppppaaa,160,421,296,20.1,34,-181
ABplppppaap,153,451,326,20.9,29,-1008
ABplppppaap,154,452,324,20.9,30,252
ABplppppaap,155,459,320,21.0,29,-467
ABplppppaap,156,458,317,21.1,30,-765
ABplppppaap,157,452,315,21.1,29,-568
ABplppppaap,158,449,312,21.1,32,18
ABplppppaap,159,447,311,21.2,31,-449
ABplppppaap,160,443,312,21.0,34,-264
ABplppppap,112,424,368,20.0,36,467
ABplppppap,113,436,368,20.0,36,-465
ABplppppap,114,434,372,19.0,36,-383
ABplppppap,115,431,368,18.1,37,-496
ABplppppap,116,429,368,19.1,37,407
ABplppppap,117,432,370,19.1,36,-386
ABplppppap,118,435,375,19.9,33,855
ABplppppap,119,434,375,19.2,34,-296
ABplppppap,120,436,369,20.0,35,38
ABplppppap,121,440,374,21.0,34,588
ABplppppap,122,437,370,20.2,34,-716
ABplppppap,123,435,367,19.3,34,171
ABplppppap,124,430,371,20.9,30,-470
ABplppppap,125,432,368,20.1,34,-72
ABplppppap,126,443,369,20.1,34,-1418
ABplppppap,127,445,362,20.2,34,-179
ABplppppap,128,447,366,20.2,34,320
ABplppppap,129,448,365,20.2,34,-931
ABplppppap,130,445,361,20.1,32,330
ABplppppap,131,448,357,20.1,32,-202
ABplppppap,132,445,352,20.2,34,-84
ABplppppap,133,443,353,20.2,34,-725
ABplppppap,134,449,350,20.3,34,291
ABplppppap,135,455,336,20.1,34,-200
ABplppppap,136,456,332,20.2,34,-11
ABplppppap,137,453,329,20.1,34,-648
ABplppppap,138,451,336,20.1,34,-887
ABplppppap,139,452,329,20.0,34,-1125
ABplppppap,140,452,331,20.1,34,-364
ABplppppap,141,452,334,20.1,34,-1055
ABplppppap,142,457,340,20.2,34,-406
ABplppppap,143,455,337,20.2,34,-481
ABplppppap,144,460,339,21.0,34,530
ABplppppap,145,462,333,20.1,34,-624
ABplppppap,146,468,336,20.2,34,16
ABplppppap,147,468,335,20.2,34,-92
ABplppppap,148,470,332,21.0,34,83
ABplppppap,149,467,329,20.1,32,-382
ABplppppap,150,466,330,21.0,34,-117
ABplppppap,151,469,333,21.0,34,-53
ABplppppap,152,475,333,21.1,34,352
ABplppppap,153,475,345,21.0,26,44
ABplppppap,154,473,354,21.0,30,-227
ABplppppap,155,467,357,20.2,31,-161
ABplppppap,156,475,354,20.1,34,-1664
ABplppppap,157,469,354,19.0,31,-978
ABplppppap,158,468,346,20.1,34,-472
ABplppppap,159,470,345,20.1,31,111
ABplppppap,160,465,340,21.0,26,108
ABplppppp,85,476,415,16.1,30,-365
ABplppppp,86,487,416,17.1,36,-959
ABplppppp,87,494,415,17.1,28,-1503
ABplppppp,88,495,410,19.0,41,-264
ABplppppp,89,479,408,19.2,41,-894
ABplppppp,90,478,405,19.2,40,-30
ABplppppp,91,469,402,20.0,39,-401
ABplppppp,92,471,391,20.1,39,-1160
ABplppppp,93,471,383,20.3,37,-500
ABplppppp,94,468,385,20.2,39,-244
ABplppppp,95,471,379,21.0,39,-258
ABplppppp,96,466,371,20.3,38,-349
ABplppppp,97,475,375,20.2,40,-435
ABplppppp,98,472,375,21.0,38,-563
ABplppppp,99,462,377,20.1,40,-613
ABplppppp,100,452,377,21.1,40,-182
ABplppppp,101,445,375,21.1,40,-1331
ABplppppp,102,442,376,21.0,40,-431
ABplppppp,103,442,383,21.0,40,-592
ABplppppp,104,451,388,21.1,40,-358
ABplppppp,105,462,382,21.0,40,-786
ABplppppp,106,462,384,21.1,40,-447
ABplppppp,107,471,384,21.1,40,-1099
ABplppppp,108,466,384,20.2,40,-309
ABplppppp,109,464,380,21.1,40,-1244
ABplppppp,110,458,375,21.1,36,-682
ABplppppp,111,450,360,21.0,38,-782
ABplppppp,112,456,358,20.9,36,-204
ABplppppp,113,469,351,20.1,38,128
ABplppppp,114,469,361,21.0,36,-690
ABplpppppa,115,443,354,20.1,26,-210
ABplpppppa,116,440,346,20.1,26,212
ABplpppppa,117,443,345,20.2,38,-841
ABplpppppa,118,441,343,21.0,37,-598
ABplpppppa,119,442,342,20.8,36,-81
ABplpppppa,120,443,341,20.6,35,-175
ABplpppppa,121,445,340,20.4,34,-235
ABplpppppa,122,446,339,20.2,33,-63
ABplpppppa,123,448,338,20.0,31,-139
ABplpppppa,124,453,342,20.1,34,-213
ABplpppppa,125,448,332,19.1,34,451
ABplpppppa,126,452,331,19.0,34,-240
ABplpppppa,127,459,327,20.0,34,-892
ABplpppppa,128,455,327,19.7,34,27
ABplpppppa,129,451,326,19.3,34,-355
ABplpppppa,130,447,325,19.0,34,-380
ABplpppppa,131,458,315,20.1,34,408
ABplpppppa,132,455,306,20.1,32,-564
ABplpppppa,133,456,300,20.1,34,-783
ABplpppppa,134,461,297,20.1,34,300
ABplpppppa,135,466,289,20.1,32,135
ABplpppppa,136,470,288,19.2,32,373
ABplpppppa,137,467,292,20.0,34,-229
ABplpppppa,138,468,298,19.2,34,878
ABplpppppa,139,472,298,20.0,34,-995
ABplpppppa,140,467,297,19.2,34,543
ABplpppppa,141,465,300,20.0,34,-906
ABplpppppa,142,467,303,19.2,34,-945
ABplpppppa,143,466,301,20.0,34,-437
ABplpppppa,144,472,302,20.1,32,-308
ABplpppppa,145,477,300,19.4,32,119
ABplpppppa,146,476,301,19.1,32,36
ABplpppppa,147,481,300,19.2,34,-423
ABplpppppa,148,480,298,19.1,34,-646
ABplpppppa,149,479,291,19.1,34,-214
ABplpppppa,150,474,292,19.1,34,-106
ABplpppppa,151,470,295,19.1,34,709
ABplpppppa,152,478,298,19.0,34,922
ABplpppppa,153,480,297,18.0,31,230
ABplpppppa,154,479,294,18.1,34,260
ABplpppppa,155,479,294,18.1,34,262
ABplpppppa,156,483,296,18.2,34,329
ABplpppppa,157,486,299,18.2,31,1533
ABplpppppa,158,478,295,18.3,34,1525
ABplpppppa,159,487,296,20.1,31,823
ABplpppppa,160,485,299,19.1,32,888
ABplpppppp,115,493,344,21.0,35,-448
ABplpppppp,116,492,334,20.1,35,304
ABplpppppp,117,491,327,21.0,36,-481
ABplpppppp,118,493,324,20.8,36,-390
ABplpppppp,119,496,321,20.6,35,-412
ABplpppppp,120,499,318,20.3,35,-830
ABplpppppp,121,502,314,20.1,34,530
ABplpppppp,122,496,314,20.2,34,-411
ABplpppppp,123,491,304,21.2,34,-357
ABplpppppp,124,483,304,21.0,34,-1038
ABplpppppp,125,485,302,21.0,34,-819
ABplpppppp,126,483,297,20.1,34,-168
ABplpppppp,127,488,291,20.0,34,-416
ABplpppppp,128,482,289,19.2,32,-354
ABplpppppp,129,483,295,19.3,34,21
ABplpppppp,130,481,300,20.0,30,570
ABplpppppp,131,482,292,19.4,32,-293
ABplpppppp,132,488,292,20.0,34,-816
ABplpppppp,133,496,291,21.0,34,-672
ABplpppppp,134,505,297,21.0,34,602
ABplpppppp,135,509,294,21.0,34,-369
ABplpppppp,136,511,290,21.1,34,-393
ABplpppppp,137,509,287,21.1,34,-940
ABplpppppp,138,510,291,21.1,34,-588
ABplpppppp,139,512,280,21.2,34,1736
ABplpppppp,140,508,279,21.1,34,-795
ABplpppppp,141,511,288,21.2,34,193
ABplpppppp,142,515,290,21.1,34,65
ABplpppppp,143,516,292,21.1,34,211
ABplpppppp,144,521,287,21.1,34,-242
ABplpppppp,145,525,290,21.0,32,-297
ABplpppppp,146,530,295,20.2,34,-242
ABplpppppp,147,543,300,21.1,34,-957
ABplpppppp,148,538,291,20.1,34,-351
ABplpppppp,149,545,287,20.2,34,-870
ABplpppppp,150,540,291,21.0,30,-456
ABplpppppp,151,545,291,21.0,32,-1075
ABplppppppa,152,540,299,21.0,26,36
ABplppppppa,153,540,297,21.3,27,-511
ABplppppppa,154,540,294,21.7,28,609
ABplppppppa,155,539,291,22.0,29,354
ABplppppppa,156,538,292,22.0,32,-547
ABplppppppa,157,543,292,21.2,31,453
ABplppppppa,158,545,289,21.2,32,-585
ABplppppppa,159,548,294,21.3,31,-571
ABplppppppa,160,554,299,21.2,32,-945
ABplppppppp,152,559,277,21.1,32,605
ABplppppppp,153,573,273,21.0,29,-1002
ABplppppppp,154,573,273,21.0,29,-156
ABplppppppp,155,573,275,21.0,29,1271
ABplppppppp,156,574,277,21.0,28,396
ABplppppppp,157,574,279,21.0,28,-108
ABplppppppp,158,575,281,21.0,27,-767
ABplppppppp,159,576,283,21.0,26,419
ABplppppppp,160,576,281,21.0,26,-699
ABpr,11,385,185,14.6,59,-890
ABpr,12,440,163,15.5,58,-624
ABpr,13,442,171,15.4,59,-674
ABpr,14,428,163,18.0,62,-1089
ABpr,15,436,169,18.1,58,-1281
ABpr,16,437,192,18.4,60,-654
ABpr,17,444,189,19.1,63,-1402
ABpr,18,449,165,18.2,62,-1448
ABpr,19,463,180,16.4,64,-1021
ABpr,20,451,185,14.7,59,-1119
ABpra,21,445,168,18.1,42,-792
ABpra,22,453,164,17.8,56,-837
ABpra,23,439,135,17.4,63,-1356
ABpra,24,422,123,17.0,64,-857
ABpra,25,409,127,17.2,65,-1125
ABpra,26,395,136,18.1,65,-1709
ABpra,27,425,144,18.4,65,-960
ABpra,28,437,154,18.2,67,-1208
ABpra,29,448,142,17.1,69,-1017
ABpra,30,447,151,15.8,64,-1210
ABpraa,31,419,138,16.1,38,-1005
ABpraa,32,420,129,15.3,56,-524
ABpraa,33,426,118,14.4,58,-680
ABpraa,34,417,115,15.2,58,-429
ABpraa,35,402,116,16.1,56,-1491
ABpraa,36,391,121,16.9,58,-1053
ABpraa,37,384,121,17.0,62,-753
ABpraa,38,381,120,17.0,63,-919
ABpraa,39,383,119,16.2,63,-478
ABpraa,40,384,115,15.3,63,-423
ABpraa,41,388,116,16.3,65,-980
ABpraa,42,389,123,17.8,60,-1478
ABpraa,43,386,124,17.0,62,-767
ABpraa,44,386,121,16.7,61,-1205
ABpraa,45,398,119,15.7,62,-1090
ABpraa,46,387,128,15.0,49,-1065
ABpraaa,47,345,104,13.4,52,-246
ABpraaa,48,320,102,13.0,55,-550
ABpraaa,49,305,104,13.8,53,-775
ABpraaa,50,294,103,13.2,53,-1214
ABpraaa,51,291,104,13.1,53,-1059
ABpraaa,52,298,104,13.8,53,-1116
ABpraaa,53,301,102,12.9,53,-586
ABpraaa,54,298,105,12.8,53,-657
ABpraaa,55,298,108,11.9,53,-876
ABpraaa,56,305,108,10.9,52,-1238
ABpraaa,57,310,108,10.0,51,-852
ABpraaa,58,303,112,10.1,52,-768
ABpraaa,59,298,112,10.3,53,-606
ABpraaa,60,308,105,11.1,52,-136
ABpraaa,61,314,108,11.1,51,-1004
ABpraaa,62,323,110,11.9,51,-1341
ABpraaa,63,326,110,12.7,50,-1118
ABpraaa,64,325,116,12.0,39,-886
ABpraaaa,65,297,108,13.1,28,-1123
ABpraaaa,66,286,105,13.2,38,-471
ABpraaaa,67,281,98,13.1,39,-862
ABpraaaa,68,275,100,13.1,41,157
ABpraaaa,69,275,101,13.9,43,-726
ABpraaaa,70,277,100,13.1,44,-638
ABpraaaa,71,281,104,12.9,44,-231
ABpraaaa,72,278,105,13.0,44,273
ABpraaaa,73,273,103,12.1,44,-107
ABpraaaa,74,278,104,12.0,44,-615
ABpraaaa,75,275,100,11.0,44,-306
ABpraaaa,76,275,109,10.9,44,157
ABpraaaa,77,280,103,10.1,44,-413
ABpraaaa,78,284,100,10.1,44,-509
ABpraaaa,79,281,101,10.9,44,-876
ABpraaaa,80,277,104,11.1,44,-498
ABpraaaa,81,272,103,10.9,44,-774
ABpraaaa,82,266,107,11.0,44,-73
ABpraaaa,83,260,104,11.9,44,-1200
ABpraaaa,84,265,103,11.1,44,-669
ABpraaaa,85,273,105,10.9,43,-328
ABpraaaa,86,265,110,11.1,42,-1409
ABpraaaa,87,253,115,11.1,44,-1251
ABpraaaa,88,229,127,11.1,35,-137
ABpraaaaa,89,207,119,12.3,35,-552
ABpraaaaa,90,193,123,12.3,34,-190
ABpraaaaa,91,188,126,12.9,35,119
ABpraaaaa,92,185,134,12.9,35,-262
ABpraaaaa,93,179,137,13.0,35,220
ABpraaaaa,94,178,133,13.1,35,-559
ABpraaaaa,95,185,139,13.0,35,73
ABpraaaaa,96,182,136,12.1,36,-89
ABpraaaaa,97,185,135,12.8,36,-159
ABpraaaaa,98,188,134,12.8,36,950
ABpraaaaa,99,190,132,11.9,36,-124
ABpraaaaa,100,178,132,12.0,36,-816
ABpraaaaa,101,180,127,12.0,36,-11
ABpraaaaa,102,186,129,12.1,36,540
ABpraaaaa,103,189,126,12.1,36,-541
ABpraaaaa,104,178,123,11.8,36,-1091
ABpraaaaa,105,172,124,11.0,36,-359
ABpraaaaa,106,176,121,10.9,36,-136
ABpraaaaa,107,177,121,10.8,36,-225
ABpraaaaa,108,187,117,10.2,36,-353
ABpraaaaa,109,187,116,11.1,36,-475
ABpraaaaa,110,190,111,13.0,36,-603
ABpraaaaa,111,186,112,12.9,36,-867
ABpraaaaa,112,181,116,12.8,36,201
ABpraaaaa,113,179,114,12.9,36,-108
ABpraaaaa,114,175,116,11.8,36,-145
ABpraaaaa,115,185,114,10.4,37,-189
ABpraaaaa,116,179,117,9.5,37,114
ABpraaaaa,117,177,117,9.3,36,40
ABpraaaaa,118,179,119,9.5,37,283
ABpraaaaa,119,168,124,9.4,34,-363
ABpraaaaa,120,165,128,9.3,35,-888
ABpraaaaa,121,166,138,10.0,30,-451
ABpraaaaa,122,171,141,9.1,30,-340
ABpraaaaaa,123,165,150,8.2,30,-817
ABpraaaaaa,124,170,135,7.8,30,517
ABpraaaaaa,125,166,133,7.0,30,-494
ABpraaaaaa,126,163,139,6.3,32,-1292
ABpraaaaaa,127,155,140,6.9,30,-430
ABpraaaaaa,128,161,145,6.7,30,273
ABpraaaaaa,129,158,139,7.1,32,-125
ABpraaaaaa,130,166,140,7.4,32,-156
ABpraaaaaa,131,160,136,8.2,30,550
ABpraaaaaa,132,166,132,8.8,30,25
ABpraaaaaa,133,165,135,8.2,30,-488
ABpraaaaaa,134,165,131,9.0,30,-451
ABpraaaaaa,135,166,132,9.1,30,-453
ABpraaaaaa,136,167,129,9.9,30,-388
ABpraaaaaa,137,167,128,10.8,30,-1882
ABpraaaaaa,138,168,131,11.0,32,1023
ABpraaaaaa,139,160,129,10.9,30,-258
ABpraaaaaa,140,161,125,11.2,32,670
ABpraaaaaa,141,163,126,12.0,32,226
ABpraaaaaa,142,163,124,13.0,32,-539
ABpraaaaaa,143,161,125,13.1,32,-560
ABpraaaaaa,144,161,132,13.3,34,1580
ABpraaaaaa,145,168,129,14.0,30,-1087
ABpraaaaaa,146,167,128,14.2,32,-635
ABpraaaaaa,147,164,126,14.3,34,911
ABpraaaaaa,148,162,129,14.2,32,-57
ABpraaaaaa,149,163,129,14.2,32,905
ABpraaaaaa,150,158,129,14.9,30,-980
ABpraaaaaa,151,168,128,16.1,34,107
ABpraaaaaa,152,168,128,16.0,30,-318
ABpraaaaaa,153,167,131,16.3,31,318
ABpraaaaaa,154,174,124,16.2,34,287
ABpraaaaaa,155,175,129,16.3,31,-465
ABpraaaaaa,156,180,127,16.1,34,-57
ABpraaaaaa,157,181,126,16.2,31,-540
ABpraaaaaa,158,185,125,17.1,34,-154
ABpraaaaaa,159,183,123,16.1,31,-376
ABpraaaaaa,160,183,121,16.1,34,375
ABpraaaaap,123,196,123,10.0,30,-623
ABpraaaaap,124,193,117,10.2,26,103
ABpraaaaap,125,192,116,11.0,30,-376
ABpraaaaap,126,192,114,9.9,30,-939
ABpraaaaap,127,198,113,8.9,30,-240
ABpraaaaap,128,197,114,8.2,32,-487
ABpraaaaap,129,192,116,9.0,30,114
ABpraaaaap,130,192,113,9.2,32,256
ABpraaaaap,131,191,114,9.2,32,-716
ABpraaaaap,132,188,116,10.1,32,-250
ABpraaaaap,133,192,112,10.1,34,1010
ABpraaaaap,134,191,114,9.4,32,502
ABpraaaaap,135,194,112,10.2,32,600
ABpraaaaap,136,194,113,11.0,32,-149
ABpraaaaap,137,195,113,11.3,34,-56
ABpraaaaap,138,193,110,11.1,26,425
ABpraaaaap,139,184,114,11.3,32,443
ABpraaaaap,140,188,111,11.3,26,-237
ABpraaaaap,141,190,112,12.1,34,-153
ABpraaaaap,142,191,112,12.6,32,78
ABpraaaaap,143,187,112,11.4,34,-244
ABpraaaaap,144,188,112,12.5,32,-222
ABpraaaaap,145,189,114,13.0,30,352
ABpraaaaap,146,192,114,12.2,34,130
ABpraaaaap,147,186,113,12.4,32,79
ABpraaaaap,148,187,112,12.9,30,1339
ABpraaaaap,149,190,111,13.1,30,1041
ABpraaaaap,150,184,113,13.1,30,221
ABpraaaaap,151,183,118,14.0,30,240
ABpraaaaap,152,184,114,13.9,30,412
ABpraaaaap,153,184,117,14.1,31,-4
ABpraaaaap,154,186,114,14.1,34,1126
ABpraaaaap,155,186,115,14.3,31,429
ABpraaaaap,156,187,117,13.3,32,-454
ABpraaaaap,157,187,120,13.3,31,132
ABpraaaaap,158,184,126,13.4,34,-419
ABpraaaaap,159,181,122,13.6,31,948
ABpraaaaap,160,182,115,13.3,34,243
ABpraaaap,89,242,126,10.4,35,414
ABpraaaap,90,240,132,10.0,36,430
ABpraaaap,91,240,145,10.0,35,-314
ABpraaaap,92,238,141,9.3,37,246
ABpraaaap,93,235,139,10.2,39,-583
ABpraaaap,94,238,132,11.2,39,-864
ABpraaaap,95,235,132,11.2,39,-2245
ABpraaaap,96,234,118,11.1,36,-146
ABpraaaap,97,236,117,10.9,36,-1225
ABpraaaap,98,234,112,11.0,36,-1260
ABpraaaap,99,238,107,11.1,38,-1189
ABpraaaap,100,236,105,11.9,36,-264
ABpraaaap,101,239,106,10.5,38,-300
ABpraaaap,102,245,106,10.5,38,-601
ABpraaaap,103,246,107,10.1,36,370
ABpraaaap,104,234,107,10.8,36,-592
ABpraaaap,105,225,106,11.1,38,-641
ABpraaaap,106,226,105,11.2,38,-637
ABpraaaap,107,224,110,11.9,36,-1413
ABpraaaap,108,231,105,11.4,38,-761
ABpraaaap,109,232,108,12.1,36,-1284
ABpraaaap,110,238,106,13.0,38,-713
ABpraaaap,111,238,105,13.1,40,-1124
ABpraaaap,112,225,106,12.3,40,-236
ABpraaaap,113,222,102,12.9,36,-421
ABpraaaap,114,221,110,12.1,36,-1368
ABpraaaap,115,227,111,11.2,37,-1323
ABpraaaap,116,222,113,11.8,35,-1710
ABpraaaap,117,224,114,11.0,32,-977
ABpraaaap,118,228,113,11.9,33,-742
ABpraaaapa,119,193,116,12.1,32,284
ABpraaaapa,120,196,128,13.0,31,263
ABpraaaapa,121,196,128,12.8,30,-878
ABpraaaapa,122,200,128,11.9,30,-305
ABpraaaapa,123,198,124,12.5,32,-266
ABpraaaapa,124,198,118,12.0,34,121
ABpraaaapa,125,198,118,12.0,34,-969
ABpraaaapa,126,198,124,12.2,32,-671
ABpraaaapa,127,198,123,12.8,30,46
ABpraaaapa,128,202,124,11.1,30,-1134
ABpraaaapa,129,201,120,11.2,34,-1084
ABpraaaapa,130,207,121,12.2,32,-1406
ABpraaaapa,131,204,124,12.1,30,-267
ABpraaaapa,132,203,124,12.2,34,-56
ABpraaaapa,133,209,116,13.1,34,-995
ABpraaaapa,134,212,118,12.3,34,-173
ABpraaaapa,135,210,117,12.3,34,-961
ABpraaaapa,136,212,116,13.2,34,-130
ABpraaaapa,137,210,115,13.3,34,-538
ABpraaaapa,138,213,115,13.2,34,-405
ABpraaaapa,139,210,110,12.4,32,269
ABpraaaapa,140,209,115,13.1,34,-30
ABpraaaapa,141,211,112,13.3,34,-1538
ABpraaaapa,142,218,113,13.2,34,-584
ABpraaaapa,143,214,114,13.2,34,-934
ABpraaaapa,144,214,115,14.0,32,-372
ABpraaaapa,145,216,118,13.5,34,-165
ABpraaaapa,146,217,113,14.1,34,-117
ABpraaaapa,147,218,111,14.1,32,411
ABpraaaapa,148,215,111,14.0,34,-182
ABpraaaapa,149,221,112,14.1,34,58
ABpraaaapa,150,214,111,14.1,32,83
ABpraaaapa,151,218,112,14.1,34,-71
ABpraaaapa,152,215,112,14.1,34,-930
ABpraaaapa,153,218,113,14.3,31,-471
ABpraaaapa,154,220,107,15.0,34,-197
ABpraaaapa,155,221,104,15.1,31,-727
ABpraaaapa,156,222,105,15.0,34,24
ABpraaaapa,157,223,105,15.1,31,-435
ABpraaaapa,158,214,106,15.1,34,-906
ABpraaaapa,159,215,109,14.3,31,-120
ABpraaaapa,160,214,105,14.0,34,1636
ABpraaaapp,119,242,113,9.9,32,-908
ABpraaaapp,120,239,114,9.9,31,457
ABpraaaapp,121,241,120,8.2,30,-980
ABpraaaapp,122,240,118,8.0,34,-35
ABpraaaapp,123,242,106,9.1,34,-105
ABpraaaapp,124,235,106,8.4,32,182
ABpraaaapp,125,228,106,8.5,32,-192
ABpraaaapp,126,235,113,8.2,30,-195
ABpraaaapp,127,240,110,9.1,34,-828
ABpraaaapp,128,243,108,8.5,32,-12
ABpraaaapp,129,237,109,9.9,30,-812
ABpraaaapp,130,240,107,9.5,32,-936
ABpraaaapp,131,238,103,10.8,30,-1492
ABpraaaapp,132,241,102,10.3,32,-65
ABpraaaapp,133,247,100,10.3,32,-1530
ABpraaaapp,134,245,100,10.2,30,-372
ABpraaaapp,135,246,97,11.1,32,-994
ABpraaaapp,136,243,97,11.3,32,145
ABpraaaapp,137,241,98,11.8,30,-117
ABpraaaapp,138,250,96,11.3,32,-836
ABpraaaapp,139,245,95,11.2,34,158
ABpraaaapp,140,247,97,11.1,34,-1312
ABpraaaapp,141,247,98,11.1,34,-289
ABpraaaapp,142,246,97,11.1,34,-458
ABpraaaapp,143,243,100,11.1,34,-433
ABpraaaapp,144,237,100,11.2,34,167
ABpraaaapp,145,238,101,11.1,34,-232
ABpraaaapp,146,248,101,10.4,32,-671
ABpraaaapp,147,236,102,11.1,32,-554
ABpraaaapp,148,234,104,10.2,34,-853
ABpraaaapp,149,234,102,10.3,32,153
ABpraaaapp,150,232,105,10.3,32,-917
ABpraaaapp,151,228,103,11.2,32,-615
ABpraaaapp,152,230,101,11.0,34,-238
ABpraaaapp,153,226,101,11.2,31,-4
ABpraaaapp,154,223,103,11.2,34,458
ABpraaaapp,155,223,103,11.2,34,-148
ABpraaaapp,156,222,111,11.3,34,-456
ABpraaaapp,157,223,111,11.3,31,-164
ABpraaaappa,158,208,117,13.0,30,-43
ABpraaaappa,159,201,113,12.0,30,516
ABpraaaappa,160,194,107,11.1,26,-368
ABpraaaappp,158,228,108,10.1,30,-91
ABpraaaappp,159,219,106,9.2,31,658
ABpraaaappp,160,224,105,9.2,30,5
ABpraaap,65,340,129,10.3,35,-790
ABpraaap,66,338,129,10.0,40,-1270
ABpraaap,67,336,133,10.0,41,-1379
ABpraaap,68,343,131,8.3,45,-1768
ABpraaap,69,347,123,8.9,43,-1843
ABpraaap,70,350,119,8.0,44,-1181
ABpraaap,71,360,115,7.1,44,-2232
ABpraaap,72,351,117,7.9,44,-1339
ABpraaap,73,350,122,7.8,44,-1563
ABpraaap,74,352,124,7.0,44,-1673
ABpraaap,75,351,125,6.9,44,-2230
ABpraaap,76,349,127,6.1,44,-3458
ABpraaap,77,343,129,5.9,44,-4603
ABpraaap,78,344,127,5.8,44,-3575
ABpraaap,79,334,123,6.1,44,-3750
ABpraaap,80,329,118,6.8,44,-1740
ABpraaap,81,323,116,6.9,44,-1459
ABpraaap,82,321,118,7.0,44,-2553
ABpraaap,83,316,119,7.9,44,-1246
ABpraaap,84,318,123,8.0,44,-1353
ABpraaap,85,321,125,7.1,43,-1594
ABpraaap,86,306,130,6.1,28,-1447
ABpraaap,87,295,127,6.1,32,-2207
ABpraaapa,88,234,128,5.3,29,-1755
ABpraaapa,89,207,129,6.2,35,-1297
ABpraaapa,90,193,131,7.0,36,-116
ABpraaapa,91,184,132,6.9,35,-1435
ABpraaapa,92,187,133,6.9,35,-564
ABpraaapa,93,184,137,7.1,37,-909
ABpraaapa,94,193,131,8.0,35,-1062
ABpraaapa,95,196,137,8.0,35,-31
ABpraaapa,96,196,138,8.1,36,-920
ABpraaapa,97,204,141,7.1,34,-138
ABpraaapa,98,211,141,7.2,36,-890
ABpraaapa,99,215,137,7.7,36,-1232
ABpraaapa,100,209,137,7.9,36,-474
ABpraaapa,101,198,137,8.1,36,-1070
ABpraaapa,102,199,141,9.1,36,-681
ABpraaapa,103,202,139,8.9,36,-1179
ABpraaapa,104,195,141,8.8,36,-2005
ABpraaapa,105,196,141,8.2,36,-1384
ABpraaapa,106,201,143,7.9,36,-402
ABpraaapa,107,211,144,7.8,36,-1173
ABpraaapa,108,218,141,7.8,36,-1242
ABpraaapa,109,216,138,8.2,36,-1781
ABpraaapa,110,212,132,9.0,36,-1016
ABpraaapa,111,213,128,8.9,36,-680
ABpraaapa,112,206,131,8.1,36,-1418
ABpraaapa,113,206,131,7.9,36,-499
ABpraaapa,114,206,140,7.9,36,-543
ABpraaapa,115,207,143,7.2,35,-110
ABpraaapa,116,205,147,7.9,35,-1694
ABpraaapa,117,197,153,8.9,34,116
ABpraaapa,118,205,158,8.4,37,-638
ABpraaapa,119,203,153,8.9,32,-1004
ABpraaapa,120,199,160,8.9,31,-1729
ABpraaapaa,121,183,171,9.9,30,-420
ABpraaapaa,122,182,178,8.9,30,-1344
ABpraaapaa,123,185,173,8.9,30,-319
ABpraaapaa,124,188,167,8.8,30,-460
ABpraaapaa,125,193,167,8.2,30,-1021
ABpraaapaa,126,195,169,8.1,30,-1264
ABpraaapaa,127,196,166,8.3,30,-1587
ABpraaapaa,128,197,165,8.2,32,-1406
ABpraaapaa,129,191,162,8.8,30,-1777
ABpraaapaa,130,194,159,9.2,30,250
ABpraaapaa,131,187,162,9.1,30,-218
ABpraaapaa,132,195,158,9.9,30,-868
ABpraaapaa,133,197,153,9.2,30,-1075
ABpraaapaa,134,201,155,9.2,30,-1014
ABpraaapaa,135,202,151,9.9,30,-228
ABpraaapaa,136,204,148,9.2,34,-416
ABpraaapaa,137,204,144,10.0,30,-1097
ABpraaapaa,138,203,143,10.0,32,135
ABpraaapaa,139,199,145,10.0,30,-99
ABpraaapaa,140,201,141,10.0,32,-227
ABpraaapaa,141,201,140,10.2,32,-2359
ABpraaapaa,142,200,139,10.3,32,-1414
ABpraaapaa,143,197,139,11.0,32,-892
ABpraaapaa,144,199,140,11.0,34,-284
ABpraaapaa,145,200,142,10.7,34,-547
ABpraaapaa,146,203,143,11.1,32,-206
ABpraaapaa,147,201,142,11.9,30,1192
ABpraaapaa,148,200,143,12.9,30,-1326
ABpraaapaa,149,202,144,13.0,30,-588
ABpraaapaa,150,198,143,13.1,32,-107
ABpraaapaa,151,197,148,13.0,30,223
ABpraaapaa,152,195,145,13.1,32,-937
ABpraaapaa,153,197,144,13.2,31,-860
ABpraaapaa,154,198,142,13.9,30,-858
ABpraaapaa,155,202,144,14.0,31,269
ABpraaapaa,156,204,147,13.9,30,-210
ABpraaapaa,157,203,148,13.3,31,-1151
ABpraaapaa,158,204,148,13.3,32,-2
ABpraaapaa,159,201,148,13.2,31,-2262
ABpraaapaa,160,198,144,13.2,34,-1825
ABpraaapap,121,215,150,6.2,32,-259
ABpraaapap,122,213,154,6.1,34,-342
ABpraaapap,123,211,146,6.3,34,136
ABpraaapap,124,216,145,6.1,32,-1108
ABpraaapap,125,210,142,6.1,30,134
ABpraaapap,126,206,149,6.0,32,-1321
ABpraaapap,127,210,151,6.1,30,-1748
ABpraaapap,128,210,151,6.1,30,1236
ABpraaapap,129,208,150,6.3,32,-1126
ABpraaapap,130,207,149,6.4,32,-1356
ABpraaapap,131,204,147,7.2,30,-1388
ABpraaapap,132,206,144,7.2,26,65
ABpraaapap,133,206,144,7.2,26,-1109
ABpraaapap,134,205,142,7.2,26,-661
ABpraaapap,135,207,139,7.3,32,-359
ABpraaapap,136,210,138,7.3,32,-1132
ABpraaapap,137,210,133,7.4,32,-1955
ABpraaapap,138,209,135,7.4,34,-1164
ABpraaapap,139,207,134,7.4,32,-1633
ABpraaapap,140,203,134,8.1,26,-1706
ABpraaapap,141,203,134,8.1,26,-1227
ABpraaapap,142,202,128,8.1,32,-669
ABpraaapap,143,200,130,7.5,32,-1586
ABpraaapap,144,200,129,8.2,32,-805
ABpraaapap,145,205,129,8.2,32,290
ABpraaapap,146,207,130,8.9,30,370
ABpraaapap,147,206,128,8.9,30,-622
ABpraaapap,148,205,134,9.2,34,901
ABpraaapap,149,205,136,9.9,30,-243
ABpraaapap,150,200,139,9.3,34,-1317
ABpraaapap,151,198,134,10.0,34,-1096
ABpraaapap,152,197,128,9.5,34,-960
ABpraaapap,153,198,130,10.3,31,-1688
ABpraaapap,154,194,131,10.9,30,-1151
ABpraaapap,155,193,129,10.1,31,-553
ABpraaapap,156,196,140,9.4,32,-717
ABpraaapap,157,196,138,9.3,31,-1852
ABpraaapap,158,198,137,9.4,32,-1402
ABpraaapap,159,193,137,9.4,31,-3131
ABpraaapap,160,191,127,9.2,34,-536
ABpraaapp,88,293,131,6.1,29,-2184
ABpraaapp,89,275,135,6.1,37,-2522
ABpraaapp,90,271,139,6.0,36,-2493
ABpraaapp,91,266,141,5.3,39,-3055
ABpraaapp,92,264,131,5.3,37,-2900
ABpraaapp,93,257,126,6.4,39,-2622
ABpraaapp,94,257,129,6.4,39,-1124
ABpraaapp,95,260,134,7.1,37,-1754
ABpraaapp,96,256,127,8.0,36,-1280
ABpraaapp,97,269,130,8.1,36,-1676
ABpraaapp,98,274,125,8.3,40,-2559
ABpraaapp,99,276,134,9.0,38,-1351
ABpraaapp,100,270,134,9.0,36,-2009
ABpraaapp,101,262,133,8.1,38,-1198
ABpraaapp,102,257,132,8.0,38,-2241
ABpraaapp,103,257,134,7.3,40,-716
ABpraaapp,104,257,130,7.8,36,-1643
ABpraaapp,105,261,119,7.4,38,-1154
ABpraaapp,106,266,120,8.2,38,-475
ABpraaapp,107,270,119,8.3,38,-962
ABpraaapp,108,273,120,8.3,40,-575
ABpraaapp,109,272,128,9.0,38,-1468
ABpraaapp,110,265,127,9.0,40,-843
ABpraaapp,111,266,132,9.2,40,-897
ABpraaapp,112,255,136,9.9,36,-1467
ABpraaapp,113,253,134,9.0,36,-1417
ABpraaappa,114,242,143,8.4,34,108
ABpraaappa,115,239,151,9.8,35,-601
ABpraaappa,116,237,151,9.2,35,-73
ABpraaappa,117,236,157,9.8,34,-1067
ABpraaappa,118,245,160,10.0,33,-1284
ABpraaappa,119,240,156,10.1,32,-623
ABpraaappa,120,236,157,10.2,33,-1560
ABpraaappa,121,236,160,10.0,34,-812
ABpraaappa,122,227,161,9.2,34,-277
ABpraaappa,123,230,158,9.3,34,-233
ABpraaappa,124,231,147,9.3,32,-1235
ABpraaappa,125,227,149,9.2,30,-1601
ABpraaappa,126,228,155,9.1,34,-1183
ABpraaappa,127,230,151,9.1,32,-2172
ABpraaappa,128,235,149,8.4,34,-878
ABpraaappa,129,235,147,8.3,32,-2046
ABpraaappa,130,237,140,8.3,32,-886
ABpraaappa,131,237,134,8.3,34,-593
ABpraaappa,132,241,129,9.1,34,1265
ABpraaappa,133,241,132,9.2,32,-1672
ABpraaappa,134,237,133,8.4,32,1077
ABpraaappa,135,233,131,9.1,32,-269
ABpraaappa,136,234,131,10.1,34,-1016
ABpraaappa,137,235,126,10.1,32,-954
ABpraaappa,138,235,127,10.1,32,-1313
ABpraaappa,139,234,130,10.0,32,-323
ABpraaappa,140,238,132,9.3,32,2404
ABpraaappa,141,238,132,9.9,30,-326
ABpraaappa,142,241,132,9.1,34,5394
ABpraaappa,143,238,135,10.1,32,531
ABpraaappa,144,236,136,9.2,32,4885
ABpraaappa,145,237,136,10.1,32,1940
ABpraaappa,146,233,140,10.9,30,-1266
ABpraaappa,147,228,143,10.2,32,1953
ABpraaappa,148,228,144,10.3,34,1863
ABpraaappa,149,230,147,10.2,34,3217
ABpraaappa,150,229,151,10.2,34,3846
ABpraaappa,151,228,147,11.2,34,672
ABpraaappa,152,234,144,11.1,34,-26
ABpraaappa,153,236,143,11.4,31,-1393
ABpraaappa,154,241,145,11.3,34,-929
ABpraaappa,155,239,146,11.3,31,-808
ABpraaappa,156,240,151,11.1,34,-559
ABpraaappa,157,239,152,10.4,31,2403
ABpraaappa,158,235,153,11.0,30,-1090
ABpraaappa,159,230,149,10.3,31,830
ABpraaappaa,160,218,143,12.0,26,-420
ABpraaappap,160,251,146,10.0,30,-243
ABpraaappp,114,271,122,8.1,34,-1335
ABpraaappp,115,284,117,8.0,35,-881
ABpraaappp,116,283,108,8.9,35,-1288
ABpraaappp,117,285,105,8.9,34,-1094
ABpraaappp,118,283,118,9.0,37,-1570
ABpraaappp,119,284,131,9.2,34,-2747
ABpraaappp,120,285,138,9.1,35,-1091
ABpraaappp,121,290,139,9.0,34,-1457
ABpraaappp,122,284,139,9.0,34,-644
ABpraaappp,123,281,132,8.3,34,-1454
ABpraaappp,124,280,134,8.4,34,-1488
ABpraaappp,125,279,133,8.3,34,-951
ABpraaappp,126,280,132,9.2,34,159
ABpraaappp,127,285,134,9.2,34,-1059
ABpraaappp,128,285,131,9.2,34,468
ABpraaappp,129,284,131,9.1,34,-828
ABpraaappp,130,286,133,9.2,34,207
ABpraaappp,131,284,123,10.0,34,-2128
ABpraaappp,132,285,119,9.3,34,-423
ABpraaappp,133,291,121,9.1,34,628
ABpraaappp,134,287,118,9.1,34,-1925
ABpraaappp,135,285,116,9.2,34,-800
ABpraaappp,136,283,120,9.1,34,-1696
ABpraaappp,137,283,120,9.1,34,-684
ABpraaappp,138,282,118,9.0,34,-451
ABpraaappp,139,287,122,9.1,34,-10
ABpraaappp,140,287,128,8.3,34,-1925
ABpraaappp,141,286,124,9.0,34,-1783
ABpraaappp,142,289,133,9.1,34,-1791
ABpraaappp,143,285,133,8.3,34,-1435
ABpraaappp,144,278,127,9.0,30,-649
ABpraaappp,145,278,131,8.3,32,-1822
ABpraaapppa,146,258,145,9.9,24,-1027
ABpraaapppa,147,258,147,10.0,30,236
ABpraaapppa,148,258,151,10.0,30,-482
ABpraaapppa,149,259,151,10.9,30,-784
ABpraaapppa,150,264,149,10.8,30,-250
ABpraaapppa,151,261,147,10.3,34,765
ABpraaapppa,152,266,144,10.3,32,-902
ABpraaapppa,153,267,145,10.9,26,-72
ABpraaapppa,154,261,147,10.1,26,-1365
ABpraaapppa,155,264,151,9.4,31,-1795
ABpraaapppa,156,268,153,9.4,34,-948
ABpraaapppa,157,269,152,9.2,31,-350
ABpraaapppa,158,268,155,9.2,34,-400
ABpraaapppa,159,266,155,8.4,31,-187
ABpraaapppa,160,270,152,9.2,26,-106
ABpraaapppp,146,295,123,6.5,30,-526
ABpraaapppp,147,294,117,7.0,30,-857
ABpraaapppp,148,292,122,7.0,30,-1351
ABpraaapppp,149,292,122,7.2,30,-265
ABpraaapppp,150,292,122,7.3,30,-268
ABpraaapppp,151,292,121,7.5,30,-2135
ABpraaapppp,152,292,121,7.7,30,-1021
ABpraaapppp,153,292,121,7.8,30,-1164
ABpraaapppp,154,291,120,8.0,30,-1689
ABpraaapppp,155,290,120,7.9,30,-943
ABpraaapppp,156,289,120,7.7,30,-1217
ABpraaapppp,157,288,121,7.6,30,-1214
ABpraaapppp,158,287,121,7.4,30,-1998
ABpraaapppp,159,286,122,7.3,31,-714
ABpraaapppp,160,288,120,8.1,34,-1553
ABpraap,47,393,129,17.3,56,-398
ABpraap,48,376,120,16.9,55,508
ABpraap,49,380,117,17.1,53,471
ABpraap,50,388,111,16.0,53,-545
ABpraap,51,393,110,16.2,53,-780
ABpraap,52,390,110,15.1,53,-1046
ABpraap,53,386,109,15.1,53,-1213
ABpraap,54,376,112,16.2,53,-645
ABpraap,55,369,110,15.9,53,-692
ABpraap,56,372,114,15.2,54,-764
ABpraap,57,376,119,15.3,55,-854
ABpraap,58,373,115,15.3,56,-518
ABpraap,59,374,115,16.0,55,-607
ABpraap,60,384,117,16.0,52,-1169
ABpraap,61,397,121,15.4,53,-846
ABpraap,62,408,122,15.1,53,-1112
ABpraap,63,412,131,14.9,50,-725
ABpraap,64,406,115,14.9,47,-1011
ABpraapa,65,373,98,16.1,43,796
ABpraapa,66,361,103,15.1,40,-225
ABpraapa,67,356,101,15.2,43,-201
ABpraapa,68,351,103,15.0,41,32
ABpraapa,69,351,103,16.1,43,-311
ABpraapa,70,354,100,15.9,44,-229
ABpraapa,71,368,101,15.1,46,-211
ABpraapa,72,353,102,14.1,44,-55
ABpraapa,73,347,100,14.1,44,1147
ABpraapa,74,348,98,13.0,44,-8
ABpraapa,75,350,98,12.0,44,209
ABpraapa,76,355,104,11.0,44,164
ABpraapa,77,359,101,11.0,44,-585
ABpraapa,78,368,107,9.9,44,-534
ABpraapa,79,371,109,9.0,44,22
ABpraapa,80,370,109,9.9,44,-126
ABpraapa,81,367,113,9.1,44,-489
ABpraapa,82,372,114,8.9,44,-999
ABpraapa,83,375,108,8.1,44,-63
ABpraapa,84,374,115,7.1,44,-631
ABpraapa,85,381,128,6.2,43,-1524
ABpraapa,86,367,133,6.1,42,-2305
ABpraapa,87,360,136,6.3,34,-149
ABpraapaa,88,337,132,6.8,34,-2390
ABpraapaa,89,313,127,7.3,35,19
ABpraapaa,90,309,133,7.0,36,-439
ABpraapaa,91,303,134,6.4,37,-1465
ABpraapaa,92,302,131,6.9,35,-794
ABpraapaa,93,298,126,7.0,35,-154
ABpraapaa,94,301,126,6.1,35,-112
ABpraapaa,95,301,129,6.3,37,-545
ABpraapaa,96,301,127,7.0,36,-627
ABpraapaa,97,307,124,6.1,36,-1474
ABpraapaa,98,307,124,6.1,36,-1450
ABpraapaa,99,305,124,5.9,36,-1758
ABpraapaa,100,302,126,5.9,36,-1566
ABpraapaa,101,299,126,5.3,36,-1158
ABpraapaa,102,299,130,5.2,36,-1127
ABpraapaa,103,296,136,5.0,36,-652
ABpraapaa,104,291,142,4.4,38,309
ABpraapaa,105,280,147,5.0,36,-1317
ABpraapaa,106,281,147,5.1,36,-883
ABpraapaa,107,277,143,5.1,36,-2756
ABpraapaa,108,279,137,5.1,36,-1835
ABpraapaa,109,275,134,5.8,36,-1591
ABpraapaa,110,264,137,4.5,38,268
ABpraapaa,111,261,135,4.9,36,845
ABpraapaa,112,266,138,4.3,38,2562
ABpraapaa,113,268,137,4.4,38,2417
ABpraapaa,114,264,145,4.2,38,3855
ABpraapaa,115,256,143,5.0,35,919
ABpraapaa,116,253,145,5.2,37,2789
ABpraapaa,117,246,148,5.1,36,2774
ABpraapaa,118,249,152,5.2,35,3355
ABpraapaa,119,253,158,5.4,30,-466
ABpraapaaa,120,238,156,6.1,31,-806
ABpraapaaa,121,230,159,5.1,31,-1471
ABpraapaaa,122,221,163,4.0,30,2142
ABpraapaaa,123,216,163,3.6,32,5916
ABpraapaaa,124,216,158,3.9,30,4155
ABpraapaaa,125,210,157,4.0,32,6976
ABpraapaaa,126,206,164,3.5,32,7202
ABpraapaaa,127,215,162,3.5,32,6306
ABpraapaaa,128,210,164,3.8,30,6623
ABpraapaaa,129,205,163,3.4,32,10579
ABpraapaaa,130,202,166,4.0,30,10778
ABpraapaaa,131,192,158,3.6,32,8985
ABpraapaaa,132,192,156,4.1,30,8159
ABpraapaaa,133,191,152,4.2,30,12571
ABpraapaaa,134,185,156,4.2,30,11232
ABpraapaaa,135,184,154,4.2,30,11981
ABpraapaaa,136,173,152,4.8,30,10140
ABpraapaaa,137,174,156,4.9,30,13948
ABpraapaaa,138,175,159,4.2,32,11269
ABpraapaaa,139,179,155,4.3,32,13612
ABpraapaaa,140,179,150,4.9,30,13702
ABpraapaaa,141,178,148,4.9,30,12864
ABpraapaaa,142,184,145,5.1,30,18458
ABpraapaaa,143,176,154,5.0,30,16910
ABpraapaaa,144,174,152,4.3,26,15653
ABpraapaaa,145,172,152,4.4,32,10411
ABpraapaaa,146,173,153,5.1,32,14901
ABpraapaaa,147,176,153,4.8,30,16548
ABpraapaaa,148,174,149,5.1,30,19074
ABpraapaaa,149,176,145,5.2,30,19546
ABpraapaaa,150,177,146,5.2,30,19457
ABpraapaaa,151,174,147,5.4,32,17393
ABpraapaaa,152,172,149,5.0,30,17737
ABpraapaaa,153,167,148,5.3,31,20938
ABpraapaaa,154,161,151,5.1,34,15741
ABpraapaaa,155,159,156,4.5,31,17553
ABpraapaaa,156,158,158,4.5,32,16716
ABpraapaaa,157,153,159,4.4,31,16101
ABpraapaaa,158,156,149,5.3,34,17614
ABpraapaaa,159,150,151,5.1,31,18617
ABpraapaaa,160,152,153,5.2,34,20368
ABpraapaap,120,261,149,5.9,24,-1345
ABpraapaap,121,272,150,5.0,30,-2511
ABpraapaap,122,267,148,4.9,30,3276
ABpraapaap,123,258,148,5.0,30,3867
ABpraapaap,124,256,153,5.0,30,7561
ABpraapaap,125,250,152,5.0,30,6598
ABpraapaap,126,246,161,4.2,32,6027
ABpraapaap,127,253,161,4.4,32,9993
ABpraapaap,128,251,165,4.3,30,8378
ABpraapaap,129,246,165,4.1,34,5372
ABpraapaap,130,245,167,4.9,30,13077
ABpraapaap,131,234,163,4.3,34,10510
ABpraapaap,132,236,160,4.2,30,13181
ABpraapaap,133,230,154,4.3,32,13302
ABpraapaap,134,228,159,4.2,34,11224
ABpraapaap,135,231,161,4.0,34,12473
ABpraapaap,136,223,161,4.0,34,12547
ABpraapaap,137,227,155,4.1,34,12325
ABpraapaap,138,232,154,4.2,32,16218
ABpraapaap,139,230,150,4.3,32,15755
ABpraapaap,140,234,154,4.3,32,16073
ABpraapaap,141,229,153,5.0,30,14988
ABpraapaap,142,234,152,4.4,32,15331
ABpraapaap,143,225,149,4.4,34,19635
ABpraapaap,144,219,151,4.6,34,17469
ABpraapaap,145,220,148,4.5,32,14533
ABpraapaap,146,218,148,4.4,32,15273
ABpraapaap,147,218,148,4.4,32,19695
ABpraapaap,148,215,145,5.1,34,19805
ABpraapaap,149,218,145,5.2,32,17909
ABpraapaap,150,221,144,4.4,34,20377
ABpraapaap,151,215,142,5.0,30,25616
ABpraapaap,152,217,144,5.0,32,24590
ABpraapaap,153,212,142,4.4,31,24341
ABpraapaap,154,209,138,4.4,32,20650
ABpraapaap,155,204,139,5.1,31,27226
ABpraapaap,156,210,141,4.5,32,24233
ABpraapaap,157,208,136,5.2,31,27484
ABpraapaap,158,201,132,5.2,34,24807
ABpraapaap,159,189,136,5.2,31,27494
ABpraapaap,160,191,137,5.2,32,23153
ABpraapap,88,367,141,5.3,29,-3261
ABpraapap,89,364,136,4.4,35,-1819
ABpraapap,90,362,145,4.9,36,-2678
ABpraapap,91,360,143,5.0,35,-1133
ABpraapap,92,355,140,4.5,37,-595
ABpraapap,93,348,137,4.4,37,1080
ABpraapap,94,356,132,4.8,35,-1479
ABpraapap,95,356,134,4.4,37,-719
ABpraapap,96,355,129,4.9,36,-1769
ABpraapap,97,356,126,5.0,36,-1113
ABpraapap,98,355,131,4.8,36,-1083
ABpraapap,99,356,132,4.9,36,-2866
ABpraapap,100,351,131,5.2,36,-2180
ABpraapap,101,359,132,6.1,36,-774
ABpraapap,102,358,129,5.9,36,-42
ABpraapap,103,350,126,5.3,38,-224
ABpraapap,104,344,128,6.1,36,328
ABpraapap,105,336,127,5.8,36,-1645
ABpraapap,106,334,131,5.5,38,-809
ABpraapap,107,332,128,5.4,38,-1489
ABpraapap,108,336,126,6.3,38,-342
ABpraapap,109,335,120,6.9,36,-420
ABpraapap,110,329,118,6.8,36,1507
ABpraapap,111,333,115,6.1,40,-698
ABpraapap,112,323,115,6.2,40,350
ABpraapap,113,321,121,6.1,36,1590
ABpraapap,114,316,124,6.1,36,1246
ABpraapap,115,318,130,5.2,37,1655
ABpraapap,116,306,134,5.1,35,1859
ABpraapap,117,298,129,5.0,34,-1206
ABpraapapa,118,291,130,5.0,29,-448
ABpraapapa,119,284,127,5.0,30,46
ABpraapapa,120,286,123,4.9,31,-21
ABpraapapa,121,289,119,4.8,30,2663
ABpraapapa,122,277,115,5.8,30,4424
ABpraapapa,123,276,116,5.2,30,2022
ABpraapapa,124,272,116,5.1,30,4276
ABpraapapa,125,264,116,5.2,30,6160
ABpraapapa,126,264,128,4.8,30,6341
ABpraapapa,127,266,128,5.1,32,5505
ABpraapapa,128,266,134,4.3,32,5931
ABpraapapa,129,255,132,4.6,34,6837
ABpraapapa,130,255,130,5.3,32,6107
ABpraapapa,131,248,129,5.1,30,7108
ABpraapapa,132,250,132,5.2,32,5165
ABpraapapa,133,250,126,5.4,32,9736
ABpraapapa,134,250,126,5.4,32,2630
ABpraapapa,135,241,132,5.9,30,7528
ABpraapapa,136,237,132,6.0,30,8810
ABpraapapa,137,239,130,6.0,32,8115
ABpraapapa,138,240,129,6.1,32,8168
ABpraapapa,139,240,129,6.5,32,10586
ABpraapapa,140,242,131,6.9,30,11066
ABpraapapa,141,241,133,7.0,30,9310
ABpraapapa,142,239,135,7.0,30,9193
ABpraapapa,143,237,137,7.1,31,11914
ABpraapapa,144,235,139,7.1,31,13100
ABpraapapa,145,233,141,7.2,31,11711
ABpraapapa,146,231,143,7.2,32,13526
ABpraapapa,147,231,146,7.2,34,13737
ABpraapapa,148,227,157,7.4,34,13729
ABpraapapa,149,228,155,8.0,34,13327
ABpraapapa,150,227,157,8.2,34,12246
ABpraapapa,151,226,158,8.3,34,12534
ABpraapapa,152,223,164,8.2,34,13822
ABpraapapa,153,221,157,8.2,31,9045
ABpraapapa,154,219,160,9.2,34,12048
ABpraapapa,155,220,162,9.2,31,12727
ABpraapapa,156,225,166,9.3,34,13445
ABpraapapa,157,224,166,9.0,34,12907
ABpraapapa,158,222,165,8.7,34,12254
ABpraapapa,159,221,164,8.4,34,13037
ABpraapapa,160,219,163,8.1,34,14165
ABpraapapp,118,317,137,5.3,31,17
ABpraapapp,119,328,136,4.4,30,-514
ABpraapapp,120,326,141,5.0,31,-969
ABpraapapp,121,321,143,4.1,30,4947
ABpraapapp,122,314,133,4.7,30,3603
ABpraapapp,123,316,125,4.9,30,7179
ABpraapapp,124,313,122,5.1,32,3456
ABpraapapp,125,306,118,5.4,32,5039
ABpraapapp,126,306,128,6.1,34,7255
ABpraapapp,127,302,127,6.8,30,9230
ABpraapapp,128,301,136,6.2,34,4980
ABpraapapp,129,295,132,6.2,32,9371
ABpraapapp,130,292,135,6.2,32,6757
ABpraapapp,131,289,139,6.1,33,8902
ABpraapapp,132,285,143,6.1,34,7833
ABpraapapp,133,283,141,5.4,34,6315
ABpraapapp,134,276,139,5.4,34,4733
ABpraapapp,135,272,144,5.5,32,7194
ABpraapapp,136,269,141,5.6,34,8562
ABpraapapp,137,272,146,6.1,30,12018
ABpraapapp,138,269,140,6.0,32,10301
ABpraapapp,139,271,138,6.2,34,8926
ABpraapapp,140,269,142,5.5,32,8549
ABpraapapp,141,267,141,5.5,32,8122
ABpraapapp,142,268,147,6.0,34,9977
ABpraapapp,143,261,147,5.4,34,8539
ABpraapapp,144,256,145,5.4,34,6798
ABpraapapp,145,256,148,5.2,32,10932
ABpraapapp,146,254,154,5.4,34,7982
ABpraapapp,147,257,156,5.4,34,8726
ABpraapapp,148,246,158,6.1,34,12011
ABpraapapp,149,251,158,6.3,34,13418
ABpraapapp,150,252,157,6.2,34,11158
ABpraapapp,151,247,155,6.4,34,10976
ABpraapapp,152,247,153,6.6,32,9958
ABpraapapp,153,234,153,6.7,29,454
ABpraapapp,154,233,152,7.0,34,1775
ABpraapappa,155,230,159,6.3,31,1396
ABpraapappa,156,218,167,6.6,29,893
ABpraapappa,157,219,170,6.9,26,6404
ABpraapappa,158,221,165,7.0,26,8194
ABpraapappa,159,217,166,6.2,31,6055
ABpraapappa,160,219,163,6.7,31,9092
ABpraapappp,155,246,144,7.0,24,1957
ABpraapappp,156,255,138,6.9,30,3321
ABpraapappp,157,259,138,6.8,29,2411
ABpraapappp,158,256,136,6.2,32,6881
ABpraapappp,159,246,140,7.0,27,10341
ABpraapappp,160,248,141,7.0,28,11549
ABpraapp,65,416,120,11.4,41,-522
ABpraapp,66,419,124,11.0,40,-912
ABpraapp,67,425,128,11.1,41,-1169
ABpraapp,68,431,123,10.2,45,-685
ABpraapp,69,429,123,10.3,47,-986
ABpraapp,70,434,121,11.0,44,-275
ABpraapp,71,439,123,10.2,46,-1264
ABpraapp,72,440,122,10.1,46,-634
ABpraapp,73,435,120,10.2,48,-1315
ABpraapp,74,442,130,10.3,48,-855
ABpraapp,75,440,131,11.0,46,-324
ABpraapp,76,441,138,11.1,48,-229
ABpraapp,77,437,140,11.3,48,-710
ABpraapp,78,435,153,11.3,48,-646
ABpraapp,79,423,153,11.2,46,-545
ABpraapp,80,422,158,11.2,46,-404
ABpraapp,81,420,155,11.2,46,-554
ABpraapp,82,423,158,10.9,44,-495
ABpraapp,83,419,153,10.0,44,-269
ABpraapp,84,415,157,10.0,44,-302
ABpraapp,85,422,164,9.1,29,-148
ABpraappa,86,398,160,9.2,34,-564
ABpraappa,87,385,155,10.1,34,-321
ABpraappa,88,390,152,9.2,37,-324
ABpraappa,89,378,150,8.4,41,699
ABpraappa,90,377,152,8.3,38,186
ABpraappa,91,376,145,8.3,37,745
ABpraappa,92,373,139,8.3,37,477
ABpraappa,93,371,147,8.0,37,-461
ABpraappa,94,379,142,8.0,35,2751
ABpraappa,95,379,142,7.4,37,2465
ABpraappa,96,382,139,7.9,36,2104
ABpraappa,97,384,136,7.9,36,2381
ABpraappa,98,379,138,8.2,36,2963
ABpraappa,99,382,130,7.9,36,4343
ABpraappa,100,383,131,8.0,36,2499
ABpraappa,101,387,123,8.0,38,3284
ABpraappa,102,391,127,8.1,36,3087
ABpraappa,103,382,119,8.0,36,7029
ABpraappa,104,376,120,8.0,36,4498
ABpraappa,105,373,117,7.2,36,4512
ABpraappa,106,367,119,7.2,38,5590
ABpraappa,107,369,113,8.0,36,5316
ABpraappa,108,375,108,8.1,38,4531
ABpraappa,109,375,107,8.1,36,5245
ABpraappa,110,370,106,8.0,36,4821
ABpraappa,111,368,103,8.1,38,5708
ABpraappa,112,359,102,8.2,38,6005
ABpraappa,113,353,101,8.1,38,4894
ABpraappa,114,352,104,7.5,38,4404
ABpraappa,115,352,105,7.3,37,4397
ABpraappa,116,350,104,8.2,37,5372
ABpraappa,117,338,103,8.1,36,6889
ABpraappa,118,334,102,7.4,37,5866
ABpraappa,119,324,105,7.3,36,3670
ABpraappa,120,323,114,7.9,31,-23
ABpraappa,121,335,110,8.0,30,-427
ABpraappaa,122,309,106,8.9,30,1280
ABpraappaa,123,310,100,8.9,30,2738
ABpraappaa,124,306,100,8.9,30,3925
ABpraappaa,125,302,95,9.3,32,4347
ABpraappaa,126,303,97,9.1,30,6268
ABpraappaa,127,301,99,9.9,30,5466
ABpraappaa,128,297,97,9.1,32,4508
ABpraappaa,129,288,96,9.0,30,5931
ABpraappaa,130,296,93,9.2,32,2793
ABpraappaa,131,288,92,9.0,30,6118
ABpraappaa,132,288,91,9.0,30,9149
ABpraappaa,133,285,90,9.0,30,6945
ABpraappaa,134,288,90,9.1,32,7793
ABpraappaa,135,286,94,8.0,30,7919
ABpraappaa,136,284,91,8.3,32,8404
ABpraappaa,137,289,93,8.0,30,6710
ABpraappaa,138,295,93,8.3,32,7215
ABpraappaa,139,294,89,8.8,30,8644
ABpraappaa,140,296,93,8.0,30,7806
ABpraappaa,141,298,94,7.9,30,8073
ABpraappaa,142,299,93,8.7,30,8483
ABpraappaa,143,299,92,8.3,32,8396
ABpraappaa,144,300,89,9.0,30,9853
ABpraappaa,145,294,93,8.0,30,9233
ABpraappaa,146,293,90,9.0,32,8427
ABpraappaa,147,293,90,9.4,34,7333
ABpraappaa,148,292,93,9.2,30,11737
ABpraappaa,149,293,91,9.8,30,8627
ABpraappaa,150,293,90,9.1,30,10774
ABpraappaa,151,291,92,9.1,30,9843
ABpraappaa,152,292,91,9.8,30,10946
ABpraappaa,153,289,87,10.0,31,11049
ABpraappaa,154,293,90,10.2,30,9200
ABpraappaa,155,292,91,9.5,31,7673
ABpraappaa,156,292,92,10.9,30,9160
ABpraappaa,157,296,90,11.1,31,9788
ABpraappaa,158,292,89,11.1,32,8945
ABpraappaa,159,291,91,10.2,31,10733
ABpraappaa,160,289,90,9.4,32,8973
ABpraappap,122,360,110,8.0,30,1414
ABpraappap,123,360,116,7.9,30,4481
ABpraappap,124,356,109,8.0,32,6488
ABpraappap,125,347,110,8.4,34,8583
ABpraappap,126,343,118,8.2,32,7434
ABpraappap,127,340,116,8.3,34,8157
ABpraappap,128,337,117,8.3,34,6870
ABpraappap,129,332,114,9.0,34,8046
ABpraappap,130,336,113,9.1,34,9615
ABpraappap,131,331,112,9.0,34,10762
ABpraappap,132,333,110,8.3,34,8829
ABpraappap,133,337,109,8.5,34,11274
ABpraappap,134,335,109,8.3,34,10182
ABpraappap,135,335,113,8.2,34,9794
ABpraappap,136,332,113,8.2,34,10604
ABpraappap,137,332,115,8.2,34,12531
ABpraappap,138,335,110,8.2,34,10516
ABpraappap,139,331,111,8.2,34,12859
ABpraappap,140,329,108,8.4,34,13492
ABpraappap,141,331,106,8.2,34,14218
ABpraappap,142,333,105,8.3,34,13250
ABpraappap,143,329,103,8.3,34,13612
ABpraappap,144,327,106,8.0,34,13800
ABpraappap,145,324,106,7.4,32,17227
ABpraappap,146,329,107,8.1,32,15592
ABpraappap,147,328,106,7.5,32,14020
ABpraappap,148,327,105,8.1,32,15188
ABpraappap,149,327,104,8.4,32,13137
ABpraappap,150,326,106,9.1,32,16440
ABpraappap,151,326,96,10.0,34,15509
ABpraappap,152,324,92,9.0,30,16253
ABpraappap,153,322,93,9.1,31,18664
ABpraappap,154,320,91,8.4,32,15085
ABpraappap,155,319,92,8.3,31,15951
ABpraappap,156,319,95,8.4,32,11714
ABpraappap,157,318,96,9.0,31,18039
ABpraappap,158,313,96,9.1,34,11034
ABpraappap,159,315,96,9.1,31,12608
ABpraappap,160,320,92,9.4,32,14547
ABpraappp,86,447,176,10.0,34,-49
ABpraappp,87,445,173,10.0,40,13
ABpraappp,88,445,175,10.1,41,866
ABpraappp,89,439,167,9.2,41,542
ABpraappp,90,439,161,9.0,40,1644
ABpraappp,91,441,157,10.0,39,2350
ABpraappp,92,439,152,9.3,39,2758
ABpraappp,93,438,150,9.1,39,1751
ABpraappp,94,440,147,9.1,39,2988
ABpraappp,95,434,144,10.0,39,1950
ABpraappp,96,445,144,9.3,40,2399
ABpraappp,97,440,147,9.2,40,3106
ABpraappp,98,437,147,10.1,38,3585
ABpraappp,99,436,146,9.2,40,2941
ABpraappp,100,443,145,9.3,40,3683
ABpraappp,101,446,142,10.0,40,5102
ABpraappp,102,445,145,10.0,40,3896
ABpraappp,103,441,133,10.0,40,4280
ABpraappp,104,437,129,10.0,40,5338
ABpraappp,105,427,120,10.1,38,6945
ABpraappp,106,428,119,10.1,40,5937
ABpraappp,107,430,123,11.0,40,4885
ABpraappp,108,433,116,11.0,40,6256
ABpraappp,109,426,113,10.3,38,5147
ABpraappp,110,425,114,11.0,40,6654
ABpraappp,111,423,111,11.0,40,6829
ABpraappp,112,420,113,11.0,38,6968
ABpraappp,113,411,106,11.1,40,6984
ABpraappp,114,408,108,11.0,40,6722
ABpraappp,115,401,113,10.9,35,1342
ABpraappp,116,410,119,10.1,33,1124
ABpraapppa,117,381,107,9.1,30,-32
ABpraapppa,118,382,106,9.8,33,1874
ABpraapppa,119,381,105,9.0,34,5645
ABpraapppa,120,380,106,8.3,35,4494
ABpraapppa,121,384,104,10.0,34,7503
ABpraapppa,122,389,101,10.0,34,9354
ABpraapppa,123,390,106,10.1,34,8732
ABpraapppa,124,390,104,10.3,34,6156
ABpraapppa,125,382,96,11.1,34,7630
ABpraapppa,126,379,102,10.2,34,7805
ABpraapppa,127,374,103,11.1,34,9132
ABpraapppa,128,376,106,11.1,34,8043
ABpraapppa,129,366,106,11.2,34,7745
ABpraapppa,130,375,107,11.2,34,8447
ABpraapppa,131,370,107,11.1,34,7729
ABpraapppa,132,368,105,11.1,34,8504
ABpraapppa,133,372,100,11.3,34,5971
ABpraapppa,134,375,104,12.0,34,8280
ABpraapppa,135,369,101,11.2,34,7187
ABpraapppa,136,369,101,11.2,34,9168
ABpraapppa,137,366,103,11.1,34,8692
ABpraapppa,138,368,98,11.1,34,8161
ABpraapppa,139,365,98,11.1,34,7947
ABpraapppa,140,367,97,11.0,34,8697
ABpraapppa,141,366,95,11.1,34,8448
ABpraapppa,142,365,99,11.2,34,7083
ABpraapppa,143,364,100,11.3,34,8087
ABpraapppa,144,362,97,12.0,34,10200
ABpraapppa,145,363,98,11.1,34,8134
ABpraapppa,146,363,103,11.0,34,9686
ABpraapppa,147,363,103,10.0,34,9285
ABpraapppa,148,363,102,10.1,34,8255
ABpraapppa,149,362,103,10.3,32,8061
ABpraapppa,150,361,105,9.4,32,11009
ABpraapppa,151,358,103,9.3,34,8010
ABpraapppa,152,357,104,9.2,34,5851
ABpraapppa,153,355,105,10.0,31,8452
ABpraapppa,154,353,103,10.1,34,6769
ABpraapppa,155,352,102,9.4,31,7728
ABpraapppa,156,352,104,9.3,34,7536
ABpraapppa,157,351,106,9.1,31,11530
ABpraapppa,158,350,102,9.0,34,8666
ABpraapppa,159,347,104,9.0,31,10295
ABpraapppa,160,349,103,9.1,34,5806
ABpraapppp,117,439,123,10.8,34,295
ABpraapppp,118,443,119,10.2,33,1815
ABpraapppp,119,434,113,10.2,32,4994
ABpraapppp,120,437,111,10.3,35,5020
ABpraapppp,121,432,108,11.1,34,6932
ABpraapppp,122,432,107,11.3,34,6572
ABpraapppp,123,432,114,11.1,34,7635
ABpraapppp,124,435,115,11.4,34,5521
ABpraapppp,125,428,111,12.1,34,6323
ABpraapppp,126,428,112,12.1,34,6356
ABpraapppp,127,422,108,13.1,34,8523
ABpraapppp,128,421,110,12.1,34,7596
ABpraapppp,129,422,111,12.3,34,5189
ABpraapppp,130,427,113,12.2,34,7258
ABpraapppp,131,418,115,13.0,34,9026
ABpraapppp,132,421,114,13.2,34,7226
ABpraapppp,133,422,114,13.2,34,8858
ABpraapppp,134,418,114,13.2,34,8451
ABpraapppp,135,418,110,13.1,34,7803
ABpraapppp,136,418,105,13.2,34,10137
ABpraapppp,137,416,111,13.3,34,7101
ABpraapppp,138,416,107,13.0,34,8436
ABpraapppp,139,410,105,13.1,34,8605
ABpraapppp,140,408,104,13.1,34,9904
ABpraapppp,141,407,104,12.3,34,5583
ABpraapppp,142,408,103,12.2,34,9873
ABpraapppp,143,402,99,13.0,34,9355
ABpraapppp,144,401,100,13.0,34,10087
ABpraapppp,145,405,102,12.3,34,4959
ABpraapppp,146,404,99,12.1,34,7455
ABpraapppp,147,404,99,12.2,34,7549
ABpraapppp,148,402,96,12.1,34,10694
ABpraapppp,149,404,100,12.2,34,9142
ABpraapppp,150,402,103,11.3,34,4058
ABpraapppp,151,401,102,12.2,34,9272
ABpraapppp,152,401,100,12.1,34,7144
ABpraapppp,153,402,99,11.3,31,7364
ABpraapppp,154,398,99,11.1,34,9307
ABpraapppp,155,397,100,11.1,31,10308
ABpraapppp,156,400,103,11.1,34,8007
ABpraapppp,157,402,104,11.0,31,9559
ABpraapppp,158,398,101,10.4,34,6724
ABpraapppp,159,395,99,11.0,31,8410
ABpraapppp,160,401,101,10.3,32,8157
ABprap,31,479,156,14.6,58,-742
ABprap,32,491,161,13.0,56,-887
ABprap,33,495,167,11.2,58,-1134
ABprap,34,513,172,11.2,60,-1526
ABprap,35,498,159,11.2,58,-1042
ABprap,36,497,156,11.0,58,-1782
ABprap,37,495,150,11.9,58,-1382
ABprap,38,489,147,11.0,59,-693
ABprap,39,493,149,11.8,59,-1893
ABprap,40,490,147,10.1,63,-1250
ABprap,41,486,144,12.9,59,-1318
ABprap,42,489,144,12.8,60,-1000
ABprap,43,478,150,12.0,60,-1884
ABprap,44,477,150,12.0,61,-1327
ABprap,45,490,155,10.9,62,-1100
ABprap,46,506,167,10.1,63,-1079
ABprapa,47,457,129,8.3,50,-929
ABprapa,48,444,126,7.9,55,-1239
ABprapa,49,436,126,7.1,53,-2418
ABprapa,50,431,125,7.1,53,-2083
ABprapa,51,430,124,7.2,53,-2982
ABprapa,52,429,126,7.1,53,-2713
ABprapa,53,424,124,7.3,53,-2268
ABprapa,54,416,123,8.0,53,-1715
ABprapa,55,420,126,7.1,53,-2750
ABprapa,56,423,131,6.9,52,-3734
ABprapa,57,432,129,7.2,53,-2164
ABprapa,58,419,126,7.8,52,-1567
ABprapa,59,429,132,7.5,53,-2043
ABprapa,60,433,128,8.0,52,-1213
ABprapa,61,435,136,8.1,51,-2222
ABprapa,62,435,136,8.0,51,-1685
ABprapa,63,428,139,7.1,42,-1974
ABprapaa,64,413,123,7.0,33,-1984
ABprapaa,65,395,124,6.0,39,-4066
ABprapaa,66,393,130,5.0,40,-3326
ABprapaa,67,385,128,5.0,41,-2654
ABprapaa,68,384,127,5.0,43,-3445
ABprapaa,69,390,130,5.0,43,-3889
ABprapaa,70,386,137,4.8,44,-2103
ABprapaa,71,393,142,4.9,44,-3610
ABprapaa,72,387,137,4.9,44,-3520
ABprapaa,73,388,143,4.1,44,-382
ABprapaa,74,396,151,4.0,44,-442
ABprapaa,75,398,150,4.1,44,-48
ABprapaa,76,409,151,4.2,44,-301
ABprapaa,77,407,144,4.9,44,-4114
ABprapaa,78,419,143,4.9,44,-3553
ABprapaa,79,419,140,5.0,44,-3643
ABprapaa,80,417,141,4.9,44,-4424
ABprapaa,81,420,141,4.9,44,-2817
ABprapaa,82,424,139,5.0,44,-3276
ABprapaa,83,433,139,5.0,44,-3515
ABprapaa,84,429,146,4.9,44,-2640
ABprapaa,85,433,153,4.1,43,264
ABprapaa,86,424,157,4.3,38,-1507
ABprapaa,87,417,163,5.0,34,-3275
ABprapaaa,88,398,172,4.1,31,-2458
ABprapaaa,89,399,167,4.0,37,-1856
ABprapaaa,90,399,169,3.9,36,525
ABprapaaa,91,396,167,4.1,35,15
ABprapaaa,92,385,166,3.9,35,-2270
ABprapaaa,93,381,162,3.9,35,-104
ABprapaaa,94,387,161,4.0,35,-866
ABprapaaa,95,388,158,3.4,37,998
ABprapaaa,96,385,157,4.0,36,-675
ABprapaaa,97,386,155,4.2,38,-6
ABprapaaa,98,383,161,4.7,36,-3149
ABprapaaa,99,386,161,4.2,36,-2853
ABprapaaa,100,385,162,4.0,36,612
ABprapaaa,101,394,156,4.9,36,-2683
ABprapaaa,102,400,155,4.3,38,-1808
ABprapaaa,103,395,149,4.3,36,-1193
ABprapaaa,104,391,144,5.0,36,-4210
ABprapaaa,105,386,147,4.9,36,-4204
ABprapaaa,106,392,146,5.0,36,-3191
ABprapaaa,107,386,139,5.0,36,-3596
ABprapaaa,108,390,135,5.1,36,-4067
ABprapaaa,109,390,137,5.8,36,-2416
ABprapaaa,110,391,135,5.9,36,-2891
ABprapaaa,111,392,130,5.9,36,-3298
ABprapaaa,112,389,125,5.9,36,-3607
ABprapaaa,113,386,129,6.0,38,-2851
ABprapaaa,114,383,132,5.9,36,-3807
ABprapaaa,115,382,132,6.0,39,-3580
ABprapaaa,116,372,136,6.9,35,-1519
ABprapaaa,117,366,143,7.0,36,-1546
ABprapaaa,118,373,150,7.1,33,-539
ABprapaaa,119,371,149,6.9,32,-1515
ABprapaaaa,120,353,151,7.1,29,-388
ABprapaaaa,121,360,151,8.0,30,-889
ABprapaaaa,122,367,151,7.2,32,-1122
ABprapaaaa,123,361,154,7.8,30,-1452
ABprapaaaa,124,361,149,7.9,30,-1406
ABprapaaaa,125,354,147,8.0,30,-730
ABprapaaaa,126,357,152,7.2,26,-1223
ABprapaaaa,127,354,148,7.8,30,-1304
ABprapaaaa,128,351,150,7.2,30,-1415
ABprapaaaa,129,352,141,7.0,30,-73
ABprapaaaa,130,359,136,6.8,30,-1314
ABprapaaaa,131,352,136,6.8,30,-1075
ABprapaaaa,132,355,136,6.1,30,-2132
ABprapaaaa,133,360,135,6.0,30,-1580
ABprapaaaa,134,355,134,6.0,30,-2066
ABprapaaaa,135,356,134,5.9,30,-2337
ABprapaaaa,136,356,132,5.8,30,-1005
ABprapaaaa,137,358,135,6.0,30,-542
ABprapaaaa,138,359,136,5.9,30,-2794
ABprapaaaa,139,356,136,6.1,30,-1270
ABprapaaaa,140,357,138,6.1,30,-1914
ABprapaaaa,141,361,140,5.3,30,-2608
ABprapaaaa,142,366,135,5.1,30,-3893
ABprapaaaa,143,363,145,5.9,30,-1525
ABprapaaaa,144,358,143,5.9,30,-1026
ABprapaaaa,145,362,149,5.8,30,-1483
ABprapaaaa,146,361,160,5.9,30,-1527
ABprapaaaa,147,357,160,6.0,30,-516
ABprapaaaa,148,354,157,6.0,30,-1065
ABprapaaaa,149,349,161,5.5,34,-2887
ABprapaaaa,150,350,162,5.8,30,-1923
ABprapaaaa,151,350,167,5.2,32,-590
ABprapaaaa,152,347,169,5.2,30,-614
ABprapaaaa,153,345,168,5.1,31,-1400
ABprapaaaa,154,335,168,5.1,30,-582
ABprapaaaa,155,337,172,5.1,31,-1231
ABprapaaaa,156,332,177,4.5,32,110
ABprapaaaa,157,327,179,4.5,31,67
ABprapaaaa,158,324,182,4.4,34,1285
ABprapaaaa,159,320,177,5.0,31,288
ABprapaaaa,160,321,173,4.9,30,-78
ABprapaaap,120,402,147,6.1,29,-1603
ABprapaaap,121,408,150,7.1,30,-489
ABprapaaap,122,414,150,7.1,30,-2014
ABprapaaap,123,412,148,6.9,30,-493
ABprapaaap,124,408,142,8.3,32,-2091
ABprapaaap,125,392,141,8.3,32,-793
ABprapaaap,126,393,142,8.2,30,-428
ABprapaaap,127,393,141,8.2,30,-412
ABprapaaap,128,389,140,8.0,30,-1275
ABprapaaap,129,394,134,8.0,30,-1128
ABprapaaap,130,398,134,8.1,30,-1114
ABprapaaap,131,394,132,7.4,32,-191
ABprapaaap,132,396,133,7.5,32,-593
ABprapaaap,133,394,127,7.4,32,-667
ABprapaaap,134,388,131,7.1,30,-797
ABprapaaap,135,391,124,7.9,30,-411
ABprapaaap,136,392,124,7.1,30,-1309
ABprapaaap,137,391,124,7.0,30,-1600
ABprapaaap,138,391,128,7.0,30,-1133
ABprapaaap,139,387,125,7.0,32,-1788
ABprapaaap,140,386,127,6.8,30,-1117
ABprapaaap,141,388,127,6.2,32,-1044
ABprapaaap,142,390,127,7.0,32,-1903
ABprapaaap,143,387,127,6.9,30,-1093
ABprapaaap,144,387,124,6.3,32,-1475
ABprapaaap,145,384,130,6.8,30,-1427
ABprapaaap,146,379,137,6.3,32,-1772
ABprapaaap,147,374,138,6.8,30,-2417
ABprapaaap,148,376,136,6.2,30,-2566
ABprapaaap,149,375,139,6.1,30,-3206
ABprapaaap,150,376,137,6.0,30,-2164
ABprapaaap,151,371,135,6.1,32,-2740
ABprapaaap,152,364,135,6.1,32,-1842
ABprapaaap,153,362,134,6.1,31,-1250
ABprapaaap,154,358,136,6.1,32,-1688
ABprapaaap,155,356,137,6.1,31,-2278
ABprapaaap,156,357,138,5.4,32,-3211
ABprapaaap,157,355,136,6.1,31,-3306
ABprapaaap,158,357,133,6.1,34,-1915
ABprapaaap,159,357,132,5.5,31,-3714
ABprapaaap,160,356,136,6.3,34,-2084
ABprapaap,88,449,169,4.3,29,-4704
ABprapaap,89,454,158,4.4,35,-174
ABprapaap,90,455,153,4.9,36,-3562
ABprapaap,91,457,145,5.0,35,-3576
ABprapaap,92,452,140,5.0,37,-3209
ABprapaap,93,452,142,4.5,37,-1891
ABprapaap,94,453,150,4.3,37,-98
ABprapaap,95,450,143,5.0,35,-1589
ABprapaap,96,455,146,5.0,36,-3868
ABprapaap,97,460,143,5.1,36,-3090
ABprapaap,98,451,147,4.9,36,-3411
ABprapaap,99,450,147,4.8,36,-2594
ABprapaap,100,454,145,4.8,36,-3024
ABprapaap,101,462,148,5.0,36,-3475
ABprapaap,102,466,151,4.9,36,-3441
ABprapaap,103,467,150,4.9,36,-3015
ABprapaap,104,454,141,5.2,36,-3665
ABprapaap,105,457,133,5.9,36,-2667
ABprapaap,106,461,130,6.1,36,-2685
ABprapaap,107,458,131,6.8,36,-1755
ABprapaap,108,462,134,7.2,36,-877
ABprapaap,109,461,137,7.2,36,-1398
ABprapaap,110,468,135,7.9,36,-1958
ABprapaap,111,468,132,7.4,40,-1511
ABprapaap,112,462,132,7.4,38,-1294
ABprapaap,113,451,132,8.0,36,-990
ABprapaap,114,451,131,8.0,36,-1278
ABprapaap,115,454,127,8.1,37,-1128
ABprapaap,116,456,132,8.1,37,-333
ABprapaap,117,453,135,7.3,38,-1667
ABprapaap,118,455,134,7.4,37,-1401
ABprapaap,119,442,135,7.2,36,-1032
ABprapaap,120,446,136,7.4,35,-952
ABprapaap,121,448,145,8.2,34,-303
ABprapaap,122,451,141,8.9,30,-809
ABprapaapa,123,442,130,8.0,30,-518
ABprapaapa,124,440,139,8.9,30,-705
ABprapaapa,125,427,132,8.9,30,-641
ABprapaapa,126,424,138,8.9,30,-956
ABprapaapa,127,425,134,9.1,30,-79
ABprapaapa,128,426,132,8.9,30,-834
ABprapaapa,129,427,134,8.9,30,117
ABprapaapa,130,435,131,8.9,30,-240
ABprapaapa,131,431,128,8.8,30,-198
ABprapaapa,132,433,123,8.2,30,-219
ABprapaapa,133,432,124,8.8,30,349
ABprapaapa,134,427,120,8.1,30,-332
ABprapaapa,135,429,118,8.8,30,-705
ABprapaapa,136,429,114,8.8,30,418
ABprapaapa,137,426,115,8.2,30,-380
ABprapaapa,138,422,113,8.0,30,-294
ABprapaapa,139,422,111,7.9,30,-536
ABprapaapa,140,418,110,7.9,30,-606
ABprapaapa,141,417,112,7.9,30,-731
ABprapaapa,142,418,110,8.0,30,-96
ABprapaapa,143,415,108,7.9,30,-358
ABprapaapa,144,411,109,7.9,30,85
ABprapaapa,145,407,109,7.1,30,-680
ABprapaapa,146,406,114,7.0,30,-252
ABprapaapa,147,402,115,7.0,30,-548
ABprapaapa,148,405,116,6.9,30,106
ABprapaapa,149,403,113,6.8,30,-650
ABprapaapa,150,404,116,6.7,30,-1524
ABprapaapa,151,399,113,6.9,30,-1876
ABprapaapa,152,394,115,6.8,30,-797
ABprapaapa,153,389,114,6.9,29,-1362
ABprapaapa,154,384,117,6.7,30,55
ABprapaapa,155,380,114,6.1,29,-1819
ABprapaapa,156,381,116,5.9,30,-1590
ABprapaapa,157,379,111,6.2,29,-91
ABprapaapa,158,379,112,6.9,30,0
ABprapaapa,159,376,110,7.0,29,-1133
ABprapaapa,160,377,109,6.9,30,-717
ABprapaapp,123,478,141,10.8,30,-838
ABprapaapp,124,486,139,10.1,30,1094
ABprapaapp,125,478,133,9.9,30,256
ABprapaapp,126,476,131,9.9,30,-977
ABprapaapp,127,469,127,9.5,32,272
ABprapaapp,128,473,126,9.1,30,-877
ABprapaapp,129,470,131,9.3,34,-299
ABprapaapp,130,475,127,9.2,32,290
ABprapaapp,131,470,129,9.9,30,-968
ABprapaapp,132,471,128,9.9,30,-849
ABprapaapp,133,475,128,9.3,32,-446
ABprapaapp,134,473,128,9.2,34,248
ABprapaapp,135,472,124,9.2,30,-754
ABprapaapp,136,468,119,9.4,34,275
ABprapaapp,137,463,120,10.1,32,122
ABprapaapp,138,460,118,9.6,34,-603
ABprapaapp,139,450,116,10.1,32,-102
ABprapaapp,140,450,113,10.1,34,-840
ABprapaapp,141,451,111,10.1,34,309
ABprapaapp,142,450,113,10.4,32,-588
ABprapaapp,143,446,107,10.3,32,-346
ABprapaapp,144,442,111,11.0,32,-688
ABprapaapp,145,443,112,10.3,32,-1588
ABprapaapp,146,441,113,10.2,32,-1197
ABprapaapp,147,437,111,10.0,32,-1695
ABprapaapp,148,439,110,10.0,30,168
ABprapaapp,149,441,109,10.0,30,-484
ABprapaapp,150,444,107,10.0,30,846
ABprapaapp,151,441,104,10.8,30,-258
ABprapaapp,152,442,109,9.9,30,-2039
ABprapaapp,153,442,108,9.4,31,-193
ABprapaapp,154,439,105,10.0,32,-350
ABprapaapp,155,436,108,9.2,31,-381
ABprapaapp,156,438,107,8.9,30,326
ABprapaapp,157,440,110,8.2,31,-325
ABprapaapp,158,439,112,9.0,30,-389
ABprapaapp,159,439,109,9.1,31,1041
ABprapaapp,160,445,112,9.3,32,19
ABprapap,64,446,160,5.3,35,-4008
ABprapap,65,448,158,5.1,37,-4113
ABprapap,66,446,163,4.2,42,1048
ABprapap,67,450,162,4.3,43,-1066
ABprapap,68,463,161,4.3,43,-755
ABprapap,69,466,159,5.1,43,-3758
ABprapap,70,469,162,5.0,44,-3207
ABprapap,71,482,167,5.0,44,-3677
ABprapap,72,476,163,5.0,44,-3265
ABprapap,73,474,152,6.1,44,-3765
ABprapap,74,483,160,5.9,44,-4316
ABprapap,75,490,158,5.9,44,-3617
ABprapap,76,493,159,5.9,44,-3856
ABprapap,77,495,162,6.0,44,-4412
ABprapap,78,497,160,6.0,44,-3772
ABprapap,79,499,158,6.0,44,-3789
ABprapap,80,497,161,6.2,46,-4344
ABprapap,81,495,163,6.1,44,-2996
ABprapap,82,497,163,7.0,44,-1230
ABprapap,83,501,171,7.0,34,-1625
ABprapapa,84,478,171,5.4,28,-2365
ABprapapa,85,485,179,4.2,29,-1625
ABprapapa,86,481,181,4.2,36,-2069
ABprapapa,87,475,175,4.1,38,-421
ABprapapa,88,490,174,4.1,37,2600
ABprapapa,89,495,168,4.2,37,13
ABprapapa,90,493,163,5.1,36,-4682
ABprapapa,91,494,156,5.9,35,-1901
ABprapapa,92,490,152,5.4,37,-2890
ABprapapa,93,486,147,6.8,35,-1924
ABprapapa,94,489,149,6.1,39,-2433
ABprapapa,95,489,151,6.8,35,-2454
ABprapapa,96,497,153,6.2,36,-1765
ABprapapa,97,502,151,6.3,38,-1212
ABprapapa,98,498,151,6.9,36,-2003
ABprapapa,99,497,153,6.8,36,-374
ABprapapa,100,507,159,6.0,36,-2547
ABprapapa,101,515,162,6.2,38,-1665
ABprapapa,102,517,161,6.9,36,-1793
ABprapapa,103,517,160,6.1,38,-2364
ABprapapa,104,510,156,6.1,38,-4052
ABprapapa,105,511,151,6.2,38,-3132
ABprapapa,106,512,155,6.1,36,-2700
ABprapapa,107,516,157,6.1,36,-2938
ABprapapa,108,520,157,6.8,36,-2479
ABprapapa,109,522,155,7.0,38,-1377
ABprapapa,110,528,153,7.2,38,-1391
ABprapapa,111,531,154,7.9,36,-1695
ABprapapa,112,538,155,8.1,36,-770
ABprapapa,113,530,147,8.2,38,-1143
ABprapapa,114,517,145,7.4,38,-741
ABprapapa,115,524,154,7.4,39,-2270
ABprapapa,116,528,162,7.3,37,-890
ABprapapa,117,528,163,8.1,34,-1537
ABprapapaa,118,508,151,7.1,29,-564
ABprapapaa,119,498,146,6.9,32,255
ABprapapaa,120,499,153,6.2,31,-593
ABprapapaa,121,496,150,5.5,32,-3638
ABprapapaa,122,500,148,5.6,32,-1096
ABprapapaa,123,503,143,6.1,32,-2039
ABprapapaa,124,519,147,6.9,30,-89
ABprapapaa,125,517,153,6.2,32,-2005
ABprapapaa,126,516,159,5.4,34,-2615
ABprapapaa,127,516,160,5.4,32,-1988
ABprapapaa,128,519,165,6.0,30,-2865
ABprapapaa,129,522,166,5.4,34,-2767
ABprapapaa,130,526,166,5.9,30,-3141
ABprapapaa,131,530,174,5.5,32,-4166
ABprapapaa,132,534,174,5.5,32,-2861
ABprapapaa,133,538,178,5.4,32,-2552
ABprapapaa,134,535,180,5.4,32,-3819
ABprapapaa,135,538,178,5.6,32,-2943
ABprapapaa,136,538,179,5.5,32,-3033
ABprapapaa,137,541,186,5.9,30,-2647
ABprapapaa,138,540,180,5.3,34,-2940
ABprapapaa,139,538,174,6.1,32,-2414
ABprapapaa,140,543,177,6.2,30,-236
ABprapapaa,141,548,177,6.3,32,-1110
ABprapapaa,142,545,176,6.4,34,-2466
ABprapapaa,143,550,170,7.2,34,-1190
ABprapapaa,144,546,170,7.3,34,-920
ABprapapaa,145,549,173,7.1,34,-1438
ABprapapaa,146,555,176,7.2,34,-1739
ABprapapaa,147,552,182,7.3,34,-54
ABprapapaa,148,557,180,7.1,32,-1441
ABprapapaa,149,551,179,7.0,32,-1816
ABprapapaa,150,548,181,7.3,34,-1789
ABprapapaa,151,552,170,7.2,32,-1110
ABprapapaa,152,557,174,7.2,34,-769
ABprapapaa,153,554,175,7.1,31,-1116
ABprapapaa,154,553,170,6.9,30,-880
ABprapapaa,155,556,173,7.1,31,-1430
ABprapapaa,156,557,173,6.5,32,-1721
ABprapapaa,157,559,175,6.3,31,-1691
ABprapapaa,158,560,177,6.2,32,-1143
ABprapapaa,159,551,171,7.1,31,-1471
ABprapapaa,160,557,174,6.9,30,-365
ABprapapap,118,544,166,8.9,33,-574
ABprapapap,119,549,171,7.9,32,-1050
ABprapapap,120,557,180,6.9,31,-284
ABprapapap,121,556,179,6.9,30,-1380
ABprapapap,122,561,178,7.1,30,-1667
ABprapapap,123,563,176,7.2,32,-495
ABprapapap,124,567,171,8.5,32,-846
ABprapapap,125,560,164,7.7,32,-216
ABprapapap,126,559,168,8.2,32,-595
ABprapapap,127,555,166,8.3,32,32
ABprapapap,128,559,165,8.4,34,-1321
ABprapapap,129,562,168,8.5,34,600
ABprapapap,130,566,169,8.2,32,-1151
ABprapapap,131,566,170,8.4,34,-210
ABprapapap,132,569,168,9.3,34,140
ABprapapap,133,572,174,10.0,32,-464
ABprapapap,134,571,179,9.3,34,-637
ABprapapap,135,576,173,9.2,32,-1616
ABprapapap,136,575,177,9.3,34,-506
ABprapapap,137,572,176,9.2,34,-347
ABprapapap,138,578,177,9.5,32,-939
ABprapapap,139,572,169,10.1,34,-598
ABprapapap,140,572,169,10.1,34,-695
ABprapapap,141,578,177,10.4,34,-1605
ABprapapap,142,574,175,11.1,34,-408
ABprapapap,143,578,169,11.1,26,-1527
ABprapapap,144,572,169,10.4,34,-301
ABprapapap,145,572,168,10.4,32,422
ABprapapap,146,571,166,11.0,32,-1787
ABprapapap,147,575,167,10.2,32,-858
ABprapapap,148,576,174,10.2,34,-82
ABprapapap,149,577,174,10.2,26,-901
ABprapapap,150,571,168,11.0,30,757
ABprapapap,151,569,163,11.3,32,-527
ABprapapap,152,569,161,11.2,30,-787
ABprapapap,153,569,162,11.1,31,-505
ABprapapap,154,566,155,11.0,30,-1015
ABprapapap,155,566,152,11.3,31,-834
ABprapapap,156,561,149,11.0,30,116
ABprapapap,157,557,148,10.5,31,-439
ABprapapap,158,552,146,11.0,30,-1402
ABprapapap,159,554,147,10.6,31,-478
ABprapapap,160,554,144,11.1,34,-456
ABprapapp,84,521,181,6.0,28,-2180
ABprapapp,85,540,196,5.3,33,-1924
ABprapapp,86,540,209,5.3,38,-2401
ABprapapp,87,534,216,4.5,38,-3071
ABprapapp,88,540,218,5.8,37,-3769
ABprapapp,89,545,210,5.8,37,-2316
ABprapapp,90,549,203,5.3,38,-3383
ABprapapp,91,554,197,6.1,35,-1192
ABprapapp,92,559,195,7.3,37,-517
ABprapapp,93,549,190,8.0,35,-307
ABprapapp,94,553,191,8.2,37,-563
ABprapapp,95,555,189,8.9,35,-1086
ABprapapp,96,563,189,8.1,36,472
ABprapapp,97,564,186,8.3,38,-378
ABprapapp,98,556,186,8.8,36,-1859
ABprapapp,99,562,195,8.9,36,-819
ABprapapp,100,564,202,9.1,36,-1018
ABprapapp,101,574,206,9.2,38,-564
ABprapapp,102,576,206,9.9,36,-224
ABprapapp,103,579,211,10.0,38,-269
ABprapapp,104,579,206,9.9,36,-113
ABprapapp,105,578,199,10.1,38,-569
ABprapapp,106,574,202,10.9,36,-103
ABprapapp,107,573,204,10.1,36,-273
ABprapapp,108,575,198,11.9,36,-659
ABprapapp,109,568,195,11.2,36,414
ABprapapp,110,574,192,12.0,36,-173
ABprapapp,111,572,192,12.0,36,-504
ABprapapp,112,571,191,13.0,36,-228
ABprapapp,113,566,189,12.2,40,-962
ABprapappa,114,560,172,9.1,32,-103
ABprapappa,115,564,180,9.2,35,64
ABprapappa,116,573,192,8.9,35,277
ABprapappa,117,576,194,8.9,34,-19
ABprapappa,118,571,188,8.1,33,214
ABprapappa,119,570,191,8.1,32,-1101
ABprapappa,120,576,198,8.0,31,-458
ABprapappa,121,579,194,8.0,30,171
ABprapappa,122,578,196,8.2,32,-537
ABprapappa,123,575,199,7.9,30,-153
ABprapappa,124,575,200,8.1,30,24
ABprapappa,125,569,189,9.1,30,-513
ABprapappa,126,573,195,8.6,32,458
ABprapappa,127,573,194,8.9,30,-917
ABprapappa,128,576,193,9.1,32,204
ABprapappa,129,579,189,9.2,32,500
ABprapappa,130,581,194,10.0,30,1139
ABprapappa,131,587,188,10.9,30,1508
ABprapappa,132,593,185,11.0,34,2242
ABprapappa,133,592,194,10.1,30,483
ABprapappa,134,592,193,10.0,32,2195
ABprapappa,135,595,192,10.3,34,2026
ABprapappa,136,593,193,11.0,32,1261
ABprapappa,137,595,193,10.4,32,1258
ABprapappa,138,598,193,11.3,34,3166
ABprapappa,139,591,179,11.4,34,2001
ABprapappa,140,594,180,12.1,34,2681
ABprapappa,141,600,186,12.9,30,2306
ABprapappa,142,594,186,12.3,34,3887
ABprapappa,143,593,185,13.1,34,2412
ABprapappa,144,588,180,12.3,34,2349
ABprapappa,145,590,183,12.8,30,2826
ABprapappa,146,588,177,13.1,34,3294
ABprapappa,147,592,180,12.3,32,1823
ABprapappa,148,593,183,12.2,34,3354
ABprapappa,149,592,179,12.2,34,3067
ABprapappa,150,590,182,13.1,30,3866
ABprapappa,151,594,177,13.2,34,2960
ABprapappa,152,595,177,12.5,32,4268
ABprapappa,153,593,172,13.0,31,5269
ABprapappa,154,592,169,13.0,32,6018
ABprapappa,155,590,166,13.3,31,4829
ABprapappa,156,584,164,12.4,32,4405
ABprapappa,157,585,162,13.0,31,4546
ABprapappa,158,578,156,12.9,30,6128
ABprapappa,159,576,152,13.1,31,6862
ABprapappa,160,579,156,12.5,32,4356
ABprapappp,114,570,197,14.8,36,-515
ABprapappp,115,575,194,14.1,37,822
ABprapappp,116,576,193,14.1,35,293
ABprapappp,117,570,185,14.8,34,55
ABprapappp,118,571,180,14.1,33,248
ABprapappp,119,577,183,14.1,34,-504
ABprapappp,120,574,181,14.1,33,391
ABprapappp,121,577,185,13.4,32,-301
ABprapappp,122,580,190,14.2,32,1156
ABprapappp,123,584,197,13.9,30,853
ABprapappp,124,583,208,13.3,34,1263
ABprapappp,125,573,196,13.3,34,-66
ABprapappp,126,584,196,13.3,34,530
ABprapappp,127,586,187,13.2,34,44
ABprapappp,128,588,194,13.3,34,501
ABprapappp,129,593,195,13.3,32,702
ABprapappp,130,596,202,14.2,32,951
ABprapappp,131,598,195,15.1,34,1304
ABprapappp,132,604,198,14.3,34,2086
ABprapappp,133,602,201,14.3,32,771
ABprapappp,134,602,202,14.2,34,1129
ABprapappp,135,607,201,14.2,32,1329
ABprapappp,136,607,203,14.9,30,2179
ABprapappp,137,605,208,14.1,30,2083
ABprapappp,138,605,213,14.3,34,1994
ABprapappp,139,597,199,14.4,34,3330
ABprapappp,140,598,200,14.5,32,2480
ABprapappp,141,599,207,14.4,34,759
ABprapappp,142,597,211,14.3,34,1862
ABprapappp,143,595,211,14.3,32,2158
ABprapappp,144,596,208,14.2,34,2890
ABprapappp,145,600,209,14.3,34,2004
ABprapappp,146,599,213,13.4,34,2146
ABprapappp,147,595,214,13.2,32,1292
ABprapappp,148,601,217,13.1,32,2671
ABprapappp,149,602,218,12.4,34,1736
ABprapappp,150,600,220,13.2,34,2934
ABprapappp,151,599,218,12.3,34,3654
ABprapappp,152,595,217,12.3,34,1533
ABprapappp,153,596,218,12.2,31,1580
ABprapappp,154,599,216,12.3,34,2634
ABprapappp,155,598,216,12.3,31,3715
ABprapappp,156,595,217,12.1,34,1037
ABprapappp,157,593,221,12.1,31,2377
ABprapappp,158,591,221,11.3,34,2450
ABprapappp,159,591,213,12.1,31,3003
ABprapappp,160,595,217,12.2,34,1986
ABprapp,47,509,162,11.2,54,-513
ABprapp,48,495,166,11.1,55,-473
ABprapp,49,501,167,12.1,53,-561
ABprapp,50,501,162,11.2,53,-2533
ABprapp,51,512,153,11.0,53,-976
ABprapp,52,514,155,11.0,53,-1887
ABprapp,53,504,150,10.9,53,-1634
ABprapp,54,498,156,10.8,53,-1473
ABprapp,55,491,157,11.0,53,-1666
ABprapp,56,500,157,11.0,52,-1547
ABprapp,57,500,151,11.9,51,-1420
ABprapp,58,490,153,11.2,54,-1330
ABprapp,59,492,153,12.1,53,-1282
ABprapp,60,495,160,13.0,54,-1305
ABprapp,61,500,178,13.0,55,-1086
ABprapp,62,502,175,11.3,55,-1240
ABprapp,63,504,173,10.1,50,-950
ABprappa,64,499,149,11.1,37,-1401
ABprappa,65,497,150,10.9,43,-765
ABprappa,66,497,156,10.0,42,-1465
ABprappa,67,499,148,10.1,43,-915
ABprappa,68,503,144,10.1,43,-1225
ABprappa,69,507,149,10.3,47,-935
ABprappa,70,513,151,10.0,44,-1606
ABprappa,71,522,158,10.1,44,-1794
ABprappa,72,520,160,10.2,48,-1441
ABprappa,73,510,156,11.2,46,-1343
ABprappa,74,515,165,10.3,46,-929
ABprappa,75,519,155,10.3,46,-1073
ABprappa,76,521,157,10.3,46,-948
ABprappa,77,514,154,11.0,46,-812
ABprappa,78,519,155,10.3,46,-1763
ABprappa,79,512,151,10.3,46,-285
ABprappa,80,510,147,11.2,48,-282
ABprappa,81,507,138,11.0,46,-1155
ABprappa,82,516,139,12.0,44,-970
ABprappa,83,519,141,12.0,44,-1396
ABprappa,84,511,139,11.1,44,-1466
ABprappa,85,516,144,10.1,43,-1933
ABprappa,86,513,158,8.1,30,-168
ABprappaa,87,490,136,9.2,34,-1594
ABprappaa,88,491,132,9.0,37,-675
ABprappaa,89,491,125,10.1,37,-1201
ABprappaa,90,479,124,10.2,40,-1032
ABprappaa,91,475,118,11.3,37,-953
ABprappaa,92,464,117,12.0,39,-914
ABprappaa,93,461,114,12.0,39,80
ABprappaa,94,465,116,12.2,39,82
ABprappaa,95,467,117,13.2,39,-1032
ABprappaa,96,469,114,13.2,38,-1267
ABprappaa,97,469,114,13.1,38,-295
ABprappaa,98,466,112,13.0,36,-587
ABprappaa,99,470,113,12.0,36,-622
ABprappaa,100,471,114,12.1,36,-543
ABprappaa,101,477,116,11.2,40,-391
ABprappaa,102,481,119,11.3,38,-670
ABprappaa,103,485,121,11.3,38,-347
ABprappaa,104,485,124,11.3,38,840
ABprappaa,105,479,125,11.2,40,-236
ABprappaa,106,482,126,11.3,38,-527
ABprappaa,107,490,123,11.9,36,-1373
ABprappaa,108,489,121,12.1,38,-1019
ABprappaa,109,481,121,13.0,38,-822
ABprappaa,110,479,120,12.2,38,-1241
ABprappaa,111,473,120,13.0,36,678
ABprappaa,112,467,115,13.1,40,-1190
ABprappaa,113,461,113,14.0,40,-1176
ABprappaa,114,461,112,14.1,36,-1506
ABprappaa,115,461,111,13.3,37,-890
ABprappaa,116,466,112,13.3,37,-2011
ABprappaa,117,466,114,14.1,38,-798
ABprappaa,118,468,116,14.1,37,-2069
ABprappaa,119,476,120,14.4,36,-1097
ABprappaa,120,475,120,14.0,31,-1395
ABprappaa,121,476,123,13.0,30,211
ABprappaa,122,482,121,14.0,30,-1503
ABprappaaa,123,462,110,14.1,30,-440
ABprappaaa,124,473,110,14.0,30,-758
ABprappaaa,125,474,109,14.1,32,-197
ABprappaaa,126,470,110,13.3,32,1169
ABprappaaa,127,461,109,14.0,32,1
ABprappaaa,128,459,109,13.3,34,-445
ABprappaaa,129,459,111,14.1,34,295
ABprappaaa,130,462,117,14.2,34,-601
ABprappaaa,131,453,114,14.4,34,-1538
ABprappaaa,132,456,115,14.2,34,-561
ABprappaaa,133,457,114,14.1,34,-672
ABprappaaa,134,456,116,14.1,34,203
ABprappaaa,135,454,116,14.1,34,-1207
ABprappaaa,136,455,122,14.2,32,56
ABprappaaa,137,453,118,14.3,32,-283
ABprappaaa,138,452,116,14.1,34,-432
ABprappaaa,139,446,115,14.1,32,-522
ABprappaaa,140,446,115,14.1,34,-740
ABprappaaa,141,449,113,14.3,34,-790
ABprappaaa,142,446,117,14.3,34,-1032
ABprappaaa,143,447,111,14.3,32,-782
ABprappaaa,144,443,116,15.0,34,-246
ABprappaaa,145,449,116,13.2,34,32
ABprappaaa,146,448,113,14.1,30,-647
ABprappaaa,147,453,113,13.8,30,-336
ABprappaaa,148,455,113,13.1,30,-509
ABprappaaa,149,461,116,12.3,34,-733
ABprappaaa,150,466,115,12.3,32,-1081
ABprappaaa,151,466,112,13.1,32,848
ABprappaaa,152,463,112,12.1,34,-615
ABprappaaa,153,467,116,12.0,31,-603
ABprappaaa,154,459,117,12.1,34,-1248
ABprappaaa,155,459,117,12.1,31,-740
ABprappaaa,156,459,116,12.1,34,-822
ABprappaaa,157,460,118,12.0,31,-244
ABprappaaa,158,457,118,11.2,34,-1367
ABprappaaa,159,454,116,11.3,31,-431
ABprappaaa,160,458,121,11.3,34,-1111
ABprappaap,123,518,140,14.9,30,-58
ABprappaap,124,519,148,14.9,30,606
ABprappaap,125,514,141,14.2,34,-272
ABprappaap,126,510,137,14.3,34,711
ABprappaap,127,506,126,14.1,34,217
ABprappaap,128,500,128,13.1,32,-1084
ABprappaap,129,501,130,13.3,32,-550
ABprappaap,130,505,136,14.0,32,-444
ABprappaap,131,500,136,13.9,30,-434
ABprappaap,132,498,136,14.0,34,-443
ABprappaap,133,503,133,13.2,32,71
ABprappaap,134,499,137,13.2,34,-156
ABprappaap,135,499,133,13.1,34,-639
ABprappaap,136,501,130,13.1,34,-1040
ABprappaap,137,496,136,13.2,34,-575
ABprappaap,138,495,137,13.1,34,-1196
ABprappaap,139,489,130,13.2,34,-422
ABprappaap,140,490,131,12.2,34,88
ABprappaap,141,492,127,12.3,32,469
ABprappaap,142,488,127,13.1,32,624
ABprappaap,143,489,124,13.1,34,-299
ABprappaap,144,488,127,13.0,32,-727
ABprappaap,145,488,126,13.0,30,-695
ABprappaap,146,488,125,13.1,32,-648
ABprappaap,147,491,124,13.1,32,164
ABprappaap,148,495,126,12.2,34,-907
ABprappaap,149,496,126,11.3,32,-344
ABprappaap,150,502,124,11.8,30,-701
ABprappaap,151,501,120,12.1,34,109
ABprappaap,152,500,120,11.2,32,796
ABprappaap,153,504,121,11.4,31,662
ABprappaap,154,501,119,11.1,34,-632
ABprappaap,155,499,116,11.1,31,-1894
ABprappaap,156,497,120,10.4,32,-496
ABprappaap,157,495,122,10.0,31,-195
ABprappaap,158,494,121,9.9,30,-756
ABprappaap,159,494,118,10.2,31,-49
ABprappaap,160,494,121,10.8,30,-657
ABprappap,87,537,169,8.2,30,-698
ABprappap,88,543,168,8.9,37,-628
ABprappap,89,538,171,9.1,37,-1361
ABprappap,90,537,160,9.1,36,-1941
ABprappap,91,535,153,10.0,37,72
ABprappap,92,539,146,10.3,37,-582
ABprappap,93,534,147,10.3,37,-1047
ABprappap,94,536,145,10.4,39,-709
ABprappap,95,529,144,10.3,37,-206
ABprappap,96,532,147,11.0,36,-769
ABprappap,97,533,144,11.1,36,-68
ABprappap,98,529,140,10.4,40,-281
ABprappap,99,531,147,10.2,38,-1019
ABprappap,100,529,147,10.2,38,-210
ABprappap,101,532,151,10.2,38,-426
ABprappap,102,535,151,10.1,40,-685
ABprappap,103,535,154,10.1,38,-353
ABprappap,104,532,155,10.8,36,-1612
ABprappap,105,530,149,10.3,38,-1696
ABprappap,106,528,157,10.1,38,-1292
ABprappap,107,532,155,10.9,36,-1110
ABprappap,108,532,152,11.1,38,-1042
ABprappap,109,527,148,11.2,38,-663
ABprappap,110,526,149,12.0,36,-1605
ABprappap,111,518,146,12.1,38,-909
ABprappap,112,521,142,12.9,36,-484
ABprappap,113,518,137,13.0,38,-799
ABprappap,114,513,138,13.0,38,-474
ABprappap,115,509,138,12.3,39,-959
ABprappap,116,512,136,12.2,39,-277
ABprappap,117,512,141,12.1,34,-886
ABprappap,118,520,140,13.1,33,439
ABprappapa,119,500,127,11.1,28,252
ABprappapa,120,506,129,9.8,31,-924
ABprappapa,121,516,138,8.9,30,-236
ABprappapa,122,515,135,9.1,32,-1112
ABprappapa,123,519,140,9.3,34,204
ABprappapa,124,523,133,10.9,30,-1447
ABprappapa,125,514,137,10.0,32,-1406
ABprappapa,126,513,139,9.2,32,-1496
ABprappapa,127,499,139,9.2,32,670
ABprappapa,128,503,142,8.3,32,-472
ABprappapa,129,503,148,8.4,34,-18
ABprappapa,130,510,147,8.3,32,-940
ABprappapa,131,505,147,9.1,30,-476
ABprappapa,132,507,146,9.0,30,33
ABprappapa,133,513,145,8.9,30,205
ABprappapa,134,509,148,8.4,32,-697
ABprappapa,135,508,144,8.5,32,-595
ABprappapa,136,509,145,8.3,32,-374
ABprappapa,137,507,147,8.2,32,-1304
ABprappapa,138,506,149,8.1,30,-971
ABprappapa,139,504,143,8.2,32,-1522
ABprappapa,140,509,143,8.3,32,-1326
ABprappapa,141,509,143,8.3,32,-802
ABprappapa,142,510,142,8.5,32,-1608
ABprappapa,143,510,140,9.0,30,-529
ABprappapa,144,509,138,8.3,32,-996
ABprappapa,145,507,145,8.8,30,-1966
ABprappapa,146,508,142,8.3,32,-773
ABprappapa,147,509,141,7.5,34,-233
ABprappapa,148,508,147,7.9,30,-1795
ABprappapa,149,501,149,7.2,30,-1374
ABprappapa,150,507,148,7.8,30,-14
ABprappapa,151,505,144,7.8,30,-935
ABprappapa,152,504,147,7.0,30,-829
ABprappapa,153,506,144,6.5,31,-734
ABprappapa,154,497,143,6.2,32,-128
ABprappapa,155,498,143,6.0,31,-3384
ABprappapa,156,494,149,5.4,32,-2628
ABprappapa,157,495,156,5.2,31,-2380
ABprappapa,158,495,158,4.5,32,-2305
ABprappapa,159,490,155,4.4,31,-2421
ABprappapa,160,493,154,4.9,30,-1961
ABprappapp,119,543,155,12.8,32,-400
ABprappapp,120,547,158,12.0,31,-190
ABprappapp,121,551,161,11.9,30,-1078
ABprappapp,122,554,159,12.1,32,12
ABprappapp,123,561,166,12.1,30,-939
ABprappapp,124,566,168,12.3,32,-712
ABprappapp,125,560,158,12.2,34,-255
ABprappapp,126,553,159,12.1,30,-1021
ABprappapp,127,552,152,12.0,32,-771
ABprappapp,128,545,152,12.0,34,375
ABprappapp,129,549,153,12.1,32,-868
ABprappapp,130,553,155,12.0,32,14
ABprappapp,131,549,151,11.4,34,-159
ABprappapp,132,549,149,11.4,34,-942
ABprappapp,133,555,148,11.4,32,-540
ABprappapp,134,550,156,11.3,34,-7
ABprappapp,135,549,151,10.5,32,-441
ABprappapp,136,548,151,10.5,32,-585
ABprappapp,137,546,153,10.9,30,172
ABprappapp,138,550,156,11.1,32,-895
ABprappapp,139,540,148,10.5,34,-233
ABprappapp,140,543,149,11.0,32,-283
ABprappapp,141,547,150,11.1,34,-613
ABprappapp,142,543,149,11.5,32,-383
ABprappapp,143,545,147,11.5,32,-411
ABprappapp,144,542,139,11.4,32,196
ABprappapp,145,540,144,11.1,30,459
ABprappapp,146,537,142,11.1,32,-852
ABprappapp,147,542,141,10.9,30,-543
ABprappapp,148,546,145,10.3,32,-612
ABprappapp,149,540,149,10.9,30,-963
ABprappapp,150,538,145,11.1,30,-801
ABprappapp,151,537,141,11.9,30,-1097
ABprappapp,152,538,140,10.4,32,-241
ABprappapp,153,540,141,10.3,31,-101
ABprappapp,154,533,138,10.8,30,-742
ABprappapp,155,531,133,11.1,29,-273
ABprappapp,156,530,132,11.0,30,-10
ABprappapp,157,530,134,10.3,31,-953
ABprappapp,158,527,132,10.1,30,-1297
ABprappapp,159,527,133,10.0,31,296
ABprappapp,160,524,131,11.0,32,357
ABprappp,64,536,204,9.2,35,-1245
ABprappp,65,545,204,9.0,37,-1258
ABprappp,66,551,221,8.9,40,-1462
ABprappp,67,569,223,7.4,41,-1016
ABprappp,68,578,223,8.2,43,-507
ABprappp,69,576,220,9.0,43,-1602
ABprappp,70,579,218,9.1,44,-782
ABprappp,71,588,224,9.9,44,-1141
ABprappp,72,588,216,9.9,44,-735
ABprappp,73,574,211,10.8,44,-501
ABprappp,74,573,220,11.0,44,-1127
ABprappp,75,582,221,10.9,44,-93
ABprappp,76,584,231,10.9,44,-856
ABprappp,77,583,227,11.1,44,104
ABprappp,78,582,233,11.1,44,-320
ABprappp,79,575,221,11.9,44,-725
ABprappp,80,570,218,12.0,44,-814
ABprappp,81,563,221,12.0,44,-1128
ABprappp,82,566,223,11.9,44,-938
ABprappp,83,567,224,12.0,44,-692
ABprappp,84,563,220,11.2,44,-853
ABprappp,85,567,223,11.1,43,-724
ABprappp,86,566,213,10.9,42,-422
ABprappp,87,568,218,10.2,42,-700
ABprappp,88,571,218,11.1,41,-910
ABprappp,89,566,214,12.0,37,-1020
ABprapppa,90,554,184,11.2,36,91
ABprapppa,91,557,178,11.2,35,-1051
ABprapppa,92,566,179,11.1,35,-970
ABprapppa,93,558,180,11.2,39,-303
ABprapppa,94,569,169,11.1,35,-187
ABprapppa,95,570,164,11.2,37,10
ABprapppa,96,572,167,11.9,36,-576
ABprapppa,97,573,160,12.9,36,-1460
ABprapppa,98,568,156,12.1,36,-810
ABprapppa,99,568,157,11.9,36,224
ABprapppa,100,567,155,12.1,36,-439
ABprapppa,101,572,157,12.2,36,1114
ABprapppa,102,572,161,13.0,36,-874
ABprapppa,103,570,162,13.1,36,-32
ABprapppa,104,560,160,13.1,36,-375
ABprapppa,105,558,160,13.9,36,-608
ABprapppa,106,557,165,13.9,36,-179
ABprapppa,107,554,168,14.0,38,-464
ABprapppa,108,551,159,15.0,36,-981
ABprapppa,109,543,162,15.1,36,-173
ABprapppa,110,544,160,15.1,36,-1400
ABprapppa,111,533,162,15.9,36,-1164
ABprapppa,112,532,160,16.9,36,-1771
ABprapppa,113,532,150,17.1,36,-560
ABprapppa,114,530,155,16.9,36,-409
ABprapppa,115,529,156,16.2,37,195
ABprapppa,116,529,153,16.2,37,-416
ABprapppa,117,523,148,17.0,38,-151
ABprapppa,118,524,159,17.2,37,-384
ABprapppa,119,531,156,17.0,36,337
ABprapppa,120,531,151,16.4,35,-317
ABprapppa,121,537,151,16.2,34,226
ABprapppa,122,544,161,16.3,34,532
ABprapppa,123,550,171,17.1,34,281
ABprapppa,124,541,174,17.2,34,-163
ABprapppa,125,541,164,17.0,34,-510
ABprapppa,126,542,166,16.3,32,-404
ABprapppaa,127,520,140,16.2,30,1142
ABprapppaa,128,527,139,16.0,30,368
ABprapppaa,129,526,142,16.9,30,-45
ABprapppaa,130,529,148,16.3,32,252
ABprapppaa,131,521,146,16.4,32,-591
ABprapppaa,132,526,150,16.9,30,245
ABprapppaa,133,532,149,17.1,30,-122
ABprapppaa,134,521,149,16.9,30,-602
ABprapppaa,135,523,151,17.0,30,-76
ABprapppaa,136,526,148,16.8,30,105
ABprapppaa,137,527,145,15.8,30,-985
ABprapppaa,138,526,153,15.8,30,-952
ABprapppaa,139,519,148,16.0,30,-167
ABprapppaa,140,519,145,15.9,30,-1022
ABprapppaa,141,521,148,16.2,32,1201
ABprapppaa,142,522,148,16.4,32,-861
ABprapppaa,143,528,147,17.0,32,1163
ABprapppaa,144,527,150,16.8,30,-704
ABprapppaa,145,529,152,15.4,34,-86
ABprapppaa,146,525,152,15.8,30,-133
ABprapppaa,147,532,155,15.9,30,364
ABprapppaa,148,537,159,15.9,30,-760
ABprapppaa,149,539,166,16.0,30,2
ABprapppaa,150,541,164,16.2,32,-885
ABprapppaa,151,541,166,16.0,30,-78
ABprapppaa,152,540,162,16.1,32,-1168
ABprapppaa,153,547,169,15.5,31,-448
ABprapppaa,154,546,169,16.1,32,-165
ABprapppaa,155,551,171,15.5,31,1380
ABprapppaa,156,548,170,15.4,32,-705
ABprapppaa,157,548,172,15.4,31,-1394
ABprapppaa,158,550,173,15.0,30,-217
ABprapppaa,159,553,172,15.2,31,-384
ABprapppaa,160,559,176,15.1,32,14
ABprapppap,127,557,173,17.0,30,87
ABprapppap,128,565,167,16.0,30,-111
ABprapppap,129,567,168,16.9,30,299
ABprapppap,130,566,173,17.2,32,-198
ABprapppap,131,554,167,18.1,32,-378
ABprapppap,132,559,171,16.5,34,301
ABprapppap,133,560,175,16.2,32,-44
ABprapppap,134,554,179,16.4,32,-148
ABprapppap,135,554,176,16.1,32,-429
ABprapppap,136,557,176,16.0,30,-268
ABprapppap,137,557,179,16.1,32,721
ABprapppap,138,559,184,16.1,34,557
ABprapppap,139,550,174,15.3,34,761
ABprapppap,140,552,168,16.0,30,374
ABprapppap,141,552,174,16.1,34,92
ABprapppap,142,549,176,16.3,32,-106
ABprapppap,143,550,177,16.4,32,-79
ABprapppap,144,548,174,16.3,34,-62
ABprapppap,145,549,178,16.2,34,-425
ABprapppap,146,547,181,16.3,32,-1383
ABprapppap,147,552,186,16.3,34,1085
ABprapppap,148,555,192,16.2,34,-117
ABprapppap,149,557,198,16.3,34,885
ABprapppap,150,552,194,18.0,30,619
ABprapppap,151,553,199,17.3,32,652
ABprapppap,152,553,197,18.0,34,-946
ABprapppap,153,556,196,18.2,31,256
ABprapppap,154,553,194,18.1,32,-26
ABprapppap,155,554,186,17.2,31,-934
ABprapppap,156,553,185,17.2,34,-632
ABprapppap,157,556,193,18.1,31,-1281
ABprapppap,158,556,187,17.1,34,-607
ABprapppap,159,557,186,17.1,31,-1141
ABprapppap,160,564,190,17.2,34,-761
ABprapppp,90,586,229,13.3,34,265
ABprapppp,91,589,222,13.9,35,-404
ABprapppp,92,586,225,13.3,39,781
ABprapppp,93,585,229,14.1,37,-777
ABprapppp,94,582,225,14.2,35,-727
ABprapppp,95,584,220,14.1,37,-1143
ABprapppp,96,586,220,14.1,36,-1120
ABprapppp,97,585,211,14.0,36,-940
ABprapppp,98,585,205,13.9,36,152
ABprapppp,99,586,200,14.1,36,-548
ABprapppp,100,580,201,14.8,36,393
ABprapppp,101,585,202,14.8,36,-416
ABprapppp,102,586,205,15.9,36,-293
ABprapppp,103,587,204,16.0,36,-72
ABprapppp,104,586,198,15.3,38,90
ABprapppp,105,589,197,16.2,36,-315
ABprapppp,106,587,199,16.0,36,-492
ABprapppp,107,585,194,16.0,36,-290
ABprapppp,108,582,198,17.1,36,386
ABprapppp,109,573,201,16.2,38,-1007
ABprapppp,110,577,200,17.0,36,-833
ABprapppp,111,568,196,17.1,38,-582
ABprapppp,112,559,195,18.1,40,-369
ABprapppp,113,558,189,17.2,40,324
ABprapppp,114,560,188,17.2,38,-664
ABprapppp,115,565,189,18.1,37,-21
ABprapppp,116,562,186,17.3,37,409
ABprapppp,117,563,180,18.0,34,-538
ABprapppp,118,569,181,18.1,37,1167
ABprapppp,119,575,185,17.1,36,-195
ABprapppp,120,569,180,17.0,35,-43
ABprapppp,121,572,182,17.1,34,-911
ABprapppp,122,579,194,18.1,34,157
ABprapppp,123,582,207,18.2,34,-787
ABprapppp,124,576,219,18.1,34,-1007
ABprapppp,125,568,205,18.1,34,-709
ABprappppa,126,577,186,16.9,30,-921
ABprappppa,127,583,182,17.0,30,-115
ABprappppa,128,587,184,17.0,30,-235
ABprappppa,129,590,193,17.1,32,-272
ABprappppa,130,593,196,18.1,32,319
ABprappppa,131,592,188,17.1,34,971
ABprappppa,132,595,188,17.2,34,1318
ABprappppa,133,592,191,18.0,30,-283
ABprappppa,134,589,194,17.3,34,453
ABprappppa,135,586,186,17.3,32,740
ABprappppa,136,586,187,17.2,32,-1223
ABprappppa,137,590,196,17.1,34,-306
ABprappppa,138,590,204,17.2,34,-200
ABprappppa,139,585,191,17.2,34,908
ABprappppa,140,585,195,17.1,34,-246
ABprappppa,141,588,202,17.2,34,-135
ABprappppa,142,581,204,18.0,32,-625
ABprappppa,143,579,207,17.2,34,400
ABprappppa,144,582,206,17.1,34,443
ABprappppa,145,588,207,17.2,34,1768
ABprappppa,146,586,207,17.2,34,611
ABprappppa,147,592,209,17.1,32,-1030
ABprappppa,148,596,211,16.0,30,1050
ABprappppa,149,596,211,16.0,30,-183
ABprappppa,150,596,207,16.2,32,-439
ABprappppa,151,592,203,16.1,34,-416
ABprappppa,152,592,199,16.0,34,-559
ABprappppa,153,602,200,15.2,31,266
ABprappppa,154,599,195,15.9,30,995
ABprappppa,155,604,197,15.2,31,644
ABprappppa,156,596,192,15.1,30,179
ABprappppa,157,596,192,15.1,30,905
ABprappppa,158,595,193,14.9,30,2076
ABprappppa,159,596,188,15.1,31,229
ABprappppa,160,595,187,15.1,32,2287
ABprappppp,126,582,229,19.9,30,378
ABprappppp,127,584,230,19.0,30,-1287
ABprappppp,128,581,232,19.1,32,-1055
ABprappppp,129,580,239,20.0,34,-610
ABprappppp,130,576,239,20.2,34,-55
ABprappppp,131,581,232,21.0,32,-394
ABprappppp,132,586,231,20.1,34,-1729
ABprappppp,133,588,232,20.1,32,276
ABprappppp,134,589,231,19.2,34,630
ABprappppp,135,588,227,19.1,34,-40
ABprappppp,136,589,226,19.1,30,424
ABprappppp,137,589,232,19.2,34,-103
ABprappppp,138,585,237,20.0,34,-169
ABprappppp,139,581,227,19.1,34,-620
ABprappppp,140,573,227,19.3,34,-1297
ABprappppp,141,574,235,19.3,34,-781
ABprappppp,142,574,234,20.0,34,-329
ABprappppp,143,574,233,20.0,34,400
ABprappppp,144,577,229,19.3,34,418
ABprappppp,145,582,225,20.0,30,-490
ABprappppp,146,581,232,19.2,32,511
ABprappppp,147,590,236,19.1,34,-307
ABprappppp,148,591,233,18.2,32,518
ABprappppp,149,596,226,18.1,34,-896
ABprappppp,150,597,228,18.0,34,-74
ABprappppp,151,596,226,18.1,32,-1182
ABprappppp,152,595,217,18.1,34,655
ABprappppp,153,602,215,17.3,31,-255
ABprappppp,154,595,210,17.1,26,-716
ABprappppp,155,598,209,17.1,26,57
ABprappppp,156,593,207,17.2,32,-219
ABprappppp,157,594,208,17.0,29,1221
ABprappppp,158,596,206,17.1,32,-236
ABprappppp,159,599,204,17.3,31,-982
ABprappppp,160,598,210,17.3,32,-382
ABprp,21,452,254,16.1,38,-97
ABprp,22,453,259,17.3,37,-1205
ABprp,23,443,263,18.0,57,-760
ABprp,24,454,269,18.6,58,-827
ABprp,25,457,294,18.9,59,-785
ABprp,26,468,297,18.9,59,-849
ABprp,27,464,309,18.2,65,-638
ABprp,28,475,297,18.5,65,-176
ABprp,29,475,280,18.3,69,-950
ABprp,30,467,274,17.2,56,-703
ABprpa,31,442,280,17.0,48,-68
ABprpa,32,437,263,18.0,46,-244
ABprpa,33,432,245,19.0,44,-450
ABprpa,34,427,227,20.0,41,-867
ABprpa,35,415,224,19.9,56,-697
ABprpa,36,425,215,19.9,58,-873
ABprpa,37,432,212,19.1,60,-791
ABprpa,38,430,210,19.8,59,-684
ABprpa,39,439,214,19.0,61,-1239
ABprpa,40,432,217,19.1,61,-1056
ABprpa,41,432,217,19.0,65,-619
ABprpa,42,442,219,18.2,62,-890
ABprpa,43,439,210,19.0,60,-1149
ABprpa,44,444,207,18.3,63,-492
ABprpa,45,452,209,18.8,62,-975
ABprpa,46,442,215,17.3,55,-192
ABprpaa,47,424,195,17.1,40,405
ABprpaa,48,432,176,17.9,55,-55
ABprpaa,49,430,170,18.0,53,-271
ABprpaa,50,433,154,18.0,53,-586
ABprpaa,51,442,138,18.1,53,-1122
ABprpaa,52,442,134,18.0,55,-144
ABprpaa,53,428,130,18.0,53,-555
ABprpaa,54,434,134,18.0,53,-1263
ABprpaa,55,425,139,18.0,53,-1082
ABprpaa,56,426,143,18.0,52,44
ABprpaa,57,427,143,18.1,53,-567
ABprpaa,58,424,139,18.1,52,-713
ABprpaa,59,429,145,19.0,55,-36
ABprpaa,60,430,150,19.0,52,-398
ABprpaa,61,439,156,19.1,53,-957
ABprpaa,62,446,160,19.2,51,-968
ABprpaa,63,452,161,19.0,50,-544
ABprpaa,64,447,160,18.9,47,-1687
ABprpaaa,65,416,131,19.0,35,-565
ABprpaaa,66,416,128,19.0,40,-1401
ABprpaaa,67,414,126,19.1,43,-174
ABprpaaa,68,406,124,18.2,43,471
ABprpaaa,69,404,120,19.0,43,-200
ABprpaaa,70,398,121,19.1,46,-890
ABprpaaa,71,393,120,18.2,46,-601
ABprpaaa,72,382,113,18.1,44,321
ABprpaaa,73,371,112,18.1,44,-736
ABprpaaa,74,365,108,17.1,44,-642
ABprpaaa,75,359,101,16.0,44,-535
ABprpaaa,76,357,101,15.0,44,-1076
ABprpaaa,77,357,101,15.0,44,-1049
ABprpaaa,78,368,99,14.0,46,-829
ABprpaaa,79,363,98,13.9,44,-900
ABprpaaa,80,357,97,13.1,44,-955
ABprpaaa,81,351,96,14.0,44,-400
ABprpaaa,82,356,97,13.1,44,-1194
ABprpaaa,83,352,97,13.1,46,-1293
ABprpaaa,84,352,97,12.1,44,-839
ABprpaaa,85,359,100,11.1,45,-482
ABprpaaa,86,344,98,11.9,42,-1091
ABprpaaa,87,338,108,12.0,28,-1936
ABprpaaaa,88,294,101,12.1,35,-8
ABprpaaaa,89,290,100,10.4,35,-204
ABprpaaaa,90,285,103,10.1,36,-342
ABprpaaaa,91,277,100,10.3,37,-27
ABprpaaaa,92,272,103,11.1,37,-578
ABprpaaaa,93,269,101,12.0,37,-912
ABprpaaaa,94,268,103,13.0,35,-1224
ABprpaaaa,95,267,103,12.1,39,-650
ABprpaaaa,96,271,99,13.0,36,-687
ABprpaaaa,97,270,99,12.2,38,-91
ABprpaaaa,98,269,100,13.3,38,-1204
ABprpaaaa,99,275,103,13.3,38,-587
ABprpaaaa,100,273,105,14.1,40,-644
ABprpaaaa,101,272,106,14.1,38,-806
ABprpaaaa,102,270,107,14.0,40,-670
ABprpaaaa,103,274,111,13.1,40,-1236
ABprpaaaa,104,270,112,13.1,36,-1053
ABprpaaaa,105,268,110,13.1,36,-1259
ABprpaaaa,106,273,110,13.2,38,-6
ABprpaaaa,107,271,109,13.3,40,-548
ABprpaaaa,108,278,109,14.3,40,-541
ABprpaaaa,109,287,118,15.2,40,-627
ABprpaaaa,110,283,124,15.2,40,-501
ABprpaaaa,111,281,130,15.2,40,-825
ABprpaaaa,112,276,131,15.2,38,-1081
ABprpaaaa,113,265,128,15.1,40,-1367
ABprpaaaa,114,260,123,15.8,36,348
ABprpaaaa,115,262,119,15.9,35,-1043
ABprpaaaaa,116,230,120,16.0,35,-530
ABprpaaaaa,117,229,118,16.0,32,628
ABprpaaaaa,118,229,121,14.0,26,394
ABprpaaaaa,119,223,119,15.1,32,-392
ABprpaaaaa,120,223,130,15.3,33,732
ABprpaaaaa,121,223,138,15.1,32,-1416
ABprpaaaaa,122,224,138,15.0,34,-493
ABprpaaaaa,123,226,137,15.3,32,83
ABprpaaaaa,124,229,134,15.3,32,-593
ABprpaaaaa,125,217,133,15.3,34,-407
ABprpaaaaa,126,221,139,16.0,34,-1047
ABprpaaaaa,127,214,140,16.2,34,361
ABprpaaaaa,128,220,138,16.0,34,-869
ABprpaaaaa,129,224,138,17.0,34,-228
ABprpaaaaa,130,224,138,17.0,34,-570
ABprpaaaaa,131,224,136,17.2,34,-662
ABprpaaaaa,132,232,137,17.2,34,-912
ABprpaaaaa,133,241,135,17.3,32,-1005
ABprpaaaaa,134,245,132,19.0,34,611
ABprpaaaaa,135,246,134,18.2,34,-58
ABprpaaaaa,136,247,130,18.1,34,-23
ABprpaaaaa,137,255,132,18.2,34,-51
ABprpaaaaa,138,256,131,18.1,34,879
ABprpaaaaa,139,249,134,18.1,26,-208
ABprpaaaaa,140,248,136,18.2,26,547
ABprpaaaaa,141,248,137,18.0,27,-600
ABprpaaaaa,142,248,139,17.7,28,-1525
ABprpaaaaa,143,248,140,17.5,29,-330
ABprpaaaaa,144,248,142,17.2,30,-502
ABprpaaaaa,145,249,144,17.0,32,-813
ABprpaaaaa,146,252,150,17.6,33,-1322
ABprpaaaaa,147,256,156,18.1,34,-1108
ABprpaaaaa,148,254,157,18.1,34,256
ABprpaaaaa,149,254,157,18.1,34,-1422
ABprpaaaaa,150,253,151,17.0,34,124
ABprpaaaaa,151,249,149,18.1,26,-298
ABprpaaaaa,152,248,145,16.1,34,-615
ABprpaaaaa,153,249,141,17.0,31,-1002
ABprpaaaaa,154,250,146,17.0,34,858
ABprpaaaaa,155,249,144,17.0,33,-1000
ABprpaaaaa,156,247,142,17.1,32,-352
ABprpaaaaa,157,245,140,17.1,31,-532
ABprpaaaaa,158,243,138,17.1,30,-641
ABprpaaaaaa,159,216,144,17.1,31,-1876
ABprpaaaaaa,160,215,148,16.0,34,-2
ABprpaaaaap,159,258,132,16.1,26,659
ABprpaaaaap,160,260,133,16.0,26,-939
ABprpaaaap,116,281,115,16.1,26,-764
ABprpaaaap,117,281,112,16.0,26,223
ABprpaaaap,118,280,107,16.1,35,94
ABprpaaaap,119,269,107,16.1,36,180
ABprpaaaap,120,273,120,16.2,35,-326
ABprpaaaap,121,277,129,16.1,34,-1292
ABprpaaaap,122,282,134,15.4,34,-357
ABprpaaaap,123,281,132,15.3,34,-646
ABprpaaaap,124,281,129,16.2,34,-1098
ABprpaaaap,125,274,130,16.1,34,-389
ABprpaaaap,126,272,134,16.2,30,460
ABprpaaaap,127,269,133,17.1,34,-706
ABprpaaaap,128,268,136,16.4,34,-1407
ABprpaaaap,129,270,137,17.0,34,-1174
ABprpaaaap,130,273,139,17.1,34,-1079
ABprpaaaap,131,269,133,17.2,34,-1064
ABprpaaaap,132,278,138,17.1,34,-732
ABprpaaaap,133,280,135,17.1,34,-835
ABprpaaaap,134,277,138,17.2,34,-164
ABprpaaaap,135,279,138,17.3,34,-1621
ABprpaaaap,136,290,128,18.0,34,-11
ABprpaaaap,137,296,124,18.1,30,-1163
ABprpaaaap,138,299,130,18.1,34,-49
ABprpaaaap,139,295,127,19.0,26,-1100
ABprpaaaap,140,293,118,18.1,26,-799
ABprpaaaap,141,305,123,18.0,26,-55
ABprpaaaap,142,305,123,18.0,26,-690
ABprpaaaap,143,310,114,19.0,26,-1919
ABprpaaaap,144,308,112,18.1,34,-114
ABprpaaaap,145,311,112,18.1,34,971
ABprpaaaap,146,314,111,18.2,34,-172
ABprpaaaap,147,318,110,18.2,34,-621
ABprpaaaap,148,316,110,17.1,34,959
ABprpaaaap,149,318,110,18.0,34,5
ABprpaaaap,150,323,113,18.2,34,-1
ABprpaaaap,151,315,116,18.1,34,-49
ABprpaaaap,152,314,113,18.0,26,-1369
ABprpaaaap,153,317,116,19.1,29,-86
ABprpaaaap,154,323,116,19.0,30,-1112
ABprpaaaap,155,322,118,19.0,29,-723
ABprpaaaapa,156,301,121,19.0,26,867
ABprpaaaapa,157,301,122,19.1,31,522
ABprpaaaapa,158,297,118,19.6,31,1130
ABprpaaaapa,159,292,114,20.0,30,1904
ABprpaaaapa,160,304,109,19.1,32,-316
ABprpaaaapp,156,342,114,18.1,26,-89
ABprpaaaapp,157,350,112,18.1,26,732
ABprpaaaapp,158,350,112,18.4,26,1766
ABprpaaaapp,159,350,112,18.7,26,1237
ABprpaaaapp,160,349,111,19.0,26,1871
ABprpaaap,88,343,102,10.4,33,-444
ABprpaaap,89,342,105,10.3,35,-39
ABprpaaap,90,339,113,10.1,36,-185
ABprpaaap,91,329,105,10.1,37,407
ABprpaaap,92,325,99,10.0,37,-756
ABprpaaap,93,325,93,10.2,37,-128
ABprpaaap,94,319,91,10.1,35,-723
ABprpaaap,95,313,94,10.2,35,-256
ABprpaaap,96,319,90,11.1,36,-606
ABprpaaap,97,320,90,12.0,36,71
ABprpaaap,98,319,90,12.1,36,-1034
ABprpaaap,99,317,92,11.9,36,-527
ABprpaaap,100,313,94,11.9,36,-595
ABprpaaap,101,312,94,12.1,38,-334
ABprpaaap,102,317,94,12.9,36,-518
ABprpaaap,103,319,96,13.1,36,-78
ABprpaaap,104,315,96,13.1,36,155
ABprpaaap,105,316,95,13.1,36,-841
ABprpaaap,106,326,93,13.8,36,-1275
ABprpaaap,107,323,94,14.2,36,-1068
ABprpaaap,108,325,92,14.2,36,-690
ABprpaaap,109,327,93,15.0,36,-603
ABprpaaap,110,322,96,14.2,38,-322
ABprpaaap,111,315,94,15.1,26,-1007
ABprpaaap,112,313,94,15.1,36,-377
ABprpaaap,113,305,95,15.2,36,-1005
ABprpaaap,114,300,97,16.0,36,195
ABprpaaap,115,305,98,16.0,37,-1135
ABprpaaap,116,311,100,16.2,39,-540
ABprpaaap,117,310,98,16.4,36,-23
ABprpaaap,118,317,107,16.9,33,-994
ABprpaaap,119,311,101,16.2,32,-222
ABprpaaapa,120,297,103,18.8,31,-452
ABprpaaapa,121,296,98,18.1,32,855
ABprpaaapa,122,287,95,16.3,32,-344
ABprpaaapa,123,282,95,17.1,30,-892
ABprpaaapa,124,276,92,16.2,34,97
ABprpaaapa,125,262,92,16.2,32,-494
ABprpaaapa,126,264,97,16.3,34,-246
ABprpaaapa,127,264,96,16.8,30,-388
ABprpaaapa,128,265,97,16.2,30,1155
ABprpaaapa,129,263,99,16.3,32,135
ABprpaaapa,130,269,105,17.1,26,-600
ABprpaaapa,131,264,104,17.3,34,308
ABprpaaapa,132,275,103,17.2,26,-1037
ABprpaaapa,133,285,101,17.3,34,-146
ABprpaaapa,134,282,102,18.0,26,-565
ABprpaaapa,135,282,99,17.2,34,-349
ABprpaaapa,136,277,97,17.1,30,318
ABprpaaapa,137,271,99,17.0,32,402
ABprpaaapa,138,277,103,16.3,34,-138
ABprpaaapa,139,256,109,17.3,34,183
ABprpaaapa,140,250,113,17.1,34,1151
ABprpaaapa,141,256,119,16.2,34,622
ABprpaaapa,142,257,119,16.2,34,331
ABprpaaapa,143,261,116,16.3,34,294
ABprpaaapa,144,260,125,16.3,26,-1088
ABprpaaapa,145,269,125,16.1,34,-320
ABprpaaapa,146,272,128,15.3,34,-837
ABprpaaapa,147,275,128,16.0,32,-270
ABprpaaapa,148,271,128,15.4,34,-680
ABprpaaapa,149,273,128,16.0,30,212
ABprpaaapa,150,273,123,15.2,32,-1034
ABprpaaapa,151,276,112,16.0,32,-624
ABprpaaapa,152,269,112,16.0,30,-1493
ABprpaaapa,153,268,115,17.1,31,-1022
ABprpaaapa,154,269,116,17.0,30,-231
ABprpaaapa,155,275,116,16.3,31,586
ABprpaaapa,156,272,118,17.1,30,-174
ABprpaaapa,157,272,114,16.3,31,1799
ABprpaaapa,158,266,116,17.0,30,671
ABprpaaapa,159,261,107,15.2,31,934
ABprpaaapa,160,256,105,15.2,34,-752
ABprpaaapp,120,323,101,14.9,31,256
ABprpaaapp,121,320,106,15.0,32,-1204
ABprpaaapp,122,317,103,14.2,34,-630
ABprpaaapp,123,314,101,14.3,34,-1172
ABprpaaapp,124,311,98,16.0,32,-778
ABprpaaapp,125,305,95,16.1,32,343
ABprpaaapp,126,305,94,16.0,30,-277
ABprpaaapp,127,302,97,15.3,34,287
ABprpaaapp,128,299,97,15.1,32,-430
ABprpaaapp,129,297,100,15.3,34,51
ABprpaaapp,130,290,104,16.0,30,-581
ABprpaaapp,131,288,108,16.1,34,-252
ABprpaaapp,132,289,109,16.0,34,-434
ABprpaaapp,133,296,108,15.3,34,-629
ABprpaaapp,134,295,107,16.0,34,-994
ABprpaaapp,135,295,117,16.1,32,-1545
ABprpaaapp,136,296,115,15.2,34,-805
ABprpaaapp,137,306,106,16.1,34,153
ABprpaaapp,138,312,104,15.3,34,-345
ABprpaaapp,139,297,104,16.1,34,-254
ABprpaaapp,140,292,103,16.1,34,554
ABprpaaapp,141,294,107,16.1,34,-1259
ABprpaaapp,142,295,112,16.2,34,362
ABprpaaapp,143,299,113,16.2,34,915
ABprpaaapp,144,298,109,16.2,34,-449
ABprpaaapp,145,301,107,16.2,34,105
ABprpaaapp,146,305,110,16.1,34,-284
ABprpaaapp,147,304,111,16.1,34,766
ABprpaaapp,148,307,116,15.3,34,-396
ABprpaaapp,149,306,116,16.1,34,-898
ABprpaaapp,150,305,116,16.0,34,-726
ABprpaaapp,151,305,114,16.2,34,-703
ABprpaaapp,152,303,117,16.2,34,-478
ABprpaaapp,153,300,121,16.2,31,311
ABprpaaapp,154,297,115,16.1,34,525
ABprpaaapp,155,297,115,16.1,34,-35
ABprpaaapp,156,298,121,15.3,34,-1067
ABprpaaapp,157,301,117,15.5,31,-1080
ABprpaaapp,158,299,113,16.9,30,416
ABprpaaapp,159,293,108,16.1,29,-1117
ABprpaaappa,160,278,100,17.0,26,662
ABprpaaappp,160,313,110,15.7,30,-314
ABprpaap,65,453,157,17.1,39,-618
ABprpaap,66,457,164,16.1,38,-807
ABprpaap,67,461,164,17.0,43,-962
ABprpaap,68,467,165,16.2,45,-1002
ABprpaap,69,468,155,17.1,45,-1127
ABprpaap,70,470,142,17.1,44,-1993
ABprpaap,71,469,137,17.8,44,-701
ABprpaap,72,459,135,18.0,44,-634
ABprpaap,73,447,133,17.9,44,-303
ABprpaap,74,438,126,18.0,44,-804
ABprpaap,75,430,126,17.9,44,294
ABprpaap,76,427,128,17.0,44,-781
ABprpaap,77,423,123,17.1,44,-856
ABprpaap,78,419,122,17.1,46,-1132
ABprpaap,79,413,120,17.0,46,240
ABprpaap,80,410,118,16.9,44,-1033
ABprpaap,81,409,114,16.1,44,-937
ABprpaap,82,413,118,16.0,44,-1310
ABprpaap,83,411,118,15.1,46,-827
ABprpaap,84,411,113,15.1,44,-554
ABprpaap,85,415,111,14.9,43,-1830
ABprpaap,86,403,117,13.2,36,-527
ABprpaapa,87,378,103,13.2,32,331
ABprpaapa,88,374,101,12.1,35,-649
ABprpaapa,89,375,94,12.9,37,-522
ABprpaapa,90,364,95,12.1,36,-575
ABprpaapa,91,362,91,11.2,37,-400
ABprpaapa,92,356,91,11.4,37,-936
ABprpaapa,93,359,95,12.1,37,-725
ABprpaapa,94,356,96,10.3,37,-794
ABprpaapa,95,349,96,10.2,39,192
ABprpaapa,96,356,95,11.0,36,-866
ABprpaapa,97,357,99,10.9,36,-838
ABprpaapa,98,351,99,10.2,36,-1380
ABprpaapa,99,350,104,10.0,36,-201
ABprpaapa,100,350,102,10.3,38,-1021
ABprpaapa,101,341,106,10.1,36,-479
ABprpaapa,102,345,106,9.9,36,-760
ABprpaapa,103,338,110,10.1,36,-703
ABprpaapa,104,326,106,9.4,40,-90
ABprpaapa,105,320,107,10.0,38,-605
ABprpaapa,106,315,105,9.3,38,-381
ABprpaapa,107,314,106,10.3,38,-1237
ABprpaapa,108,309,103,11.2,38,-672
ABprpaapa,109,308,107,11.4,38,-227
ABprpaapa,110,313,108,11.4,38,-339
ABprpaapa,111,312,107,12.8,36,-1438
ABprpaapa,112,302,110,12.0,40,38
ABprpaapa,113,296,104,12.0,38,-1147
ABprpaapa,114,290,101,12.1,36,-259
ABprpaapa,115,293,102,12.1,37,-756
ABprpaapaa,116,288,104,12.3,37,-566
ABprpaapaa,117,280,104,13.0,34,-201
ABprpaapaa,118,268,104,13.9,33,-1047
ABprpaapaa,119,259,105,13.9,32,299
ABprpaapaa,120,254,110,14.0,31,20
ABprpaapaa,121,252,111,13.1,32,-430
ABprpaapaa,122,251,108,13.1,34,100
ABprpaapaa,123,250,105,13.2,34,257
ABprpaapaa,124,252,108,13.4,32,82
ABprpaapaa,125,240,110,13.2,32,-711
ABprpaapaa,126,241,121,13.3,32,-9
ABprpaapaa,127,231,124,14.0,34,-167
ABprpaapaa,128,224,124,14.0,30,726
ABprpaapaa,129,224,123,14.2,34,208
ABprpaapaa,130,226,127,15.0,34,-294
ABprpaapaa,131,225,125,14.3,34,180
ABprpaapaa,132,223,123,15.0,34,1167
ABprpaapaa,133,224,118,15.1,34,-134
ABprpaapaa,134,231,117,15.0,34,-168
ABprpaapaa,135,237,122,15.2,34,1437
ABprpaapaa,136,241,121,15.4,32,41
ABprpaapaa,137,243,120,15.3,34,-556
ABprpaapaa,138,243,116,15.3,34,1113
ABprpaapaa,139,235,117,15.1,34,1902
ABprpaapaa,140,239,122,14.3,34,938
ABprpaapaa,141,245,122,13.3,26,4365
ABprpaapaa,142,246,122,14.1,34,336
ABprpaapaa,143,238,121,14.2,34,1302
ABprpaapaa,144,240,130,14.1,34,332
ABprpaapaa,145,240,131,13.1,26,591
ABprpaapaa,146,239,135,14.1,34,788
ABprpaapaa,147,242,137,14.1,34,1241
ABprpaapaa,148,240,134,13.3,34,-237
ABprpaapaa,149,242,139,14.1,34,1141
ABprpaapaa,150,239,140,14.1,34,398
ABprpaapaa,151,242,142,15.1,34,1369
ABprpaapaa,152,235,141,14.2,34,54
ABprpaapaa,153,241,138,14.1,31,1293
ABprpaapaa,154,244,142,14.2,34,-395
ABprpaapaa,155,240,140,14.1,31,-180
ABprpaapaa,156,241,143,15.0,34,589
ABprpaapaa,157,245,140,14.3,31,677
ABprpaapaa,158,242,137,14.1,34,-79
ABprpaapaaa,159,228,146,14.4,26,-910
ABprpaapaaa,160,226,151,14.2,26,-663
ABprpaapaap,159,250,120,13.0,31,663
ABprpaapaap,160,253,118,13.0,31,119
ABprpaapap,116,299,101,14.0,26,-1431
ABprpaapap,117,299,101,14.0,26,-1512
ABprpaapap,118,306,100,12.9,35,-1204
ABprpaapap,119,306,100,11.2,32,-1013
ABprpaapap,120,305,102,11.1,35,877
ABprpaapap,121,297,100,11.3,32,361
ABprpaapap,122,295,103,11.5,32,1046
ABprpaapap,123,296,103,12.0,34,-1
ABprpaapap,124,297,101,12.2,34,959
ABprpaapap,125,289,102,12.4,34,606
ABprpaapap,126,288,113,12.3,34,795
ABprpaapap,127,286,116,13.0,30,23
ABprpaapap,128,279,119,12.3,34,-877
ABprpaapap,129,278,116,13.0,32,-670
ABprpaapap,130,282,116,12.3,32,-387
ABprpaapap,131,279,112,13.2,34,1405
ABprpaapap,132,275,112,13.2,34,2006
ABprpaapap,133,276,115,13.2,34,-1361
ABprpaapap,134,277,109,13.0,34,324
ABprpaapap,135,278,111,13.1,34,718
ABprpaapap,136,283,109,13.2,34,1651
ABprpaapap,137,287,100,13.2,34,517
ABprpaapap,138,289,100,13.1,34,764
ABprpaapap,139,286,101,13.2,34,1459
ABprpaapap,140,284,94,13.2,34,2329
ABprpaapap,141,292,91,14.0,32,1072
ABprpaapap,142,296,89,14.2,34,3541
ABprpaapap,143,292,89,13.4,34,1061
ABprpaapap,144,294,86,13.2,34,2951
ABprpaapap,145,289,89,13.2,32,2042
ABprpaapap,146,292,87,13.1,32,1997
ABprpaapap,147,291,87,13.0,34,2156
ABprpaapap,148,292,87,13.1,34,3151
ABprpaapap,149,287,87,13.1,32,2678
ABprpaapap,150,288,88,13.1,32,2712
ABprpaapap,151,284,89,13.1,34,3751
ABprpaapap,152,278,89,13.1,34,2644
ABprpaapap,153,276,91,13.1,31,4526
ABprpaapap,154,275,91,12.3,34,3671
ABprpaapap,155,275,92,13.0,31,2939
ABprpaapap,156,266,100,13.1,32,2422
ABprpaapap,157,269,103,13.1,31,2782
ABprpaapap,158,265,102,13.1,34,3446
ABprpaapap,159,265,99,12.0,31,1450
ABprpaapap,160,273,97,11.3,34,2492
ABprpaapp,87,426,126,13.0,30,-1029
ABprpaapp,88,427,124,12.2,35,-105
ABprpaapp,89,420,121,13.0,37,-1178
ABprpaapp,90,417,114,12.9,36,-579
ABprpaapp,91,410,112,12.1,39,-463
ABprpaapp,92,410,111,12.1,37,-168
ABprpaapp,93,407,116,11.3,37,-1950
ABprpaapp,94,406,112,11.9,35,-1045
ABprpaapp,95,395,107,12.2,37,-946
ABprpaapp,96,400,111,12.9,36,-789
ABprpaapp,97,403,111,12.0,38,34
ABprpaapp,98,399,113,12.2,38,-1540
ABprpaapp,99,396,111,11.3,38,-142
ABprpaapp,100,395,110,11.2,38,100
ABprpaapp,101,389,112,12.1,38,-675
ABprpaapp,102,392,107,12.9,36,-972
ABprpaapp,103,394,105,13.0,38,389
ABprpaapp,104,377,105,12.1,36,-842
ABprpaapp,105,373,101,12.2,38,-1002
ABprpaapp,106,380,101,12.1,38,-825
ABprpaapp,107,372,100,12.9,36,-1093
ABprpaapp,108,374,98,12.2,38,-308
ABprpaapp,109,371,100,13.1,36,-343
ABprpaapp,110,368,98,13.2,38,67
ABprpaapp,111,367,98,13.2,40,-1020
ABprpaapp,112,362,97,13.9,36,-1785
ABprpaapp,113,348,95,13.2,38,-461
ABprpaapp,114,346,99,14.0,36,-723
ABprpaapp,115,347,104,14.0,35,-477
ABprpaappa,116,325,97,13.9,35,-1232
ABprpaappa,117,326,91,13.0,34,-1459
ABprpaappa,118,331,92,12.0,26,176
ABprpaappa,119,331,86,12.9,32,-620
ABprpaappa,120,330,86,12.2,35,-90
ABprpaappa,121,324,86,12.3,32,-919
ABprpaappa,122,328,91,11.2,32,697
ABprpaappa,123,327,93,11.1,34,-1038
ABprpaappa,124,326,93,11.2,34,-738
ABprpaappa,125,315,93,11.2,34,-81
ABprpaappa,126,319,102,11.3,34,24
ABprpaappa,127,314,105,12.1,34,-565
ABprpaappa,128,312,108,12.1,34,-847
ABprpaappa,129,308,105,12.1,34,-1187
ABprpaappa,130,311,100,12.1,34,506
ABprpaappa,131,307,101,12.2,34,-88
ABprpaappa,132,309,98,12.2,34,-893
ABprpaappa,133,313,99,12.2,34,-294
ABprpaappa,134,312,95,12.3,34,-1073
ABprpaappa,135,307,94,12.1,34,179
ABprpaappa,136,308,93,11.3,34,-890
ABprpaappa,137,302,95,11.1,34,-24
ABprpaappa,138,309,98,11.1,34,389
ABprpaappa,139,301,109,11.3,34,-794
ABprpaappa,140,307,114,11.4,34,-1043
ABprpaappa,141,312,109,11.2,34,-970
ABprpaappa,142,305,114,11.3,34,-1824
ABprpaappa,143,294,116,11.2,34,-1073
ABprpaappa,144,290,116,11.3,34,-279
ABprpaappa,145,292,115,11.3,34,-1461
ABprpaappa,146,284,122,11.2,34,-752
ABprpaappa,147,284,122,11.1,32,-875
ABprpaappa,148,283,125,11.0,32,-464
ABprpaappa,149,283,123,11.1,34,-852
ABprpaappa,150,281,121,10.3,34,-316
ABprpaappa,151,285,122,10.3,34,-132
ABprpaappa,152,285,125,11.0,34,117
ABprpaappa,153,288,128,11.1,31,-1500
ABprpaappa,154,285,132,10.4,34,-265
ABprpaappa,155,286,130,10.2,31,-523
ABprpaappa,156,289,129,10.3,34,-1124
ABprpaappa,157,289,128,10.9,29,-2162
ABprpaappaa,158,270,127,10.4,28,-117
ABprpaappaa,159,262,126,10.5,31,663
ABprpaappaa,160,266,129,10.9,30,-1271
ABprpaappap,158,303,132,9.9,30,-820
ABprpaappap,159,307,135,9.0,29,-1596
ABprpaappap,160,316,135,9.7,30,-399
ABprpaappp,116,376,99,13.2,33,-714
ABprpaappp,117,380,98,14.1,34,290
ABprpaappp,118,387,100,13.9,33,-1196
ABprpaappp,119,382,90,13.8,32,-594
ABprpaappp,120,373,90,12.1,31,-1336
ABprpaappp,121,365,92,13.0,32,-126
ABprpaappp,122,364,94,13.2,34,40
ABprpaappp,123,367,96,12.4,34,639
ABprpaappp,124,362,94,13.1,30,-999
ABprpaappp,125,357,95,13.2,32,-528
ABprpaappp,126,356,100,13.9,30,-371
ABprpaappp,127,355,105,14.1,34,-582
ABprpaappp,128,351,100,14.1,34,-1566
ABprpaappp,129,354,105,14.1,34,318
ABprpaappp,130,355,105,14.2,34,-239
ABprpaappp,131,356,102,14.1,34,617
ABprpaappp,132,352,102,14.3,34,565
ABprpaappp,133,351,103,15.0,30,-516
ABprpaappp,134,347,106,14.4,34,-453
ABprpaappp,135,345,104,14.9,30,-122
ABprpaappp,136,342,99,14.1,34,235
ABprpaappp,137,343,102,14.1,34,-146
ABprpaappp,138,345,99,14.0,34,32
ABprpaappp,139,332,99,14.1,34,-855
ABprpaappp,140,333,100,14.1,34,-596
ABprpaappp,141,335,101,14.2,34,-405
ABprpaappp,142,333,99,14.1,34,-181
ABprpaappp,143,329,99,13.2,34,-661
ABprpaappp,144,328,100,14.0,34,-1136
ABprpaappp,145,327,98,12.4,34,-124
ABprpaappp,146,323,107,13.1,34,-23
ABprpaappp,147,322,101,13.0,34,-1113
ABprpaappp,148,322,107,12.3,34,-1382
ABprpaappp,149,320,105,13.2,34,-564
ABprpaappp,150,321,104,13.3,34,-522
ABprpaappp,151,313,102,14.2,34,-1006
ABprpaappp,152,309,99,14.1,34,-119
ABprpaappp,153,309,98,13.4,31,-1046
ABprpaappp,154,303,100,14.1,30,497
ABprpaappp,155,309,98,14.0,31,-307
ABprpaappp,156,332,97,14.2,30,1469
ABprpaappp,157,340,99,15.0,29,-195
ABprpaappp,158,338,94,15.0,26,-734
ABprpaappp,159,329,94,14.2,31,553
ABprpaappp,160,330,91,13.3,34,1177
ABprpap,47,466,247,18.1,38,69
ABprpap,48,474,238,17.2,38,430
ABprpap,49,488,242,18.1,53,-704
ABprpap,50,487,234,19.2,53,-123
ABprpap,51,492,215,20.0,53,-1233
ABprpap,52,500,192,20.1,53,206
ABprpap,53,490,183,20.0,53,-569
ABprpap,54,482,182,19.9,53,-302
ABprpap,55,477,180,19.9,53,-685
ABprpap,56,482,193,19.2,56,-787
ABprpap,57,476,202,19.1,57,-970
ABprpap,58,476,204,19.0,38,-746
ABprpap,59,481,204,19.1,51,-689
ABprpap,60,491,213,19.9,52,-803
ABprpap,61,499,208,19.1,51,-683
ABprpap,62,505,211,19.0,51,-889
ABprpap,63,511,211,19.0,50,-789
ABprpap,64,513,211,18.1,37,-952
ABprpapa,65,492,187,19.0,35,630
ABprpapa,66,499,182,20.0,40,-567
ABprpapa,67,497,191,21.0,39,91
ABprpapa,68,497,178,20.1,45,414
ABprpapa,69,491,177,20.1,43,25
ABprpapa,70,491,170,20.1,44,-565
ABprpapa,71,486,166,20.1,44,-1397
ABprpapa,72,479,166,20.0,44,-597
ABprpapa,73,472,161,20.1,46,-1084
ABprpapa,74,463,162,20.1,44,-576
ABprpapa,75,458,154,20.1,44,-638
ABprpapa,76,457,150,20.1,48,-758
ABprpapa,77,449,148,20.1,46,-139
ABprpapa,78,450,143,19.3,46,435
ABprpapa,79,434,144,20.1,46,46
ABprpapa,80,425,145,20.2,46,-525
ABprpapa,81,422,146,20.1,46,-666
ABprpapa,82,414,145,20.1,46,-655
ABprpapa,83,411,144,20.1,44,-1112
ABprpapa,84,408,146,20.1,46,-851
ABprpapa,85,414,145,20.0,43,-543
ABprpapa,86,410,146,18.1,32,265
ABprpapaa,87,382,129,19.1,34,-83
ABprpapaa,88,374,124,17.0,37,-641
ABprpapaa,89,372,116,17.1,37,-372
ABprpapaa,90,366,110,18.1,36,249
ABprpapaa,91,363,105,17.2,39,152
ABprpapaa,92,361,104,17.3,37,-752
ABprpapaa,93,353,106,18.2,39,464
ABprpapaa,94,359,104,17.2,37,200
ABprpapaa,95,347,103,17.3,39,248
ABprpapaa,96,356,111,18.1,38,-421
ABprpapaa,97,352,112,18.2,40,-255
ABprpapaa,98,347,116,19.1,36,-669
ABprpapaa,99,345,120,19.0,40,-459
ABprpapaa,100,344,111,18.1,38,-1047
ABprpapaa,101,346,115,18.1,36,-1341
ABprpapaa,102,348,117,17.4,38,-637
ABprpapaa,103,346,116,18.1,36,-215
ABprpapaa,104,340,118,18.0,36,-528
ABprpapaa,105,337,124,17.3,38,-1141
ABprpapaa,106,341,127,17.1,38,-504
ABprpapaa,107,338,128,17.2,36,-1355
ABprpapaa,108,340,134,18.0,38,-497
ABprpapaa,109,344,142,18.0,40,-902
ABprpapaa,110,343,142,18.1,40,-560
ABprpapaa,111,340,145,18.1,40,-1502
ABprpapaa,112,336,144,18.1,38,-400
ABprpapaa,113,335,147,18.2,40,-216
ABprpapaa,114,339,150,17.3,38,95
ABprpapaa,115,338,148,17.2,39,-834
ABprpapaa,116,344,154,17.3,37,-1143
ABprpapaa,117,345,151,17.0,34,3
ABprpapaa,118,347,146,18.0,33,-250
ABprpapaaa,119,322,140,18.2,34,-1560
ABprpapaaa,120,322,140,18.9,31,-350
ABprpapaaa,121,323,142,18.0,30,-75
ABprpapaaa,122,320,146,18.0,30,-652
ABprpapaaa,123,318,149,18.0,30,-749
ABprpapaaa,124,316,153,18.2,32,-997
ABprpapaaa,125,312,156,18.2,34,-675
ABprpapaaa,126,312,159,19.1,34,-663
ABprpapaaa,127,312,161,19.1,34,-831
ABprpapaaa,128,316,159,19.0,34,-971
ABprpapaaa,129,321,164,18.1,34,-783
ABprpapaaa,130,328,163,18.0,34,-346
ABprpapaaa,131,328,163,18.0,34,-906
ABprpapaaa,132,327,165,18.1,34,-703
ABprpapaaa,133,331,167,18.1,32,-1174
ABprpapaaa,134,329,166,18.0,34,-1039
ABprpapaaa,135,332,170,18.0,34,-1741
ABprpapaaa,136,337,165,18.1,34,-3
ABprpapaaa,137,335,170,18.1,34,636
ABprpapaaa,138,332,175,18.2,34,-1045
ABprpapaaa,139,325,177,18.2,34,172
ABprpapaaa,140,326,176,19.2,34,570
ABprpapaaa,141,329,180,19.1,34,-769
ABprpapaaa,142,328,187,19.1,32,5
ABprpapaaa,143,323,184,18.3,34,-373
ABprpapaaa,144,323,184,18.3,34,-99
ABprpapaaa,145,323,179,19.2,34,605
ABprpapaaa,146,326,185,19.1,34,-475
ABprpapaaa,147,331,182,19.2,34,-691
ABprpapaaa,148,321,179,19.1,32,-552
ABprpapaaa,149,323,181,19.1,32,776
ABprpapaaa,150,318,181,19.1,32,-849
ABprpapaaa,151,315,186,19.1,34,-351
ABprpapaaa,152,323,185,19.1,34,-105
ABprpapaaa,153,322,187,19.0,31,256
ABprpapaaa,154,323,186,19.1,34,-503
ABprpapaaa,155,324,185,18.3,31,419
ABprpapaaa,156,331,186,19.1,34,-851
ABprpapaaa,157,330,186,19.2,31,-1750
ABprpapaaa,158,326,184,18.2,34,-640
ABprpapaaa,159,320,182,18.1,31,-200
ABprpapaaa,160,317,174,18.1,34,-109
ABprpapaap,119,368,148,17.1,32,-179
ABprpapaap,120,371,150,17.2,31,1642
ABprpapaap,121,370,154,17.9,30,-1222
ABprpapaap,122,369,155,19.0,34,782
ABprpapaap,123,372,159,21.1,34,-412
ABprpapaap,124,368,163,21.1,34,-227
ABprpapaap,125,368,163,21.1,34,-792
ABprpapaap,126,362,160,20.0,34,-460
ABprpapaap,127,368,156,21.1,30,45
ABprpapaap,128,373,163,21.1,34,319
ABprpapaap,129,373,165,21.1,34,-989
ABprpapaap,130,376,175,21.0,34,-1569
ABprpapaap,131,378,177,20.2,34,-442
ABprpapaap,132,380,181,21.1,34,444
ABprpapaap,133,384,181,21.0,34,-663
ABprpapaap,134,379,184,20.2,34,-950
ABprpapaap,135,384,177,21.0,30,125
ABprpapaap,136,388,176,20.3,34,-776
ABprpapaap,137,389,183,20.2,34,571
ABprpapaap,138,388,181,20.2,34,-1131
ABprpapaap,139,381,175,21.1,34,-518
ABprpapaap,140,380,187,20.3,34,-4
ABprpapaap,141,380,190,20.3,34,-592
ABprpapaap,142,381,193,20.3,34,-13
ABprpapaap,143,376,191,20.2,34,-766
ABprpapaap,144,378,195,20.2,34,-1484
ABprpapaap,145,376,189,20.1,34,-64
ABprpapaap,146,374,188,20.1,34,-1643
ABprpapaap,147,379,183,20.2,34,-635
ABprpapaap,148,383,179,20.1,34,-1117
ABprpapaap,149,377,176,21.0,34,-262
ABprpapaap,150,374,182,20.2,34,-474
ABprpapaap,151,374,183,21.0,34,-910
ABprpapaap,152,379,184,21.0,32,24
ABprpapaap,153,373,189,20.3,31,-550
ABprpapaap,154,372,185,20.2,34,-1390
ABprpapaap,155,373,180,21.0,31,-1158
ABprpapaap,156,375,186,21.1,30,-1568
ABprpapaap,157,377,184,21.0,29,1008
ABprpapaapa,158,351,181,20.9,30,-1397
ABprpapaapa,159,342,181,21.0,24,-401
ABprpapaapa,160,345,177,21.1,30,35
ABprpapaapp,158,398,175,21.0,30,-1483
ABprpapaapp,159,396,179,21.5,30,-172
ABprpapaapp,160,393,184,21.9,30,-864
ABprpapap,87,438,141,19.1,36,230
ABprpapap,88,424,137,19.1,37,-287
ABprpapap,89,419,141,20.1,37,278
ABprpapap,90,404,140,20.1,40,-868
ABprpapap,91,391,140,20.2,39,-117
ABprpapap,92,381,148,20.1,37,-1019
ABprpapap,93,382,154,19.3,39,-384
ABprpapap,94,382,151,20.0,37,-262
ABprpapap,95,379,141,19.3,39,-216
ABprpapap,96,384,140,19.3,40,-705
ABprpapap,97,378,138,19.1,38,-976
ABprpapap,98,378,138,18.2,38,-191
ABprpapap,99,379,127,18.1,38,215
ABprpapap,100,380,128,18.1,38,-55
ABprpapap,101,381,127,18.1,36,-520
ABprpapap,102,381,137,18.0,40,-690
ABprpapap,103,381,135,18.1,38,-543
ABprpapap,104,375,130,18.0,40,-1108
ABprpapap,105,378,125,18.1,40,-1331
ABprpapap,106,373,128,19.1,40,-242
ABprpapap,107,378,133,19.2,38,-636
ABprpapap,108,375,139,20.1,40,-1224
ABprpapap,109,373,143,20.3,40,-657
ABprpapap,110,367,139,20.2,40,-211
ABprpapap,111,369,140,21.0,40,-286
ABprpapap,112,365,139,21.1,40,252
ABprpapap,113,366,144,21.1,40,-334
ABprpapap,114,376,154,21.1,40,-338
ABprpapap,115,377,156,21.1,39,407
ABprpapap,116,380,172,21.0,37,-1187
ABprpapap,117,376,171,20.9,34,-412
ABprpapapa,118,365,171,20.1,33,891
ABprpapapa,119,364,162,21.0,32,-840
ABprpapapa,120,364,161,20.0,26,281
ABprpapapa,121,364,159,19.4,28,-345
ABprpapapa,122,365,157,18.8,30,913
ABprpapapa,123,366,155,18.2,32,-434
ABprpapapa,124,363,160,18.3,34,64
ABprpapapa,125,359,157,18.1,32,270
ABprpapapa,126,359,157,18.1,32,-1152
ABprpapapa,127,356,164,19.0,34,-1566
ABprpapapa,128,351,162,18.0,34,-858
ABprpapapa,129,355,164,19.0,34,-952
ABprpapapa,130,355,168,19.0,30,-453
ABprpapapa,131,356,172,18.3,34,-285
ABprpapapa,132,353,172,18.2,26,972
ABprpapapa,133,361,172,19.0,30,552
ABprpapapa,134,357,177,19.1,34,-727
ABprpapapa,135,357,177,19.1,34,245
ABprpapapa,136,365,166,18.3,34,-324
ABprpapapa,137,367,170,18.2,34,-1007
ABprpapapa,138,368,170,18.3,34,-799
ABprpapapa,139,360,169,18.2,34,-719
ABprpapapa,140,358,168,18.1,34,65
ABprpapapa,141,361,175,18.2,34,-66
ABprpapapa,142,358,177,18.3,34,-1236
ABprpapapa,143,353,173,19.1,34,252
ABprpapapa,144,357,173,18.3,26,-84
ABprpapapa,145,357,173,18.3,26,973
ABprpapapa,146,355,165,19.0,34,-1343
ABprpapapa,147,354,163,18.3,32,-700
ABprpapapa,148,350,160,19.0,26,870
ABprpapapa,149,348,160,19.0,26,-901
ABprpapapa,150,345,159,19.0,26,-1672
ABprpapapa,151,343,159,19.1,26,-50
ABprpapapa,152,340,158,19.1,26,-220
ABprpapapa,153,338,158,19.1,26,-988
ABprpapapa,154,335,157,19.1,26,638
ABprpapapa,155,339,153,20.0,31,331
ABprpapapa,156,333,155,19.1,26,-1465
ABprpapapa,157,339,152,19.1,31,-1163
ABprpapapa,158,339,152,19.1,31,874
ABprpapapa,159,320,144,18.0,31,41
ABprpapapa,160,318,142,18.2,34,-128
ABprpapapp,118,400,181,20.1,37,-603
ABprpapapp,119,416,179,21.0,32,-334
ABprpapapp,120,412,184,21.0,31,-197
ABprpapapp,121,412,180,21.1,34,-457
ABprpapapp,122,415,183,21.0,34,-1124
ABprpapapp,123,417,181,20.3,34,91
ABprpapapp,124,415,179,20.2,34,512
ABprpapapp,125,408,177,20.2,34,-1295
ABprpapapp,126,411,179,21.0,34,-1177
ABprpapapp,127,414,175,21.0,34,-1062
ABprpapapp,128,419,175,21.1,34,365
ABprpapapp,129,420,185,21.0,30,-548
ABprpapapp,130,419,191,21.1,30,-150
ABprpapapp,131,418,195,21.1,34,-730
ABprpapapp,132,424,191,21.1,34,-371
ABprpapapp,133,418,192,21.1,34,-874
ABprpapapp,134,418,194,21.1,34,-688
ABprpapapp,135,420,199,21.1,30,-272
ABprpapapp,136,423,196,21.0,34,-522
ABprpapapp,137,426,206,20.1,34,172
ABprpapapp,138,420,210,20.1,34,-1710
ABprpapapp,139,418,202,20.2,34,-63
ABprpapapp,140,415,196,21.0,30,346
ABprpapapp,141,417,201,21.1,34,-469
ABprpapapp,142,414,198,21.1,32,-750
ABprpapapp,143,411,203,21.1,34,206
ABprpapapp,144,417,204,20.2,34,297
ABprpapapp,145,415,203,21.1,34,-1428
ABprpapapp,146,411,207,21.1,26,-1291
ABprpapapp,147,411,203,21.1,34,225
ABprpapapp,148,420,200,21.1,34,-558
ABprpapapp,149,409,212,21.1,34,1976
ABprpapapp,150,410,204,21.1,34,1063
ABprpapapp,151,413,202,21.1,34,-675
ABprpapapp,152,417,202,21.1,34,-181
ABprpapapp,153,413,201,21.1,31,-860
ABprpapapp,154,414,195,21.2,34,-1634
ABprpapapp,155,414,193,21.1,31,-1047
ABprpapapp,156,416,195,21.0,32,-586
ABprpapapp,157,420,191,21.0,29,1917
ABprpapapp,158,421,186,21.0,30,-372
ABprpapapp,159,437,199,21.1,31,-539
ABprpapapp,160,439,200,20.2,34,-760
ABprpapp,65,535,230,19.0,39,-824
ABprpapp,66,550,224,19.0,40,-984
ABprpapp,67,559,228,18.1,43,-1102
ABprpapp,68,557,221,18.1,45,-1107
ABprpapp,69,549,213,19.1,45,-964
ABprpapp,70,548,208,19.0,44,-951
ABprpapp,71,542,211,19.1,46,-691
ABprpapp,72,540,203,18.4,46,-401
ABprpapp,73,530,203,19.1,44,-697
ABprpapp,74,519,196,19.9,44,-715
ABprpapp,75,515,190,19.2,46,-202
ABprpapp,76,519,187,20.0,44,-635
ABprpapp,77,515,184,20.1,44,-357
ABprpapp,78,512,182,20.1,48,-732
ABprpapp,79,503,178,20.0,46,-1068
ABprpapp,80,491,176,20.1,48,-457
ABprpapp,81,491,169,19.2,48,-649
ABprpapp,82,485,170,20.2,48,-695
ABprpapp,83,491,170,19.1,48,-371
ABprpapp,84,490,168,20.0,44,-1387
ABprpapp,85,488,169,18.3,35,-790
ABprpappa,86,465,149,19.1,32,-807
ABprpappa,87,474,140,19.0,40,-1159
ABprpappa,88,458,146,19.0,37,237
ABprpappa,89,456,152,20.1,37,-8
ABprpappa,90,440,158,20.0,40,-684
ABprpappa,91,425,161,19.2,37,-396
ABprpappa,92,417,163,20.0,37,-808
ABprpappa,93,419,164,19.2,37,821
ABprpappa,94,414,164,20.9,35,-1192
ABprpappa,95,409,167,20.1,39,174
ABprpappa,96,402,170,20.1,40,412
ABprpappa,97,397,168,20.1,38,1059
ABprpappa,98,394,164,20.1,38,-202
ABprpappa,99,394,155,20.1,38,1221
ABprpappa,100,384,152,20.1,36,1124
ABprpappa,101,378,153,21.0,40,142
ABprpappa,102,378,153,21.0,40,1927
ABprpappa,103,376,151,20.0,40,725
ABprpappa,104,368,155,20.2,40,1871
ABprpappa,105,369,162,20.1,40,2527
ABprpappa,106,377,168,20.1,40,2092
ABprpappa,107,378,173,19.3,38,1371
ABprpappa,108,377,178,19.2,40,2282
ABprpappa,109,377,186,19.1,40,1062
ABprpappa,110,374,181,20.1,36,3227
ABprpappa,111,365,185,19.1,38,2218
ABprpappa,112,363,186,19.0,36,2356
ABprpappa,113,363,189,18.1,38,1582
ABprpappa,114,366,194,19.1,36,2056
ABprpappa,115,367,205,20.0,35,154
ABprpappaa,116,338,195,19.1,35,-66
ABprpappaa,117,333,190,20.9,34,1450
ABprpappaa,118,334,200,20.0,33,2298
ABprpappaa,119,331,188,20.0,26,1737
ABprpappaa,120,336,196,20.1,31,2654
ABprpappaa,121,335,192,20.1,34,1774
ABprpappaa,122,336,187,20.0,30,4042
ABprpappaa,123,336,187,20.0,30,3985
ABprpappaa,124,322,190,20.1,34,3612
ABprpappaa,125,321,183,20.2,34,4419
ABprpappaa,126,323,190,20.1,32,3590
ABprpappaa,127,320,189,21.0,34,4622
ABprpappaa,128,321,191,21.0,34,6515
ABprpappaa,129,325,198,20.2,34,2253
ABprpappaa,130,332,204,20.3,34,2595
ABprpappaa,131,331,203,20.3,34,3408
ABprpappaa,132,333,207,21.1,34,4912
ABprpappaa,133,335,205,21.0,34,4898
ABprpappaa,134,337,207,20.3,34,3199
ABprpappaa,135,334,209,21.0,34,5117
ABprpappaa,136,335,209,21.0,34,4836
ABprpappaa,137,338,217,21.1,34,4047
ABprpappaa,138,338,218,21.1,34,4426
ABprpappaa,139,340,218,21.2,34,4185
ABprpappaa,140,337,222,21.2,34,4507
ABprpappaa,141,339,215,21.1,34,4822
ABprpappaa,142,336,219,21.2,34,5008
ABprpappaa,143,320,225,21.1,30,8407
ABprpappaa,144,320,230,20.3,34,5626
ABprpappaa,145,320,224,21.0,34,4488
ABprpappaa,146,322,222,21.2,34,5852
ABprpappaa,147,325,223,21.2,34,5290
ABprpappaa,148,329,216,21.2,34,5927
ABprpappaa,149,320,219,21.3,34,5660
ABprpappaa,150,319,227,21.1,34,6057
ABprpappaa,151,322,233,21.1,34,7615
ABprpappaa,152,318,231,21.1,34,4173
ABprpappaa,153,318,233,20.9,29,959
ABprpappaa,154,325,233,20.1,30,3080
ABprpappaaa,155,295,227,20.1,26,651
ABprpappaaa,156,295,227,20.1,26,3135
ABprpappaaa,157,299,220,19.2,26,4516
ABprpappaaa,158,304,212,20.1,26,9104
ABprpappaaa,159,298,209,20.1,26,6945
ABprpappaaa,160,296,205,20.1,26,6177
ABprpappaap,155,341,227,19.1,31,342
ABprpappaap,156,335,233,20.1,26,3281
ABprpappaap,157,335,233,20.1,26,5918
ABprpappaap,158,329,234,20.3,26,3282
ABprpappaap,159,322,229,20.3,31,4711
ABprpappaap,160,322,229,20.3,31,4615
ABprpappap,116,386,218,20.0,35,-149
ABprpappap,117,382,222,20.0,34,1075
ABprpappap,118,386,226,20.1,35,1365
ABprpappap,119,383,217,20.1,34,1080
ABprpappap,120,380,217,20.2,33,1918
ABprpappap,121,384,218,20.3,34,2326
ABprpappap,122,390,214,20.1,34,1306
ABprpappap,123,381,208,21.1,34,1966
ABprpappap,124,374,208,21.0,34,2545
ABprpappap,125,374,203,20.4,32,2813
ABprpappap,126,374,204,20.3,32,2205
ABprpappap,127,384,207,20.3,34,3861
ABprpappap,128,382,213,20.1,34,1427
ABprpappap,129,383,217,21.0,34,2481
ABprpappap,130,377,225,20.1,34,2223
ABprpappap,131,375,230,20.2,34,1349
ABprpappap,132,381,226,20.1,34,1733
ABprpappap,133,383,227,20.2,32,3225
ABprpappap,134,380,228,20.1,34,2987
ABprpappap,135,378,224,20.2,32,2291
ABprpappap,136,381,220,20.1,34,3658
ABprpappap,137,383,221,19.3,34,2469
ABprpappap,138,378,225,20.2,34,4070
ABprpappap,139,377,230,20.1,34,2975
ABprpappap,140,374,236,19.0,34,1882
ABprpappap,141,372,244,19.1,34,2813
ABprpappap,142,375,246,20.1,34,3690
ABprpappap,143,371,246,20.2,34,4590
ABprpappap,144,369,240,20.1,34,6046
ABprpappap,145,369,236,20.1,34,5400
ABprpappap,146,370,233,20.2,34,3613
ABprpappap,147,377,236,20.1,34,1988
ABprpappap,148,375,225,21.0,34,7096
ABprpappap,149,372,226,21.1,30,6693
ABprpappap,150,368,225,21.1,34,5646
ABprpappap,151,372,228,21.0,34,5820
ABprpappap,152,368,230,21.0,34,5207
ABprpappap,153,360,236,21.0,31,4485
ABprpappap,154,364,233,20.2,34,2073
ABprpappap,155,366,225,20.9,29,484
ABprpappapa,156,351,214,20.1,24,1324
ABprpappapa,157,351,214,20.1,24,4057
ABprpappapa,158,351,213,20.1,26,4290
ABprpappapa,159,344,212,20.2,31,6112
ABprpappapa,160,348,207,21.0,34,4746
ABprpappapp,156,389,234,20.1,26,248
ABprpappapp,157,389,234,20.1,26,1807
ABprpappapp,158,386,242,20.2,26,2247
ABprpappapp,159,380,249,21.0,31,3180
ABprpappapp,160,380,244,20.2,32,3779
ABprpappp,86,517,180,19.0,38,-527
ABprpappp,87,523,175,19.0,40,781
ABprpappp,88,513,166,19.9,37,239
ABprpappp,89,508,162,19.3,39,43
ABprpappp,90,485,163,19.0,36,128
ABprpappp,91,485,160,19.3,37,386
ABprpappp,92,478,168,20.0,39,-50
ABprpappp,93,470,167,19.1,37,358
ABprpappp,94,463,165,19.2,37,709
ABprpappp,95,456,162,19.3,39,644
ABprpappp,96,450,165,20.1,38,1064
ABprpappp,97,446,172,20.1,38,505
ABprpappp,98,446,172,20.1,38,2137
ABprpappp,99,436,170,20.1,36,847
ABprpappp,100,433,162,21.0,40,-57
ABprpappp,101,431,159,20.9,36,1325
ABprpappp,102,432,159,20.2,38,1004
ABprpappp,103,430,167,21.0,38,-24
ABprpappp,104,423,157,21.0,36,-147
ABprpappp,105,425,160,21.0,38,1128
ABprpappp,106,431,172,20.2,38,76
ABprpappp,107,435,174,21.0,38,1870
ABprpappp,108,434,181,21.1,40,2256
ABprpappp,109,431,195,20.2,38,1472
ABprpappp,110,433,195,20.2,38,846
ABprpappp,111,421,197,20.1,38,1780
ABprpappp,112,416,193,20.2,40,1208
ABprpappp,113,420,193,21.1,40,1405
ABprpappp,114,426,209,20.1,40,1905
ABprpappp,115,419,211,20.0,35,1010
ABprpappp,116,428,224,20.1,35,497
ABprpapppa,117,407,219,20.1,26,543
ABprpapppa,118,416,223,21.0,33,234
ABprpapppa,119,421,222,20.1,34,44
ABprpapppa,120,424,220,20.1,35,1796
ABprpapppa,121,425,221,21.1,34,1558
ABprpapppa,122,434,222,21.1,34,2094
ABprpapppa,123,432,219,21.1,34,1181
ABprpapppa,124,428,218,20.3,34,1338
ABprpapppa,125,429,214,20.4,32,2435
ABprpapppa,126,431,217,21.1,34,3663
ABprpapppa,127,438,213,21.1,34,2836
ABprpapppa,128,441,213,20.3,34,1284
ABprpapppa,129,438,223,21.0,34,3286
ABprpapppa,130,434,232,20.9,30,2513
ABprpapppa,131,430,239,20.0,34,1365
ABprpapppa,132,430,239,20.0,34,1550
ABprpapppa,133,430,238,20.0,34,1227
ABprpapppa,134,430,237,20.1,34,1648
ABprpapppa,135,430,237,20.1,34,1079
ABprpapppa,136,430,236,20.1,34,2516
ABprpapppa,137,430,235,20.1,34,2249
ABprpapppa,138,429,239,20.2,32,3410
ABprpapppa,139,425,234,20.1,34,2919
ABprpapppa,140,418,225,19.2,34,2228
ABprpapppa,141,416,227,20.1,34,3409
ABprpapppa,142,415,232,20.1,34,3690
ABprpapppa,143,405,232,20.1,34,3236
ABprpapppa,144,413,233,20.1,34,4413
ABprpapppa,145,407,231,20.1,30,3672
ABprpapppa,146,406,225,20.2,34,3227
ABprpapppa,147,404,227,20.1,34,4226
ABprpapppa,148,405,226,20.0,34,2177
ABprpapppa,149,403,227,19.7,34,3091
ABprpapppa,150,401,228,19.5,34,3284
ABprpapppa,151,398,229,19.2,34,2955
ABprpapppa,152,394,222,19.3,34,2947
ABprpapppa,153,391,226,19.1,31,3805
ABprpapppa,154,390,216,19.3,34,1278
ABprpapppa,155,391,211,19.2,31,5691
ABprpapppa,156,391,212,18.3,34,3948
ABprpapppa,157,394,214,19.0,31,3323
ABprpapppa,158,390,213,20.0,30,1676
ABprpapppaa,159,369,203,19.1,29,719
ABprpapppaa,160,363,199,19.2,26,1850
ABprpapppap,159,405,222,19.2,31,464
ABprpapppap,160,413,214,19.2,34,1788
ABprpapppp,117,457,246,20.0,38,559
ABprpapppp,118,466,247,19.6,37,798
ABprpapppp,119,476,248,19.2,36,-19
ABprpapppp,120,474,249,20.1,35,941
ABprpapppp,121,478,245,22.0,26,2414
ABprpapppp,122,476,250,20.0,34,274
ABprpapppp,123,470,249,20.0,34,1578
ABprpapppp,124,470,249,20.0,34,1169
ABprpapppp,125,464,250,20.0,34,1901
ABprpapppp,126,474,244,20.2,34,1291
ABprpapppp,127,474,242,20.1,34,904
ABprpapppp,128,477,240,20.3,34,3199
ABprpapppp,129,478,245,20.1,32,2223
ABprpapppp,130,475,252,21.1,34,3803
ABprpapppp,131,474,249,21.0,30,2907
ABprpapppp,132,473,246,20.2,32,2034
ABprpapppp,133,476,243,20.3,32,3402
ABprpapppp,134,476,245,21.1,34,3433
ABprpapppp,135,478,241,21.1,34,3420
ABprpapppp,136,476,236,20.1,34,1889
ABprpapppp,137,481,241,20.2,34,1433
ABprpapppp,138,475,244,20.1,30,3098
ABprpapppp,139,473,242,20.1,34,3914
ABprpapppp,140,470,244,20.1,34,4249
ABprpapppp,141,468,248,19.1,32,5046
ABprpapppp,142,466,253,19.1,34,2181
ABprpapppp,143,464,252,19.1,32,5006
ABprpapppp,144,468,251,19.1,34,4011
ABprpapppp,145,469,251,19.1,32,3350
ABprpapppp,146,469,251,19.0,34,2722
ABprpapppp,147,469,248,19.1,34,2791
ABprpapppp,148,469,248,19.1,34,3711
ABprpapppp,149,468,246,19.1,34,3581
ABprpapppp,150,469,242,19.9,30,7261
ABprpapppp,151,467,244,20.0,30,5397
ABprpapppp,152,466,248,18.2,34,2894
ABprpapppp,153,468,249,18.1,31,3394
ABprpapppp,154,472,243,18.2,34,2949
ABprpapppp,155,473,241,18.2,31,3215
ABprpapppp,156,475,246,19.0,30,1133
ABprpapppp,157,475,249,19.0,31,437
ABprpappppa,158,459,230,19.0,30,1534
ABprpappppa,159,463,235,18.2,31,798
ABprpappppa,160,463,234,19.0,30,1647
ABprpappppp,158,491,264,20.0,30,1318
ABprpappppp,159,494,265,19.0,29,811
ABprpappppp,160,500,265,18.2,34,833
ABprpp,31,499,285,16.0,38,-929
ABprpp,32,513,262,17.0,37,-1060
ABprpp,33,517,261,17.1,56,-791
ABprpp,34,536,263,17.9,56,-1030
ABprpp,35,534,254,19.1,58,-720
ABprpp,36,540,240,19.2,60,-336
ABprpp,37,548,239,19.9,58,-836
ABprpp,38,556,235,19.2,61,-641
ABprpp,39,553,240,19.1,65,-1191
ABprpp,40,547,247,19.2,65,-698
ABprpp,41,549,246,19.2,61,-882
ABprpp,42,551,236,19.0,60,-1086
ABprpp,43,548,236,19.1,62,-419
ABprpp,44,554,226,19.7,61,-1172
ABprpp,45,553,220,18.9,62,-1094
ABprpp,46,554,213,18.8,61,-773
ABprpp,47,543,208,16.3,56,-1134
ABprppa,48,537,168,16.4,53,-522
ABprppa,49,536,159,17.2,53,-489
ABprppa,50,536,154,18.0,53,-375
ABprppa,51,540,147,16.2,53,-645
ABprppa,52,550,151,15.3,53,-600
ABprppa,53,549,147,15.1,53,-407
ABprppa,54,541,143,15.0,53,-788
ABprppa,55,539,146,15.1,53,-608
ABprppa,56,536,147,16.2,52,-591
ABprppa,57,537,155,18.0,51,-738
ABprppa,58,534,153,18.0,52,-753
ABprppa,59,541,164,18.1,53,-751
ABprppa,60,545,165,18.0,54,-400
ABprppa,61,559,171,18.0,51,-1327
ABprppa,62,560,169,17.1,51,-1129
ABprppa,63,555,165,16.3,52,-1176
ABprppa,64,553,167,15.2,51,-1132
ABprppa,65,545,166,15.1,43,-1386
ABprppaa,66,530,151,15.1,36,-929
ABprppaa,67,524,146,16.1,39,213
ABprppaa,68,521,143,16.1,43,-298
ABprppaa,69,518,133,16.1,43,-664
ABprppaa,70,521,129,15.9,44,-599
ABprppaa,71,523,133,16.0,44,194
ABprppaa,72,513,129,15.9,44,235
ABprppaa,73,500,126,16.0,44,-532
ABprppaa,74,494,125,16.0,44,-104
ABprppaa,75,492,123,16.1,44,55
ABprppaa,76,485,123,16.0,44,71
ABprppaa,77,481,122,16.0,44,-538
ABprppaa,78,479,118,15.1,44,-189
ABprppaa,79,465,115,16.0,44,-929
ABprppaa,80,462,114,15.8,44,-698
ABprppaa,81,458,111,15.1,44,-435
ABprppaa,82,460,117,16.0,44,-455
ABprppaa,83,464,121,16.1,44,-578
ABprppaa,84,464,120,16.1,44,-984
ABprppaa,85,473,121,15.0,43,-353
ABprppaa,86,466,121,14.1,44,-754
ABprppaa,87,473,117,15.0,40,-832
ABprppaa,88,458,115,15.2,41,-549
ABprppaa,89,455,112,16.0,39,-1311
ABprppaa,90,449,121,16.0,36,-1679
ABprppaaa,91,416,107,15.9,35,-539
ABprppaaa,92,414,107,16.9,35,-484
ABprppaaa,93,408,106,17.0,35,-416
ABprppaaa,94,410,106,17.0,35,-364
ABprppaaa,95,404,106,16.9,35,-368
ABprppaaa,96,412,109,16.9,36,723
ABprppaaa,97,414,110,16.2,36,15
ABprppaaa,98,415,108,16.0,36,-348
ABprppaaa,99,415,109,16.1,36,-462
ABprppaaa,100,416,110,16.1,36,-644
ABprppaaa,101,417,108,16.0,36,-1186
ABprppaaa,102,418,122,15.9,36,-1293
ABprppaaa,103,412,118,15.9,36,-41
ABprppaaa,104,402,117,15.1,38,-154
ABprppaaa,105,391,113,15.2,36,-543
ABprppaaa,106,389,114,15.0,36,-611
ABprppaaa,107,383,116,15.9,36,-26
ABprppaaa,108,377,109,16.0,36,-645
ABprppaaa,109,378,114,17.0,36,-934
ABprppaaa,110,374,112,16.1,36,-35
ABprppaaa,111,367,111,16.1,36,-1151
ABprppaaa,112,360,110,16.1,37,-1226
ABprppaaa,113,353,108,16.1,38,-965
ABprppaaa,114,357,114,17.0,36,-1141
ABprppaaa,115,360,116,16.3,39,-1089
ABprppaaa,116,362,119,17.1,39,-728
ABprppaaa,117,360,116,16.2,38,-174
ABprppaaa,118,363,115,16.2,37,-722
ABprppaaa,119,359,111,16.2,36,-597
ABprppaaa,120,358,116,16.0,35,798
ABprppaaa,121,358,116,16.1,34,356
ABprppaaa,122,359,120,16.1,34,-1435
ABprppaaa,123,355,121,16.0,34,-615
ABprppaaa,124,353,120,16.9,30,-1168
ABprppaaaa,125,325,121,16.9,30,-1104
ABprppaaaa,126,319,125,16.9,30,197
ABprppaaaa,127,314,124,17.0,30,-886
ABprppaaaa,128,308,111,16.2,26,-1302
ABprppaaaa,129,315,123,17.9,30,-557
ABprppaaaa,130,319,118,17.3,34,-605
ABprppaaaa,131,319,122,17.3,34,-1094
ABprppaaaa,132,324,117,17.3,34,-694
ABprppaaaa,133,327,120,17.3,34,220
ABprppaaaa,134,324,120,18.0,34,-414
ABprppaaaa,135,330,118,18.1,30,-1070
ABprppaaaa,136,328,121,17.2,34,-494
ABprppaaaa,137,337,115,17.1,34,717
ABprppaaaa,138,332,112,18.0,34,-14
ABprppaaaa,139,334,112,18.0,33,194
ABprppaaaa,140,336,112,18.0,32,-950
ABprppaaaa,141,338,112,18.0,31,1178
ABprppaaaa,142,340,111,18.0,30,-180
ABprppaaaa,143,341,111,17.5,30,118
ABprppaaaa,144,342,110,17.0,30,-953
ABprppaaaa,145,343,109,16.5,30,-2017
ABprppaaaa,146,344,108,16.0,30,-245
ABprppaaaa,147,345,112,16.5,30,264
ABprppaaaa,148,347,116,17.0,30,-496
ABprppaaaa,149,348,120,17.5,30,-890
ABprppaaaa,150,350,125,18.0,30,-1344
ABprppaaaa,151,350,125,17.7,30,16
ABprppaaaa,152,350,126,17.3,30,92
ABprppaaaa,153,350,127,17.0,30,-543
ABprppaaaa,154,350,128,16.7,30,-1521
ABprppaaaa,155,350,129,16.3,30,-1977
ABprppaaaa,156,351,130,16.0,30,-602
ABprppaaaa,157,349,130,16.3,30,1661
ABprppaaaa,158,347,129,16.5,30,297
ABprppaaaa,159,345,129,16.8,30,520
ABprppaaaa,160,342,128,17.0,30,492
ABprppaaap,125,357,114,16.1,30,311
ABprppaaap,126,361,116,16.0,30,-587
ABprppaaap,127,360,121,16.9,30,-814
ABprppaaap,128,357,120,17.1,30,-201
ABprppaaap,129,363,127,17.9,30,-853
ABprppaaap,130,363,129,17.9,30,-266
ABprppaaap,131,360,128,17.9,30,-1018
ABprppaaap,132,361,126,18.0,30,-1197
ABprppaaap,133,363,130,17.4,32,273
ABprppaaap,134,359,128,17.1,30,-32
ABprppaaap,135,357,121,16.4,32,-209
ABprppaaap,136,360,113,16.1,30,-1145
ABprppaaap,137,357,111,16.1,34,-680
ABprppaaap,138,359,110,17.0,30,735
ABprppaaap,139,349,112,17.1,30,33
ABprppaaap,140,347,107,16.9,30,-1244
ABprppaaap,141,353,102,17.0,30,88
ABprppaaap,142,351,99,16.9,30,202
ABprppaaap,143,347,97,17.0,30,1091
ABprppaaap,144,348,89,16.1,30,-319
ABprppaaap,145,354,89,15.0,30,-990
ABprppaaap,146,350,89,14.9,30,-955
ABprppaaap,147,348,93,14.9,30,783
ABprppaaap,148,350,105,15.9,30,583
ABprppaaap,149,349,102,15.9,30,252
ABprppaaap,150,353,104,15.0,28,169
ABprppaaap,151,353,108,15.8,30,507
ABprppaaap,152,354,110,15.9,30,150
ABprppaaap,153,361,112,15.4,31,477
ABprppaaap,154,359,111,15.1,32,96
ABprppaaap,155,357,115,15.1,31,-954
ABprppaaap,156,364,108,15.1,30,1283
ABprppaaap,157,358,120,15.2,31,1045
ABprppaaap,158,351,119,15.2,32,510
ABprppaaap,159,348,119,15.1,31,514
ABprppaaap,160,351,124,14.4,32,924
ABprppaap,91,459,128,17.8,35,110
ABprppaap,92,459,130,18.9,35,-107
ABprppaap,93,461,124,18.1,37,-1300
ABprppaap,94,460,126,18.1,37,-649
ABprppaap,95,458,127,18.0,35,45
ABprppaap,96,467,128,18.0,36,-323
ABprppaap,97,459,131,18.9,36,-758
ABprppaap,98,455,127,19.0,38,-1173
ABprppaap,99,459,125,18.1,38,115
ABprppaap,100,462,124,18.1,36,-580
ABprppaap,101,459,121,18.0,38,228
ABprppaap,102,459,123,18.2,38,-695
ABprppaap,103,452,126,18.3,38,-555
ABprppaap,104,438,122,18.2,40,-1510
ABprppaap,105,434,120,18.2,40,-8
ABprppaap,106,427,123,19.0,36,-91
ABprppaap,107,428,119,18.0,40,-213
ABprppaap,108,422,118,19.0,36,478
ABprppaap,109,419,122,19.0,36,-1433
ABprppaap,110,415,115,18.9,36,55
ABprppaap,111,410,116,18.3,40,-412
ABprppaap,112,401,118,18.9,36,-847
ABprppaap,113,396,120,19.0,40,-851
ABprppaap,114,406,127,18.0,40,-549
ABprppaap,115,406,126,19.1,39,40
ABprppaap,116,408,132,20.0,39,-861
ABprppaap,117,399,129,20.0,38,112
ABprppaap,118,402,135,20.2,37,-251
ABprppaap,119,407,137,20.2,36,-579
ABprppaap,120,407,136,20.1,35,-222
ABprppaap,121,409,140,19.0,30,109
ABprppaap,122,412,139,19.8,30,-1194
ABprppaapa,123,387,133,19.1,30,-442
ABprppaapa,124,383,135,18.1,26,190
ABprppaapa,125,378,127,18.2,32,-939
ABprppaapa,126,377,126,18.2,34,376
ABprppaapa,127,386,129,19.2,32,-592
ABprppaapa,128,393,132,19.2,34,-1738
ABprppaapa,129,400,131,19.2,34,-650
ABprppaapa,130,396,139,20.0,34,-28
ABprppaapa,131,400,144,20.1,34,-993
ABprppaapa,132,400,146,20.1,34,-1151
ABprppaapa,133,406,143,20.0,34,1086
ABprppaapa,134,401,152,20.1,34,-141
ABprppaapa,135,405,153,20.1,34,-375
ABprppaapa,136,414,150,20.2,32,-286
ABprppaapa,137,414,161,20.1,30,-416
ABprppaapa,138,413,156,20.3,34,-617
ABprppaapa,139,407,151,20.2,34,-282
ABprppaapa,140,402,152,20.2,34,929
ABprppaapa,141,401,152,20.1,34,-230
ABprppaapa,142,399,151,21.0,34,-857
ABprppaapa,143,395,160,20.3,34,-48
ABprppaapa,144,396,161,20.2,34,-645
ABprppaapa,145,398,161,20.0,34,-862
ABprppaapa,146,398,165,20.0,34,639
ABprppaapa,147,404,163,19.3,34,475
ABprppaapa,148,405,161,20.0,34,-499
ABprppaapa,149,403,159,19.2,34,102
ABprppaapa,150,402,161,19.2,34,488
ABprppaapa,151,405,160,20.0,34,-430
ABprppaapa,152,405,161,19.2,34,-570
ABprppaapa,153,402,163,19.2,31,47
ABprppaapa,154,399,157,20.1,34,-174
ABprppaapa,155,398,155,20.0,31,-467
ABprppaapa,156,401,159,19.1,34,-128
ABprppaapa,157,400,157,19.0,31,-680
ABprppaapa,158,397,155,18.1,34,91
ABprppaapa,159,387,165,20.2,31,-299
ABprppaapa,160,388,152,18.1,34,-291
ABprppaapp,123,441,146,20.9,30,61
ABprppaapp,124,439,142,20.9,30,-878
ABprppaapp,125,436,136,20.3,34,-92
ABprppaapp,126,435,141,21.0,34,-507
ABprppaapp,127,441,140,21.0,26,964
ABprppaapp,128,443,143,20.2,34,-768
ABprppaapp,129,440,149,21.0,34,-445
ABprppaapp,130,442,151,21.0,34,-711
ABprppaapp,131,442,155,21.1,34,-65
ABprppaapp,132,445,152,21.0,34,746
ABprppaapp,133,444,153,21.0,34,-241
ABprppaapp,134,446,156,20.2,34,-1148
ABprppaapp,135,444,157,20.2,34,-1473
ABprppaapp,136,449,156,20.2,34,-1157
ABprppaapp,137,451,160,21.0,34,-457
ABprppaapp,138,449,158,21.1,34,-148
ABprppaapp,139,442,157,21.1,32,-68
ABprppaapp,140,444,159,21.1,34,-899
ABprppaapp,141,445,150,21.0,26,-214
ABprppaapp,142,442,154,21.1,26,-2131
ABprppaapp,143,441,169,20.3,32,12
ABprppaapp,144,443,164,21.1,26,95
ABprppaapp,145,443,172,21.0,34,-1330
ABprppaapp,146,442,175,21.1,34,-688
ABprppaapp,147,446,174,21.0,34,108
ABprppaapp,148,449,177,21.0,34,-1396
ABprppaapp,149,450,171,20.2,34,-1491
ABprppaapp,150,444,167,20.2,34,206
ABprppaapp,151,447,172,21.1,34,-1177
ABprppaapp,152,451,174,21.1,34,-648
ABprppaapp,153,447,175,21.2,31,-1263
ABprppaapp,154,444,172,21.2,34,-653
ABprppaapp,155,447,167,21.1,31,233
ABprppaapp,156,445,167,21.1,34,68
ABprppaapp,157,450,165,21.2,31,404
ABprppaapp,158,450,156,21.1,34,-378
ABprppaapp,159,444,160,21.2,31,640
ABprppaapp,160,446,159,21.1,34,-184
ABprppap,66,561,168,13.3,34,-808
ABprppap,67,565,168,12.1,37,-717
ABprppap,68,566,172,12.1,41,-1823
ABprppap,69,572,174,12.9,43,-1602
ABprppap,70,576,179,13.1,44,-1195
ABprppap,71,586,183,14.0,44,-638
ABprppap,72,575,176,14.2,44,-585
ABprppap,73,565,171,15.9,44,-283
ABprppap,74,563,168,15.9,44,-604
ABprppap,75,556,165,16.0,44,-508
ABprppap,76,557,167,16.0,44,-277
ABprppap,77,545,164,15.3,46,280
ABprppap,78,542,163,16.1,44,-1353
ABprppap,79,523,162,16.0,44,-847
ABprppap,80,514,157,16.0,44,-1208
ABprppap,81,508,158,16.0,44,-943
ABprppap,82,510,166,16.0,46,-1012
ABprppap,83,509,168,16.0,44,-256
ABprppap,84,511,175,15.2,46,-647
ABprppap,85,515,184,14.1,47,-788
ABprppap,86,508,185,15.0,42,-1588
ABprppap,87,513,181,15.1,40,-1320
ABprppap,88,498,173,14.1,35,-1307
ABprppapa,89,474,167,13.9,37,347
ABprppapa,90,461,168,13.1,36,-329
ABprppapa,91,461,159,14.2,37,-788
ABprppapa,92,466,156,14.0,39,-326
ABprppapa,93,468,158,14.0,35,-1650
ABprppapa,94,471,156,14.1,39,-1381
ABprppapa,95,466,157,14.1,37,-1987
ABprppapa,96,472,155,14.0,36,273
ABprppapa,97,468,151,14.2,38,-1172
ABprppapa,98,465,147,14.9,36,-259
ABprppapa,99,465,142,14.1,36,-1564
ABprppapa,100,467,140,14.0,38,-1843
ABprppapa,101,467,140,14.0,36,-1141
ABprppapa,102,472,139,14.2,38,-723
ABprppapa,103,466,139,14.2,40,488
ABprppapa,104,466,133,15.0,38,-472
ABprppapa,105,459,131,15.2,40,-265
ABprppapa,106,456,130,15.3,40,-926
ABprppapa,107,451,134,15.3,38,-1378
ABprppapa,108,448,129,16.2,36,-880
ABprppapa,109,447,140,17.0,36,-1472
ABprppapa,110,440,133,16.1,40,-1613
ABprppapa,111,433,134,16.2,38,-297
ABprppapa,112,425,131,16.1,38,216
ABprppapa,113,419,128,16.1,38,-839
ABprppapa,114,409,123,15.3,38,-1190
ABprppapa,115,410,126,16.0,39,-786
ABprppapa,116,411,123,16.1,39,-565
ABprppapa,117,406,119,16.0,38,-1144
ABprppapa,118,410,120,15.3,37,-1002
ABprppapa,119,410,113,16.2,32,-803
ABprppapaa,120,389,99,15.1,31,-872
ABprppapaa,121,392,99,16.0,30,-832
ABprppapaa,122,391,99,16.0,30,-715
ABprppapaa,123,390,102,16.1,34,-170
ABprppapaa,124,388,104,16.1,34,-1565
ABprppapaa,125,381,99,16.9,30,-913
ABprppapaa,126,379,106,15.4,26,-1159
ABprppapaa,127,379,106,15.4,26,-300
ABprppapaa,128,377,108,17.0,26,-354
ABprppapaa,129,377,117,16.2,26,941
ABprppapaa,130,382,120,17.1,26,-1047
ABprppapaa,131,382,120,17.1,26,-273
ABprppapaa,132,383,121,17.1,26,-1280
ABprppapaa,133,388,130,17.0,26,-1108
ABprppapaa,134,378,131,18.1,26,-1267
ABprppapaa,135,378,129,18.1,28,-844
ABprppapaa,136,379,127,18.0,31,-1529
ABprppapaa,137,380,125,18.0,34,-1044
ABprppapaa,138,386,121,17.3,34,-101
ABprppapaa,139,383,120,18.1,34,-1176
ABprppapaa,140,378,122,17.3,34,-699
ABprppapaa,141,382,125,18.0,34,-274
ABprppapaa,142,379,120,17.3,34,-612
ABprppapaa,143,378,123,18.2,34,-1928
ABprppapaa,144,380,124,18.1,34,-1088
ABprppapaa,145,382,122,18.0,34,-54
ABprppapaa,146,383,124,17.2,34,-1015
ABprppapaa,147,387,122,17.1,34,-221
ABprppapaa,148,391,122,17.2,34,-557
ABprppapaa,149,398,119,17.2,34,-830
ABprppapaa,150,397,121,17.2,34,-324
ABprppapaa,151,395,122,17.3,34,-551
ABprppapaa,152,399,119,18.0,34,-92
ABprppapaa,153,400,119,18.0,31,-325
ABprppapaa,154,397,115,17.3,34,-908
ABprppapaa,155,390,113,17.3,31,127
ABprppapaa,156,392,117,17.2,34,-772
ABprppapaa,157,389,120,17.3,31,-954
ABprppapaa,158,389,117,17.0,30,-297
ABprppapaa,159,391,115,17.0,29,-1148
ABprppapaaa,160,371,112,17.2,26,-1086
ABprppapaap,160,418,113,17.1,28,-237
ABprppapap,120,434,123,17.0,31,-772
ABprppapap,121,442,115,16.9,30,-277
ABprppapap,122,442,107,16.1,30,-117
ABprppapap,123,438,113,17.3,32,-675
ABprppapap,124,441,113,17.1,30,-1200
ABprppapap,125,432,105,17.1,34,542
ABprppapap,126,430,110,17.2,34,534
ABprppapap,127,426,109,18.0,30,64
ABprppapap,128,425,112,17.2,32,1147
ABprppapap,129,427,118,17.0,30,399
ABprppapap,130,428,123,17.9,30,339
ABprppapap,131,425,125,18.0,34,-608
ABprppapap,132,430,121,17.2,34,-192
ABprppapap,133,433,124,18.1,30,-1659
ABprppapap,134,425,130,18.1,30,46
ABprppapap,135,419,123,17.3,32,-292
ABprppapap,136,424,122,18.0,32,-128
ABprppapap,137,427,127,18.1,30,180
ABprppapap,138,424,127,18.1,30,-417
ABprppapap,139,420,123,18.2,34,-132
ABprppapap,140,418,121,18.1,34,-372
ABprppapap,141,427,123,18.1,34,45
ABprppapap,142,422,126,17.4,34,48
ABprppapap,143,421,123,18.3,34,-334
ABprppapap,144,423,126,18.3,34,-387
ABprppapap,145,425,121,18.1,34,-409
ABprppapap,146,424,120,18.1,32,82
ABprppapap,147,431,121,17.3,34,-370
ABprppapap,148,434,117,17.2,34,-805
ABprppapap,149,444,113,16.4,34,80
ABprppapap,150,447,111,16.3,34,537
ABprppapap,151,448,111,17.1,34,-283
ABprppapap,152,460,112,16.3,34,838
ABprppapap,153,457,119,16.3,31,648
ABprppapap,154,458,115,16.1,34,205
ABprppapap,155,457,113,16.1,31,-1080
ABprppapap,156,463,113,16.1,34,-626
ABprppapap,157,457,119,15.3,31,-485
ABprppapap,158,460,117,15.3,34,751
ABprppapap,159,463,116,15.2,31,-622
ABprppapap,160,461,116,15.2,34,-527
ABprppapp,89,525,181,14.2,33,228
ABprppapp,90,520,185,15.0,34,308
ABprppapp,91,524,184,15.0,35,-249
ABprppapp,92,532,180,14.4,39,-1505
ABprppapp,93,533,178,15.0,37,-947
ABprppapp,94,533,179,15.0,35,-823
ABprppapp,95,529,181,15.1,37,-1149
ABprppapp,96,530,181,15.2,36,-1650
ABprppapp,97,524,180,15.9,36,-1059
ABprppapp,98,517,170,15.9,36,-2001
ABprppapp,99,517,169,14.3,38,-282
ABprppapp,100,516,167,14.3,38,-1247
ABprppapp,101,518,167,14.3,38,-6
ABprppapp,102,519,171,15.0,38,-1130
ABprppapp,103,515,167,15.0,36,-1222
ABprppapp,104,508,167,15.1,36,-1066
ABprppapp,105,504,159,15.0,38,-896
ABprppapp,106,501,158,14.3,38,133
ABprppapp,107,501,153,14.3,38,-691
ABprppapp,108,496,145,15.1,38,-487
ABprppapp,109,492,145,15.2,40,-866
ABprppapp,110,493,144,15.3,38,-903
ABprppapp,111,488,145,16.0,40,-596
ABprppapp,112,480,137,16.1,38,-1090
ABprppapp,113,473,128,16.1,40,-1041
ABprppapp,114,476,128,16.2,40,-1232
ABprppapp,115,479,124,16.2,39,-706
ABprppapp,116,483,124,17.0,39,-917
ABprppapp,117,480,128,17.1,38,-560
ABprppapp,118,477,132,17.1,37,-483
ABprppapp,119,474,136,17.2,36,-863
ABprppapp,120,470,140,17.2,35,-176
ABprppappa,121,462,129,17.9,30,-180
ABprppappa,122,455,127,18.1,30,-88
ABprppappa,123,461,132,18.0,30,-1170
ABprppappa,124,462,136,18.1,34,-592
ABprppappa,125,459,124,17.4,34,1119
ABprppappa,126,457,128,17.2,34,549
ABprppappa,127,452,129,18.1,30,116
ABprppappa,128,459,126,17.1,34,-768
ABprppappa,129,462,127,17.1,34,650
ABprppappa,130,459,137,17.3,34,-170
ABprppappa,131,453,141,17.4,34,369
ABprppappa,132,458,143,17.3,32,-553
ABprppappa,133,459,142,17.4,34,-103
ABprppappa,134,454,144,17.3,34,-806
ABprppappa,135,451,143,18.1,34,-330
ABprppappa,136,455,140,18.9,30,704
ABprppappa,137,453,145,18.2,34,-203
ABprppappa,138,453,138,18.3,34,-351
ABprppappa,139,449,138,18.3,34,331
ABprppappa,140,446,137,18.3,34,-805
ABprppappa,141,449,137,19.1,34,-375
ABprppappa,142,446,141,19.2,34,-431
ABprppappa,143,445,140,19.3,34,571
ABprppappa,144,450,145,19.2,34,-810
ABprppappa,145,449,142,19.1,34,-521
ABprppappa,146,450,143,19.1,34,728
ABprppappa,147,451,148,18.3,34,-1500
ABprppappa,148,454,144,19.1,34,323
ABprppappa,149,455,138,19.0,34,-1057
ABprppappa,150,448,137,19.1,34,879
ABprppappa,151,447,140,19.2,34,-640
ABprppappa,152,447,139,19.1,34,-744
ABprppappa,153,446,140,19.2,31,-396
ABprppappa,154,444,140,19.1,34,624
ABprppappa,155,439,135,19.0,31,-288
ABprppappa,156,441,137,18.3,34,-220
ABprppappa,157,438,137,18.2,31,-964
ABprppappa,158,434,131,19.1,34,393
ABprppappa,159,432,134,18.4,31,-163
ABprppappa,160,437,137,18.3,34,304
ABprppappp,121,486,149,18.1,30,-327
ABprppappp,122,500,155,18.1,30,-577
ABprppappp,123,510,156,18.2,32,-340
ABprppappp,124,511,147,18.2,34,56
ABprppappp,125,506,135,18.2,34,-136
ABprppappp,126,501,141,19.1,34,-28
ABprppappp,127,501,133,18.2,34,126
ABprppappp,128,500,132,18.2,32,-54
ABprppappp,129,505,138,18.2,34,143
ABprppappp,130,505,141,18.9,30,-172
ABprppappp,131,496,143,18.2,34,48
ABprppappp,132,499,146,18.1,34,550
ABprppappp,133,496,146,17.3,32,-192
ABprppappp,134,490,151,17.2,32,568
ABprppappp,135,488,149,17.3,34,-188
ABprppappp,136,492,146,17.3,34,188
ABprppappp,137,493,148,17.2,34,-749
ABprppappp,138,492,148,17.2,34,-654
ABprppappp,139,486,142,17.3,26,1375
ABprppappp,140,484,140,18.0,32,-538
ABprppappp,141,484,150,18.2,34,-771
ABprppappp,142,484,150,19.2,34,119
ABprppappp,143,486,147,19.1,34,112
ABprppappp,144,487,149,19.3,34,37
ABprppappp,145,490,145,18.3,34,-149
ABprppappp,146,495,148,19.2,34,-740
ABprppappp,147,498,151,19.2,34,836
ABprppappp,148,498,146,18.2,34,124
ABprppappp,149,495,147,18.3,34,-174
ABprppappp,150,495,148,18.3,34,197
ABprppappp,151,494,147,18.3,32,-669
ABprppappp,152,496,148,19.1,34,-51
ABprppappp,153,497,147,19.0,31,-591
ABprppappp,154,490,141,18.4,34,-1067
ABprppappp,155,487,149,19.2,31,-255
ABprppappp,156,489,140,19.0,34,-1205
ABprppappp,157,486,143,18.2,31,-833
ABprppappp,158,488,136,18.0,30,618
ABprppappp,159,478,139,18.2,31,-1007
ABprppappp,160,483,132,18.3,34,-502
ABprppp,48,558,240,19.0,51,-775
ABprppp,49,567,236,19.9,53,-118
ABprppp,50,567,241,19.0,53,-419
ABprppp,51,575,244,19.1,53,-768
ABprppp,52,592,241,18.1,53,4
ABprppp,53,588,227,18.0,53,-811
ABprppp,54,584,219,18.1,53,-370
ABprppp,55,581,223,18.1,53,31
ABprppp,56,580,229,18.9,52,-415
ABprppp,57,572,241,18.3,53,-1256
ABprppp,58,563,237,19.0,38,-749
ABprppp,59,569,241,19.1,51,-800
ABprppp,60,564,248,19.1,52,-841
ABprppp,61,562,260,20.0,51,-792
ABprppp,62,572,256,19.0,51,-1646
ABprppp,63,576,253,17.3,54,-662
ABprppp,64,575,249,16.3,51,-854
ABprppp,65,587,237,17.0,43,-1484
ABprpppa,66,598,207,16.0,40,-196
ABprpppa,67,605,211,15.3,41,-265
ABprpppa,68,609,210,16.0,41,-653
ABprpppa,69,612,212,16.0,43,-227
ABprpppa,70,611,215,15.0,44,-15
ABprpppa,71,614,224,16.0,44,-132
ABprpppa,72,608,214,15.9,44,-213
ABprpppa,73,602,202,15.9,44,-505
ABprpppa,74,602,206,16.0,44,-1087
ABprpppa,75,600,197,15.9,44,-13
ABprpppa,76,601,199,15.0,44,-420
ABprpppa,77,597,194,15.1,44,-1100
ABprpppa,78,594,188,15.0,44,-194
ABprpppa,79,584,179,15.9,44,-99
ABprpppa,80,577,171,15.1,44,164
ABprpppa,81,572,171,15.1,44,-500
ABprpppa,82,575,174,15.2,46,-102
ABprpppa,83,573,177,15.9,44,-415
ABprpppa,84,568,170,15.9,44,-447
ABprpppa,85,571,174,15.0,45,-355
ABprpppa,86,568,172,14.1,40,15
ABprpppaa,87,557,155,15.0,34,232
ABprpppaa,88,552,146,15.1,37,-78
ABprpppaa,89,555,141,15.1,39,386
ABprpppaa,90,530,131,15.9,36,-362
ABprpppaa,91,525,128,15.2,37,-527
ABprpppaa,92,524,127,16.1,35,607
ABprpppaa,93,519,131,16.2,37,-294
ABprpppaa,94,517,132,17.0,39,158
ABprpppaa,95,513,133,17.2,37,-357
ABprpppaa,96,518,135,16.2,40,-38
ABprpppaa,97,512,139,17.1,40,-430
ABprpppaa,98,509,132,17.8,36,-745
ABprpppaa,99,509,128,17.2,38,573
ABprpppaa,100,513,133,17.2,40,-259
ABprpppaa,101,517,135,17.3,38,-725
ABprpppaa,102,521,139,17.9,36,-720
ABprpppaa,103,516,140,17.2,38,-690
ABprpppaa,104,513,139,17.2,38,348
ABprpppaa,105,513,138,18.1,38,-151
ABprpppaa,106,510,139,17.2,40,-726
ABprpppaa,107,508,137,18.1,36,-553
ABprpppaa,108,509,143,19.0,40,-1023
ABprpppaa,109,505,148,19.1,40,-1039
ABprpppaa,110,506,146,19.1,40,-819
ABprpppaa,111,497,152,18.0,26,-1291
ABprpppaa,112,488,146,19.0,26,-1119
ABprpppaa,113,492,150,20.0,36,-1933
ABprpppaa,114,489,155,19.2,40,-480
ABprpppaa,115,486,148,19.1,37,124
ABprpppaa,116,484,158,20.0,35,-1195
ABprpppaa,117,482,158,20.0,34,-1212
ABprpppaaa,118,461,145,19.3,26,-498
ABprpppaaa,119,457,150,20.2,26,-1255
ABprpppaaa,120,451,149,20.2,35,107
ABprpppaaa,121,454,151,20.9,30,-1334
ABprpppaaa,122,460,150,20.9,30,-180
ABprpppaaa,123,467,156,20.2,32,-799
ABprpppaaa,124,467,156,20.2,32,-105
ABprpppaaa,125,461,140,20.0,34,-1001
ABprpppaaa,126,464,149,20.2,32,-604
ABprpppaaa,127,467,152,20.1,30,369
ABprpppaaa,128,474,151,19.2,34,-711
ABprpppaaa,129,470,147,20.1,34,113
ABprpppaaa,130,474,158,20.1,34,-883
ABprpppaaa,131,470,156,20.2,34,-1094
ABprpppaaa,132,479,158,20.0,34,-1064
ABprpppaaa,133,479,158,20.2,34,257
ABprpppaaa,134,474,163,20.1,34,-1068
ABprpppaaa,135,476,159,19.2,34,-782
ABprpppaaa,136,480,157,19.3,34,296
ABprpppaaa,137,483,159,20.1,34,-1586
ABprpppaaa,138,481,162,20.0,34,-638
ABprpppaaa,139,478,156,19.1,34,-278
ABprpppaaa,140,476,153,20.0,34,-543
ABprpppaaa,141,473,168,20.0,26,-491
ABprpppaaa,142,473,168,20.0,26,682
ABprpppaaa,143,477,165,21.0,26,-263
ABprpppaaa,144,476,166,20.2,26,-731
ABprpppaaa,145,475,168,20.2,34,289
ABprpppaaa,146,481,169,20.1,34,-855
ABprpppaaa,147,482,167,21.0,34,625
ABprpppaaa,148,483,163,20.1,34,-468
ABprpppaaa,149,480,165,20.1,34,-359
ABprpppaaa,150,479,166,20.2,34,-609
ABprpppaaa,151,478,168,20.2,34,143
ABprpppaaa,152,478,168,20.2,34,-74
ABprpppaaa,153,482,168,21.0,31,150
ABprpppaaa,154,483,164,20.1,34,-611
ABprpppaaa,155,482,161,20.6,32,-433
ABprpppaaa,156,481,157,21.0,30,-948
ABprpppaaa,157,481,157,20.8,30,-902
ABprpppaaa,158,482,158,20.5,30,-1101
ABprpppaaa,159,482,159,20.3,30,1456
ABprpppaaa,160,483,160,20.0,30,317
ABprpppaap,118,506,176,21.1,33,-124
ABprpppaap,119,514,169,20.9,32,-183
ABprpppaap,120,511,171,21.0,31,-187
ABprpppaap,121,517,161,20.9,30,-986
ABprpppaap,122,519,170,20.9,30,-530
ABprpppaap,123,526,164,21.0,32,54
ABprpppaap,124,531,172,21.0,34,-555
ABprpppaap,125,520,163,21.1,34,-312
ABprpppaap,126,529,166,20.1,34,-470
ABprpppaap,127,523,163,20.3,32,-1050
ABprpppaap,128,526,160,19.3,34,-1084
ABprpppaap,129,530,165,19.3,34,140
ABprpppaap,130,526,170,20.1,34,-207
ABprpppaap,131,522,166,20.1,30,-660
ABprpppaap,132,527,173,19.3,34,126
ABprpppaap,133,530,173,19.1,34,-356
ABprpppaap,134,523,171,19.1,34,-262
ABprpppaap,135,524,166,19.1,34,-11
ABprpppaap,136,528,168,19.1,34,707
ABprpppaap,137,529,169,19.1,34,302
ABprpppaap,138,531,172,19.2,32,-55
ABprpppaap,139,524,163,19.2,34,242
ABprpppaap,140,524,163,19.2,34,-1039
ABprpppaap,141,526,165,20.0,32,-474
ABprpppaap,142,521,166,19.4,34,-782
ABprpppaap,143,524,171,20.2,34,-255
ABprpppaap,144,528,171,19.2,34,-764
ABprpppaap,145,530,167,19.1,34,-917
ABprpppaap,146,533,172,19.2,34,602
ABprpppaap,147,534,175,19.2,34,266
ABprpppaap,148,532,174,19.1,32,205
ABprpppaap,149,534,175,19.1,32,-577
ABprpppaap,150,535,173,19.1,34,-10
ABprpppaap,151,533,173,19.2,34,13
ABprpppaap,152,534,171,19.2,34,-1229
ABprpppaap,153,534,170,19.1,31,-889
ABprpppaap,154,537,167,19.1,34,-813
ABprpppaap,155,533,164,19.1,31,474
ABprpppaap,156,534,165,19.2,34,136
ABprpppaap,157,537,171,19.2,31,-272
ABprpppaap,158,540,172,18.2,34,-7
ABprpppaap,159,533,170,20.1,31,-674
ABprpppaap,160,534,172,20.0,30,-361
ABprpppap,87,584,188,14.2,34,-1301
ABprpppap,88,591,185,14.8,37,85
ABprpppap,89,594,183,15.2,37,-385
ABprpppap,90,579,169,16.2,36,-184
ABprpppap,91,578,172,16.2,39,410
ABprpppap,92,582,180,16.3,37,-1142
ABprpppap,93,586,178,17.1,35,-852
ABprpppap,94,575,175,17.0,37,25
ABprpppap,95,567,169,16.3,39,-419
ABprpppap,96,570,167,16.9,36,-405
ABprpppap,97,558,166,17.1,36,33
ABprpppap,98,558,166,16.1,38,-429
ABprpppap,99,556,164,17.1,36,665
ABprpppap,100,559,164,17.0,36,-1114
ABprpppap,101,557,167,16.1,38,-85
ABprpppap,102,558,171,17.0,38,-813
ABprpppap,103,552,177,17.9,36,198
ABprpppap,104,552,175,18.0,36,-772
ABprpppap,105,549,174,17.1,40,-574
ABprpppap,106,547,174,17.9,36,-175
ABprpppap,107,550,173,17.1,38,-408
ABprpppap,108,547,175,18.0,40,-502
ABprpppap,109,544,178,18.1,40,-912
ABprpppap,110,545,176,18.9,36,-1006
ABprpppap,111,538,182,19.2,40,-1147
ABprpppap,112,528,182,20.0,38,-476
ABprpppap,113,527,187,20.2,40,-56
ABprpppap,114,527,184,20.2,40,-620
ABprpppap,115,526,185,20.1,39,-399
ABprpppap,116,527,193,20.1,37,-371
ABprpppap,117,523,192,20.0,34,-888
ABprpppap,118,533,206,21.0,33,-190
ABprpppapa,119,533,190,19.9,32,-382
ABprpppapa,120,537,189,20.2,35,-342
ABprpppapa,121,537,183,20.2,34,459
ABprpppapa,122,540,187,20.2,34,-323
ABprpppapa,123,545,194,21.0,34,-1168
ABprpppapa,124,540,206,21.2,34,-569
ABprpppapa,125,533,197,21.2,34,-135
ABprpppapa,126,541,193,21.1,34,-584
ABprpppapa,127,544,190,21.1,34,-208
ABprpppapa,128,549,192,21.1,34,-784
ABprpppapa,129,551,195,21.0,34,-1338
ABprpppapa,130,549,197,21.0,34,-823
ABprpppapa,131,547,198,20.2,34,-467
ABprpppapa,132,553,197,20.2,34,-1142
ABprpppapa,133,554,204,21.0,34,-542
ABprpppapa,134,552,201,21.0,34,-268
ABprpppapa,135,555,202,20.1,34,-34
ABprpppapa,136,555,200,20.1,34,-162
ABprpppapa,137,555,200,20.0,34,-385
ABprpppapa,138,555,200,20.0,34,-645
ABprpppapa,139,549,193,19.3,34,-138
ABprpppapa,140,545,195,20.1,34,-1100
ABprpppapa,141,547,195,20.1,34,166
ABprpppapa,142,545,196,20.1,32,-890
ABprpppapa,143,543,198,20.1,29,-447
ABprpppapa,144,541,200,20.1,26,-707
ABprpppapa,145,539,199,20.1,26,304
ABprpppapa,146,539,203,20.1,28,-846
ABprpppapa,147,539,207,20.1,31,-241
ABprpppapa,148,539,212,20.1,34,-711
ABprpppapa,149,539,216,21.0,30,-331
ABprpppapaa,150,525,195,20.2,26,-915
ABprpppapaa,151,528,194,20.2,26,-1268
ABprpppapaa,152,531,192,20.2,26,-252
ABprpppapaa,153,534,190,20.2,26,-750
ABprpppapaa,154,538,188,20.2,26,-902
ABprpppapaa,155,537,189,20.2,31,-703
ABprpppapaa,156,532,197,21.0,32,8
ABprpppapaa,157,535,203,21.1,31,170
ABprpppapaa,158,534,205,20.3,34,-732
ABprpppapaa,159,535,200,21.1,31,-358
ABprpppapaa,160,538,202,21.0,32,-569
ABprpppapap,150,551,239,20.0,26,-282
ABprpppapap,151,553,239,20.0,26,-242
ABprpppapap,152,555,239,20.0,26,1132
ABprpppapap,153,557,238,20.0,26,-81
ABprpppapap,154,555,238,20.3,26,985
ABprpppapap,155,552,238,20.5,26,1424
ABprpppapap,156,549,238,20.8,26,237
ABprpppapap,157,546,239,21.0,26,460
ABprpppapap,158,546,241,21.2,26,-170
ABprpppapap,159,545,244,21.4,26,-1530
ABprpppapap,160,545,247,21.6,26,242
ABprpppapp,119,548,232,20.0,32,4
ABprpppapp,120,544,240,20.8,31,-120
ABprpppapp,121,546,239,20.1,32,-1530
ABprpppapp,122,550,247,21.1,30,-713
ABprpppapp,123,551,255,21.0,30,-111
ABprpppapp,124,546,266,20.1,32,-709
ABprpppapp,125,546,251,20.1,30,274
ABprpppapp,126,557,250,21.1,30,-621
ABprpppapp,127,554,246,21.1,30,-303
ABprpppapp,128,555,248,21.9,30,-997
ABprpppapp,129,549,251,21.9,30,-1222
ABprpppapp,130,548,248,21.8,30,-1199
ABprpppapp,131,548,239,21.2,30,-211
ABprpppapp,132,550,245,22.0,30,7
ABprpppapp,133,557,243,22.0,30,254
ABprpppapp,134,561,239,21.9,30,-473
ABprpppapp,135,568,230,21.9,30,-487
ABprpppapp,136,563,229,21.1,30,-1217
ABprpppapp,137,566,227,21.8,30,-930
ABprpppapp,138,556,225,21.2,30,811
ABprpppapp,139,558,218,22.0,30,-84
ABprpppapp,140,549,216,21.9,30,-1092
ABprpppapp,141,543,224,21.3,32,-275
ABprpppapp,142,539,222,21.1,32,-496
ABprpppapp,143,539,227,21.2,34,91
ABprpppapp,144,541,221,21.1,30,-426
ABprpppapp,145,542,224,21.0,32,-103
ABprpppapp,146,534,226,20.2,34,177
ABprpppapp,147,534,227,20.1,34,175
ABprpppapp,148,527,234,20.2,26,414
ABprpppapp,149,529,237,20.2,26,1523
ABprpppapp,150,530,241,20.2,32,484
ABprpppapp,151,534,244,20.3,34,-288
ABprpppapp,152,528,246,21.2,30,207
ABprpppapp,153,536,253,21.9,29,-322
ABprpppapp,154,534,252,21.9,30,436
ABprpppapp,155,537,251,21.0,29,-622
ABprpppapp,156,533,254,21.0,30,-270
ABprpppapp,157,529,260,21.1,31,1207
ABprpppapp,158,526,260,20.9,30,1610
ABprpppapp,159,530,263,20.9,29,-529
ABprpppapp,160,527,271,21.0,30,-748
ABprpppp,66,600,266,17.0,40,-1072
ABprpppp,67,594,276,17.1,39,-630
ABprpppp,68,589,284,18.0,45,-930
ABprpppp,69,585,281,19.2,47,-301
ABprpppp,70,574,273,19.3,46,-610
ABprpppp,71,573,276,20.1,46,-1129
ABprpppp,72,574,266,20.0,46,-509
ABprpppp,73,575,257,19.1,46,-225
ABprpppp,74,568,252,20.1,44,-1011
ABprpppp,75,569,244,20.0,44,-1284
ABprpppp,76,568,242,19.2,48,307
ABprpppp,77,566,238,19.1,48,-506
ABprpppp,78,578,231,19.1,44,-1286
ABprpppp,79,571,221,19.1,48,-633
ABprpppp,80,568,212,19.1,44,-717
ABprpppp,81,570,210,19.0,44,-579
ABprpppp,82,568,219,18.2,48,-93
ABprpppp,83,574,219,19.0,44,518
ABprpppp,84,578,220,17.9,44,-755
ABprpppp,85,583,217,17.0,43,-1026
ABprpppp,86,580,218,17.9,42,-593
ABprppppa,87,563,192,19.1,38,-662
ABprppppa,88,554,188,20.0,37,-372
ABprppppa,89,551,179,20.1,37,-86
ABprppppa,90,531,170,21.0,36,-276
ABprppppa,91,526,165,20.2,39,-653
ABprppppa,92,523,166,21.0,35,-243
ABprppppa,93,516,165,20.2,39,-230
ABprppppa,94,506,166,20.1,39,-373
ABprppppa,95,507,173,20.1,39,-70
ABprppppa,96,506,178,21.0,38,-1216
ABprppppa,97,504,185,21.1,40,-925
ABprppppa,98,505,177,20.2,40,-99
ABprppppa,99,495,173,20.0,40,-1267
ABprppppa,100,494,173,20.1,36,-33
ABprppppa,101,488,170,19.2,40,-339
ABprppppa,102,489,167,19.2,38,-358
ABprppppa,103,493,173,19.2,40,28
ABprppppa,104,489,165,19.2,40,-519
ABprppppa,105,482,165,19.1,40,-389
ABprppppa,106,484,164,19.1,40,324
ABprppppa,107,480,162,19.1,40,-232
ABprppppa,108,472,166,19.2,40,-1281
ABprppppa,109,472,173,20.1,38,-1147
ABprppppa,110,470,172,19.3,40,-664
ABprppppa,111,463,176,20.0,40,-135
ABprppppa,112,461,177,18.4,38,-538
ABprppppa,113,455,173,19.9,36,-508
ABprppppa,114,449,181,19.1,38,-650
ABprppppa,115,447,173,19.1,39,-182
ABprppppa,116,442,174,19.9,35,-32
ABprppppaa,117,422,165,19.1,32,-406
ABprppppaa,118,424,162,19.0,33,149
ABprppppaa,119,429,161,19.0,32,-578
ABprppppaa,120,430,167,18.1,35,39
ABprppppaa,121,436,169,19.0,34,-108
ABprppppaa,122,439,174,18.4,32,-1001
ABprppppaa,123,443,181,18.3,34,-553
ABprppppaa,124,442,183,19.1,34,-404
ABprppppaa,125,438,174,19.2,34,-1375
ABprppppaa,126,440,177,19.3,34,-13
ABprppppaa,127,447,181,20.1,34,-612
ABprppppaa,128,454,179,20.2,34,-893
ABprppppaa,129,453,181,20.9,30,219
ABprppppaa,130,451,195,21.0,32,-731
ABprppppaa,131,448,199,20.1,34,-168
ABprppppaa,132,451,195,20.3,34,-162
ABprppppaa,133,450,193,20.3,34,-133
ABprppppaa,134,448,197,20.2,32,111
ABprppppaa,135,452,195,20.1,32,-783
ABprppppaa,136,456,192,20.8,30,-1574
ABprppppaa,137,459,202,20.2,34,-744
ABprppppaa,138,455,204,20.2,34,-533
ABprppppaa,139,451,201,21.0,32,-195
ABprppppaa,140,450,202,20.1,32,-76
ABprppppaa,141,450,205,20.2,32,-563
ABprppppaa,142,448,203,20.3,34,415
ABprppppaa,143,449,208,21.0,30,-976
ABprppppaa,144,452,210,20.3,34,-1031
ABprppppaa,145,451,211,20.9,30,-1033
ABprppppaa,146,455,213,20.9,30,158
ABprppppaa,147,454,212,20.2,34,-919
ABprppppaa,148,460,213,20.1,32,-840
ABprppppaa,149,457,212,20.2,34,-1366
ABprppppaa,150,458,211,20.3,34,-1478
ABprppppaa,151,457,214,20.2,34,1715
ABprppppaa,152,458,211,20.9,30,59
ABprppppaa,153,457,215,20.2,31,-1628
ABprppppaa,154,456,209,20.2,34,-942
ABprppppaa,155,457,211,20.2,31,-1063
ABprppppaa,156,461,208,21.0,30,-1277
ABprppppaa,157,464,213,21.0,29,-687
ABprppppaa,158,463,205,20.9,30,483
ABprppppaa,159,482,213,20.9,29,-85
ABprppppaa,160,487,213,21.0,30,-560
ABprppppap,117,457,195,20.1,32,-612
ABprppppap,118,463,204,20.1,33,-494
ABprppppap,119,469,201,20.1,34,-767
ABprppppap,120,470,202,21.0,31,-739
ABprppppap,121,483,198,21.1,34,-716
ABprppppap,122,483,200,21.0,34,-727
ABprppppap,123,494,200,20.2,34,-814
ABprppppap,124,490,202,20.2,34,-112
ABprppppap,125,483,199,21.1,32,-1240
ABprppppap,126,490,196,20.5,32,-1277
ABprppppap,127,493,194,21.1,34,-939
ABprppppap,128,502,189,21.1,34,-20
ABprppppap,129,499,192,21.1,34,-73
ABprppppap,130,495,196,21.0,34,-1267
ABprppppap,131,488,196,20.3,34,-852
ABprppppap,132,494,198,20.1,34,-974
ABprppppap,133,500,192,20.1,34,-156
ABprppppap,134,497,194,20.1,34,-318
ABprppppap,135,495,188,20.2,34,909
ABprppppap,136,500,185,20.2,34,182
ABprppppap,137,501,193,20.2,34,-1120
ABprppppap,138,496,193,20.1,34,-805
ABprppppap,139,489,192,19.3,34,-792
ABprppppap,140,490,191,20.1,34,412
ABprppppap,141,498,197,21.0,34,95
ABprppppap,142,494,199,20.2,34,483
ABprppppap,143,496,201,20.2,34,230
ABprppppap,144,497,202,20.2,32,-985
ABprppppap,145,498,198,20.1,34,-171
ABprppppap,146,496,203,20.1,34,-266
ABprppppap,147,498,204,20.1,34,207
ABprppppap,148,498,206,20.1,34,-223
ABprppppap,149,499,207,20.1,34,898
ABprppppap,150,495,206,20.2,34,-915
ABprppppap,151,497,206,20.2,34,-540
ABprppppap,152,497,208,20.2,34,-613
ABprppppap,153,498,208,20.2,31,689
ABprppppap,154,496,206,20.1,34,-250
ABprppppapa,155,494,186,21.0,26,-1906
ABprppppapa,156,498,179,21.0,30,-995
ABprppppapa,157,497,173,20.1,31,129
ABprppppapa,158,507,178,21.1,34,-939
ABprppppapa,159,492,177,22.0,31,-150
ABprppppapa,160,503,186,21.2,34,-141
ABprppppapp,155,505,224,20.1,31,173
ABprppppapp,156,505,224,20.1,31,-1576
ABprppppapp,157,504,235,21.0,26,-350
ABprppppapp,158,504,235,21.0,26,-1149
ABprppppapp,159,504,236,20.7,27,-681
ABprppppapp,160,504,237,20.5,29,-1245
ABprppppp,87,589,238,16.1,36,-819
ABprppppp,88,595,227,17.0,37,408
ABprppppp,89,584,231,18.0,37,570
ABprppppp,90,584,221,18.3,38,879
ABprppppp,91,579,220,19.1,39,-475
ABprppppp,92,574,217,20.1,39,-817
ABprppppp,93,567,209,19.3,39,-291
ABprppppp,94,567,205,20.1,39,240
ABprppppp,95,569,202,19.2,39,-98
ABprppppp,96,567,196,19.9,36,-1276
ABprppppp,97,567,197,19.2,40,-431
ABprppppp,98,558,196,19.2,40,512
ABprppppp,99,556,197,20.1,38,-1208
ABprppppp,100,554,193,20.1,40,-402
ABprppppp,101,547,188,20.1,40,-959
ABprppppp,102,544,192,20.1,40,322
ABprppppp,103,541,193,21.1,36,503
ABprppppp,104,534,191,21.1,40,-926
ABprppppp,105,535,181,20.0,40,1
ABprppppp,106,534,183,20.2,38,-653
ABprppppp,107,530,185,21.0,38,-853
ABprppppp,108,530,191,20.2,40,-291
ABprppppp,109,528,195,21.1,40,-103
ABprppppp,110,519,199,21.1,38,-892
ABprppppp,111,507,205,21.2,40,-239
ABprppppp,112,491,209,21.2,40,-468
ABprppppp,113,487,215,21.1,40,-203
ABprppppp,114,494,223,21.1,40,552
ABprppppp,115,488,218,20.2,39,-984
ABprppppp,116,483,227,20.0,37,-1502
ABprpppppa,117,478,213,20.9,34,-1103
ABprpppppa,118,487,219,21.0,33,1070
ABprpppppa,119,497,211,20.9,32,-110
ABprpppppa,120,502,213,21.1,35,-769
ABprpppppa,121,509,218,21.1,34,-1185
ABprpppppa,122,515,226,21.2,32,-325
ABprpppppa,123,515,233,21.0,34,-1042
ABprpppppa,124,504,242,20.1,34,-303
ABprpppppa,125,508,235,21.0,34,-874
ABprpppppa,126,512,232,21.0,34,-1438
ABprpppppa,127,518,226,20.0,34,-1029
ABprpppppa,128,516,224,20.1,34,-817
ABprpppppa,129,517,222,20.1,34,69
ABprpppppa,130,514,229,20.2,34,-487
ABprpppppa,131,510,227,21.0,34,-461
ABprpppppa,132,510,229,21.1,32,-1124
ABprpppppa,133,515,234,20.2,34,590
ABprpppppa,134,515,230,21.0,34,-410
ABprpppppa,135,516,228,21.0,34,-228
ABprpppppa,136,514,227,21.0,34,-891
ABprpppppa,137,520,231,20.2,34,-204
ABprpppppa,138,509,238,20.2,34,980
ABprpppppa,139,505,233,20.0,34,325
ABprpppppa,140,503,232,19.3,34,-230
ABprpppppa,141,506,233,20.1,34,-1011
ABprpppppa,142,504,240,20.0,34,-432
ABprpppppa,143,499,237,20.1,34,98
ABprpppppa,144,502,235,20.1,34,-1245
ABprpppppa,145,502,236,19.1,34,-798
ABprpppppa,146,504,241,19.1,34,416
ABprpppppa,147,501,243,19.2,34,-51
ABprpppppa,148,502,244,18.2,34,1062
ABprpppppa,149,504,243,19.1,34,228
ABprpppppa,150,502,244,19.1,34,82
ABprpppppa,151,502,241,19.1,34,60
ABprpppppa,152,503,243,19.1,34,753
ABprpppppa,153,509,240,19.0,31,-405
ABprpppppa,154,510,233,18.1,34,798
ABprpppppa,155,513,235,17.3,31,569
ABprpppppa,156,509,230,18.2,32,-65
ABprpppppa,157,510,229,17.3,31,956
ABprpppppa,158,511,235,17.3,32,223
ABprpppppa,159,506,234,18.0,31,63
ABprpppppa,160,514,235,17.9,30,716
ABprpppppp,117,500,246,20.1,37,405
ABprpppppp,118,517,265,20.1,37,-129
ABprpppppp,119,517,267,20.1,36,-637
ABprpppppp,120,524,271,21.1,35,84
ABprpppppp,121,520,269,21.1,34,-91
ABprpppppp,122,517,286,21.3,34,321
ABprpppppp,123,515,287,21.1,34,-81
ABprpppppp,124,514,289,21.1,34,-302
ABprpppppp,125,512,282,21.1,34,-577
ABprpppppp,126,514,278,21.1,32,-1201
ABprpppppp,127,515,266,20.1,34,-698
ABprpppppp,128,510,264,19.1,34,-490
ABprpppppp,129,512,266,20.1,34,17
ABprpppppp,130,510,264,20.1,34,-672
ABprpppppp,131,512,265,21.0,30,785
ABprpppppp,132,515,265,20.2,34,-369
ABprpppppp,133,517,264,20.9,30,-654
ABprpppppp,134,525,271,20.2,34,-136
ABprpppppp,135,538,266,21.0,30,712
ABprpppppp,136,541,264,21.0,30,73
ABprpppppp,137,539,262,20.2,32,-825
ABprpppppp,138,539,258,20.9,30,-652
ABprpppppp,139,539,245,21.1,34,544
ABprpppppp,140,534,247,20.3,34,-1372
ABprpppppp,141,532,256,21.1,34,-742
ABprpppppp,142,537,256,21.0,30,-355
ABprpppppp,143,535,256,21.1,26,-1180
ABprpppppp,144,545,252,21.0,34,27
ABprpppppp,145,552,247,21.1,26,692
ABprpppppp,146,549,254,20.3,32,667
ABprpppppp,147,557,259,20.2,32,-838
ABprpppppp,148,565,253,20.1,34,546
ABprpppppp,149,574,254,21.1,34,-284
ABprpppppp,150,575,255,20.9,30,-66
ABprpppppp,151,578,251,20.2,32,449
ABprpppppp,152,584,245,20.2,34,-344
ABprpppppp,153,589,240,20.0,31,-153
ABprpppppp,154,583,231,20.1,34,-175
ABprpppppp,155,584,238,20.1,31,422
ABprpppppp,156,581,236,20.2,34,-140
ABprppppppa,157,584,215,20.0,30,-292
ABprppppppa,158,582,204,20.6,34,134
ABprppppppa,159,575,205,21.1,31,-397
ABprppppppa,160,581,213,20.2,34,484
ABprppppppp,157,585,257,20.2,26,-2277
ABprppppppp,158,587,255,20.1,26,394
ABprppppppp,159,587,255,20.1,26,-1015
ABprppppppp,160,591,256,20.1,34,-1300
P1,1,525,263,13.5,88,-1315
P1,2,516,288,12.2,50,-461
EMS,3,460,338,12.2,38,-217
EMS,4,436,339,12.1,50,-606
EMS,5,420,326,11.3,64,-1403
EMS,6,405,337,12.7,64,-1499
EMS,7,383,357,13.7,67,-1219
EMS,8,369,372,13.3,77,-1735
EMS,9,369,386,13.5,74,-1719
EMS,10,369,391,13.1,71,-1809
EMS,11,394,392,14.2,71,-1428
EMS,12,384,375,14.7,58,-274
MS,13,361,378,15.0,55,-896
MS,14,354,385,14.3,39,-636
MS,15,318,388,15.8,52,-1096
MS,16,299,383,18.4,60,-1014
MS,17,278,361,18.3,42,-392
MS,18,280,325,18.2,62,-697
MS,19,279,315,18.8,64,-683
MS,20,281,316,19.2,65,-576
MS,21,285,357,19.2,63,-614
MS,22,302,356,18.1,62,-858
MS,23,287,347,16.8,57,-901
MSa,24,252,345,15.0,50,-1224
MSa,25,234,351,12.2,41,-1548
MSa,26,223,356,12.8,59,-1374
MSa,27,224,358,13.2,63,-867
MSa,28,238,368,14.5,65,-1256
MSa,29,239,376,15.5,63,-1217
MSa,30,241,376,15.8,64,-1145
MSa,31,235,364,15.1,64,-1083
MSa,32,230,342,16.1,62,-609
MSa,33,221,338,16.1,62,-1006
MSa,34,226,352,15.2,62,-1153
MSa,35,222,362,15.0,62,-1256
MSa,36,218,355,13.9,58,-2001
MSaa,37,186,354,15.3,54,-1175
MSaa,38,189,359,18.0,59,-548
MSaa,39,173,347,19.0,59,-1463
MSaa,40,174,343,19.9,59,-1415
MSaa,41,175,337,19.9,59,-1162
MSaa,42,194,347,19.8,60,-621
MSaa,43,197,349,19.8,60,-1391
MSaa,44,200,346,19.1,63,-724
MSaa,45,205,343,19.0,62,-1217
MSaa,46,201,336,19.1,61,-1246
MSaa,47,215,349,18.2,62,-788
MSaa,48,218,366,18.1,61,-884
MSaa,49,215,365,18.1,59,-1595
MSaa,50,208,358,18.0,59,-1299
MSaa,51,208,352,17.3,59,-1265
MSaa,52,201,352,17.1,53,-1298
MSaa,53,209,340,16.9,53,-543
MSaaa,54,172,331,16.1,35,-210
MSaaa,55,171,329,17.1,53,-438
MSaaa,56,165,319,18.0,52,-804
MSaaa,57,165,314,18.1,51,-302
MSaaa,58,164,330,18.2,52,-970
MSaaa,59,159,332,18.9,51,-633
MSaaa,60,160,320,18.1,52,-1033
MSaaa,61,155,320,19.0,55,-313
MSaaa,62,149,313,19.1,53,-1351
MSaaa,63,165,313,19.1,52,-931
MSaaa,64,167,317,19.1,51,-728
MSaaa,65,170,314,19.1,47,-874
MSaaa,66,178,326,19.0,44,-441
MSaaa,67,170,346,19.0,43,-1263
MSaaa,68,180,351,19.0,45,-1689
MSaaa,69,186,345,18.2,45,-1438
MSaaa,70,188,337,19.0,44,-1423
MSaaaa,71,163,323,17.0,34,-2065
MSaaaa,72,130,307,17.2,34,-1032
MSaaaa,73,123,292,18.9,44,170
MSaaaa,74,127,281,18.2,46,-413
MSaaaa,75,124,280,18.9,44,-586
MSaaaa,76,122,287,19.0,44,-563
MSaaaa,77,127,273,18.9,44,-1287
MSaaaa,78,123,270,19.2,48,-909
MSaaaa,79,134,266,19.1,46,-959
MSaaaa,80,125,263,19.0,44,-1339
MSaaaa,81,126,264,18.1,46,-1170
MSaaaa,82,128,251,18.0,44,-753
MSaaaa,83,128,250,17.1,46,-1595
MSaaaa,84,128,245,17.0,44,-973
MSaaaa,85,130,244,16.1,47,-1488
MSaaaa,86,128,256,15.2,46,-302
MSaaaa,87,137,260,15.0,44,-1665
MSaaaa,88,143,269,15.1,41,-1061
MSaaaa,89,138,265,14.1,41,257
MSaaaa,90,150,263,14.1,40,-866
MSaaaa,91,144,256,14.1,35,-1112
MSaaaaa,92,126,250,15.1,35,-992
MSaaaaa,93,117,253,14.9,35,-1716
MSaaaaa,94,126,237,15.0,35,-1665
MSaaaaa,95,127,235,14.3,37,-873
MSaaaaa,96,126,228,14.2,38,-636
MSaaaaa,97,126,225,14.0,38,119
MSaaaaa,98,123,227,14.1,38,-1250
MSaaaaa,99,130,226,14.0,40,-563
MSaaaaa,100,129,232,13.1,36,-1456
MSaaaaa,101,127,234,13.1,40,-148
MSaaaaa,102,128,242,13.2,40,-846
MSaaaaa,103,130,240,13.1,36,-1133
MSaaaaa,104,127,244,13.1,38,-1038
MSaaaaa,105,134,252,13.2,40,-1035
MSaaaaa,106,131,250,13.2,40,-867
MSaaaaa,107,137,249,12.3,38,-938
MSaaaaa,108,132,248,12.1,40,-1293
MSaaaaa,109,129,244,11.2,38,-156
MSaaaaa,110,125,246,11.1,40,-474
MSaaaaa,111,130,254,10.3,40,-828
MSaaaaa,112,133,261,11.1,40,-233
MSaaaaa,113,130,264,11.2,40,-1050
MSaaaaa,114,133,260,11.3,40,-586
MSaaaaa,115,126,254,11.1,39,-872
MSaaaaa,116,120,257,10.2,39,-1448
MSaaaaa,117,113,258,11.1,34,-735
MSaaaaa,118,117,261,12.0,33,-865
MSaaaaaa,119,97,245,11.2,36,-901
MSaaaaaa,120,88,243,11.1,31,-460
MSaaaaaa,121,90,248,11.1,32,-770
MSaaaaaa,122,90,246,10.8,30,-584
MSaaaaaa,123,91,242,10.3,34,-635
MSaaaaaa,124,93,232,10.9,30,-670
MSaaaaaa,125,91,231,10.9,30,-733
MSaaaaaa,126,89,233,11.0,30,-858
MSaaaaaa,127,94,236,11.1,34,-676
MSaaaaaa,128,98,238,11.1,34,-870
MSaaaaaa,129,95,236,11.2,34,-250
MSaaaaaa,130,94,235,12.0,26,-1813
MSaaaaaa,131,90,248,12.0,26,-329
MSaaaaaa,132,94,249,12.0,26,-815
MSaaaaaa,133,95,247,11.8,26,-1151
MSaaaaaa,134,97,245,11.6,26,-1051
MSaaaaaa,135,99,243,11.4,26,-640
MSaaaaaa,136,101,241,11.2,26,-623
MSaaaaaa,137,104,240,11.2,26,-659
MSaaaaaa,138,104,240,11.2,26,-223
MSaaaaaa,139,104,242,11.0,26,174
MSaaaaaa,140,105,244,10.7,27,-874
MSaaaaaa,141,105,246,10.5,28,-396
MSaaaaaa,142,106,248,10.2,29,-688
MSaaaaaa,143,107,250,10.0,30,-622
MSaaaaaa,144,108,250,10.0,29,248
MSaaaaaa,145,109,250,10.0,28,-350
MSaaaaaa,146,110,250,10.0,26,-1840
MSaaaaaa,147,113,249,10.0,26,-396
MSaaaaaa,148,110,247,10.1,30,-31
MSaaaaaa,149,113,240,9.9,30,-2074
MSaaaaaa,150,115,241,9.3,34,385
MSaaaaaa,151,112,240,10.2,34,-483
MSaaaaaa,152,109,238,10.0,32,-367
MSaaaaaa,153,110,235,10.3,31,-477
MSaaaaaa,154,110,239,10.9,30,90
MSaaaaaa,155,111,240,10.0,31,232
MSaaaaaa,156,117,239,10.2,34,-315
MSaaaaaa,157,114,238,10.2,31,-905
MSaaaaaa,158,117,236,10.8,30,-1306
MSaaaaaa,159,114,239,10.3,31,-756
MSaaaaaa,160,117,235,11.0,34,782
MSaaaaap,119,140,275,12.0,32,-1050
MSaaaaap,120,135,282,12.1,35,-1428
MSaaaaap,121,135,287,12.2,34,-822
MSaaaaap,122,131,289,12.1,34,-676
MSaaaaap,123,127,283,11.1,34,-1138
MSaaaaap,124,127,277,11.2,32,-1028
MSaaaaap,125,130,276,10.2,34,-243
MSaaaaap,126,129,279,10.1,32,-448
MSaaaaap,127,130,279,9.3,34,7
MSaaaaap,128,132,276,10.1,34,-1587
MSaaaaap,129,131,274,10.1,34,45
MSaaaaap,130,129,279,10.2,34,-541
MSaaaaap,131,128,281,10.1,34,-1331
MSaaaaap,132,129,281,9.2,34,-764
MSaaaaap,133,131,282,10.1,34,-736
MSaaaaap,134,134,274,10.1,34,-352
MSaaaaap,135,133,272,9.2,34,-1567
MSaaaaap,136,133,273,10.1,34,-990
MSaaaaap,137,134,273,10.0,34,-1577
MSaaaaap,138,135,278,9.0,34,-553
MSaaaaap,139,140,280,9.0,34,-352
MSaaaaap,140,140,279,8.1,34,-1511
MSaaaaap,141,140,273,9.0,34,-816
MSaaaaap,142,142,276,8.1,34,-829
MSaaaaap,143,140,277,8.1,34,-1900
MSaaaaap,144,140,282,7.6,34,-1381
MSaaaaap,145,140,288,7.1,34,540
MSaaaaap,146,143,293,7.1,34,448
MSaaaaap,147,145,277,8.1,30,524
MSaaaaapa,148,130,279,9.1,34,-428
MSaaaaapa,149,122,279,8.9,30,-840
MSaaaaapa,150,119,288,8.1,34,-222
MSaaaaapa,151,119,288,8.1,34,-928
MSaaaaapa,152,124,278,9.1,26,-1887
MSaaaaapa,153,124,279,9.1,26,-1601
MSaaaaapa,154,124,280,9.1,27,-1379
MSaaaaapa,155,124,281,9.0,28,-511
MSaaaaapa,156,124,282,9.0,29,-48
MSaaaaapa,157,125,284,9.0,30,-789
MSaaaaapa,158,126,282,8.8,30,73
MSaaaaapa,159,128,280,8.6,30,-1173
MSaaaaapa,160,129,277,8.4,30,-37
MSaaaaapp,148,169,280,6.9,30,-598
MSaaaaapp,149,172,282,6.1,24,-1425
MSaaaaapp,150,170,287,6.1,30,446
MSaaaaapp,151,165,285,6.9,30,-1347
MSaaaaapp,152,163,279,6.2,34,-1839
MSaaaaapp,153,161,281,6.4,32,-1661
MSaaaaapp,154,159,283,6.6,30,-1182
MSaaaaapp,155,157,285,6.8,28,-1578
MSaaaaapp,156,154,287,7.0,26,-1942
MSaaaaapp,157,151,281,6.1,26,-858
MSaaaaapp,158,153,280,6.4,27,-1156
MSaaaaapp,159,155,278,6.6,28,-1450
MSaaaaapp,160,157,277,6.9,29,-230
MSaaaap,92,169,264,12.1,33,-1282
MSaaaap,93,173,272,11.1,35,-436
MSaaaap,94,173,264,10.0,35,-1672
MSaaaap,95,173,266,9.2,37,436
MSaaaap,96,167,261,9.2,38,-1043
MSaaaap,97,171,266,9.2,40,-2081
MSaaaap,98,169,268,10.0,38,-917
MSaaaap,99,171,266,9.2,40,-117
MSaaaap,100,172,272,10.0,36,-1771
MSaaaap,101,182,267,10.1,36,-1333
MSaaaap,102,178,264,10.2,36,-1915
MSaaaap,103,177,265,10.2,38,-858
MSaaaap,104,172,279,10.3,38,-1743
MSaaaap,105,176,284,10.2,40,-790
MSaaaap,106,170,279,10.2,40,-1513
MSaaaap,107,171,275,9.3,40,-1258
MSaaaap,108,171,278,9.2,40,-641
MSaaaap,109,171,269,8.3,40,-1207
MSaaaap,110,170,272,8.1,40,-862
MSaaaap,111,173,269,8.1,40,-1679
MSaaaap,112,175,270,8.1,38,-1016
MSaaaap,113,174,269,7.2,38,-1150
MSaaaap,114,173,271,7.2,38,-1120
MSaaaap,115,176,266,7.2,39,-2495
MSaaaap,116,177,270,7.2,39,-1204
MSaaaap,117,172,273,8.0,38,-1544
MSaaaap,118,174,271,7.2,37,-1750
MSaaaap,119,175,272,7.1,36,-1650
MSaaaap,120,177,277,8.0,35,-1666
MSaaaap,121,186,277,8.0,30,-1446
MSaaaap,122,193,281,7.2,34,-1031
MSaaaapa,123,164,262,8.0,30,472
MSaaaapa,124,169,257,7.3,34,-565
MSaaaapa,125,169,256,7.2,34,-1610
MSaaaapa,126,169,257,7.1,34,-902
MSaaaapa,127,177,255,6.1,34,-1703
MSaaaapa,128,172,261,7.4,34,-1929
MSaaaapa,129,167,262,7.3,34,-720
MSaaaapa,130,165,260,7.3,34,-1015
MSaaaapa,131,162,265,7.2,34,-350
MSaaaapa,132,164,264,7.2,34,-805
MSaaaapa,133,162,264,7.1,34,-1017
MSaaaapa,134,165,269,7.1,34,-478
MSaaaapa,135,165,269,7.1,34,-1970
MSaaaapa,136,163,272,7.0,32,-1173
MSaaaapa,137,167,266,7.1,34,-335
MSaaaapa,138,169,266,7.1,34,-1147
MSaaaapa,139,176,270,7.0,34,-1098
MSaaaapa,140,178,269,6.2,34,-1206
MSaaaapa,141,179,269,6.2,34,-1237
MSaaaapa,142,182,267,6.3,34,-1727
MSaaaapa,143,184,268,6.2,34,-1568
MSaaaapa,144,185,273,6.1,34,-1356
MSaaaapa,145,188,276,6.1,34,-1677
MSaaaapa,146,189,280,6.1,34,-2739
MSaaaapa,147,189,280,6.1,34,-1070
MSaaaapa,148,194,278,5.1,32,-2234
MSaaaapa,149,203,276,5.3,34,-2070
MSaaaapa,150,200,276,5.3,34,-2461
MSaaaapa,151,197,275,5.2,34,-325
MSaaaapa,152,196,268,5.3,34,-1162
MSaaaapa,153,194,268,5.2,31,-446
MSaaaapa,154,194,262,5.3,34,-1411
MSaaaapa,155,190,261,6.1,31,-1541
MSaaaapa,156,189,268,6.0,30,-1170
MSaaaapa,157,193,266,6.0,29,-3075
MSaaaapaa,158,176,259,6.2,26,-813
MSaaaapaa,159,170,255,6.2,26,-754
MSaaaapaa,160,171,253,6.3,26,-766
MSaaaapap,158,217,267,5.9,30,-1610
MSaaaapap,159,216,268,6.1,29,-1389
MSaaaapap,160,218,272,6.9,30,-393
MSaaaapp,123,216,291,7.2,30,-933
MSaaaapp,124,225,290,8.8,30,-760
MSaaaapp,125,233,298,8.3,34,-867
MSaaaapp,126,231,294,7.9,30,-872
MSaaaapp,127,228,297,7.4,34,49
MSaaaapp,128,227,300,7.4,32,-1381
MSaaaapp,129,222,295,7.3,32,-1402
MSaaaapp,130,224,296,7.2,32,-1212
MSaaaapp,131,217,296,7.2,32,-1249
MSaaaapp,132,214,295,7.2,30,-1206
MSaaaapp,133,215,292,7.0,30,-1154
MSaaaapp,134,213,294,6.2,34,-1289
MSaaaapp,135,215,298,7.0,32,-1453
MSaaaapp,136,216,298,7.0,30,-1470
MSaaaapp,137,215,294,6.1,30,-1757
MSaaaapp,138,216,294,6.2,34,-747
MSaaaapp,139,219,294,6.1,30,-1780
MSaaaapp,140,218,295,6.1,30,-1505
MSaaaapp,141,218,296,6.2,34,-960
MSaaaapp,142,220,297,6.2,30,-1728
MSaaaapp,143,228,297,6.0,30,-1315
MSaaaapp,144,227,299,6.1,32,-1897
MSaaaapp,145,227,305,6.2,32,-1992
MSaaaapp,146,228,303,7.1,34,-1481
MSaaaapp,147,227,303,7.1,34,-1762
MSaaaapp,148,235,308,7.8,30,-1098
MSaaaapp,149,241,305,7.1,34,-1933
MSaaaapp,150,237,306,7.0,32,-1655
MSaaaapp,151,240,304,7.0,32,-1142
MSaaaapp,152,236,300,7.1,34,-1623
MSaaaapp,153,238,295,6.2,31,-1191
MSaaaapp,154,237,295,6.1,34,-1011
MSaaaapp,155,244,296,7.3,31,-846
MSaaaapp,156,241,300,7.2,34,-1161
MSaaaapp,157,240,299,7.2,31,-1494
MSaaaapp,158,237,295,7.2,34,-313
MSaaaapp,159,242,298,7.3,31,-678
MSaaaapp,160,239,296,8.1,34,-656
MSaaap,71,202,332,17.2,34,-476
MSaaap,72,203,332,17.2,34,896
MSaaap,73,195,331,18.0,44,135
MSaaap,74,204,329,18.1,44,-886
MSaaap,75,203,322,19.0,46,-1083
MSaaap,76,210,321,19.0,44,-844
MSaaap,77,209,314,18.1,46,-659
MSaaap,78,208,304,18.1,46,-1470
MSaaap,79,207,296,17.2,46,-298
MSaaap,80,211,289,17.1,46,-603
MSaaap,81,213,283,17.0,44,-620
MSaaap,82,212,280,16.0,44,-497
MSaaap,83,212,279,16.1,46,-785
MSaaap,84,206,278,16.1,44,-545
MSaaap,85,197,280,16.1,47,-562
MSaaap,86,200,280,16.1,44,82
MSaaap,87,207,281,16.1,44,-645
MSaaap,88,216,281,16.1,41,-728
MSaaap,89,225,279,16.1,41,51
MSaaap,90,239,273,15.2,40,-1021
MSaaap,91,236,272,15.1,39,-1384
MSaaap,92,231,271,14.2,39,-1269
MSaaap,93,237,274,14.9,35,-508
MSaaapa,94,219,265,12.9,35,-988
MSaaapa,95,216,267,12.1,35,-850
MSaaapa,96,208,261,13.1,38,-1103
MSaaapa,97,208,259,13.0,40,-864
MSaaapa,98,203,258,12.1,38,-897
MSaaapa,99,199,261,12.9,36,-1312
MSaaapa,100,203,271,12.2,40,-1407
MSaaapa,101,207,272,13.1,40,-175
MSaaapa,102,206,274,13.2,38,-1555
MSaaapa,103,206,272,13.1,40,-1275
MSaaapa,104,204,267,12.1,38,-1284
MSaaapa,105,205,266,12.0,40,-740
MSaaapa,106,198,275,13.0,40,-1506
MSaaapa,107,201,279,12.2,40,-2049
MSaaapa,108,205,276,11.3,40,-784
MSaaapa,109,200,274,11.1,40,-1104
MSaaapa,110,201,271,11.1,40,-1300
MSaaapa,111,201,275,11.0,40,-1268
MSaaapa,112,197,278,11.1,40,-1230
MSaaapa,113,187,275,11.0,40,-1829
MSaaapa,114,187,275,11.0,40,-1083
MSaaapa,115,185,278,11.1,39,-837
MSaaapa,116,190,278,11.1,39,-1159
MSaaapa,117,189,281,11.1,38,-1799
MSaaapa,118,186,279,11.1,37,-1297
MSaaapa,119,195,285,11.9,32,-1417
MSaaapaa,120,167,290,12.9,31,19
MSaaapaa,121,167,298,12.1,30,-934
MSaaapaa,122,172,300,12.1,34,-866
MSaaapaa,123,169,298,10.3,34,-723
MSaaapaa,124,168,291,10.3,34,-1227
MSaaapaa,125,169,292,11.1,34,-1305
MSaaapaa,126,165,297,10.2,34,-214
MSaaapaa,127,168,295,10.2,34,-1156
MSaaapaa,128,171,293,10.3,34,-19
MSaaapaa,129,170,291,10.4,34,-472
MSaaapaa,130,169,285,11.1,34,-1664
MSaaapaa,131,169,288,11.1,34,-2070
MSaaapaa,132,170,287,10.3,34,-1381
MSaaapaa,133,171,288,11.0,34,-861
MSaaapaa,134,173,288,10.3,34,-1431
MSaaapaa,135,172,288,11.1,34,-1424
MSaaapaa,136,178,289,11.0,34,-1116
MSaaapaa,137,180,285,10.2,34,-1085
MSaaapaa,138,184,288,10.1,34,-1767
MSaaapaa,139,188,287,10.1,34,-1685
MSaaapaa,140,190,286,10.0,34,-1689
MSaaapaa,141,186,293,9.2,34,-821
MSaaapaa,142,185,294,9.2,34,-346
MSaaapaa,143,188,295,9.1,34,-524
MSaaapaa,144,189,299,9.1,34,-1245
MSaaapaa,145,191,297,9.2,34,-1696
MSaaapaa,146,190,295,9.2,34,-1096
MSaaapaa,147,193,292,9.3,34,-361
MSaaapaa,148,196,289,9.2,34,-676
MSaaapaa,149,197,287,9.2,34,-956
MSaaapaa,150,188,291,10.0,30,-1466
MSaaapaaa,151,170,297,10.1,30,-1878
MSaaapaaa,152,163,295,10.0,30,-1378
MSaaapaaa,153,160,294,9.2,31,-1573
MSaaapaaa,154,162,291,9.0,30,-1147
MSaaapaaa,155,173,295,9.1,31,-776
MSaaapaaa,156,170,301,9.1,34,-190
MSaaapaaa,157,167,300,9.1,31,-1658
MSaaapaaa,158,166,302,9.1,34,-334
MSaaapaaa,159,167,299,9.0,31,-85
MSaaapaaa,160,166,294,9.1,34,-1595
MSaaapaap,151,209,285,9.0,30,-1749
MSaaapaap,152,222,279,9.2,34,-234
MSaaapaap,153,214,277,9.1,29,-821
MSaaapaap,154,212,269,8.8,30,-500
MSaaapaap,155,212,271,8.2,31,-442
MSaaapaap,156,213,283,8.2,34,-548
MSaaapaap,157,213,283,8.2,34,-1426
MSaaapaap,158,208,292,8.2,32,-555
MSaaapaap,159,204,287,8.3,31,-1228
MSaaapaap,160,206,284,7.8,30,-976
MSaaapap,120,223,289,11.1,31,-1740
MSaaapap,121,231,290,10.9,30,-138
MSaaapap,122,235,289,10.1,30,-534
MSaaapap,123,240,288,10.2,34,-956
MSaaapap,124,236,289,10.5,33,-787
MSaaapap,125,231,291,10.7,32,-467
MSaaapap,126,226,293,11.0,30,-1154
MSaaapap,127,223,294,11.1,32,-1222
MSaaapap,128,221,292,11.1,34,-763
MSaaapap,129,220,294,11.1,34,-760
MSaaapap,130,220,294,10.2,34,-1777
MSaaapap,131,220,290,10.2,32,-452
MSaaapap,132,216,301,11.1,34,-1047
MSaaapap,133,215,293,11.1,32,-489
MSaaapap,134,214,292,11.1,34,-229
MSaaapap,135,217,300,11.0,34,-670
MSaaapap,136,218,300,11.2,34,-1154
MSaaapap,137,217,304,11.1,34,-1232
MSaaapap,138,216,306,11.1,34,-493
MSaaapap,139,220,306,10.2,34,-777
MSaaapap,140,223,304,10.3,34,-991
MSaaapap,141,223,305,10.2,34,-197
MSaaapap,142,221,301,10.2,32,166
MSaaapap,143,222,305,10.2,34,-1947
MSaaapap,144,227,305,10.0,34,-907
MSaaapap,145,229,304,10.1,34,79
MSaaapap,146,229,304,10.1,34,-881
MSaaapap,147,230,305,9.1,34,-645
MSaaapap,148,230,305,9.1,34,240
MSaaapap,149,237,300,10.1,34,-1792
MSaaapap,150,238,297,9.1,34,-1154
MSaaapap,151,246,292,10.1,34,-988
MSaaapap,152,245,288,10.1,32,-1068
MSaaapap,153,243,289,10.0,29,-1455
MSaaapapa,154,234,280,10.8,30,-1404
MSaaapapa,155,230,288,10.9,29,-201
MSaaapapa,156,227,291,10.1,24,-306
MSaaapapa,157,228,289,10.2,31,-1290
MSaaapapa,158,235,291,9.0,26,-978
MSaaapapa,159,235,291,9.2,27,374
MSaaapapa,160,236,291,9.4,28,-506
MSaaapapp,154,257,294,10.5,29,-535
MSaaapapp,155,272,299,11.0,28,-252
MSaaapapp,156,274,299,10.7,28,-880
MSaaapapp,157,276,299,10.5,27,315
MSaaapapp,158,279,298,10.2,26,-566
MSaaapapp,159,273,297,10.1,26,-826
MSaaapapp,160,268,299,10.1,26,-1284
MSaaapp,94,263,277,14.3,33,-171
MSaaapp,95,268,284,15.0,35,386
MSaaapp,96,267,277,15.0,36,-792
MSaaapp,97,274,268,15.0,36,-294
MSaaapp,98,279,268,14.2,36,-650
MSaaapp,99,274,265,14.0,26,-439
MSaaapp,100,271,260,13.9,36,-879
MSaaapp,101,275,258,14.0,36,-1091
MSaaapp,102,275,257,13.9,36,-920
MSaaapp,103,272,259,13.1,36,-1567
MSaaapp,104,267,257,13.1,36,-308
MSaaapp,105,261,263,12.9,36,-231
MSaaapp,106,260,261,12.9,36,-601
MSaaapp,107,256,264,12.8,36,-870
MSaaapp,108,254,263,12.1,36,-1514
MSaaapp,109,253,263,12.0,36,-393
MSaaapp,110,250,261,11.1,36,-1021
MSaaapp,111,252,263,11.9,36,-1202
MSaaapp,112,248,267,12.0,36,-499
MSaaapp,113,243,264,11.8,36,-2000
MSaaapp,114,243,262,11.9,36,-261
MSaaapp,115,237,258,12.2,37,-1070
MSaaapp,116,239,255,13.0,35,-1425
MSaaapp,117,238,255,12.4,36,-1741
MSaaapp,118,242,265,13.9,33,-1108
MSaaapp,119,243,262,13.9,32,-456
MSaaapp,120,248,264,13.2,33,242
MSaaapp,121,249,261,13.2,34,-804
MSaaapp,122,256,264,12.4,32,-340
MSaaapp,123,250,255,12.3,34,-945
MSaaapp,124,248,252,12.1,30,-889
MSaaapp,125,247,257,12.2,30,-1354
MSaaapp,126,250,257,12.1,30,-1569
MSaaapp,127,247,260,12.1,32,-1481
MSaaapp,128,245,259,12.1,32,-1402
MSaaapp,129,240,263,12.0,30,444
MSaaapp,130,239,262,11.4,34,-1235
MSaaapp,131,238,258,11.5,32,-719
MSaaapp,132,238,264,11.1,34,-303
MSaaapp,133,241,265,11.1,30,285
MSaaapp,134,237,263,11.3,32,-1692
MSaaapp,135,240,265,12.0,32,-89
MSaaapp,136,243,265,11.3,34,-614
MSaaapp,137,244,267,11.4,34,-901
MSaaapp,138,247,265,11.3,34,-1091
MSaaapp,139,253,266,11.1,30,-831
MSaaapp,140,259,266,11.1,34,-1643
MSaaapp,141,264,264,10.4,34,-724
MSaaappa,142,248,282,12.0,30,-1099
MSaaappa,143,251,281,11.0,30,-713
MSaaappa,144,255,287,11.1,30,-1530
MSaaappa,145,260,294,10.7,30,-1308
MSaaappa,146,262,298,11.0,30,-129
MSaaappa,147,261,295,10.9,30,279
MSaaappa,148,267,297,11.0,30,-492
MSaaappa,149,271,292,10.9,30,-1162
MSaaappa,150,271,294,10.7,30,-403
MSaaappa,151,278,295,10.0,30,-1058
MSaaappa,152,281,291,10.2,30,-344
MSaaappa,153,277,291,10.3,31,-787
MSaaappa,154,282,290,10.8,30,-1094
MSaaappa,155,295,295,10.2,29,-226
MSaaappa,156,296,297,10.8,30,-463
MSaaappa,157,294,291,10.8,29,-750
MSaaappa,158,295,281,10.9,30,548
MSaaappa,159,293,278,11.0,29,1418
MSaaappa,160,292,275,10.9,30,354
MSaaappp,142,272,253,10.1,30,166
MSaaappp,143,279,250,10.1,32,-1388
MSaaappp,144,281,250,9.9,30,-1426
MSaaappp,145,279,253,10.1,34,-891
MSaaappp,146,281,262,10.1,32,-1408
MSaaappp,147,282,262,10.1,32,169
MSaaappp,148,285,263,10.1,34,-599
MSaaappp,149,284,261,10.2,32,-305
MSaaappp,150,290,263,10.1,34,-680
MSaaappp,151,295,261,10.0,30,-405
MSaaappp,152,295,260,9.8,30,-745
MSaaappp,153,299,262,10.0,31,-113
MSaaappp,154,300,262,10.0,30,-3106
MSaaappp,155,304,268,9.5,31,-1717
MSaaappp,156,302,270,9.3,32,-536
MSaaappp,157,301,266,9.3,31,-950
MSaaappp,158,300,264,9.1,26,-346
MSaaappp,159,299,268,9.0,26,-1307
MSaaappp,160,299,268,9.0,26,-1968
MSaap,54,247,351,18.2,49,-156
MSaap,55,258,352,19.0,53,-166
MSaap,56,271,354,19.0,52,-767
MSaap,57,272,363,20.0,51,-829
MSaap,58,267,372,19.9,34,-228
MSaap,59,263,375,19.1,38,-340
MSaap,60,263,375,19.1,38,-750
MSaap,61,252,372,20.0,38,-1259
MSaap,62,247,366,20.0,38,-321
MSaap,63,248,375,20.0,50,-635
MSaap,64,249,363,20.0,47,-1373
MSaap,65,248,345,20.0,47,-689
MSaap,66,254,346,20.0,44,-991
MSaap,67,253,351,20.0,43,128
MSaap,68,272,356,19.1,45,-231
MSaap,69,275,349,18.1,47,-549
MSaap,70,275,344,18.1,48,-912
MSaap,71,269,337,17.1,36,-56
MSaapa,72,246,337,18.1,30,-1315
MSaapa,73,248,328,18.1,40,542
MSaapa,74,253,324,19.1,44,-443
MSaapa,75,253,315,19.1,44,-133
MSaapa,76,255,311,19.0,44,-256
MSaapa,77,255,300,19.0,44,-1214
MSaapa,78,251,302,19.1,44,-651
MSaapa,79,250,313,19.3,46,-34
MSaapa,80,246,305,20.1,48,-282
MSaapa,81,240,304,20.1,48,-11
MSaapa,82,239,303,20.0,48,-980
MSaapa,83,237,302,19.9,44,-510
MSaapa,84,243,300,19.0,48,-853
MSaapa,85,245,295,19.1,43,-66
MSaapa,86,259,296,20.0,42,-366
MSaapa,87,265,299,20.0,40,-33
MSaapa,88,278,299,20.0,41,-1208
MSaapa,89,279,306,20.0,41,-229
MSaapa,90,290,308,19.0,36,-1341
MSaapa,91,299,305,17.9,35,-790
MSaapaa,92,260,307,17.0,35,18
MSaapaa,93,261,314,17.9,35,-198
MSaapaa,94,262,307,17.1,39,-21
MSaapaa,95,271,309,17.0,39,-271
MSaapaa,96,269,301,17.1,40,-80
MSaapaa,97,264,300,16.2,40,-1278
MSaapaa,98,261,305,16.1,40,-504
MSaapaa,99,266,300,15.2,40,-670
MSaapaa,100,267,299,16.1,40,367
MSaapaa,101,268,302,15.1,40,-1033
MSaapaa,102,270,300,16.0,40,-749
MSaapaa,103,270,296,15.0,38,-315
MSaapaa,104,271,293,15.0,36,-965
MSaapaa,105,270,294,14.1,38,-486
MSaapaa,106,268,296,14.1,40,-1926
MSaapaa,107,271,295,13.1,40,-705
MSaapaa,108,266,298,14.0,40,-1079
MSaapaa,109,266,303,13.0,38,-497
MSaapaa,110,269,295,13.1,38,-730
MSaapaa,111,265,302,13.1,38,-1682
MSaapaa,112,263,304,13.1,40,-959
MSaapaa,113,260,304,13.1,38,-223
MSaapaa,114,257,299,13.1,38,-1010
MSaapaa,115,257,302,13.2,37,-1236
MSaapaa,116,252,298,15.1,37,-1255
MSaapaaa,117,240,291,16.2,36,142
MSaapaaa,118,233,288,16.2,37,-38
MSaapaaa,119,237,287,17.1,34,-12
MSaapaaa,120,237,287,17.1,34,1341
MSaapaaa,121,242,288,17.0,34,80
MSaapaaa,122,236,292,15.2,34,-603
MSaapaaa,123,232,299,15.1,34,230
MSaapaaa,124,232,297,15.0,34,-528
MSaapaaa,125,236,299,14.1,34,291
MSaapaaa,126,240,296,15.2,34,-97
MSaapaaa,127,242,301,15.1,34,-483
MSaapaaa,128,240,298,14.2,34,-123
MSaapaaa,129,237,301,14.1,34,-635
MSaapaaa,130,241,300,14.2,34,-1093
MSaapaaa,131,240,299,14.2,34,-1325
MSaapaaa,132,238,307,14.1,34,-307
MSaapaaa,133,245,304,14.3,34,-264
MSaapaaa,134,243,304,14.2,34,-336
MSaapaaa,135,250,302,14.1,34,-356
MSaapaaa,136,256,304,13.2,34,-1153
MSaapaaa,137,251,307,14.0,34,-1404
MSaapaaa,138,259,304,14.0,34,-1156
MSaapaaa,139,259,306,14.0,34,-885
MSaapaaa,140,263,307,13.0,34,-584
MSaapaaa,141,260,306,13.1,34,-464
MSaapaaa,142,257,311,13.3,34,-247
MSaapaaa,143,255,308,13.3,34,-1058
MSaapaaa,144,258,315,14.1,34,-384
MSaapaaa,145,265,308,14.2,34,-139
MSaapaaa,146,268,317,15.0,34,-526
MSaapaaa,147,270,315,16.0,34,-197
MSaapaaa,148,271,318,15.1,34,-1545
MSaapaaa,149,271,317,15.1,34,-278
MSaapaaa,150,276,313,16.0,34,-1003
MSaapaaa,151,281,310,16.0,32,-839
MSaapaaa,152,283,308,15.9,30,-506
MSaapaaa,153,280,311,14.5,31,-1272
MSaapaaa,154,284,310,15.1,32,-510
MSaapaaaa,155,267,312,17.0,29,-337
MSaapaaaa,156,272,315,17.0,30,-1112
MSaapaaaa,157,272,319,17.0,29,36
MSaapaaaa,158,271,321,17.1,34,263
MSaapaaaa,159,271,315,16.4,31,-593
MSaapaaaa,160,274,310,16.0,26,353
MSaapaaap,155,309,305,13.9,29,-887
MSaapaaap,156,311,308,13.9,30,284
MSaapaaap,157,306,310,14.0,31,-771
MSaapaaap,158,310,311,14.2,34,-374
MSaapaaap,159,307,305,14.3,31,-704
MSaapaaap,160,305,305,14.1,34,-605
MSaapaap,117,269,306,13.0,26,-1184
MSaapaap,118,278,300,12.2,26,-585
MSaapaap,119,277,296,11.0,26,-180
MSaapaap,120,285,302,11.0,35,1049
MSaapaap,121,290,307,12.0,26,-537
MSaapaap,122,293,304,12.1,34,-691
MSaapaap,123,291,298,13.1,34,-160
MSaapaap,124,288,296,13.2,34,-1391
MSaapaap,125,290,292,14.2,34,-1191
MSaapaap,126,294,296,15.1,34,-181
MSaapaap,127,297,298,15.0,34,-256
MSaapaap,128,293,297,14.2,34,-724
MSaapaap,129,287,294,14.2,34,-902
MSaapaap,130,289,293,14.0,34,-292
MSaapaap,131,283,289,13.2,34,-603
MSaapaap,132,283,293,13.2,34,-799
MSaapaap,133,285,288,13.1,34,-933
MSaapaap,134,286,291,13.1,34,-1041
MSaapaap,135,287,288,13.0,34,-1569
MSaapaap,136,289,289,12.2,34,-1163
MSaapaap,137,287,290,13.0,34,-672
MSaapaap,138,288,291,12.0,34,-2076
MSaapaap,139,289,290,11.3,34,-1140
MSaapaap,140,292,295,11.0,34,-1710
MSaapaap,141,288,300,10.2,34,-957
MSaapaap,142,284,299,10.1,32,-206
MSaapaap,143,287,294,11.1,34,-771
MSaapaap,144,289,293,11.1,32,-350
MSaapaap,145,290,292,11.2,34,-699
MSaapaap,146,297,296,12.1,34,-51
MSaapaap,147,297,292,12.9,30,-153
MSaapaapa,148,286,289,14.0,30,-638
MSaapaapa,149,277,285,14.0,26,-1664
MSaapaapa,150,275,281,13.3,26,-1746
MSaapaapa,151,283,274,13.3,34,-102
MSaapaapa,152,289,267,14.0,30,-1071
MSaapaapa,153,289,267,14.0,30,-308
MSaapaapa,154,294,267,13.2,34,-394
MSaapaapa,155,296,272,14.2,31,-436
MSaapaapa,156,294,275,13.3,34,66
MSaapaapa,157,294,275,14.0,29,-49
MSaapaapa,158,294,275,14.0,29,352
MSaapaapa,159,298,269,13.2,31,-667
MSaapaapa,160,298,269,13.2,31,-1119
MSaapaapp,148,318,300,11.9,30,-1249
MSaapaapp,149,317,290,10.3,32,877
MSaapaapp,150,319,291,10.7,30,-991
MSaapaapp,151,322,292,11.0,28,-485
MSaapaapp,152,322,293,10.7,30,-2144
MSaapaapp,153,322,295,10.3,32,-1465
MSaapaapp,154,321,297,10.0,34,-235
MSaapaapp,155,330,299,10.1,31,-976
MSaapaapp,156,328,306,10.9,32,-63
MSaapaapp,157,327,307,10.2,31,-657
MSaapaapp,158,324,306,11.0,30,-1642
MSaapaapp,159,326,306,11.0,29,-1086
MSaapaapp,160,325,300,11.1,34,-581
MSaapap,92,333,302,18.1,39,-583
MSaapap,93,333,311,18.1,26,-629
MSaapap,94,335,319,18.0,39,-474
MSaapap,95,335,319,18.5,39,-722
MSaapap,96,335,319,19.0,39,-518
MSaapap,97,335,319,19.5,39,842
MSaapap,98,335,318,20.0,40,-650
MSaapap,99,333,315,20.0,40,-75
MSaapap,100,335,314,19.2,40,-876
MSaapap,101,327,309,19.2,40,-695
MSaapap,102,327,306,19.1,40,-242
MSaapap,103,329,295,19.1,38,-308
MSaapap,104,333,302,19.0,40,704
MSaapap,105,335,299,19.1,38,-204
MSaapap,106,338,296,18.1,40,-72
MSaapap,107,336,291,18.2,38,-1012
MSaapap,108,338,287,19.0,36,-1044
MSaapap,109,342,292,18.9,36,-560
MSaapap,110,346,286,17.9,36,-825
MSaapap,111,342,291,17.1,40,-153
MSaapap,112,338,293,17.0,38,-1336
MSaapap,113,343,291,16.3,40,-366
MSaapap,114,348,299,16.1,38,-822
MSaapap,115,346,307,17.0,37,-250
MSaapap,116,335,306,16.2,39,-564
MSaapap,117,335,307,16.2,36,-883
MSaapap,118,333,297,16.3,37,-1387
MSaapap,119,320,286,16.1,36,-286
MSaapap,120,322,290,16.1,33,-569
MSaapap,121,323,301,16.1,30,203
MSaapapa,122,309,300,16.1,32,-872
MSaapapa,123,299,294,16.1,26,-1464
MSaapapa,124,295,292,16.1,30,-1201
MSaapapa,125,300,284,16.1,26,-126
MSaapapa,126,303,290,17.1,26,872
MSaapapa,127,307,294,16.9,30,-260
MSaapapa,128,312,296,17.0,30,1079
MSaapapa,129,318,298,17.0,30,301
MSaapapa,130,317,298,16.8,30,-591
MSaapapa,131,315,298,16.6,29,381
MSaapapa,132,314,298,16.4,28,328
MSaapapa,133,312,298,16.2,27,-683
MSaapapa,134,310,297,16.0,26,1700
MSaapapa,135,311,292,15.9,30,175
MSaapapa,136,309,291,15.2,26,-1893
MSaapapa,137,312,296,15.1,26,-392
MSaapapa,138,313,296,14.2,34,-450
MSaapapa,139,318,295,13.3,34,-1391
MSaapapa,140,317,295,13.2,34,-658
MSaapapa,141,316,293,13.4,34,-220
MSaapapa,142,317,290,13.2,26,-845
MSaapapa,143,318,288,13.9,30,-1168
MSaapapa,144,322,289,14.1,32,-1092
MSaapapa,145,323,289,15.0,30,-606
MSaapapa,146,326,289,15.0,30,939
MSaapapa,147,332,285,15.1,30,-764
MSaapapa,148,330,287,15.8,30,-283
MSaapapa,149,325,284,15.0,30,-845
MSaapapa,150,322,281,14.9,30,319
MSaapapa,151,322,285,14.1,34,-385
MSaapapa,152,322,287,14.1,30,90
MSaapapa,153,327,287,14.1,31,-932
MSaapapa,154,330,287,13.3,32,-631
MSaapapa,155,330,287,13.3,32,-1332
MSaapapa,156,333,287,13.4,32,-330
MSaapapa,157,329,287,13.2,31,-746
MSaapapa,158,330,283,13.2,32,-1706
MSaapapa,159,337,285,13.2,31,-1282
MSaapapa,160,343,284,13.2,32,308
MSaapapp,122,344,297,16.2,30,-117
MSaapapp,123,350,297,16.2,30,-279
MSaapapp,124,348,300,16.0,30,-56
MSaapapp,125,356,293,16.0,30,-53
MSaapapp,126,355,292,16.1,34,-537
MSaapapp,127,360,290,16.2,34,-213
MSaapapp,128,359,287,16.3,34,-235
MSaapapp,129,358,289,15.2,34,-241
MSaapapp,130,356,297,15.2,34,-632
MSaapapp,131,359,295,15.1,34,-1033
MSaapapp,132,354,295,15.2,34,-680
MSaapapp,133,353,296,15.2,34,-521
MSaapapp,134,352,292,15.1,34,839
MSaapapp,135,349,295,15.2,34,-548
MSaapapp,136,352,292,15.1,34,-427
MSaapapp,137,357,301,16.0,34,-87
MSaapapp,138,354,302,15.1,34,-975
MSaapapp,139,360,301,15.0,34,-528
MSaapapp,140,363,300,15.0,34,-925
MSaapapp,141,364,300,15.0,34,-769
MSaapapp,142,364,304,15.0,34,-1077
MSaapapp,143,361,305,14.2,34,111
MSaapapp,144,362,306,14.2,34,-1113
MSaapapp,145,358,302,14.1,34,-1103
MSaapapp,146,362,301,14.2,34,-1786
MSaapapp,147,363,299,14.2,34,-608
MSaapapp,148,361,297,14.1,26,-580
MSaapapp,149,361,299,16.1,34,-575
MSaapapp,150,351,303,15.1,34,-618
MSaapapp,151,350,303,15.1,34,-849
MSaapapp,152,349,299,15.2,34,-265
MSaapapp,153,352,301,15.2,31,-199
MSaapapp,154,352,301,15.2,31,-297
MSaapapp,155,334,286,14.0,31,1
MSaapapp,156,347,292,15.2,34,-102
MSaapapp,157,348,296,16.1,29,121
MSaapapp,158,348,292,16.9,30,-692
MSaapappa,159,331,296,16.0,26,-834
MSaapappa,160,333,296,16.0,26,-690
MSaapappp,159,378,290,16.1,24,-616
MSaapappp,160,379,289,16.0,26,1394
MSaapp,72,309,338,18.1,32,-694
MSaapp,73,325,334,18.0,34,-535
MSaapp,74,330,342,19.0,44,205
MSaapp,75,333,346,20.0,44,-113
MSaapp,76,339,344,20.1,31,-365
MSaapp,77,342,337,20.0,44,718
MSaapp,78,349,341,21.0,44,-486
MSaapp,79,351,339,20.0,44,-173
MSaapp,80,339,356,20.1,31,-1409
MSaapp,81,341,348,21.0,44,-1303
MSaapp,82,333,342,20.1,31,-829
MSaapp,83,329,328,20.9,44,-481
MSaapp,84,330,320,20.9,44,-59
MSaapp,85,334,320,20.0,43,-444
MSaapp,86,338,319,20.1,42,99
MSaapp,87,353,318,20.0,40,-868
MSaapp,88,352,314,20.0,39,-291
MSaapp,89,359,310,20.1,37,-613
MSaapp,90,359,311,20.0,40,-908
MSaapp,91,359,302,21.0,39,-524
MSaapp,92,368,299,19.1,39,-599
MSaapp,93,371,302,19.1,39,-999
MSaapp,94,370,302,20.0,37,-130
MSaapp,95,373,307,19.1,37,-731
MSaapp,96,377,304,20.0,36,-513
MSaappa,97,353,285,20.1,34,74
MSaappa,98,351,283,21.0,36,-264
MSaappa,99,354,280,21.0,36,-385
MSaappa,100,354,273,20.1,26,-1687
MSaappa,101,349,272,21.0,36,-58
MSaappa,102,348,271,21.1,36,-116
MSaappa,103,357,270,21.1,38,-212
MSaappa,104,360,275,21.1,36,924
MSaappa,105,363,272,21.0,36,-812
MSaappa,106,366,274,21.0,36,-571
MSaappa,107,368,271,21.0,36,-311
MSaappa,108,371,270,21.0,36,-629
MSaappa,109,372,274,21.0,36,-614
MSaappa,110,371,274,19.9,36,344
MSaappa,111,371,278,19.1,36,94
MSaappa,112,365,281,19.9,36,93
MSaappa,113,368,284,19.8,36,-121
MSaappa,114,379,292,19.0,38,360
MSaappa,115,379,297,19.0,37,-761
MSaappa,116,373,301,18.2,37,-52
MSaappa,117,373,299,18.1,36,-563
MSaappa,118,372,297,18.2,37,301
MSaappa,119,374,294,18.9,32,33
MSaappa,120,377,296,18.1,35,35
MSaappa,121,382,296,18.2,34,235
MSaappa,122,377,291,18.3,34,-807
MSaappa,123,380,288,19.1,34,-538
MSaappa,124,379,288,19.1,34,-744
MSaappa,125,381,287,19.1,34,-634
MSaappa,126,389,298,18.2,32,241
MSaappa,127,390,299,19.0,30,581
MSaappa,128,386,301,19.1,34,-350
MSaappa,129,380,306,18.3,34,-95
MSaappa,130,382,306,18.1,34,695
MSaappa,131,377,306,18.2,34,-259
MSaappa,132,381,305,18.1,34,-662
MSaappa,133,380,307,18.0,26,651
MSaappa,134,384,309,19.1,34,-66
MSaappa,135,387,311,19.1,34,662
MSaappa,136,385,310,18.8,34,-1216
MSaappa,137,382,308,18.5,34,-91
MSaappa,138,379,306,18.2,34,320
MSaappa,139,379,303,19.1,34,798
MSaappa,140,381,303,19.0,34,-698
MSaappa,141,382,297,18.1,34,-170
MSaappa,142,381,309,18.0,34,-261
MSaappa,143,379,310,17.3,34,-486
MSaappa,144,383,311,17.1,34,-757
MSaappa,145,383,313,17.0,34,-242
MSaappa,146,377,306,16.2,34,-562
MSaappa,147,375,295,17.1,34,-444
MSaappa,148,373,291,17.2,34,117
MSaappa,149,370,292,18.0,30,289
MSaappa,150,372,289,18.0,30,640
MSaappa,151,370,293,17.4,34,-587
MSaappaa,152,352,279,18.1,32,-1187
MSaappaa,153,352,279,18.1,32,-1125
MSaappaa,154,349,285,17.0,34,-139
MSaappaa,155,353,270,18.2,31,-877
MSaappaa,156,356,271,18.3,26,-802
MSaappaa,157,354,267,18.2,26,1639
MSaappaa,158,357,262,18.1,26,1263
MSaappaa,159,359,270,18.2,31,-1111
MSaappaa,160,361,270,18.0,30,355
MSaappap,152,394,299,18.1,34,-1235
MSaappap,153,391,301,18.1,31,-1628
MSaappap,154,390,300,19.0,30,-1362
MSaappap,155,392,295,18.3,31,-867
MSaappap,156,389,291,18.2,34,-75
MSaappap,157,385,285,18.0,29,-787
MSaappap,158,381,282,18.8,30,-2509
MSaappap,159,384,274,18.1,31,-676
MSaappap,160,387,271,18.1,30,-744
MSaappp,97,400,318,20.0,36,-970
MSaappp,98,401,318,20.0,36,427
MSaappp,99,396,322,19.0,36,400
MSaappp,100,396,314,18.1,26,200
MSaappp,101,386,315,19.1,40,334
MSaappp,102,383,319,19.1,40,2
MSaappp,103,386,316,19.1,40,-192
MSaappp,104,386,316,19.2,40,-47
MSaappp,105,390,315,20.0,36,142
MSaappp,106,385,313,20.0,36,-427
MSaappp,107,379,315,19.1,36,168
MSaappp,108,382,313,18.9,36,-150
MSaappp,109,379,312,19.0,36,-407
MSaappp,110,376,316,18.9,36,391
MSaappp,111,372,321,17.3,38,-42
MSaappp,112,379,321,18.0,40,-451
MSaappp,113,375,330,18.0,36,-60
MSaappp,114,375,338,17.6,36,-461
MSaappp,115,376,346,17.1,37,-427
MSaappp,116,376,346,17.1,37,25
MSaappp,117,374,343,16.3,38,-1434
MSaappp,118,374,343,16.3,38,-616
MSaappp,119,375,333,16.2,36,106
MSaappp,120,379,336,16.2,35,56
MSaappp,121,382,338,17.1,34,-1047
MSaappp,122,385,334,17.2,34,-765
MSaappp,123,378,331,18.0,34,-1063
MSaappp,124,376,333,17.2,34,-632
MSaappp,125,376,334,17.1,34,-855
MSaappp,126,378,345,18.0,34,-66
MSaappp,127,374,348,18.0,34,-1025
MSaappp,128,373,344,18.0,34,-1362
MSaappp,129,378,345,17.2,34,448
MSaappp,130,383,340,17.0,34,-1123
MSaappp,131,379,335,17.0,34,-135
MSaappp,132,382,333,16.2,34,-981
MSaappp,133,386,335,16.2,34,-80
MSaappp,134,390,335,17.1,34,28
MSaappp,135,391,326,17.1,34,250
MSaappp,136,390,332,17.1,34,-1525
MSaappp,137,388,338,17.0,34,-376
MSaappp,138,383,340,17.1,34,-641
MSaappp,139,389,338,16.2,34,-159
MSaappp,140,392,336,17.0,30,-440
MSaappp,141,398,342,17.0,30,759
MSaapppa,142,373,352,16.9,30,-1002
MSaapppa,143,368,354,16.1,30,-335
MSaapppa,144,371,350,16.1,34,693
MSaapppa,145,377,349,16.1,34,-414
MSaapppa,146,380,347,16.2,34,-706
MSaapppa,147,374,343,17.2,34,-287
MSaapppa,148,373,340,18.0,26,-1343
MSaapppa,149,373,340,18.0,26,-1430
MSaapppa,150,371,346,17.0,34,-1079
MSaapppa,151,380,352,17.2,34,-175
MSaapppa,152,378,338,17.0,26,1911
MSaapppa,153,378,339,17.5,26,141
MSaapppa,154,378,340,18.0,26,-1258
MSaapppa,155,386,338,17.1,31,-1616
MSaapppa,156,386,347,17.0,34,-946
MSaapppa,157,387,336,18.0,31,1376
MSaapppa,158,387,341,17.0,26,-214
MSaapppa,159,387,341,17.0,26,-719
MSaapppa,160,383,340,17.1,26,-814
MSaapppp,142,422,338,18.0,26,-852
MSaapppp,143,420,336,18.0,26,-1291
MSaapppp,144,422,338,18.0,27,-548
MSaapppp,145,425,340,18.0,28,501
MSaapppp,146,424,341,17.8,28,-1021
MSaapppp,147,423,342,17.6,28,-322
MSaapppp,148,422,343,17.4,27,-877
MSaapppp,149,421,344,17.2,27,-1509
MSaapppp,150,419,346,17.0,26,-978
MSaapppp,151,419,353,16.4,32,-1363
MSaapppp,152,421,359,17.2,34,-1330
MSaapppp,153,424,359,17.3,31,-367
MSaapppp,154,425,355,17.3,34,-505
MSaapppp,155,423,354,17.4,33,-753
MSaapppp,156,420,352,17.5,32,-1074
MSaapppp,157,418,351,17.7,30,-877
MSaapppp,158,415,349,17.8,29,-1047
MSaapppp,159,413,348,17.9,28,-1041
MSaapppp,160,410,346,18.0,26,267
MSap,37,241,365,11.7,58,-1145
MSap,38,256,373,11.8,59,-670
MSap,39,268,380,11.8,59,-1423
MSap,40,271,386,11.9,59,-1254
MSap,41,266,392,12.7,59,-1078
MSap,42,276,398,12.9,60,-1479
MSap,43,269,404,12.6,60,-1201
MSap,44,271,410,13.7,61,-1087
MSap,45,264,410,14.8,62,-904
MSap,46,265,410,15.0,61,-891
MSap,47,280,407,14.9,60,-1001
MSap,48,298,407,14.2,61,-1531
MSap,49,302,409,14.1,57,-1056
MSap,50,298,404,15.2,55,-628
MSap,51,297,392,15.2,59,-1605
MSap,52,291,385,14.3,59,-1778
MSap,53,281,380,14.1,53,-1086
MSapa,54,280,387,12.0,53,-1120
MSapa,55,268,392,12.0,53,-824
MSapa,56,271,397,11.8,52,-761
MSapa,57,269,408,11.1,51,-1166
MSapa,58,273,409,11.9,52,-1668
MSapa,59,279,410,12.1,51,-949
MSapa,60,267,413,12.9,52,-514
MSapa,61,270,416,13.1,51,-1184
MSapa,62,262,422,13.9,51,-758
MSapa,63,264,423,13.3,52,-1094
MSapa,64,266,421,14.2,51,-228
MSapa,65,272,419,15.1,47,-452
MSapa,66,269,420,15.0,44,-654
MSapa,67,275,417,15.2,43,-1362
MSapa,68,280,412,14.2,45,78
MSapa,69,276,411,15.0,47,-1322
MSapa,70,284,405,14.2,48,-1022
MSapa,71,285,398,14.2,48,-436
MSapa,72,294,393,15.0,46,-730
MSapa,73,295,386,15.0,38,-887
MSapaa,74,264,375,15.1,34,-520
MSapaa,75,243,368,16.1,36,-745
MSapaa,76,235,367,16.0,44,-247
MSapaa,77,233,359,17.0,44,-446
MSapaa,78,228,354,17.0,44,-1874
MSapaa,79,225,351,17.0,44,-776
MSapaa,80,227,348,17.1,44,-266
MSapaa,81,230,338,16.9,44,-750
MSapaa,82,236,322,16.1,46,-791
MSapaa,83,240,315,16.0,44,-908
MSapaa,84,238,305,15.0,44,-222
MSapaa,85,224,302,14.1,43,-527
MSapaa,86,223,308,14.0,42,-542
MSapaa,87,226,306,13.9,40,-410
MSapaa,88,229,315,14.0,41,-813
MSapaa,89,221,321,13.2,41,-565
MSapaa,90,219,323,13.2,40,-978
MSapaa,91,223,327,14.1,39,-1965
MSapaa,92,220,331,13.1,39,-867
MSapaa,93,220,334,13.1,39,62
MSapaa,94,221,334,14.0,39,-1045
MSapaa,95,228,336,13.2,39,-1491
MSapaa,96,226,330,13.0,36,-963
MSapaa,97,232,322,13.0,32,5
MSapaaa,98,194,311,12.2,34,-670
MSapaaa,99,184,317,14.0,34,-411
MSapaaa,100,183,321,13.8,36,-404
MSapaaa,101,187,317,14.1,36,-887
MSapaaa,102,189,321,14.1,36,-49
MSapaaa,103,184,323,14.1,38,227
MSapaaa,104,182,325,14.1,38,-1479
MSapaaa,105,178,330,14.1,36,-548
MSapaaa,106,170,329,14.8,36,-684
MSapaaa,107,164,332,14.1,40,-445
MSapaaa,108,160,327,14.2,38,-900
MSapaaa,109,153,330,14.1,38,-549
MSapaaa,110,152,326,13.3,38,-1204
MSapaaa,111,148,321,13.4,38,-397
MSapaaa,112,149,329,14.1,38,-1329
MSapaaa,113,149,323,13.3,40,-265
MSapaaa,114,149,326,14.1,40,-1061
MSapaaa,115,146,316,14.0,39,309
MSapaaa,116,144,319,13.3,39,-540
MSapaaa,117,144,318,13.3,38,-860
MSapaaa,118,148,319,14.0,37,-316
MSapaaa,119,146,324,14.1,36,-1257
MSapaaa,120,142,325,14.1,35,-810
MSapaaa,121,146,329,14.2,34,-1225
MSapaaa,122,146,324,15.1,34,-207
MSapaaa,123,144,319,14.1,34,148
MSapaaa,124,145,315,14.2,34,-194
MSapaaa,125,145,315,14.0,34,83
MSapaaa,126,141,319,13.3,34,-640
MSapaaa,127,147,320,13.2,34,-784
MSapaaa,128,150,324,14.1,34,-491
MSapaaa,129,150,325,14.0,30,-521
MSapaaaa,130,130,343,14.1,30,-11
MSapaaaa,131,136,348,14.9,30,-517
MSapaaaa,132,134,345,14.0,30,-1158
MSapaaaa,133,142,341,14.1,30,-269
MSapaaaa,134,141,336,14.0,30,-524
MSapaaaa,135,142,332,14.0,30,45
MSapaaaa,136,143,328,14.2,32,-110
MSapaaaa,137,141,325,14.3,32,248
MSapaaaa,138,145,321,14.4,32,-777
MSapaaaa,139,146,319,14.2,30,-896
MSapaaaa,140,146,317,14.1,30,-235
MSapaaaa,141,146,316,14.8,30,-613
MSapaaaa,142,144,316,14.2,26,-378
MSapaaaa,143,143,320,14.3,34,1055
MSapaaaa,144,146,322,14.3,32,197
MSapaaaa,145,147,323,14.3,34,-910
MSapaaaa,146,147,322,14.3,32,860
MSapaaaa,147,147,322,14.9,30,-152
MSapaaaa,148,150,322,14.2,34,-726
MSapaaaa,149,149,319,13.2,34,-784
MSapaaaa,150,150,323,13.3,34,-891
MSapaaaa,151,148,322,13.2,32,-802
MSapaaaa,152,148,318,13.3,34,-555
MSapaaaa,153,148,323,13.4,31,-1605
MSapaaaa,154,149,321,13.3,32,-1090
MSapaaaa,155,148,323,14.1,31,-1113
MSapaaaa,156,146,329,14.3,34,-687
MSapaaaa,157,145,329,14.3,26,93
MSapaaaa,158,145,329,14.3,26,1070
MSapaaaa,159,151,327,15.1,26,-332
MSapaaaa,160,155,325,16.1,34,-26
MSapaaap,130,173,312,14.9,30,-786
MSapaaap,131,177,314,15.0,30,720
MSapaaap,132,175,319,14.2,32,-268
MSapaaap,133,185,320,14.9,30,-1221
MSapaaap,134,187,328,14.2,32,-526
MSapaaap,135,189,328,14.2,32,-795
MSapaaap,136,191,330,14.3,34,22
MSapaaap,137,191,330,14.3,32,-1303
MSapaaap,138,192,329,14.2,29,-602
MSapaaap,139,193,328,14.2,26,1050
MSapaaap,140,194,327,15.1,34,-113
MSapaaap,141,198,325,16.0,34,-606
MSapaaap,142,199,327,15.3,34,-636
MSapaaap,143,199,324,15.3,34,97
MSapaaap,144,202,325,16.1,34,-695
MSapaaap,145,206,322,16.0,26,-561
MSapaaap,146,207,321,15.3,34,-756
MSapaaap,147,215,318,16.1,34,-674
MSapaaap,148,215,316,16.1,34,-264
MSapaaap,149,209,309,15.2,34,-1178
MSapaaap,150,214,314,15.3,34,-102
MSapaaap,151,216,314,15.1,34,-747
MSapaaap,152,215,316,14.2,34,169
MSapaaap,153,220,327,14.1,31,-58
MSapaaap,154,220,330,14.0,34,415
MSapaaap,155,216,332,14.1,34,-499
MSapaaap,156,211,334,14.2,34,64
MSapaaap,157,203,340,14.1,31,-635
MSapaaap,158,191,343,13.1,34,430
MSapaaap,159,184,345,13.1,31,-484
MSapaaap,160,174,342,12.2,34,-271
MSapaap,98,249,327,13.3,32,-113
MSapaap,99,250,328,14.0,36,2
MSapaap,100,250,320,13.9,36,-371
MSapaap,101,248,323,13.1,36,-1061
MSapaap,102,251,325,13.9,36,-1395
MSapaap,103,245,329,14.0,36,-2152
MSapaap,104,243,331,14.0,36,-529
MSapaap,105,244,331,14.0,36,457
MSapaap,106,241,338,14.0,38,-893
MSapaap,107,235,337,13.9,36,-487
MSapaap,108,227,336,13.9,36,-162
MSapaap,109,222,336,13.1,36,-114
MSapaap,110,220,333,13.1,38,-1240
MSapaap,111,215,330,14.0,38,737
MSapaap,112,212,336,13.2,38,7
MSapaap,113,210,336,14.0,38,-544
MSapaap,114,206,342,14.8,36,-505
MSapaap,115,204,333,14.2,37,-279
MSapaap,116,201,337,14.3,37,-905
MSapaap,117,197,334,14.1,36,-917
MSapaap,118,197,342,14.0,37,-311
MSapaap,119,199,339,14.2,36,-75
MSapaap,120,201,332,14.1,35,-935
MSapaap,121,206,335,13.3,34,-1497
MSapaap,122,206,331,13.1,34,-267
MSapaap,123,203,331,13.3,34,29
MSapaap,124,200,328,14.1,34,-233
MSapaap,125,202,327,14.2,34,-846
MSapaap,126,204,329,14.2,34,-895
MSapaap,127,208,332,15.0,34,-500
MSapaap,128,209,332,15.1,34,436
MSapaap,129,216,333,14.3,34,-68
MSapaap,130,211,340,14.1,34,-514
MSapaap,131,222,343,14.0,34,702
MSapaap,132,221,346,14.1,34,-1172
MSapaap,133,226,344,14.0,34,-1116
MSapaap,134,228,347,14.2,34,-874
MSapaap,135,234,347,14.3,34,-423
MSapaap,136,240,350,15.0,34,-512
MSapaap,137,239,351,14.3,34,-220
MSapaap,138,245,353,15.1,34,-642
MSapaap,139,250,353,14.1,32,-213
MSapaap,140,257,350,14.9,30,-166
MSapaapa,141,239,351,15.1,26,401
MSapaapa,142,232,341,16.1,32,-552
MSapaapa,143,234,333,15.9,30,-1258
MSapaapa,144,239,337,16.0,26,-856
MSapaapa,145,235,332,15.9,30,1209
MSapaapa,146,238,335,16.0,30,354
MSapaapa,147,238,333,16.9,30,-353
MSapaapa,148,238,333,15.9,30,-458
MSapaapa,149,235,332,16.1,30,-906
MSapaapa,150,237,334,16.1,30,161
MSapaapa,151,244,334,16.1,30,-150
MSapaapa,152,239,331,16.1,30,1314
MSapaapa,153,241,336,16.2,31,-388
MSapaapa,154,236,336,16.8,30,-426
MSapaapa,155,236,334,16.3,31,-958
MSapaapa,156,236,337,16.1,26,-1023
MSapaapa,157,237,339,16.1,31,-145
MSapaapa,158,242,336,15.1,26,-1450
MSapaapa,159,241,336,16.0,31,-347
MSapaapa,160,240,336,16.0,30,-683
MSapaapp,141,273,353,14.9,30,-557
MSapaapp,142,272,361,15.0,30,497
MSapaapp,143,276,354,14.3,34,-1170
MSapaapp,144,284,361,15.1,34,-448
MSapaapp,145,284,366,14.1,34,456
MSapaapp,146,284,366,14.1,34,281
MSapaapp,147,291,365,15.0,34,47
MSapaapp,148,291,365,15.0,34,-36
MSapaapp,149,290,364,15.3,34,-777
MSapaapp,150,289,363,15.5,34,-492
MSapaapp,151,288,362,15.8,34,24
MSapaapp,152,286,361,16.0,34,-146
MSapaapp,153,284,363,15.1,31,-69
MSapaapp,154,288,367,15.1,34,-847
MSapaapp,155,292,358,16.0,31,-589
MSapaapp,156,295,357,15.7,32,-413
MSapaapp,157,298,356,15.3,33,-118
MSapaapp,158,302,355,15.0,34,-65
MSapaapp,159,306,347,16.0,31,-520
MSapaapp,160,313,345,16.0,26,206
MSapap,74,312,387,15.1,34,-1179
MSapap,75,309,395,16.1,38,407
MSapap,76,312,403,16.1,44,-554
MSapap,77,321,390,17.0,46,-525
MSapap,78,313,383,16.0,44,-85
MSapap,79,316,377,16.0,44,-756
MSapap,80,310,370,14.1,44,-338
MSapap,81,304,373,14.2,46,-1191
MSapap,82,291,371,14.9,44,9
MSapap,83,293,362,14.0,44,-1307
MSapap,84,293,351,14.0,44,-843
MSapap,85,292,347,14.0,43,-1031
MSapap,86,293,352,13.3,44,-313
MSapap,87,295,342,14.1,42,-989
MSapap,88,296,333,13.2,41,-542
MSapap,89,288,342,14.1,41,-1076
MSapap,90,291,347,14.0,40,-279
MSapap,91,293,348,13.2,39,-1189
MSapap,92,298,342,14.0,39,129
MSapap,93,299,347,14.1,39,-811
MSapap,94,292,341,13.2,39,-515
MSapap,95,292,351,13.2,39,-790
MSapap,96,287,350,13.1,34,5
MSapap,97,300,350,13.1,40,-835
MSapapa,98,270,352,13.4,34,25
MSapapa,99,268,352,14.0,26,-106
MSapapa,100,275,347,13.4,38,-884
MSapapa,101,276,349,14.0,36,-819
MSapapa,102,277,351,14.0,38,-1309
MSapapa,103,276,347,14.0,36,-1778
MSapapa,104,269,350,14.0,36,-451
MSapapa,105,271,353,14.0,36,-808
MSapapa,106,268,353,13.1,36,274
MSapapa,107,270,356,13.1,40,-839
MSapapa,108,260,352,13.3,40,-965
MSapapa,109,260,357,13.9,36,-671
MSapapa,110,256,351,13.1,38,-158
MSapapa,111,246,356,13.0,38,-696
MSapapa,112,251,355,12.2,40,-208
MSapapa,113,245,361,12.3,38,-1034
MSapapa,114,241,364,13.1,38,-1007
MSapapa,115,241,359,13.1,37,-884
MSapapa,116,242,364,13.2,39,-1061
MSapapa,117,239,360,13.1,36,-1486
MSapapa,118,241,360,13.2,37,-758
MSapapa,119,241,366,13.3,36,-1530
MSapapa,120,235,367,13.2,35,-809
MSapapa,121,240,367,13.2,34,162
MSapapa,122,236,360,13.1,34,-28
MSapapa,123,231,359,13.1,34,-424
MSapapa,124,222,357,12.2,34,-184
MSapapa,125,229,359,12.2,34,-495
MSapapa,126,231,363,12.2,34,-1264
MSapapa,127,233,365,13.1,30,-1780
MSapapa,128,234,364,12.9,30,-75
MSapapaa,129,204,369,13.9,30,271
MSapapaa,130,203,375,13.9,30,-1059
MSapapaa,131,207,372,13.1,32,-1261
MSapapaa,132,200,371,13.0,32,-85
MSapapaa,133,201,369,13.0,32,-90
MSapapaa,134,202,367,13.0,32,40
MSapapaa,135,203,365,13.0,31,-1185
MSapapaa,136,204,363,13.0,31,-313
MSapapaa,137,205,361,13.0,31,149
MSapapaa,138,207,359,13.0,30,-415
MSapapaa,139,210,360,13.2,26,-904
MSapapaa,140,210,360,13.2,26,2021
MSapapaa,141,207,361,14.3,30,-818
MSapapaa,142,207,361,14.6,32,-778
MSapapaa,143,206,360,15.0,34,-225
MSapapaa,144,208,358,14.2,34,335
MSapapaa,145,206,353,14.2,34,-654
MSapapaa,146,210,352,14.2,34,280
MSapapaa,147,210,345,13.1,32,-861
MSapapaa,148,209,347,13.1,30,-628
MSapapaa,149,212,343,13.0,30,-747
MSapapaa,150,214,347,13.0,34,1002
MSapapaa,151,217,342,12.3,32,-537
MSapapaa,152,220,341,12.1,34,714
MSapapaa,153,226,337,12.2,31,-486
MSapapaa,154,227,336,12.1,34,1967
MSapapaa,155,232,339,12.1,26,1184
MSapapaa,156,231,336,12.3,34,-1097
MSapapaa,157,234,336,12.2,31,-609
MSapapaa,158,234,338,12.0,34,-512
MSapapaa,159,236,338,12.1,31,-418
MSapapaa,160,237,337,12.2,34,-729
MSapapap,129,259,356,12.0,30,-986
MSapapap,130,261,360,13.1,30,-2272
MSapapap,131,261,360,13.1,30,-73
MSapapap,132,257,361,12.0,26,-432
MSapapap,133,261,365,12.1,34,330
MSapapap,134,261,364,12.1,34,-772
MSapapap,135,257,365,13.2,34,-1104
MSapapap,136,259,363,12.6,34,-804
MSapapap,137,257,362,12.0,34,-523
MSapapap,138,251,359,11.6,34,-919
MSapapap,139,253,358,11.1,34,-138
MSapapap,140,247,357,11.0,34,-288
MSapapap,141,241,357,11.0,32,-1585
MSapapap,142,235,346,11.1,30,-839
MSapapap,143,237,347,11.9,30,-134
MSapapap,144,242,345,11.2,32,1196
MSapapap,145,245,346,12.0,30,-910
MSapapap,146,248,348,12.3,32,-1311
MSapapap,147,250,354,13.1,34,-278
MSapapap,148,250,354,13.1,34,-705
MSapapap,149,246,353,13.1,30,581
MSapapap,150,250,347,13.0,30,-762
MSapapap,151,252,346,12.2,32,-945
MSapapap,152,251,342,13.1,32,-904
MSapapap,153,253,347,13.1,31,-295
MSapapap,154,251,344,13.2,34,83
MSapapap,155,257,344,14.2,31,-430
MSapapap,156,259,344,13.2,26,-1142
MSapapap,157,258,346,14.1,31,-388
MSapapap,158,257,345,13.2,26,2673
MSapapap,159,259,346,14.2,26,-145
MSapapap,160,264,350,14.3,34,-273
MSapapp,98,331,362,13.9,36,-209
MSapapp,99,332,358,13.0,36,-748
MSapapp,100,329,363,13.0,36,-980
MSapapp,101,324,360,11.9,36,-1334
MSapapp,102,321,365,11.0,36,-844
MSapapp,103,315,365,11.2,36,-1220
MSapapp,104,313,365,10.2,36,-516
MSapapp,105,313,365,10.1,36,-1698
MSapapp,106,305,369,10.9,36,-1764
MSapapp,107,305,366,9.4,38,-1439
MSapapp,108,297,364,10.2,36,-334
MSapapp,109,298,366,10.1,36,-561
MSapapp,110,292,368,10.9,36,-1340
MSapapp,111,292,369,11.1,36,-406
MSapapp,112,292,371,11.1,38,-759
MSapapp,113,290,369,11.1,38,-944
MSapapp,114,285,371,10.9,36,-1363
MSapapp,115,285,373,10.9,35,-1272
MSapapp,116,286,378,11.1,35,-1169
MSapapp,117,289,377,11.2,36,-696
MSapapp,118,288,377,11.1,37,-1183
MSapapp,119,286,374,11.1,36,-1001
MSapapp,120,286,378,10.2,35,-228
MSapapp,121,285,374,10.1,34,-872
MSapapp,122,279,375,10.2,34,-907
MSapapp,123,274,369,11.0,34,-688
MSapapp,124,267,367,10.3,32,-1313
MSapapp,125,274,364,10.1,34,-867
MSapapp,126,277,367,9.3,34,396
MSapapp,127,279,360,9.2,34,-1110
MSapapp,128,278,358,9.0,34,-1122
MSapapp,129,280,360,8.2,34,-926
MSapapp,130,273,358,8.1,34,-1316
MSapapp,131,263,353,8.2,34,-198
MSapapp,132,259,353,8.3,34,-441
MSapapp,133,264,352,8.9,30,-258
MSapapp,134,266,355,8.1,30,-1377
MSapappa,135,246,361,9.1,30,1149
MSapappa,136,245,359,10.0,30,-1206
MSapappa,137,245,354,9.8,30,-1156
MSapappa,138,244,350,8.4,32,360
MSapappa,139,244,350,8.4,32,-1307
MSapappa,140,245,347,8.2,32,-470
MSapappa,141,238,341,8.0,30,-1480
MSapappa,142,236,339,8.4,32,-1144
MSapappa,143,233,340,8.2,34,-1401
MSapappa,144,234,340,7.4,34,434
MSapappa,145,232,338,7.3,34,-1384
MSapappa,146,229,340,8.1,30,-1409
MSapappa,147,233,336,7.3,32,-1999
MSapappa,148,235,337,7.4,32,-1227
MSapappa,149,227,332,7.4,34,-1597
MSapappa,150,222,331,8.2,32,-1478
MSapappa,151,218,326,8.4,34,-1203
MSapappa,152,212,319,8.3,34,-1059
MSapappa,153,212,321,8.2,31,-1555
MSapappa,154,211,323,8.1,34,-52
MSapappa,155,222,324,8.2,31,-84
MSapappa,156,222,327,8.1,32,-311
MSapappa,157,222,331,8.0,33,894
MSapappa,158,219,331,7.8,33,-751
MSapappa,159,216,330,7.6,33,531
MSapappa,160,213,329,7.4,33,282
MSapappp,135,293,346,7.7,30,-986
MSapappp,136,288,347,7.1,30,-1244
MSapappp,137,289,343,7.8,30,-1289
MSapappp,138,284,347,7.0,30,-521
MSapappp,139,289,348,6.9,30,-1318
MSapappp,140,290,345,7.0,30,-189
MSapappp,141,284,349,7.0,30,-1461
MSapappp,142,284,355,7.2,32,-1160
MSapappp,143,283,352,7.0,32,-989
MSapappp,144,286,351,7.0,32,-2059
MSapappp,145,283,351,7.0,32,-1731
MSapappp,146,282,350,6.4,34,-1689
MSapappp,147,278,350,6.9,30,-1111
MSapappp,148,276,345,6.1,30,-1105
MSapappp,149,274,344,6.3,32,-320
MSapappp,150,272,340,6.1,30,-1251
MSapappp,151,267,340,6.1,34,-668
MSapappp,152,260,335,6.0,30,-1707
MSapappp,153,259,334,5.5,31,-1925
MSapappp,154,257,332,6.0,30,-1614
MSapappp,155,255,334,6.1,31,-2658
MSapappp,156,256,339,6.1,34,-1862
MSapappp,157,251,334,6.2,31,-1007
MSapappp,158,250,336,6.2,30,-2020
MSapappp,159,246,331,6.1,31,-1778
MSapappp,160,252,326,6.1,32,-1258
MSapp,54,310,379,15.0,35,-671
MSapp,55,329,374,17.1,53,-337
MSapp,56,335,376,17.1,52,-1191
MSapp,57,344,374,18.0,51,-462
MSapp,58,347,380,18.0,52,-498
MSapp,59,347,389,18.9,51,-1039
MSapp,60,340,396,18.0,52,-1352
MSapp,61,339,399,18.1,51,-1209
MSapp,62,339,398,18.9,51,-856
MSapp,63,341,395,18.3,52,-224
MSapp,64,357,392,19.0,51,-181
MSapp,65,362,384,18.3,47,-457
MSapp,66,357,385,19.0,44,-1125
MSapp,67,366,384,19.0,43,-841
MSapp,68,372,389,18.1,45,-1169
MSapp,69,376,383,17.2,47,-620
MSapp,70,372,377,18.1,48,-791
MSapp,71,373,379,16.2,46,-1128
MSapp,72,374,380,16.1,48,-1070
MSapp,73,373,380,15.0,44,-811
MSapp,74,372,392,16.0,34,-1341
MSappa,75,346,385,17.1,29,-1618
MSappa,76,343,388,18.2,42,-659
MSappa,77,350,392,19.2,31,-373
MSappa,78,345,388,19.0,44,-234
MSappa,79,346,386,19.0,44,-371
MSappa,80,336,374,18.0,44,-230
MSappa,81,340,372,17.9,44,107
MSappa,82,334,370,17.3,46,-281
MSappa,83,330,354,17.9,44,-844
MSappa,84,332,345,17.2,46,-86
MSappa,85,333,337,16.3,45,501
MSappa,86,339,338,17.0,42,-856
MSappa,87,346,340,16.0,44,294
MSappa,88,346,340,16.0,37,-879
MSappa,89,340,330,15.1,41,-1039
MSappa,90,338,335,15.1,40,-210
MSappa,91,342,330,15.2,37,-1170
MSappa,92,345,325,15.1,39,-331
MSappa,93,352,317,15.0,39,-803
MSappa,94,354,322,15.1,39,115
MSappa,95,354,333,15.1,37,-697
MSappa,96,351,335,15.1,38,-1815
MSappa,97,349,335,15.2,38,-960
MSappa,98,351,343,16.2,40,-601
MSappa,99,340,336,16.1,40,-393
MSappa,100,339,341,16.0,38,-401
MSappa,101,334,342,16.0,36,-1248
MSappa,102,333,340,15.1,36,-1282
MSappa,103,337,341,16.1,32,-896
MSappaa,104,307,339,15.2,34,826
MSappaa,105,310,345,14.9,36,-660
MSappaa,106,303,349,15.0,36,-490
MSappaa,107,304,347,15.0,36,-1145
MSappaa,108,300,345,14.9,36,-993
MSappaa,109,297,348,15.0,36,-576
MSappaa,110,295,343,15.0,36,-707
MSappaa,111,293,344,15.0,36,345
MSappaa,112,293,350,14.8,36,-512
MSappaa,113,291,352,14.9,36,-606
MSappaa,114,288,356,14.2,36,-1403
MSappaa,115,288,362,14.1,35,-515
MSappaa,116,287,363,14.2,37,-659
MSappaa,117,288,355,15.0,34,-1125
MSappaa,118,284,354,14.3,35,-554
MSappaa,119,287,346,15.1,36,-82
MSappaa,120,294,349,15.1,35,-177
MSappaa,121,294,355,14.3,34,-375
MSappaa,122,291,352,15.1,34,-247
MSappaa,123,284,348,15.2,32,-580
MSappaa,124,280,347,14.3,34,346
MSappaa,125,283,345,14.2,34,-895
MSappaa,126,287,347,14.1,34,-553
MSappaa,127,295,347,14.1,34,-962
MSappaa,128,290,348,14.1,34,-501
MSappaa,129,293,344,14.2,34,253
MSappaa,130,295,347,14.3,34,-653
MSappaa,131,295,344,14.3,34,102
MSappaa,132,291,343,14.2,34,-817
MSappaa,133,296,341,14.2,34,-1241
MSappaa,134,295,340,14.2,34,-905
MSappaa,135,297,342,14.1,34,-1313
MSappaa,136,301,340,14.2,34,-988
MSappaa,137,299,345,14.3,34,-115
MSappaa,138,302,346,14.1,34,-346
MSappaa,139,304,342,14.2,34,-137
MSappaa,140,312,343,14.3,34,-455
MSappaa,141,314,342,14.3,34,-643
MSappaa,142,316,345,15.0,34,-1571
MSappaa,143,316,341,14.4,34,-277
MSappaa,144,323,345,14.1,34,197
MSappaa,145,329,342,15.0,34,-861
MSappaa,146,332,340,15.1,30,-516
MSappaa,147,329,339,15.0,34,-1356
MSappaaa,148,314,340,15.9,30,-113
MSappaaa,149,312,338,15.1,30,-1008
MSappaaa,150,313,338,14.9,30,257
MSappaaa,151,311,337,14.0,30,134
MSappaaa,152,310,338,14.1,32,-865
MSappaaa,153,313,338,14.0,31,-1098
MSappaaa,154,317,342,14.1,30,-24
MSappaaa,155,321,343,14.2,31,-1948
MSappaaa,156,325,344,14.1,26,-261
MSappaaa,157,326,347,15.0,31,-1210
MSappaaa,158,331,344,14.2,34,-824
MSappaaa,159,333,343,14.1,26,-311
MSappaaa,160,332,347,14.0,30,-1411
MSappaap,148,362,338,15.0,30,-908
MSappaap,149,365,342,15.8,30,-1222
MSappaap,150,362,345,15.1,32,7
MSappaap,151,358,342,16.0,34,-93
MSappaap,152,361,335,16.1,32,962
MSappaap,153,366,341,15.3,31,684
MSappaap,154,363,345,16.0,34,320
MSappaap,155,373,346,15.3,31,-921
MSappaap,156,373,346,15.3,31,-87
MSappaap,157,384,345,16.1,31,120
MSappaap,158,389,344,15.2,34,-821
MSappaap,159,394,344,15.4,31,-651
MSappaap,160,395,343,15.3,32,-652
MSappap,104,360,346,16.1,30,-54
MSappap,105,366,345,16.9,36,-81
MSappap,106,361,341,16.0,36,264
MSappap,107,362,341,15.9,36,65
MSappap,108,352,339,16.1,36,2
MSappap,109,350,345,15.9,36,-61
MSappap,110,346,342,16.0,36,-924
MSappap,111,340,346,15.1,36,305
MSappap,112,343,346,15.8,36,136
MSappap,113,348,341,15.0,36,588
MSappap,114,344,347,15.0,36,-658
MSappap,115,339,356,15.0,37,-1037
MSappap,116,339,354,14.3,37,-968
MSappap,117,338,355,15.1,34,-443
MSappap,118,340,350,14.3,37,435
MSappap,119,336,350,15.1,36,368
MSappap,120,338,358,15.3,33,865
MSappap,121,338,360,15.3,34,-742
MSappap,122,336,358,15.4,34,-899
MSappap,123,329,359,15.4,34,88
MSappap,124,328,364,15.3,34,268
MSappap,125,330,359,15.2,34,1132
MSappap,126,331,368,15.0,34,-942
MSappap,127,328,366,15.1,34,-297
MSappap,128,329,360,15.1,34,-1255
MSappap,129,335,355,15.0,30,-884
MSappap,130,340,348,14.1,34,-930
MSappap,131,337,354,15.0,34,-734
MSappap,132,337,347,14.1,34,1114
MSappap,133,334,354,14.2,34,500
MSappap,134,334,355,14.2,34,-1638
MSappap,135,335,358,14.3,34,-921
MSappap,136,335,360,15.1,34,-313
MSappap,137,334,366,15.1,34,-641
MSappap,138,333,368,15.1,34,-903
MSappap,139,332,370,15.2,34,-1213
MSappap,140,330,372,16.0,34,485
MSappap,141,335,371,14.2,34,-1285
MSappap,142,332,378,15.1,34,-1707
MSappap,143,326,379,16.0,34,-630
MSappap,144,332,381,16.0,34,-1161
MSappap,145,332,382,16.1,34,-1711
MSappap,146,335,386,15.2,34,154
MSappap,147,337,385,16.0,34,292
MSappap,148,337,378,16.1,34,-176
MSappap,149,333,378,16.1,32,-119
MSappap,150,332,378,16.9,30,-690
MSappap,151,332,378,16.9,30,625
MSappapa,152,313,381,15.8,30,-1319
MSappapa,153,314,377,15.1,31,-990
MSappapa,154,316,376,15.1,32,699
MSappapa,155,322,374,15.1,31,-1161
MSappapa,156,317,372,14.2,34,-260
MSappapa,157,313,372,14.1,29,890
MSappapa,158,312,371,13.1,32,324
MSappapa,159,308,369,13.0,31,105
MSappapa,160,307,371,13.1,32,-168
MSappapp,152,351,363,15.8,30,296
MSappapp,153,364,375,15.1,31,1381
MSappapp,154,366,381,15.2,34,-986
MSappapp,155,371,383,16.1,31,-672
MSappapp,156,363,382,16.0,34,333
MSappapp,157,360,381,16.0,31,333
MSappapp,158,353,382,14.2,34,838
MSappapp,159,348,376,15.0,31,1984
MSappapp,160,345,379,15.0,34,3610
MSappp,75,400,396,16.2,32,152
MSappp,76,408,399,17.0,36,472
MSappp,77,412,396,17.1,44,-517
MSappp,78,408,398,16.0,44,352
MSappp,79,419,396,15.1,44,-1096
MSappp,80,419,391,14.1,44,-864
MSappp,81,411,386,14.0,44,-237
MSappp,82,405,382,14.9,44,-910
MSappp,83,402,374,14.0,44,-433
MSappp,84,400,369,13.2,46,-555
MSappp,85,405,367,14.0,43,-804
MSappp,86,404,364,14.0,42,-107
MSappp,87,407,358,12.3,42,-359
MSappp,88,405,352,13.2,41,-774
MSappp,89,391,342,13.0,41,-1191
MSappp,90,390,342,13.1,40,-235
MSappp,91,391,337,13.1,39,-669
MSappp,92,383,332,13.0,39,-1098
MSappp,93,377,339,11.3,39,576
MSappp,94,377,346,11.2,39,-501
MSappp,95,369,356,11.2,39,-229
MSappp,96,365,353,11.4,38,27
MSappp,97,362,359,12.2,40,-928
MSappp,98,367,369,13.1,40,-1691
MSappp,99,369,363,13.1,40,-1670
MSappp,100,370,358,12.1,40,-1334
MSappp,101,367,355,12.0,40,-1048
MSappp,102,368,360,11.2,38,-968
MSappp,103,363,356,11.1,40,-832
MSappp,104,361,353,11.2,40,-965
MSappp,105,362,355,11.0,30,-456
MSapppa,106,341,370,12.1,34,-845
MSapppa,107,337,367,11.2,34,-1002
MSapppa,108,332,367,11.2,36,-2042
MSapppa,109,332,368,11.9,36,-808
MSapppa,110,332,368,11.9,36,-1652
MSapppa,111,330,361,11.9,36,-1757
MSapppa,112,335,368,11.1,36,-1424
MSapppa,113,335,371,11.0,36,-814
MSapppa,114,331,376,11.1,36,-1478
MSapppa,115,325,386,12.0,35,-1611
MSapppa,116,327,386,11.4,37,-1526
MSapppa,117,329,381,12.1,36,-363
MSapppa,118,323,381,11.1,37,-1121
MSapppa,119,324,376,11.0,36,-910
MSapppa,120,325,381,10.3,35,-885
MSapppa,121,329,383,10.3,34,-664
MSapppa,122,325,384,10.4,34,-1570
MSapppa,123,317,383,11.2,34,-803
MSapppa,124,308,382,11.0,34,-990
MSapppa,125,308,379,11.2,34,-1092
MSapppa,126,311,380,10.4,34,-618
MSapppa,127,316,377,10.4,34,-217
MSapppa,128,312,375,11.0,34,-879
MSapppa,129,313,373,10.4,34,-633
MSapppa,130,310,377,11.1,34,-1011
MSapppa,131,308,374,10.4,34,-461
MSapppa,132,307,372,10.4,34,-584
MSapppa,133,308,373,10.3,34,-1315
MSapppa,134,305,375,10.4,34,-588
MSapppa,135,306,375,11.1,34,-659
MSapppa,136,301,377,11.1,34,-1028
MSapppa,137,304,377,11.2,34,-1080
MSapppa,138,305,381,11.1,34,-954
MSapppa,139,307,377,11.0,30,-278
MSapppa,140,304,375,11.0,30,-240
MSapppaa,141,287,380,12.9,30,221
MSapppaa,142,291,388,13.8,30,-1220
MSapppaa,143,291,388,13.8,30,-953
MSapppaa,144,292,385,13.0,34,-963
MSapppaa,145,286,374,12.2,34,-990
MSapppaa,146,290,375,12.3,32,-328
MSapppaa,147,291,376,12.1,32,900
MSapppaa,148,288,375,12.2,32,-209
MSapppaa,149,282,367,13.0,32,-22
MSapppaa,150,283,364,13.0,30,-398
MSapppaa,151,284,368,13.0,34,-168
MSapppaa,152,281,365,13.0,30,-1304
MSapppaa,153,278,367,12.1,31,397
MSapppaa,154,281,367,12.9,30,-71
MSapppaa,155,279,378,12.3,31,-271
MSapppaa,156,279,379,12.2,32,-560
MSapppaa,157,279,379,12.2,31,-1061
MSapppaa,158,278,374,12.2,32,-606
MSapppaa,159,276,375,13.0,31,-495
MSapppaa,160,273,369,13.0,30,-886
MSapppap,141,322,370,9.9,30,-964
MSapppap,142,322,371,9.2,30,-582
MSapppap,143,318,366,9.9,30,-385
MSapppap,144,323,366,9.1,32,-567
MSapppap,145,317,367,8.4,32,-822
MSapppap,146,311,368,8.4,32,-1763
MSapppap,147,307,369,9.0,32,-826
MSapppap,148,306,368,8.8,30,-1365
MSapppap,149,302,364,8.4,32,-1290
MSapppap,150,306,362,8.9,30,-959
MSapppap,151,309,369,8.9,30,-414
MSapppap,152,305,367,9.1,34,-210
MSapppap,153,302,360,8.2,31,-1602
MSapppap,154,306,361,8.2,34,-1239
MSapppap,155,301,363,8.1,31,-38
MSapppap,156,302,367,8.1,32,-1034
MSapppap,157,296,363,8.0,31,-971
MSapppap,158,293,365,8.2,32,-361
MSapppap,159,293,359,8.1,31,-1418
MSapppap,160,295,360,8.3,34,-1170
MSapppp,106,391,354,10.3,30,-678
MSapppp,107,397,353,10.3,34,53
MSapppp,108,392,350,10.2,34,39
MSapppp,109,392,349,10.0,36,-405
MSapppp,110,391,347,9.2,36,-756
MSapppp,111,396,347,9.0,36,-1573
MSapppp,112,397,351,9.0,36,-1587
MSapppp,113,395,354,8.1,36,-1660
MSapppp,114,387,359,7.9,36,-1163
MSapppp,115,378,361,7.2,37,-1844
MSapppp,116,377,362,7.3,39,-1036
MSapppp,117,380,360,8.0,36,-1829
MSapppp,118,375,364,7.3,37,-1088
MSapppp,119,375,362,7.3,36,-1250
MSapppp,120,373,364,8.1,35,-1454
MSapppp,121,381,365,8.2,34,-1599
MSapppp,122,378,373,8.2,34,-894
MSapppp,123,369,371,9.1,34,-1308
MSapppp,124,357,374,8.3,34,-948
MSapppp,125,358,373,8.3,34,-1382
MSapppp,126,352,374,8.2,34,-1250
MSapppp,127,354,370,8.2,34,-1900
MSapppp,128,355,364,8.3,34,-145
MSapppp,129,354,352,8.2,34,-1985
MSapppp,130,356,356,8.1,34,-1357
MSapppp,131,355,354,8.2,34,-1267
MSapppp,132,356,354,8.1,34,-1554
MSapppp,133,360,349,7.3,34,-962
MSapppp,134,358,352,7.3,34,-1420
MSapppp,135,358,350,7.3,34,-1373
MSapppp,136,356,348,7.3,32,-1582
MSapppp,137,359,354,8.1,34,-292
MSapppp,138,363,354,7.4,34,-1676
MSapppp,139,367,360,7.2,34,-2195
MSapppp,140,367,362,7.2,34,-935
MSapppp,141,369,360,7.2,34,-491
MSapppp,142,367,356,7.3,34,-768
MSapppp,143,365,354,8.0,30,-704
MSapppp,144,364,355,7.2,28,-574
MSappppa,145,347,360,7.1,28,-433
MSappppa,146,337,364,7.8,30,-1342
MSappppa,147,336,363,8.0,30,-1960
MSappppa,148,337,361,7.4,34,-1249
MSappppa,149,337,359,7.3,34,-1205
MSappppa,150,338,354,7.9,30,-1990
MSappppa,151,332,349,7.1,34,-1163
MSappppa,152,327,344,7.0,32,-1044
MSappppa,153,322,342,6.4,31,-1873
MSappppa,154,324,337,6.4,34,-1550
MSappppa,155,326,340,6.3,31,-2530
MSappppa,156,328,345,6.1,34,-2464
MSappppa,157,325,343,5.5,31,-1397
MSappppa,158,320,342,6.0,34,-568
MSappppa,159,329,342,5.2,31,-1139
MSappppa,160,324,339,6.0,34,-2188
MSappppp,145,384,355,8.1,28,31
MSappppp,146,391,357,7.4,28,-1293
MSappppp,147,392,358,7.4,28,-1237
MSappppp,148,388,360,8.0,30,-388
MSappppp,149,389,365,7.3,32,-1709
MSappppp,150,391,363,7.0,30,-856
MSappppp,151,391,361,7.0,30,-1035
MSappppp,152,389,363,6.9,30,-1424
MSappppp,153,389,364,6.4,31,-697
MSappppp,154,390,361,7.1,30,-1329
MSappppp,155,393,365,6.5,31,-1977
MSappppp,156,388,367,6.9,30,-141
MSappppp,157,385,366,6.9,29,-2197
MSappppp,158,383,362,6.2,30,-1270
MSappppp,159,384,360,6.2,31,-1069
MSappppp,160,380,364,6.3,32,-975
MSp,24,317,330,16.1,38,-1045
MSp,25,312,327,17.0,39,-825
MSp,26,325,333,17.1,39,-535
MSp,27,340,321,17.1,59,-1237
MSp,28,349,321,17.0,61,-580
MSp,29,352,314,17.6,63,-897
MSp,30,352,311,17.9,64,-1228
MSp,31,340,323,17.1,62,-1140
MSp,32,333,308,17.1,62,-992
MSp,33,332,303,17.1,62,-1170
MSp,34,325,308,17.0,62,-994
MSp,35,319,308,16.1,62,-939
MSp,36,334,295,17.0,58,-294
MSpa,37,284,300,17.0,40,-744
MSpa,38,270,304,17.1,41,-727
MSpa,39,259,301,19.0,39,-1317
MSpa,40,252,302,18.0,43,-743
MSpa,41,260,308,18.8,59,-624
MSpa,42,263,302,17.8,60,-807
MSpa,43,271,308,17.8,60,-742
MSpa,44,273,313,17.8,61,-358
MSpa,45,275,307,18.8,62,-838
MSpa,46,271,307,18.8,61,-624
MSpa,47,285,309,17.9,60,-596
MSpa,48,293,325,18.1,61,-626
MSpa,49,289,318,18.1,59,-960
MSpa,50,291,303,18.1,59,-722
MSpa,51,297,294,17.1,59,-285
MSpa,52,289,284,16.1,53,-681
MSpaa,53,268,268,15.3,51,-654
MSpaa,54,264,275,15.1,53,-331
MSpaa,55,256,272,15.9,53,-31
MSpaa,56,258,265,15.9,52,-162
MSpaa,57,264,269,16.1,51,-633
MSpaa,58,269,268,16.9,52,-1134
MSpaa,59,263,275,17.0,51,-443
MSpaa,60,264,271,16.9,52,-725
MSpaa,61,269,275,16.1,51,-670
MSpaa,62,271,275,17.0,51,-1165
MSpaa,63,276,281,17.0,50,-610
MSpaa,64,289,265,18.0,47,-99
MSpaa,65,293,264,17.1,47,-536
MSpaa,66,295,259,18.0,44,-1048
MSpaa,67,292,254,17.3,43,-341
MSpaa,68,292,250,17.1,45,-975
MSpaa,69,290,253,17.0,47,-804
MSpaa,70,284,245,16.2,48,-267
MSpaa,71,292,238,16.9,44,-523
MSpaa,72,287,242,16.1,46,-687
MSpaaa,73,254,216,16.0,36,-836
MSpaaa,74,254,213,15.9,44,-584
MSpaaa,75,249,210,15.2,46,-870
MSpaaa,76,252,207,15.3,46,-856
MSpaaa,77,253,201,16.0,44,-1138
MSpaaa,78,251,193,15.9,44,-1399
MSpaaa,79,247,187,15.2,48,-1008
MSpaaa,80,234,186,15.2,48,-1027
MSpaaa,81,234,183,15.3,48,-1465
MSpaaa,82,235,182,15.1,44,-1379
MSpaaa,83,233,188,15.0,44,-854
MSpaaa,84,226,186,15.0,44,-1024
MSpaaa,85,226,178,14.0,45,-1744
MSpaaa,86,218,182,14.2,46,-1159
MSpaaa,87,219,183,15.0,44,-1320
MSpaaa,88,217,196,15.1,41,-1743
MSpaaa,89,214,197,14.0,41,-2068
MSpaaa,90,211,198,14.0,40,-2042
MSpaaa,91,209,200,13.2,39,-1216
MSpaaa,92,208,196,13.1,35,-1049
MSpaaaa,93,181,200,14.3,31,-1419
MSpaaaa,94,184,203,14.1,35,192
MSpaaaa,95,179,202,14.0,35,-1285
MSpaaaa,96,177,200,13.9,36,-1113
MSpaaaa,97,172,201,13.2,38,-1394
MSpaaaa,98,174,205,13.2,38,-925
MSpaaaa,99,173,205,13.2,38,-1593
MSpaaaa,100,170,200,13.1,40,-1568
MSpaaaa,101,168,200,13.1,38,-1401
MSpaaaa,102,162,202,14.0,26,-1337
MSpaaaa,103,169,199,13.0,36,-843
MSpaaaa,104,163,196,12.1,38,-1408
MSpaaaa,105,160,200,13.0,36,-1308
MSpaaaa,106,160,201,12.1,38,-1020
MSpaaaa,107,156,197,12.1,36,-1681
MSpaaaa,108,160,197,11.2,40,-1430
MSpaaaa,109,162,195,11.3,38,-798
MSpaaaa,110,160,196,11.0,38,-533
MSpaaaa,111,160,200,10.2,38,-1089
MSpaaaa,112,158,200,10.2,38,-856
MSpaaaa,113,150,202,10.2,40,-722
MSpaaaa,114,151,201,10.0,40,-1524
MSpaaaa,115,159,204,10.0,39,-1264
MSpaaaa,116,158,210,10.2,39,-1267
MSpaaaa,117,153,211,10.3,36,-844
MSpaaaa,118,153,209,11.0,33,-1115
MSpaaaaa,119,121,198,10.8,32,-1020
MSpaaaaa,120,113,197,10.9,31,-1010
MSpaaaaa,121,107,204,11.1,30,-827
MSpaaaaa,122,106,208,11.1,32,-831
MSpaaaaa,123,104,201,11.3,32,911
MSpaaaaa,124,114,191,11.3,32,-1091
MSpaaaaa,125,115,193,11.2,30,343
MSpaaaaa,126,114,195,11.2,30,-1230
MSpaaaaa,127,116,199,12.0,32,-836
MSpaaaaa,128,115,197,12.3,34,-385
MSpaaaaa,129,119,198,13.1,34,-754
MSpaaaaa,130,119,198,13.2,26,-850
MSpaaaaa,131,116,202,13.0,34,-623
MSpaaaaa,132,117,202,12.3,34,-329
MSpaaaaa,133,117,202,12.1,26,-901
MSpaaaaa,134,118,204,12.2,34,-1330
MSpaaaaa,135,118,203,12.2,34,-237
MSpaaaaa,136,119,197,12.2,34,-802
MSpaaaaa,137,124,196,12.2,34,422
MSpaaaaa,138,129,195,11.4,32,-872
MSpaaaaa,139,124,200,11.3,34,-611
MSpaaaaa,140,131,202,11.3,32,-738
MSpaaaaa,141,135,202,11.0,32,-1103
MSpaaaaa,142,137,201,10.2,26,-921
MSpaaaaa,143,141,203,10.2,34,-1576
MSpaaaaa,144,143,208,10.1,34,-822
MSpaaaaa,145,148,208,9.4,34,-1947
MSpaaaaa,146,155,215,9.0,30,-1570
MSpaaaaa,147,159,215,8.9,30,-635
MSpaaaaa,148,157,222,8.1,34,-146
MSpaaaaa,149,154,223,7.2,34,-743
MSpaaaaa,150,151,229,7.1,34,-1184
MSpaaaaa,151,153,231,7.9,30,-1581
MSpaaaaa,152,153,231,7.9,30,-1910
MSpaaaaa,153,158,221,7.1,31,-1579
MSpaaaaa,154,164,222,7.3,34,-919
MSpaaaaa,155,167,225,7.3,31,-1058
MSpaaaaa,156,168,231,7.3,32,-2122
MSpaaaaa,157,169,231,7.3,31,-1442
MSpaaaaa,158,170,229,7.1,34,-1944
MSpaaaaa,159,171,225,7.0,31,-703
MSpaaaaa,160,177,222,6.2,34,-2464
MSpaaaap,119,162,226,11.8,32,-976
MSpaaaap,120,157,235,11.1,33,-1568
MSpaaaap,121,161,243,11.1,30,-596
MSpaaaap,122,157,248,10.3,32,-316
MSpaaaap,123,149,239,10.2,34,-921
MSpaaaap,124,149,230,10.2,34,350
MSpaaaap,125,149,236,10.1,34,-905
MSpaaaap,126,149,235,9.3,34,-323
MSpaaaap,127,149,235,9.2,34,-1034
MSpaaaap,128,153,235,10.1,34,-1438
MSpaaaap,129,158,239,10.1,34,-1914
MSpaaaap,130,155,235,10.1,34,-570
MSpaaaap,131,158,238,9.3,32,-2505
MSpaaaap,132,156,235,10.0,34,-1650
MSpaaaap,133,160,232,9.3,34,-1555
MSpaaaap,134,161,228,10.1,34,-494
MSpaaaap,135,161,229,9.3,34,-667
MSpaaaap,136,160,227,10.1,34,-1440
MSpaaaap,137,167,225,10.1,34,-597
MSpaaaap,138,170,224,9.2,34,-2127
MSpaaaap,139,170,223,9.1,34,-936
MSpaaaap,140,168,223,8.2,34,-1690
MSpaaaap,141,172,224,8.2,34,-1279
MSpaaaap,142,180,226,8.2,34,-1394
MSpaaaap,143,180,227,8.2,34,-853
MSpaaaap,144,181,230,8.2,34,-823
MSpaaaap,145,183,234,8.1,34,-3057
MSpaaaap,146,185,238,8.1,34,-1742
MSpaaaap,147,193,234,8.1,34,-1824
MSpaaaap,148,195,241,8.2,34,-1744
MSpaaaap,149,195,237,8.2,34,-1527
MSpaaaap,150,191,241,8.2,34,-1471
MSpaaaap,151,194,240,8.3,28,-2180
MSpaaaapa,152,166,238,8.2,26,-1592
MSpaaaapa,153,159,237,9.1,26,-454
MSpaaaapa,154,163,239,9.4,27,-2129
MSpaaaapa,155,167,241,9.7,28,-2053
MSpaaaapa,156,172,244,10.0,30,-535
MSpaaaapa,157,174,240,9.8,30,-1622
MSpaaaapa,158,176,235,9.5,30,-1427
MSpaaaapa,159,178,231,9.3,30,-1099
MSpaaaapa,160,180,226,9.0,30,-1093
MSpaaaapp,152,218,231,8.7,30,-727
MSpaaaapp,153,225,236,8.2,31,-1482
MSpaaaapp,154,217,224,8.0,30,-458
MSpaaaapp,155,219,221,7.2,31,-1958
MSpaaaapp,156,217,226,7.1,30,117
MSpaaaapp,157,212,227,6.4,31,-1588
MSpaaaapp,158,212,229,7.0,30,-804
MSpaaaapp,159,212,229,7.0,31,-327
MSpaaaapp,160,215,229,6.9,30,-877
MSpaaap,93,235,199,12.2,33,-1330
MSpaaap,94,250,198,11.0,35,-2033
MSpaaap,95,245,204,10.1,37,-2089
MSpaaap,96,239,196,10.1,38,-116
MSpaaap,97,234,189,9.2,40,-467
MSpaaap,98,231,188,9.2,38,-858
MSpaaap,99,228,196,9.1,40,-834
MSpaaap,100,226,192,9.2,40,-1692
MSpaaap,101,221,192,10.0,40,-1550
MSpaaap,102,223,195,9.1,40,-1433
MSpaaap,103,222,191,9.0,26,-1532
MSpaaap,104,218,194,9.1,40,-1408
MSpaaap,105,217,191,9.0,40,-1280
MSpaaap,106,222,192,9.1,40,-1646
MSpaaap,107,220,193,9.2,40,-1039
MSpaaap,108,221,192,9.1,40,-657
MSpaaap,109,219,187,9.1,40,-2029
MSpaaap,110,213,186,9.0,38,-1862
MSpaaap,111,216,188,8.1,40,-2042
MSpaaap,112,213,193,8.1,40,-2042
MSpaaap,113,205,193,8.2,40,-2558
MSpaaap,114,211,199,8.1,40,-1490
MSpaaap,115,218,203,8.1,39,-1001
MSpaaap,116,214,212,9.0,39,-1838
MSpaaap,117,204,223,9.2,36,-2271
MSpaaap,118,207,217,9.2,37,-748
MSpaaap,119,209,216,9.1,32,-1241
MSpaaapa,120,182,208,9.1,31,-1140
MSpaaapa,121,176,205,9.2,30,-550
MSpaaapa,122,180,208,9.8,30,805
MSpaaapa,123,181,207,8.9,30,159
MSpaaapa,124,183,203,8.3,34,-36
MSpaaapa,125,184,206,8.8,30,-323
MSpaaapa,126,185,209,9.0,30,-1112
MSpaaapa,127,186,207,8.4,34,-1074
MSpaaapa,128,187,207,9.0,32,-665
MSpaaapa,129,184,202,9.1,32,-88
MSpaaapa,130,187,202,9.9,30,475
MSpaaapa,131,184,202,9.3,32,-1523
MSpaaapa,132,188,203,9.2,34,-634
MSpaaapa,133,196,202,9.2,32,-1184
MSpaaapa,134,199,203,9.2,32,-1700
MSpaaapa,135,199,209,9.0,32,-1044
MSpaaapa,136,200,211,9.2,32,-291
MSpaaapa,137,203,214,8.3,34,72
MSpaaapa,138,207,217,8.0,30,-1938
MSpaaapa,139,207,214,7.2,32,-995
MSpaaapa,140,209,220,7.1,30,-616
MSpaaapa,141,210,221,7.2,32,-2058
MSpaaapa,142,212,224,7.2,32,-1529
MSpaaapa,143,213,225,6.9,30,-1706
MSpaaapa,144,212,229,6.8,30,-671
MSpaaapa,145,211,233,6.1,32,-2073
MSpaaapa,146,217,241,5.3,34,-764
MSpaaapa,147,223,242,6.0,32,-1590
MSpaaapa,148,225,244,6.0,32,-1665
MSpaaapa,149,229,243,5.4,34,-878
MSpaaapa,150,229,247,5.8,30,-2267
MSpaaapa,151,227,246,5.0,30,-1812
MSpaaapa,152,228,246,5.0,32,-358
MSpaaapa,153,228,246,5.0,32,-1563
MSpaaapa,154,241,251,5.1,26,-815
MSpaaapa,155,245,254,5.2,26,-986
MSpaaapa,156,239,256,5.2,26,1
MSpaaapa,157,236,243,7.1,26,-2045
MSpaaapa,158,238,237,8.1,26,766
MSpaaapa,159,242,230,8.0,31,0
MSpaaapa,160,245,225,7.3,34,-1088
MSpaaapp,120,224,230,9.1,31,-140
MSpaaapp,121,234,234,9.0,30,-1716
MSpaaapp,122,245,237,8.9,30,-134
MSpaaapp,123,247,236,8.1,30,-2040
MSpaaapp,124,244,229,7.2,34,-836
MSpaaapp,125,243,233,7.1,34,-1827
MSpaaapp,126,239,236,7.2,34,-1991
MSpaaapp,127,238,241,8.0,34,-1612
MSpaaapp,128,228,242,8.0,34,-2065
MSpaaapp,129,227,244,7.3,34,-1179
MSpaaapp,130,227,246,7.2,34,-822
MSpaaapp,131,225,241,7.3,34,-1629
MSpaaapp,132,221,245,7.3,34,-1217
MSpaaapp,133,229,241,7.3,34,-1313
MSpaaapp,134,230,241,7.3,34,-971
MSpaaapp,135,229,247,8.1,34,-1273
MSpaaapp,136,225,248,8.1,34,-1303
MSpaaapp,137,230,244,7.4,34,-574
MSpaaapp,138,235,246,7.3,34,-853
MSpaaapp,139,237,243,8.0,34,-2291
MSpaaapp,140,236,243,8.1,34,-2364
MSpaaapp,141,237,246,7.2,34,-147
MSpaaapp,142,240,247,7.2,34,-802
MSpaaapp,143,240,248,7.3,34,-1055
MSpaaapp,144,243,252,8.1,34,-1700
MSpaaapp,145,248,254,8.1,34,-322
MSpaaapp,146,253,260,8.2,34,-910
MSpaaapp,147,250,260,8.1,34,-299
MSpaaapp,148,255,261,8.0,34,-603
MSpaaapp,149,255,255,8.1,34,22
MSpaaapp,150,252,252,8.3,34,-317
MSpaaapp,151,259,247,7.9,30,-918
MSpaaapp,152,264,247,7.1,30,-1176
MSpaaapp,153,282,248,7.2,29,-731
MSpaaapp,154,290,251,7.9,30,-1325
MSpaaapp,155,287,256,8.0,31,-1666
MSpaaapp,156,279,260,8.0,30,-1849
MSpaaapp,157,277,255,7.4,31,-1778
MSpaaapp,158,276,260,7.5,32,-100
MSpaaapp,159,271,255,8.0,31,-837
MSpaaapp,160,273,258,8.0,34,-766
MSpaap,73,307,254,16.2,34,-930
MSpaap,74,313,248,16.2,40,-1223
MSpaap,75,317,251,16.9,44,-1262
MSpaap,76,321,257,16.9,44,-681
MSpaap,77,317,258,16.0,44,-736
MSpaap,78,304,260,16.1,44,-988
MSpaap,79,291,259,17.0,44,-36
MSpaap,80,292,254,17.9,44,-833
MSpaap,81,287,252,17.1,44,-877
MSpaap,82,289,250,16.9,44,-943
MSpaap,83,292,247,16.2,46,-934
MSpaap,84,293,243,16.0,44,-1115
MSpaap,85,299,235,16.1,47,-711
MSpaap,86,303,234,15.3,44,-724
MSpaap,87,308,232,15.1,42,-523
MSpaap,88,304,224,14.3,41,-329
MSpaap,89,291,218,15.0,41,-228
MSpaap,90,284,220,15.1,40,-1210
MSpaap,91,283,224,15.1,39,-1277
MSpaap,92,282,226,14.2,37,-455
MSpaap,93,280,226,14.3,39,-1200
MSpaap,94,286,224,14.1,39,-1494
MSpaap,95,283,233,14.2,37,-690
MSpaapa,96,263,222,14.0,34,-2343
MSpaapa,97,254,217,13.0,32,-1017
MSpaapa,98,250,219,13.0,36,-754
MSpaapa,99,241,221,13.1,40,-1580
MSpaapa,100,239,214,12.2,38,-970
MSpaapa,101,238,212,13.1,40,-1315
MSpaapa,102,238,213,12.2,40,-1146
MSpaapa,103,237,207,12.1,40,-930
MSpaapa,104,234,209,12.1,40,-1718
MSpaapa,105,237,207,12.0,40,-1543
MSpaapa,106,237,206,12.0,40,-1635
MSpaapa,107,237,206,12.2,40,-1041
MSpaapa,108,238,203,12.1,40,-1687
MSpaapa,109,239,206,12.2,40,-847
MSpaapa,110,236,206,11.2,40,-1224
MSpaapa,111,239,205,11.1,40,-1647
MSpaapa,112,230,207,11.1,40,-1575
MSpaapa,113,227,208,11.1,40,-1428
MSpaapa,114,224,205,11.1,40,-1366
MSpaapa,115,233,206,12.0,39,-579
MSpaapa,116,230,203,12.2,39,-974
MSpaapa,117,227,203,13.1,38,-1642
MSpaapa,118,236,199,13.2,37,-287
MSpaapa,119,230,202,13.2,36,-1483
MSpaapa,120,227,206,13.1,35,-2273
MSpaapa,121,225,205,13.0,34,-726
MSpaapa,122,223,213,13.1,34,-1243
MSpaapa,123,223,213,12.1,34,-1573
MSpaapa,124,218,211,12.0,30,-1302
MSpaapa,125,218,215,11.9,30,-801
MSpaapaa,126,191,224,12.0,30,-1400
MSpaapaa,127,184,222,12.0,32,-297
MSpaapaa,128,191,219,12.0,30,-529
MSpaapaa,129,193,215,12.1,30,-1416
MSpaapaa,130,193,215,12.1,30,-1329
MSpaapaa,131,192,212,11.1,32,-151
MSpaapaa,132,194,212,12.0,34,-1851
MSpaapaa,133,197,206,11.0,26,98
MSpaapaa,134,201,210,12.0,34,-924
MSpaapaa,135,201,209,11.1,32,45
MSpaapaa,136,201,209,11.1,32,-1009
MSpaapaa,137,202,209,11.9,30,-1170
MSpaapaa,138,208,206,11.9,30,-472
MSpaapaa,139,206,210,11.0,30,-903
MSpaapaa,140,208,208,11.1,30,-1924
MSpaapaa,141,211,215,10.2,32,-1099
MSpaapaa,142,215,215,11.1,34,-198
MSpaapaa,143,212,216,10.2,32,-1095
MSpaapaa,144,214,223,9.3,32,-1543
MSpaapaa,145,215,230,9.3,34,-2069
MSpaapaa,146,218,230,10.0,30,-1792
MSpaapaa,147,225,232,10.1,30,453
MSpaapaa,148,227,233,11.0,30,-1082
MSpaapaa,149,222,231,11.1,34,-336
MSpaapaa,150,223,220,11.1,34,-1101
MSpaapaa,151,223,208,10.1,32,-592
MSpaapaa,152,223,200,10.2,34,-1424
MSpaapaa,153,225,196,10.1,31,-577
MSpaapaa,154,227,197,10.1,34,-1582
MSpaapaa,155,230,200,10.1,31,-1853
MSpaapaa,156,233,205,10.0,32,-1854
MSpaapaa,157,232,205,9.3,31,-450
MSpaapaa,158,234,205,9.4,34,-1014
MSpaapaa,159,222,200,10.0,31,-996
MSpaapaa,160,231,200,9.2,34,-1913
MSpaapap,126,247,211,11.9,30,-832
MSpaapap,127,249,210,12.0,30,-1830
MSpaapap,128,251,206,11.1,32,-900
MSpaapap,129,245,203,11.1,34,-721
MSpaapap,130,243,206,11.1,32,-1141
MSpaapap,131,235,206,10.1,34,-1458
MSpaapap,132,233,208,10.1,34,-1121
MSpaapap,133,243,203,10.1,34,-651
MSpaapap,134,241,201,11.1,26,-1869
MSpaapap,135,239,207,10.3,34,-1057
MSpaapap,136,240,206,10.3,34,-824
MSpaapap,137,243,205,11.3,34,-31
MSpaapap,138,245,208,10.3,34,-119
MSpaapap,139,244,212,11.1,34,-725
MSpaapap,140,245,212,11.1,34,-909
MSpaapap,141,250,211,11.1,34,-1180
MSpaapap,142,247,205,11.0,34,-566
MSpaapap,143,248,207,10.1,34,-190
MSpaapap,144,254,205,10.2,34,-1045
MSpaapap,145,252,208,10.1,34,-327
MSpaapap,146,254,209,10.1,34,-1356
MSpaapap,147,263,212,10.1,34,-966
MSpaapap,148,260,208,10.0,34,-343
MSpaapap,149,262,207,10.2,34,-2201
MSpaapap,150,268,207,10.1,34,-1229
MSpaapap,151,269,205,11.1,26,-968
MSpaapap,152,276,208,10.0,26,-652
MSpaapap,153,276,212,10.0,26,37
MSpaapap,154,276,217,10.1,26,326
MSpaapap,155,277,222,10.1,26,-826
MSpaapap,156,278,226,10.3,34,-1815
MSpaapap,157,273,221,11.0,29,-1467
MSpaapap,158,272,223,11.0,30,-357
MSpaapapa,159,250,218,12.0,26,-949
MSpaapapa,160,248,215,12.0,26,189
MSpaapapp,159,295,232,10.2,31,-1634
MSpaapapp,160,298,232,11.0,30,-1056
MSpaapp,96,293,235,15.0,36,-1172
MSpaapp,97,298,236,15.0,36,31
MSpaapp,98,299,240,14.1,36,-532
MSpaapp,99,296,241,14.0,36,-247
MSpaapp,100,302,243,13.9,36,-253
MSpaapp,101,300,237,13.2,36,307
MSpaapp,102,298,230,12.2,36,-623
MSpaapp,103,297,232,12.1,36,-1699
MSpaapp,104,297,232,12.1,36,-423
MSpaapp,105,289,240,12.0,36,-1848
MSpaapp,106,291,240,12.1,36,-348
MSpaapp,107,288,240,12.2,36,-869
MSpaapp,108,286,234,11.3,34,-99
MSpaapp,109,281,237,11.9,36,-1656
MSpaapp,110,281,237,11.9,36,-229
MSpaapp,111,274,239,11.8,36,-1499
MSpaapp,112,268,241,11.8,36,-656
MSpaapp,113,269,231,11.2,34,-1138
MSpaapp,114,272,233,11.2,34,528
MSpaapp,115,274,233,11.1,35,-992
MSpaapp,116,272,230,11.9,35,486
MSpaapp,117,264,231,11.2,34,-732
MSpaapp,118,272,230,11.2,37,-980
MSpaapp,119,263,240,12.3,30,-423
MSpaapp,120,267,237,12.2,31,724
MSpaapp,121,267,231,12.3,32,-1171
MSpaapp,122,276,225,12.2,32,846
MSpaapp,123,273,221,12.9,30,-1145
MSpaapp,124,265,214,12.1,34,-601
MSpaapp,125,266,224,11.3,34,-358
MSpaapp,126,278,236,12.2,32,-164
MSpaapp,127,279,244,11.9,30,-322
MSpaapp,128,276,245,10.9,30,296
MSpaapp,129,275,251,11.0,30,-258
MSpaapp,130,284,252,11.8,30,167
MSpaapp,131,292,244,11.0,30,187
MSpaapp,132,291,238,11.0,30,-545
MSpaapp,133,296,236,10.2,30,-542
MSpaapp,134,294,241,10.1,30,614
MSpaapp,135,295,243,9.8,30,1571
MSpaapp,136,291,243,10.2,30,720
MSpaapp,137,296,237,10.0,28,-359
MSpaapp,138,301,242,9.8,30,998
MSpaapp,139,307,245,8.4,28,-258
MSpaapp,140,305,239,8.2,30,-1595
MSpaapp,141,308,236,8.3,28,-225
MSpaapp,142,310,235,9.0,30,-1146
MSpaapp,143,317,227,8.9,30,-288
MSpaapp,144,313,219,9.1,30,152
MSpaapp,145,310,229,9.1,28,-74
MSpaapp,146,310,231,9.1,28,1560
MSpaapp,147,315,226,8.5,28,-473
MSpaapp,148,317,223,9.2,28,254
MSpaapp,149,323,233,10.3,30,-126
MSpaapp,150,327,229,10.4,28,1818
MSpaapp,151,333,230,10.4,28,1171
MSpaapp,152,330,228,10.2,30,2125
MSpaapp,153,335,230,10.1,29,2711
MSpaapp,154,333,232,10.2,30,-915
MSpaapp,155,335,242,10.1,29,330
MSpaapp,156,337,218,9.3,28,-1285
MSpaapp,157,334,219,10.5,27,1056
MSpaapp,158,337,229,10.0,30,766
MSpaapp,159,351,215,10.0,31,958
MSpaapp,160,353,222,10.1,28,-634
MSpap,53,328,317,18.1,37,-82
MSpap,54,331,325,18.1,39,672
MSpap,55,344,303,19.0,35,458
MSpap,56,345,307,18.9,35,525
MSpap,57,347,311,18.7,35,-994
MSpap,58,348,315,18.6,35,-27
MSpap,59,350,320,18.5,35,61
MSpap,60,351,324,18.4,35,-86
MSpap,61,353,328,18.2,35,888
MSpap,62,355,333,18.1,36,-90
MSpap,63,353,326,19.0,50,-822
MSpap,64,353,325,18.0,47,-425
MSpap,65,359,312,19.0,47,-119
MSpap,66,364,311,19.1,44,-184
MSpap,67,355,303,19.0,43,-436
MSpap,68,351,303,18.2,45,-1169
MSpap,69,358,299,18.2,47,-1269
MSpap,70,355,286,18.9,44,-827
MSpap,71,360,285,17.1,34,16
MSpapa,72,337,272,18.0,32,-160
MSpapa,73,343,275,19.0,40,739
MSpapa,74,340,274,18.9,44,-793
MSpapa,75,340,273,19.1,44,-387
MSpapa,76,343,274,19.1,31,726
MSpapa,77,329,270,18.9,44,-964
MSpapa,78,328,269,19.2,46,-374
MSpapa,79,326,268,20.0,46,-360
MSpapa,80,326,270,19.2,48,-803
MSpapa,81,323,268,20.1,48,-996
MSpapa,82,316,263,20.0,48,-637
MSpapa,83,313,253,19.1,48,-709
MSpapa,84,310,245,19.1,48,-1030
MSpapa,85,326,245,20.0,43,-330
MSpapa,86,334,248,19.0,30,-770
MSpapa,87,350,241,19.1,28,676
MSpapa,88,351,231,20.0,39,15
MSpapa,89,351,225,19.1,41,-464
MSpapa,90,352,225,18.9,36,-313
MSpapa,91,343,231,18.0,35,-757
MSpapaa,92,313,220,19.0,35,-491
MSpapaa,93,315,240,20.0,35,-1309
MSpapaa,94,317,244,18.2,37,-201
MSpapaa,95,314,257,18.0,35,-390
MSpapaa,96,314,253,17.1,38,350
MSpapaa,97,314,247,17.1,26,-1552
MSpapaa,98,314,247,16.9,26,-717
MSpapaa,99,313,246,16.7,26,552
MSpapaa,100,312,245,16.6,26,-973
MSpapaa,101,311,244,16.4,26,-707
MSpapaa,102,310,243,16.2,26,-729
MSpapaa,103,309,242,16.0,26,1047
MSpapaa,104,309,242,16.0,26,-1186
MSpapaa,105,308,241,15.1,40,-1092
MSpapaa,106,314,238,15.1,38,-506
MSpapaa,107,315,238,15.3,40,-821
MSpapaa,108,319,237,15.0,40,-1108
MSpapaa,109,314,240,14.2,40,-51
MSpapaa,110,317,237,14.1,40,-884
MSpapaa,111,315,236,14.1,40,-913
MSpapaa,112,309,236,14.0,40,-1239
MSpapaa,113,301,234,14.2,40,-833
MSpapaa,114,296,241,14.2,40,-338
MSpapaa,115,301,248,14.2,39,-1232
MSpapaa,116,302,246,15.1,39,-832
MSpapaa,117,299,243,14.3,38,-673
MSpapaaa,118,279,237,17.0,26,-2683
MSpapaaa,119,280,228,17.1,36,338
MSpapaaa,120,284,240,16.2,35,116
MSpapaaa,121,290,244,17.1,34,-467
MSpapaaa,122,287,240,16.3,34,-45
MSpapaaa,123,279,238,16.2,34,-532
MSpapaaa,124,279,238,16.2,34,-274
MSpapaaa,125,267,226,16.1,26,-1273
MSpapaaa,126,275,233,17.0,34,-1164
MSpapaaa,127,276,236,16.1,34,515
MSpapaaa,128,276,236,16.0,34,-98
MSpapaaa,129,275,238,16.0,34,-533
MSpapaaa,130,274,233,16.0,30,-1270
MSpapaaa,131,274,233,16.0,30,-1300
MSpapaaa,132,273,233,15.1,32,-1284
MSpapaaa,133,276,235,15.1,34,-662
MSpapaaa,134,278,238,15.1,34,368
MSpapaaa,135,279,235,15.1,34,-542
MSpapaaa,136,284,236,15.1,32,-770
MSpapaaa,137,285,236,15.2,34,-154
MSpapaaa,138,289,237,15.1,34,-700
MSpapaaa,139,290,243,15.1,34,-1132
MSpapaaa,140,293,246,15.1,34,397
MSpapaaa,141,290,250,14.2,34,-984
MSpapaaa,142,288,249,14.2,34,199
MSpapaaa,143,289,244,14.2,34,-658
MSpapaaa,144,290,246,15.0,34,-521
MSpapaaa,145,292,246,15.0,34,466
MSpapaaa,146,291,249,15.2,34,625
MSpapaaa,147,295,239,16.1,34,-870
MSpapaaa,148,297,239,17.0,34,-101
MSpapaaa,149,304,247,16.1,34,-477
MSpapaaa,150,306,240,15.2,34,-782
MSpapaaa,151,313,244,16.1,34,-1735
MSpapaaaa,152,293,231,17.2,26,-497
MSpapaaaa,153,293,236,17.0,24,-1160
MSpapaaaa,154,291,237,17.0,24,-976
MSpapaaaa,155,294,235,17.0,24,711
MSpapaaaa,156,295,235,17.0,25,111
MSpapaaaa,157,296,234,17.0,25,-458
MSpapaaaa,158,297,233,17.0,26,352
MSpapaaaa,159,294,230,16.7,26,1025
MSpapaaaa,160,291,227,16.3,25,-1833
MSpapaaap,152,331,252,14.2,26,-1434
MSpapaaap,153,334,253,14.9,29,-429
MSpapaaap,154,339,251,14.2,34,-1028
MSpapaaap,155,336,249,15.0,29,-521
MSpapaaap,156,340,245,16.1,30,-175
MSpapaaap,157,339,235,16.1,26,-107
MSpapaaap,158,343,230,16.1,34,-631
MSpapaaap,159,331,227,16.0,31,-296
MSpapaaap,160,331,227,16.0,30,-947
MSpapaap,118,318,247,13.0,33,-602
MSpapaap,119,325,250,12.9,32,-1099
MSpapaap,120,325,255,12.9,31,-1048
MSpapaap,121,324,263,12.2,32,-889
MSpapaap,122,326,255,12.3,34,-1723
MSpapaap,123,319,258,13.2,32,-872
MSpapaap,124,313,257,14.1,34,-494
MSpapaap,125,313,254,14.0,32,-1002
MSpapaap,126,317,263,13.4,32,-764
MSpapaap,127,326,263,14.1,34,-1266
MSpapaap,128,331,260,14.2,32,-667
MSpapaap,129,324,257,14.2,34,-1342
MSpapaap,130,328,255,14.2,34,-841
MSpapaap,131,326,253,13.3,34,-903
MSpapaap,132,325,253,14.1,34,-192
MSpapaap,133,325,251,13.3,34,-1038
MSpapaap,134,323,247,13.2,34,-857
MSpapaap,135,325,245,14.0,34,-310
MSpapaap,136,328,244,13.1,34,-1083
MSpapaap,137,327,249,13.2,34,-492
MSpapaap,138,328,254,13.1,34,-1156
MSpapaap,139,330,253,13.0,34,-28
MSpapaap,140,329,249,12.1,34,27
MSpapaap,141,323,248,12.1,34,-825
MSpapaap,142,321,241,11.0,34,-667
MSpapaap,143,321,241,11.0,34,239
MSpapaap,144,315,236,11.2,34,428
MSpapaap,145,317,239,11.1,34,-637
MSpapaap,146,317,239,11.1,34,334
MSpapaap,147,323,238,12.0,34,-66
MSpapaap,148,325,241,12.1,30,160
MSpapaapa,149,304,235,13.0,30,123
MSpapaapa,150,301,232,12.1,32,-930
MSpapaapa,151,303,224,12.0,30,-584
MSpapaapa,152,308,229,12.2,26,-604
MSpapaapa,153,309,226,12.1,31,-307
MSpapaapa,154,307,224,12.2,26,-380
MSpapaapa,155,312,224,12.2,26,-544
MSpapaapa,156,312,231,12.2,26,-286
MSpapaapa,157,309,231,12.3,31,-137
MSpapaapa,158,309,231,12.3,31,-937
MSpapaapa,159,311,227,13.1,31,-1447
MSpapaapa,160,311,222,13.0,26,-2432
MSpapaapp,149,351,259,12.0,28,-739
MSpapaapp,150,353,257,12.0,29,-816
MSpapaapp,151,356,255,12.0,30,-1298
MSpapaapp,152,353,257,11.9,30,328
MSpapaapp,153,351,255,12.0,31,-1383
MSpapaapp,154,352,255,12.0,31,-1178
MSpapaapp,155,353,256,12.0,31,-904
MSpapaapp,156,354,257,12.1,31,-1073
MSpapaapp,157,355,258,12.1,31,-601
MSpapaapp,158,356,259,12.1,31,-1971
MSpapaapp,159,357,260,12.1,31,-340
MSpapaapp,160,353,256,12.2,34,-422
MSpapap,92,375,239,16.2,33,-275
MSpapap,93,380,245,17.0,35,496
MSpapap,94,382,240,17.1,37,272
MSpapap,95,382,245,16.3,39,-583
MSpapap,96,378,235,17.1,40,-171
MSpapap,97,378,238,17.1,40,-697
MSpapap,98,379,242,18.0,40,-273
MSpapap,99,380,242,17.2,38,-1080
MSpapap,100,380,241,18.0,38,78
MSpapap,101,376,237,18.1,40,-198
MSpapap,102,375,244,18.0,38,-669
MSpapap,103,375,240,18.1,40,-628
MSpapap,104,372,238,18.1,40,-797
MSpapap,105,371,234,17.2,38,-215
MSpapap,106,367,239,17.3,40,-1008
MSpapap,107,369,248,18.0,38,-556
MSpapap,108,369,247,18.0,36,-368
MSpapap,109,368,245,17.2,38,-762
MSpapap,110,369,237,17.1,38,-1522
MSpapap,111,362,245,17.1,38,92
MSpapap,112,365,244,17.0,40,-789
MSpapap,113,361,246,17.1,38,-945
MSpapap,114,365,250,17.1,40,-516
MSpapap,115,360,262,17.0,37,-283
MSpapap,116,360,262,17.0,37,-552
MSpapap,117,351,254,17.2,38,-614
MSpapap,118,342,248,17.1,37,-660
MSpapap,119,346,243,18.0,36,-1105
MSpapap,120,342,244,17.2,35,-386
MSpapap,121,342,243,18.1,30,-407
MSpapap,122,344,244,18.0,30,-492
MSpapapa,123,318,232,19.0,34,-434
MSpapapa,124,317,240,19.0,30,-563
MSpapapa,125,317,247,19.0,30,163
MSpapapa,126,321,253,19.1,34,-963
MSpapapa,127,323,259,19.0,30,-868
MSpapapa,128,324,265,19.2,32,-1830
MSpapapa,129,325,266,18.2,32,-892
MSpapapa,130,327,267,18.0,34,139
MSpapapa,131,323,271,18.0,32,-213
MSpapapa,132,328,266,18.0,32,-376
MSpapapa,133,333,264,18.1,32,-825
MSpapapa,134,327,263,17.2,32,26
MSpapapa,135,325,263,17.1,32,-689
MSpapapa,136,334,259,17.1,34,-959
MSpapapa,137,333,262,17.0,30,-612
MSpapapa,138,332,264,16.2,34,-616
MSpapapa,139,338,264,16.1,30,-1044
MSpapapa,140,338,261,15.3,32,777
MSpapapa,141,339,260,15.2,32,-929
MSpapapa,142,344,263,15.1,32,-963
MSpapapa,143,347,262,14.9,30,-194
MSpapapa,144,347,262,14.2,32,-1548
MSpapapa,145,346,262,15.1,30,-679
MSpapapa,146,346,259,15.9,30,-1100
MSpapapa,147,347,254,15.9,30,-805
MSpapapa,148,346,253,16.1,30,-605
MSpapapa,149,349,256,16.0,30,-697
MSpapapa,150,349,257,15.2,32,297
MSpapapa,151,351,259,15.2,34,-161
MSpapapa,152,359,259,15.0,30,-410
MSpapapa,153,361,262,15.1,31,-987
MSpapapa,154,364,263,14.3,32,-632
MSpapapa,155,365,264,14.2,31,-2228
MSpapapa,156,364,268,14.3,34,-829
MSpapapa,157,361,270,14.0,31,-1214
MSpapapa,158,357,264,14.1,32,-1328
MSpapapa,159,367,266,14.3,31,-482
MSpapapa,160,370,261,15.1,30,-560
MSpapapp,123,369,245,18.0,30,-18
MSpapapp,124,370,247,17.1,26,-1246
MSpapapp,125,371,238,17.2,32,-2297
MSpapapp,126,377,244,18.1,32,274
MSpapapp,127,370,236,17.2,34,-582
MSpapapp,128,363,230,18.1,34,-719
MSpapapp,129,364,235,17.1,34,-1340
MSpapapp,130,366,235,16.2,34,1099
MSpapapp,131,359,232,16.4,32,443
MSpapapp,132,362,233,16.9,30,-543
MSpapapp,133,366,235,16.2,34,-1063
MSpapapp,134,369,241,17.0,34,286
MSpapapp,135,368,244,16.3,34,-145
MSpapapp,136,370,241,16.2,34,632
MSpapapp,137,369,246,16.2,34,670
MSpapapp,138,372,242,16.2,34,10
MSpapapp,139,371,240,16.2,32,-11
MSpapapp,140,371,236,17.0,34,616
MSpapapp,141,371,238,16.2,34,-206
MSpapapp,142,376,239,17.0,34,-622
MSpapapp,143,382,240,16.2,34,214
MSpapapp,144,385,238,16.1,34,122
MSpapapp,145,384,236,16.1,34,-20
MSpapapp,146,386,239,16.1,34,197
MSpapapp,147,388,241,17.0,34,90
MSpapapp,148,388,245,16.2,34,-313
MSpapapp,149,388,244,17.0,34,-932
MSpapapp,150,383,246,17.0,34,-1112
MSpapapp,151,387,248,16.2,34,-747
MSpapapp,152,385,243,17.0,34,-925
MSpapapp,153,388,246,16.2,31,-108
MSpapapp,154,384,245,16.2,34,-1452
MSpapapp,155,386,242,15.5,31,-369
MSpapapp,156,383,248,16.1,34,-1188
MSpapapp,157,385,248,16.0,29,414
MSpapapp,158,382,242,16.0,30,10
MSpapappa,159,356,241,17.1,31,-1403
MSpapappa,160,351,232,16.3,34,-299
MSpapappp,159,402,239,16.0,29,-600
MSpapappp,160,405,238,15.3,30,137
MSpapp,72,411,304,19.0,34,103
MSpapp,73,417,310,19.0,31,-592
MSpapp,74,412,307,18.2,31,-141
MSpapp,75,427,292,19.1,44,532
MSpapp,76,428,292,19.1,44,15
MSpapp,77,429,285,19.9,44,-210
MSpapp,78,424,286,20.0,44,-155
MSpapp,79,420,280,19.1,44,-452
MSpapp,80,413,278,20.1,44,207
MSpapp,81,421,278,20.1,31,-1041
MSpapp,82,416,276,21.0,44,-803
MSpapp,83,422,272,21.0,31,-1087
MSpapp,84,415,266,20.9,44,-233
MSpapp,85,415,263,20.0,28,-684
MSpapp,86,415,263,20.0,38,-1352
MSpapp,87,417,252,20.5,38,-1278
MSpapp,88,420,241,21.0,37,-372
MSpapp,89,417,240,20.1,39,-234
MSpapp,90,418,237,20.0,36,-93
MSpapp,91,415,228,20.1,39,-159
MSpapp,92,417,228,19.1,39,-487
MSpapp,93,429,232,20.1,39,-695
MSpapp,94,425,230,20.0,39,-107
MSpapp,95,424,228,19.0,37,-194
MSpapp,96,422,231,19.0,36,-74
MSpappa,97,398,219,20.1,32,-833
MSpappa,98,395,209,20.0,36,122
MSpappa,99,393,206,20.1,36,-1179
MSpappa,100,392,199,19.1,36,-702
MSpappa,101,386,196,20.0,36,-1435
MSpappa,102,385,198,20.9,36,-112
MSpappa,103,385,198,20.9,36,-419
MSpappa,104,377,201,20.0,36,-221
MSpappa,105,370,200,20.0,36,-360
MSpappa,106,372,209,21.0,36,28
MSpappa,107,377,210,20.1,36,-438
MSpappa,108,376,210,19.1,26,-1040
MSpappa,109,366,220,20.9,36,-732
MSpappa,110,365,223,20.1,38,-77
MSpappa,111,364,228,20.1,40,319
MSpappa,112,368,231,20.1,36,247
MSpappa,113,369,238,20.0,36,-1525
MSpappa,114,377,247,20.0,26,580
MSpappa,115,372,255,19.1,39,-446
MSpappa,116,364,261,19.0,39,-31
MSpappa,117,368,261,19.1,38,-1140
MSpappa,118,376,263,19.2,37,1122
MSpappa,119,377,257,19.2,36,401
MSpappa,120,380,262,19.2,33,-999
MSpappa,121,383,259,19.3,32,-376
MSpappa,122,387,254,20.1,34,-755
MSpappa,123,389,250,20.3,34,-1215
MSpappa,124,390,251,20.3,34,-1155
MSpappa,125,385,247,20.2,34,-69
MSpappa,126,392,251,20.2,34,-308
MSpappa,127,392,257,21.0,34,-430
MSpappa,128,393,256,19.2,34,-670
MSpappa,129,395,249,18.2,34,-1058
MSpappa,130,395,249,18.0,34,-422
MSpappa,131,390,253,18.0,30,-702
MSpappa,132,391,263,17.2,32,-739
MSpappa,133,392,266,17.3,34,-320
MSpappa,134,395,268,17.3,34,-288
MSpappa,135,397,268,18.0,30,-468
MSpappa,136,402,266,18.1,32,-272
MSpappa,137,403,273,18.2,34,-262
MSpappa,138,404,274,18.2,34,473
MSpappa,139,405,271,18.2,34,-1094
MSpappa,140,407,274,18.2,34,521
MSpappa,141,410,273,18.2,34,-222
MSpappa,142,413,275,18.2,34,230
MSpappa,143,413,274,18.3,34,426
MSpappa,144,417,274,18.2,34,-277
MSpappa,145,422,265,18.0,34,-72
MSpappa,146,424,269,18.1,34,-575
MSpappa,147,428,267,18.1,32,-514
MSpappa,148,430,268,17.4,32,-388
MSpappaa,149,415,290,18.2,30,671
MSpappaa,150,416,292,18.1,34,-166
MSpappaa,151,413,295,18.1,30,-470
MSpappaa,152,418,289,18.2,34,-102
MSpappaa,153,421,287,18.2,31,-58
MSpappaa,154,425,287,19.0,32,111
MSpappaa,155,429,283,18.3,31,-545
MSpappaa,156,431,280,18.3,34,-14
MSpappaa,157,428,280,19.0,31,209
MSpappaa,158,426,276,19.0,30,-120
MSpappaa,159,429,271,19.0,31,-769
MSpappaa,160,430,273,19.0,30,420
MSpappap,149,430,243,17.1,30,-636
MSpappap,150,428,234,17.0,30,388
MSpappap,151,426,234,17.1,34,184
MSpappap,152,427,228,18.0,30,55
MSpappap,153,428,239,17.4,31,-883
MSpappap,154,428,234,18.1,32,242
MSpappap,155,430,232,18.2,31,-1163
MSpappap,156,434,232,17.2,32,688
MSpappap,157,432,231,18.1,31,113
MSpappap,158,431,224,18.1,34,-762
MSpappap,159,432,219,18.2,31,-797
MSpappap,160,437,213,18.3,26,1351
MSpappp,97,441,244,19.0,36,551
MSpappp,98,447,247,19.2,36,-37
MSpappp,99,447,246,19.0,36,-1889
MSpappp,100,443,249,20.1,36,-309
MSpappp,101,438,249,20.0,40,-349
MSpappp,102,430,248,20.1,38,-738
MSpappp,103,426,252,20.1,40,-600
MSpappp,104,422,254,20.1,38,-129
MSpappp,105,412,253,20.2,36,-456
MSpappp,106,413,255,20.1,36,72
MSpappp,107,416,259,20.0,36,267
MSpappp,108,418,257,20.0,36,-55
MSpappp,109,409,267,19.1,36,-965
MSpappp,110,408,266,18.9,36,-412
MSpappp,111,404,266,18.1,40,-686
MSpappp,112,403,268,18.0,38,-63
MSpappp,113,407,273,19.0,36,-867
MSpappp,114,418,275,19.0,40,-885
MSpappp,115,415,274,19.0,39,-822
MSpappp,116,415,281,19.0,39,-465
MSpappp,117,412,280,19.0,38,-843
MSpappp,118,419,283,19.1,37,-228
MSpappp,119,415,269,19.2,36,-251
MSpappp,120,419,269,18.1,35,-82
MSpappp,121,416,261,18.2,34,341
MSpappp,122,415,253,18.1,34,-588
MSpappp,123,414,246,18.1,34,487
MSpappp,124,409,249,19.1,34,-698
MSpappp,125,410,239,18.1,34,35
MSpappp,126,420,243,19.1,34,-726
MSpappp,127,422,238,18.1,34,-578
MSpappp,128,424,236,18.1,34,-96
MSpappp,129,426,240,18.2,34,-815
MSpappp,130,426,248,18.2,34,78
MSpappp,131,426,248,18.2,34,277
MSpappp,132,426,241,19.0,34,243
MSpappp,133,428,237,18.2,34,-164
MSpappp,134,430,237,19.0,34,261
MSpappp,135,426,235,19.0,34,358
MSpappp,136,429,230,19.0,34,1095
MSpappp,137,424,227,17.2,34,-1045
MSpappp,138,424,221,17.1,34,-477
MSpappp,139,414,216,17.1,34,280
MSpappp,140,416,209,17.1,34,47
MSpappp,141,411,206,17.0,30,-1314
MSpapppa,142,392,188,17.0,30,-160
MSpapppa,143,390,180,17.1,30,-1434
MSpapppa,144,388,186,17.0,30,-1163
MSpapppa,145,388,181,17.0,30,-882
MSpapppa,146,394,179,16.2,32,-1145
MSpapppa,147,393,182,17.1,34,-536
MSpapppa,148,394,177,17.0,26,-1260
MSpapppa,149,392,175,17.0,34,-1161
MSpapppa,150,396,174,16.2,34,-1686
MSpapppa,151,395,173,17.1,34,-848
MSpapppa,152,399,174,17.2,34,-230
MSpapppa,153,399,179,17.2,31,-309
MSpapppa,154,400,172,17.1,34,-1184
MSpapppa,155,400,173,16.9,34,311
MSpapppa,156,400,174,16.7,33,-423
MSpapppa,157,401,176,16.6,33,400
MSpapppa,158,401,177,16.4,32,-253
MSpapppa,159,402,179,16.7,31,-69
MSpapppa,160,400,177,17.1,26,-221
MSpapppp,142,432,226,17.1,30,-1148
MSpapppp,143,435,228,17.0,30,224
MSpapppp,144,435,227,16.9,30,499
MSpapppp,145,435,224,17.0,30,-402
MSpapppp,146,438,219,17.1,34,-1237
MSpapppp,147,441,216,17.2,32,283
MSpapppp,148,437,215,17.1,34,-637
MSpapppp,149,435,210,17.2,34,70
MSpapppp,150,436,204,17.3,34,-1149
MSpapppp,151,440,204,17.2,34,-1071
MSpapppp,152,441,198,17.2,34,-1043
MSpapppp,153,443,209,17.2,31,-1136
MSpapppp,154,440,207,18.0,34,294
MSpapppp,155,447,204,18.0,31,-303
MSpapppp,156,441,200,17.1,34,-63
MSpapppp,157,447,204,17.3,31,-441
MSpapppp,158,452,191,17.1,34,39
MSpapppp,159,449,190,17.3,31,-66
MSpapppp,160,449,185,17.3,34,-853
MSpp,37,354,303,17.0,38,-634
MSpp,38,351,307,18.0,39,-279
MSpp,39,358,296,18.0,41,-92
MSpp,40,367,284,18.1,41,-847
MSpp,41,356,276,19.1,43,-1109
MSpp,42,365,275,20.0,44,91
MSpp,43,364,275,20.0,60,-578
MSpp,44,361,268,19.8,61,-274
MSpp,45,357,261,18.9,62,-523
MSpp,46,352,260,19.0,63,-411
MSpp,47,368,254,19.8,60,-176
MSpp,48,383,241,20.0,57,-511
MSpp,49,393,235,20.1,59,-529
MSpp,50,395,222,20.2,59,-470
MSpp,51,395,230,20.1,57,-491
MSpp,52,394,233,19.1,57,-516
MSpp,53,388,238,18.9,53,-632
MSpp,54,379,239,18.1,53,-433
MSppa,55,358,208,18.1,47,-503
MSppa,56,362,209,18.0,52,-23
MSppa,57,359,209,18.1,51,-281
MSppa,58,353,209,18.1,34,-1242
MSppa,59,351,206,19.0,38,544
MSppa,60,353,211,20.0,36,-358
MSppa,61,349,220,20.0,36,-916
MSppa,62,360,227,19.0,38,-763
MSppa,63,373,230,19.1,37,-475
MSppa,64,376,228,19.1,47,-665
MSppa,65,383,225,19.0,47,-735
MSppa,66,383,222,18.1,44,-904
MSppa,67,388,216,18.2,43,-416
MSppa,68,387,214,18.2,45,-1162
MSppa,69,382,210,18.2,47,-279
MSppa,70,384,199,18.2,48,-389
MSppa,71,392,198,18.1,46,-366
MSppa,72,395,204,18.1,46,-335
MSppa,73,395,214,17.9,44,-420
MSppa,74,395,211,17.0,38,365
MSppaa,75,356,198,17.0,34,-735
MSppaa,76,347,197,16.1,42,-1101
MSppaa,77,335,195,15.1,44,-326
MSppaa,78,321,191,15.9,44,-206
MSppaa,79,309,197,16.0,44,-821
MSppaa,80,306,189,15.9,44,-137
MSppaa,81,307,191,15.9,44,-1035
MSppaa,82,307,189,15.1,44,-584
MSppaa,83,308,183,15.0,44,-179
MSppaa,84,304,177,14.0,44,-868
MSppaa,85,306,171,13.1,43,-884
MSppaa,86,300,169,13.1,42,-189
MSppaa,87,297,161,13.1,42,-1144
MSppaa,88,279,160,14.0,41,-1582
MSppaa,89,272,158,13.1,41,-1165
MSppaa,90,271,159,13.3,40,96
MSppaa,91,277,161,14.0,39,-1544
MSppaa,92,269,166,14.1,39,283
MSppaa,93,269,166,14.2,39,51
MSppaa,94,276,166,15.0,39,-808
MSppaa,95,274,172,14.1,39,-1912
MSppaa,96,269,165,14.2,38,-994
MSppaa,97,269,162,14.9,36,-928
MSppaa,98,269,163,14.9,36,72
MSppaaa,99,246,151,13.4,34,-21
MSppaaa,100,235,150,13.4,34,-192
MSppaaa,101,227,152,14.8,36,-527
MSppaaa,102,227,151,14.9,36,-827
MSppaaa,103,223,150,14.0,36,-1440
MSppaaa,104,221,152,13.9,36,-665
MSppaaa,105,214,151,13.2,38,-870
MSppaaa,106,217,152,13.2,40,-1345
MSppaaa,107,210,151,14.0,36,-787
MSppaaa,108,218,148,13.3,38,172
MSppaaa,109,215,150,14.1,38,-581
MSppaaa,110,210,151,14.0,38,-1020
MSppaaa,111,209,152,13.9,36,-1150
MSppaaa,112,200,149,13.9,36,-1139
MSppaaa,113,195,145,14.0,36,-480
MSppaaa,114,193,145,13.9,36,-695
MSppaaa,115,192,151,13.1,37,-685
MSppaaa,116,186,157,13.1,39,-1205
MSppaaa,117,185,158,13.1,38,34
MSppaaa,118,186,165,13.2,37,-958
MSppaaa,119,172,167,13.1,36,-985
MSppaaa,120,171,172,13.1,35,38
MSppaaa,121,177,173,13.0,34,-1351
MSppaaa,122,176,171,12.1,34,-1172
MSppaaa,123,178,172,12.1,34,-1228
MSppaaa,124,179,168,12.1,34,-1089
MSppaaa,125,175,169,12.2,34,-779
MSppaaa,126,178,175,13.1,34,77
MSppaaa,127,176,178,13.1,34,-1305
MSppaaa,128,179,170,14.0,30,-990
MSppaaaa,129,158,162,14.9,30,-524
MSppaaaa,130,153,165,15.0,30,-924
MSppaaaa,131,149,168,14.1,30,-1304
MSppaaaa,132,152,171,14.0,32,248
MSppaaaa,133,164,170,14.0,34,-1373
MSppaaaa,134,162,164,14.1,26,1297
MSppaaaa,135,164,164,14.4,28,-1340
MSppaaaa,136,167,165,14.8,30,-400
MSppaaaa,137,170,166,15.1,32,-904
MSppaaaa,138,170,162,15.1,26,-910
MSppaaaa,139,171,163,15.1,26,-599
MSppaaaa,140,172,165,15.1,26,-1138
MSppaaaa,141,173,166,15.1,26,-503
MSppaaaa,142,175,168,15.1,26,-880
MSppaaaa,143,171,174,16.0,26,-973
MSppaaaa,144,169,178,15.3,26,953
MSppaaaa,145,172,190,15.9,30,-1249
MSppaaaa,146,172,190,15.2,26,-906
MSppaaaa,147,173,188,15.3,32,-530
MSppaaaa,148,171,190,15.4,32,72
MSppaaaa,149,168,195,15.2,32,-837
MSppaaaa,150,168,200,15.2,26,-778
MSppaaaa,151,163,199,14.3,34,-1438
MSppaaaa,152,161,196,15.1,26,196
MSppaaaa,153,158,201,15.2,31,-524
MSppaaaa,154,159,198,15.2,34,-1004
MSppaaaa,155,156,200,15.2,31,-1467
MSppaaaa,156,155,202,15.2,32,172
MSppaaaa,157,154,203,16.0,31,702
MSppaaaa,158,159,202,16.3,34,-199
MSppaaaa,159,152,201,17.1,31,-612
MSppaaaa,160,158,199,16.3,34,-1364
MSppaaap,129,197,178,13.8,30,-174
MSppaaap,130,201,179,14.0,28,-1005
MSppaaap,131,197,178,13.4,32,-293
MSppaaap,132,198,177,14.1,30,-312
MSppaaap,133,206,170,14.2,34,-1149
MSppaaap,134,207,170,15.2,34,-337
MSppaaap,135,206,172,15.2,32,-444
MSppaaap,136,209,170,15.3,34,-1438
MSppaaap,137,212,173,16.3,32,537
MSppaaap,138,216,172,16.3,34,323
MSppaaap,139,213,174,17.0,34,-1398
MSppaaap,140,215,179,16.3,34,-912
MSppaaap,141,219,174,17.1,34,25
MSppaaap,142,218,174,16.2,34,-14
MSppaaap,143,213,174,16.2,34,-335
MSppaaap,144,217,177,16.1,32,420
MSppaaap,145,218,183,16.2,34,-570
MSppaaap,146,214,183,16.2,34,-472
MSppaaap,147,215,184,16.2,34,-45
MSppaaap,148,216,182,16.1,34,-330
MSppaaap,149,215,183,16.0,34,-702
MSppaaap,150,209,182,16.1,26,752
MSppaaap,151,211,181,16.1,34,-675
MSppaaap,152,209,181,16.1,34,678
MSppaaap,153,213,182,16.1,31,-452
MSppaaap,154,211,180,16.0,34,-1094
MSppaaap,155,210,182,16.1,31,-527
MSppaaap,156,210,184,16.1,34,-611
MSppaaap,157,208,180,15.3,31,-788
MSppaaap,158,208,178,15.4,34,-686
MSppaaap,159,198,176,15.1,31,-1826
MSppaaap,160,194,179,14.2,32,-913
MSppaap,99,286,173,14.1,28,190
MSppaap,100,288,173,14.0,34,-712
MSppaap,101,285,169,14.8,36,522
MSppaap,102,283,170,14.0,36,-801
MSppaap,103,280,166,13.9,36,-45
MSppaap,104,276,165,13.8,36,-1086
MSppaap,105,270,162,12.2,36,-349
MSppaap,106,271,158,12.9,36,-1794
MSppaap,107,267,162,13.0,36,-1345
MSppaap,108,266,158,13.9,36,80
MSppaap,109,267,160,14.0,36,-610
MSppaap,110,263,164,13.0,36,-691
MSppaap,111,261,164,13.1,38,-818
MSppaap,112,254,166,14.0,36,-1095
MSppaap,113,250,164,14.0,36,-356
MSppaap,114,246,164,14.1,36,-247
MSppaap,115,249,164,15.0,37,198
MSppaap,116,240,164,15.1,35,-1047
MSppaap,117,242,165,15.1,34,-403
MSppaap,118,242,167,16.1,37,44
MSppaap,119,234,166,15.4,34,-1625
MSppaap,120,239,172,16.0,35,-939
MSppaap,121,243,177,15.3,34,-204
MSppaap,122,241,176,15.1,34,-334
MSppaap,123,238,176,16.0,34,-1119
MSppaap,124,234,172,15.3,34,-335
MSppaap,125,231,175,15.2,34,-1214
MSppaap,126,230,179,15.3,32,-522
MSppaap,127,228,179,15.2,32,-1408
MSppaap,128,235,178,15.3,34,-834
MSppaap,129,239,182,15.3,32,649
MSppaap,130,242,182,16.1,34,-72
MSppaap,131,244,180,16.1,34,-645
MSppaap,132,246,180,16.2,34,-499
MSppaap,133,251,176,15.2,32,-533
MSppaap,134,253,175,16.0,34,-1237
MSppaap,135,249,176,15.3,32,-859
MSppaap,136,252,174,15.3,34,280
MSppaap,137,256,175,16.1,34,-684
MSppaap,138,262,174,15.3,34,-1090
MSppaap,139,262,176,15.2,34,-641
MSppaap,140,264,178,15.2,34,-1161
MSppaap,141,264,180,15.1,34,-437
MSppaap,142,261,182,15.2,34,-671
MSppaap,143,259,180,15.0,30,-984
MSppaap,144,263,186,15.1,30,-888
MSppaapa,145,254,181,16.1,30,280
MSppaapa,146,241,182,17.0,24,-1178
MSppaapa,147,243,187,16.9,30,415
MSppaapa,148,244,189,16.0,30,-177
MSppaapa,149,240,188,16.2,26,301
MSppaapa,150,234,183,16.0,32,-1091
MSppaapa,151,237,185,16.0,30,-1352
MSppaapa,152,238,179,16.0,30,-1670
MSppaapa,153,242,182,16.0,29,-743
MSppaapa,154,241,179,16.1,30,-2078
MSppaapa,155,244,177,16.0,29,-2083
MSppaapa,156,244,180,16.0,30,-834
MSppaapa,157,245,180,15.3,31,-157
MSppaapa,158,249,181,16.0,30,-418
MSppaapa,159,245,172,15.2,29,-1630
MSppaapa,160,249,169,15.8,30,419
MSppaapp,145,269,193,15.0,26,1133
MSppaapp,146,281,191,15.0,30,-52
MSppaapp,147,283,198,15.0,30,-346
MSppaapp,148,280,190,15.1,34,-65
MSppaapp,149,279,191,15.1,26,-639
MSppaapp,150,274,186,15.1,26,-352
MSppaapp,151,278,186,15.2,34,-785
MSppaapp,152,279,187,15.2,34,-877
MSppaapp,153,279,184,15.2,31,613
MSppaapp,154,279,188,15.3,34,-283
MSppaapp,155,281,188,15.3,31,-1208
MSppaapp,156,283,188,15.3,34,437
MSppaapp,157,278,189,15.1,31,788
MSppaapp,158,281,175,15.2,34,-902
MSppaapp,159,278,180,15.2,31,-1197
MSppaapp,160,282,182,15.0,34,-253
MSppap,75,409,220,18.1,36,-772
MSppap,76,409,217,20.0,44,26
MSppap,77,403,218,19.0,44,-619
MSppap,78,400,218,19.1,44,-406
MSppap,79,386,212,19.0,44,-694
MSppap,80,381,218,18.0,44,-362
MSppap,81,379,219,17.9,44,-1108
MSppap,82,370,224,18.0,44,-827
MSppap,83,368,215,18.0,44,-1042
MSppap,84,365,203,18.0,44,-858
MSppap,85,367,199,16.1,45,-1057
MSppap,86,371,192,16.0,44,-1085
MSppap,87,369,172,15.0,40,-1079
MSppap,88,357,164,14.0,41,-1367
MSppap,89,353,169,14.0,41,-993
MSppap,90,347,178,13.1,40,-562
MSppap,91,344,181,12.1,39,-1295
MSppap,92,338,175,12.1,39,-2121
MSppap,93,334,169,12.1,39,-1446
MSppap,94,339,164,11.3,39,-949
MSppap,95,334,171,12.0,39,-888
MSppap,96,330,164,11.1,40,-1444
MSppap,97,330,163,11.1,40,-1656
MSppap,98,327,163,10.3,38,-1559
MSppap,99,328,165,10.0,32,-1906
MSppapa,100,306,154,10.2,34,-1232
MSppapa,101,300,148,10.1,32,-1725
MSppapa,102,295,145,9.3,34,-1173
MSppapa,103,292,147,9.8,36,-1125
MSppapa,104,286,151,9.9,36,-1802
MSppapa,105,287,152,9.3,38,-1686
MSppapa,106,283,157,10.1,26,-1733
MSppapa,107,286,158,10.2,38,-2070
MSppapa,108,287,160,10.3,38,-1679
MSppapa,109,287,163,10.9,36,-702
MSppapa,110,283,168,10.2,38,-1467
MSppapa,111,286,169,10.2,38,-969
MSppapa,112,281,170,10.5,38,-645
MSppapa,113,276,170,10.9,36,-2111
MSppapa,114,274,171,11.1,36,-400
MSppapa,115,273,165,11.2,37,-547
MSppapa,116,270,159,11.3,37,-633
MSppapa,117,267,160,12.3,38,-1380
MSppapa,118,268,157,13.1,37,87
MSppapa,119,259,159,12.3,36,-965
MSppapa,120,255,165,13.1,35,-927
MSppapa,121,258,169,12.2,34,-1896
MSppapa,122,246,172,12.0,34,-1600
MSppapa,123,246,170,12.1,34,-1418
MSppapa,124,247,163,12.1,34,-1718
MSppapa,125,244,165,12.1,34,-1395
MSppapa,126,238,164,11.1,34,-1008
MSppapa,127,238,163,12.0,34,-1392
MSppapa,128,241,165,11.2,34,-753
MSppapa,129,240,167,11.2,34,-880
MSppapa,130,245,168,11.3,34,-1090
MSppapa,131,245,164,12.1,30,-362
MSppapaa,132,236,158,12.9,30,-934
MSppapaa,133,223,151,13.0,30,-337
MSppapaa,134,223,157,13.2,30,-811
MSppapaa,135,222,156,13.1,30,-487
MSppapaa,136,222,154,13.0,30,-154
MSppapaa,137,222,155,13.9,30,-1057
MSppapaa,138,227,153,13.2,32,-353
MSppapaa,139,224,154,13.2,32,-1144
MSppapaa,140,224,158,13.2,32,191
MSppapaa,141,224,159,13.9,30,537
MSppapaa,142,223,158,13.9,30,-1338
MSppapaa,143,219,160,13.3,32,-1480
MSppapaa,144,219,167,13.3,32,161
MSppapaa,145,220,166,13.2,34,-648
MSppapaa,146,220,167,13.3,32,-155
MSppapaa,147,223,172,13.4,34,160
MSppapaa,148,221,175,13.2,34,-742
MSppapaa,149,220,180,13.2,34,-182
MSppapaa,150,218,180,13.2,34,-430
MSppapaa,151,217,181,13.1,34,569
MSppapaa,152,216,177,12.3,32,-63
MSppapaa,153,222,175,12.2,31,-290
MSppapaa,154,222,174,12.2,34,167
MSppapaa,155,221,173,12.2,31,2846
MSppapaa,156,230,176,12.0,26,884
MSppapaa,157,231,176,12.1,26,34
MSppapaa,158,231,176,12.1,26,-479
MSppapaa,159,238,174,12.1,31,-489
MSppapaa,160,240,170,12.0,30,-1159
MSppapap,132,253,165,12.1,24,876
MSppapap,133,271,173,11.0,30,-496
MSppapap,134,273,173,11.2,30,420
MSppapap,135,271,173,11.1,30,-749
MSppapap,136,269,162,12.1,30,852
MSppapap,137,267,161,12.3,32,-2112
MSppapap,138,266,160,11.5,32,-19
MSppapap,139,261,165,12.0,26,-172
MSppapap,140,261,165,12.0,26,1321
MSppapap,141,265,167,12.0,34,-1602
MSppapap,142,272,168,12.1,34,-919
MSppapap,143,266,167,12.1,34,-1036
MSppapap,144,266,168,12.0,34,-553
MSppapap,145,265,166,11.3,34,-124
MSppapap,146,267,171,12.0,34,-312
MSppapap,147,264,168,12.1,32,-1009
MSppapap,148,266,172,12.1,34,-881
MSppapap,149,267,172,13.0,34,-1112
MSppapap,150,270,170,12.2,32,-460
MSppapap,151,274,170,13.1,34,-1281
MSppapap,152,271,166,13.1,30,-1587
MSppapap,153,276,165,13.1,31,-955
MSppapap,154,272,163,13.1,30,-427
MSppapap,155,273,167,13.2,31,-928
MSppapap,156,276,167,13.1,26,1796
MSppapap,157,277,165,13.2,26,-78
MSppapap,158,277,160,14.1,26,-945
MSppapap,159,277,154,14.9,31,-882
MSppapap,160,285,148,15.6,34,-684
MSppapp,100,350,170,10.0,32,-719
MSppapp,101,356,165,10.3,30,22
MSppapp,102,359,164,9.9,36,-1161
MSppapp,103,355,165,9.2,36,-283
MSppapp,104,349,167,9.8,36,-1702
MSppapp,105,349,164,9.8,36,-1239
MSppapp,106,352,161,9.1,36,-1669
MSppapp,107,348,159,9.2,38,-771
MSppapp,108,349,152,9.9,36,-1580
MSppapp,109,350,155,9.1,36,-522
MSppapp,110,349,153,9.0,38,-1553
MSppapp,111,346,152,9.1,36,-143
MSppapp,112,339,150,9.0,36,-1384
MSppapp,113,337,149,9.2,38,-1750
MSppapp,114,324,153,9.8,36,-418
MSppapp,115,318,160,9.1,35,-1217
MSppapp,116,311,157,10.0,37,-697
MSppapp,117,308,157,9.4,38,-352
MSppapp,118,314,157,10.1,37,-1142
MSppapp,119,312,160,10.0,36,-833
MSppapp,120,308,165,10.1,35,-241
MSppapp,121,312,166,10.1,34,-1631
MSppapp,122,311,164,9.1,34,-1519
MSppapp,123,298,165,8.2,34,-278
MSppapp,124,297,162,9.1,34,-481
MSppapp,125,287,165,9.1,34,-816
MSppapp,126,287,173,8.3,34,-466
MSppapp,127,280,178,8.3,34,-886
MSppapp,128,284,183,8.3,34,-724
MSppapp,129,291,182,8.1,34,-472
MSppapp,130,290,183,8.1,34,-1242
MSppapp,131,280,178,7.3,34,-874
MSppapp,132,279,182,8.1,34,-2156
MSppapp,133,278,180,7.2,34,-1486
MSppapp,134,267,180,7.4,34,-1427
MSppapp,135,260,180,8.1,34,-1911
MSppapp,136,262,180,8.1,28,-1088
MSppappa,137,243,171,9.1,28,-747
MSppappa,138,236,173,9.1,30,-676
MSppappa,139,236,178,9.1,30,-647
MSppappa,140,237,176,8.9,30,-1141
MSppappa,141,237,175,8.2,30,-1505
MSppappa,142,235,174,8.1,30,-1131
MSppappa,143,228,177,8.1,32,-1047
MSppappa,144,226,178,8.0,30,-1861
MSppappa,145,226,179,8.0,32,-1864
MSppappa,146,222,181,8.8,30,-51
MSppappa,147,222,183,8.8,30,-1938
MSppappa,148,217,188,9.1,30,-1612
MSppappa,149,213,189,9.1,30,-1183
MSppappa,150,209,190,9.0,30,-790
MSppappa,151,206,190,8.4,32,-979
MSppappa,152,197,192,9.1,34,-1425
MSppappa,153,195,189,9.2,31,-1024
MSppappa,154,194,188,9.1,30,-1627
MSppappa,155,195,187,9.3,31,-1506
MSppappa,156,195,190,9.2,34,-1319
MSppappa,157,192,184,9.4,31,-545
MSppappa,158,194,182,10.1,34,-1193
MSppappa,159,189,180,10.0,31,-950
MSppappa,160,195,176,10.0,34,-2192
MSppappp,137,284,187,8.1,28,-1292
MSppappp,138,288,184,8.3,28,-746
MSppappp,139,284,185,9.2,30,-1316
MSppappp,140,287,185,9.1,30,-37
MSppappp,141,285,180,9.1,30,-351
MSppappp,142,289,184,9.1,32,-1569
MSppappp,143,285,180,9.0,32,-217
MSppappp,144,286,180,9.1,32,-1965
MSppappp,145,288,181,9.1,30,-809
MSppappp,146,285,182,9.0,30,-1600
MSppappp,147,286,181,9.0,32,-1744
MSppappp,148,287,181,8.9,30,-1365
MSppappp,149,288,181,9.1,34,-2520
MSppappp,150,286,180,8.9,30,-2122
MSppappp,151,282,177,8.8,30,-2219
MSppappp,152,278,176,8.0,30,-2034
MSppappp,153,270,177,7.3,31,-1614
MSppappp,154,265,179,7.2,30,-1094
MSppappp,155,261,185,7.1,31,-2928
MSppappp,156,256,189,7.1,30,-1767
MSppappp,157,251,191,7.1,31,-1366
MSppappp,158,250,188,7.1,34,-1295
MSppappp,159,255,192,7.2,31,-458
MSppappp,160,255,189,7.1,30,-2301
MSppp,55,412,263,20.0,48,-1084
MSppp,56,414,267,20.0,48,864
MSppp,57,417,271,20.0,48,34
MSppp,58,420,276,20.0,48,-108
MSppp,59,422,280,20.0,48,-1358
MSppp,60,425,284,20.0,48,-432
MSppp,61,428,289,20.0,48,-487
MSppp,62,437,285,20.0,43,-418
MSppp,63,446,281,20.0,37,-899
MSppp,64,456,277,20.0,31,587
MSppp,65,469,273,20.1,47,-678
MSppp,66,469,258,19.2,44,-793
MSppp,67,459,260,20.0,43,-1095
MSppp,68,457,250,19.1,43,-353
MSppp,69,456,250,19.1,45,-559
MSppp,70,458,242,20.0,48,-701
MSppp,71,458,247,18.2,46,-782
MSppp,72,467,246,18.1,46,-962
MSppp,73,467,245,17.2,46,-806
MSpppa,74,452,225,17.2,36,-1299
MSpppa,75,452,215,17.2,40,-481
MSpppa,76,455,212,18.8,44,-638
MSpppa,77,447,204,19.0,44,41
MSpppa,78,447,200,19.0,44,-551
MSpppa,79,428,198,19.0,44,-975
MSpppa,80,417,192,19.0,44,-1120
MSpppa,81,415,193,18.2,46,-191
MSpppa,82,408,191,18.0,44,-499
MSpppa,83,407,192,18.0,44,-777
MSpppa,84,413,189,17.0,44,-738
MSpppa,85,420,192,16.1,45,-681
MSpppa,86,426,186,15.1,44,-921
MSpppa,87,416,177,15.2,42,-1131
MSpppa,88,402,166,14.1,39,-1358
MSpppa,89,399,163,15.1,41,-1139
MSpppa,90,384,156,15.0,40,-514
MSpppa,91,372,161,14.2,37,-1080
MSpppa,92,360,162,15.0,39,-694
MSpppa,93,361,164,15.2,39,-1194
MSpppa,94,357,167,16.1,39,-773
MSpppa,95,347,172,16.1,39,-271
MSpppa,96,344,178,16.1,40,-1193
MSpppa,97,343,183,16.1,38,-1085
MSpppa,98,342,183,16.2,40,-499
MSpppa,99,345,181,17.1,34,160
MSpppa,100,343,185,16.0,36,49
MSpppaa,101,317,173,15.1,36,-1860
MSpppaa,102,321,173,15.0,34,-1180
MSpppaa,103,321,173,14.8,36,-820
MSpppaa,104,321,170,15.0,36,-74
MSpppaa,105,315,171,14.3,38,-55
MSpppaa,106,316,177,14.8,36,-268
MSpppaa,107,317,178,14.2,38,-667
MSpppaa,108,315,177,14.1,36,-17
MSpppaa,109,311,182,14.2,38,21
MSpppaa,110,304,183,14.9,36,-833
MSpppaa,111,309,178,14.9,36,-520
MSpppaa,112,301,177,15.1,36,-1309
MSpppaa,113,299,177,15.0,36,-1780
MSpppaa,114,298,181,15.1,38,-999
MSpppaa,115,296,185,15.1,37,-423
MSpppaa,116,292,182,15.1,35,-875
MSpppaa,117,292,184,15.1,36,-791
MSpppaa,118,297,182,16.1,35,-342
MSpppaa,119,297,175,16.0,36,485
MSpppaa,120,298,180,15.4,35,-812
MSpppaa,121,297,185,15.3,34,-267
MSpppaa,122,299,181,15.3,34,-440
MSpppaa,123,296,179,15.3,34,-927
MSpppaa,124,297,182,15.3,34,32
MSpppaa,125,297,181,15.2,34,-305
MSpppaa,126,295,183,15.3,34,-863
MSpppaa,127,290,184,16.1,34,-292
MSpppaa,128,291,182,16.1,34,-1494
MSpppaa,129,290,184,16.2,34,-626
MSpppaa,130,294,186,16.1,34,4
MSpppaa,131,293,183,16.1,34,-606
MSpppaa,132,293,187,15.3,34,-615
MSpppaa,133,299,187,16.1,34,-275
MSpppaa,134,299,191,16.1,34,-160
MSpppaa,135,302,189,15.3,34,773
MSpppaa,136,309,189,15.3,34,-1199
MSpppaa,137,308,188,15.3,34,203
MSpppaa,138,315,192,15.1,34,285
MSpppaa,139,316,194,15.2,34,27
MSpppaa,140,318,194,16.0,30,-465
MSpppaa,141,318,198,15.2,30,-1994
MSpppaaa,142,295,206,17.0,28,-1086
MSpppaaa,143,291,205,16.2,34,756
MSpppaaa,144,297,206,17.1,30,-1604
MSpppaaa,145,295,203,17.0,26,-628
MSpppaaa,146,298,201,17.0,30,110
MSpppaaa,147,308,199,16.0,26,-375
MSpppaaa,148,307,194,15.2,26,-1620
MSpppaaa,149,311,199,15.1,26,-1482
MSpppaaa,150,311,194,15.0,26,471
MSpppaaa,151,310,195,15.3,34,-26
MSpppaaa,152,311,194,16.0,26,1615
MSpppaaa,153,314,194,15.1,31,-422
MSpppaaa,154,316,194,15.1,30,-404
MSpppaaa,155,318,193,15.1,28,725
MSpppaaa,156,321,192,15.1,26,127
MSpppaaa,157,321,192,15.2,31,94
MSpppaaa,158,320,185,14.3,34,-159
MSpppaaa,159,317,186,14.2,31,-1032
MSpppaaa,160,310,179,13.0,34,-658
MSpppaap,142,345,196,14.9,30,901
MSpppaap,143,346,198,14.9,30,110
MSpppaap,144,345,201,14.2,34,-144
MSpppaap,145,348,200,16.0,30,-485
MSpppaap,146,348,204,15.2,34,73
MSpppaap,147,355,199,16.1,34,-1618
MSpppaap,148,357,203,16.2,34,-1337
MSpppaap,149,353,207,16.2,34,-1234
MSpppaap,150,355,209,16.2,34,-1026
MSpppaap,151,353,205,16.2,34,484
MSpppaap,152,357,205,16.1,34,-1525
MSpppaap,153,359,201,15.1,31,-258
MSpppaap,154,362,200,15.1,34,149
MSpppaap,155,361,195,16.0,31,482
MSpppaap,156,369,193,15.2,34,185
MSpppaap,157,382,191,15.3,31,1
MSpppaap,158,389,189,14.3,34,-896
MSpppaap,159,395,194,15.0,31,-474
MSpppaap,160,400,195,15.2,32,-767
MSpppap,101,369,194,17.0,36,16
MSpppap,102,377,187,17.0,36,-842
MSpppap,103,378,194,17.0,36,-420
MSpppap,104,374,195,17.0,36,-1052
MSpppap,105,372,187,16.9,36,-868
MSpppap,106,371,190,16.2,38,-987
MSpppap,107,367,196,16.9,36,-990
MSpppap,108,368,198,16.1,38,-979
MSpppap,109,370,198,15.9,36,-429
MSpppap,110,369,189,16.1,38,-1634
MSpppap,111,360,194,16.1,38,-777
MSpppap,112,356,195,15.8,38,-76
MSpppap,113,352,196,15.6,38,-29
MSpppap,114,347,197,15.3,38,73
MSpppap,115,337,197,16.0,35,13
MSpppap,116,341,198,15.3,39,-262
MSpppap,117,338,193,15.3,38,-354
MSpppap,118,340,190,16.1,37,-410
MSpppap,119,340,182,16.0,36,-426
MSpppap,120,338,187,16.1,35,-780
MSpppap,121,339,187,16.3,34,-309
MSpppap,122,339,176,16.2,34,-204
MSpppap,123,335,181,17.0,34,-984
MSpppap,124,340,181,16.3,34,-893
MSpppap,125,335,179,16.3,34,-470
MSpppap,126,333,174,15.2,34,-88
MSpppap,127,342,171,16.3,34,-1804
MSpppap,128,336,159,16.0,34,-338
MSpppap,129,333,163,15.2,34,-251
MSpppap,130,335,163,15.1,34,-97
MSpppap,131,330,164,15.2,34,-700
MSpppap,132,336,167,15.3,34,-625
MSpppap,133,339,166,15.3,34,-309
MSpppap,134,336,170,15.4,34,-565
MSpppap,135,340,168,15.3,34,-349
MSpppap,136,343,167,15.2,32,-1035
MSpppap,137,344,165,15.2,34,-248
MSpppap,138,346,156,15.2,32,-1028
MSpppap,139,344,155,15.2,34,-652
MSpppap,140,338,148,15.2,34,-155
MSpppap,141,344,152,15.1,34,-500
MSpppap,142,338,154,15.3,34,435
MSpppap,143,324,162,16.0,34,-384
MSpppap,144,314,163,15.2,34,-608
MSpppap,145,318,159,16.0,30,77
MSpppap,146,323,161,16.0,30,224
MSpppap,147,329,159,15.1,34,143
MSpppapa,148,303,158,16.0,28,207
MSpppapa,149,300,164,15.0,30,-1144
MSpppapa,150,299,167,15.2,30,157
MSpppapa,151,304,168,15.9,30,-613
MSpppapa,152,309,166,15.1,34,-194
MSpppapa,153,312,170,15.1,29,-574
MSpppapa,154,314,178,15.0,30,-345
MSpppapa,155,311,177,14.9,29,-415
MSpppapa,156,311,167,14.2,26,355
MSpppapa,157,310,169,14.0,26,171
MSpppapa,158,308,171,13.1,30,-4
MSpppapa,159,302,174,12.2,31,-276
MSpppapa,160,302,176,11.2,26,-240
MSpppapp,148,351,165,15.8,30,-1571
MSpppapp,149,351,165,15.8,30,-258
MSpppapp,150,354,175,16.2,34,-774
MSpppapp,151,355,169,16.3,34,345
MSpppapp,152,355,163,16.1,34,-876
MSpppapp,153,352,165,16.1,31,-29
MSpppapp,154,352,168,16.0,34,-710
MSpppapp,155,351,163,15.1,31,-136
MSpppapp,156,353,169,15.2,34,-1333
MSpppapp,157,357,169,15.1,31,-467
MSpppapp,158,357,170,15.2,34,434
MSpppapp,159,355,172,16.0,31,579
MSpppapp,160,352,175,16.1,34,-321
MSpppp,74,480,267,19.0,38,454
MSpppp,75,489,265,19.1,38,-75
MSpppp,76,495,258,19.0,44,-907
MSpppp,77,490,254,20.0,44,-652
MSpppp,78,496,249,20.0,44,282
MSpppp,79,491,245,20.0,44,-30
MSpppp,80,475,248,19.9,44,-549
MSpppp,81,470,239,19.0,48,-489
MSpppp,82,457,236,18.0,44,11
MSpppp,83,457,227,17.9,44,-659
MSpppp,84,453,223,18.0,44,1
MSpppp,85,452,223,18.1,43,-1026
MSpppp,86,442,220,18.1,42,-1039
MSpppp,87,442,213,17.1,44,-546
MSpppp,88,431,205,16.2,41,-1057
MSpppp,89,423,200,17.0,39,-476
MSpppp,90,420,196,16.1,40,-674
MSpppp,91,412,184,15.2,39,-716
MSpppp,92,413,177,15.0,39,-295
MSpppp,93,415,177,14.3,39,-954
MSpppp,94,416,170,14.3,39,-1118
MSpppp,95,405,165,15.0,39,-1261
MSpppp,96,412,164,14.2,40,-363
MSpppp,97,410,165,14.2,40,-1311
MSpppp,98,401,165,14.2,40,-501
MSpppp,99,396,158,14.2,40,75
MSpppp,100,396,158,13.0,36,-1455
MSpppp,101,403,159,14.0,34,-685
MSppppa,102,382,147,12.9,36,-1605
MSppppa,103,381,148,12.1,36,-1125
MSppppa,104,378,148,12.9,36,-848
MSppppa,105,373,147,12.1,36,-1309
MSppppa,106,376,149,12.0,36,-538
MSppppa,107,372,148,11.9,36,-2136
MSppppa,108,373,142,12.0,36,-1436
MSppppa,109,373,144,12.0,36,-457
MSppppa,110,373,142,11.3,38,-406
MSppppa,111,367,139,12.0,38,-1379
MSppppa,112,354,144,11.2,38,-1653
MSppppa,113,351,141,11.9,36,-1679
MSppppa,114,346,144,12.1,36,-555
MSppppa,115,344,150,11.3,37,-1119
MSppppa,116,342,143,12.0,37,-922
MSppppa,117,340,144,11.3,36,-2182
MSppppa,118,340,145,11.3,37,-1422
MSppppa,119,340,143,12.1,36,-1754
MSppppa,120,333,147,12.1,35,-806
MSppppa,121,330,149,12.2,34,-1824
MSppppa,122,327,146,12.1,34,-913
MSppppa,123,317,145,12.2,34,-1715
MSppppa,124,316,144,12.2,34,-293
MSppppa,125,309,147,12.2,34,-1104
MSppppa,126,313,152,12.1,34,-1434
MSppppa,127,313,156,12.0,34,-1645
MSppppa,128,314,155,11.3,34,-900
MSppppa,129,307,157,11.2,34,-1008
MSppppa,130,313,153,11.3,34,19
MSppppa,131,307,153,11.2,34,-1363
MSppppa,132,306,149,12.1,34,-1463
MSppppa,133,312,145,12.0,34,-844
MSppppa,134,307,145,12.0,34,-1421
MSppppa,135,311,147,12.0,34,-235
MSppppa,136,310,151,11.4,34,-493
MSppppa,137,307,153,12.0,30,-747
MSppppaa,138,294,147,13.1,30,-1051
MSppppaa,139,282,154,13.9,30,-4
MSppppaa,140,284,154,14.0,32,-882
MSppppaa,141,288,155,13.4,34,-279
MSppppaa,142,287,158,14.1,26,-1117
MSppppaa,143,286,155,14.1,34,-1171
MSppppaa,144,286,157,14.1,34,-639
MSppppaa,145,287,155,13.4,34,-800
MSppppaa,146,288,160,13.1,34,266
MSppppaa,147,291,161,13.1,34,-261
MSppppaa,148,296,159,14.0,34,-259
MSppppaa,149,295,158,13.0,26,-247
MSppppaa,150,292,150,13.1,26,-671
MSppppaa,151,291,146,14.1,32,-585
MSppppaa,152,293,146,13.3,34,243
MSppppaa,153,294,148,13.2,31,120
MSppppaa,154,293,147,13.9,30,-1036
MSppppaa,155,293,149,13.2,31,-642
MSppppaa,156,293,151,13.2,34,-986
MSppppaa,157,293,150,13.2,31,1058
MSppppaa,158,291,148,13.3,32,-506
MSppppaa,159,291,143,12.3,31,-807
MSppppaa,160,296,142,12.3,26,393
MSppppap,138,323,155,10.3,30,-1053
MSppppap,139,323,162,10.0,30,-1238
MSppppap,140,321,166,10.3,34,-1755
MSppppap,141,322,159,10.8,30,-335
MSppppap,142,319,160,11.1,30,-319
MSppppap,143,315,161,11.3,30,-1158
MSppppap,144,311,162,11.6,30,-513
MSppppap,145,309,165,11.1,32,-652
MSppppap,146,307,168,10.5,34,-918
MSppppap,147,306,167,9.7,34,-1293
MSppppap,148,308,167,10.0,30,-407
MSppppap,149,312,163,10.0,32,-809
MSppppap,150,311,160,9.3,34,-479
MSppppap,151,308,159,10.0,30,-1313
MSppppap,152,307,160,9.9,30,-1692
MSppppap,153,306,161,9.4,31,-1565
MSppppap,154,303,168,9.0,34,-955
MSppppap,155,300,170,9.3,31,-1386
MSppppap,156,297,175,9.2,34,-1294
MSppppap,157,296,172,10.1,31,-351
MSppppap,158,293,176,10.0,30,-350
MSppppap,159,287,181,9.3,31,1193
MSppppap,160,291,184,9.3,34,-615
MSppppp,102,427,179,14.2,34,-1008
MSppppp,103,428,176,15.0,36,-35
MSppppp,104,427,171,14.2,38,-148
MSppppp,105,422,168,14.1,36,-1135
MSppppp,106,419,167,13.9,36,-704
MSppppp,107,416,169,13.0,36,-1219
MSppppp,108,414,166,13.0,36,-1229
MSppppp,109,409,169,13.0,36,-1270
MSppppp,110,405,165,12.1,38,-916
MSppppp,111,402,164,12.0,36,-1038
MSppppp,112,396,160,11.1,36,-1167
MSppppp,113,392,157,11.0,36,-1408
MSppppp,114,385,158,10.8,36,-630
MSppppp,115,383,159,11.0,35,-2044
MSppppp,116,381,158,12.0,35,-1553
MSppppp,117,385,150,12.0,34,-1455
MSppppp,118,381,152,12.1,37,-665
MSppppp,119,379,148,12.1,36,-1309
MSppppp,120,379,149,11.1,35,-1696
MSppppp,121,376,154,10.4,34,-1069
MSppppp,122,375,150,10.2,34,-2331
MSppppp,123,366,152,11.0,34,-1255
MSppppp,124,366,151,10.1,34,-2053
MSppppp,125,360,150,10.1,34,-596
MSppppp,126,364,162,9.3,34,-2120
MSppppp,127,363,174,10.1,34,-782
MSppppp,128,360,180,9.3,34,-237
MSppppp,129,353,172,9.0,34,-697
MSppppp,130,355,171,9.2,34,-747
MSppppp,131,352,170,8.3,34,-16
MSppppp,132,358,167,9.0,34,-1450
MSppppp,133,359,167,9.0,34,-1580
MSppppp,134,355,168,8.3,34,-752
MSppppp,135,352,166,8.3,34,-1710
MSppppp,136,352,165,8.2,34,-1533
MSppppp,137,342,169,8.1,34,-928
MSppppp,138,345,168,8.1,34,-1268
MSppppp,139,339,170,7.3,34,-1224
MSppppp,140,345,173,7.9,30,-1074
MSppppp,141,345,173,8.0,30,-1404
MSpppppa,142,330,165,8.4,32,-338
MSpppppa,143,320,163,9.0,32,-2237
MSpppppa,144,320,161,8.1,26,1192
MSpppppa,145,320,167,8.2,32,-202
MSpppppa,146,320,170,8.2,32,-422
MSpppppa,147,320,173,8.1,32,-488
MSpppppa,148,319,177,8.1,32,-2042
MSpppppa,149,322,175,8.1,34,-1266
MSpppppa,150,320,176,8.0,32,-1154
MSpppppa,151,319,175,7.4,32,-575
MSpppppa,152,315,175,7.2,26,-168
MSpppppa,153,312,175,7.3,31,-1026
MSpppppa,154,303,174,7.2,26,-2323
MSpppppa,155,303,179,7.3,31,-2490
MSpppppa,156,303,179,7.3,31,-142
MSpppppa,157,292,188,7.2,31,-68
MSpppppa,158,292,189,7.4,34,-500
MSpppppa,159,292,189,7.4,34,-775
MSpppppa,160,290,199,7.3,34,-1283
MSpppppp,142,371,185,7.2,30,-1168
MSpppppp,143,376,182,7.8,30,-869
MSpppppp,144,373,179,7.8,30,-1050
MSpppppp,145,373,183,7.3,32,-816
MSpppppp,146,374,187,8.0,30,-1415
MSpppppp,147,377,184,8.0,30,-1518
MSpppppp,148,377,179,8.1,32,-1436
MSpppppp,149,378,179,8.2,34,-1098
MSpppppp,150,381,181,8.2,32,-846
MSpppppp,151,383,175,8.8,30,-2083
MSpppppp,152,379,175,8.1,30,-325
MSpppppp,153,376,172,7.5,31,-1194
MSpppppp,154,369,174,8.1,32,-1184
MSpppppp,155,368,175,8.0,31,-407
MSpppppp,156,363,179,7.4,34,-56
MSpppppp,157,362,178,7.2,31,-58
MSpppppp,158,358,178,7.0,34,-834
MSpppppp,159,355,180,6.6,31,-1410
MSpppppp,160,355,180,7.1,32,213
E,13,412,375,13.0,36,-625
E,14,441,373,11.4,39,-218
E,15,448,373,11.9,52,-1385
E,16,470,369,11.2,60,-1615
E,17,490,377,12.4,63,-1783
E,18,489,378,14.4,62,-1472
E,19,490,374,14.5,64,-1500
E,20,489,376,14.4,65,-1236
E,21,490,401,13.0,63,-1625
E,22,481,409,14.0,62,-1304
E,23,477,388,13.8,57,-1336
Ea,24,455,377,14.9,38,-526
Ea,25,448,385,13.1,59,-1257
Ea,26,441,398,12.9,59,-970
Ea,27,412,385,12.5,61,-1617
Ea,28,412,387,13.7,63,-1187
Ea,29,421,397,15.2,65,-1483
Ea,30,430,399,15.6,64,-1553
Ea,31,430,400,14.3,62,-1159
Ea,32,424,384,16.2,62,-689
Ea,33,416,383,16.1,62,-1548
Ea,34,420,384,15.2,62,-1428
Ea,35,415,388,15.1,62,-1300
Ea,36,411,380,15.1,64,-1764
Ea,37,414,377,15.0,64,-1426
Ea,38,408,372,15.1,65,-953
Ea,39,396,367,14.2,65,-1394
Ea,40,386,364,15.1,65,-1053
Ea,41,381,351,16.1,65,-1476
Ea,42,388,340,16.0,64,-1326
Ea,43,376,331,15.2,66,-1633
Ea,44,378,331,15.2,67,-1606
Ea,45,375,328,15.3,68,-1325
Ea,46,369,321,15.1,67,-1621
Ea,47,375,316,13.3,66,-1576
Ea,48,375,308,12.2,61,-1135
Ea,49,390,324,13.1,53,-1407
Eal,50,377,351,11.9,53,-535
Eal,51,375,357,11.1,53,-732
Eal,52,374,367,10.0,53,-978
Eal,53,378,379,9.2,53,-2089
Eal,54,386,371,9.1,53,-1574
Eal,55,385,375,9.9,53,-1013
Eal,56,383,370,10.0,52,-1267
Eal,57,383,368,9.2,53,-1362
Eal,58,380,366,9.9,52,-1346
Eal,59,376,359,10.0,57,-1557
Eal,60,370,357,10.3,54,-1436
Eal,61,366,352,10.2,55,-727
Eal,62,362,348,12.1,57,-1195
Eal,63,357,341,12.3,54,-1251
Eal,64,349,335,12.2,51,-672
Eal,65,351,344,12.1,47,-789
Eal,66,344,353,12.0,44,-1382
Eal,67,337,345,11.2,43,-1143
Eal,68,331,336,12.0,45,-1095
Eal,69,326,337,12.0,47,-922
Eal,70,329,328,11.2,48,-1513
Eal,71,326,318,11.1,48,-1624
Eal,72,326,315,12.0,48,-1364
Eal,73,321,317,11.2,48,-1684
Eal,74,330,318,11.2,48,-1466
Eal,75,335,329,11.1,48,-1412
Eal,76,337,336,10.4,48,-1861
Eal,77,356,325,11.5,48,-206
Eala,78,325,314,13.0,38,395
Eala,79,307,312,13.0,38,-1099
Eala,80,295,308,13.0,44,-1051
Eala,81,292,306,13.1,46,-1200
Eala,82,289,302,12.3,46,-1743
Eala,83,286,296,11.2,46,-859
Eala,84,281,294,10.2,46,-810
Eala,85,278,296,10.2,47,-1449
Eala,86,276,294,11.0,46,-1713
Eala,87,269,288,10.2,44,-1829
Eala,88,273,288,10.1,41,-1085
Eala,89,275,285,10.1,41,-1894
Eala,90,277,293,9.1,40,-1438
Eala,91,278,293,10.0,39,-1817
Eala,92,279,292,9.1,39,-1795
Eala,93,274,300,9.0,39,-1868
Eala,94,274,300,9.1,39,-1932
Eala,95,277,305,8.2,39,-1963
Eala,96,274,297,9.0,40,-1867
Eala,97,278,296,9.1,40,-1739
Eala,98,280,301,10.0,40,-2053
Eala,99,274,302,8.2,38,-837
Eala,100,276,305,9.1,40,-2380
Eala,101,278,298,10.0,40,-1937
Eala,102,276,297,10.0,40,-2389
Eala,103,272,303,9.1,40,-1367
Eala,104,267,303,9.2,40,-1395
Eala,105,268,299,10.0,40,-1810
Eala,106,270,303,9.1,40,-1233
Eala,107,271,298,9.1,40,-2569
Eala,108,269,298,9.1,40,-1917
Eala,109,273,302,9.0,40,-2583
Eala,110,276,300,9.1,40,-2223
Eala,111,271,305,9.1,40,-2145
Eala,112,272,302,9.0,40,-1711
Eala,113,263,303,9.1,40,-889
Eala,114,265,306,10.0,40,-1236
Eala,115,262,307,9.1,39,-1582
Eala,116,265,302,10.0,39,-337
Eala,117,276,300,10.0,38,-1401
Eala,118,269,298,9.0,37,-1267
Eala,119,273,301,9.1,36,-776
Eala,120,281,305,9.0,35,-51
Eala,121,287,305,8.1,34,-1087
Eala,122,294,308,8.0,34,-441
Eala,123,301,297,8.1,34,-815
Eala,124,295,301,9.0,34,-1425
Eala,125,303,297,8.9,30,-1203
Ealaa,126,267,305,10.1,30,16
Ealaa,127,266,304,10.2,30,-24
Ealaa,128,263,298,10.0,34,-105
Ealaa,129,261,300,10.1,34,-131
Ealaa,130,258,306,10.0,34,628
Ealaa,131,258,306,10.0,34,47
Ealaa,132,260,306,10.0,34,-503
Ealaa,133,265,304,10.0,34,-359
Ealaa,134,260,304,10.0,34,-204
Ealaa,135,261,308,9.2,34,-310
Ealaa,136,258,302,9.1,34,-1172
Ealaa,137,264,302,9.1,34,-184
Ealaa,138,264,300,9.0,34,124
Ealaa,139,275,301,8.2,34,-1173
Ealaa,140,271,300,7.4,34,-478
Ealaa,141,270,300,7.2,26,-1552
Ealaa,142,270,300,7.2,26,-359
Ealaa,143,283,293,9.0,34,-2040
Ealaa,144,280,295,8.0,34,-170
Ealaa,145,287,296,7.2,34,124
Ealaa,146,293,299,8.0,34,636
Ealaa,147,294,304,7.2,34,-93
Ealaa,148,302,301,7.1,34,-554
Ealaa,149,299,291,7.1,34,-852
Ealaa,150,302,295,7.2,34,751
Ealaa,151,305,294,7.2,33,96
Ealaa,152,309,293,7.1,32,567
Ealaa,153,313,291,7.1,31,603
Ealaa,154,317,293,7.2,31,1797
Ealaa,155,322,295,7.4,31,-112
Ealaa,156,326,297,7.5,31,625
Ealaa,157,331,300,7.6,31,651
Ealaa,158,332,303,7.1,34,-455
Ealaa,159,334,301,8.0,31,495
Ealaa,160,337,297,7.2,34,132
Ealap,126,322,301,7.3,30,-909
Ealap,127,331,295,7.0,32,-558
Ealap,128,340,296,6.3,34,-580
Ealap,129,344,295,6.3,34,-1359
Ealap,130,345,291,6.2,34,-984
Ealap,131,342,293,6.2,34,-273
Ealap,132,340,289,6.2,34,-1291
Ealap,133,336,290,6.2,34,-465
Ealap,134,332,296,6.2,34,-2260
Ealap,135,337,293,6.2,34,-335
Ealap,136,339,295,6.2,34,-643
Ealap,137,344,299,6.3,34,613
Ealap,138,346,302,6.3,34,440
Ealap,139,358,301,7.0,34,807
Ealap,140,360,300,6.2,34,-1187
Ealap,141,349,302,7.0,34,942
Ealap,142,350,302,7.1,34,326
Ealap,143,350,297,7.2,34,1338
Ealap,144,356,295,6.3,34,-340
Ealap,145,364,295,7.1,34,736
Ealap,146,363,302,7.0,34,119
Ealap,147,363,295,7.1,34,-210
Ealap,148,361,293,7.1,34,411
Ealap,149,362,296,7.0,34,-866
Ealap,150,372,298,7.1,34,1478
Ealap,151,374,296,8.0,34,555
Ealap,152,370,297,8.0,34,1351
Ealap,153,372,297,7.4,31,92
Ealap,154,375,301,8.0,34,883
Ealap,155,385,304,8.1,31,1236
Ealap,156,379,305,8.0,34,-254
Ealap,157,380,302,8.1,31,905
Ealap,158,384,301,9.0,34,-258
Ealap,159,382,301,9.0,31,2824
Ealap,160,384,300,9.0,34,553
Ealp,78,366,332,11.3,38,-1820
Ealp,79,368,342,11.2,36,-890
Ealp,80,372,344,12.0,44,-894
Ealp,81,381,344,12.0,44,-1138
Ealp,82,376,348,12.1,48,-743
Ealp,83,369,334,12.1,48,-1002
Ealp,84,364,329,13.0,44,-538
Ealp,85,365,326,12.1,45,-977
Ealp,86,356,323,12.0,46,-1032
Ealp,87,357,318,12.1,44,-1526
Ealp,88,351,316,12.1,41,-1329
Ealp,89,345,312,11.1,41,-985
Ealp,90,353,313,11.2,40,-1701
Ealp,91,355,307,11.1,39,-1799
Ealp,92,355,298,10.2,39,-1108
Ealp,93,354,300,11.0,39,-2329
Ealp,94,353,309,12.0,26,262
Ealp,95,353,309,12.0,26,-514
Ealp,96,349,310,11.0,40,-1627
Ealp,97,350,310,11.0,40,-1288
Ealp,98,355,311,11.1,40,-1938
Ealp,99,351,306,11.0,40,-780
Ealp,100,357,310,11.0,40,-1943
Ealp,101,360,305,11.0,40,-1995
Ealp,102,353,300,10.2,40,-1553
Ealp,103,350,301,10.1,40,-2171
Ealp,104,348,298,11.1,40,-596
Ealp,105,351,304,10.3,40,-798
Ealp,106,352,308,10.2,40,-2068
Ealp,107,353,312,11.0,40,-1715
Ealp,108,346,316,10.1,40,-2258
Ealp,109,345,315,10.1,40,-1992
Ealp,110,344,312,9.1,40,-1138
Ealp,111,343,311,9.1,40,-2499
Ealp,112,345,317,9.0,40,-1781
Ealp,113,339,314,10.0,40,-1488
Ealp,114,340,316,11.1,40,-1105
Ealp,115,343,330,11.1,39,-2207
Ealp,116,341,329,11.0,39,-1445
Ealp,117,343,323,10.2,38,-1026
Ealp,118,341,326,11.1,37,-70
Ealp,119,343,323,11.2,36,-1266
Ealp,120,349,323,11.2,35,-1305
Ealp,121,353,327,12.1,34,-1339
Ealp,122,345,330,13.1,34,-59
Ealp,123,348,324,11.2,34,-304
Ealp,124,350,321,12.0,34,-895
Ealp,125,361,316,12.1,34,-543
Ealp,126,357,314,13.1,34,-1491
Ealp,127,356,313,12.0,30,-741
Ealpa,128,326,313,11.9,30,-1452
Ealpa,129,317,308,11.9,30,-1419
Ealpa,130,316,308,11.0,34,-693
Ealpa,131,316,303,11.1,34,-1365
Ealpa,132,314,301,11.0,34,-1668
Ealpa,133,318,307,10.3,34,-1061
Ealpa,134,314,305,11.1,34,-1391
Ealpa,135,319,302,10.2,34,-734
Ealpa,136,316,301,10.1,34,-889
Ealpa,137,317,307,10.3,34,-139
Ealpa,138,321,316,9.3,34,338
Ealpa,139,331,312,9.2,34,-141
Ealpa,140,329,309,9.2,34,470
Ealpa,141,333,307,10.0,34,-1204
Ealpa,142,330,302,10.1,34,-437
Ealpa,143,328,301,10.1,34,-1372
Ealpa,144,330,307,10.1,34,-1718
Ealpa,145,344,304,10.1,34,-1816
Ealpa,146,342,307,11.0,34,-590
Ealpa,147,350,303,11.0,34,-821
Ealpa,148,354,300,10.0,34,-1253
Ealpa,149,354,303,10.1,34,-999
Ealpa,150,354,308,11.0,34,-913
Ealpa,151,358,305,11.0,34,-1274
Ealpa,152,357,306,11.0,34,-1528
Ealpa,153,363,303,11.2,31,-768
Ealpa,154,365,308,12.0,34,-890
Ealpa,155,368,312,12.1,31,-493
Ealpa,156,364,315,11.3,34,802
Ealpa,157,361,320,12.2,31,-1573
Ealpa,158,366,309,12.1,34,-668
Ealpa,159,370,303,12.1,31,-1325
Ealpa,160,372,302,12.2,34,-873
Ealpp,128,382,316,12.0,30,211
Ealpp,129,386,315,11.9,30,-934
Ealpp,130,389,311,10.2,32,1011
Ealpp,131,384,298,10.1,34,-1766
Ealpp,132,375,298,9.3,34,-351
Ealpp,133,380,301,10.1,34,-1833
Ealpp,134,379,301,10.3,34,-1200
Ealpp,135,382,295,10.3,34,490
Ealpp,136,384,293,11.0,34,-677
Ealpp,137,388,298,10.2,34,-1331
Ealpp,138,386,298,11.1,34,-291
Ealpp,139,389,293,10.2,34,-639
Ealpp,140,390,293,10.1,34,-1996
Ealpp,141,388,290,10.1,34,493
Ealpp,142,381,293,10.3,34,-150
Ealpp,143,389,295,10.2,34,-1039
Ealpp,144,394,295,10.2,34,-1246
Ealpp,145,391,296,10.2,34,-458
Ealpp,146,389,299,10.1,34,-77
Ealpp,147,391,299,10.2,34,-1042
Ealpp,148,394,297,10.1,34,-73
Ealpp,149,392,302,11.0,34,-1790
Ealpp,150,396,296,11.0,34,-998
Ealpp,151,405,295,10.1,34,305
Ealpp,152,402,299,10.2,34,-357
Ealpp,153,396,302,11.0,31,-206
Ealpp,154,403,298,10.2,34,-805
Ealpp,155,402,301,11.0,31,328
Ealpp,156,406,307,11.0,34,1092
Ealpp,157,407,302,11.1,31,8
Ealpp,158,409,302,11.1,34,-350
Ealpp,159,418,298,11.1,31,992
Ealpp,160,421,306,11.1,34,-23
Ear,50,375,283,12.9,53,-651
Ear,51,373,266,11.0,53,-743
Ear,52,368,267,10.0,53,-1171
Ear,53,359,263,9.1,55,-1583
Ear,54,368,268,9.3,55,-1481
Ear,55,379,273,10.9,53,-1119
Ear,56,386,271,11.8,52,-1890
Ear,57,397,270,11.1,53,-1851
Ear,58,397,271,12.1,54,-1534
Ear,59,395,274,12.3,53,-1132
Ear,60,393,276,13.2,54,-1521
Ear,61,389,276,14.1,55,-1349
Ear,62,398,277,14.2,57,-868
Ear,63,401,278,14.0,56,-1223
Ear,64,400,280,14.0,51,-1371
Ear,65,404,272,14.1,47,-1428
Ear,66,390,268,14.0,44,-1445
Ear,67,392,264,13.1,43,-961
Ear,68,393,256,13.1,45,-1393
Ear,69,387,245,12.0,47,-1962
Ear,70,391,235,12.2,48,-1069
Ear,71,397,232,12.1,48,-987
Ear,72,395,237,12.1,48,-1220
Ear,73,390,239,11.2,48,-2141
Ear,74,393,241,11.3,48,-1719
Ear,75,405,230,12.0,48,-1391
Ear,76,409,233,12.1,44,-1607
Ear,77,398,239,13.0,38,-660
Eara,78,363,219,12.2,34,-881
Eara,79,348,213,12.9,44,-1040
Eara,80,333,214,11.9,44,-1687
Eara,81,322,216,11.1,46,-1139
Eara,82,326,217,10.4,46,-1333
Eara,83,331,212,10.2,46,-1494
Eara,84,332,214,10.3,46,-1410
Eara,85,332,220,10.2,45,-902
Eara,86,332,221,10.2,44,-2019
Eara,87,325,216,10.2,44,-2462
Eara,88,324,209,10.1,41,-2026
Eara,89,311,203,10.1,41,-1055
Eara,90,302,213,11.0,40,-1963
Eara,91,299,215,9.2,39,-1164
Eara,92,293,212,9.1,39,-1558
Eara,93,297,217,9.1,39,-2079
Eara,94,304,220,9.0,39,-644
Eara,95,304,223,8.2,39,-1720
Eara,96,299,221,9.1,40,-1930
Eara,97,306,222,9.0,38,-1757
Eara,98,299,225,9.1,40,-2601
Eara,99,296,222,9.1,40,-1753
Eara,100,302,224,9.2,40,-1528
Eara,101,296,221,10.0,40,-2321
Eara,102,292,216,10.0,40,-1483
Eara,103,292,216,10.0,40,-2393
Eara,104,294,225,10.0,40,-1244
Eara,105,295,226,10.0,40,-2311
Eara,106,295,226,9.1,40,-1496
Eara,107,288,221,9.0,40,-2435
Eara,108,292,223,9.0,40,-1279
Eara,109,297,221,8.1,40,-1849
Eara,110,302,216,8.1,40,-2396
Eara,111,300,218,8.1,40,-1798
Eara,112,296,221,8.1,40,-2774
Eara,113,302,214,9.1,40,-2283
Eara,114,296,224,9.0,40,-2370
Eara,115,292,222,8.7,40,-2253
Eara,116,288,220,8.4,39,-1308
Eara,117,283,218,8.1,38,-48
Eara,118,287,216,10.0,26,-1407
Eara,119,281,217,9.1,36,-639
Eara,120,279,229,10.0,26,648
Eara,121,279,229,10.0,26,-297
Eara,122,296,216,10.0,26,1005
Eara,123,291,219,10.0,34,-1366
Eara,124,297,218,8.1,34,-614
Eara,125,298,226,8.1,34,-1116
Eara,126,296,244,9.0,34,-879
Eara,127,308,239,9.0,30,-1662
Earaa,128,280,236,8.0,36,-725
Earaa,129,275,235,8.1,35,-539
Earaa,130,269,234,8.2,34,-788
Earaa,131,272,233,8.3,26,-183
Earaa,132,268,238,9.0,26,-587
Earaa,133,274,234,9.1,26,248
Earaa,134,269,238,9.2,26,337
Earaa,135,271,238,9.2,28,379
Earaa,136,273,238,9.1,30,377
Earaa,137,275,239,9.1,32,-1075
Earaa,138,277,239,9.0,34,723
Earaa,139,279,240,9.0,36,-363
Earaa,140,281,241,8.7,35,-554
Earaa,141,283,242,8.3,33,-116
Earaa,142,286,243,8.0,31,450
Earaa,143,288,244,7.7,30,169
Earaa,144,290,245,7.3,28,-148
Earaa,145,293,247,7.0,26,421
Earaa,146,293,247,7.0,26,447
Earaa,147,300,252,8.1,34,-846
Earaa,148,306,243,8.0,34,444
Earaa,149,306,243,8.0,34,-23
Earaa,150,311,248,8.1,26,458
Earaa,151,312,246,7.3,34,532
Earaa,152,322,248,7.1,26,427
Earaa,153,326,240,8.0,26,399
Earaa,154,326,240,8.0,26,114
Earaa,155,332,255,8.1,26,-158
Earaa,156,332,251,8.2,34,203
Earaa,157,329,249,8.0,31,-954
Earaa,158,336,258,8.2,34,1409
Earaa,159,333,253,9.0,31,-2240
Earaa,160,347,252,9.1,34,406
Earap,128,334,246,9.1,30,-1890
Earap,129,345,246,8.9,30,57
Earap,130,350,248,8.1,34,-721
Earap,131,347,245,8.0,34,173
Earap,132,347,241,7.2,34,218
Earap,133,347,238,8.1,34,-2264
Earap,134,340,242,8.1,34,411
Earap,135,347,239,8.1,34,-38
Earap,136,343,243,8.1,34,396
Earap,137,350,251,8.2,34,-902
Earap,138,347,249,8.2,34,-532
Earap,139,352,251,8.1,34,368
Earap,140,352,253,7.4,34,625
Earap,141,355,252,7.2,34,483
Earap,142,352,250,8.1,34,930
Earap,143,357,250,7.3,34,-453
Earap,144,356,247,7.4,34,-842
Earap,145,354,246,8.1,34,483
Earap,146,356,251,8.2,34,-842
Earap,147,364,251,8.1,34,1007
Earap,148,358,248,8.1,34,-784
Earap,149,365,244,8.1,34,1243
Earap,150,365,248,8.2,34,-869
Earap,151,369,247,8.1,34,-17
Earap,152,372,251,8.1,34,1904
Earap,153,374,255,8.2,31,160
Earap,154,375,256,9.0,34,1239
Earap,155,377,262,8.1,31,-348
Earap,156,377,261,9.0,34,1267
Earap,157,369,262,8.3,31,1155
Earap,158,373,258,8.2,34,243
Earap,159,379,255,9.1,31,276
Earap,160,382,249,9.2,34,647
Earp,78,421,254,13.1,34,-1837
Earp,79,417,256,14.0,44,-592
Earp,80,416,259,14.0,46,-858
Earp,81,418,244,14.1,46,-1170
Earp,82,415,244,13.2,46,-1180
Earp,83,419,236,13.2,46,-1164
Earp,84,415,238,13.2,48,-1577
Earp,85,417,240,13.1,47,-1093
Earp,86,416,242,12.3,46,-1006
Earp,87,410,232,12.1,44,-1325
Earp,88,407,231,11.1,41,-1138
Earp,89,400,231,11.0,41,-472
Earp,90,405,230,10.2,40,-1672
Earp,91,400,226,9.1,39,-851
Earp,92,394,221,10.1,39,-2038
Earp,93,387,217,10.1,39,-1488
Earp,94,389,217,10.1,39,-2309
Earp,95,385,226,11.1,39,-1563
Earp,96,387,220,12.0,40,-784
Earp,97,384,221,11.2,40,-1137
Earp,98,384,227,13.0,40,-575
Earp,99,383,225,12.0,40,-1213
Earp,100,384,225,12.0,40,-1049
Earp,101,384,221,11.1,40,-1847
Earp,102,378,217,11.2,40,-1631
Earp,103,378,216,11.1,40,-813
Earp,104,379,210,12.1,40,-876
Earp,105,377,211,11.1,40,-1126
Earp,106,375,211,11.1,40,-1327
Earp,107,377,211,11.1,40,-826
Earp,108,379,215,11.0,40,-2291
Earp,109,373,217,10.2,40,-2224
Earp,110,373,216,11.1,40,-2601
Earp,111,375,222,10.3,40,-1622
Earp,112,368,221,11.0,40,-1728
Earp,113,366,214,11.1,40,-925
Earp,114,366,215,11.1,40,-1491
Earp,115,363,222,11.1,39,-1346
Earp,116,358,217,11.2,39,-1223
Earp,117,368,218,11.2,38,-2589
Earp,118,365,217,11.1,37,-1094
Earp,119,370,215,12.0,36,-801
Earp,120,373,213,11.1,35,-1421
Earp,121,365,218,11.2,34,-1429
Earp,122,368,215,11.2,34,-439
Earp,123,364,218,13.0,34,-884
Earp,124,360,223,12.0,34,-881
Earp,125,361,219,13.0,34,-1836
Earpa,126,354,216,13.9,30,-1060
Earpa,127,334,209,13.9,30,627
Earpa,128,323,201,14.0,30,-997
Earpa,129,323,198,13.2,34,-881
Earpa,130,317,203,13.0,34,-1813
Earpa,131,318,198,12.2,34,-1123
Earpa,132,319,196,13.1,34,-1065
Earpa,133,322,196,13.1,34,-1047
Earpa,134,322,195,12.2,34,-1309
Earpa,135,322,196,12.2,34,-487
Earpa,136,324,196,12.1,34,-908
Earpa,137,324,197,12.0,34,-173
Earpa,138,324,197,12.0,34,-1760
Earpa,139,327,200,10.2,26,-78
Earpa,140,331,199,11.2,34,-1554
Earpa,141,334,199,11.0,34,-303
Earpa,142,343,199,11.0,34,-1888
Earpa,143,348,192,11.2,34,-769
Earpa,144,354,192,11.1,34,-1624
Earpa,145,354,200,12.1,34,-1274
Earpa,146,353,202,12.0,34,-1298
Earpa,147,361,203,12.1,34,-1558
Earpa,148,369,209,13.0,34,-1255
Earpa,149,368,205,13.1,34,-1028
Earpa,150,363,210,13.1,34,-1793
Earpa,151,356,207,13.1,34,-1574
Earpa,152,356,207,13.1,34,-2029
Earpa,153,364,207,13.0,31,-1899
Earpa,154,370,207,13.1,34,-1930
Earpa,155,370,208,12.2,31,-1520
Earpa,156,365,214,12.1,34,-1353
Earpa,157,359,214,12.0,31,-975
Earpa,158,358,218,12.0,34,-1359
Earpa,159,362,218,12.6,34,-1455
Earpa,160,366,217,13.1,34,114
Earpp,126,373,230,12.9,24,504
Earpp,127,392,236,12.9,30,-1406
Earpp,128,392,226,13.1,34,-55
Earpp,129,394,231,12.1,34,-546
Earpp,130,394,233,11.2,34,-1059
Earpp,131,390,235,11.1,34,-2416
Earpp,132,388,237,11.2,34,-366
Earpp,133,388,241,11.0,34,-1179
Earpp,134,385,243,11.2,34,-1701
Earpp,135,386,239,11.2,34,-779
Earpp,136,386,239,11.2,34,-1762
Earpp,137,392,237,12.0,34,-1089
Earpp,138,395,240,12.1,34,-1841
Earpp,139,395,239,11.3,34,117
Earpp,140,398,237,12.0,34,-798
Earpp,141,398,239,12.1,34,-904
Earpp,142,396,243,11.3,34,-975
Earpp,143,400,242,12.2,34,-1818
Earpp,144,399,243,11.2,34,-1476
Earpp,145,399,248,12.0,34,-1466
Earpp,146,403,248,11.2,34,-1757
Earpp,147,404,249,12.0,34,-280
Earpp,148,407,246,11.1,34,-619
Earpp,149,407,252,12.1,34,-445
Earpp,150,415,244,12.1,34,138
Earpp,151,415,245,12.1,34,-426
Earpp,152,413,245,12.1,34,-628
Earpp,153,414,247,11.1,31,-304
Earpp,154,412,245,11.2,34,-1333
Earpp,155,414,247,12.0,31,218
Earpp,156,414,245,11.2,34,-1243
Earpp,157,413,244,11.1,31,-914
Earpp,158,417,246,12.0,34,402
Earpp,159,416,244,11.2,31,1941
Earpp,160,416,240,12.1,34,181
Ep,24,499,366,13.1,38,276
Ep,25,527,362,12.2,57,-497
Ep,26,538,345,11.5,59,-1123
Ep,27,538,350,11.1,61,-1541
Ep,28,537,351,9.4,65,-1623
Ep,29,518,347,8.6,65,-2027
Ep,30,512,349,8.5,64,-2315
Ep,31,520,357,8.2,64,-2223
Ep,32,524,379,10.0,62,-2388
Ep,33,511,378,11.1,62,-1833
Ep,34,507,372,11.2,62,-2227
Ep,35,506,363,11.3,62,-2096
Ep,36,507,359,13.2,64,-2181
Ep,37,511,354,13.1,64,-1646
Ep,38,509,345,14.1,65,-1528
Ep,39,504,346,14.1,65,-1473
Ep,40,500,347,14.2,65,-1566
Ep,41,498,342,13.2,65,-2271
Ep,42,497,346,13.1,66,-1298
Ep,43,502,337,12.1,66,-1937
Ep,44,505,331,12.0,67,-2053
Ep,45,513,330,11.1,66,-2103
Ep,46,509,323,11.1,67,-2034
Ep,47,513,311,10.3,66,-1633
Ep,48,505,301,10.0,61,-2439
Ep,49,505,293,9.2,59,-1740
Ep,50,495,300,11.4,57,-1574
Epl,51,482,343,13.8,53,-768
Epl,52,477,349,15.0,53,-448
Epl,53,484,363,16.1,55,-1102
Epl,54,487,380,15.2,55,-1190
Epl,55,487,360,15.1,55,-1262
Epl,56,488,354,13.3,54,-955
Epl,57,487,354,12.3,53,-993
Epl,58,491,349,12.0,54,-2141
Epl,59,498,356,11.3,57,-1205
Epl,60,499,356,12.1,56,-1717
Epl,61,494,356,11.3,57,-1012
Epl,62,500,353,11.2,55,-1347
Epl,63,503,357,12.2,56,-1106
Epl,64,506,348,13.1,51,-1594
Epl,65,515,344,13.2,47,-806
Epl,66,503,333,14.0,44,-1322
Epl,67,496,334,13.1,43,-772
Epl,68,495,338,13.0,45,-1615
Epl,69,495,339,12.1,47,-2246
Epl,70,488,339,11.3,48,-2179
Epl,71,477,339,10.3,48,-1501
Epl,72,476,340,11.1,48,-1587
Epl,73,466,340,11.0,48,-1523
Epl,74,459,343,11.2,48,-1630
Epl,75,458,339,11.1,48,-1975
Epl,76,453,342,11.0,48,-1571
Epl,77,452,341,10.3,48,-1654
Epl,78,454,338,11.0,38,-49
Epla,79,438,320,11.0,36,-589
Epla,80,433,320,11.0,44,-1051
Epla,81,431,318,12.0,44,-972
Epla,82,427,320,11.1,46,-733
Epla,83,426,321,12.1,46,-1026
Epla,84,428,314,13.0,44,-193
Epla,85,429,313,12.0,47,-651
Epla,86,427,308,12.0,42,-905
Epla,87,433,300,11.1,44,-186
Epla,88,432,296,11.1,41,-1050
Epla,89,429,291,10.3,41,-1044
Epla,90,427,291,10.3,40,-425
Epla,91,429,293,11.0,39,-872
Epla,92,426,290,9.2,39,-867
Epla,93,422,294,10.0,39,-1694
Epla,94,425,296,9.1,39,-1227
Epla,95,420,302,9.1,39,-1287
Epla,96,415,307,9.0,40,-1741
Epla,97,417,306,9.0,40,-1987
Epla,98,416,307,9.1,40,-2106
Epla,99,411,306,9.2,40,-1388
Epla,100,420,310,9.1,40,-1239
Epla,101,418,301,9.1,40,-1933
Epla,102,412,303,9.1,40,-2576
Epla,103,408,301,9.1,40,-1607
Epla,104,406,294,8.1,40,-2199
Epla,105,402,296,7.3,40,-1030
Epla,106,406,298,8.1,40,-1240
Epla,107,406,300,8.1,40,-861
Epla,108,410,301,8.1,40,-2146
Epla,109,412,304,8.0,40,-1197
Epla,110,415,306,8.0,40,-1093
Epla,111,418,304,8.1,40,-1476
Epla,112,415,305,7.1,40,-1762
Epla,113,413,308,7.2,40,-1797
Epla,114,408,315,7.1,40,-1127
Epla,115,415,312,7.2,39,-1281
Epla,116,410,310,8.0,39,-1208
Epla,117,414,305,7.1,38,-1958
Epla,118,408,303,8.2,37,-796
Epla,119,414,302,9.1,36,-521
Epla,120,415,313,8.2,35,-801
Epla,121,420,313,8.1,34,-1375
Epla,122,420,300,9.0,34,-1145
Epla,123,428,303,9.0,34,-12
Epla,124,428,301,8.1,34,1192
Epla,125,422,300,8.8,30,-779
Eplaa,126,404,298,6.9,30,-1328
Eplaa,127,396,292,6.1,30,-2401
Eplaa,128,396,292,6.1,30,-2090
Eplaa,129,396,285,6.1,34,-1230
Eplaa,130,395,280,6.0,34,-927
Eplaa,131,392,277,5.2,34,-1104
Eplaa,132,388,278,5.2,34,-1057
Eplaa,133,394,276,6.0,34,-795
Eplaa,134,382,276,6.1,34,-157
Eplaa,135,390,279,6.1,34,212
Eplaa,136,390,280,6.1,34,-505
Eplaa,137,394,282,7.1,34,982
Eplaa,138,393,283,7.1,34,209
Eplaa,139,398,278,7.1,34,822
Eplaa,140,404,281,7.0,34,548
Eplaa,141,400,284,7.1,34,507
Eplaa,142,402,286,7.1,34,1788
Eplaa,143,406,278,7.2,34,2078
Eplaa,144,400,281,7.2,34,334
Eplaa,145,403,279,8.0,34,739
Eplaa,146,405,284,8.1,34,1161
Eplaa,147,404,282,8.0,34,854
Eplaa,148,403,286,8.0,34,871
Eplaa,149,409,285,8.0,34,967
Eplaa,150,408,278,8.0,34,1711
Eplaa,151,411,284,8.0,34,1674
Eplaa,152,411,284,8.0,34,3131
Eplaa,153,415,286,8.1,31,3031
Eplaa,154,421,285,8.0,34,2507
Eplaa,155,422,286,8.0,31,2193
Eplaa,156,421,288,8.0,34,2462
Eplaa,157,415,293,9.0,31,122
Eplaa,158,421,292,8.2,34,2327
Eplaa,159,421,292,8.2,34,3091
Eplaa,160,422,292,8.1,34,1632
Eplap,126,448,302,9.8,30,-2170
Eplap,127,457,301,10.1,30,-718
Eplap,128,466,301,10.1,34,-141
Eplap,129,467,301,10.0,34,-1120
Eplap,130,457,312,8.2,34,225
Eplap,131,457,315,9.2,34,-678
Eplap,132,455,314,9.0,34,-774
Eplap,133,450,312,8.1,34,156
Eplap,134,450,317,8.1,34,-729
Eplap,135,453,313,8.1,34,511
Eplap,136,451,312,7.3,34,1002
Eplap,137,456,318,7.1,34,-675
Eplap,138,453,310,7.1,34,21
Eplap,139,461,309,7.2,32,202
Eplap,140,462,305,8.1,34,179
Eplap,141,460,304,7.2,32,107
Eplap,142,464,299,7.3,34,362
Eplap,143,461,296,7.2,34,184
Eplap,144,461,296,7.3,34,1031
Eplap,145,460,293,8.0,34,-93
Eplap,146,460,294,8.1,34,1560
Eplap,147,455,292,9.0,34,1205
Eplap,148,459,296,8.3,34,970
Eplap,149,459,298,9.1,34,1754
Eplap,150,456,297,9.1,34,731
Eplap,151,457,296,9.2,34,236
Eplap,152,459,297,10.0,34,2072
Eplap,153,459,297,9.2,31,952
Eplap,154,461,297,9.3,34,1166
Eplap,155,454,293,11.0,31,2276
Eplap,156,455,294,10.1,34,1411
Eplap,157,459,296,10.2,31,839
Eplap,158,456,288,11.1,34,1126
Eplap,159,460,288,12.0,31,2314
Eplap,160,460,288,12.0,34,1826
Eplp,79,496,352,10.1,32,-1028
Eplp,80,503,357,9.2,42,-1107
Eplp,81,508,365,10.9,44,-655
Eplp,82,518,369,11.1,44,-1484
Eplp,83,512,366,11.2,46,-1604
Eplp,84,518,363,12.0,44,-1250
Eplp,85,520,358,11.1,47,-603
Eplp,86,522,351,11.2,46,-1025
Eplp,87,524,344,11.3,44,-570
Eplp,88,523,337,11.2,41,-1455
Eplp,89,512,335,12.2,41,-605
Eplp,90,511,322,13.0,40,-1083
Eplp,91,516,312,13.1,39,-1282
Eplp,92,513,310,12.1,39,-1367
Eplp,93,509,311,12.1,39,-1176
Eplp,94,502,316,12.1,39,-1447
Eplp,95,499,316,12.0,39,-1694
Eplp,96,496,315,11.1,40,-1439
Eplp,97,497,316,11.1,40,-1931
Eplp,98,504,309,11.0,40,-2555
Eplp,99,502,310,11.1,40,-967
Eplp,100,498,317,11.0,40,-1224
Eplp,101,488,314,10.2,40,-434
Eplp,102,481,311,10.1,40,-2051
Eplp,103,484,305,10.0,40,-2484
Eplp,104,488,298,9.1,40,-2039
Eplp,105,498,298,9.1,40,-1024
Eplp,106,505,306,9.1,40,-1991
Eplp,107,504,305,9.1,40,-1482
Eplp,108,509,302,9.0,40,-1277
Eplp,109,505,306,9.1,40,-1615
Eplp,110,497,304,8.1,40,-1308
Eplp,111,503,304,8.2,40,-1776
Eplp,112,508,299,8.1,40,-2047
Eplp,113,507,297,8.2,40,-1327
Eplp,114,502,294,9.0,40,-1463
Eplp,115,513,290,10.1,26,-598
Eplp,116,512,291,9.1,39,-1334
Eplp,117,517,287,10.0,38,-812
Eplp,118,519,290,10.0,37,-1981
Eplp,119,527,278,10.0,36,-582
Eplp,120,526,283,10.1,35,-460
Eplp,121,524,291,9.0,34,-1347
Eplp,122,516,294,9.1,34,-1581
Eplp,123,509,296,9.0,34,-1430
Eplp,124,501,304,9.1,34,-1187
Eplp,125,504,297,9.0,34,-1252
Eplp,126,507,300,9.1,34,-1639
Eplp,127,516,292,10.0,34,-1218
Eplp,128,517,297,9.1,34,-1917
Eplp,129,521,290,9.3,34,-1703
Eplpa,130,512,307,8.9,30,-544
Eplpa,131,505,307,7.4,34,-1756
Eplpa,132,504,308,7.3,34,-2197
Eplpa,133,495,311,7.0,34,-1408
Eplpa,134,490,312,7.1,34,-1985
Eplpa,135,497,307,7.2,34,-1309
Eplpa,136,492,304,8.1,34,-632
Eplpa,137,497,309,7.2,34,-1256
Eplpa,138,493,303,8.1,34,-1304
Eplpa,139,496,297,8.2,34,-1857
Eplpa,140,495,298,8.3,34,-2441
Eplpa,141,492,298,9.1,34,-77
Eplpa,142,497,297,9.1,34,-1660
Eplpa,143,497,293,9.1,34,-1423
Eplpa,144,499,289,9.0,34,-2110
Eplpa,145,502,292,9.1,34,-1164
Eplpa,146,498,290,9.0,34,-1252
Eplpa,147,492,290,9.2,34,-1140
Eplpa,148,497,300,9.2,34,-1680
Eplpa,149,497,298,9.2,34,-2436
Eplpa,150,497,298,9.5,34,-1091
Eplpa,151,497,299,9.9,34,-874
Eplpa,152,497,300,10.2,34,-366
Eplpa,153,496,298,11.1,31,-1070
Eplpa,154,499,298,10.3,34,116
Eplpa,155,496,297,11.2,31,-913
Eplpa,156,498,302,11.0,34,-1609
Eplpa,157,497,297,11.0,31,-1108
Eplpa,158,496,296,11.1,34,-1101
Eplpa,159,497,297,11.9,26,-669
Eplpa,160,496,294,12.1,34,-569
Eplpp,130,531,294,12.9,30,-1601
Eplpp,131,538,290,13.4,34,-1090
Eplpp,132,541,292,14.2,34,-201
Eplpp,133,547,298,14.0,34,330
Eplpp,134,545,310,12.2,34,623
Eplpp,135,542,305,13.1,34,-673
Eplpp,136,542,301,13.0,34,117
Eplpp,137,539,297,14.1,34,-817
Eplpp,138,541,296,14.0,34,-121
Eplpp,139,538,288,14.0,34,-1231
Eplpp,140,537,291,13.2,34,-855
Eplpp,141,533,294,14.1,34,-832
Eplpp,142,529,294,13.1,34,-732
Eplpp,143,523,290,13.0,34,-1607
Eplpp,144,524,289,13.1,34,-2030
Eplpp,145,520,288,12.3,34,-682
Eplpp,146,522,289,13.0,34,-1631
Eplpp,147,513,286,13.1,34,-823
Eplpp,148,516,286,13.2,34,21
Eplpp,149,505,287,13.1,34,-565
Eplpp,150,506,287,14.1,34,-574
Eplpp,151,505,288,14.1,34,-1180
Eplpp,152,510,280,14.2,34,-931
Eplpp,153,505,278,14.0,31,-861
Eplpp,154,511,280,14.1,34,-468
Eplpp,155,505,281,14.2,31,218
Eplpp,156,502,287,14.1,34,-1389
Eplpp,157,502,288,15.0,31,343
Eplpp,158,501,286,15.0,34,-416
Eplpp,159,505,279,14.2,31,-801
Eplpp,160,509,273,15.2,34,-592
Epr,51,484,270,13.4,51,20
Epr,52,493,252,15.3,55,-745
Epr,53,492,232,17.1,53,-678
Epr,54,489,224,17.0,57,-1142
Epr,55,495,226,16.2,53,-1271
Epr,56,497,238,15.1,54,-1011
Epr,57,492,244,15.2,53,-1499
Epr,58,493,248,15.0,56,-1151
Epr,59,492,261,16.0,57,-1209
Epr,60,490,263,15.0,56,-627
Epr,61,494,268,13.2,57,-1033
Epr,62,497,274,12.3,57,-396
Epr,63,497,272,13.1,56,-1152
Epr,64,497,264,12.1,51,-1739
Epr,65,495,254,12.0,47,-1686
Epr,66,491,245,13.0,44,-1912
Epr,67,487,259,12.0,43,-1594
Epr,68,494,264,10.2,45,-1205
Epr,69,495,263,11.0,47,-2052
Epr,70,499,262,10.2,48,-1504
Epr,71,505,270,11.0,48,-1848
Epr,72,506,264,10.1,48,-1544
Epr,73,496,267,10.1,48,-1930
Epr,74,495,275,10.2,48,-2095
Epr,75,500,271,10.2,48,-1610
Epr,76,503,268,10.1,48,-1500
Epr,77,500,268,11.0,44,-1397
Epra,78,489,242,11.1,34,-1367
Epra,79,482,237,12.1,36,-488
Epra,80,476,224,13.0,44,-444
Epra,81,471,220,13.0,46,-1154
Epra,82,468,217,13.0,48,-973
Epra,83,475,214,12.2,46,-1031
Epra,84,477,218,13.0,46,-1240
Epra,85,473,227,12.2,47,-936
Epra,86,469,233,12.2,46,-1081
Epra,87,463,227,13.1,44,-1360
Epra,88,460,223,12.1,41,-1334
Epra,89,458,218,12.1,41,-955
Epra,90,453,221,12.1,40,-1764
Epra,91,452,214,12.0,39,-410
Epra,92,445,210,11.1,39,-1912
Epra,93,437,210,10.1,39,-603
Epra,94,437,212,10.1,39,-1503
Epra,95,431,208,11.0,39,-1637
Epra,96,432,205,11.0,40,-1756
Epra,97,437,207,11.0,40,-1480
Epra,98,433,208,10.1,40,-1449
Epra,99,433,214,11.0,40,-866
Epra,100,434,210,12.0,40,-1812
Epra,101,432,215,10.2,40,-1441
Epra,102,431,220,10.1,40,-1980
Epra,103,432,211,10.1,40,-875
Epra,104,431,208,9.1,40,-1172
Epra,105,430,216,9.1,40,-1555
Epra,106,425,211,9.0,40,-1662
Epra,107,424,211,9.0,40,-2352
Epra,108,431,207,8.0,40,-1879
Epra,109,424,210,8.0,40,-2314
Epra,110,424,212,8.1,40,-1478
Epra,111,430,207,9.1,40,-2517
Epra,112,424,207,9.0,40,-2269
Epra,113,421,208,8.1,40,-1200
Epra,114,420,204,9.1,40,-1672
Epra,115,422,205,9.1,39,-1866
Epra,116,416,209,9.1,39,-1356
Epra,117,423,212,9.1,38,-1427
Epra,118,421,211,10.1,37,-1621
Epra,119,415,210,11.0,36,-975
Epra,120,421,201,10.0,35,113
Epra,121,414,214,11.0,34,-1270
Epra,122,416,217,9.1,34,-1401
Epra,123,418,211,9.1,34,-726
Epra,124,425,209,9.0,34,-1484
Epra,125,423,208,8.1,34,-1303
Epra,126,437,216,8.2,34,-1345
Epra,127,434,221,8.0,34,-1232
Epraa,128,405,213,8.1,30,-1664
Epraa,129,392,201,7.1,30,-942
Epraa,130,394,202,7.2,34,-342
Epraa,131,394,196,7.1,34,-990
Epraa,132,397,200,7.1,34,-345
Epraa,133,396,197,7.2,34,-1259
Epraa,134,391,196,7.0,34,-739
Epraa,135,388,196,7.1,34,-1367
Epraa,136,390,192,7.1,34,-541
Epraa,137,393,201,7.1,34,-795
Epraa,138,391,200,7.1,34,-1489
Epraa,139,391,199,7.1,34,-952
Epraa,140,390,202,7.0,34,-589
Epraa,141,397,211,7.1,34,-520
Epraa,142,396,217,7.0,34,-942
Epraa,143,401,223,7.1,34,-146
Epraa,144,400,220,7.1,34,-480
Epraa,145,397,221,8.0,34,-254
Epraa,146,399,232,8.0,34,-1009
Epraa,147,400,230,7.2,34,-66
Epraa,148,404,238,8.1,34,-670
Epraa,149,402,240,9.0,34,155
Epraa,150,402,235,8.0,34,-753
Epraa,151,409,234,7.2,34,124
Epraa,152,410,239,7.3,34,108
Epraa,153,408,232,7.1,31,966
Epraa,154,407,243,8.0,34,-1354
Epraa,155,414,239,7.0,31,1516
Epraa,156,407,245,7.1,34,-652
Epraa,157,410,246,7.1,31,-912
Epraa,158,410,251,8.0,34,83
Epraa,159,414,250,7.0,31,-426
Epraa,160,414,253,7.1,34,291
Eprap,128,435,230,9.0,30,-926
Eprap,129,451,235,9.1,30,-454
Eprap,130,458,232,9.1,34,-595
Eprap,131,457,232,9.0,34,-1249
Eprap,132,453,235,9.1,34,-406
Eprap,133,449,230,9.0,34,-2025
Eprap,134,440,236,9.1,34,-487
Eprap,135,442,236,9.1,34,-1306
Eprap,136,443,233,9.1,34,-1270
Eprap,137,441,233,9.0,34,107
Eprap,138,441,231,8.2,34,-226
Eprap,139,442,231,8.1,34,-991
Eprap,140,449,236,9.1,34,-148
Eprap,141,446,237,8.1,34,-810
Eprap,142,447,242,8.1,34,-59
Eprap,143,443,238,8.2,34,33
Eprap,144,447,243,9.1,34,-651
Eprap,145,440,245,8.1,34,-510
Eprap,146,444,248,7.2,34,260
Eprap,147,450,246,8.1,34,-849
Eprap,148,449,251,8.0,34,-17
Eprap,149,449,253,8.2,34,-23
Eprap,150,446,252,8.1,34,-236
Eprap,151,446,246,8.0,34,63
Eprap,152,443,249,8.2,34,89
Eprap,153,446,251,8.2,31,1855
Eprap,154,444,250,9.0,34,726
Eprap,155,451,253,9.0,31,-61
Eprap,156,447,250,9.0,34,307
Eprap,157,443,251,8.1,31,-902
Eprap,158,452,254,8.1,34,807
Eprap,159,455,249,8.2,31,1220
Eprap,160,453,255,8.1,34,-246
Eprp,78,525,280,11.1,40,-704
Eprp,79,542,281,10.3,40,-816
Eprp,80,540,282,11.0,44,-1073
Eprp,81,541,287,11.2,46,-393
Eprp,82,541,297,12.2,46,-1368
Eprp,83,539,297,12.1,48,-1168
Eprp,84,541,298,11.1,46,-803
Eprp,85,544,295,11.1,47,-226
Eprp,86,541,286,11.2,46,-618
Eprp,87,536,277,11.0,44,-1297
Eprp,88,536,272,11.1,41,-1266
Eprp,89,527,265,11.0,41,-792
Eprp,90,531,261,10.1,40,-1865
Eprp,91,536,260,10.1,39,-693
Eprp,92,528,260,10.0,39,-1696
Eprp,93,527,262,9.2,39,-1898
Eprp,94,529,266,10.1,39,-1264
Eprp,95,526,260,9.4,39,-1268
Eprp,96,521,250,10.1,40,-1344
Eprp,97,523,245,10.1,40,-1146
Eprp,98,519,239,10.1,40,-1931
Eprp,99,510,237,10.1,40,-1668
Eprp,100,511,243,10.1,40,-1904
Eprp,101,506,242,10.0,40,-1429
Eprp,102,508,247,10.0,40,-1435
Eprp,103,514,249,10.0,40,-947
Eprp,104,523,250,10.1,40,-1542
Eprp,105,513,243,9.2,40,169
Eprp,106,516,253,8.3,40,-867
Eprp,107,517,256,9.0,40,-1499
Eprp,108,519,256,9.1,40,-2350
Eprp,109,514,259,9.0,40,-2294
Eprp,110,509,258,7.2,40,-1097
Eprp,111,511,249,8.1,40,-1234
Eprp,112,503,247,8.1,40,-1288
Eprp,113,498,235,8.1,40,-987
Eprp,114,486,237,9.0,40,-1666
Eprp,115,490,243,9.1,39,-1424
Eprp,116,489,242,9.1,39,-1321
Eprp,117,493,239,8.1,38,-982
Eprp,118,495,243,9.1,37,-1200
Eprp,119,488,241,8.1,36,-1467
Eprp,120,498,246,9.0,35,-1779
Eprp,121,497,242,9.0,34,-1357
Eprp,122,490,246,9.0,34,-1522
Eprp,123,485,250,9.1,34,-2183
Eprp,124,490,255,9.0,34,-331
Eprp,125,488,247,9.0,34,-1629
Eprp,126,488,242,8.2,34,-79
Eprp,127,496,233,9.0,34,-1563
Eprp,128,491,237,9.2,34,-1288
Eprp,129,502,234,9.0,34,-911
Eprp,130,504,235,8.1,34,-1105
Eprp,131,506,242,8.2,34,-1236
Eprp,132,505,247,10.0,34,-1903
Eprp,133,513,241,8.9,30,-1405
Eprpa,134,481,240,6.9,30,-1361
Eprpa,135,483,233,7.0,30,-1814
Eprpa,136,481,231,7.2,34,-2512
Eprpa,137,478,229,7.3,34,-1282
Eprpa,138,479,236,8.2,34,-664
Eprpa,139,476,243,9.0,34,-812
Eprpa,140,481,245,8.1,34,-1865
Eprpa,141,482,245,8.2,34,-1343
Eprpa,142,482,247,8.1,34,-1821
Eprpa,143,481,245,8.3,34,-1807
Eprpa,144,482,241,9.1,34,-708
Eprpa,145,482,244,9.2,34,-726
Eprpa,146,478,244,9.2,34,-1754
Eprpa,147,477,246,10.0,34,-1385
Eprpa,148,483,251,9.2,34,-1643
Eprpa,149,479,254,9.1,34,-1166
Eprpa,150,481,256,10.0,34,-900
Eprpa,151,483,252,9.1,34,-1306
Eprpa,152,486,254,9.2,34,-1717
Eprpa,153,487,251,9.1,31,-257
Eprpa,154,485,252,9.0,34,-1080
Eprpa,155,488,255,10.0,31,-884
Eprpa,156,486,257,9.1,34,-1506
Eprpa,157,493,258,9.2,31,-1669
Eprpa,158,486,254,9.1,34,-1980
Eprpa,159,488,254,9.2,31,-360
Eprpa,160,489,252,9.2,34,-1747
Eprpp,134,529,251,12.1,34,-803
Eprpp,135,536,241,12.1,34,-1208
Eprpp,136,535,246,12.2,34,-1335
Eprpp,137,537,252,12.2,34,-1216
Eprpp,138,535,254,12.1,34,-712
Eprpp,139,531,247,13.2,34,-738
Eprpp,140,532,247,13.0,34,-697
Eprpp,141,528,253,12.2,34,-150
Eprpp,142,521,255,12.0,34,-1227
Eprpp,143,519,250,13.0,34,-1509
Eprpp,144,525,253,12.0,34,-1857
Eprpp,145,522,251,12.0,34,-699
Eprpp,146,519,251,12.0,34,-1361
Eprpp,147,518,254,12.0,34,-1442
Eprpp,148,518,258,12.0,34,-1110
Eprpp,149,517,262,11.1,34,-1306
Eprpp,150,513,259,12.1,34,-1136
Eprpp,151,512,253,11.2,34,-1243
Eprpp,152,513,256,12.1,34,-1108
Eprpp,153,511,256,12.1,31,-1524
Eprpp,154,512,255,12.1,34,-854
Eprpp,155,517,254,13.0,31,-904
Eprpp,156,513,258,12.0,34,-941
Eprpp,157,516,260,12.0,31,-1046
Eprpp,158,511,254,12.1,34,-1568
Eprpp,159,516,247,13.0,31,-175
Eprpp,160,511,250,12.1,34,-1294
P2,3,512,347,13.0,38,-385
P2,4,539,301,12.2,50,-956
P2,5,555,298,13.0,72,-858
P2,6,588,289,13.8,64,-1466
P2,7,600,304,13.1,73,-1465
P2,8,597,307,12.2,79,-1386
P2,9,592,275,12.6,74,-1402
P2,10,585,244,12.9,71,-1540
P2,11,551,257,11.3,71,-1671
P2,12,549,314,11.3,64,-1349
P2,13,556,325,10.4,61,-1369
P2,14,551,309,11.1,56,-660
C,15,548,271,11.0,52,-991
C,16,544,255,11.0,54,-433
C,17,541,241,9.5,61,-1454
C,18,535,248,7.2,62,-2770
C,19,532,276,6.3,64,-3181
C,20,530,277,6.6,65,-3289
C,21,532,234,7.0,63,-3707
C,22,546,234,7.2,62,-3070
C,23,532,229,8.4,63,-2101
C,24,508,226,8.4,64,-1752
C,25,484,222,8.8,59,-1783
Ca,26,453,217,8.3,51,-1511
Ca,27,442,221,8.4,59,-1176
Ca,28,435,235,6.6,61,-2649
Ca,29,428,240,6.4,63,-3465
Ca,30,421,253,5.9,64,-3268
Ca,31,425,258,6.2,62,-3578
Ca,32,444,273,6.2,62,-3315
Ca,33,437,268,7.2,62,-2763
Ca,34,431,264,7.3,62,-3603
Ca,35,432,265,7.1,62,-3332
Ca,36,430,266,7.2,64,-3385
Ca,37,431,258,8.7,58,-2470
Ca,38,425,260,8.2,65,-2518
Ca,39,429,261,8.1,65,-2683
Ca,40,421,262,8.7,59,-1622
Caa,41,402,240,7.0,39,-2349
Caa,42,391,230,6.3,50,-2580
Caa,43,391,234,6.9,60,-2652
Caa,44,385,244,6.8,61,-2719
Caa,45,397,261,6.8,62,-2784
Caa,46,404,270,5.8,61,-3424
Caa,47,408,259,5.6,60,-3384
Caa,48,390,245,5.9,55,-2939
Caa,49,381,240,6.0,57,-3829
Caa,50,386,232,5.3,55,-3203
Caa,51,401,223,5.2,55,-3213
Caa,52,399,223,5.1,55,-2255
Caa,53,404,224,5.2,59,-2186
Caa,54,401,223,5.4,57,-3202
Caa,55,404,238,6.1,55,-4045
Caa,56,401,236,5.5,54,-4043
Caa,57,409,238,5.3,55,-2048
Caa,58,400,239,5.3,56,-2669
Caa,59,401,239,6.1,53,-4507
Caa,60,394,240,6.2,54,-3227
Caa,61,399,243,6.0,49,-4111
Caaa,62,377,224,5.2,33,-3228
Caaa,63,377,221,5.0,36,-4899
Caaa,64,379,233,5.0,47,-2913
Caaa,65,384,230,4.9,43,-3961
Caaa,66,383,238,5.0,40,-4588
Caaa,67,386,240,4.1,43,-566
Caaa,68,390,238,4.1,45,-1782
Caaa,69,391,238,4.2,47,-1404
Caaa,70,389,239,4.2,48,-699
Caaa,71,395,246,4.2,46,-758
Caaa,72,399,252,4.3,48,-2351
Caaa,73,401,255,4.2,48,-1632
Caaa,74,402,268,4.2,48,-507
Caaa,75,407,267,4.2,48,-763
Caaa,76,406,275,4.2,48,-2454
Caaa,77,408,273,4.3,48,-1947
Caaa,78,411,266,5.0,48,-3812
Caaa,79,416,267,5.1,48,-3602
Caaa,80,426,271,4.4,48,-1377
Caaa,81,431,286,4.4,48,-1771
Caaa,82,433,300,5.0,44,-4321
Caaa,83,439,307,5.1,44,-2783
Caaaa,84,428,297,5.3,34,-3224
Caaaa,85,418,297,4.4,35,-1666
Caaaa,86,422,299,4.3,38,-1023
Caaaa,87,417,296,4.1,40,-824
Caaaa,88,425,297,4.0,39,-1018
Caaaa,89,436,291,4.1,37,-1105
Caaaa,90,444,281,4.1,40,-1081
Caaaa,91,446,287,4.0,39,-168
Caaaa,92,444,284,4.0,39,-65
Caaaa,93,442,287,4.1,39,-949
Caaaa,94,439,294,4.2,39,223
Caaaa,95,439,296,4.1,39,366
Caaaa,96,434,295,4.2,40,-760
Caaaa,97,428,294,4.3,40,-1208
Caaaa,98,432,294,4.3,40,-823
Caaaa,99,438,299,4.2,40,-1031
Caaaa,100,436,302,4.2,40,-663
Caaaa,101,437,305,4.2,40,-1352
Caaaa,102,447,311,4.2,40,-736
Caaaa,103,454,308,4.2,40,624
Caaaa,104,455,316,4.1,40,-558
Caaaa,105,466,311,4.1,40,-1213
Caaaa,106,462,315,4.1,40,-575
Caaaa,107,461,319,4.1,40,-764
Caaaa,108,462,317,4.0,40,-415
Caaaa,109,470,320,4.1,40,-1184
Caaaa,110,467,317,4.0,40,-845
Caaaa,111,472,318,3.3,40,272
Caaaa,112,485,321,3.4,40,972
Caaaa,113,486,316,4.0,40,-896
Caaaa,114,485,313,4.0,40,-956
Caaaa,115,483,304,4.0,39,-516
Caaaa,116,483,305,4.2,39,-649
Caaaa,117,482,305,4.3,38,-612
Caaaa,118,481,308,4.1,29,-822
Caaaaa,119,446,301,4.4,30,-3791
Caaaaa,120,446,306,4.2,31,-1842
Caaaaa,121,449,313,4.2,34,-1655
Caaaaa,122,449,309,3.5,34,2718
Caaaaa,123,447,311,3.4,34,2766
Caaaaa,124,443,303,4.0,32,-595
Caaaaa,125,445,300,4.0,34,-1191
Caaaaa,126,458,304,3.3,34,1322
Caaaaa,127,456,301,4.1,34,-1560
Caaaaa,128,455,309,3.5,32,2507
Caaaaa,129,459,308,3.3,34,2385
Caaaaa,130,459,317,3.3,34,450
Caaaaa,131,456,320,3.3,34,-381
Caaaaa,132,456,318,3.3,34,844
Caaaaa,133,459,324,3.4,34,1859
Caaaaa,134,454,325,3.3,34,1218
Caaaaa,135,458,321,3.5,34,1039
Caaaaa,136,454,317,3.4,34,784
Caaaaa,137,454,317,3.3,34,456
Caaaaa,138,453,311,3.3,34,252
Caaaaa,139,460,318,3.3,34,2938
Caaaaa,140,459,322,3.3,34,738
Caaaaa,141,464,316,3.2,34,59
Caaaaa,142,466,320,3.3,34,447
Caaaaa,143,470,318,3.2,34,1389
Caaaaa,144,466,316,3.3,34,1060
Caaaaa,145,461,320,3.2,34,1298
Caaaaa,146,463,320,3.2,34,1714
Caaaaa,147,458,321,3.2,34,1738
Caaaaa,148,463,324,3.2,34,2931
Caaaaa,149,461,324,3.2,34,1536
Caaaaa,150,459,325,3.3,34,2441
Caaaaa,151,458,324,3.2,34,2406
Caaaaa,152,453,324,3.2,34,2012
Caaaaa,153,453,324,3.3,31,352
Caaaaa,154,445,327,3.2,34,980
Caaaaa,155,443,326,3.2,31,1390
Caaaaa,156,447,333,3.3,34,1899
Caaaaa,157,443,340,3.2,31,-1265
Caaaaa,158,443,329,3.2,34,3225
Caaaaa,159,441,330,3.2,31,2054
Caaaaa,160,434,322,3.2,34,1697
Caaaap,119,507,311,5.1,28,-2506
Caaaap,120,521,312,5.0,31,-3174
Caaaap,121,526,321,4.5,32,-3065
Caaaap,122,522,324,4.4,34,-995
Caaaap,123,524,332,4.3,34,-570
Caaaap,124,520,332,4.3,34,-2494
Caaaap,125,527,331,4.1,34,-663
Caaaap,126,530,329,4.3,34,24
Caaaap,127,529,327,4.2,34,180
Caaaap,128,534,330,4.1,34,4
Caaaap,129,538,330,4.2,34,-1449
Caaaap,130,530,334,4.1,34,-2089
Caaaap,131,535,340,4.1,34,-576
Caaaap,132,537,340,4.1,34,-1566
Caaaap,133,535,342,3.4,34,1506
Caaaap,134,519,348,3.5,32,2349
Caaaap,135,521,346,4.1,34,-799
Caaaap,136,514,342,4.0,34,549
Caaaap,137,517,342,3.3,34,1998
Caaaap,138,515,332,3.3,34,721
Caaaap,139,519,333,3.5,32,1647
Caaaap,140,520,331,3.4,34,1406
Caaaap,141,521,325,3.3,34,2313
Caaaap,142,519,334,3.3,34,1258
Caaaap,143,521,335,3.3,32,967
Caaaap,144,521,330,3.3,34,1296
Caaaap,145,520,326,3.3,34,1453
Caaaap,146,524,324,3.4,32,1509
Caaaap,147,519,324,3.3,34,853
Caaaap,148,521,330,3.4,34,1629
Caaaap,149,517,335,3.3,34,1117
Caaaap,150,517,332,3.3,34,1522
Caaaap,151,517,334,4.0,34,8
Caaaap,152,514,334,3.4,34,1395
Caaaap,153,512,322,3.4,31,995
Caaaap,154,515,317,3.3,34,2012
Caaaap,155,514,323,3.3,31,827
Caaaap,156,512,325,3.4,32,1583
Caaaap,157,509,324,4.1,31,-657
Caaaap,158,513,322,4.1,32,-1285
Caaaap,159,512,324,4.1,31,-506
Caaaap,160,504,330,3.4,34,1474
Caaap,84,464,319,6.2,30,-2826
Caaap,85,478,347,6.0,35,-1826
Caaap,86,483,361,6.1,40,-2474
Caaap,87,485,366,6.1,42,-3158
Caaap,88,493,375,6.0,41,-2932
Caaap,89,489,376,6.0,41,-3395
Caaap,90,495,376,6.1,40,-2788
Caaap,91,508,364,5.2,37,-2383
Caaap,92,518,357,5.2,39,-3349
Caaap,93,522,348,5.1,39,-3258
Caaap,94,525,338,5.1,39,-3171
Caaap,95,531,340,5.0,39,-3933
Caaap,96,533,336,4.4,40,358
Caaap,97,540,335,5.1,40,-3136
Caaap,98,541,330,5.2,40,-3376
Caaap,99,543,337,5.2,40,-2486
Caaap,100,553,334,5.2,40,-2783
Caaap,101,553,332,5.3,40,-2474
Caaap,102,553,335,5.3,40,-2706
Caaap,103,553,339,6.1,40,-2829
Caaap,104,555,336,6.2,40,-1505
Caaap,105,562,334,7.0,40,-1984
Caaap,106,562,344,6.3,40,-1518
Caaap,107,567,339,7.1,40,-1568
Caaap,108,572,334,7.1,40,-1900
Caaap,109,574,335,7.2,40,-1257
Caaap,110,576,336,7.1,40,-2049
Caaap,111,581,328,7.1,40,-1535
Caaap,112,581,320,8.1,40,-1762
Caaap,113,579,311,8.0,38,-2148
Caaap,114,574,314,8.2,38,-2299
Caaapa,115,567,309,6.0,35,-2250
Caaapa,116,564,314,4.8,35,-1826
Caaapa,117,568,317,4.2,34,-3167
Caaapa,118,561,318,4.3,35,-2633
Caaapa,119,563,318,4.3,34,-2394
Caaapa,120,573,329,4.3,35,-2716
Caaapa,121,574,329,4.3,34,-1640
Caaapa,122,572,330,4.3,34,-1046
Caaapa,123,568,340,4.2,34,-395
Caaapa,124,566,341,4.4,34,-2664
Caaapa,125,567,334,5.4,34,-2488
Caaapa,126,568,332,6.0,34,-1854
Caaapa,127,569,327,6.0,34,-1550
Caaapa,128,575,328,5.3,34,-1703
Caaapa,129,577,330,5.2,34,-2442
Caaapa,130,568,334,5.2,34,-1599
Caaapa,131,567,326,6.1,34,-1070
Caaapa,132,567,329,6.2,34,-692
Caaapa,133,569,336,6.0,34,-2448
Caaapa,134,557,333,5.1,34,-2000
Caaapa,135,556,333,5.3,34,-2932
Caaapa,136,554,331,5.2,34,-1273
Caaapa,137,553,337,5.1,34,-1900
Caaapa,138,557,332,4.3,34,-2121
Caaapa,139,559,331,5.0,34,-1557
Caaapa,140,558,334,5.3,34,-2787
Caaapa,141,558,334,5.0,34,-2225
Caaapa,142,559,337,5.1,34,-3142
Caaapa,143,552,334,5.2,34,-2491
Caaapa,144,556,335,5.0,34,-1611
Caaapa,145,555,328,5.2,34,-1983
Caaapa,146,561,329,5.1,34,-2965
Caaapa,147,556,331,4.2,34,-1028
Caaapa,148,559,337,4.3,34,-1287
Caaapa,149,556,326,4.3,34,-661
Caaapa,150,555,327,4.2,34,-1621
Caaapa,151,557,326,4.3,34,-2003
Caaapa,152,553,324,4.1,32,508
Caaapa,153,547,326,4.1,31,-835
Caaapa,154,551,327,4.2,34,410
Caaapa,155,550,325,4.2,31,461
Caaapa,156,547,319,4.2,34,89
Caaapa,157,544,326,4.9,31,-1326
Caaapa,158,549,323,4.1,34,-1447
Caaapa,159,548,327,3.5,31,2436
Caaapa,160,542,321,3.5,34,2156
Caaapp,115,582,325,11.1,35,-1007
Caaapp,116,582,328,12.1,35,-1080
Caaapp,117,581,323,12.9,34,-1488
Caaapp,118,589,325,12.3,37,-1058
Caaapp,119,592,328,13.0,36,-1913
Caaapp,120,598,320,12.4,35,-713
Caaapp,121,600,317,12.1,34,-538
Caaapp,122,592,324,12.1,34,-1135
Caaapp,123,587,325,11.2,34,-302
Caaapp,124,575,328,12.2,34,-191
Caaapp,125,566,317,13.1,34,-1716
Caaapp,126,570,320,13.2,34,-1434
Caaapp,127,569,318,14.0,34,-531
Caaapp,128,583,317,12.2,34,-1033
Caaapp,129,587,320,12.0,34,-371
Caaapp,130,586,327,11.2,34,-474
Caaapp,131,587,322,11.3,34,-611
Caaapp,132,590,327,11.1,34,-1427
Caaapp,133,593,332,10.3,34,-1280
Caaapp,134,587,331,10.2,34,-1292
Caaapp,135,584,330,10.1,34,-938
Caaapp,136,585,332,9.2,34,-957
Caaapp,137,585,332,9.2,34,-276
Caaapp,138,579,332,9.1,34,-2230
Caaapp,139,587,333,9.1,34,-1478
Caaapp,140,589,340,9.2,34,-1038
Caaapp,141,583,339,9.1,34,-1075
Caaapp,142,585,344,9.2,34,-1608
Caaapp,143,584,343,9.3,34,-1169
Caaapp,144,585,345,9.1,34,-821
Caaapp,145,585,340,9.2,34,-631
Caaapp,146,594,340,9.1,34,-88
Caaapp,147,595,340,8.1,32,170
Caaapp,148,594,343,8.1,34,-797
Caaapp,149,593,337,8.1,34,-1869
Caaapp,150,591,337,8.2,34,-835
Caaapp,151,590,332,8.2,34,-1076
Caaapp,152,589,334,7.2,34,-1155
Caaapp,153,588,330,7.2,31,-428
Caaapp,154,591,324,7.2,34,-1485
Caaapp,155,589,318,7.3,31,-1519
Caaapp,156,588,317,8.0,34,-1287
Caaapp,157,590,318,7.3,31,-1259
Caaapp,158,591,317,7.3,34,114
Caaapp,159,588,313,7.2,31,-1902
Caaapp,160,586,311,7.2,34,-1516
Caap,62,422,261,6.2,33,-2209
Caap,63,435,276,6.0,38,-2757
Caap,64,442,285,5.2,43,-2910
Caap,65,454,287,6.0,43,-2199
Caap,66,471,293,5.1,40,-3037
Caap,67,484,303,4.3,41,-234
Caap,68,485,310,4.1,43,252
Caap,69,486,312,4.1,43,1329
Caap,70,488,313,4.1,46,-533
Caap,71,496,316,4.0,44,-311
Caap,72,497,313,4.1,44,-901
Caap,73,490,315,3.4,46,920
Caap,74,502,330,4.0,44,-634
Caap,75,501,329,4.1,44,-135
Caap,76,505,340,4.1,44,-16
Caap,77,509,337,4.1,44,-355
Caap,78,504,342,4.1,44,-1004
Caap,79,503,337,4.1,44,-607
Caap,80,508,341,4.0,46,-56
Caap,81,512,347,4.1,44,-1091
Caap,82,517,350,4.9,44,-2727
Caap,83,534,360,5.9,44,-2313
Caap,84,540,362,5.9,44,-3319
Caap,85,542,363,5.2,45,-3497
Caap,86,544,367,6.0,42,-3158
Caap,87,540,358,5.2,42,-3437
Caap,88,548,357,6.2,41,-2314
Caap,89,544,357,6.5,41,-2220
Caap,90,551,357,7.0,36,-1886
Caapa,91,551,347,3.5,33,715
Caapa,92,567,328,3.7,35,-44
Caapa,93,573,325,3.8,35,2089
Caapa,94,578,323,3.9,35,-850
Caapa,95,585,320,4.1,35,110
Caapa,96,588,320,4.2,36,-1407
Caapa,97,589,319,4.8,36,-3102
Caapa,98,589,308,4.2,36,-2179
Caapa,99,591,319,4.8,36,-3474
Caapa,100,594,317,4.8,36,-4302
Caapa,101,600,317,5.8,36,-2479
Caapa,102,598,319,5.2,36,-2112
Caapa,103,599,325,6.0,36,-1993
Caapa,104,600,329,5.8,36,-2774
Caapa,105,604,321,6.1,36,-2195
Caapa,106,604,334,6.7,36,-931
Caapa,107,605,330,6.2,36,-1288
Caapa,108,613,330,7.9,36,-745
Caapa,109,618,325,8.1,36,-774
Caapa,110,616,323,8.1,36,-593
Caapa,111,623,320,9.2,36,1024
Caapa,112,628,307,10.1,36,-873
Caapa,113,627,295,10.0,36,-188
Caapa,114,627,302,9.9,36,-1263
Caapa,115,631,299,10.9,35,-320
Caapa,116,630,301,12.0,35,1046
Caapa,117,626,298,12.3,36,-276
Caapa,118,625,296,13.2,37,-285
Caapa,119,618,293,14.3,34,-152
Caapa,120,613,295,15.2,35,153
Caapa,121,615,289,15.2,34,-475
Caapa,122,611,290,15.3,34,-761
Caapa,123,604,284,16.3,34,-842
Caapa,124,602,285,17.2,34,-280
Caapa,125,590,272,17.1,34,156
Caapa,126,593,279,17.2,34,-147
Caapa,127,595,281,17.2,34,-881
Caapa,128,594,283,18.0,34,-1799
Caapa,129,585,295,18.2,34,-146
Caapa,130,580,301,18.3,34,-437
Caapa,131,583,300,19.1,34,-610
Caapa,132,579,306,19.2,34,-592
Caapa,133,581,308,19.2,34,-187
Caapa,134,587,308,19.0,34,-510
Caapa,135,594,306,18.3,34,-150
Caapa,136,588,304,19.1,34,-40
Caapa,137,587,300,19.0,34,-526
Caapa,138,582,306,19.0,34,-770
Caapa,139,583,297,19.1,34,-326
Caapa,140,580,298,20.0,34,-866
Caapa,141,577,302,19.1,34,-264
Caapa,142,577,305,19.2,34,-294
Caapa,143,571,303,19.2,34,-638
Caapa,144,576,303,19.3,34,-253
Caapa,145,572,294,19.2,34,-36
Caapa,146,571,296,19.3,34,-654
Caapa,147,573,297,19.1,34,52
Caapa,148,578,297,19.1,34,223
Caapa,149,577,292,19.0,34,107
Caapa,150,577,291,19.1,34,-497
Caapa,151,579,290,19.1,34,-69
Caapa,152,584,286,18.2,32,496
Caapa,153,584,287,18.1,31,-376
Caapa,154,577,279,18.0,34,103
Caapa,155,577,275,18.1,31,-317
Caapa,156,571,278,18.2,34,-241
Caapa,157,577,279,19.0,31,-529
Caapa,158,577,273,17.3,34,-913
Caapa,159,573,273,18.1,31,-655
Caapa,160,575,276,18.2,34,-35
Caapp,91,556,372,8.9,35,590
Caapp,92,561,380,8.3,37,-629
Caapp,93,558,383,9.1,39,-199
Caapp,94,559,390,9.1,39,-685
Caapp,95,566,388,10.0,39,-1041
Caapp,96,566,392,10.0,38,-993
Caapp,97,577,385,9.2,40,-1456
Caapp,98,586,373,8.2,40,-844
Caapp,99,590,372,9.3,40,-1243
Caapp,100,590,363,9.3,40,-786
Caapp,101,588,365,10.3,40,-1222
Caapp,102,593,365,10.1,40,-474
Caapp,103,593,363,11.0,38,-715
Caapp,104,591,365,11.0,40,-1476
Caapp,105,595,358,11.9,36,-1534
Caapp,106,600,354,11.3,40,-691
Caapp,107,600,357,12.1,38,-898
Caapp,108,605,354,14.0,36,-677
Caapp,109,606,352,14.1,40,-636
Caapp,110,611,343,14.1,40,-578
Caapp,111,611,341,15.1,40,-380
Caapp,112,611,333,15.2,40,-525
Caapp,113,615,324,15.1,40,-83
Caapp,114,614,330,15.2,38,40
Caapp,115,614,324,16.2,39,-724
Caapp,116,613,324,17.1,39,-528
Caapp,117,611,323,18.0,38,-168
Caapp,118,609,325,17.2,37,74
Caapp,119,604,322,18.1,36,-24
Caapp,120,596,318,19.2,35,673
Caapp,121,596,308,19.2,34,-684
Caapp,122,596,317,18.2,34,1053
Caapp,123,593,314,18.0,30,-141
Caappd,124,590,332,18.0,26,-1075
Caappd,125,605,331,17.1,30,346
Caappd,126,610,336,15.1,32,-1274
Caappd,127,608,336,15.2,34,-463
Caappd,128,602,328,16.1,34,-953
Caappd,129,606,328,16.0,34,-1065
Caappd,130,606,331,16.1,34,-16
Caappd,131,606,330,16.1,34,-1063
Caappd,132,606,332,15.2,34,-314
Caappd,133,606,335,16.0,34,-727
Caappd,134,607,328,16.1,34,-436
Caappd,135,607,324,15.2,34,-512
Caappd,136,607,331,15.2,34,-751
Caappd,137,608,325,16.0,34,-1225
Caappd,138,604,331,16.1,34,-786
Caappd,139,610,320,16.1,34,-709
Caappd,140,605,315,16.2,34,-443
Caappd,141,610,319,16.1,34,-626
Caappd,142,610,320,16.2,34,-1161
Caappd,143,606,319,17.0,34,-778
Caappd,144,612,314,17.0,34,-304
Caappd,145,613,313,15.1,34,-936
Caappd,146,616,314,16.1,34,-537
Caappd,147,616,313,15.1,34,-625
Caappd,148,622,314,16.0,34,790
Caappd,149,621,315,15.0,34,-641
Caappd,150,618,318,15.3,34,-687
Caappd,151,615,318,16.0,34,-236
Caappd,152,615,316,15.2,34,-1088
Caappd,153,617,316,15.1,31,-578
Caappd,154,619,310,14.2,34,1196
Caappd,155,612,314,16.0,31,-592
Caappd,156,610,306,15.0,34,-1347
Caappd,157,612,312,15.1,31,-81
Caappd,158,615,306,16.0,34,-204
Caappd,159,610,303,17.1,31,-453
Caappd,160,615,303,15.2,34,-831
Caappv,124,571,325,18.9,30,-336
Caappv,125,560,314,19.1,30,181
Caappv,126,569,316,20.1,30,-148
Caappv,127,573,308,20.2,32,-245
Caappv,128,569,307,21.1,32,-1098
Caappv,129,570,310,21.0,34,-385
Caappv,130,565,313,21.2,34,-734
Caappv,131,564,308,21.2,34,-523
Caappv,132,568,309,21.0,34,672
Caappv,133,567,309,22.1,34,-469
Caappv,134,570,310,22.1,34,590
Caappv,135,573,311,22.1,35,-928
Caappv,136,576,313,22.0,36,232
Caappv,137,579,314,22.0,37,-51
Caappv,138,583,316,22.0,38,-1029
Caappv,139,583,315,21.7,37,1164
Caappv,140,584,314,21.5,35,332
Caappv,141,585,313,21.2,33,-974
Caappv,142,584,314,21.5,32,-943
Caappv,143,587,314,21.2,30,-803
Caappv,144,587,311,21.5,28,941
Caappv,145,594,312,21.2,26,-739
Caappv,146,588,312,21.1,34,694
Caappv,147,599,314,20.2,34,535
Caappv,148,598,310,20.3,34,-66
Caappv,149,599,312,20.1,34,-219
Caappv,150,589,314,21.1,34,-473
Caappv,151,591,314,20.3,34,165
Caappv,152,598,312,20.1,34,874
Caappv,153,599,307,19.2,31,826
Caappv,154,592,304,20.0,30,-615
Caappv,155,591,305,19.3,31,181
Caappv,156,592,308,20.1,32,76
Caappv,157,590,310,20.0,31,-579
Caappv,158,592,296,20.0,30,216
Caappv,159,595,300,20.0,31,-821
Caappv,160,596,302,19.2,34,-685
Cap,41,433,274,7.5,49,-1291
Cap,42,453,281,8.0,40,-549
Cap,43,465,278,7.9,60,-1980
Cap,44,479,292,7.7,61,-2642
Cap,45,487,309,5.8,62,-3602
Cap,46,488,333,4.9,61,-1092
Cap,47,483,329,4.7,60,-947
Cap,48,473,335,4.1,59,-403
Cap,49,458,349,4.1,57,-240
Cap,50,456,351,4.3,57,-1019
Cap,51,472,342,4.3,59,-744
Cap,52,468,325,5.2,57,-2541
Cap,53,479,315,6.2,57,-2822
Cap,54,488,324,6.2,55,-3012
Cap,55,484,322,6.2,57,-3595
Cap,56,487,327,5.9,52,-3450
Cap,57,490,330,5.1,57,-2128
Cap,58,487,336,4.5,56,-991
Cap,59,486,337,4.4,57,-969
Cap,60,477,336,5.0,54,-2421
Cap,61,478,341,4.4,57,-1197
Cap,62,475,350,5.0,53,-3065
Cap,63,481,355,5.2,54,-3600
Cap,64,479,359,5.3,51,-3053
Cap,65,471,358,5.9,43,-2659
Capa,66,456,363,4.4,32,-3004
Capa,67,445,362,5.0,39,-3059
Capa,68,445,371,5.0,43,-3984
Capa,69,438,371,5.0,43,-3048
Capa,70,434,366,4.2,44,-1070
Capa,71,440,371,4.1,44,-2025
Capa,72,440,372,5.0,46,-2686
Capa,73,434,375,5.1,44,-3068
Capa,74,431,385,5.1,44,-4541
Capa,75,433,387,5.9,44,-3189
Capa,76,430,396,6.1,46,-3043
Capa,77,428,398,6.2,46,-4114
Capa,78,425,403,7.0,44,-1872
Capa,79,435,396,7.2,46,-2491
Capa,80,444,401,8.0,48,-1920
Capa,81,445,401,8.2,46,-1211
Capa,82,454,406,8.3,48,-1985
Capa,83,458,413,9.1,46,-805
Capa,84,467,422,10.1,44,-1358
Capa,85,471,425,11.2,47,-755
Capa,86,486,429,12.2,46,-1429
Capa,87,499,424,14.0,44,-915
Capa,88,513,421,15.1,41,-552
Capa,89,514,416,16.1,41,-1082
Capa,90,511,420,17.1,40,-1076
Capa,91,509,416,17.1,39,-198
Capa,92,504,416,18.1,39,188
Capa,93,512,403,18.1,39,-655
Capa,94,514,399,17.2,39,35
Capa,95,519,393,18.1,39,384
Capa,96,510,388,17.0,36,-1605
Capaa,97,494,393,16.1,34,-737
Capaa,98,481,389,16.2,34,267
Capaa,99,476,389,17.0,36,-93
Capaa,100,478,392,17.3,38,-280
Capaa,101,473,379,18.1,40,-86
Capaa,102,476,384,19.0,38,-711
Capaa,103,478,382,18.2,40,-460
Capaa,104,479,382,18.2,40,-551
Capaa,105,479,382,18.2,40,-89
Capaa,106,482,369,18.1,38,630
Capaa,107,477,370,19.0,26,-224
Capaa,108,477,370,19.0,26,-1198
Capaa,109,461,356,18.2,38,-952
Capaa,110,455,346,18.1,40,-540
Capaa,111,455,346,18.1,40,-390
Capaa,112,457,342,16.3,40,-450
Capaa,113,464,344,16.1,40,-754
Capaa,114,466,349,16.0,40,-985
Capaa,115,464,347,15.2,39,213
Capaa,116,463,349,16.3,39,-720
Capaa,117,461,345,17.0,38,-508
Capaa,118,462,344,18.0,37,-851
Capaa,119,455,339,18.1,36,193
Capaa,120,456,341,17.1,35,-671
Capaa,121,455,339,18.0,34,-840
Capaa,122,449,330,18.0,34,-1562
Capaa,123,447,331,17.1,34,-1256
Capaa,124,437,335,17.1,34,765
Capaa,125,439,329,17.1,34,-130
Capaa,126,444,332,17.2,34,-209
Capaa,127,447,332,17.2,34,-920
Capaa,128,446,332,16.2,34,319
Capaa,129,444,334,16.0,34,1896
Capaa,130,444,338,15.2,34,-981
Capaa,131,447,336,15.3,34,-462
Capaaa,132,423,346,14.0,30,23
Capaaa,133,419,349,13.3,32,-360
Capaaa,134,419,349,13.2,34,-700
Capaaa,135,418,355,13.3,34,233
Capaaa,136,425,352,14.1,34,104
Capaaa,137,427,357,14.1,34,-257
Capaaa,138,428,362,14.2,34,-591
Capaaa,139,429,367,14.1,34,61
Capaaa,140,430,371,14.1,32,1066
Capaaa,141,432,375,14.0,34,-423
Capaaa,142,430,376,14.1,34,-742
Capaaa,143,424,377,14.1,34,-643
Capaaa,144,426,377,14.1,34,-35
Capaaa,145,424,379,13.4,32,418
Capaaa,146,425,380,14.0,34,-370
Capaaa,147,427,381,14.1,34,-1647
Capaaa,148,427,381,14.1,34,-24
Capaaa,149,430,386,14.1,34,-1040
Capaaa,150,429,386,13.3,34,-301
Capaaa,151,428,385,14.1,34,-1044
Capaaa,152,426,387,14.1,34,-936
Capaaa,153,429,391,14.0,31,-406
Capaaa,154,436,387,14.1,34,-277
Capaaa,155,438,386,14.2,31,-1536
Capaaa,156,437,390,14.1,34,-948
Capaaa,157,436,391,13.2,31,-509
Capaaa,158,440,387,14.1,34,208
Capaaa,159,438,385,14.0,31,-606
Capaaa,160,439,387,14.1,34,-939
Capaap,132,456,319,17.2,32,-531
Capaap,133,459,316,18.0,34,-797
Capaap,134,464,305,17.3,34,-294
Capaap,135,470,306,16.2,34,380
Capaap,136,465,304,16.3,34,-583
Capaap,137,458,310,17.0,34,-501
Capaap,138,458,311,17.0,34,-612
Capaap,139,457,310,16.2,34,-1405
Capaap,140,457,313,16.0,32,204
Capaap,141,457,318,16.1,34,-590
Capaap,142,460,318,16.0,32,108
Capaap,143,460,322,15.1,34,-218
Capaap,144,457,327,15.0,34,-1146
Capaap,145,460,326,15.2,34,81
Capaap,146,463,329,15.3,34,-1563
Capaap,147,459,333,15.2,34,-195
Capaap,148,454,333,15.2,34,806
Capaap,149,452,336,15.9,30,-760
Capaap,150,453,337,15.3,34,-358
Capaap,151,452,335,16.0,34,-609
Capaap,152,448,346,16.2,34,-963
Capaap,153,452,350,15.2,31,15
Capaap,154,458,350,15.3,34,-58
Capaap,155,460,347,15.4,31,601
Capaap,156,458,349,16.0,34,-417
Capaap,157,461,353,16.1,31,-1397
Capaap,158,465,352,16.1,34,-102
Capaap,159,457,358,16.1,31,-569
Capaap,160,451,362,17.0,34,-60
Capap,97,528,390,15.3,34,-470
Capap,98,551,386,15.3,32,859
Capap,99,552,385,17.9,36,-247
Capap,100,557,384,18.0,38,-667
Capap,101,551,380,18.0,38,304
Capap,102,550,377,19.0,40,-923
Capap,103,542,377,18.1,40,-636
Capap,104,549,367,19.1,40,-850
Capap,105,549,367,19.1,40,-901
Capap,106,544,350,19.2,40,-329
Capap,107,543,343,18.1,40,84
Capap,108,535,339,19.0,40,-623
Capap,109,539,346,19.1,40,-347
Capap,110,529,344,19.0,40,-230
Capap,111,525,339,19.0,38,-642
Capap,112,511,332,18.1,40,-117
Capap,113,514,330,17.1,40,-877
Capap,114,514,336,17.1,40,-1355
Capap,115,517,332,17.2,39,-727
Capap,116,509,330,17.0,37,-172
Capap,117,503,329,17.0,38,9
Capap,118,503,330,17.2,37,414
Capap,119,496,327,17.1,36,-1095
Capap,120,494,331,16.1,35,-443
Capap,121,494,325,17.1,34,-837
Capap,122,485,339,17.0,34,-940
Capap,123,484,339,17.2,34,-334
Capap,124,479,344,17.2,34,694
Capap,125,479,341,17.2,34,-673
Capap,126,480,342,18.1,34,-644
Capap,127,481,343,17.2,34,403
Capap,128,490,340,17.2,34,2
Capap,129,490,343,17.1,34,89
Capap,130,490,349,16.2,34,53
Capap,131,493,349,16.2,34,-80
Capap,132,494,350,16.2,34,-275
Capap,133,486,346,16.1,34,-1856
Capap,134,487,346,15.5,34,-668
Capapa,135,470,359,13.2,30,-1966
Capapa,136,468,355,13.2,32,-531
Capapa,137,467,356,13.2,32,-1070
Capapa,138,465,357,13.1,30,-818
Capapa,139,468,354,13.2,34,-524
Capapa,140,470,364,13.2,34,-418
Capapa,141,464,365,14.1,34,-126
Capapa,142,466,369,14.1,34,77
Capapa,143,463,374,14.1,34,-496
Capapa,144,464,372,14.0,34,-881
Capapa,145,464,372,14.0,34,-578
Capapa,146,469,377,13.1,32,-138
Capapa,147,470,376,14.1,30,-493
Capapa,148,467,374,14.1,34,-754
Capapa,149,469,379,14.0,34,879
Capapa,150,473,384,13.1,34,-375
Capapa,151,473,384,13.1,32,-908
Capapa,152,473,384,13.1,32,-263
Capapa,153,477,385,13.1,31,-1333
Capapa,154,482,385,13.1,34,146
Capapa,155,482,388,13.0,31,-1061
Capapa,156,486,388,13.1,34,89
Capapa,157,486,388,13.1,34,-437
Capapa,158,490,386,13.0,34,70
Capapa,159,491,386,12.0,31,-191
Capapa,160,491,386,12.0,31,148
Capapp,135,510,335,17.8,30,273
Capapp,136,509,329,18.2,34,-221
Capapp,137,513,330,18.2,34,505
Capapp,138,504,329,17.4,34,2701
Capapp,139,503,328,18.1,34,-840
Capapp,140,499,329,17.1,32,-516
Capapp,141,497,330,17.2,34,-1172
Capapp,142,498,334,17.2,34,25
Capapp,143,494,333,17.1,34,-726
Capapp,144,495,332,17.2,34,-213
Capapp,145,496,336,17.1,34,152
Capapp,146,496,342,17.1,34,108
Capapp,147,492,344,16.3,34,-737
Capapp,148,491,344,17.0,34,-177
Capapp,149,487,342,16.3,34,473
Capapp,150,487,346,16.3,34,-168
Capapp,151,488,347,17.2,34,-277
Capapp,152,493,348,17.2,34,1300
Capapp,153,489,355,17.2,31,1236
Capapp,154,490,351,18.1,34,1377
Capapp,155,492,356,18.0,31,-82
Capapp,156,488,358,17.3,34,-104
Capapp,157,488,357,18.1,31,-1367
Capapp,158,487,354,18.0,34,244
Capapp,159,491,348,18.1,31,-526
Capapp,160,486,349,17.3,34,120
Capp,66,515,361,7.0,32,-1819
Capp,67,516,367,7.0,39,-1159
Capp,68,530,368,6.3,43,-2844
Capp,69,533,373,7.1,47,-1865
Capp,70,532,378,7.1,46,-2479
Capp,71,533,389,7.2,46,-1713
Capp,72,532,390,7.1,46,-1925
Capp,73,526,392,6.9,44,-1580
Capp,74,518,402,7.3,48,-1910
Capp,75,518,400,8.1,48,-439
Capp,76,517,406,8.2,46,-1809
Capp,77,522,404,8.1,46,-1151
Capp,78,521,403,8.1,48,-953
Capp,79,528,407,8.1,48,-1394
Capp,80,532,410,9.1,46,-1227
Capp,81,533,408,8.4,46,-960
Capp,82,538,408,9.1,46,-1088
Capp,83,535,411,10.3,48,-900
Capp,84,537,411,11.2,46,-707
Capp,85,536,407,11.2,47,-4
Capp,86,546,401,12.1,46,-1707
Capp,87,549,394,12.0,44,-516
Capp,88,557,382,13.0,41,-803
Capp,89,542,374,13.0,41,-776
Capp,90,528,370,14.0,40,-829
Capp,91,528,360,14.0,39,-692
Capp,92,536,373,13.9,35,-1117
Cappa,93,515,370,12.2,35,38
Cappa,94,511,373,12.0,35,-2023
Cappa,95,518,383,10.3,37,-996
Cappa,96,515,376,10.8,36,-1137
Cappa,97,527,376,10.1,38,-1073
Cappa,98,532,384,10.1,40,-678
Cappa,99,530,387,11.2,38,-996
Cappa,100,538,384,11.1,40,-1376
Cappa,101,530,382,11.2,40,-1179
Cappa,102,532,385,12.0,38,-1048
Cappa,103,523,383,12.3,38,-655
Cappa,104,529,381,13.1,38,-1243
Cappa,105,530,380,14.0,40,-1036
Cappa,106,529,388,15.0,40,-1042
Cappa,107,531,389,15.1,40,-724
Cappa,108,531,384,14.9,36,-501
Cappa,109,533,390,14.0,40,-835
Cappa,110,527,392,15.1,40,-384
Cappa,111,523,383,15.0,40,-717
Cappa,112,531,375,15.1,40,-920
Cappa,113,532,369,14.1,40,-658
Cappa,114,535,375,13.2,40,-492
Cappa,115,527,377,14.2,39,-50
Cappa,116,523,373,14.2,39,-1164
Cappa,117,519,372,14.0,38,-1034
Cappa,118,514,379,12.2,37,-1036
Cappa,119,514,378,12.2,36,-634
Cappa,120,519,376,13.0,35,-714
Cappa,121,517,374,12.2,34,-945
Cappa,122,503,374,12.1,34,-473
Cappa,123,498,372,12.3,34,-797
Cappa,124,484,371,12.1,34,-769
Cappa,125,486,363,12.3,34,-1664
Cappaa,126,465,367,11.1,30,-1086
Cappaa,127,466,362,11.8,30,-792
Cappaa,128,472,359,10.4,34,-622
Cappaa,129,476,356,10.2,34,-445
Cappaa,130,480,364,10.3,34,-121
Cappaa,131,481,362,11.1,34,-246
Cappaa,132,477,359,11.2,34,-94
Cappaa,133,476,362,11.1,32,-957
Cappaa,134,473,366,11.3,34,-186
Cappaa,135,473,366,11.1,32,-912
Cappaa,136,472,365,10.9,30,-37
Cappaa,137,474,374,10.1,32,-1956
Cappaa,138,476,370,9.3,34,-928
Cappaa,139,483,369,10.8,30,57
Cappaa,140,481,374,11.0,34,-1063
Cappaa,141,475,379,11.2,34,-861
Cappaa,142,473,382,11.2,34,-852
Cappaa,143,469,384,11.2,34,-1232
Cappaa,144,466,382,10.3,34,-477
Cappaa,145,465,381,10.2,32,-1305
Cappaa,146,471,387,10.3,32,-1037
Cappaa,147,468,385,10.2,34,-525
Cappaa,148,469,388,11.0,34,-414
Cappaa,149,473,394,10.2,34,-621
Cappaa,150,473,389,10.2,34,-1507
Cappaa,151,469,387,10.3,34,217
Cappaa,152,470,386,10.2,34,-807
Cappaa,153,470,387,10.2,31,245
Cappaa,154,476,389,10.0,34,-714
Cappaa,155,474,390,10.1,31,-673
Cappaa,156,476,390,10.1,34,-1698
Cappaa,157,478,390,9.4,31,-1018
Cappaa,158,481,385,10.1,34,-887
Cappaa,159,485,385,10.1,31,795
Cappaa,160,488,383,9.2,34,-1322
Cappap,126,513,357,15.0,30,52
Cappap,127,516,356,15.2,34,-857
Cappap,128,521,355,15.2,34,800
Cappap,129,521,350,15.1,34,-742
Cappap,130,518,362,15.1,34,-654
Cappap,131,519,353,13.4,32,751
Cappap,132,518,348,13.0,34,-322
Cappap,133,519,350,12.3,34,-610
Cappap,134,518,356,12.1,34,-931
Cappap,135,518,353,12.3,32,-705
Cappap,136,514,354,13.1,34,626
Cappap,137,508,357,13.1,34,-670
Cappap,138,510,360,13.0,32,-752
Cappap,139,518,357,13.2,34,-1144
Cappap,140,513,358,13.2,34,-1452
Cappap,141,514,359,13.3,34,141
Cappap,142,513,362,13.2,34,318
Cappap,143,508,363,13.1,34,-538
Cappap,144,511,362,13.2,34,-762
Cappap,145,511,362,13.3,34,-874
Cappap,146,514,366,13.2,34,432
Cappap,147,515,367,13.1,34,-359
Cappap,148,515,369,13.1,34,990
Cappap,149,519,373,14.0,34,-993
Cappap,150,520,370,14.1,34,-112
Cappap,151,519,368,14.0,34,-1040
Cappap,152,517,367,13.3,34,-1307
Cappap,153,520,368,13.3,31,-954
Cappap,154,524,360,14.0,34,-1031
Cappap,155,525,363,14.2,31,-443
Cappap,156,529,362,14.3,34,-605
Cappap,157,526,361,15.1,31,280
Cappap,158,532,357,15.1,34,-245
Cappap,159,533,354,14.3,31,-1223
Cappap,160,526,357,15.0,34,-553
Cappp,93,566,383,15.9,35,-150
Cappp,94,572,386,15.9,35,133
Cappp,95,580,383,15.1,37,-1167
Cappp,96,575,384,15.9,36,-1072
Cappp,97,581,382,15.1,38,-36
Cappp,98,592,365,15.0,38,-298
Cappp,99,587,358,15.0,38,15
Cappp,100,583,350,15.1,40,-700
Cappp,101,565,346,15.0,40,-1253
Cappp,102,562,350,15.1,38,-1199
Cappp,103,554,350,15.2,40,-424
Cappp,104,554,347,15.1,40,63
Cappp,105,561,351,16.1,40,396
Cappp,106,563,350,16.2,40,-750
Cappp,107,563,347,16.1,40,-534
Cappp,108,562,347,16.1,40,-332
Cappp,109,566,351,16.2,38,-1043
Cappp,110,563,343,17.2,40,-630
Cappp,111,558,346,17.3,38,76
Cappp,112,556,343,18.0,40,-677
Cappp,113,558,338,17.2,40,79
Cappp,114,557,336,18.0,40,-184
Cappp,115,550,334,19.1,39,-376
Cappp,116,543,332,18.2,39,175
Cappp,117,537,333,18.1,38,-439
Cappp,118,539,331,19.1,37,-646
Cappp,119,532,329,17.1,36,-1311
Cappp,120,528,324,17.1,33,-550
Cappp,121,529,326,16.2,34,2
Cappp,122,519,328,17.0,34,-1208
Cappp,123,515,324,17.0,34,-661
Cappp,124,513,327,16.0,34,-773
Cappp,125,513,327,16.1,34,-697
Cappp,126,523,319,17.0,34,-601
Cappp,127,531,319,17.2,34,542
Capppa,128,544,321,16.0,32,-20
Capppa,129,549,330,15.3,34,-415
Capppa,130,546,339,16.0,30,-503
Capppa,131,546,343,16.1,34,-899
Capppa,132,548,346,15.9,30,-1012
Capppa,133,554,349,15.0,34,-240
Capppa,134,553,353,14.3,34,370
Capppa,135,554,349,14.2,34,-594
Capppa,136,554,350,14.1,34,-756
Capppa,137,552,350,14.2,34,-394
Capppa,138,551,351,14.1,32,-825
Capppa,139,554,344,14.1,34,-516
Capppa,140,552,346,14.1,34,-1170
Capppa,141,553,350,13.3,34,-515
Capppa,142,546,351,13.3,34,-797
Capppa,143,541,351,13.1,34,-670
Capppa,144,543,354,13.0,34,-1128
Capppa,145,541,357,12.1,34,-344
Capppa,146,540,354,12.1,34,70
Capppa,147,540,356,11.3,32,409
Capppa,148,541,360,11.3,32,-1274
Capppa,149,540,355,12.0,34,-1638
Capppa,150,540,351,11.4,34,-647
Capppa,151,539,348,12.0,34,-1633
Capppa,152,539,349,11.3,34,-495
Capppa,153,536,352,11.2,31,-494
Capppa,154,536,351,11.2,34,-133
Capppa,155,540,348,11.2,31,-1024
Capppa,156,540,347,11.2,34,-1592
Capppa,157,537,348,11.3,31,-1393
Capppa,158,540,350,11.0,34,-1492
Capppa,159,543,350,11.1,31,-420
Capppa,160,541,345,11.1,34,-243
Capppp,128,520,309,20.1,30,-520
Capppp,129,517,309,20.1,34,-124
Capppp,130,511,311,19.3,32,-598
Capppp,131,515,304,19.2,34,-371
Capppp,132,514,304,19.0,34,-708
Capppp,133,515,307,19.1,30,-163
Capppp,134,515,307,19.1,30,591
Capppp,135,521,306,19.0,26,94
Capppp,136,527,301,19.0,34,5
Capppp,137,530,308,18.3,32,-267
Capppp,138,530,302,18.2,34,-224
Capppp,139,531,299,18.2,34,176
Capppp,140,524,309,18.2,34,-375
Capppp,141,527,315,18.1,34,-742
Capppp,142,527,315,18.1,34,-1102
Capppp,143,523,315,18.1,34,-608
Capppp,144,529,313,18.1,34,-869
Capppp,145,529,314,18.1,34,-854
Capppp,146,537,321,18.0,34,-739
Capppp,147,538,319,18.0,34,-505
Capppp,148,543,324,17.2,34,-1284
Capppp,149,541,324,17.1,34,-516
Capppp,150,540,321,17.1,34,-419
Capppp,151,544,323,17.0,34,501
Capppp,152,550,323,17.1,34,-745
Capppp,153,552,326,17.0,31,-768
Capppp,154,549,323,17.1,34,169
Capppp,155,549,324,17.1,31,-780
Capppp,156,545,324,17.2,34,-298
Capppp,157,544,322,18.0,31,-713
Capppp,158,551,319,17.2,34,546
Capppp,159,553,317,17.1,31,-253
Capppp,160,547,319,17.1,34,-1083
Cp,26,511,219,9.8,59,-1815
Cp,27,528,224,9.5,59,-1495
Cp,28,540,212,10.4,61,-1568
Cp,29,559,210,9.6,63,-1353
Cp,30,556,222,7.6,64,-3386
Cp,31,556,234,7.1,64,-3660
Cp,32,560,245,7.2,62,-3322
Cp,33,555,248,7.1,62,-3789
Cp,34,560,250,8.1,62,-2465
Cp,35,558,246,8.2,62,-2948
Cp,36,554,250,9.0,64,-2511
Cp,37,550,239,9.2,64,-2023
Cp,38,551,238,9.2,65,-2408
Cp,39,551,232,10.8,59,-1749
Cp,40,564,252,9.9,59,-1596
Cpa,41,533,222,7.7,59,-1898
Cpa,42,537,224,6.8,60,-2608
Cpa,43,548,216,5.9,60,-4103
Cpa,44,549,218,5.8,61,-3610
Cpa,45,559,233,5.7,62,-2913
Cpa,46,568,233,6.0,61,-4080
Cpa,47,550,221,6.6,60,-3811
Cpa,48,543,215,6.2,59,-4181
Cpa,49,545,214,6.2,55,-4297
Cpa,50,539,209,6.1,59,-3980
Cpa,51,545,219,6.1,57,-4544
Cpa,52,537,229,6.0,57,-4151
Cpa,53,525,229,6.1,59,-4123
Cpa,54,514,230,6.1,57,-3983
Cpa,55,518,222,6.2,57,-3963
Cpa,56,522,229,6.2,56,-3374
Cpa,57,525,228,7.0,57,-4153
Cpa,58,514,229,6.4,58,-4714
Cpa,59,511,229,6.3,53,-3708
Cpaa,60,495,197,6.3,40,-2736
Cpaa,61,505,192,5.3,41,-4491
Cpaa,62,499,196,5.8,51,-2785
Cpaa,63,486,200,4.9,50,-2158
Cpaa,64,489,209,4.9,47,-2144
Cpaa,65,488,209,4.2,47,-1153
Cpaa,66,491,206,4.2,44,-892
Cpaa,67,495,208,4.2,43,-262
Cpaa,68,499,210,5.0,45,-4233
Cpaa,69,505,212,5.0,47,-2886
Cpaa,70,500,215,5.0,46,-3087
Cpaa,71,515,223,4.3,48,-1456
Cpaa,72,518,225,5.0,46,-3612
Cpaa,73,516,217,4.2,48,-1890
Cpaa,74,522,229,4.2,48,-1879
Cpaa,75,526,231,4.2,48,-1439
Cpaa,76,530,236,4.1,46,-1964
Cpaa,77,529,230,4.2,48,-2153
Cpaa,78,532,229,4.3,48,-2806
Cpaa,79,520,232,5.2,48,-4239
Cpaa,80,518,233,5.1,48,-3971
Cpaa,81,512,243,5.1,34,-1547
Cpaaa,82,491,232,5.1,30,-3367
Cpaaa,83,484,231,4.3,32,-3578
Cpaaa,84,493,234,5.0,40,-2497
Cpaaa,85,495,245,4.9,43,-2035
Cpaaa,86,495,263,4.0,42,-153
Cpaaa,87,489,268,3.9,40,-37
Cpaaa,88,503,285,3.9,37,5
Cpaaa,89,501,280,4.0,39,-292
Cpaaa,90,512,267,3.4,38,353
Cpaaa,91,512,260,3.3,37,1598
Cpaaa,92,512,247,4.1,39,-926
Cpaaa,93,510,245,4.1,39,-57
Cpaaa,94,509,251,4.1,39,360
Cpaaa,95,503,249,4.1,39,1287
Cpaaa,96,497,246,4.1,40,2
Cpaaa,97,493,246,4.1,40,-1054
Cpaaa,98,485,245,4.2,40,86
Cpaaa,99,484,246,4.1,40,-111
Cpaaa,100,480,247,4.1,40,-20
Cpaaa,101,481,250,4.2,40,535
Cpaaa,102,481,254,4.2,38,-87
Cpaaa,103,487,247,4.1,40,-452
Cpaaa,104,482,248,4.0,40,-182
Cpaaa,105,483,242,4.0,40,-1085
Cpaaa,106,481,244,3.3,40,2693
Cpaaa,107,464,243,3.3,40,583
Cpaaa,108,472,241,3.2,40,1282
Cpaaa,109,474,240,3.4,40,627
Cpaaa,110,480,238,3.3,40,812
Cpaaa,111,479,237,4.0,40,-165
Cpaaa,112,482,237,4.0,40,-166
Cpaaa,113,481,241,4.1,40,-1754
Cpaaa,114,472,239,3.4,34,803
Cpaaaa,115,442,233,3.4,29,1606
Cpaaaa,116,436,233,4.0,33,-173
Cpaaaa,117,439,237,4.2,34,310
Cpaaaa,118,439,247,4.1,35,-625
Cpaaaa,119,438,247,4.0,36,556
Cpaaaa,120,443,245,3.5,35,1093
Cpaaaa,121,446,250,3.3,34,1713
Cpaaaa,122,444,250,3.4,34,2723
Cpaaaa,123,442,243,3.4,34,2161
Cpaaaa,124,441,235,3.3,34,1877
Cpaaaa,125,435,232,3.3,34,1121
Cpaaaa,126,435,241,3.2,34,2113
Cpaaaa,127,438,240,3.3,34,1135
Cpaaaa,128,440,237,3.2,34,-727
Cpaaaa,129,442,239,3.4,34,977
Cpaaaa,130,447,241,4.1,34,-1322
Cpaaaa,131,448,242,3.3,34,501
Cpaaaa,132,450,235,3.3,34,2653
Cpaaaa,133,458,230,3.3,34,3356
Cpaaaa,134,449,229,3.3,34,1614
Cpaaaa,135,456,225,3.3,34,2581
Cpaaaa,136,454,218,3.3,34,1939
Cpaaaa,137,456,223,3.8,30,916
Cpaaaa,138,457,223,3.2,34,1675
Cpaaaa,139,460,219,3.3,34,1177
Cpaaaa,140,465,216,3.3,34,2070
Cpaaaa,141,467,214,3.3,34,1595
Cpaaaa,142,471,211,3.3,32,126
Cpaaaa,143,477,208,3.3,32,469
Cpaaaa,144,478,203,3.3,34,2369
Cpaaaa,145,471,215,3.3,34,648
Cpaaaa,146,471,209,3.3,34,1731
Cpaaaa,147,465,210,3.3,32,1550
Cpaaaa,148,468,218,3.2,34,2353
Cpaaaa,149,462,220,3.2,34,264
Cpaaaa,150,462,222,3.3,34,1259
Cpaaaa,151,460,214,3.3,34,116
Cpaaaa,152,454,219,3.1,34,2701
Cpaaaa,153,457,217,3.3,31,1110
Cpaaaa,154,449,222,3.2,34,-217
Cpaaaa,155,446,218,3.2,31,2385
Cpaaaa,156,445,221,3.2,30,4450
Cpaaaa,157,444,227,3.2,31,2078
Cpaaaa,158,439,232,3.1,34,1023
Cpaaaa,159,436,229,3.2,31,1654
Cpaaaa,160,442,223,3.1,34,1444
Cpaaap,115,499,243,4.3,31,-1464
Cpaaap,116,504,244,4.3,33,-1162
Cpaaap,117,507,244,4.1,34,-284
Cpaaap,118,509,244,4.0,37,328
Cpaaap,119,511,243,4.0,36,450
Cpaaap,120,524,251,3.4,35,3038
Cpaaap,121,525,256,3.4,34,3041
Cpaaap,122,524,259,3.3,32,1487
Cpaaap,123,521,262,3.3,34,2329
Cpaaap,124,516,263,3.5,32,2099
Cpaaap,125,515,253,3.2,34,1500
Cpaaap,126,518,258,3.4,32,972
Cpaaap,127,517,260,3.3,34,965
Cpaaap,128,520,264,3.9,30,-697
Cpaaap,129,523,267,3.3,34,648
Cpaaap,130,519,274,4.1,34,445
Cpaaap,131,521,277,3.3,34,1188
Cpaaap,132,522,272,3.3,34,1495
Cpaaap,133,514,273,3.3,34,2077
Cpaaap,134,504,278,3.3,34,1654
Cpaaap,135,509,275,4.1,34,30
Cpaaap,136,511,272,3.5,34,1230
Cpaaap,137,512,267,4.0,34,536
Cpaaap,138,520,253,3.4,34,2112
Cpaaap,139,519,252,3.3,34,606
Cpaaap,140,518,254,3.4,34,2366
Cpaaap,141,518,251,4.0,34,420
Cpaaap,142,521,250,3.4,34,2113
Cpaaap,143,521,249,3.4,34,1497
Cpaaap,144,519,246,3.4,34,2372
Cpaaap,145,518,248,3.4,32,686
Cpaaap,146,519,241,4.0,34,124
Cpaaap,147,517,236,4.0,34,-475
Cpaaap,148,523,243,4.0,34,-138
Cpaaap,149,515,247,3.4,34,576
Cpaaap,150,512,248,3.4,34,852
Cpaaap,151,506,247,3.3,34,217
Cpaaap,152,504,249,4.0,34,-431
Cpaaap,153,500,249,3.3,31,3141
Cpaaap,154,500,246,3.3,34,688
Cpaaap,155,492,254,3.3,31,2274
Cpaaap,156,495,258,3.2,34,3337
Cpaaap,157,489,269,3.2,31,-503
Cpaaap,158,487,275,3.3,34,1084
Cpaaap,159,485,279,3.2,31,1666
Cpaaap,160,479,282,3.9,30,23
Cpaap,82,537,257,6.0,32,-770
Cpaap,83,554,256,6.1,34,-1448
Cpaap,84,563,250,6.2,40,-1713
Cpaap,85,572,255,5.9,43,-2603
Cpaap,86,574,256,5.9,42,-3573
Cpaap,87,577,251,5.3,42,-3398
Cpaap,88,584,251,5.2,41,-3354
Cpaap,89,583,249,5.2,41,-2715
Cpaap,90,588,245,5.3,40,-3124
Cpaap,91,586,246,5.2,37,-3757
Cpaap,92,583,244,6.1,39,-3217
Cpaap,93,576,243,6.1,39,-3597
Cpaap,94,579,247,5.2,39,-3321
Cpaap,95,575,252,5.2,39,-3434
Cpaap,96,567,258,5.1,40,-4204
Cpaap,97,565,255,5.2,40,-3839
Cpaap,98,559,254,5.1,40,-2639
Cpaap,99,561,266,4.3,40,-1276
Cpaap,100,561,265,5.0,40,-3522
Cpaap,101,561,268,5.2,38,-2859
Cpaap,102,560,266,5.1,40,-2891
Cpaap,103,564,270,5.3,40,-2744
Cpaap,104,559,272,5.2,40,-3073
Cpaap,105,561,267,5.0,40,-3813
Cpaap,106,565,277,5.2,40,-2662
Cpaap,107,561,275,5.1,40,-2774
Cpaap,108,570,271,5.2,40,-3320
Cpaap,109,573,270,5.1,40,-2806
Cpaap,110,570,272,4.4,38,-1446
Cpaap,111,571,260,5.1,40,-3297
Cpaap,112,573,256,5.3,40,-3786
Cpaap,113,568,254,6.0,38,-2608
Cpaap,114,558,254,5.8,36,-3218
Cpaapa,115,539,245,4.0,31,-763
Cpaapa,116,544,244,4.1,35,-1217
Cpaapa,117,551,247,4.0,34,-2646
Cpaapa,118,553,249,4.0,33,-1062
Cpaapa,119,553,244,4.0,36,-769
Cpaapa,120,566,254,4.0,35,-2194
Cpaapa,121,565,254,4.0,30,-2331
Cpaapa,122,565,252,4.1,34,-1536
Cpaapa,123,557,258,3.4,34,-548
Cpaapa,124,556,260,4.0,34,-1642
Cpaapa,125,555,260,4.0,30,-280
Cpaapa,126,558,261,4.1,34,-742
Cpaapa,127,558,259,4.0,34,-1269
Cpaapa,128,559,257,4.2,34,-1432
Cpaapa,129,561,264,4.1,34,-1838
Cpaapa,130,563,264,3.5,32,1148
Cpaapa,131,563,262,4.2,34,-385
Cpaapa,132,564,263,4.3,34,-976
Cpaapa,133,558,274,4.2,34,-125
Cpaapa,134,549,272,4.1,34,123
Cpaapa,135,549,267,4.3,34,452
Cpaapa,136,550,263,4.3,34,-746
Cpaapa,137,551,264,4.3,34,-662
Cpaapa,138,553,263,4.3,34,-1258
Cpaapa,139,554,259,4.3,34,-1414
Cpaapa,140,551,267,4.4,34,-639
Cpaapa,141,551,265,4.3,34,-2608
Cpaapa,142,554,266,4.3,34,-665
Cpaapa,143,553,263,4.5,34,-1428
Cpaapa,144,551,258,4.5,34,-2373
Cpaapa,145,549,260,5.0,34,-1976
Cpaapa,146,550,265,4.3,34,-32
Cpaapa,147,544,265,4.3,32,481
Cpaapa,148,550,268,4.3,32,-1331
Cpaapa,149,541,266,4.3,34,-733
Cpaapa,150,544,261,5.1,34,-621
Cpaapa,151,543,261,4.3,34,-1094
Cpaapa,152,537,257,4.3,34,-578
Cpaapa,153,534,256,4.3,31,258
Cpaapa,154,536,253,4.3,34,394
Cpaapa,155,530,251,4.2,31,-523
Cpaapa,156,536,248,4.3,34,-300
Cpaapa,157,531,253,4.3,31,-1545
Cpaapa,158,529,254,4.1,34,709
Cpaapa,159,526,258,4.1,31,724
Cpaapa,160,525,260,4.1,34,86
Cpaapp,115,589,264,7.9,35,-739
Cpaapp,116,590,269,8.9,35,840
Cpaapp,117,601,270,8.1,36,505
Cpaapp,118,607,271,7.3,37,-816
Cpaapp,119,608,273,7.1,34,-905
Cpaapp,120,613,280,8.2,33,-1173
Cpaapp,121,611,279,7.3,34,-1101
Cpaapp,122,603,283,7.2,34,-750
Cpaapp,123,598,287,7.0,34,-335
Cpaapp,124,595,288,7.2,34,-1123
Cpaapp,125,595,279,7.3,34,-416
Cpaapp,126,594,280,8.1,34,-2204
Cpaapp,127,597,277,8.0,34,-1996
Cpaapp,128,595,273,8.1,34,-1061
Cpaapp,129,599,276,8.2,34,-1891
Cpaapp,130,595,282,8.2,34,-1125
Cpaapp,131,597,275,8.4,34,-342
Cpaapp,132,592,279,8.2,34,-898
Cpaapp,133,586,278,8.1,34,119
Cpaapp,134,581,286,7.2,34,-1159
Cpaapp,135,577,284,7.2,34,-1276
Cpaapp,136,580,288,7.3,34,-1708
Cpaapp,137,582,293,6.3,34,-1094
Cpaapp,138,587,291,7.0,34,-1476
Cpaapp,139,586,288,7.2,34,-575
Cpaapp,140,587,289,7.1,34,-886
Cpaapp,141,583,291,7.1,34,-1086
Cpaapp,142,582,297,7.2,34,-1125
Cpaapp,143,588,296,7.2,34,-715
Cpaapp,144,592,297,7.0,34,-2721
Cpaapp,145,593,296,6.3,34,-2327
Cpaapp,146,602,299,6.2,34,-1094
Cpaapp,147,595,292,6.1,34,-1530
Cpaapp,148,595,299,6.1,34,-1418
Cpaapp,149,596,293,6.0,34,-2271
Cpaapp,150,590,291,5.5,32,-1603
Cpaapp,151,590,290,6.2,34,-1280
Cpaapp,152,583,288,5.4,34,-2135
Cpaapp,153,580,284,5.4,31,-2818
Cpaapp,154,579,283,5.3,34,-2229
Cpaapp,155,576,281,5.2,31,-1102
Cpaapp,156,577,281,5.3,34,-2489
Cpaapp,157,571,284,5.2,31,-1987
Cpaapp,158,572,284,5.2,34,-2502
Cpaapp,159,569,280,4.5,31,-1662
Cpaapp,160,574,285,4.3,34,-1808
Cpap,60,521,238,5.3,38,-2968
Cpap,61,547,256,4.2,41,145
Cpap,62,557,257,4.3,47,-1568
Cpap,63,566,265,5.1,50,-3174
Cpap,64,572,278,5.1,47,-4673
Cpap,65,570,277,4.3,47,-1530
Cpap,66,570,294,4.2,44,-2265
Cpap,67,576,309,4.3,43,-2017
Cpap,68,586,310,5.2,45,-3789
Cpap,69,588,312,5.3,47,-3857
Cpap,70,586,312,6.2,48,-3083
Cpap,71,594,322,6.3,46,-3595
Cpap,72,591,315,6.2,48,-3852
Cpap,73,583,316,5.3,48,-3956
Cpap,74,586,331,6.2,48,-3879
Cpap,75,582,335,6.2,48,-3794
Cpap,76,579,344,6.3,46,-3494
Cpap,77,580,336,5.3,48,-3419
Cpap,78,565,330,5.4,46,-3164
Cpap,79,575,327,6.1,48,-4156
Cpap,80,577,318,6.2,48,-4108
Cpap,81,573,315,7.0,44,-2377
Cpapa,82,572,300,5.3,38,-2904
Cpapa,83,580,303,5.4,40,-1820
Cpapa,84,583,305,6.0,44,-2345
Cpapa,85,600,298,6.8,43,-2211
Cpapa,86,606,287,6.2,42,-2725
Cpapa,87,610,280,7.0,40,-1826
Cpapa,88,616,270,8.1,41,-1819
Cpapa,89,609,273,8.1,41,-979
Cpapa,90,616,276,8.1,40,-1115
Cpapa,91,609,281,7.2,39,-1620
Cpapa,92,605,282,7.2,39,-835
Cpapa,93,605,281,8.2,39,-787
Cpapa,94,600,280,8.3,39,-1333
Cpapa,95,594,274,9.0,39,-1867
Cpapa,96,592,276,9.2,40,-1339
Cpapa,97,590,276,9.0,40,-969
Cpapa,98,591,270,9.1,40,-1303
Cpapa,99,589,272,8.2,40,-1156
Cpapa,100,589,270,9.1,40,-2609
Cpapa,101,595,270,9.2,40,-1683
Cpapa,102,590,270,9.2,40,-1329
Cpapa,103,594,275,10.0,40,-1906
Cpapa,104,594,274,9.2,40,-1412
Cpapa,105,594,270,9.2,40,-1865
Cpapa,106,602,276,9.2,40,-2078
Cpapa,107,605,272,9.1,40,-1916
Cpapa,108,599,265,10.1,40,-1388
Cpapa,109,598,258,10.2,40,-1163
Cpapa,110,597,259,10.1,40,-2158
Cpapa,111,605,255,10.2,40,-559
Cpapa,112,604,247,11.1,40,-1417
Cpapa,113,603,238,11.1,40,-1293
Cpapa,114,601,239,10.2,40,-1395
Cpapa,115,607,231,11.1,39,-1177
Cpapa,116,608,234,12.2,39,-1138
Cpapa,117,606,236,12.2,38,-279
Cpapa,118,607,232,12.0,37,-1359
Cpapa,119,608,239,11.3,36,-959
Cpapa,120,608,241,11.2,35,-1117
Cpapa,121,607,244,11.1,34,-479
Cpapa,122,603,254,11.1,34,-628
Cpapaa,123,601,262,13.0,38,-234
Cpapaa,124,603,267,13.3,37,-1650
Cpapaa,125,605,273,13.7,36,-1942
Cpapaa,126,607,279,14.0,34,-981
Cpapaa,127,615,279,13.2,34,-1930
Cpapaa,128,622,281,12.3,34,-1683
Cpapaa,129,621,287,13.1,32,-701
Cpapaa,130,624,290,13.2,34,-165
Cpapaa,131,626,290,14.0,34,-1346
Cpapaa,132,623,290,13.2,34,-704
Cpapaa,133,621,298,14.1,34,-776
Cpapaa,134,620,301,13.1,34,-1125
Cpapaa,135,620,302,12.2,34,-1144
Cpapaa,136,621,308,12.3,34,-1229
Cpapaa,137,621,308,12.3,34,-693
Cpapaa,138,616,317,12.1,34,-1377
Cpapaa,139,617,310,12.2,34,-836
Cpapaa,140,616,310,12.2,34,-1309
Cpapaa,141,613,312,12.2,34,-191
Cpapaa,142,612,311,12.2,34,-1352
Cpapaa,143,613,315,12.3,34,-40
Cpapaa,144,615,311,12.2,34,-1416
Cpapaa,145,615,311,12.2,34,-1372
Cpapaa,146,620,310,12.2,34,-763
Cpapaa,147,620,313,11.2,34,-32
Cpapaa,148,620,318,12.0,34,-811
Cpapaa,149,618,310,11.1,34,-1569
Cpapaa,150,614,311,11.3,34,-1120
Cpapaa,151,616,304,11.2,34,-407
Cpapaa,152,611,308,11.1,34,-1878
Cpapaa,153,609,306,10.3,31,-1050
Cpapaa,154,612,303,11.1,34,-1123
Cpapaa,155,613,303,11.0,31,-511
Cpapaa,156,614,301,11.1,34,-624
Cpapaa,157,611,311,11.0,31,-1752
Cpapaa,158,612,311,11.1,34,-562
Cpapaa,159,609,312,11.1,31,77
Cpapaa,160,609,316,11.1,34,-957
Cpapap,123,594,230,8.9,30,-387
Cpapap,124,598,237,7.9,30,-885
Cpapap,125,593,228,7.3,34,-746
Cpapap,126,589,233,8.0,34,-1706
Cpapap,127,591,225,7.3,34,-965
Cpapap,128,592,224,7.4,34,-2340
Cpapap,129,593,225,8.1,34,-610
Cpapap,130,597,231,8.2,34,-981
Cpapap,131,597,223,8.3,34,-1654
Cpapap,132,600,229,9.1,34,-503
Cpapap,133,600,237,8.2,34,-728
Cpapap,134,597,241,7.4,34,-749
Cpapap,135,599,241,7.4,34,-224
Cpapap,136,599,245,7.3,34,-715
Cpapap,137,597,250,7.2,34,-1404
Cpapap,138,599,251,8.2,32,-1044
Cpapap,139,597,243,8.1,34,242
Cpapap,140,600,248,8.1,34,-1016
Cpapap,141,603,253,8.1,34,-1737
Cpapap,142,601,256,8.1,34,-1002
Cpapap,143,603,256,8.4,34,-90
Cpapap,144,602,251,8.2,34,-995
Cpapap,145,602,254,7.4,32,-2104
Cpapap,146,601,252,8.0,34,-927
Cpapap,147,599,251,7.3,34,-520
Cpapap,148,606,258,7.3,34,-1169
Cpapap,149,600,252,7.2,34,-1551
Cpapap,150,594,253,7.0,34,-771
Cpapap,151,594,250,7.1,34,-1646
Cpapap,152,592,254,7.2,34,-1172
Cpapap,153,589,250,6.3,31,86
Cpapap,154,588,245,6.3,34,-404
Cpapap,155,587,241,6.3,31,-1297
Cpapap,156,588,245,7.1,34,-1248
Cpapap,157,585,248,7.1,31,-1236
Cpapap,158,588,247,6.3,32,-58
Cpapap,159,589,248,6.3,31,-1240
Cpapap,160,592,250,7.0,34,-789
Cpapp,82,577,344,8.3,34,-944
Cpapp,83,581,361,10.1,40,-729
Cpapp,84,585,364,9.3,42,-324
Cpapp,85,590,366,10.0,43,-635
Cpapp,86,595,370,9.9,42,-581
Cpapp,87,591,375,9.2,40,-1028
Cpapp,88,601,367,10.2,39,-1424
Cpapp,89,600,367,10.1,37,-831
Cpapp,90,602,371,10.9,36,-229
Cpapp,91,608,361,11.0,35,-81
Cpapp,92,606,364,10.3,37,-556
Cpapp,93,601,363,10.1,37,-472
Cpapp,94,598,361,10.2,39,-1103
Cpapp,95,601,355,10.1,39,-1166
Cpapp,96,600,353,11.1,40,-286
Cpapp,97,603,349,11.1,40,-311
Cpapp,98,611,340,11.1,38,-468
Cpapp,99,613,333,11.1,38,-1168
Cpapp,100,615,322,12.0,38,-1200
Cpapp,101,620,328,13.1,38,-2417
Cpapp,102,623,325,13.0,40,-1292
Cpapp,103,623,322,14.1,38,-399
Cpapp,104,617,328,14.1,40,-1036
Cpapp,105,621,321,14.2,38,-645
Cpapp,106,623,319,15.0,38,-1819
Cpapp,107,620,319,15.2,40,416
Cpapp,108,622,306,16.1,40,-128
Cpapp,109,621,300,16.2,40,-241
Cpapp,110,622,294,16.0,40,-1161
Cpapp,111,622,290,16.2,40,-737
Cpapp,112,611,282,18.1,38,190
Cpapp,113,611,271,19.0,36,-867
Cpapp,114,617,271,18.0,38,-1006
Cpapp,115,608,263,18.1,39,-846
Cpapp,116,599,263,19.1,39,-874
Cpapp,117,597,262,18.2,36,-124
Cpapp,118,602,264,18.0,33,-1180
Cpappd,119,612,238,16.0,32,-876
Cpappd,120,606,230,16.1,31,322
Cpappd,121,603,230,16.1,34,305
Cpappd,122,605,234,16.2,34,-323
Cpappd,123,607,230,16.3,34,-85
Cpappd,124,609,238,16.1,34,-371
Cpappd,125,606,228,16.1,34,-1390
Cpappd,126,612,233,15.3,34,-295
Cpappd,127,612,228,15.1,34,-1533
Cpappd,128,611,231,14.4,32,27
Cpappd,129,611,235,15.3,34,-556
Cpappd,130,614,242,15.2,34,-138
Cpappd,131,610,243,16.0,34,-1659
Cpappd,132,617,245,16.0,34,-456
Cpappd,133,615,247,15.2,34,-1187
Cpappd,134,616,247,15.0,34,-600
Cpappd,135,617,246,14.1,34,-60
Cpappd,136,614,246,14.1,34,-425
Cpappd,137,617,251,13.3,34,-1278
Cpappd,138,620,257,14.1,34,-755
Cpappd,139,612,243,14.1,34,-1188
Cpappd,140,618,247,14.2,34,-581
Cpappd,141,614,257,14.1,34,-331
Cpappd,142,610,258,14.1,34,-1302
Cpappd,143,613,256,14.1,32,-1046
Cpappd,144,612,254,14.1,34,-1003
Cpappd,145,618,255,14.0,34,-1633
Cpappd,146,618,255,14.1,34,-1818
Cpappd,147,614,260,13.1,34,-654
Cpappd,148,619,262,12.1,34,163
Cpappd,149,619,260,12.1,34,-1968
Cpappd,150,612,257,12.1,34,-1040
Cpappd,151,616,257,12.2,34,-702
Cpappd,152,606,260,12.0,34,-722
Cpappd,153,610,258,12.0,31,-912
Cpappd,154,605,253,11.3,34,-578
Cpappd,155,607,253,11.2,31,-1983
Cpappd,156,608,253,12.0,34,-838
Cpappd,157,609,261,11.4,31,-282
Cpappd,158,607,258,11.2,34,-551
Cpappd,159,600,253,12.0,31,-853
Cpappd,160,604,257,12.1,34,-412
Cpappv,119,573,277,19.9,32,-373
Cpappv,120,566,271,20.1,31,-1012
Cpappv,121,561,270,20.0,34,45
Cpappv,122,565,278,20.0,32,-1184
Cpappv,123,568,282,21.0,34,-208
Cpappv,124,568,282,21.0,34,-1155
Cpappv,125,571,273,21.0,34,26
Cpappv,126,571,273,21.0,34,-854
Cpappv,127,586,269,21.1,34,695
Cpappv,128,583,270,21.0,26,100
Cpappv,129,571,276,21.1,34,353
Cpappv,130,572,280,21.1,34,358
Cpappv,131,572,276,21.1,34,-1180
Cpappv,132,575,273,21.1,32,-592
Cpappv,133,577,270,21.1,34,-963
Cpappv,134,582,269,20.2,34,181
Cpappv,135,591,266,20.0,30,-266
Cpappv,136,589,261,19.2,32,-1330
Cpappv,137,595,259,19.9,30,-1055
Cpappv,138,593,267,20.1,34,-998
Cpappv,139,592,253,19.2,34,-899
Cpappv,140,589,255,19.2,34,-1238
Cpappv,141,590,264,20.0,34,-933
Cpappv,142,594,267,20.1,34,-1339
Cpappv,143,591,266,20.2,34,1026
Cpappv,144,594,266,20.1,34,-1203
Cpappv,145,597,262,19.3,32,-205
Cpappv,146,600,266,19.3,34,57
Cpappv,147,608,267,19.0,34,-995
Cpappv,148,606,266,18.2,34,-376
Cpappv,149,610,270,18.1,32,85
Cpappv,150,607,275,18.3,32,741
Cpappv,151,611,268,18.3,34,-6
Cpappv,152,613,262,18.1,34,633
Cpappv,153,617,263,18.0,31,-313
Cpappv,154,612,258,18.0,34,-273
Cpappv,155,615,258,18.0,31,32
Cpappv,156,615,257,18.0,32,-132
Cpappv,157,614,260,17.3,31,-11
Cpappv,158,615,249,17.2,34,-272
Cpappv,159,612,249,17.3,31,-1362
Cpappv,160,612,251,17.9,30,-708
Cpp,41,578,269,10.2,51,-661
Cpp,42,593,275,10.8,60,-563
Cpp,43,606,284,10.7,60,-861
Cpp,44,617,291,9.9,61,-977
Cpp,45,623,301,11.0,62,-1002
Cpp,46,617,312,11.6,61,-1049
Cpp,47,618,288,10.9,60,-1251
Cpp,48,619,277,10.0,55,-1432
Cpp,49,617,270,9.3,57,-1510
Cpp,50,613,265,9.3,57,-1677
Cpp,51,609,273,8.4,55,-2123
Cpp,52,596,279,8.3,59,-2150
Cpp,53,588,276,9.4,59,-2276
Cpp,54,583,277,9.4,57,-1777
Cpp,55,592,289,9.3,59,-1775
Cpp,56,603,291,10.0,56,-1677
Cpp,57,598,293,10.1,55,-1838
Cpp,58,592,287,10.0,54,-1526
Cpp,59,587,299,10.0,55,-1993
Cpp,60,590,297,9.1,52,-1346
Cpp,61,603,298,11.1,51,-1325
Cppa,62,618,270,11.2,37,-1606
Cppa,63,616,247,11.1,48,-740
Cppa,64,619,254,11.0,47,-975
Cppa,65,624,245,10.1,45,-1093
Cppa,66,624,247,10.1,44,-700
Cppa,67,627,254,11.1,43,-1073
Cppa,68,623,265,12.0,45,-1292
Cppa,69,618,268,12.2,45,-1130
Cppa,70,618,279,13.1,48,-1061
Cppa,71,615,284,14.0,46,-834
Cppa,72,617,282,13.0,44,-1667
Cppa,73,604,272,12.1,48,-638
Cppa,74,603,274,13.0,46,-1401
Cppa,75,610,280,13.2,48,-740
Cppa,76,609,293,14.9,44,-1139
Cppa,77,611,292,15.0,46,-1304
Cppa,78,617,297,16.0,44,-814
Cppa,79,619,283,16.2,48,-471
Cppa,80,615,276,17.1,48,-622
Cppa,81,614,266,16.3,48,-397
Cppa,82,613,281,16.2,46,-437
Cppa,83,619,279,16.3,48,-305
Cppa,84,616,285,16.2,48,-36
Cppa,85,622,296,17.1,47,-750
Cppa,86,623,285,17.0,46,-1087
Cppa,87,626,285,17.0,40,-804
Cppa,88,611,282,18.1,41,-728
Cppa,89,603,289,19.0,41,-220
Cppa,90,589,295,19.1,40,19
Cppa,91,583,298,19.1,39,-598
Cppa,92,583,297,18.2,39,-398
Cppaa,93,572,262,20.0,35,-46
Cppaa,94,571,256,20.9,35,84
Cppaa,95,568,252,20.1,37,-466
Cppaa,96,564,252,19.2,38,20
Cppaa,97,556,247,20.1,40,-181
Cppaa,98,559,241,20.1,40,-445
Cppaa,99,550,241,20.1,40,82
Cppaa,100,544,241,20.1,36,346
Cppaa,101,538,238,19.2,40,-41
Cppaa,102,529,240,21.1,40,-1721
Cppaa,103,523,250,20.0,40,727
Cppaa,104,525,249,19.1,40,-57
Cppaa,105,521,236,20.1,40,-48
Cppaa,106,518,236,19.1,40,-257
Cppaa,107,516,237,19.2,38,-199
Cppaa,108,505,239,20.2,36,34
Cppaa,109,499,245,20.0,38,-493
Cppaa,110,491,239,19.0,36,-924
Cppaa,111,476,250,19.1,36,88
Cppaa,112,475,246,18.1,40,-413
Cppaa,113,476,249,18.0,40,-1026
Cppaa,114,477,254,17.1,40,-811
Cppaa,115,472,264,17.1,39,-245
Cppaa,116,469,260,17.0,39,-810
Cppaa,117,469,256,17.1,38,-576
Cppaa,118,474,259,17.2,37,-564
Cppaa,119,474,255,17.5,36,173
Cppaa,120,474,250,17.8,35,-552
Cppaa,121,473,245,18.1,34,-1313
Cppaa,122,466,252,18.0,26,1107
Cppaa,123,462,249,17.0,38,-414
Cppaa,124,462,241,17.0,37,-837
Cppaa,125,462,232,17.1,36,-90
Cppaa,126,462,224,17.1,35,-299
Cppaa,127,463,215,17.1,34,-487
Cppaa,128,463,211,17.1,34,-137
Cppaa,129,459,205,16.3,34,-1166
Cppaa,130,459,213,17.1,34,-457
Cppaa,131,458,210,16.1,34,1011
Cppaa,132,465,215,16.1,34,-813
Cppaa,133,467,216,16.0,34,-1226
Cppaaa,134,447,196,14.2,30,-37
Cppaaa,135,445,192,13.3,34,113
Cppaaa,136,449,191,13.2,34,147
Cppaaa,137,448,191,13.3,34,-1030
Cppaaa,138,449,183,14.2,34,741
Cppaaa,139,447,181,14.2,34,206
Cppaaa,140,446,178,14.1,34,-1271
Cppaaa,141,450,174,14.1,34,180
Cppaaa,142,452,173,15.0,32,-394
Cppaaa,143,448,168,15.1,34,-833
Cppaaa,144,448,168,14.3,34,-929
Cppaaa,145,448,166,14.0,34,-833
Cppaaa,146,450,164,14.0,34,-1324
Cppaaa,147,447,164,14.0,34,-450
Cppaaa,148,448,163,14.1,34,-514
Cppaaa,149,442,163,14.1,34,-935
Cppaaa,150,440,162,14.1,34,-878
Cppaaa,151,446,159,14.2,34,-1547
Cppaaa,152,444,157,14.0,34,-1363
Cppaaa,153,445,159,14.1,31,-820
Cppaaa,154,442,158,13.2,34,-404
Cppaaa,155,440,157,12.4,31,826
Cppaaa,156,441,156,13.0,34,-694
Cppaaa,157,441,158,12.3,31,-347
Cppaaa,158,443,157,12.3,34,-844
Cppaaa,159,434,159,13.0,31,17
Cppaaa,160,438,158,13.1,34,-1535
Cppaap,134,481,235,18.0,38,64
Cppaap,135,481,232,17.6,38,2
Cppaap,136,480,229,17.1,37,-552
Cppaap,137,479,225,16.7,36,317
Cppaap,138,478,222,16.2,36,-175
Cppaap,139,477,219,15.8,35,-625
Cppaap,140,476,215,15.3,34,-659
Cppaap,141,474,218,16.1,34,-436
Cppaap,142,472,213,16.2,34,261
Cppaap,143,475,208,16.0,34,-333
Cppaap,144,473,209,15.2,34,-821
Cppaap,145,471,210,15.3,32,-294
Cppaap,146,468,208,15.1,34,-819
Cppaap,147,474,207,15.2,32,-1498
Cppaap,148,478,210,15.2,34,940
Cppaap,149,467,211,15.2,34,-1077
Cppaap,150,466,207,16.1,34,-171
Cppaap,151,471,203,16.1,34,208
Cppaap,152,471,202,15.2,34,-635
Cppaap,153,473,201,16.0,31,532
Cppaap,154,470,195,16.0,34,-1201
Cppaap,155,470,189,16.1,31,-644
Cppaap,156,473,192,15.1,34,232
Cppaap,157,476,194,15.0,31,-286
Cppaap,158,474,184,15.1,34,-113
Cppaap,159,471,175,15.1,31,-650
Cppaap,160,476,174,15.1,34,-1254
Cppap,93,587,318,18.2,35,-1049
Cppap,94,586,325,18.0,37,-1075
Cppap,95,588,328,18.1,39,-239
Cppap,96,586,333,18.1,40,196
Cppap,97,583,334,19.1,40,-241
Cppap,98,583,323,20.0,40,-369
Cppap,99,581,316,19.1,40,-657
Cppap,100,581,312,20.0,40,-787
Cppap,101,572,301,20.0,40,-500
Cppap,102,564,309,19.1,40,-1134
Cppap,103,562,311,20.0,40,-200
Cppap,104,555,301,19.1,40,-223
Cppap,105,554,296,19.0,40,-215
Cppap,106,540,297,17.1,40,-663
Cppap,107,541,288,18.0,40,-516
Cppap,108,529,283,17.1,40,-692
Cppap,109,524,283,17.1,40,-364
Cppap,110,529,280,18.1,40,-489
Cppap,111,525,280,19.0,36,-94
Cppap,112,516,277,17.1,40,-983
Cppap,113,515,275,18.1,40,-331
Cppap,114,520,278,18.1,40,-110
Cppap,115,514,270,18.0,39,-242
Cppap,116,508,269,16.0,26,-223
Cppap,117,512,274,16.1,38,-353
Cppap,118,515,275,17.0,37,-662
Cppap,119,514,265,16.0,36,-752
Cppap,120,514,258,17.0,35,79
Cppap,121,516,249,17.2,34,24
Cppap,122,516,242,18.0,34,-54
Cppap,123,512,244,18.0,26,135
Cppap,124,512,240,17.8,29,-1350
Cppap,125,512,235,17.5,32,-595
Cppap,126,512,230,17.3,35,-639
Cppap,127,513,225,17.0,38,-552
Cppap,128,512,222,17.0,37,87
Cppap,129,511,219,17.1,36,-897
Cppap,130,509,216,17.1,34,-208
Cppap,131,516,212,16.9,30,1181
Cppapa,132,503,195,14.1,30,-596
Cppapa,133,504,189,13.1,30,-1239
Cppapa,134,496,196,11.1,26,-975
Cppapa,135,488,196,12.1,26,-96
Cppapa,136,493,194,12.1,34,-1232
Cppapa,137,490,200,13.1,34,-320
Cppapa,138,490,200,13.2,34,-429
Cppapa,139,490,194,12.8,34,-705
Cppapa,140,490,188,12.4,33,-1408
Cppapa,141,489,181,12.0,32,-1088
Cppapa,142,489,181,12.0,32,-1174
Cppapa,143,488,176,13.1,34,-530
Cppapa,144,489,176,13.2,34,-1794
Cppapa,145,489,179,14.0,30,-168
Cppapa,146,489,176,13.2,32,-751
Cppapa,147,492,173,14.0,34,-802
Cppapa,148,492,173,14.0,34,-230
Cppapa,149,490,176,13.1,34,-651
Cppapa,150,486,175,13.1,34,-742
Cppapa,151,491,171,13.1,34,-872
Cppapa,152,493,169,13.0,34,-659
Cppapa,153,499,173,12.2,31,173
Cppapa,154,497,167,12.2,34,-1076
Cppapa,155,500,165,11.2,31,-1184
Cppapa,156,496,171,12.0,34,-498
Cppapa,157,502,172,11.2,31,-660
Cppapa,158,496,174,11.1,34,-1481
Cppapa,159,501,174,11.0,31,-834
Cppapa,160,505,174,11.0,34,14
Cppapp,132,524,229,17.8,30,641
Cppapp,133,528,232,17.1,34,-453
Cppapp,134,528,231,18.0,30,-146
Cppapp,135,532,224,18.0,34,288
Cppapp,136,532,218,17.1,34,-204
Cppapp,137,526,221,16.2,34,310
Cppapp,138,532,223,16.2,34,-557
Cppapp,139,531,215,17.1,34,-1110
Cppapp,140,530,212,16.3,34,-264
Cppapp,141,531,214,16.2,34,-573
Cppapp,142,524,214,16.3,34,-537
Cppapp,143,522,208,16.2,34,-281
Cppapp,144,526,212,17.0,34,-973
Cppapp,145,527,207,15.1,34,-76
Cppapp,146,523,212,16.1,34,-122
Cppapp,147,527,209,16.0,34,-526
Cppapp,148,527,208,15.1,34,-1009
Cppapp,149,522,205,16.0,34,-505
Cppapp,150,518,198,17.0,34,-328
Cppapp,151,517,194,17.0,34,629
Cppapp,152,516,193,16.1,34,-633
Cppapp,153,519,191,17.0,26,-541
Cppapp,154,519,181,17.1,26,-407
Cppapp,155,510,179,16.2,31,-357
Cppapp,156,508,180,15.3,32,-365
Cppapp,157,516,180,16.2,31,290
Cppapp,158,514,179,16.2,34,127
Cppapp,159,511,180,16.1,31,-888
Cppapp,160,515,183,17.1,34,-511
Cppp,62,597,326,11.0,41,-1437
Cppp,63,605,315,9.9,50,-811
Cppp,64,610,327,9.9,47,-1428
Cppp,65,613,332,9.1,47,-1766
Cppp,66,610,343,9.2,44,-1350
Cppp,67,608,354,11.0,43,-1529
Cppp,68,603,364,11.2,45,-802
Cppp,69,605,364,12.1,43,-1462
Cppp,70,593,373,13.0,44,-1331
Cppp,71,586,382,13.1,48,-390
Cppp,72,586,380,12.9,44,-1255
Cppp,73,591,376,11.2,48,-923
Cppp,74,591,378,12.2,46,-500
Cppp,75,589,373,12.3,46,-1017
Cppp,76,573,376,13.1,46,-1746
Cppp,77,566,366,13.0,48,-404
Cppp,78,559,366,13.1,46,-1593
Cppp,79,568,362,14.0,48,-1303
Cppp,80,580,350,13.3,46,-76
Cppp,81,578,351,14.1,48,-1317
Cppp,82,577,347,14.1,48,-1053
Cppp,83,574,342,14.3,46,-1502
Cppp,84,578,341,14.2,48,-1066
Cppp,85,577,340,14.2,47,-1390
Cppp,86,581,332,14.0,46,-1214
Cppp,87,580,324,14.0,44,-888
Cppp,88,580,312,14.0,37,-1290
Cpppa,89,570,290,14.0,37,-1070
Cpppa,90,581,274,14.0,38,-270
Cpppa,91,585,265,14.0,39,-1025
Cpppa,92,601,264,14.1,39,-1092
Cpppa,93,603,265,14.2,39,-842
Cpppa,94,597,267,14.2,39,-392
Cpppa,95,594,262,14.2,39,-1783
Cpppa,96,596,262,14.2,40,-571
Cpppa,97,593,262,15.1,40,32
Cpppa,98,590,256,15.1,40,-1011
Cpppa,99,586,247,14.0,38,153
Cpppa,100,584,242,14.2,38,-208
Cpppa,101,577,246,14.3,38,-610
Cpppa,102,581,251,14.9,36,-663
Cpppa,103,574,251,16.0,40,-684
Cpppa,104,570,246,15.1,40,-407
Cpppa,105,560,238,16.0,40,-457
Cpppa,106,560,239,15.3,40,-553
Cpppa,107,556,240,15.2,40,-237
Cpppa,108,553,238,15.2,40,-480
Cpppa,109,549,249,14.2,40,-476
Cpppa,110,552,257,14.1,40,-645
Cpppa,111,561,256,15.0,40,-902
Cpppa,112,558,259,14.2,40,-715
Cpppa,113,555,250,14.2,40,-170
Cpppa,114,558,255,14.2,40,201
Cpppa,115,549,249,14.3,39,-67
Cpppa,116,545,243,15.1,39,-306
Cpppa,117,546,233,15.1,38,-203
Cpppa,118,542,230,14.1,37,-734
Cpppa,119,541,222,14.1,36,-962
Cpppa,120,534,216,14.1,35,-1369
Cpppa,121,530,214,14.0,34,-780
Cpppa,122,531,220,14.1,34,-651
Cpppa,123,523,222,14.1,34,-555
Cpppa,124,522,228,13.2,34,-669
Cpppa,125,518,212,13.2,34,-181
Cpppaa,126,493,183,12.9,30,-302
Cpppaa,127,489,177,13.1,30,-995
Cpppaa,128,485,176,13.0,34,-364
Cpppaa,129,485,184,13.1,32,42
Cpppaa,130,493,185,12.1,34,-774
Cpppaa,131,495,183,11.2,34,-1284
Cpppaa,132,493,185,11.1,34,-778
Cpppaa,133,491,183,10.2,34,-382
Cpppaa,134,491,185,9.4,32,-912
Cpppaa,135,491,182,10.1,34,-1900
Cpppaa,136,489,181,9.3,32,-694
Cpppaa,137,486,181,10.1,34,-1823
Cpppaa,138,487,183,10.2,34,-1816
Cpppaa,139,485,181,10.0,34,-1952
Cpppaa,140,486,180,10.0,34,-1181
Cpppaa,141,489,182,9.3,34,-1314
Cpppaa,142,489,180,10.1,34,-1030
Cpppaa,143,487,173,10.1,34,-1105
Cpppaa,144,489,173,9.9,30,-1980
Cpppaa,145,490,176,9.1,34,-1343
Cpppaa,146,489,167,10.0,30,-1393
Cpppaa,147,491,167,9.2,34,-1229
Cpppaa,148,489,169,9.2,34,-282
Cpppaa,149,488,171,9.3,34,-563
Cpppaa,150,482,166,9.3,34,-68
Cpppaa,151,479,161,9.4,34,-370
Cpppaa,152,476,163,9.3,34,-1097
Cpppaa,153,476,161,9.3,31,-1071
Cpppaa,154,473,158,9.1,34,-940
Cpppaa,155,481,157,9.0,31,-1871
Cpppaa,156,479,162,9.1,34,-1594
Cpppaa,157,474,162,8.4,31,-636
Cpppaa,158,467,159,8.2,34,-1572
Cpppaa,159,459,156,8.2,31,-250
Cpppaa,160,467,157,8.1,34,-1879
Cpppap,126,543,221,15.0,30,-798
Cpppap,127,545,217,14.1,34,309
Cpppap,128,544,211,13.2,34,444
Cpppap,129,553,210,13.1,34,630
Cpppap,130,555,212,13.2,34,-85
Cpppap,131,553,204,13.1,34,-354
Cpppap,132,555,208,12.3,34,-205
Cpppap,133,550,205,13.2,34,-1636
Cpppap,134,547,203,13.1,34,-1226
Cpppap,135,542,193,13.1,34,-651
Cpppap,136,541,195,12.3,34,-797
Cpppap,137,536,196,12.2,34,-641
Cpppap,138,535,197,12.2,34,-692
Cpppap,139,528,191,12.1,34,-1302
Cpppap,140,534,189,12.2,34,-2421
Cpppap,141,532,191,12.1,34,-598
Cpppap,142,528,191,12.2,34,-782
Cpppap,143,529,191,12.0,34,-758
Cpppap,144,527,189,11.4,34,-181
Cpppap,145,529,195,12.1,34,-612
Cpppap,146,525,193,12.2,34,-1552
Cpppap,147,528,189,12.1,34,-1161
Cpppap,148,530,197,12.1,34,-1500
Cpppap,149,530,199,13.0,34,-454
Cpppap,150,527,196,13.0,34,-947
Cpppap,151,529,194,12.2,34,-1427
Cpppap,152,530,192,12.3,34,-690
Cpppap,153,535,199,13.2,31,-479
Cpppap,154,537,195,13.2,32,-1323
Cpppap,155,544,200,13.2,31,-747
Cpppap,156,541,198,13.0,34,-1401
Cpppap,157,543,199,13.1,31,-749
Cpppap,158,539,198,13.1,34,-997
Cpppap,159,538,195,13.1,31,-540
Cpppap,160,543,194,13.1,34,-475
Cpppp,89,588,340,15.0,37,-304
Cpppp,90,591,344,15.1,36,-22
Cpppp,91,600,334,15.3,39,-77
Cpppp,92,600,339,16.0,39,-379
Cpppp,93,600,340,15.0,39,-757
Cpppp,94,603,341,14.2,39,-140
Cpppp,95,603,335,14.2,39,-868
Cpppp,96,598,333,15.2,40,-1724
Cpppp,97,602,332,15.2,38,132
Cpppp,98,607,319,16.0,40,-1241
Cpppp,99,596,310,16.1,40,-1680
Cpppp,100,599,304,16.1,40,-238
Cpppp,101,590,306,16.0,40,-338
Cpppp,102,589,313,15.3,40,116
Cpppp,103,581,309,16.0,40,-1163
Cpppp,104,583,300,15.2,40,442
Cpppp,105,578,293,15.1,40,-338
Cpppp,106,582,293,16.0,40,-1014
Cpppp,107,583,294,16.0,40,488
Cpppp,108,579,295,17.0,40,-921
Cpppp,109,574,297,17.1,38,-440
Cpppp,110,571,294,17.2,40,-1302
Cpppp,111,569,298,17.2,40,165
Cpppp,112,560,290,18.1,40,-919
Cpppp,113,562,290,18.0,40,-758
Cpppp,114,569,291,18.0,40,-800
Cpppp,115,565,289,17.1,39,-35
Cpppp,116,564,296,17.2,39,-261
Cpppp,117,560,289,17.1,36,-290
Cpppp,118,558,289,17.1,37,-182
Cpppp,119,557,294,16.0,36,-830
Cpppp,120,554,284,15.2,35,-1045
Cpppp,121,558,282,15.1,34,-1366
Cpppp,122,555,281,16.0,34,-1120
Cpppp,123,554,280,15.0,34,-612
Cppppa,124,553,269,14.1,30,-1507
Cppppa,125,555,244,13.8,30,-1381
Cppppa,126,565,245,13.1,34,-970
Cppppa,127,562,239,13.1,34,232
Cppppa,128,566,240,13.0,30,-1252
Cppppa,129,571,239,13.2,34,400
Cppppa,130,570,240,13.3,34,-298
Cppppa,131,574,230,14.0,34,-1423
Cppppa,132,575,227,14.0,34,-909
Cppppa,133,576,231,13.2,32,-379
Cppppa,134,575,228,14.0,32,-830
Cppppa,135,575,227,13.1,32,-687
Cppppa,136,573,227,13.2,34,86
Cppppa,137,573,228,12.1,32,-1170
Cppppa,138,572,227,12.2,32,1254
Cppppa,139,567,215,12.3,34,-1466
Cppppa,140,569,219,12.2,32,-663
Cppppa,141,568,224,13.0,30,-1723
Cppppa,142,563,222,13.0,30,-1644
Cppppa,143,563,222,12.2,34,-783
Cppppa,144,564,221,12.1,34,-1154
Cppppa,145,565,222,11.3,34,-2166
Cppppa,146,563,219,11.1,34,-1759
Cppppa,147,562,219,11.2,34,-1439
Cppppa,148,561,222,10.3,32,-796
Cppppa,149,559,222,10.2,34,-1426
Cppppa,150,560,222,10.1,34,-2072
Cppppa,151,550,215,9.1,34,-1281
Cppppa,152,549,218,9.1,34,-1049
Cppppa,153,550,219,9.1,31,-1602
Cppppa,154,549,215,9.0,34,-1322
Cppppa,155,547,209,9.1,31,-986
Cppppa,156,547,209,9.0,34,-1786
Cppppa,157,545,211,8.2,31,-911
Cppppa,158,545,215,8.1,34,-1814
Cppppa,159,544,214,8.0,31,-1645
Cppppa,160,547,215,8.0,34,-1940
Cppppp,124,545,294,16.3,32,484
Cppppp,125,544,289,17.3,34,-707
Cppppp,126,554,285,19.0,34,-879
Cppppp,127,566,280,18.2,26,-1065
Cppppp,128,551,269,18.0,34,-1158
Cppppp,129,547,270,17.0,32,-275
Cppppp,130,545,266,17.2,34,244
Cppppp,131,545,256,18.0,26,456
Cppppp,132,550,264,18.1,34,-668
Cppppp,133,550,264,18.1,32,33
Cppppp,134,553,270,17.0,34,-239
Cppppp,135,558,266,17.1,34,-648
Cppppp,136,555,264,17.4,34,-573
Cppppp,137,552,261,17.7,34,-470
Cppppp,138,549,258,18.0,34,-1924
Cppppp,139,554,253,17.2,34,211
Cppppp,140,548,248,17.2,34,-641
Cppppp,141,550,255,17.3,34,-118
Cppppp,142,555,255,17.2,34,-661
Cppppp,143,547,256,18.0,34,1031
Cppppp,144,547,256,18.0,34,-777
Cppppp,145,565,253,16.2,34,-354
Cppppp,146,570,254,16.2,34,53
Cppppp,147,567,255,16.1,34,286
Cppppp,148,574,258,15.3,34,-41
Cppppp,149,572,252,15.3,32,-1372
Cppppp,150,570,247,15.3,34,-1122
Cppppp,151,568,247,15.1,34,-268
Cppppp,152,570,242,15.2,34,-610
Cppppp,153,577,248,15.2,31,33
Cppppp,154,572,239,15.1,34,-1108
Cppppp,155,573,237,15.2,31,296
Cppppp,156,572,238,15.1,34,-922
Cppppp,157,571,240,16.0,29,-112
Cppppp,158,575,239,14.2,34,-825
Cppppp,159,574,239,15.2,31,-741
Cppppp,160,579,238,15.0,34,-1073
P3,15,546,336,11.8,52,-1379
P3,16,554,360,12.9,54,-827
P3,17,566,379,12.7,63,-1029
P3,18,582,386,13.2,62,-676
P3,19,583,374,14.4,62,-772
P3,20,576,378,14.3,63,-977
P3,21,587,361,11.6,63,-1288
P3,22,590,357,12.5,62,-1495
P3,23,594,341,12.5,63,-1653
P3,24,605,324,12.4,62,-1017
P3,25,607,289,12.3,65,-1521
P3,26,596,285,11.7,65,-1955
P3,27,597,303,12.5,63,-1282
P3,28,594,302,11.4,63,-1453
P3,29,590,328,10.9,63,-1107
D,30,603,285,13.4,58,-691
D,31,615,284,14.8,58,-392
D,32,624,288,15.1,56,-869
D,33,623,290,15.1,56,-623
D,34,621,290,15.0,58,-1916
D,35,618,291,14.2,58,-1347
D,36,620,296,14.7,58,-868
D,37,618,309,13.3,60,-778
D,38,616,315,14.6,59,-1445
D,39,611,323,14.9,59,-833
D,40,600,333,14.3,61,-1392
D,41,597,348,14.4,61,-1272
D,42,596,349,15.7,60,-1233
D,43,591,355,16.0,60,-942
D,44,592,356,16.7,61,-1011
D,45,585,354,17.7,62,-703
D,46,576,358,17.9,61,-880
D,47,580,348,17.8,60,-781
D,48,587,345,16.1,55,-1250
D,49,592,344,15.2,59,-1123
D,50,591,338,15.8,53,-1852
Da,51,591,361,13.2,45,-1188
Da,52,577,371,10.8,53,-1089
Da,53,580,376,9.9,53,-790
Da,54,588,368,9.1,53,-1216
Da,55,581,378,8.8,53,-938
Da,56,568,388,9.2,52,-1221
Da,57,563,390,9.0,51,-1243
Da,58,571,383,9.9,52,-1121
Da,59,565,388,9.9,51,-1457
Da,60,557,391,8.9,52,-1811
Da,61,548,401,9.9,51,-1562
Da,62,549,403,9.9,51,-1194
Da,63,550,406,11.0,52,-490
Da,64,547,408,12.0,51,-958
Da,65,552,403,12.0,47,-735
Da,66,551,403,15.0,44,-1743
Da,67,541,397,15.1,43,-1254
Da,68,528,393,16.1,45,-2132
Da,69,517,392,17.2,47,-1592
Da,70,508,396,17.2,48,-1209
Da,71,503,403,17.2,48,-708
Da,72,505,405,17.2,48,-601
Da,73,511,407,16.3,48,-704
Da,74,503,415,17.1,48,-636
Da,75,496,403,17.2,48,-730
Da,76,493,398,17.2,48,-805
Da,77,486,385,17.1,48,-252
Da,78,484,387,18.1,48,-1304
Da,79,482,385,18.9,44,-381
Daa,80,461,383,19.1,36,148
Daa,81,453,389,19.2,40,-587
Daa,82,443,378,20.1,44,-73
Daa,83,434,369,20.0,44,-37
Daa,84,423,368,20.0,44,-550
Daa,85,425,364,19.7,39,-728
Daa,86,428,359,19.4,34,-528
Daa,87,431,354,19.1,28,59
Daa,88,431,347,20.0,37,-381
Daa,89,424,344,18.1,26,1031
Daa,90,423,348,18.9,36,377
Daa,91,427,341,18.1,39,1003
Daa,92,426,344,18.1,39,-154
Daa,93,429,337,18.0,39,-540
Daa,94,428,343,17.2,39,-403
Daa,95,429,342,17.2,39,-370
Daa,96,429,339,17.0,36,-415
Daa,97,436,346,17.1,40,-411
Daa,98,438,340,17.1,38,-621
Daa,99,428,346,17.1,40,483
Daa,100,427,345,17.0,40,-1099
Daa,101,412,343,17.0,40,-820
Daa,102,409,349,16.0,40,-601
Daa,103,400,345,16.0,40,-166
Daa,104,403,347,15.1,40,-400
Daa,105,402,347,15.1,40,-524
Daa,106,398,351,14.1,38,-8
Daa,107,398,351,15.1,40,-684
Daa,108,390,347,15.0,36,118
Daa,109,395,353,14.1,40,-419
Daa,110,387,355,14.1,40,-489
Daa,111,386,359,13.2,40,-523
Daa,112,391,360,13.0,36,-146
Daaa,113,375,360,11.9,36,-1746
Daaa,114,377,365,11.0,26,-399
Daaa,115,377,366,11.2,28,-482
Daaa,116,377,367,11.4,30,-702
Daaa,117,377,368,11.6,32,84
Daaa,118,377,369,11.8,34,-253
Daaa,119,377,370,12.0,36,-447
Daaa,120,374,372,11.9,36,-456
Daaa,121,371,374,11.7,36,-1145
Daaa,122,368,376,11.6,36,-502
Daaa,123,365,379,11.4,36,-1075
Daaa,124,362,381,11.3,36,-100
Daaa,125,359,383,11.1,36,-235
Daaa,126,356,386,11.0,36,-325
Daaa,127,354,383,11.1,36,-499
Daaa,128,351,380,11.1,35,-1165
Daaa,129,348,376,11.2,34,-624
Daaa,130,351,375,10.0,34,340
Daaa,131,348,377,12.1,34,-1119
Daaa,132,347,380,11.4,32,-491
Daaa,133,342,378,12.0,34,-386
Daaa,134,340,381,12.1,34,-1348
Daaa,135,341,378,12.1,34,-1112
Daaa,136,344,378,12.1,34,-365
Daaa,137,340,381,12.1,26,-1128
Daaa,138,344,383,11.2,34,-165
Daaa,139,346,382,11.2,34,-1003
Daaa,140,344,383,11.5,34,-2005
Daaa,141,341,384,11.7,34,-1341
Daaa,142,338,385,12.0,34,-1163
Daaa,143,336,386,12.0,34,-1038
Daaa,144,333,387,12.0,34,-1267
Daaa,145,331,388,12.0,34,-1664
Daaa,146,328,389,12.0,34,-492
Daaa,147,324,390,12.1,30,-797
Daaa,148,322,385,12.0,30,-1530
Daaaa,149,303,381,12.0,26,-583
Daaaa,150,303,381,12.2,26,-1746
Daaaa,151,303,381,12.4,27,1342
Daaaa,152,304,380,12.6,28,56
Daaaa,153,304,380,12.8,29,-207
Daaaa,154,305,379,13.0,30,-956
Daaaa,155,306,380,12.5,30,111
Daaaa,156,308,382,12.0,30,1232
Daaaa,157,310,384,11.5,30,-472
Daaaa,158,312,386,11.0,30,-357
Daaaa,159,310,384,10.8,29,-812
Daaaa,160,308,381,10.7,28,-804
Daaap,149,340,387,10.3,32,-691
Daaap,150,342,378,10.1,30,-1077
Daaap,151,339,371,10.1,26,-1688
Daaap,152,334,369,9.2,26,-429
Daaap,153,331,368,9.9,29,-847
Daaap,154,329,365,10.1,26,-1181
Daaap,155,335,366,9.2,31,-1084
Daaap,156,340,369,9.2,30,91
Daaap,157,340,369,8.3,31,-1452
Daaap,158,337,367,9.1,32,-1387
Daaap,159,336,363,9.0,31,-184
Daaap,160,332,363,8.3,34,-423
Daap,113,409,359,15.2,38,454
Daap,114,420,359,16.0,40,-249
Daap,115,419,356,16.0,39,336
Daap,116,421,354,15.1,39,-249
Daap,117,422,353,15.1,38,1321
Daap,118,420,356,15.2,37,-81
Daap,119,418,348,15.0,36,640
Daap,120,414,351,15.1,35,-754
Daap,121,410,356,15.1,34,-575
Daap,122,407,359,14.2,34,-284
Daap,123,400,355,15.0,34,-716
Daap,124,393,357,14.1,34,297
Daap,125,394,357,14.2,34,-606
Daap,126,389,364,14.1,34,-1068
Daap,127,391,369,14.1,34,230
Daap,128,388,364,14.1,34,-929
Daap,129,388,366,13.1,32,-878
Daap,130,380,363,14.0,34,-876
Daap,131,382,356,13.2,34,-551
Daap,132,379,354,13.1,34,738
Daap,133,381,358,13.1,34,-841
Daap,134,373,362,13.1,34,-426
Daap,135,381,361,13.2,34,-535
Daap,136,381,359,13.1,34,-1990
Daap,137,380,362,13.1,34,-550
Daap,138,383,362,13.1,34,450
Daap,139,379,360,13.0,34,-9
Daap,140,379,358,11.2,34,-74
Daap,141,378,362,13.0,34,-900
Daap,142,379,361,12.1,34,-202
Daap,143,374,359,13.1,34,1229
Daap,144,376,357,13.0,34,934
Daap,145,381,360,12.1,34,1531
Daap,146,384,364,12.1,34,2226
Daap,147,380,369,13.2,34,1058
Daap,148,380,374,12.2,34,1466
Daap,149,376,381,13.1,32,2507
Daap,150,376,381,13.0,30,706
Daap,151,372,381,13.0,30,96
Daapa,152,359,390,12.8,30,658
Daapa,153,354,386,13.0,31,951
Daapa,154,345,385,12.1,32,728
Daapa,155,348,389,12.3,31,3904
Daapa,156,343,390,13.0,30,4424
Daapa,157,342,391,12.3,31,3760
Daapa,158,345,391,12.3,29,4177
Daapa,159,348,390,12.2,26,6681
Daapa,160,343,393,13.0,26,6521
Daapp,152,384,378,12.9,30,124
Daapp,153,392,371,12.1,29,-510
Daapp,154,396,372,12.0,30,1290
Daapp,155,395,371,12.1,31,1760
Daapp,156,397,380,12.2,34,2713
Daapp,157,395,384,13.0,31,5030
Daapp,158,394,384,12.2,34,3253
Daapp,159,393,383,13.1,31,5387
Daapp,160,390,384,14.1,30,4934
Dap,80,504,377,17.1,34,16
Dap,81,525,381,18.2,42,-678
Dap,82,518,377,19.0,44,-606
Dap,83,522,371,19.0,44,169
Dap,84,529,371,19.0,44,-590
Dap,85,528,369,18.1,30,-328
Dap,86,536,361,19.1,42,-316
Dap,87,537,355,19.0,40,-328
Dap,88,526,345,20.1,39,-1310
Dap,89,514,337,20.1,37,62
Dap,90,509,337,19.1,40,223
Dap,91,506,325,19.0,37,-58
Dap,92,502,325,19.1,37,-625
Dap,93,505,326,18.1,37,-69
Dap,94,500,326,18.0,39,-766
Dap,95,495,323,17.0,39,-468
Dap,96,495,323,16.0,36,-665
Dap,97,497,326,15.0,40,-1307
Dap,98,505,326,15.1,40,-864
Dap,99,494,324,15.1,40,-848
Dap,100,493,332,15.1,40,-598
Dap,101,482,340,15.1,40,-490
Dap,102,474,346,15.0,40,-1249
Dap,103,462,340,14.0,40,-666
Dap,104,455,339,13.0,40,-1545
Dap,105,447,340,12.2,40,23
Dap,106,450,343,13.1,40,-675
Dap,107,449,341,14.2,32,-985
Dapa,108,426,338,13.2,30,-1320
Dapa,109,429,344,13.8,36,-809
Dapa,110,427,345,13.8,36,-60
Dapa,111,430,349,13.3,38,-1232
Dapa,112,434,353,13.2,36,-62
Dapa,113,436,350,13.1,40,434
Dapa,114,427,355,11.3,40,-566
Dapa,115,422,363,11.2,39,-1024
Dapa,116,421,359,11.2,39,-310
Dapa,117,425,362,11.1,38,-1033
Dapa,118,423,366,10.3,35,-906
Dapa,119,426,367,10.2,36,-1625
Dapa,120,428,372,10.2,35,-490
Dapa,121,432,376,11.1,34,-1260
Dapa,122,422,379,11.1,34,-1342
Dapa,123,417,374,10.2,34,-937
Dapa,124,407,371,10.1,32,-1323
Dapa,125,407,368,10.2,34,-559
Dapa,126,401,369,10.2,34,373
Dapa,127,399,367,11.2,34,-684
Dapa,128,398,370,10.2,34,-1131
Dapa,129,397,367,10.1,34,-394
Dapa,130,399,374,10.0,34,235
Dapa,131,400,371,9.2,34,-1418
Dapa,132,395,373,9.2,34,-58
Dapa,133,398,375,9.1,34,-629
Dapa,134,393,379,9.3,34,-302
Dapa,135,394,379,10.1,34,-985
Dapa,136,392,374,10.0,34,-1272
Dapa,137,394,383,9.2,34,-414
Dapa,138,400,382,9.2,34,-407
Dapa,139,403,383,10.0,34,-445
Dapa,140,399,387,10.1,34,-205
Dapa,141,404,387,10.1,34,-2240
Dapa,142,396,384,10.1,34,-889
Dapa,143,392,385,11.0,30,-845
Dapa,144,393,390,10.8,30,-749
Dapaa,145,364,392,11.1,30,-1511
Dapaa,146,364,389,11.1,30,-1399
Dapaa,147,364,391,11.0,30,-505
Dapaa,148,358,396,10.1,34,-228
Dapaa,149,362,400,10.1,34,-1867
Dapaa,150,370,393,10.2,34,-1358
Dapaa,151,371,397,9.2,34,-1611
Dapaa,152,355,404,8.0,34,-1700
Dapaa,153,361,393,9.1,31,-65
Dapaa,154,368,392,9.3,32,-1843
Dapaa,155,365,395,9.4,31,-914
Dapaa,156,367,395,9.3,34,-1157
Dapaa,157,365,396,9.2,31,22
Dapaa,158,369,394,9.2,34,-1108
Dapaa,159,367,392,9.2,31,532
Dapaa,160,356,395,10.1,32,-60
Dapap,145,418,390,10.0,30,-10
Dapap,146,420,391,10.1,32,-838
Dapap,147,422,392,10.1,34,-692
Dapap,148,419,392,9.3,34,-192
Dapap,149,421,395,9.3,34,-853
Dapap,150,420,395,9.9,33,-220
Dapap,151,419,395,10.4,32,-1299
Dapap,152,418,395,11.0,30,-1497
Dapap,153,418,395,10.8,30,-639
Dapap,154,419,396,10.7,30,612
Dapap,155,420,397,10.5,30,-536
Dapap,156,421,398,10.4,30,45
Dapap,157,422,399,10.2,31,-764
Dapap,158,425,395,10.1,34,-1328
Dapap,159,422,395,10.2,31,-695
Dapap,160,414,396,10.1,34,-954
Dapp,108,479,340,14.1,32,476
Dapp,109,495,344,14.1,34,233
Dapp,110,492,344,14.1,36,-1020
Dapp,111,494,343,13.9,36,-327
Dapp,112,491,342,13.1,40,-868
Dapp,113,490,347,11.2,40,-1164
Dapp,114,486,353,12.0,40,-344
Dapp,115,482,355,11.1,39,-760
Dapp,116,487,355,11.1,39,-1074
Dapp,117,479,350,11.2,36,-577
Dapp,118,476,346,11.1,37,-969
Dapp,119,476,342,11.1,36,39
Dapp,120,474,345,11.1,35,-969
Dapp,121,469,348,11.1,34,-563
Dapp,122,465,348,12.0,34,-579
Dapp,123,456,351,11.2,34,387
Dapp,124,446,350,12.0,34,-1360
Dapp,125,443,351,11.0,34,-1079
Dapp,126,433,356,11.0,34,-148
Dapp,127,429,351,11.1,34,-258
Dapp,128,430,350,10.2,34,441
Dapp,129,434,350,9.1,34,-1064
Dapp,130,437,360,9.0,34,-497
Dapp,131,434,358,9.1,34,-311
Dapp,132,435,358,8.1,34,-1065
Dapp,133,436,359,8.2,34,-1322
Dapp,134,434,362,8.1,34,-1422
Dapp,135,429,355,9.1,34,-70
Dapp,136,429,354,8.3,34,-105
Dapp,137,428,359,8.1,34,-1481
Dapp,138,433,354,8.0,34,-940
Dapp,139,439,356,8.3,34,-1297
Dapp,140,449,360,8.1,34,-1029
Dapp,141,449,357,8.1,34,-1079
Dapp,142,448,362,9.0,34,-525
Dapp,143,441,356,8.3,34,-1459
Dappa,144,419,368,8.7,30,-484
Dappa,145,418,364,9.0,30,-1727
Dappa,146,427,371,8.3,32,-866
Dappa,147,428,371,9.0,34,-487
Dappa,148,430,371,8.1,26,-1078
Dappa,149,431,376,8.0,30,-1851
Dappa,150,433,373,7.3,32,137
Dappa,151,434,372,8.1,34,-1077
Dappa,152,426,372,8.1,34,-864
Dappa,153,428,369,8.0,31,-602
Dappa,154,431,370,8.1,34,-1719
Dappa,155,431,371,8.1,31,-868
Dappa,156,428,371,7.1,34,-297
Dappa,157,427,371,7.1,31,-675
Dappa,158,423,370,7.1,34,-1044
Dappa,159,423,371,7.1,31,-171
Dappa,160,420,377,7.0,34,-1426
Dappp,144,471,345,9.2,30,-960
Dappp,145,476,349,9.2,26,578
Dappp,146,481,353,10.0,30,-1618
Dappp,147,483,357,9.2,26,150
Dappp,148,478,365,9.1,26,298
Dappp,149,481,366,9.1,26,361
Dappp,150,481,366,9.1,26,-2060
Dappp,151,483,361,7.4,26,-166
Dappp,152,482,365,7.4,32,-1624
Dappp,153,482,365,8.0,24,-319
Dappp,154,487,360,7.2,32,-1831
Dappp,155,490,360,7.3,31,21
Dappp,156,489,364,7.3,26,-1295
Dappp,157,485,361,7.4,31,-1089
Dappp,158,485,361,7.4,31,-1061
Dappp,159,474,359,8.0,31,-1655
Dappp,160,467,356,8.0,30,-1719
Dp,51,584,321,18.2,53,-1094
Dp,52,587,324,19.0,53,469
Dp,53,600,308,18.8,53,-387
Dp,54,594,293,20.0,53,-631
Dp,55,591,288,20.0,53,-1019
Dp,56,579,304,20.0,52,-286
Dp,57,571,324,20.1,53,-32
Dp,58,570,325,19.2,52,-1260
Dp,59,558,332,20.0,51,-940
Dp,60,563,336,19.0,52,-812
Dp,61,554,341,20.0,51,-545
Dp,62,553,340,20.1,51,-254
Dp,63,564,334,19.9,50,-140
Dp,64,562,327,19.0,51,-856
Dp,65,572,320,18.1,47,-890
Dp,66,561,324,19.0,44,-780
Dp,67,550,325,19.1,43,-1216
Dp,68,557,325,18.1,45,-613
Dp,69,562,322,18.0,47,-1014
Dp,70,556,315,18.1,48,70
Dp,71,556,328,18.1,46,-1216
Dp,72,563,325,18.1,48,-491
Dp,73,574,317,18.0,46,-450
Dp,74,568,312,18.2,48,-1359
Dp,75,565,303,19.0,48,-565
Dp,76,554,308,19.1,48,-154
Dp,77,552,304,19.0,46,-384
Dp,78,548,309,19.1,48,-847
Dp,79,544,293,19.0,48,-1397
Dp,80,537,287,19.1,40,-792
Dpa,81,516,252,20.1,38,-596
Dpa,82,507,251,20.0,44,-250
Dpa,83,507,240,20.0,44,446
Dpa,84,509,233,20.9,44,-210
Dpa,85,506,225,20.0,30,-420
Dpa,86,503,221,20.0,29,-68
Dpa,87,499,216,20.0,28,-253
Dpa,88,490,216,20.0,24,-274
Dpa,89,491,212,19.9,24,545
Dpa,90,479,213,19.9,36,-540
Dpa,91,477,209,18.1,39,-1477
Dpa,92,477,207,18.1,37,-692
Dpa,93,481,210,17.3,39,-262
Dpa,94,478,213,17.1,39,-207
Dpa,95,479,217,17.0,39,-800
Dpa,96,479,218,17.9,36,-822
Dpa,97,475,217,16.2,40,-289
Dpa,98,467,208,17.1,40,-696
Dpa,99,452,213,15.1,40,191
Dpa,100,452,213,15.1,40,57
Dpa,101,446,211,16.1,40,-927
Dpa,102,449,211,16.1,40,-495
Dpa,103,442,215,17.1,40,-66
Dpa,104,443,217,17.1,40,-74
Dpa,105,436,208,17.1,38,-386
Dpa,106,427,205,16.1,40,-511
Dpa,107,425,203,17.0,40,26
Dpa,108,426,202,17.1,40,-18
Dpa,109,425,204,16.1,40,-585
Dpa,110,421,193,15.2,40,-351
Dpa,111,417,190,15.9,36,-1035
Dpaa,112,401,177,14.0,24,-306
Dpaa,113,399,167,13.0,26,1618
Dpaa,114,399,168,14.0,36,607
Dpaa,115,393,169,14.0,26,-570
Dpaa,116,396,172,15.0,26,-2166
Dpaa,117,394,166,14.1,36,-795
Dpaa,118,394,162,14.1,26,1454
Dpaa,119,396,162,15.1,36,-288
Dpaa,120,395,158,15.1,26,-893
Dpaa,121,393,153,14.1,26,-480
Dpaa,122,395,153,14.1,34,-1138
Dpaa,123,384,154,13.1,26,-1607
Dpaa,124,384,154,13.1,26,-971
Dpaa,125,378,138,14.1,26,-715
Dpaa,126,374,148,13.0,34,-587
Dpaa,127,367,152,13.0,34,-548
Dpaa,128,363,147,13.1,34,-1081
Dpaa,129,360,147,12.2,34,-928
Dpaa,130,361,149,12.2,34,-382
Dpaa,131,358,149,12.1,34,-1309
Dpaa,132,355,145,12.1,34,-1052
Dpaa,133,360,146,12.0,34,-2323
Dpaa,134,360,145,12.2,34,-796
Dpaa,135,358,144,12.1,34,-1489
Dpaa,136,359,143,12.1,34,-1081
Dpaa,137,352,151,11.1,34,-1724
Dpaa,138,359,145,11.9,30,-1093
Dpaa,139,356,141,11.1,34,-1261
Dpaa,140,356,141,11.1,34,-334
Dpaa,141,355,136,11.0,34,-693
Dpaa,142,349,141,11.2,34,-967
Dpaa,143,347,140,11.0,34,-1540
Dpaa,144,341,138,11.1,34,-2793
Dpaa,145,340,141,10.3,34,-2287
Dpaa,146,340,147,10.1,34,-528
Dpaa,147,339,147,10.3,34,-942
Dpaa,148,342,148,10.3,34,-1177
Dpaaa,149,325,141,12.6,32,-227
Dpaaa,150,324,148,13.1,26,-178
Dpaaa,151,319,144,14.0,26,-1231
Dpaaa,152,319,144,13.7,26,-1239
Dpaaa,153,319,145,13.5,26,1585
Dpaaa,154,319,146,13.2,26,-221
Dpaaa,155,320,146,12.9,26,-766
Dpaaa,156,320,147,12.6,26,-411
Dpaaa,157,320,148,12.4,26,-420
Dpaaa,158,321,149,12.1,26,-431
Dpaaa,159,318,150,11.3,31,-762
Dpaaa,160,322,149,12.0,26,-408
Dpaap,149,357,147,9.0,26,-791
Dpaap,150,357,147,9.0,26,-727
Dpaap,151,353,155,8.2,26,-1602
Dpaap,152,354,152,9.1,34,-1027
Dpaap,153,351,149,8.1,26,-2149
Dpaap,154,342,152,9.0,34,-744
Dpaap,155,340,153,9.1,31,-900
Dpaap,156,342,152,8.2,34,381
Dpaap,157,335,155,9.2,31,402
Dpaap,158,335,154,8.4,34,-630
Dpaap,159,332,157,9.1,31,-1401
Dpaap,160,336,162,9.1,34,-411
Dpap,112,425,210,16.9,36,-714
Dpap,113,429,218,17.0,36,-1126
Dpap,114,427,219,16.4,37,666
Dpap,115,425,220,15.7,38,-729
Dpap,116,422,222,15.1,39,-612
Dpap,117,420,217,15.1,38,77
Dpap,118,418,216,16.0,37,503
Dpap,119,416,205,16.1,36,-749
Dpap,120,413,209,15.2,35,-115
Dpap,121,415,201,16.1,34,-686
Dpap,122,413,198,16.1,34,-267
Dpap,123,414,190,16.0,32,706
Dpap,124,411,186,16.1,34,-1196
Dpap,125,404,176,17.0,34,-1182
Dpap,126,403,183,16.1,34,-586
Dpap,127,401,173,16.1,34,-312
Dpap,128,395,172,16.1,34,-905
Dpap,129,398,178,15.1,34,-832
Dpap,130,390,181,15.1,34,-500
Dpap,131,387,177,15.1,34,-456
Dpap,132,392,179,16.0,34,-808
Dpap,133,396,179,14.2,34,-50
Dpap,134,393,177,15.0,34,-711
Dpap,135,391,176,15.1,34,-1030
Dpap,136,391,173,15.1,34,-797
Dpap,137,388,168,14.3,34,113
Dpap,138,385,167,14.1,34,-838
Dpap,139,375,164,14.1,34,-1103
Dpap,140,371,164,13.1,34,62
Dpap,141,375,162,13.3,34,68
Dpap,142,372,159,13.2,34,150
Dpap,143,372,148,14.1,34,1921
Dpap,144,363,154,14.2,34,2061
Dpap,145,362,152,14.1,34,1984
Dpap,146,363,158,14.1,34,2078
Dpap,147,365,156,13.2,34,1153
Dpap,148,372,146,13.2,26,1048
Dpap,149,364,156,13.9,30,-1026
Dpapa,150,350,148,13.1,30,-557
Dpapa,151,342,140,13.2,32,-1281
Dpapa,152,341,143,13.0,30,1183
Dpapa,153,346,142,12.1,31,759
Dpapa,154,343,146,12.1,34,1902
Dpapa,155,345,143,12.1,26,5201
Dpapa,156,347,142,12.0,30,6080
Dpapa,157,347,142,12.0,30,5102
Dpapa,158,349,142,12.0,30,5839
Dpapa,159,351,142,12.0,30,5095
Dpapa,160,354,142,12.0,30,7456
Dpapp,150,382,158,13.1,30,-331
Dpapp,151,393,159,14.0,30,693
Dpapp,152,396,158,15.0,30,1356
Dpapp,153,395,154,15.0,31,1623
Dpapp,154,397,141,15.1,26,2702
Dpapp,155,393,140,15.1,31,2342
Dpapp,156,395,147,15.0,34,2701
Dpapp,157,392,140,15.0,31,3693
Dpapp,158,392,141,14.9,31,5575
Dpapp,159,391,143,14.7,31,3329
Dpapp,160,390,144,14.6,31,6120
Dpp,81,565,310,19.1,40,-1500
Dpp,82,560,318,20.0,44,-411
Dpp,83,562,322,19.0,44,-444
Dpp,84,564,321,19.0,44,-661
Dpp,85,563,313,19.0,30,-663
Dpp,86,563,310,19.0,42,-1014
Dpp,87,562,306,20.0,40,-390
Dpp,88,550,291,19.1,37,-1144
Dpp,89,539,287,19.0,37,-815
Dpp,90,535,276,19.0,36,-935
Dpp,91,526,267,19.0,35,-1295
Dpp,92,520,266,19.0,24,-678
Dpp,93,522,273,16.1,37,-889
Dpp,94,528,270,15.1,37,-990
Dpp,95,539,281,16.1,39,-956
Dpp,96,537,282,16.1,40,-1176
Dpp,97,539,275,15.2,40,-196
Dpp,98,538,271,16.1,40,-409
Dpp,99,534,272,16.1,40,-676
Dpp,100,532,273,16.1,40,-533
Dpp,101,523,259,16.0,40,-1723
Dpp,102,514,255,15.1,40,-933
Dpp,103,509,250,15.1,40,-763
Dpp,104,502,238,15.1,40,-947
Dpp,105,503,230,15.0,40,-1640
Dpp,106,492,222,14.1,40,-978
Dpp,107,482,214,14.0,40,-715
Dpp,108,477,202,14.0,36,-269
Dpp,109,476,217,14.1,36,-775
Dppa,110,458,204,14.1,34,-768
Dppa,111,458,205,14.1,36,-916
Dppa,112,458,198,14.0,36,-469
Dppa,113,446,189,14.0,38,-1012
Dppa,114,447,179,14.0,40,-775
Dppa,115,442,178,14.0,39,-1293
Dppa,116,437,172,13.2,39,-1604
Dppa,117,441,173,14.0,34,-1739
Dppa,118,441,171,14.0,37,-1195
Dppa,119,442,168,13.1,36,-565
Dppa,120,438,172,13.1,35,-1496
Dppa,121,439,168,14.0,34,-1461
Dppa,122,435,169,13.1,34,-73
Dppa,123,436,164,13.2,34,-693
Dppa,124,433,165,14.1,34,-569
Dppa,125,426,155,14.1,34,-357
Dppa,126,416,163,14.1,34,-670
Dppa,127,408,163,13.2,34,-1144
Dppa,128,408,163,13.1,34,-1178
Dppa,129,408,162,12.2,34,-501
Dppa,130,413,159,13.1,34,-1770
Dppa,131,406,156,12.2,34,-1411
Dppa,132,409,154,13.1,32,-1193
Dppa,133,413,151,13.1,34,-1285
Dppa,134,412,155,13.2,34,-2021
Dppa,135,407,151,13.0,34,-1040
Dppa,136,411,144,12.3,34,-1271
Dppa,137,411,147,12.1,34,-1580
Dppa,138,412,144,11.3,34,-803
Dppa,139,405,143,12.1,34,-1026
Dppa,140,407,142,12.1,34,-1563
Dppa,141,406,140,12.1,34,329
Dppa,142,406,141,12.2,34,-859
Dppa,143,405,137,12.2,34,-1303
Dppa,144,397,136,12.1,34,-1003
Dppa,145,393,134,12.1,34,-1107
Dppa,146,391,140,11.1,34,-894
Dppa,147,400,141,12.0,34,-1164
Dppa,148,397,142,11.1,30,-2245
Dppaa,149,374,144,11.0,32,-262
Dppaa,150,373,143,10.1,30,-1373
Dppaa,151,370,142,10.1,34,-257
Dppaa,152,374,141,11.0,32,-1042
Dppaa,153,375,135,10.2,31,-2653
Dppaa,154,371,136,10.2,34,-870
Dppaa,155,374,139,9.3,31,477
Dppaa,156,368,140,9.1,34,-1205
Dppaa,157,367,141,9.0,26,-1926
Dppaa,158,367,141,9.0,26,-1370
Dppaa,159,368,139,9.0,26,-31
Dppaa,160,368,141,9.2,34,-1077
Dppap,149,417,146,11.1,28,33
Dppap,150,426,146,11.1,30,-791
Dppap,151,425,143,11.1,34,-396
Dppap,152,424,143,11.2,34,-2037
Dppap,153,426,144,11.2,31,436
Dppap,154,422,142,11.3,34,186
Dppap,155,426,139,11.2,29,-1053
Dppap,156,423,136,11.0,30,-756
Dppap,157,421,140,10.2,31,-989
Dppap,158,417,137,11.0,30,-118
Dppap,159,416,134,10.2,31,-866
Dppap,160,419,136,11.0,32,-1283
Dppp,110,516,235,14.0,30,-835
Dppp,111,518,236,14.1,34,431
Dppp,112,513,236,14.0,36,-574
Dppp,113,510,225,14.0,26,-2025
Dppp,114,514,221,14.2,38,-1519
Dppp,115,514,213,14.1,39,-1208
Dppp,116,510,205,13.2,39,-735
Dppp,117,509,198,13.2,38,-111
Dppp,118,507,202,13.1,37,-877
Dppp,119,502,194,12.3,36,-1167
Dppp,120,494,190,13.1,35,-504
Dppp,121,489,196,13.2,34,-864
Dppp,122,485,193,13.1,34,-1416
Dppp,123,482,188,13.0,34,408
Dppp,124,480,186,12.1,34,-1291
Dppp,125,465,176,11.2,34,-79
Dppp,126,456,174,11.2,34,-5
Dppp,127,454,169,12.0,34,-186
Dppp,128,449,174,11.1,34,-1181
Dppp,129,448,173,10.2,34,-255
Dppp,130,450,180,10.2,26,-1245
Dppp,131,454,174,11.0,34,-1276
Dppp,132,450,175,10.2,34,-924
Dppp,133,451,170,10.1,34,-1157
Dppp,134,446,168,9.2,34,-770
Dppp,135,441,172,9.1,34,-1385
Dppp,136,435,168,9.2,34,-642
Dppp,137,431,175,9.3,34,-1371
Dppp,138,434,170,9.2,34,-714
Dppp,139,427,168,10.2,34,-1646
Dppp,140,428,174,9.0,34,-1602
Dppp,141,431,175,9.2,34,-1798
Dppp,142,436,175,9.1,34,-752
Dppp,143,430,171,10.1,30,-818
Dpppa,144,404,157,10.1,30,-1121
Dpppa,145,402,158,9.4,26,-1382
Dpppa,146,406,162,10.1,34,-984
Dpppa,147,413,171,9.1,34,-323
Dpppa,148,414,174,8.3,32,-1341
Dpppa,149,416,175,8.2,32,-1375
Dpppa,150,416,172,8.2,32,-1554
Dpppa,151,414,165,8.3,32,-1441
Dpppa,152,416,168,8.1,34,-1266
Dpppa,153,413,166,8.2,31,-409
Dpppa,154,409,171,8.1,34,-1107
Dpppa,155,415,172,8.0,31,-877
Dpppa,156,409,173,8.2,34,-1309
Dpppa,157,410,174,8.1,31,-1149
Dpppa,158,407,174,8.1,34,-1207
Dpppa,159,405,172,9.0,31,-1092
Dpppa,160,410,171,8.1,34,-1581
Dpppp,144,452,186,9.9,30,-962
Dpppp,145,455,193,10.2,30,-921
Dpppp,146,458,193,9.4,32,-1311
Dpppp,147,461,193,9.0,30,-1071
Dpppp,148,464,192,9.1,32,-811
Dpppp,149,463,195,9.1,32,-526
Dpppp,150,460,194,9.0,34,-1713
Dpppp,151,463,190,8.4,32,-281
Dpppp,152,461,189,8.2,34,-2242
Dpppp,153,462,190,7.3,31,-2218
Dpppp,154,462,190,7.2,34,-1768
Dpppp,155,466,191,7.3,31,-249
Dpppp,156,466,188,8.1,34,-894
Dpppp,157,456,188,8.0,31,-1962
Dpppp,158,459,191,7.1,34,-1550
Dpppp,159,454,191,6.4,31,-1460
Dpppp,160,460,193,7.1,34,-2279
P4,30,583,354,10.5,52,-1615
P4,31,592,371,12.7,58,-1136
P4,32,581,383,14.8,56,368
P4,33,567,396,15.1,56,-323
P4,34,567,395,14.2,56,-545
P4,35,568,395,14.3,56,-373
P4,36,569,393,14.6,58,-1103
P4,37,564,397,14.7,58,-726
P4,38,553,401,13.3,57,-784
P4,39,546,405,14.6,59,-570
P4,40,536,408,14.0,59,-1106
P4,41,525,412,14.9,59,35
P4,42,524,413,14.8,60,-319
P4,43,518,410,15.7,60,-288
P4,44,520,410,15.9,61,-1334
P4,45,505,415,17.0,62,-738
P4,46,491,413,18.0,61,-883
P4,47,503,410,17.9,60,-918
P4,48,511,403,17.1,55,-423
P4,49,518,396,16.3,55,-247
P4,50,522,392,17.0,55,-912
P4,51,518,391,18.2,59,-452
P4,52,532,395,18.1,55,-560
P4,53,546,386,17.3,57,-112
P4,54,561,373,17.2,55,-779
P4,55,559,376,17.1,57,-1109
P4,56,545,384,17.1,56,-1014
P4,57,534,388,16.4,55,-1196
P4,58,536,387,17.0,54,-705
P4,59,527,397,16.4,57,-602
P4,60,525,403,16.2,54,-697
P4,61,511,408,16.3,53,-517
P4,62,506,405,17.2,55,-967
P4,63,508,399,18.1,52,-1229
P4,64,505,391,19.2,49,-794
P4,65,504,372,19.2,47,-536
P4,66,482,360,19.1,42,-1377
P4,67,470,351,20.1,43,-312
P4,68,462,333,18.1,45,-1001
P4,69,454,337,19.0,43,-313
P4,70,446,329,18.0,40,-535
Z2,71,468,316,19.1,38,-119
Z2,72,487,319,19.9,44,-67
Z2,73,502,315,20.0,44,-37
Z2,74,505,314,19.0,44,-413
Z2,75,507,317,19.1,48,-50
Z2,76,498,314,19.1,44,-917
Z2,77,496,307,19.1,46,-834
Z2,78,485,299,19.0,44,82
Z2,79,484,290,18.1,44,-552
Z2,80,474,289,17.9,44,-1123
Z2,81,481,291,18.1,46,-104
Z2,82,473,285,18.0,44,12
Z2,83,477,286,18.1,48,-440
Z2,84,477,281,19.0,44,-831
Z2,85,480,283,19.0,43,31
Z2,86,478,279,18.1,42,-270
Z2,87,480,276,18.1,42,-249
Z2,88,471,269,18.0,41,151
Z2,89,470,269,18.1,39,-1332
Z2,90,460,266,17.1,40,-58
Z2,91,461,260,17.0,39,-41
Z2,92,463,255,16.1,39,-1028
Z2,93,463,259,16.0,39,-937
Z2,94,460,263,15.2,39,-971
Z2,95,461,264,14.1,37,-1012
Z2,96,464,262,15.0,40,-787
Z2,97,468,267,15.0,36,-1753
Z2,98,468,270,15.2,40,-762
Z2,99,468,268,16.0,40,-504
Z2,100,472,272,15.2,40,169
Z2,101,462,273,16.1,40,-377
Z2,102,461,274,16.1,40,-993
Z2,103,456,277,14.3,38,-251
Z2,104,448,273,15.0,40,-1208
Z2,105,456,268,15.2,40,-1006
Z2,106,455,274,14.2,40,-769
Z2,107,462,277,15.0,40,-9
Z2,108,467,272,15.0,40,-786
Z2,109,464,279,14.2,40,-844
Z2,110,460,274,15.1,40,-36
Z2,111,459,277,14.1,40,-565
Z2,112,455,271,14.1,40,-1075
Z2,113,456,270,14.1,40,-486
Z2,114,458,276,14.0,40,-1061
Z2,115,459,277,14.1,39,-1890
Z2,116,452,278,13.2,39,372
Z2,117,453,274,14.1,38,-682
Z2,118,452,275,14.1,37,-526
Z2,119,456,268,15.1,36,-391
Z2,120,461,265,14.1,35,857
Z2,121,457,261,14.2,34,-730
Z2,122,451,262,14.3,34,-441
Z2,123,454,256,15.1,34,-1193
Z2,124,450,262,15.0,34,-531
Z2,125,455,256,15.1,34,-316
Z2,126,458,260,15.1,34,-436
Z2,127,467,261,16.0,34,285
Z2,128,460,259,16.0,34,-400
Z2,129,463,262,16.0,34,1246
Z2,130,465,269,15.1,34,-733
Z2,131,466,265,15.1,34,-661
Z2,132,461,269,15.0,34,-296
Z2,133,465,271,16.0,34,-1160
Z2,134,466,270,14.1,34,-1141
Z2,135,463,260,15.0,34,-665
Z2,136,466,257,15.1,34,-250
Z2,137,461,256,15.1,34,-784
Z2,138,465,257,15.1,34,-26
Z2,139,463,260,15.2,34,-935
Z2,140,464,250,16.1,34,461
Z2,141,464,250,16.1,34,-203
Z2,142,464,250,16.1,33,-512
Z2,143,464,250,16.1,32,149
Z2,144,464,250,16.1,31,-753
Z2,145,464,250,16.0,30,-739
Z2,146,464,250,16.0,29,-860
Z2,147,465,251,16.0,28,297
Z2,148,465,251,15.8,28,963
Z2,149,465,251,15.6,28,-427
Z2,150,464,252,15.4,28,-130
Z2,151,464,252,15.2,28,-929
Z2,152,463,253,15.0,28,-25
Z2,153,465,251,15.0,28,-1281
Z2,154,467,249,15.0,29,-1
Z2,155,469,247,15.0,29,-1059
Z2,156,471,245,15.0,30,-451
Z2,157,473,242,15.0,31,-782
Z2,158,473,236,15.1,34,-449
Z2,159,470,236,15.0,31,-843
Z2,160,471,235,15.0,34,-1866
Z3,71,416,350,18.0,34,-826
Z3,72,422,353,19.1,44,99
Z3,73,420,362,19.1,46,-102
Z3,74,416,363,19.0,44,-17
Z3,75,414,346,18.9,44,-702
Z3,76,399,348,18.0,44,-47
Z3,77,408,344,18.0,44,-178
Z3,78,404,341,18.0,44,-1120
Z3,79,399,338,17.9,44,-544
Z3,80,400,332,18.1,44,-409
Z3,81,399,332,18.0,44,-200
Z3,82,395,333,18.0,44,-230
Z3,83,395,323,17.9,44,-236
Z3,84,394,319,18.0,44,-1045
Z3,85,399,317,18.0,43,-1046
Z3,86,402,313,17.0,42,-408
Z3,87,400,314,18.0,44,409
Z3,88,403,301,17.1,41,-151
Z3,89,388,295,17.2,41,-142
Z3,90,393,300,16.2,40,-698
Z3,91,397,291,16.0,39,96
Z3,92,400,289,15.2,39,-250
Z3,93,397,291,15.0,39,-816
Z3,94,400,293,15.0,39,-227
Z3,95,403,295,14.2,39,-826
Z3,96,396,286,14.2,40,-448
Z3,97,398,290,14.2,38,-1278
Z3,98,400,292,15.1,38,-796
Z3,99,397,297,15.0,40,-455
Z3,100,402,297,15.1,40,-1345
Z3,101,392,297,15.1,40,-802
Z3,102,390,296,16.0,36,-523
Z3,103,391,297,14.2,38,-4
Z3,104,395,292,14.2,38,-480
Z3,105,399,291,14.2,40,-290
Z3,106,399,293,14.1,40,-558
Z3,107,400,292,14.1,40,-1291
Z3,108,397,286,14.1,40,-897
Z3,109,403,290,14.1,36,-1622
Z3,110,404,287,14.1,40,-834
Z3,111,401,291,14.1,40,-234
Z3,112,400,297,13.1,38,-794
Z3,113,402,304,13.3,38,-673
Z3,114,402,307,13.2,38,-1725
Z3,115,403,308,13.1,37,-705
Z3,116,398,309,13.1,39,-905
Z3,117,396,307,13.2,38,-798
Z3,118,395,306,14.1,37,-398
Z3,119,397,298,13.2,36,-438
Z3,120,398,303,13.1,35,253
Z3,121,397,308,14.0,34,22
Z3,122,391,309,14.0,34,-1142
Z3,123,387,305,14.1,34,-384
Z3,124,391,300,13.3,34,-1276
Z3,125,393,300,14.0,34,-1336
Z3,126,396,300,14.7,34,133
Z3,127,399,300,15.3,34,-251
Z3,128,402,299,16.0,34,-546
Z3,129,405,304,15.2,34,-450
Z3,130,402,302,15.1,34,-430
Z3,131,404,297,15.1,34,513
Z3,132,403,295,15.1,34,-900
Z3,133,403,297,15.0,34,-733
Z3,134,411,298,15.1,34,-525
Z3,135,416,293,16.1,34,-1273
Z3,136,413,289,15.1,34,-1260
Z3,137,413,290,15.2,34,156
Z3,138,413,291,15.3,34,57
Z3,139,414,292,15.4,34,-363
Z3,140,414,293,15.5,34,-811
Z3,141,415,294,15.6,33,-780
Z3,142,415,295,15.7,33,163
Z3,143,416,296,15.8,33,427
Z3,144,416,297,15.9,33,-844
Z3,145,417,298,16.0,32,-318
Z3,146,423,309,16.1,34,-1113
Z3,147,423,298,16.2,34,-867
Z3,148,423,298,16.2,34,1043
Z3,149,423,298,16.2,34,-703
Z3,150,423,298,16.2,34,-1078
Z3,151,423,298,16.1,33,-1106
Z3,152,423,298,16.1,33,-89
Z3,153,423,298,16.1,33,483
Z3,154,423,298,16.1,32,-542
Z3,155,423,298,16.1,32,-736
Z3,156,423,298,16.1,32,-152
Z3,157,423,298,16.0,31,-956
Z3,158,423,298,16.0,31,-784
Z3,159,423,298,16.0,31,499
Z3,160,422,299,16.0,30,692
