cell,time,x,y,z,size,blot
ABa,1,211,246,16.2,62,-44
ABa,2,191,257,19.1,69,-357
ABa,3,184,259,20.2,70,144
ABa,4,161,255,18.4,74,-33
ABa,5,155,244,15.3,82,-208
ABa,6,174,259,15.6,88,-491
ABa,7,169,254,15.8,69,-611
ABa,8,164,248,16.0,50,85
ABal,9,171,219,15.6,56,747
ABal,10,178,189,15.2,62,499
ABal,11,156,188,16.4,71,-252
ABal,12,137,205,17.6,75,-341
ABal,13,133,202,18.5,73,-674
ABal,14,123,207,16.6,75,-405
ABal,15,121,224,16.2,78,-416
ABal,16,120,236,15.2,79,40
ABal,17,139,233,15.0,49,-458
ABala,18,134,268,19.1,40,-47
ABala,19,127,290,15.1,55,-335
ABala,20,114,282,14.2,58,-651
ABala,21,104,283,13.1,60,-460
ABala,22,110,296,12.5,63,-394
ABala,23,117,298,12.4,65,-424
ABala,24,124,305,12.4,64,-489
ABala,25,122,317,13.0,62,0
ABala,26,135,313,13.1,66,-231
ABala,27,138,317,12.4,64,-12
ABala,28,148,320,12.1,58,-557
ABalaa,29,124,328,12.2,42,1706
ABalaa,30,114,325,13.0,51,-717
ABalaa,31,108,333,13.1,53,-280
ABalaa,32,103,326,12.1,56,-463
ABalaa,33,109,315,10.0,59,-397
ABalaa,34,112,308,9.2,61,-222
ABalaa,35,118,301,9.1,63,-360
ABalaa,36,115,302,10.2,62,-472
ABalaa,37,104,304,10.4,62,-240
ABalaa,38,112,313,10.4,64,-440
ABalaa,39,107,303,10.9,64,-542
ABalaa,40,109,295,9.3,64,-201
ABalaa,41,105,307,10.7,63,-415
ABalaa,42,103,309,11.9,62,-691
ABalaa,43,110,318,12.4,63,-227
ABalaa,44,116,316,13.2,63,99
ABalaa,45,111,323,13.9,61,-427
ABalaaa,46,101,328,13.6,58,-782
ABalaaa,47,88,299,11.9,54,-28
ABalaaa,48,78,297,11.9,52,-627
ABalaaa,49,75,286,11.2,51,-437
ABalaaa,50,80,291,12.0,51,-278
ABalaaa,51,80,288,11.2,50,601
ABalaaa,52,84,292,11.4,49,1526
ABalaaa,53,89,310,11.9,49,965
ABalaaa,54,98,314,11.2,48,1439
ABalaaa,55,89,307,11.9,48,1709
ABalaaa,56,95,314,12.0,49,2064
ABalaaa,57,94,311,11.2,49,2539
ABalaaa,58,95,312,12.0,49,3785
ABalaaa,59,102,320,12.1,51,5753
ABalaaa,60,106,324,11.9,51,6422
ABalaaa,61,95,307,12.0,52,7026
ABalaaa,62,93,312,11.2,51,7961
ABalaaa,63,87,305,11.2,52,11114
ABalaaa,64,91,304,11.0,51,11707
ABalaaa,65,96,299,10.0,52,14149
ABalaaa,66,100,305,9.4,53,14932
ABalaaa,67,106,302,9.9,50,17927
ABalaaaa,68,88,282,8.2,39,18310
ABalaaaa,69,82,281,9.3,42,15312
ABalaaaa,70,78,277,10.8,47,15887
ABalaaaa,71,76,257,10.1,45,23660
ABalaaaa,72,80,254,9.2,45,21638
ABalaaaa,73,81,248,9.3,45,25691
ABalaaaa,74,95,240,8.9,47,24273
ABalaaaa,75,88,250,9.0,44,28802
ABalaaaa,76,98,261,8.8,45,29021
ABalaaaa,77,99,273,8.0,45,31054
ABalaaaa,78,102,288,8.1,45,32874
ABalaaaa,79,102,302,8.1,45,34622
ABalaaaa,80,96,309,10.0,45,39161
ABalaaaa,81,96,306,11.0,45,45944
ABalaaaa,82,88,288,10.1,45,47281
ABalaaaa,83,92,280,10.8,45,42839
ABalaaaa,84,79,280,12.0,45,51061
ABalaaaa,85,79,278,13.0,45,50605
ABalaaaa,86,88,278,12.9,45,54099
ABalaaaa,87,81,277,14.1,47,53067
ABalaaaa,88,84,276,15.2,46,59005
ABalaaaa,89,79,272,16.9,46,62103
ABalaaaa,90,79,286,15.4,47,63002
ABalaaaa,91,70,291,14.4,46,68619
ABalaaaa,92,71,298,13.2,45,74339
ABalaaaa,93,67,290,12.3,42,77142
ABalaaaa,94,68,290,13.0,44,82283
ABalaaaa,95,70,277,13.2,42,94614
ABalaaaa,96,81,276,14.0,43,94649
ABalaaaa,97,74,271,14.1,42,102603
ABalaaaa,98,78,266,13.4,41,89056
ABalaaaal,99,88,238,16.8,37,62196
ABalaaaal,100,86,229,16.4,39,64972
ABalaaaal,101,92,225,16.1,37,69228
ABalaaaal,102,93,226,15.8,37,75126
ABalaaaal,103,81,233,15.0,37,74733
ABalaaaal,104,81,232,14.1,37,80553
ABalaaaal,105,86,236,13.0,37,78868
ABalaaaal,106,88,236,13.1,37,85906
ABalaaaal,107,87,240,12.9,37,80285
ABalaaaal,108,88,247,11.9,38,78645
ABalaaaal,109,87,246,11.8,38,81960
ABalaaaal,110,92,242,11.9,38,72208
ABalaaaal,111,90,237,11.1,38,82216
ABalaaaal,112,95,238,10.1,38,87440
ABalaaaal,113,96,233,10.1,38,86382
ABalaaaal,114,93,239,10.2,38,92253
ABalaaaal,115,93,237,10.9,38,86329
ABalaaaal,116,96,231,11.0,38,91899
ABalaaaal,117,99,238,11.1,38,89903
ABalaaaal,118,102,243,11.1,38,93309
ABalaaaal,119,100,233,10.8,38,90935
ABalaaaal,120,94,229,10.2,37,107512
ABalaaaal,121,96,223,11.2,39,95448
ABalaaaal,122,109,214,11.3,39,91882
ABalaaaal,123,112,215,10.5,38,103595
ABalaaaal,124,99,212,10.4,39,105242
ABalaaaal,125,103,215,11.1,36,101807
ABalaaaal,126,93,209,10.5,36,116185
ABalaaaal,127,89,206,11.3,36,106777
ABalaaaal,128,96,205,10.2,37,107560
ABalaaaal,129,100,206,10.1,37,103929
ABalaaaal,130,104,208,9.9,33,110133
ABalaaaal,131,103,205,10.1,35,101078
ABalaaaala,132,90,226,11.0,29,86798
ABalaaaala,133,90,222,12.3,35,79013
ABalaaaala,134,100,223,12.4,37,67464
ABalaaaala,135,99,219,13.0,37,61615
ABalaaaala,136,88,226,12.2,29,90659
ABalaaaala,137,97,216,12.1,29,77712
ABalaaaala,138,101,212,12.0,37,61142
ABalaaaala,139,97,207,11.3,29,90814
ABalaaaala,140,100,205,11.1,29,82211
ABalaaaala,141,106,210,11.1,37,66855
ABalaaaala,142,107,211,11.1,33,77785
ABalaaaala,143,102,207,11.2,35,80106
ABalaaaala,144,105,204,11.2,29,102221
ABalaaaala,145,107,199,11.2,29,80556
ABalaaaalp,132,116,197,9.8,33,68786
ABalaaaalp,133,117,188,10.2,35,66004
ABalaaaalp,134,123,189,10.3,37,64507
ABalaaaalp,135,125,186,10.1,37,74226
ABalaaaalp,136,118,195,10.4,35,68258
ABalaaaalp,137,115,191,10.1,37,75265
ABalaaaalp,138,121,185,9.3,37,68289
ABalaaaalp,139,123,191,9.9,33,72308
ABalaaaalp,140,122,185,9.3,37,83287
ABalaaaalp,141,124,184,9.4,35,84321
ABalaaaalp,142,126,183,9.6,32,80674
ABalaaaalp,143,128,181,9.7,29,89929
ABalaaaalp,144,132,186,9.0,37,84348
ABalaaaalp,145,134,176,10.0,33,84694
ABalaaaar,99,74,283,13.1,29,104257
ABalaaaar,100,70,280,12.3,29,93347
ABalaaaar,101,68,275,12.2,37,92044
ABalaaaar,102,64,274,10.9,37,79072
ABalaaaar,103,63,282,11.0,37,84528
ABalaaaar,104,67,284,10.8,37,84745
ABalaaaar,105,74,288,10.2,37,89961
ABalaaaar,106,77,286,10.0,37,87855
ABalaaaar,107,78,290,9.9,37,90160
ABalaaaar,108,86,293,9.8,38,77360
ABalaaaar,109,85,294,9.9,38,86404
ABalaaaar,110,84,286,9.8,38,77883
ABalaaaar,111,84,288,9.8,38,86192
ABalaaaar,112,87,281,8.9,38,88768
ABalaaaar,113,91,276,9.0,38,91959
ABalaaaar,114,94,284,10.0,38,91546
ABalaaaar,115,87,280,10.0,38,88765
ABalaaaar,116,91,279,10.1,38,98876
ABalaaaar,117,92,285,10.0,38,89169
ABalaaaar,118,90,289,10.0,38,94537
ABalaaaar,119,93,276,11.0,38,95924
ABalaaaar,120,94,283,11.0,37,95948
ABalaaaar,121,85,280,11.1,37,105716
ABalaaaar,122,81,273,11.4,39,109351
ABalaaaar,123,80,279,12.2,40,111439
ABalaaaar,124,73,278,12.1,29,101793
ABalaaaar,125,74,281,11.1,29,99909
ABalaaaar,126,64,267,10.4,38,101445
ABalaaaar,127,64,273,11.3,38,108740
ABalaaaar,128,69,265,10.5,37,109174
ABalaaaar,129,70,260,10.3,37,111391
ABalaaaar,130,73,266,10.3,35,110190
ABalaaaar,131,82,260,11.1,37,84324
ABalaaaarl,132,83,259,11.0,29,81606
ABalaaaarl,133,80,252,11.8,33,72848
ABalaaaarl,134,86,249,12.1,37,62499
ABalaaaarl,135,80,248,12.0,33,77329
ABalaaaarl,136,76,257,11.4,37,78354
ABalaaaarl,137,84,250,11.1,35,82665
ABalaaaarl,138,87,240,11.0,29,97640
ABalaaaarl,139,88,239,11.1,29,85607
ABalaaaarl,140,82,238,11.0,33,81303
ABalaaaarl,141,87,240,10.9,33,83499
ABalaaaarl,142,86,236,11.0,33,84588
ABalaaaarl,143,91,234,11.2,29,102961
ABalaaaarl,144,91,237,10.9,33,87676
ABalaaaarl,145,91,237,10.9,33,93213
ABalaaaarr,132,90,284,11.2,35,62770
ABalaaaarr,133,89,300,12.2,37,74674
ABalaaaarr,134,87,298,12.2,37,84861
ABalaaaarr,135,85,296,12.1,37,86465
ABalaaaarr,136,86,308,12.1,37,85861
ABalaaaarr,137,86,305,11.0,35,94609
ABalaaaarr,138,90,301,12.0,33,97128
ABalaaaarr,139,98,302,12.1,33,85026
ABalaaaarr,140,95,294,11.1,33,86233
ABalaaaarr,141,99,300,11.4,29,91680
ABalaaaarr,142,104,304,11.8,33,65202
ABalaaaarr,143,100,307,12.1,33,86202
ABalaaaarr,144,103,305,12.1,33,82169
ABalaaaarr,145,102,302,12.0,33,72015
ABalaaap,68,114,292,13.8,49,9476
ABalaaap,69,123,298,13.7,48,11881
ABalaaap,70,132,289,13.8,47,13407
ABalaaap,71,131,289,13.9,47,18166
ABalaaap,72,136,283,13.8,47,20470
ABalaaap,73,129,289,13.0,47,19590
ABalaaap,74,125,289,12.9,47,23921
ABalaaap,75,127,292,13.1,46,26894
ABalaaap,76,122,296,13.0,45,31042
ABalaaap,77,119,306,13.1,45,32870
ABalaaap,78,124,308,13.0,45,33902
ABalaaap,79,124,309,13.9,45,37633
ABalaaap,80,123,314,14.0,45,39022
ABalaaap,81,120,312,15.0,45,39473
ABalaaap,82,123,307,15.0,45,43336
ABalaaap,83,118,307,15.2,47,45796
ABalaaap,84,111,305,15.1,45,52205
ABalaaap,85,111,306,15.9,45,50406
ABalaaap,86,107,309,15.3,47,55929
ABalaaap,87,103,311,17.0,47,52197
ABalaaap,88,101,314,17.0,46,59663
ABalaaap,89,96,320,18.1,46,55874
ABalaaap,90,99,330,18.3,47,68163
ABalaaap,91,97,324,19.0,44,66649
ABalaaap,92,101,319,18.1,45,71206
ABalaaap,93,99,300,17.9,40,72092
ABalaaapa,94,80,288,17.0,29,77411
ABalaaapa,95,80,282,16.1,29,76165
ABalaaapa,96,80,282,16.1,29,79526
ABalaaapa,97,77,285,17.0,38,79889
ABalaaapa,98,79,286,19.1,39,61389
ABalaaapa,99,76,279,18.9,37,67180
ABalaaapa,100,76,274,18.0,37,65075
ABalaaapa,101,79,271,17.9,37,68047
ABalaaapa,102,83,277,17.0,37,69154
ABalaaapa,103,70,275,16.4,39,74114
ABalaaapa,104,69,272,15.5,39,79527
ABalaaapa,105,69,276,15.2,39,84599
ABalaaapa,106,73,280,14.4,39,82856
ABalaaapa,107,71,285,15.0,39,82267
ABalaaapa,108,72,286,14.1,38,94601
ABalaaapa,109,72,288,14.0,38,99055
ABalaaapa,110,72,280,14.1,38,98589
ABalaaapa,111,71,279,13.9,38,91736
ABalaaapa,112,73,272,12.9,38,99137
ABalaaapa,113,78,267,13.9,38,92835
ABalaaapa,114,78,271,13.8,38,99782
ABalaaapa,115,76,266,13.9,38,95967
ABalaaapa,116,82,266,14.0,38,97621
ABalaaapa,117,84,267,14.1,38,95675
ABalaaapa,118,90,259,13.9,38,89788
ABalaaapa,119,91,249,13.9,38,98550
ABalaaapa,120,87,255,14.1,41,97013
ABalaaapa,121,82,257,14.2,39,99788
ABalaaapa,122,80,247,14.2,41,95243
ABalaaapa,123,86,236,14.0,40,96815
ABalaaapa,124,85,241,13.3,39,96702
ABalaaapa,125,83,254,14.1,38,89487
ABalaaapa,126,82,247,14.1,38,71267
ABalaaapa,127,80,250,15.4,36,89954
ABalaaapal,128,79,227,14.1,29,91879
ABalaaapal,129,79,226,14.3,29,82700
ABalaaapal,130,80,228,14.2,31,91649
ABalaaapal,131,81,230,14.1,34,60095
ABalaaapal,132,82,232,14.0,33,98211
ABalaaapal,133,84,232,14.5,33,84912
ABalaaapal,134,87,232,15.0,33,93470
ABalaaapal,135,85,236,14.6,35,73252
ABalaaapal,136,83,241,14.2,37,77396
ABalaaapal,137,83,239,14.2,37,90900
ABalaaapal,138,83,239,14.2,37,47361
ABalaaapal,139,92,222,14.2,37,94820
ABalaaapal,140,86,224,15.0,37,87019
ABalaaapal,141,86,224,14.9,37,99671
ABalaaapal,142,87,224,14.7,37,82105
ABalaaapal,143,87,225,14.6,37,94188
ABalaaapal,144,88,225,14.4,37,77313
ABalaaapal,145,88,225,14.3,37,87876
ABalaaapar,128,66,273,14.1,33,88562
ABalaaapar,129,64,280,14.2,35,76323
ABalaaapar,130,62,278,14.0,33,89096
ABalaaapar,131,59,270,14.9,33,81874
ABalaaapar,132,61,279,14.8,33,70897
ABalaaapar,133,64,285,14.8,33,72159
ABalaaapar,134,64,286,14.5,33,91507
ABalaaapar,135,64,288,14.3,33,92620
ABalaaapar,136,63,290,14.0,33,96441
ABalaaapar,137,67,284,13.7,33,92165
ABalaaapar,138,71,278,13.3,33,97690
ABalaaapar,139,75,271,13.0,33,106433
ABalaaapar,140,76,273,13.3,33,93855
ABalaaapar,141,77,275,13.5,33,94704
ABalaaapar,142,78,277,13.8,33,108284
ABalaaapar,143,79,279,14.0,33,117753
ABalaaapar,144,83,280,14.1,35,114928
ABalaaapar,145,83,283,14.2,35,108758
ABalaaapp,94,112,313,20.1,40,45868
ABalaaapp,95,113,317,21.1,40,48566
ABalaaapp,96,117,323,21.0,39,44958
ABalaaapp,97,120,331,20.9,38,47021
ABalaaapp,98,120,329,21.1,37,59533
ABalaaapp,99,111,331,19.8,37,64547
ABalaaapp,100,103,323,18.9,37,62767
ABalaaapp,101,104,324,17.2,39,72406
ABalaaapp,102,107,322,17.0,39,65656
ABalaaapp,103,105,322,16.3,41,68851
ABalaaapp,104,98,325,17.2,39,81295
ABalaaapp,105,104,322,16.3,39,79227
ABalaaapp,106,104,327,16.1,39,84075
ABalaaapp,107,109,327,16.3,41,82854
ABalaaapp,108,107,332,16.2,40,89940
ABalaaapp,109,99,329,16.0,40,92303
ABalaaapp,110,100,328,17.1,29,77721
ABalaaapp,111,95,319,15.9,38,87386
ABalaaapp,112,95,319,15.0,38,91014
ABalaaapp,113,97,318,15.9,38,89197
ABalaaapp,114,98,321,15.1,38,99502
ABalaaapp,115,100,316,15.9,38,87260
ABalaaapp,116,104,315,15.9,38,86598
ABalaaapp,117,108,325,15.9,38,94595
ABalaaapp,118,107,329,16.0,40,91082
ABalaaapp,119,111,332,16.0,40,92640
ABalaaapp,120,114,339,15.2,41,104334
ABalaaapp,121,109,329,15.3,39,101622
ABalaaapp,122,103,327,15.3,39,105987
ABalaaapp,123,102,323,16.0,40,98183
ABalaaapp,124,102,323,16.1,37,95068
ABalaaapp,125,101,320,16.1,34,96407
ABalaaappl,126,72,286,15.8,34,63051
ABalaaappl,127,75,286,16.9,34,72885
ABalaaappl,128,70,302,14.3,35,74681
ABalaaappl,129,67,308,14.0,33,87487
ABalaaappl,130,69,311,13.3,35,75252
ABalaaappl,131,68,303,13.9,33,85203
ABalaaappl,132,72,312,13.4,35,77474
ABalaaappl,133,77,314,15.0,33,89740
ABalaaappl,134,81,313,15.2,35,93008
ABalaaappl,135,86,316,15.2,29,106933
ABalaaappl,136,92,320,15.7,29,76207
ABalaaappl,137,96,319,14.2,37,90609
ABalaaappl,138,93,311,14.3,35,84947
ABalaaappl,139,93,309,14.3,35,89496
ABalaaappl,140,94,309,14.3,37,83290
ABalaaappl,141,95,312,14.2,29,102423
ABalaaappl,142,101,310,14.2,35,89932
ABalaaappl,143,96,316,15.3,35,97659
ABalaaappl,144,106,317,15.1,35,99571
ABalaaappl,145,102,314,15.1,37,91144
ABalaaappr,126,92,329,16.0,34,70893
ABalaaappr,127,101,328,16.1,34,74038
ABalaaappr,128,102,329,15.9,33,71743
ABalaaappr,129,102,329,14.3,35,77481
ABalaaappr,130,104,332,14.1,37,80961
ABalaaappr,131,99,328,14.1,37,83616
ABalaaappr,132,108,333,14.2,35,76890
ABalaaappr,133,110,334,15.2,35,72196
ABalaaappr,134,111,339,15.0,35,83018
ABalaaappr,135,119,343,15.1,37,79458
ABalaaappr,136,126,348,15.1,37,70214
ABalaaappr,137,131,339,13.4,37,71791
ABalaaappr,138,128,339,13.3,35,74059
ABalaaappr,139,124,337,13.0,37,70213
ABalaaappr,140,121,335,13.2,29,82841
ABalaaappr,141,122,341,13.0,37,82569
ABalaaappr,142,125,344,13.1,37,83804
ABalaaappr,143,126,349,13.3,37,82635
ABalaaappr,144,129,346,13.1,37,83192
ABalaaappr,145,123,345,13.1,35,91221
ABalaap,46,109,265,11.5,48,-324
ABalaap,47,141,248,9.1,54,49
ABalaap,48,152,249,8.2,52,-258
ABalaap,49,149,235,7.2,51,109
ABalaap,50,144,232,8.1,51,89
ABalaap,51,146,231,7.4,50,221
ABalaap,52,146,238,7.3,51,771
ABalaap,53,136,245,7.1,49,1338
ABalaap,54,136,251,7.3,50,964
ABalaap,55,139,245,8.0,50,1638
ABalaap,56,138,250,7.5,51,1761
ABalaap,57,133,251,8.5,51,2705
ABalaap,58,133,260,9.8,49,3082
ABalaap,59,147,267,9.8,51,4279
ABalaap,60,154,275,10.2,51,5173
ABalaap,61,146,273,10.8,52,5623
ABalaap,62,150,271,10.0,51,8113
ABalaap,63,151,275,11.1,52,9559
ABalaap,64,151,282,11.9,51,11939
ABalaap,65,155,280,12.0,52,11737
ABalaap,66,162,269,10.9,51,11134
ABalaapa,67,158,261,7.6,50,8215
ABalaapa,68,146,250,8.2,41,16966
ABalaapa,69,150,254,7.3,40,16529
ABalaapa,70,144,243,8.2,43,18552
ABalaapa,71,148,233,9.0,45,15036
ABalaapa,72,150,239,9.0,45,20288
ABalaapa,73,153,247,8.8,47,22120
ABalaapa,74,157,243,8.4,45,25426
ABalaapa,75,151,259,8.3,44,26980
ABalaapa,76,153,278,8.9,45,28316
ABalaapa,77,151,284,9.9,45,27222
ABalaapa,78,154,287,8.9,45,30499
ABalaapa,79,157,294,8.2,45,29711
ABalaapa,80,151,293,9.0,45,32905
ABalaapa,81,149,300,9.9,45,35662
ABalaapa,82,138,295,10.1,45,41714
ABalaapa,83,143,297,11.0,45,44097
ABalaapa,84,134,289,10.1,45,46019
ABalaapa,85,127,287,10.1,45,49694
ABalaapa,86,128,293,10.0,45,50775
ABalaapa,87,126,290,11.1,45,53701
ABalaapa,88,124,288,11.1,46,58789
ABalaapa,89,121,286,12.9,46,56770
ABalaapa,90,131,304,14.3,47,60703
ABalaapa,91,126,294,14.1,44,58969
ABalaapa,92,126,297,13.2,45,66096
ABalaapa,93,131,304,13.2,44,66470
ABalaapa,94,136,313,14.2,44,80110
ABalaapa,95,131,312,14.2,42,86916
ABalaapa,96,126,314,14.2,43,82030
ABalaapa,97,127,320,15.0,38,84867
ABalaapa,98,120,325,14.2,35,83235
ABalaapaa,99,94,317,14.4,35,71740
ABalaapaa,100,93,314,14.2,35,76761
ABalaapaa,101,91,314,14.9,37,83246
ABalaapaa,102,88,316,13.9,37,77615
ABalaapaa,103,81,321,13.8,37,80781
ABalaapaa,104,82,323,13.2,37,85263
ABalaapaa,105,89,335,13.2,37,87064
ABalaapaa,106,88,333,13.2,39,88447
ABalaapaa,107,92,336,13.4,39,83358
ABalaapaa,108,96,341,13.3,29,94995
ABalaapaa,109,101,347,13.0,38,92585
ABalaapaa,110,101,345,13.9,38,78843
ABalaapaa,111,100,345,13.0,38,79860
ABalaapaa,112,98,337,12.0,38,97330
ABalaapaa,113,97,330,12.2,29,92710
ABalaapaa,114,103,339,12.8,38,82064
ABalaapaa,115,105,346,12.8,38,84137
ABalaapaa,116,107,340,12.0,38,92404
ABalaapaa,117,115,350,12.8,38,92240
ABalaapaa,118,118,352,12.9,38,97611
ABalaapaa,119,126,353,12.9,38,96054
ABalaapaa,120,125,350,13.0,37,101586
ABalaapaa,121,120,351,12.0,37,101791
ABalaapaa,122,123,355,11.1,37,101926
ABalaapaa,123,115,347,12.1,38,102916
ABalaapaa,124,108,346,12.2,39,105981
ABalaapaa,125,105,348,11.4,36,112889
ABalaapaa,126,95,339,11.5,36,114965
ABalaapaa,127,97,340,12.3,38,110066
ABalaapaa,128,108,341,11.4,35,111879
ABalaapaa,129,104,340,11.3,37,114349
ABalaapaa,130,104,342,11.4,37,121866
ABalaapaa,131,97,340,11.2,37,119051
ABalaapaa,132,106,346,11.2,37,119228
ABalaapaa,133,111,342,11.2,37,106271
ABalaapaa,134,112,339,12.1,33,106410
ABalaapaaa,135,101,330,12.7,33,77578
ABalaapaaa,136,101,338,12.0,33,74016
ABalaapaaa,137,107,332,11.8,33,79487
ABalaapaaa,138,104,332,11.1,33,91758
ABalaapaaa,139,103,337,10.2,35,87295
ABalaapaaa,140,100,333,10.9,33,96657
ABalaapaaa,141,107,334,10.8,33,83582
ABalaapaaa,142,109,336,10.1,33,95417
ABalaapaaa,143,107,339,10.9,33,91160
ABalaapaaa,144,116,335,10.1,33,98944
ABalaapaaa,145,115,334,10.1,33,97240
ABalaapaap,135,134,348,10.2,31,87503
ABalaapaap,136,142,353,10.0,27,99943
ABalaapaap,137,150,355,9.9,27,86126
ABalaapaap,138,149,350,9.2,33,91373
ABalaapaap,139,144,349,9.2,29,83671
ABalaapaap,140,137,349,8.2,33,91067
ABalaapaap,141,149,345,8.0,35,83115
ABalaapaap,142,150,348,8.3,35,83335
ABalaapaap,143,142,348,8.2,35,79523
ABalaapaap,144,153,350,8.1,29,97683
ABalaapaap,145,149,346,8.0,37,75106
ABalaapap,99,146,329,13.4,35,67649
ABalaapap,100,146,330,14.1,37,69912
ABalaapap,101,141,331,13.9,37,74281
ABalaapap,102,144,340,14.1,37,74261
ABalaapap,103,143,347,14.1,37,78168
ABalaapap,104,142,349,14.2,39,75215
ABalaapap,105,148,358,14.2,39,87140
ABalaapap,106,141,352,13.9,37,82738
ABalaapap,107,144,346,14.1,41,86088
ABalaapap,108,151,357,14.2,38,86510
ABalaapap,109,150,359,14.9,38,85347
ABalaapap,110,149,360,14.9,38,86631
ABalaapap,111,145,363,14.9,38,89603
ABalaapap,112,144,365,14.2,38,93569
ABalaapap,113,140,361,13.9,38,96422
ABalaapap,114,146,362,13.0,38,96667
ABalaapap,115,145,362,13.9,38,102403
ABalaapap,116,147,357,13.9,38,97785
ABalaapap,117,153,367,14.1,38,96948
ABalaapap,118,153,367,14.1,38,105714
ABalaapap,119,155,367,14.9,38,95957
ABalaapap,120,158,373,14.0,37,97427
ABalaapap,121,157,367,13.2,39,104650
ABalaapap,122,156,380,12.4,39,111349
ABalaapap,123,152,376,13.1,38,113986
ABalaapap,124,139,374,12.3,39,112045
ABalaapap,125,139,374,12.3,39,107980
ABalaapap,126,129,371,12.1,36,123043
ABalaapap,127,143,370,11.5,36,109234
ABalaapap,128,150,376,11.4,37,109555
ABalaapap,129,139,372,11.3,37,114208
ABalaapap,130,135,367,12.1,37,113242
ABalaapap,131,126,363,12.2,37,119862
ABalaapap,132,140,370,12.1,35,100651
ABalaapap,133,142,367,12.9,33,92085
ABalaapapa,134,122,370,12.9,33,84580
ABalaapapa,135,144,378,11.9,33,94919
ABalaapapa,136,140,377,11.3,29,112635
ABalaapapa,137,143,378,10.9,33,107190
ABalaapapa,138,139,377,10.1,29,117252
ABalaapapa,139,142,373,9.3,35,91775
ABalaapapa,140,143,371,9.2,29,114442
ABalaapapa,141,153,371,8.4,29,115769
ABalaapapa,142,158,374,8.4,29,114431
ABalaapapa,143,156,372,8.2,35,99816
ABalaapapa,144,174,371,7.8,33,85198
ABalaapapa,145,174,371,7.8,33,47762
ABalaapapp,134,164,377,11.2,33,86483
ABalaapapp,135,181,379,10.1,31,91890
ABalaapapp,136,181,384,10.9,33,77739
ABalaapapp,137,181,384,10.9,33,76688
ABalaapapp,138,178,383,10.0,37,75795
ABalaapapp,139,175,382,10.1,29,87561
ABalaapapp,140,176,382,9.9,31,85226
ABalaapapp,141,178,381,9.8,33,69901
ABalaapapp,142,179,380,9.6,35,77152
ABalaapapp,143,181,379,9.4,37,77987
ABalaapapp,144,189,376,9.3,37,78855
ABalaapapp,145,188,368,9.1,37,71714
ABalaapp,67,188,261,12.9,50,6472
ABalaapp,68,190,255,12.9,49,6947
ABalaapp,69,213,253,13.0,48,9737
ABalaapp,70,233,248,13.0,47,12534
ABalaapp,71,231,257,12.8,47,15505
ABalaapp,72,219,255,13.0,47,15806
ABalaapp,73,219,259,13.1,47,17298
ABalaapp,74,210,258,13.1,47,17394
ABalaapp,75,208,258,12.9,46,21077
ABalaapp,76,197,265,12.8,45,22723
ABalaapp,77,190,272,12.9,45,25608
ABalaapp,78,195,281,13.0,45,27232
ABalaapp,79,194,293,12.9,45,31095
ABalaapp,80,195,299,13.0,45,30873
ABalaapp,81,193,305,13.9,45,32023
ABalaapp,82,195,305,14.0,45,36073
ABalaapp,83,197,307,14.1,47,37916
ABalaapp,84,187,302,14.1,45,47213
ABalaapp,85,179,308,14.3,47,42105
ABalaapp,86,173,323,15.9,45,45982
ABalaapp,87,176,340,16.0,47,47310
ABalaapp,88,180,343,15.1,46,58876
ABalaapp,89,177,341,15.1,46,58586
ABalaapp,90,192,354,16.0,45,56560
ABalaapp,91,179,344,17.1,36,62986
ABalaappa,92,150,355,17.2,37,55414
ABalaappa,93,138,361,18.4,38,58638
ABalaappa,94,146,353,21.0,40,44948
ABalaappa,95,144,356,20.9,40,49325
ABalaappa,96,133,362,19.0,39,52064
ABalaappa,97,141,365,20.0,38,58930
ABalaappa,98,137,360,19.8,37,59379
ABalaappa,99,136,363,18.1,37,68758
ABalaappa,100,128,354,18.9,37,61408
ABalaappa,101,134,350,20.1,37,70194
ABalaappa,102,135,335,21.2,39,61699
ABalaappa,103,132,330,20.9,37,72750
ABalaappa,104,132,333,21.0,39,72191
ABalaappa,105,134,337,20.3,39,71587
ABalaappa,106,124,331,20.3,39,78040
ABalaappa,107,129,334,20.1,39,79801
ABalaappa,108,120,333,20.1,38,88799
ABalaappa,109,114,326,20.0,38,82908
ABalaappa,110,113,329,19.2,40,87925
ABalaappa,111,112,338,18.9,38,91127
ABalaappa,112,108,342,18.0,40,89776
ABalaappa,113,121,347,17.3,42,91990
ABalaappa,114,134,361,17.1,40,99014
ABalaappa,115,135,366,17.0,38,108884
ABalaappa,116,129,361,17.0,40,108510
ABalaappa,117,139,370,17.9,38,95334
ABalaappa,118,150,372,17.2,40,109919
ABalaappa,119,152,374,18.0,29,93585
ABalaappa,120,155,379,18.2,41,96413
ABalaappa,121,142,377,16.3,41,102532
ABalaappa,122,142,380,15.2,41,111911
ABalaappa,123,147,378,16.1,38,112527
ABalaappa,124,142,372,16.1,39,112237
ABalaappa,125,138,373,15.1,38,113159
ABalaappa,126,122,360,15.3,38,109765
ABalaappa,127,132,357,16.0,34,92832
ABalaappa,128,132,362,15.4,35,102920
ABalaappaa,129,107,359,14.9,33,94737
ABalaappaa,130,109,364,14.1,33,95788
ABalaappaa,131,107,364,14.2,29,102026
ABalaappaa,132,111,369,15.0,33,93981
ABalaappaa,133,111,368,15.1,33,85424
ABalaappaa,134,117,374,15.9,33,104002
ABalaappaa,135,120,374,14.0,33,95543
ABalaappaa,136,117,374,13.8,33,93382
ABalaappaa,137,122,367,13.8,33,95356
ABalaappaa,138,118,364,13.0,33,103715
ABalaappaa,139,124,364,13.0,29,112068
ABalaappaa,140,130,361,12.8,33,90434
ABalaappaa,141,140,364,11.5,35,83142
ABalaappaa,142,143,369,11.5,29,106796
ABalaappaa,143,140,374,11.5,37,95817
ABalaappaa,144,150,371,11.4,37,91359
ABalaappaa,145,141,369,11.2,35,101902
ABalaappap,129,145,371,16.0,33,76318
ABalaappap,130,142,373,15.1,33,73786
ABalaappap,131,141,381,16.1,33,82809
ABalaappap,132,149,387,16.2,35,80030
ABalaappap,133,152,382,16.3,37,74514
ABalaappap,134,157,386,15.2,35,78503
ABalaappap,135,157,381,14.1,37,77900
ABalaappap,136,151,379,13.2,37,80013
ABalaappap,137,156,376,13.3,37,78108
ABalaappap,138,150,376,13.0,37,83287
ABalaappap,139,155,376,12.4,29,86198
ABalaappap,140,158,375,12.3,37,88837
ABalaappap,141,163,375,12.1,29,86042
ABalaappap,142,168,380,12.2,37,83439
ABalaappap,143,162,380,12.2,29,90795
ABalaappap,144,164,377,12.1,29,82367
ABalaappap,145,166,374,12.1,29,74222
ABalaappp,92,191,340,15.2,35,44568
ABalaappp,93,185,336,15.2,36,48706
ABalaappp,94,183,337,17.0,40,41303
ABalaappp,95,183,338,16.9,40,42939
ABalaappp,96,179,338,17.0,39,52022
ABalaappp,97,183,341,17.1,38,52365
ABalaappp,98,175,339,17.2,37,55338
ABalaappp,99,172,346,17.1,39,49242
ABalaappp,100,167,347,17.3,41,45979
ABalaappp,101,173,350,18.1,39,53120
ABalaappp,102,173,349,18.2,41,57654
ABalaappp,103,181,346,18.3,39,56806
ABalaappp,104,167,344,18.1,39,62806
ABalaappp,105,167,344,18.1,41,68621
ABalaappp,106,163,333,18.2,39,68956
ABalaappp,107,163,333,20.1,41,60204
ABalaappp,108,162,337,19.2,40,65819
ABalaappp,109,152,337,19.1,38,74972
ABalaappp,110,152,342,19.2,38,79028
ABalaappp,111,152,340,19.3,40,67025
ABalaappp,112,149,342,19.1,40,73551
ABalaappp,113,137,335,20.0,42,78937
ABalaappp,114,146,344,19.1,42,86162
ABalaappp,115,150,347,19.2,42,86188
ABalaappp,116,156,351,19.0,42,85844
ABalaappp,117,164,352,19.9,38,83427
ABalaappp,118,160,357,20.1,42,99836
ABalaappp,119,166,365,20.1,42,100197
ABalaappp,120,161,362,20.2,29,73485
ABalaappp,121,160,364,18.2,41,96182
ABalaappp,122,150,369,18.1,29,80048
ABalaappp,123,149,360,19.1,38,106876
ABalaappp,124,150,350,19.9,35,84400
ABalaapppa,125,127,347,19.1,34,68599
ABalaapppa,126,108,341,20.9,34,74586
ABalaapppa,127,117,346,20.2,34,70399
ABalaapppa,128,108,347,20.1,33,84436
ABalaapppa,129,101,352,18.1,33,90476
ABalaapppa,130,101,348,18.1,33,86481
ABalaapppa,131,104,354,18.0,35,84803
ABalaapppa,132,116,356,18.1,33,94359
ABalaapppa,133,125,346,19.0,33,78905
ABalaapppa,134,130,359,18.1,37,73609
ABalaapppa,135,130,357,17.2,37,82469
ABalaapppa,136,130,357,17.0,35,90876
ABalaapppa,137,135,356,16.2,35,91489
ABalaapppa,138,130,355,16.3,35,91027
ABalaapppa,139,125,361,16.0,35,101106
ABalaapppa,140,124,362,16.1,35,97640
ABalaapppa,141,135,367,16.1,37,89642
ABalaapppa,142,135,367,16.0,37,81892
ABalaapppa,143,136,373,16.2,35,88239
ABalaapppa,144,141,373,15.4,35,92028
ABalaapppa,145,140,373,15.2,37,100440
ABalaapppp,125,162,346,19.1,29,74881
ABalaapppp,126,159,346,20.1,34,66222
ABalaapppp,127,166,344,20.1,34,56273
ABalaapppp,128,156,342,20.3,37,58999
ABalaapppp,129,151,342,19.4,37,53548
ABalaapppp,130,145,345,19.1,37,64854
ABalaapppp,131,146,348,19.2,37,64580
ABalaapppp,132,154,355,19.0,37,52221
ABalaapppp,133,157,355,20.0,37,64314
ABalaapppp,134,165,359,19.1,37,63812
ABalaapppp,135,159,360,19.0,37,71181
ABalaapppp,136,161,362,18.2,37,72379
ABalaapppp,137,159,363,18.3,37,71479
ABalaapppp,138,153,363,18.2,37,76753
ABalaapppp,139,153,361,17.3,37,74595
ABalaapppp,140,152,359,17.3,37,74144
ABalaapppp,141,152,359,17.3,37,67670
ABalaapppp,142,160,368,17.1,29,69629
ABalaapppp,143,161,374,18.0,37,68111
ABalaapppp,144,164,373,17.2,37,78251
ABalaapppp,145,160,371,17.0,37,78381
ABalap,29,157,325,17.3,44,-147
ABalap,30,166,312,18.1,51,169
ABalap,31,152,290,21.0,49,156
ABalap,32,162,291,20.2,56,521
ABalap,33,154,307,19.2,55,380
ABalap,34,143,309,20.1,61,-55
ABalap,35,140,307,19.1,63,248
ABalap,36,141,306,20.2,64,-128
ABalap,37,145,296,20.1,64,-107
ABalap,38,150,292,20.2,66,61
ABalap,39,152,295,20.2,66,-72
ABalap,40,155,296,20.0,64,263
ABalap,41,163,290,19.9,63,6
ABalap,42,163,287,19.1,64,-232
ABalap,43,165,288,20.9,61,-445
ABalap,44,172,289,19.9,61,52
ABalap,45,171,287,19.9,61,-535
ABalapa,46,149,308,20.0,58,21
ABalapa,47,136,299,18.9,54,580
ABalapa,48,134,309,18.8,52,252
ABalapa,49,128,310,18.1,51,458
ABalapa,50,129,308,18.2,51,681
ABalapa,51,129,308,18.0,50,260
ABalapa,52,131,309,17.2,51,620
ABalapa,53,142,314,18.1,51,299
ABalapa,54,145,316,17.4,50,1726
ABalapa,55,136,321,17.3,50,2237
ABalapa,56,130,314,17.2,51,2431
ABalapa,57,131,319,17.3,53,3381
ABalapa,58,133,328,17.2,51,5008
ABalapa,59,138,329,18.0,55,6021
ABalapa,60,144,329,17.4,53,6117
ABalapa,61,136,324,17.2,54,6730
ABalapa,62,138,334,17.4,53,9707
ABalapa,63,143,331,17.1,54,10029
ABalapa,64,150,335,16.3,53,12566
ABalapa,65,147,331,16.9,52,11407
ABalapa,66,133,325,17.9,51,17103
ABalapaa,67,112,318,16.1,50,13098
ABalapaa,68,102,324,18.9,49,14598
ABalapaa,69,97,320,19.8,48,13434
ABalapaa,70,87,307,18.1,45,17589
ABalapaa,71,95,309,18.8,47,18096
ABalapaa,72,97,303,18.0,47,21612
ABalapaa,73,104,300,18.1,47,25749
ABalapaa,74,103,298,17.9,47,28874
ABalapaa,75,105,303,18.9,46,27293
ABalapaa,76,109,303,19.0,45,29400
ABalapaa,77,114,301,19.9,45,30291
ABalapaa,78,119,299,20.1,45,29520
ABalapaa,79,118,296,20.9,45,33055
ABalapaa,80,118,291,21.1,45,33647
ABalapaa,81,114,290,22.0,45,35292
ABalapaa,82,116,273,21.1,47,39988
ABalapaa,83,120,269,22.1,47,38205
ABalapaa,84,123,258,22.2,47,40223
ABalapaa,85,129,254,22.2,47,44062
ABalapaa,86,121,257,22.1,47,43434
ABalapaa,87,117,257,21.4,47,48260
ABalapaa,88,121,258,22.0,46,53083
ABalapaa,89,128,258,22.1,46,54892
ABalapaa,90,128,270,22.9,45,59057
ABalapaa,91,126,256,22.2,46,62946
ABalapaa,92,125,261,22.1,45,57452
ABalapaaa,93,106,264,21.9,40,47789
ABalapaaa,94,108,263,21.9,40,46381
ABalapaaa,95,102,257,21.2,40,59894
ABalapaaa,96,97,257,21.1,39,62351
ABalapaaa,97,95,254,20.9,38,66183
ABalapaaa,98,90,251,21.1,37,75786
ABalapaaa,99,100,246,21.9,37,71303
ABalapaaa,100,101,250,22.0,37,67312
ABalapaaa,101,99,256,22.1,39,67961
ABalapaaa,102,91,253,21.4,39,77838
ABalapaaa,103,90,251,21.1,39,84568
ABalapaaa,104,87,245,21.3,41,90640
ABalapaaa,105,83,256,20.4,39,91062
ABalapaaa,106,84,253,19.3,39,97773
ABalapaaa,107,84,252,19.3,39,97413
ABalapaaa,108,78,245,18.2,38,99546
ABalapaaa,109,88,231,17.9,38,96370
ABalapaaa,110,91,223,16.0,38,99754
ABalapaaa,111,94,215,15.0,38,109099
ABalapaaa,112,91,213,15.1,40,103114
ABalapaaa,113,97,215,16.0,40,101008
ABalapaaa,114,88,222,16.0,38,109760
ABalapaaa,115,93,220,16.9,38,103866
ABalapaaa,116,91,224,17.1,38,104118
ABalapaaa,117,94,228,16.2,38,105499
ABalapaaa,118,95,226,16.9,38,105030
ABalapaaa,119,99,220,17.1,40,108346
ABalapaaa,120,95,229,16.4,39,110968
ABalapaaa,121,97,223,16.3,41,108531
ABalapaaa,122,91,216,17.1,39,111108
ABalapaaa,123,87,213,17.1,38,118428
ABalapaaa,124,78,220,16.3,39,110864
ABalapaaa,125,79,219,16.3,36,112783
ABalapaaa,126,83,208,16.1,38,111632
ABalapaaa,127,84,213,17.1,38,104935
ABalapaaa,128,91,213,17.0,37,100138
ABalapaaa,129,91,219,17.2,35,104910
ABalapaaaa,130,91,236,16.9,33,97366
ABalapaaaa,131,84,229,17.3,35,94861
ABalapaaaa,132,83,232,17.1,35,102355
ABalapaaaa,133,81,229,18.2,37,97946
ABalapaaaa,134,87,240,18.1,37,97151
ABalapaaaa,135,85,248,18.2,35,100583
ABalapaaaa,136,76,255,18.1,35,97219
ABalapaaaa,137,83,249,17.4,35,106424
ABalapaaaa,138,84,236,17.3,35,104663
ABalapaaaa,139,89,235,17.3,37,109748
ABalapaaaa,140,88,234,17.2,37,101090
ABalapaaaa,141,90,231,17.2,37,109476
ABalapaaaa,142,92,236,17.3,37,113941
ABalapaaaa,143,91,231,17.1,37,116275
ABalapaaaa,144,87,231,17.1,37,117334
ABalapaaaa,145,85,226,17.1,35,130339
ABalapaaap,130,99,209,20.0,33,94577
ABalapaaap,131,96,211,20.3,37,89980
ABalapaaap,132,98,221,21.2,37,83147
ABalapaaap,133,101,222,20.3,37,85147
ABalapaaap,134,105,223,20.2,37,90125
ABalapaaap,135,100,225,20.1,33,100757
ABalapaaap,136,90,234,19.2,37,84383
ABalapaaap,137,100,228,19.0,35,91438
ABalapaaap,138,101,217,18.3,35,88528
ABalapaaap,139,105,217,18.3,37,87478
ABalapaaap,140,100,219,18.3,29,94637
ABalapaaap,141,109,221,18.5,29,107472
ABalapaaap,142,108,223,19.2,37,96675
ABalapaaap,143,105,216,19.1,37,98406
ABalapaaap,144,101,220,19.0,37,97386
ABalapaaap,145,95,219,19.0,37,106129
ABalapaap,93,128,220,23.1,40,39445
ABalapaap,94,119,207,23.1,40,50588
ABalapaap,95,130,199,23.1,40,59096
ABalapaap,96,123,195,23.1,39,66792
ABalapaap,97,115,200,23.1,38,65605
ABalapaap,98,116,203,22.2,41,57366
ABalapaap,99,115,204,22.4,39,57617
ABalapaap,100,114,211,23.2,39,68793
ABalapaap,101,114,218,22.9,37,58766
ABalapaap,102,114,217,22.0,41,67360
ABalapaap,103,106,216,21.2,39,79285
ABalapaap,104,102,216,20.2,39,76925
ABalapaap,105,98,221,19.9,37,73265
ABalapaap,106,95,220,19.3,39,82050
ABalapaap,107,101,222,18.2,39,83004
ABalapaap,108,103,218,17.1,40,89989
ABalapaap,109,115,204,17.2,38,85189
ABalapaap,110,119,202,17.2,40,92363
ABalapaap,111,113,198,17.2,42,90663
ABalapaap,112,105,202,17.2,42,88854
ABalapaap,113,120,197,17.3,42,84818
ABalapaap,114,119,201,17.0,40,84487
ABalapaap,115,119,200,16.1,38,89582
ABalapaap,116,117,196,18.0,38,84831
ABalapaap,117,111,200,17.9,38,85097
ABalapaap,118,118,196,17.2,40,88618
ABalapaap,119,122,198,18.1,42,98483
ABalapaap,120,117,194,17.2,41,92172
ABalapaap,121,119,188,19.0,41,89455
ABalapaap,122,122,193,19.0,41,93518
ABalapaap,123,118,191,18.3,38,108456
ABalapaap,124,109,197,18.0,39,106762
ABalapaap,125,108,193,17.9,34,89769
ABalapaap,126,119,187,17.2,38,89866
ABalapaapa,127,97,185,16.3,29,84602
ABalapaapa,128,97,176,16.0,33,83921
ABalapaapa,129,84,183,16.0,33,82107
ABalapaapa,130,84,200,16.2,35,93919
ABalapaapa,131,88,196,18.0,33,103768
ABalapaapa,132,87,202,18.0,33,88987
ABalapaapa,133,92,195,18.8,33,86084
ABalapaapa,134,91,201,18.0,33,97074
ABalapaapa,135,94,202,17.8,33,89319
ABalapaapa,136,89,200,17.9,33,103126
ABalapaapa,137,97,192,18.0,37,91101
ABalapaapa,138,105,180,17.3,37,95133
ABalapaapa,139,108,173,17.9,33,98786
ABalapaapa,140,101,181,18.3,37,85488
ABalapaapa,141,109,179,18.4,37,91623
ABalapaapa,142,111,189,18.1,33,98717
ABalapaapa,143,114,191,17.2,29,104721
ABalapaapa,144,121,200,17.1,37,84517
ABalapaapa,145,121,202,17.9,33,89097
ABalapaapp,127,137,175,19.1,34,74132
ABalapaapp,128,135,181,20.0,33,58150
ABalapaapp,129,127,182,19.3,37,67584
ABalapaapp,130,128,173,19.3,37,75796
ABalapaapp,131,131,177,20.2,37,79274
ABalapaapp,132,121,176,19.3,37,69989
ABalapaapp,133,124,175,18.3,37,74247
ABalapaapp,134,126,181,19.1,37,75025
ABalapaapp,135,120,182,19.3,37,83062
ABalapaapp,136,117,185,18.3,37,75879
ABalapaapp,137,123,189,18.1,29,90753
ABalapaapp,138,127,182,18.0,29,84426
ABalapaapp,139,131,173,16.3,29,69406
ABalapaapp,140,125,172,18.0,29,79808
ABalapaapp,141,132,171,18.0,29,83494
ABalapaapp,142,128,168,18.1,29,82018
ABalapaapp,143,127,170,18.0,37,83257
ABalapaapp,144,130,170,17.2,37,79783
ABalapaapp,145,128,168,18.1,37,77412
ABalapap,67,160,330,19.1,50,6967
ABalapap,68,163,333,20.9,49,10186
ABalapap,69,178,345,21.9,48,11569
ABalapap,70,177,349,22.0,47,14057
ABalapap,71,170,347,21.1,47,16307
ABalapap,72,165,349,21.8,47,15749
ABalapap,73,169,346,21.0,47,17356
ABalapap,74,164,350,21.0,47,18715
ABalapap,75,165,344,21.0,46,22105
ABalapap,76,168,343,22.0,45,26108
ABalapap,77,172,345,22.0,45,28710
ABalapap,78,176,334,21.9,45,28579
ABalapap,79,177,325,23.0,45,25817
ABalapap,80,169,313,22.0,45,29090
ABalapap,81,173,311,22.0,45,29052
ABalapap,82,169,295,22.2,47,31611
ABalapap,83,175,294,22.9,45,38049
ABalapap,84,173,289,22.2,47,34310
ABalapap,85,182,289,22.9,45,34826
ABalapap,86,178,292,22.9,45,42796
ABalapap,87,173,283,23.0,45,40695
ABalapap,88,177,279,22.9,46,42874
ABalapap,89,185,286,22.9,46,43814
ABalapapa,90,170,298,22.0,37,38486
ABalapapa,91,167,285,22.5,39,36878
ABalapapa,92,164,272,23.0,41,36208
ABalapapa,93,157,252,23.9,40,32398
ABalapapa,94,147,244,23.9,40,39699
ABalapapa,95,152,242,23.0,40,41168
ABalapapa,96,146,240,22.8,39,49476
ABalapapa,97,145,233,22.1,38,50754
ABalapapa,98,142,231,22.1,37,47581
ABalapapa,99,142,232,22.1,37,50208
ABalapapa,100,146,231,21.1,37,63577
ABalapapa,101,147,237,20.3,39,67776
ABalapapa,102,148,232,20.9,37,64647
ABalapapa,103,144,235,20.1,37,70917
ABalapapa,104,141,239,20.9,37,70074
ABalapapa,105,134,236,20.1,39,72319
ABalapapa,106,131,226,19.3,39,79153
ABalapapa,107,129,222,20.2,39,78269
ABalapapa,108,117,222,20.2,40,89696
ABalapapa,109,123,224,21.0,38,82168
ABalapapa,110,130,219,20.1,40,86000
ABalapapa,111,133,231,20.1,38,89184
ABalapapa,112,130,228,20.2,38,80457
ABalapapa,113,128,226,20.3,40,83201
ABalapapa,114,129,232,20.3,40,87921
ABalapapa,115,131,225,20.1,38,90969
ABalapapa,116,130,228,21.0,38,95706
ABalapapa,117,131,226,20.2,40,97900
ABalapapa,118,132,220,20.8,38,98341
ABalapapa,119,130,233,20.5,40,103805
ABalapapa,120,122,230,20.8,37,99751
ABalapapa,121,114,231,20.3,41,97988
ABalapapa,122,114,228,21.2,41,95165
ABalapapa,123,114,220,21.2,40,92169
ABalapapa,124,109,219,21.1,39,96601
ABalapapa,125,117,229,21.3,38,112586
ABalapapa,126,115,228,21.3,38,107761
ABalapapa,127,114,224,21.3,36,109100
ABalapapa,128,121,233,21.2,37,85666
ABalapapaa,129,105,254,21.1,37,66687
ABalapapaa,130,106,250,20.9,33,83201
ABalapapaa,131,95,246,21.0,33,86213
ABalapapaa,132,89,252,21.0,33,95695
ABalapapaa,133,89,252,21.1,33,108493
ABalapapaa,134,97,258,21.9,33,102217
ABalapapaa,135,94,259,22.0,33,92280
ABalapapaa,136,95,262,21.9,33,102036
ABalapapaa,137,98,262,21.1,33,108438
ABalapapaa,138,92,253,20.9,33,108861
ABalapapaa,139,95,259,20.2,33,109786
ABalapapaa,140,94,255,21.0,33,93699
ABalapapaa,141,101,262,21.1,33,100875
ABalapapaa,142,102,265,21.9,33,98355
ABalapapaa,143,106,264,22.0,33,104328
ABalapapaa,144,117,255,22.1,33,92227
ABalapapaa,145,117,248,22.9,33,94016
ABalapapap,129,130,229,22.1,35,76660
ABalapapap,130,134,221,22.3,29,80375
ABalapapap,131,130,222,23.1,29,70738
ABalapapap,132,135,223,22.3,29,86102
ABalapapap,133,125,219,23.1,29,77587
ABalapapap,134,128,228,23.0,37,80450
ABalapapap,135,125,231,22.2,37,77329
ABalapapap,136,122,235,22.1,37,72905
ABalapapap,137,123,234,21.4,37,66763
ABalapapap,138,125,228,21.3,35,80897
ABalapapap,139,123,231,22.0,37,77959
ABalapapap,140,124,227,22.2,37,85124
ABalapapap,141,129,234,22.1,29,78423
ABalapapap,142,124,237,22.2,37,88088
ABalapapap,143,118,234,22.1,37,85944
ABalapapap,144,124,233,21.3,29,85992
ABalapapap,145,126,232,21.3,29,69586
ABalapapp,90,219,284,23.0,41,26363
ABalapapp,91,221,259,22.2,31,46109
ABalapapp,92,220,246,20.9,41,31173
ABalapapp,93,222,229,19.9,40,41019
ABalapapp,94,216,226,20.1,40,43461
ABalapapp,95,211,220,20.0,40,42434
ABalapapp,96,205,215,20.1,39,49773
ABalapapp,97,201,213,20.1,38,54683
ABalapapp,98,204,217,19.2,39,53864
ABalapapp,99,199,219,19.2,39,62457
ABalapapp,100,197,223,19.1,37,59251
ABalapapp,101,201,221,19.9,37,53120
ABalapapp,102,200,213,19.2,39,60889
ABalapapp,103,193,210,20.1,41,59111
ABalapapp,104,197,206,20.0,41,63304
ABalapapp,105,196,203,19.2,39,65408
ABalapapp,106,192,198,19.2,41,67015
ABalapapp,107,180,186,19.1,41,72326
ABalapapp,108,178,183,18.3,40,78451
ABalapapp,109,176,196,18.1,40,77526
ABalapapp,110,174,189,19.0,42,76058
ABalapapp,111,173,189,18.4,40,78418
ABalapapp,112,176,191,19.1,40,79112
ABalapapp,113,175,190,19.2,40,81342
ABalapapp,114,167,190,19.1,40,85282
ABalapapp,115,168,186,18.2,40,80781
ABalapapp,116,170,188,19.1,42,80495
ABalapapp,117,181,192,19.1,42,79150
ABalapapp,118,184,184,19.1,42,85271
ABalapapp,119,181,188,20.0,42,82975
ABalapapp,120,171,185,20.2,41,82785
ABalapapp,121,172,185,20.2,41,83184
ABalapapp,122,177,188,20.0,37,73348
ABalapappa,123,160,192,19.2,34,63650
ABalapappa,124,148,189,20.1,35,65873
ABalapappa,125,149,195,20.0,34,67340
ABalapappa,126,156,199,20.1,36,56324
ABalapappa,127,162,203,21.0,34,65791
ABalapappa,128,160,214,21.1,37,61573
ABalapappa,129,160,209,21.1,37,60332
ABalapappa,130,166,204,20.2,37,58546
ABalapappa,131,162,203,20.4,37,59108
ABalapappa,132,159,205,20.3,35,64478
ABalapappa,133,160,198,20.4,35,63244
ABalapappa,134,159,205,21.1,37,74216
ABalapappa,135,155,202,21.2,37,73791
ABalapappa,136,150,207,20.2,37,69149
ABalapappa,137,155,204,20.1,37,71046
ABalapappa,138,152,200,20.3,35,71739
ABalapappa,139,148,199,21.0,37,60878
ABalapappa,140,142,193,21.1,37,68784
ABalapappa,141,152,194,20.4,37,64578
ABalapappa,142,153,192,20.2,37,72572
ABalapappa,143,153,185,20.5,35,84937
ABalapappa,144,157,189,20.4,37,73931
ABalapappa,145,152,191,20.2,37,75507
ABalapappp,123,195,176,20.4,34,62755
ABalapappp,124,203,173,21.0,35,58341
ABalapappp,125,207,178,20.9,34,51788
ABalapappp,126,212,184,20.0,36,62092
ABalapappp,127,214,189,19.1,38,52589
ABalapappp,128,206,185,20.1,37,52852
ABalapappp,129,205,187,20.2,37,61426
ABalapappp,130,209,188,19.3,37,60575
ABalapappp,131,207,193,20.2,35,76382
ABalapappp,132,202,191,20.3,37,55645
ABalapappp,133,208,186,21.3,37,61221
ABalapappp,134,201,186,22.1,37,63725
ABalapappp,135,198,186,21.4,37,64823
ABalapappp,136,193,189,21.3,37,51802
ABalapappp,137,196,184,21.2,35,66521
ABalapappp,138,191,183,21.3,35,68510
ABalapappp,139,191,185,21.3,35,67970
ABalapappp,140,187,180,21.4,37,74323
ABalapappp,141,191,179,21.5,37,61696
ABalapappp,142,193,178,21.2,37,65509
ABalapappp,143,191,178,21.3,37,77688
ABalapappp,144,191,180,21.5,35,74205
ABalapappp,145,191,182,23.0,37,66001
ABalapp,46,182,267,17.6,58,108
ABalapp,47,193,243,15.8,54,522
ABalapp,48,209,241,15.0,52,-293
ABalapp,49,209,229,14.8,51,-332
ABalapp,50,211,236,14.8,51,-137
ABalapp,51,205,239,14.1,50,872
ABalapp,52,202,239,14.2,49,820
ABalapp,53,207,252,15.1,51,232
ABalapp,54,195,251,14.1,48,977
ABalapp,55,196,256,13.4,50,1505
ABalapp,56,203,250,13.1,51,1148
ABalapp,57,209,248,12.9,49,3513
ABalapp,58,213,258,12.3,51,5188
ABalapp,59,215,259,12.3,53,4809
ABalapp,60,215,267,13.0,51,6622
ABalapp,61,212,268,14.0,52,7813
ABalapp,62,216,270,14.3,53,8362
ABalapp,63,219,271,15.1,52,9264
ABalapp,64,220,272,15.9,51,11118
ABalapp,65,208,273,17.0,52,12187
ABalapp,66,204,265,16.9,51,12590
ABalappa,67,185,267,17.0,50,8550
ABalappa,68,174,271,17.1,49,13123
ABalappa,69,165,285,17.0,48,12249
ABalappa,70,162,277,17.2,47,15088
ABalappa,71,164,277,17.1,47,17160
ABalappa,72,162,279,17.2,47,20498
ABalappa,73,163,283,17.1,47,23983
ABalappa,74,166,285,17.9,47,23266
ABalappa,75,169,285,18.0,46,24821
ABalappa,76,173,290,17.8,45,26115
ABalappa,77,179,290,17.1,45,33850
ABalappa,78,175,283,17.8,45,33341
ABalappa,79,173,267,17.0,45,33375
ABalappa,80,174,262,17.0,45,33614
ABalappa,81,172,262,17.9,45,35207
ABalappa,82,172,268,18.0,45,36677
ABalappa,83,179,270,18.1,45,46254
ABalappa,84,175,257,17.9,45,43971
ABalappa,85,172,263,17.3,47,45953
ABalappa,86,178,271,17.8,45,49804
ABalappa,87,177,277,17.1,47,55845
ABalappa,88,173,285,17.9,46,55379
ABalappa,89,164,287,17.3,50,50968
ABalappa,90,169,297,17.4,49,57614
ABalappa,91,170,290,18.1,44,73454
ABalappa,92,161,294,19.2,45,66390
ABalappa,93,151,284,20.0,40,69252
ABalappa,94,152,274,20.0,40,54806
ABalappaa,95,126,273,19.3,29,87332
ABalappaa,96,118,280,20.2,29,80842
ABalappaa,97,119,280,19.9,38,63343
ABalappaa,98,117,276,20.9,37,57375
ABalappaa,99,116,279,21.1,37,62235
ABalappaa,100,112,283,21.9,37,54735
ABalappaa,101,113,291,22.0,37,57523
ABalappaa,102,106,289,21.1,37,75643
ABalappaa,103,105,283,20.9,37,67743
ABalappaa,104,98,283,20.1,37,87638
ABalappaa,105,100,289,20.0,37,84493
ABalappaa,106,97,288,19.0,37,86603
ABalappaa,107,99,287,18.4,39,90184
ABalappaa,108,97,285,18.0,38,101229
ABalappaa,109,96,272,17.1,38,102211
ABalappaa,110,95,267,17.1,38,106278
ABalappaa,111,96,261,17.0,38,107612
ABalappaa,112,100,266,16.1,40,109604
ABalappaa,113,94,264,16.3,42,95363
ABalappaa,114,94,271,17.2,40,108262
ABalappaa,115,87,268,18.0,38,112474
ABalappaa,116,98,274,18.2,40,104507
ABalappaa,117,106,276,18.0,38,118189
ABalappaa,118,109,282,18.0,38,125347
ABalappaa,119,103,280,18.8,38,112061
ABalappaa,120,105,285,18.3,39,114683
ABalappaa,121,100,276,19.0,39,110816
ABalappaa,122,96,271,19.3,39,113062
ABalappaa,123,92,259,19.4,38,123883
ABalappaa,124,97,260,19.1,39,121994
ABalappaa,125,93,260,19.2,38,114313
ABalappaa,126,87,256,19.1,38,117199
ABalappaa,127,87,250,20.3,38,114972
ABalappaa,128,79,259,18.3,37,124476
ABalappaa,129,80,268,18.3,37,123684
ABalappaa,130,83,275,17.2,37,123871
ABalappaa,131,81,270,17.2,37,116788
ABalappaa,132,78,275,18.0,37,109592
ABalappaa,133,82,273,18.1,37,126432
ABalappaaa,134,77,273,16.1,37,102252
ABalappaaa,135,74,275,16.8,33,107361
ABalappaaa,136,73,286,17.0,33,110814
ABalappaaa,137,72,286,16.1,33,141388
ABalappaaa,138,69,269,16.1,35,133588
ABalappaaa,139,70,270,15.2,29,142476
ABalappaaa,140,67,274,15.3,29,145060
ABalappaaa,141,73,273,16.0,33,135911
ABalappaaa,142,76,277,16.2,29,149099
ABalappaaa,143,78,271,16.1,35,131731
ABalappaaa,144,82,269,16.5,33,117531
ABalappaaa,145,86,266,16.9,31,127921
ABalappaap,134,90,283,20.1,33,100018
ABalappaap,135,87,289,20.0,33,98413
ABalappaap,136,89,292,19.9,33,103168
ABalappaap,137,84,288,18.1,37,106522
ABalappaap,138,83,275,18.1,37,102469
ABalappaap,139,86,273,18.0,37,111540
ABalappaap,140,79,275,17.2,37,96480
ABalappaap,141,95,269,18.2,37,108338
ABalappaap,142,90,275,18.1,37,108668
ABalappaap,143,100,268,18.7,37,93314
ABalappaap,144,98,265,18.6,37,107711
ABalappaap,145,98,260,19.6,37,96549
ABalappap,95,175,274,19.1,34,60689
ABalappap,96,177,277,19.9,39,52997
ABalappap,97,176,276,19.8,38,54577
ABalappap,98,178,277,18.9,37,59394
ABalappap,99,176,284,18.0,39,57061
ABalappap,100,173,286,18.1,39,61408
ABalappap,101,167,283,18.3,41,58664
ABalappap,102,164,284,18.2,41,53674
ABalappap,103,156,284,18.2,39,67448
ABalappap,104,151,286,18.0,37,67605
ABalappap,105,150,282,18.1,41,65111
ABalappap,106,143,280,18.1,37,77712
ABalappap,107,142,276,18.4,39,75679
ABalappap,108,138,277,18.2,40,82086
ABalappap,109,137,278,18.1,38,88041
ABalappap,110,133,277,19.1,42,75515
ABalappap,111,129,277,18.4,40,77936
ABalappap,112,117,278,19.1,42,88859
ABalappap,113,115,281,20.0,40,83382
ABalappap,114,120,286,19.2,40,87585
ABalappap,115,122,289,19.1,40,92754
ABalappap,116,125,288,20.0,29,79310
ABalappap,117,123,289,20.0,42,100596
ABalappap,118,123,295,20.1,42,112117
ABalappap,119,123,311,20.3,40,101749
ABalappap,120,121,316,20.2,39,105693
ABalappap,121,120,313,20.1,41,103200
ABalappap,122,113,312,20.1,39,110240
ABalappap,123,110,307,20.2,40,109304
ABalappap,124,103,305,20.3,39,118080
ABalappap,125,101,302,20.1,38,111769
ABalappap,126,90,295,20.1,38,116515
ABalappap,127,103,301,20.1,34,93685
ABalappapa,128,83,301,18.0,33,93044
ABalappapa,129,80,309,18.0,33,92884
ABalappapa,130,79,309,17.5,35,91788
ABalappapa,131,76,312,17.2,37,92500
ABalappapa,132,78,324,17.0,33,99539
ABalappapa,133,83,329,17.9,33,102487
ABalappapa,134,89,330,18.1,35,101062
ABalappapa,135,90,327,17.3,37,103217
ABalappapa,136,87,331,18.1,33,105891
ABalappapa,137,90,334,16.4,35,101264
ABalappapa,138,87,333,17.0,33,102445
ABalappapa,139,86,333,16.0,33,102789
ABalappapa,140,93,335,15.5,35,102412
ABalappapa,141,100,338,15.3,37,95816
ABalappapa,142,102,335,15.5,35,104787
ABalappapa,143,101,341,17.1,35,99954
ABalappapa,144,109,340,17.1,35,105781
ABalappapa,145,103,340,16.2,35,107352
ABalappapp,128,113,304,20.9,33,85482
ABalappapp,129,115,318,21.0,33,88400
ABalappapp,130,113,310,21.1,35,79216
ABalappapp,131,108,308,21.0,35,79847
ABalappapp,132,109,316,20.4,35,82481
ABalappapp,133,107,319,21.1,37,88557
ABalappapp,134,112,331,21.0,37,78042
ABalappapp,135,111,335,20.1,37,89511
ABalappapp,136,115,341,20.1,37,85810
ABalappapp,137,116,339,19.1,37,83757
ABalappapp,138,117,339,19.1,37,91851
ABalappapp,139,115,340,18.3,37,92083
ABalappapp,140,115,341,19.2,37,93475
ABalappapp,141,121,345,19.1,37,88458
ABalappapp,142,127,346,18.2,37,93359
ABalappapp,143,132,345,19.1,37,83154
ABalappapp,144,133,350,19.0,37,86491
ABalappapp,145,126,351,18.4,37,98823
ABalappp,67,248,261,18.1,50,6273
ABalappp,68,247,259,18.0,49,8178
ABalappp,69,251,268,19.0,48,9872
ABalappp,70,263,274,18.8,47,14211
ABalappp,71,262,285,18.1,47,15762
ABalappp,72,261,283,18.1,47,15619
ABalappp,73,262,283,18.1,47,16237
ABalappp,74,257,285,17.9,47,17441
ABalappp,75,245,281,18.0,46,20241
ABalappp,76,239,285,18.0,45,23628
ABalappp,77,241,287,17.3,47,26291
ABalappp,78,239,278,18.0,45,30148
ABalappp,79,240,274,18.0,45,27816
ABalappp,80,235,268,17.1,47,35660
ABalappp,81,237,273,18.1,47,34235
ABalappp,82,242,277,18.0,45,32457
ABalappp,83,240,292,17.3,47,38630
ABalappp,84,237,291,17.9,45,41322
ABalappp,85,237,295,17.2,47,42098
ABalappp,86,240,310,17.2,49,43549
ABalappp,87,245,317,18.0,47,45045
ABalappp,88,244,319,18.1,46,47389
ABalappp,89,246,328,17.9,46,48064
ABalappp,90,248,317,17.1,39,52440
ABalapppa,91,216,306,18.0,34,45098
ABalapppa,92,210,292,17.3,39,38882
ABalapppa,93,202,285,18.0,40,45048
ABalapppa,94,205,285,18.1,40,40168
ABalapppa,95,206,297,18.9,40,39669
ABalapppa,96,202,303,18.8,39,50156
ABalapppa,97,206,306,19.0,38,53842
ABalapppa,98,203,316,18.2,39,51628
ABalapppa,99,197,320,18.2,39,60009
ABalapppa,100,195,313,19.1,37,54442
ABalapppa,101,193,310,19.2,39,61032
ABalapppa,102,193,305,20.0,39,51489
ABalapppa,103,189,300,19.4,39,53896
ABalapppa,104,183,303,20.0,41,54360
ABalapppa,105,179,294,20.2,41,54965
ABalapppa,106,176,292,20.4,41,61247
ABalapppa,107,177,283,21.1,39,64865
ABalapppa,108,171,290,20.4,40,65916
ABalapppa,109,172,289,20.2,40,61979
ABalapppa,110,169,296,20.9,38,67527
ABalapppa,111,162,294,21.9,38,64860
ABalapppa,112,158,293,20.9,38,71413
ABalapppa,113,162,293,20.1,38,76822
ABalapppa,114,162,291,20.0,40,74558
ABalapppa,115,158,294,20.2,40,69820
ABalapppa,116,162,301,20.4,40,73603
ABalapppa,117,161,301,21.1,40,80124
ABalapppa,118,167,297,21.1,40,76935
ABalapppa,119,165,302,21.1,38,87036
ABalapppa,120,160,301,22.1,41,81647
ABalapppa,121,158,312,22.1,41,84784
ABalapppa,122,155,306,21.3,41,93270
ABalapppa,123,153,298,22.2,40,96152
ABalapppa,124,150,285,20.2,39,94997
ABalapppa,125,150,291,21.0,34,72622
ABalapppaa,126,130,283,21.0,34,59842
ABalapppaa,127,124,278,21.9,34,63295
ABalapppaa,128,128,276,21.0,33,75750
ABalapppaa,129,124,281,20.9,33,77508
ABalapppaa,130,122,275,21.1,35,73778
ABalapppaa,131,119,276,21.4,37,65516
ABalapppaa,132,114,283,21.3,37,74713
ABalapppaa,133,112,285,21.3,37,65578
ABalapppaa,134,124,300,21.3,35,73598
ABalapppaa,135,119,304,21.4,35,74049
ABalapppaa,136,117,308,21.2,35,80218
ABalapppaa,137,117,305,20.0,33,70916
ABalapppaa,138,107,300,20.8,33,90430
ABalapppaa,139,109,303,19.3,35,85747
ABalapppaa,140,108,304,20.2,35,86852
ABalapppaa,141,118,308,19.3,37,78943
ABalapppaa,142,121,311,19.2,37,80775
ABalapppaa,143,121,310,20.0,35,78340
ABalapppaa,144,128,310,20.0,33,92981
ABalapppaa,145,119,307,19.1,37,90836
ABalapppap,126,163,295,21.8,34,51523
ABalapppap,127,173,302,21.1,34,66599
ABalapppap,128,170,302,21.2,35,76500
ABalapppap,129,166,303,21.2,36,68868
ABalapppap,130,162,304,21.3,37,78880
ABalapppap,131,153,307,21.3,37,70386
ABalapppap,132,153,310,22.0,33,89323
ABalapppap,133,153,302,22.0,37,78773
ABalapppap,134,161,308,21.9,33,78965
ABalapppap,135,155,305,21.1,35,83872
ABalapppap,136,151,310,20.3,37,68816
ABalapppap,137,152,312,20.3,35,67998
ABalapppap,138,146,309,20.2,35,71090
ABalapppap,139,146,309,20.1,37,71456
ABalapppap,140,143,308,20.2,37,66585
ABalapppap,141,150,316,21.1,37,68336
ABalapppap,142,155,309,21.2,37,62492
ABalapppap,143,151,312,22.1,37,72577
ABalapppap,144,156,312,22.0,37,71704
ABalapppap,145,149,311,21.3,37,67985
ABalapppp,91,280,303,17.1,34,46500
ABalapppp,92,283,294,17.1,37,44865
ABalapppp,93,282,303,17.1,40,47774
ABalapppp,94,279,309,18.0,40,48909
ABalapppp,95,276,330,18.8,40,45007
ABalapppp,96,267,329,19.0,39,50040
ABalapppp,97,263,336,20.0,38,52724
ABalapppp,98,257,335,19.3,39,49093
ABalapppp,99,248,336,20.2,41,49039
ABalapppp,100,246,340,20.1,41,53872
ABalapppp,101,248,342,19.2,39,61183
ABalapppp,102,243,338,20.1,41,52397
ABalapppp,103,239,336,20.2,41,50094
ABalapppp,104,237,335,20.2,41,49076
ABalapppp,105,231,336,20.1,41,51448
ABalapppp,106,228,331,19.3,39,53969
ABalapppp,107,232,318,20.2,41,61003
ABalapppp,108,230,309,20.1,40,58006
ABalapppp,109,227,300,20.1,42,62090
ABalapppp,110,226,311,20.1,42,63277
ABalapppp,111,224,319,20.3,42,63748
ABalapppp,112,224,319,20.3,42,55486
ABalapppp,113,225,329,20.3,42,62997
ABalapppp,114,218,328,21.1,40,77043
ABalapppp,115,214,326,21.2,42,66054
ABalapppp,116,215,332,21.3,42,70100
ABalapppp,117,217,332,21.9,38,77685
ABalapppp,118,220,333,22.0,42,75111
ABalapppp,119,219,333,21.1,42,78711
ABalapppp,120,216,333,22.1,41,83116
ABalapppp,121,216,334,21.4,39,84017
ABalapppp,122,204,335,22.0,37,75865
ABalapppp,123,212,331,22.0,34,74477
ABalappppa,124,190,325,21.8,35,60892
ABalappppa,125,186,330,21.8,34,60256
ABalappppa,126,193,317,20.2,36,54831
ABalappppa,127,204,325,20.1,34,53616
ABalappppa,128,200,328,20.3,37,47447
ABalappppa,129,192,337,21.0,37,50600
ABalappppa,130,182,348,20.2,37,63219
ABalappppa,131,185,348,20.2,37,64772
ABalappppa,132,189,352,20.1,37,61865
ABalappppa,133,186,344,21.0,37,63118
ABalappppa,134,191,342,20.4,37,66075
ABalappppa,135,181,344,20.4,37,69525
ABalappppa,136,175,346,21.0,35,82390
ABalappppa,137,173,346,21.1,35,84205
ABalappppa,138,170,345,21.0,37,75585
ABalappppa,139,167,347,20.3,37,83401
ABalappppa,140,163,346,20.2,37,86957
ABalappppa,141,168,347,20.3,37,82067
ABalappppa,142,162,347,21.1,37,75702
ABalappppa,143,166,344,21.0,37,75099
ABalappppa,144,172,347,20.2,37,75180
ABalappppa,145,158,344,20.3,37,82222
ABalappppp,124,242,328,22.0,35,46755
ABalappppp,125,245,339,21.9,34,60633
ABalappppp,126,246,334,21.1,34,54874
ABalappppp,127,259,337,21.0,34,59152
ABalappppp,128,253,334,21.3,37,53441
ABalappppp,129,251,337,21.9,33,58201
ABalappppp,130,241,345,22.0,37,58998
ABalappppp,131,248,348,21.9,33,64966
ABalappppp,132,248,347,21.3,35,59544
ABalappppp,133,242,342,21.3,37,53498
ABalappppp,134,239,347,22.0,37,59023
ABalappppp,135,235,347,22.0,35,62292
ABalappppp,136,226,343,21.3,35,66954
ABalappppp,137,224,342,21.1,33,80392
ABalappppp,138,219,343,20.4,35,67165
ABalappppp,139,219,347,20.4,35,71194
ABalappppp,140,216,346,21.0,37,64882
ABalappppp,141,224,345,20.3,35,69680
ABalappppp,142,222,349,21.1,37,71240
ABalappppp,143,225,350,20.4,37,61627
ABalappppp,144,227,347,20.3,37,67768
ABalappppp,145,215,353,20.3,37,63559
ABalp,18,144,232,12.3,42,-218
ABalp,19,162,211,12.9,55,415
ABalp,20,185,190,11.1,58,-54
ABalp,21,191,173,12.1,60,-11
ABalp,22,191,169,13.3,63,-21
ABalp,23,179,163,13.4,65,-542
ABalp,24,180,156,16.1,64,-246
ABalp,25,164,155,15.3,62,-239
ABalp,26,159,174,13.5,66,-727
ABalp,27,164,179,12.4,68,-539
ABalp,28,155,194,12.6,64,10
ABalpa,29,154,200,9.3,48,-293
ABalpa,30,141,210,9.1,51,-423
ABalpa,31,131,214,8.1,53,31
ABalpa,32,131,225,8.1,56,-48
ABalpa,33,139,213,8.1,59,-119
ABalpa,34,142,205,8.2,59,-861
ABalpa,35,144,191,10.0,61,-466
ABalpa,36,129,195,10.3,64,-147
ABalpa,37,120,198,10.3,64,-900
ABalpa,38,117,199,10.3,66,-727
ABalpa,39,136,200,10.9,62,17
ABalpa,40,136,193,10.8,62,-596
ABalpa,41,135,202,10.9,63,-257
ABalpa,42,135,208,11.7,62,-131
ABalpa,43,134,214,11.9,61,-1024
ABalpa,44,138,221,10.8,61,-753
ABalpaa,45,124,205,13.3,60,-790
ABalpaa,46,110,189,15.8,58,122
ABalpaa,47,108,188,15.1,54,-350
ABalpaa,48,101,196,16.0,52,721
ABalpaa,49,102,199,15.9,51,-1103
ABalpaa,50,107,196,16.0,51,-764
ABalpaa,51,104,201,16.1,50,667
ABalpaa,52,100,206,15.9,47,477
ABalpaa,53,97,223,16.0,51,583
ABalpaa,54,98,233,16.4,50,464
ABalpaa,55,102,228,16.4,50,1048
ABalpaa,56,104,221,16.2,51,2627
ABalpaa,57,107,221,16.2,53,2706
ABalpaa,58,110,215,17.0,53,2420
ABalpaa,59,116,216,16.9,51,3361
ABalpaa,60,108,213,16.2,51,5921
ABalpaa,61,113,208,15.8,52,7057
ABalpaa,62,120,215,16.0,53,7078
ABalpaa,63,118,214,15.1,52,10802
ABalpaa,64,115,219,16.0,51,10543
ABalpaa,65,110,205,14.1,52,12295
ABalpaaa,66,86,233,11.8,51,6486
ABalpaaa,67,91,229,10.2,38,15570
ABalpaaa,68,75,225,11.3,41,17433
ABalpaaa,69,80,227,12.2,42,21601
ABalpaaa,70,92,221,12.2,43,20766
ABalpaaa,71,88,214,13.1,47,21273
ABalpaaa,72,86,218,14.1,47,22309
ABalpaaa,73,85,225,14.0,47,26133
ABalpaaa,74,86,220,14.0,47,28752
ABalpaaa,75,81,233,15.0,46,33418
ABalpaaa,76,78,243,14.0,45,39958
ABalpaaa,77,75,252,13.1,45,44171
ABalpaaa,78,76,257,11.1,45,42840
ABalpaaa,79,76,256,11.0,45,43932
ABalpaaa,80,72,257,10.9,45,49998
ABalpaaa,81,75,257,12.0,45,51331
ABalpaaa,82,68,264,14.5,47,54781
ABalpaaa,83,72,261,15.3,47,61248
ABalpaaa,84,77,239,16.1,45,63370
ABalpaaa,85,75,235,16.0,45,62298
ABalpaaa,86,77,232,14.9,45,67959
ABalpaaa,87,72,228,13.9,45,69388
ABalpaaa,88,76,231,13.0,46,80277
ABalpaaa,89,76,241,12.9,46,72914
ABalpaaa,90,72,254,12.0,47,77242
ABalpaaa,91,65,253,11.9,44,84286
ABalpaaa,92,68,254,10.1,45,100162
ABalpaaa,93,76,247,9.3,44,98844
ABalpaaa,94,76,244,10.1,44,106504
ABalpaaa,95,81,239,10.0,44,105991
ABalpaaa,96,87,245,10.1,43,93432
ABalpaaaa,97,75,257,10.1,29,108221
ABalpaaaa,98,73,253,10.9,37,86156
ABalpaaaa,99,82,255,10.1,37,87439
ABalpaaaa,100,85,251,10.7,37,87403
ABalpaaaa,101,81,251,9.9,37,88495
ABalpaaaa,102,88,250,9.0,37,99221
ABalpaaaa,103,88,255,8.8,37,96146
ABalpaaaa,104,92,255,8.1,37,97594
ABalpaaaa,105,98,262,7.9,37,99286
ABalpaaaa,106,104,259,7.8,37,103702
ABalpaaaa,107,108,271,6.8,37,99491
ABalpaaaa,108,118,278,6.0,38,100200
ABalpaaaa,109,127,282,5.9,38,94171
ABalpaaaa,110,131,291,5.9,38,97043
ABalpaaaa,111,134,295,5.8,38,96121
ABalpaaaa,112,147,295,5.8,38,94752
ABalpaaaa,113,148,280,5.8,38,95765
ABalpaaaa,114,148,281,5.8,38,89920
ABalpaaaa,115,140,287,5.9,38,98212
ABalpaaaa,116,138,278,5.9,38,102332
ABalpaaaa,117,141,282,5.9,38,97393
ABalpaaaa,118,145,280,5.8,38,91485
ABalpaaaa,119,149,275,5.9,38,93589
ABalpaaaa,120,146,269,6.0,37,110720
ABalpaaaa,121,140,262,5.8,37,110124
ABalpaaaa,122,142,274,5.9,37,104117
ABalpaaaa,123,139,271,5.9,36,118232
ABalpaaaa,124,137,272,5.4,39,111629
ABalpaaaa,125,140,267,5.3,38,113930
ABalpaaaa,126,135,262,5.2,38,112947
ABalpaaaa,127,133,254,5.3,38,118804
ABalpaaaa,128,143,259,5.3,37,123130
ABalpaaaa,129,150,263,5.4,37,120358
ABalpaaaa,130,151,258,5.4,37,125094
ABalpaaaa,131,150,253,5.4,37,128170
ABalpaaaa,132,153,249,6.1,37,121654
ABalpaaaa,133,146,236,6.2,37,107685
ABalpaaaa,134,149,234,7.0,33,111374
ABalpaaaaa,135,131,238,7.4,29,117535
ABalpaaaaa,136,123,245,7.3,29,111761
ABalpaaaaa,137,128,244,6.4,35,102522
ABalpaaaaa,138,127,238,6.2,35,104754
ABalpaaaaa,139,131,235,6.0,33,107879
ABalpaaaaa,140,133,229,6.1,33,105150
ABalpaaaaa,141,137,227,6.7,33,97018
ABalpaaaaa,142,141,226,6.3,35,96559
ABalpaaaaa,143,138,231,6.1,33,111943
ABalpaaaaa,144,145,229,6.4,37,99535
ABalpaaaaa,145,146,222,7.2,37,109344
ABalpaaaap,135,158,214,5.7,33,80441
ABalpaaaap,136,155,217,5.8,33,81209
ABalpaaaap,137,161,218,5.2,33,97350
ABalpaaaap,138,162,213,5.1,33,98881
ABalpaaaap,139,163,211,5.1,33,98554
ABalpaaaap,140,163,213,5.1,33,93210
ABalpaaaap,141,162,216,5.1,33,91094
ABalpaaaap,142,170,220,5.1,33,91700
ABalpaaaap,143,170,229,5.2,33,97187
ABalpaaaap,144,171,227,5.1,33,101536
ABalpaaaap,145,170,222,5.3,35,94683
ABalpaaap,97,90,213,9.9,38,63624
ABalpaaap,98,103,205,8.9,37,68801
ABalpaaap,99,100,208,7.9,37,88096
ABalpaaap,100,105,211,6.9,37,85925
ABalpaaap,101,114,210,6.2,37,93568
ABalpaaap,102,118,213,6.1,37,91672
ABalpaaap,103,112,216,6.9,37,86695
ABalpaaap,104,121,224,6.1,37,94110
ABalpaaap,105,130,230,6.0,37,89821
ABalpaaap,106,133,230,6.0,37,93331
ABalpaaap,107,140,235,5.9,37,93562
ABalpaaap,108,146,241,6.1,38,97342
ABalpaaap,109,151,240,6.1,38,94172
ABalpaaap,110,144,246,6.1,38,102917
ABalpaaap,111,143,242,5.9,38,93525
ABalpaaap,112,161,242,5.9,38,100191
ABalpaaap,113,168,235,5.9,38,107499
ABalpaaap,114,164,238,5.9,38,102555
ABalpaaap,115,167,244,5.9,38,107838
ABalpaaap,116,174,246,5.9,38,103460
ABalpaaap,117,180,252,6.0,38,100925
ABalpaaap,118,188,256,6.1,38,107505
ABalpaaap,119,194,254,6.1,38,106303
ABalpaaap,120,192,254,6.9,37,98798
ABalpaaap,121,193,254,6.1,37,112346
ABalpaaap,122,193,257,6.9,37,109792
ABalpaaap,123,193,254,6.1,36,117140
ABalpaaap,124,191,258,6.1,37,110460
ABalpaaap,125,192,249,6.2,38,118760
ABalpaaap,126,191,242,6.3,38,117711
ABalpaaap,127,186,243,6.3,36,121907
ABalpaaap,128,192,244,7.2,37,116098
ABalpaaap,129,192,242,8.1,37,123118
ABalpaaap,130,192,235,8.3,37,121441
ABalpaaap,131,193,232,8.0,33,113184
ABalpaaap,132,196,231,8.0,33,105227
ABalpaaap,133,196,230,8.0,33,102441
ABalpaaapa,134,186,241,7.1,33,86472
ABalpaaapa,135,185,236,7.0,33,86033
ABalpaaapa,136,181,238,6.8,33,91547
ABalpaaapa,137,186,234,6.8,33,93419
ABalpaaapa,138,184,232,6.7,33,80215
ABalpaaapa,139,192,239,5.9,33,92713
ABalpaaapa,140,193,232,6.1,33,96783
ABalpaaapa,141,193,232,6.0,33,91544
ABalpaaapa,142,193,241,6.9,33,91338
ABalpaaapa,143,193,241,6.9,33,84672
ABalpaaapa,144,200,238,6.3,35,96131
ABalpaaapa,145,196,234,6.3,35,94079
ABalpaaapp,134,218,228,8.0,33,85959
ABalpaaapp,135,227,224,8.2,31,95596
ABalpaaapp,136,223,221,8.9,33,91013
ABalpaaapp,137,227,220,9.0,33,91667
ABalpaaapp,138,225,222,9.0,33,85155
ABalpaaapp,139,224,221,9.0,33,84548
ABalpaaapp,140,219,219,9.1,33,94785
ABalpaaapp,141,221,222,9.8,33,86892
ABalpaaapp,142,218,223,9.1,33,101386
ABalpaaapp,143,220,223,9.9,33,88322
ABalpaaapp,144,216,223,9.0,33,93646
ABalpaaapp,145,214,223,8.4,35,92043
ABalpaap,66,132,195,15.0,51,7075
ABalpaap,67,136,192,15.0,50,9471
ABalpaap,68,136,188,15.9,49,10953
ABalpaap,69,157,199,16.1,48,10370
ABalpaap,70,162,200,16.0,47,12338
ABalpaap,71,158,197,16.0,47,16286
ABalpaap,72,149,200,15.9,47,17898
ABalpaap,73,153,213,14.9,47,21596
ABalpaap,74,145,204,14.9,47,22999
ABalpaap,75,138,210,15.0,46,25386
ABalpaap,76,130,217,14.1,47,30660
ABalpaap,77,124,224,14.1,47,30540
ABalpaap,78,126,223,13.4,47,32648
ABalpaap,79,122,236,13.2,49,34672
ABalpaap,80,113,229,13.1,49,36734
ABalpaap,81,124,226,13.2,49,38629
ABalpaap,82,120,219,14.2,49,40022
ABalpaap,83,116,218,14.3,49,45802
ABalpaap,84,122,211,13.3,49,53955
ABalpaap,85,125,205,14.3,49,52766
ABalpaap,86,131,206,14.3,49,55843
ABalpaap,87,131,207,14.2,49,55283
ABalpaap,88,135,209,14.3,48,57805
ABalpaap,89,128,210,15.0,46,65544
ABalpaap,90,125,225,16.0,45,52931
ABalpaapa,91,103,238,17.0,44,40571
ABalpaapa,92,97,236,15.9,41,53662
ABalpaapa,93,100,231,14.3,44,53672
ABalpaapa,94,100,231,15.1,44,55080
ABalpaapa,95,95,218,14.4,42,59055
ABalpaapa,96,88,211,14.5,41,67447
ABalpaapa,97,100,209,13.4,40,66925
ABalpaapa,98,108,209,13.2,41,65328
ABalpaapa,99,111,207,13.1,41,69684
ABalpaapa,100,118,206,12.3,41,71850
ABalpaapa,101,123,212,11.4,41,75198
ABalpaapa,102,126,216,11.3,41,73745
ABalpaapa,103,119,209,12.1,41,80071
ABalpaapa,104,122,215,12.1,41,82422
ABalpaapa,105,121,214,11.2,41,84113
ABalpaapa,106,124,210,11.0,41,84782
ABalpaapa,107,121,217,10.3,41,85406
ABalpaapa,108,119,221,10.1,42,85494
ABalpaapa,109,118,218,10.0,42,89097
ABalpaapa,110,124,219,9.3,42,86779
ABalpaapa,111,127,221,9.2,42,85517
ABalpaapa,112,131,222,9.2,42,96287
ABalpaapa,113,135,213,10.1,42,93526
ABalpaapa,114,128,214,9.2,40,95917
ABalpaapa,115,129,219,8.3,42,101825
ABalpaapa,116,134,222,8.0,40,99150
ABalpaapa,117,140,233,8.1,42,100816
ABalpaapa,118,142,238,8.1,40,101436
ABalpaapa,119,147,233,8.1,38,79995
ABalpaapaa,120,133,241,8.3,35,75385
ABalpaapaa,121,120,249,9.2,35,85249
ABalpaapaa,122,119,251,9.4,35,86094
ABalpaapaa,123,119,255,9.8,36,75805
ABalpaapaa,124,118,257,8.9,35,92549
ABalpaapaa,125,116,256,8.9,34,77004
ABalpaapaa,126,109,245,8.0,34,90230
ABalpaapaa,127,105,247,8.0,36,95951
ABalpaapaa,128,114,254,7.3,37,95005
ABalpaapaa,129,118,255,8.0,33,92369
ABalpaapaa,130,116,256,8.0,35,74849
ABalpaapaa,131,119,252,8.2,37,78883
ABalpaapaa,132,117,255,8.0,35,81650
ABalpaapaa,133,115,247,9.1,35,103146
ABalpaapaa,134,115,250,8.3,35,102713
ABalpaapaa,135,112,246,9.4,37,95228
ABalpaapaa,136,109,254,10.0,37,93956
ABalpaapaa,137,112,255,9.2,35,95937
ABalpaapaa,138,108,249,9.1,37,89049
ABalpaapaa,139,115,247,9.3,37,99614
ABalpaapaa,140,119,245,10.0,37,88912
ABalpaapaa,141,124,249,10.3,37,100883
ABalpaapaa,142,123,250,10.0,37,86759
ABalpaapaa,143,123,252,10.3,35,104393
ABalpaapaa,144,120,251,10.4,35,97839
ABalpaapaa,145,122,249,10.3,35,98155
ABalpaapap,120,165,217,8.2,35,80662
ABalpaapap,121,167,219,8.8,37,64239
ABalpaapap,122,164,222,8.2,41,62327
ABalpaapap,123,164,222,8.3,40,63844
ABalpaapap,124,159,227,8.0,39,63578
ABalpaapap,125,147,223,8.0,38,63428
ABalpaapap,126,139,220,7.3,38,67767
ABalpaapap,127,140,223,8.3,38,78896
ABalpaapap,128,143,232,9.1,37,78516
ABalpaapap,129,147,237,9.2,37,82737
ABalpaapap,130,151,232,9.4,37,76353
ABalpaapap,131,145,233,10.1,37,80155
ABalpaapap,132,150,233,10.1,37,81975
ABalpaapap,133,150,225,10.2,37,92302
ABalpaapap,134,151,228,10.3,37,83583
ABalpaapap,135,159,224,10.4,37,76275
ABalpaapap,136,152,228,10.3,37,73752
ABalpaapap,137,151,220,10.1,37,76323
ABalpaapap,138,151,222,9.3,37,76247
ABalpaapap,139,161,223,9.2,37,75990
ABalpaapap,140,158,222,10.0,37,74113
ABalpaapap,141,159,219,10.0,37,71919
ABalpaapap,142,158,222,10.1,37,76408
ABalpaapap,143,164,227,10.1,37,78859
ABalpaapap,144,168,226,10.0,37,76743
ABalpaapap,145,164,221,10.1,37,79385
ABalpaapp,91,146,203,14.1,40,50490
ABalpaapp,92,148,201,14.0,41,44100
ABalpaapp,93,159,194,13.1,40,54086
ABalpaapp,94,153,198,12.0,40,55775
ABalpaapp,95,156,198,11.2,40,61166
ABalpaapp,96,159,199,11.1,41,62816
ABalpaapp,97,169,204,11.9,38,66997
ABalpaapp,98,179,212,11.1,39,70493
ABalpaapp,99,176,209,11.1,37,77116
ABalpaapp,100,177,211,10.4,39,72662
ABalpaapp,101,180,216,10.3,39,76758
ABalpaapp,102,180,213,11.2,37,84630
ABalpaapp,103,174,209,11.5,39,75201
ABalpaapp,104,177,203,11.2,39,90085
ABalpaapp,105,178,199,10.4,39,91024
ABalpaapp,106,183,196,10.3,39,88743
ABalpaapp,107,179,201,10.3,39,96402
ABalpaapp,108,182,200,10.2,40,91127
ABalpaapp,109,184,198,10.1,40,98481
ABalpaapp,110,181,198,10.2,40,92756
ABalpaapp,111,181,191,10.1,40,96348
ABalpaapp,112,183,185,10.1,40,103077
ABalpaapp,113,183,181,10.1,42,98238
ABalpaapp,114,179,182,9.4,40,101123
ABalpaapp,115,177,185,9.9,38,106410
ABalpaapp,116,183,185,10.1,40,110545
ABalpaapp,117,180,184,9.9,38,106106
ABalpaapp,118,176,181,9.3,40,113790
ABalpaapp,119,177,179,9.8,38,99587
ABalpaapp,120,180,176,9.3,39,114223
ABalpaapp,121,179,175,10.1,39,110662
ABalpaapp,122,167,178,10.0,41,103234
ABalpaapp,123,158,179,9.8,36,105971
ABalpaapp,124,154,184,10.0,35,100796
ABalpaapp,125,155,172,10.0,34,117733
ABalpaappa,126,136,167,9.0,34,86665
ABalpaappa,127,131,172,9.0,34,85008
ABalpaappa,128,134,180,8.1,33,104149
ABalpaappa,129,134,176,8.2,35,98881
ABalpaappa,130,136,178,8.3,35,94528
ABalpaappa,131,133,177,8.4,35,94228
ABalpaappa,132,138,176,8.4,35,97520
ABalpaappa,133,138,168,8.2,29,121945
ABalpaappa,134,139,172,8.2,35,103514
ABalpaappa,135,138,177,7.5,35,98462
ABalpaappa,136,134,179,8.1,33,108676
ABalpaappa,137,135,182,7.9,33,92107
ABalpaappa,138,143,183,7.4,35,98436
ABalpaappa,139,148,181,7.2,29,112593
ABalpaappa,140,143,182,7.1,35,102712
ABalpaappa,141,145,184,7.3,35,97085
ABalpaappa,142,143,190,7.0,33,92351
ABalpaappa,143,144,193,7.0,33,100002
ABalpaappa,144,142,191,7.1,37,105667
ABalpaappa,145,142,188,6.5,35,106621
ABalpaappp,126,180,180,9.9,34,76694
ABalpaappp,127,180,187,9.0,34,82675
ABalpaappp,128,173,186,10.0,33,86576
ABalpaappp,129,175,186,10.2,33,93363
ABalpaappp,130,170,184,9.3,35,88818
ABalpaappp,131,162,184,9.1,37,85430
ABalpaappp,132,164,177,9.4,37,90291
ABalpaappp,133,161,174,9.3,37,91565
ABalpaappp,134,168,179,8.4,37,91643
ABalpaappp,135,168,177,8.3,37,100918
ABalpaappp,136,168,182,8.3,37,95364
ABalpaappp,137,169,179,8.3,37,91131
ABalpaappp,138,175,177,8.3,35,97736
ABalpaappp,139,175,177,8.2,37,91767
ABalpaappp,140,174,179,8.1,37,89026
ABalpaappp,141,176,180,7.6,37,91805
ABalpaappp,142,173,186,8.2,37,84818
ABalpaappp,143,172,187,8.1,37,87161
ABalpaappp,144,173,182,8.2,35,102661
ABalpaappp,145,174,181,8.4,37,91965
ABalpap,45,152,202,9.8,61,-264
ABalpap,46,162,184,9.9,58,140
ABalpap,47,180,168,9.2,54,-132
ABalpap,48,183,165,8.8,52,-807
ABalpap,49,181,155,9.0,51,96
ABalpap,50,178,155,10.8,51,-89
ABalpap,51,174,156,10.8,50,1574
ABalpap,52,170,149,11.9,47,458
ABalpap,53,156,156,12.3,51,1240
ABalpap,54,150,159,12.2,50,1663
ABalpap,55,153,157,12.1,52,2560
ABalpap,56,154,158,12.3,51,2763
ABalpap,57,160,160,12.1,51,3685
ABalpap,58,159,164,11.1,51,5449
ABalpap,59,158,166,10.4,53,6100
ABalpap,60,162,170,11.2,53,7533
ABalpap,61,171,166,11.2,54,9153
ABalpap,62,169,173,11.2,57,7456
ABalpap,63,168,172,11.1,52,11172
ABalpap,64,158,177,9.3,53,10798
ABalpapa,65,138,168,9.1,34,13717
ABalpapa,66,130,182,8.2,43,10059
ABalpapa,67,142,195,7.2,46,14060
ABalpapa,68,120,189,8.2,47,15890
ABalpapa,69,117,188,9.2,48,17133
ABalpapa,70,129,175,9.7,47,18604
ABalpapa,71,136,179,9.9,47,23230
ABalpapa,72,134,177,9.2,47,28010
ABalpapa,73,134,179,9.1,47,25121
ABalpapa,74,133,175,9.9,47,28081
ABalpapa,75,120,175,10.1,46,34068
ABalpapa,76,126,177,9.9,45,37939
ABalpapa,77,124,184,9.1,45,41552
ABalpapa,78,119,197,9.0,45,39963
ABalpapa,79,114,211,8.0,47,42458
ABalpapa,80,108,207,8.2,47,45300
ABalpapa,81,108,204,8.5,47,50841
ABalpapa,82,98,209,9.9,45,51727
ABalpapa,83,99,212,9.2,47,60639
ABalpapa,84,98,209,9.1,47,60636
ABalpapa,85,97,197,10.1,47,66900
ABalpapa,86,102,202,9.1,47,67451
ABalpapa,87,110,204,8.3,47,75410
ABalpapa,88,110,203,9.0,46,82797
ABalpapa,89,104,196,9.8,46,78267
ABalpapa,90,103,210,9.1,47,87836
ABalpapa,91,106,207,10.0,44,65306
ABalpapaa,92,86,212,9.1,35,86863
ABalpapaa,93,93,202,9.1,36,79698
ABalpapaa,94,94,196,10.0,40,76026
ABalpapaa,95,95,182,9.5,38,90050
ABalpapaa,96,95,182,9.8,39,88406
ABalpapaa,97,102,173,9.9,38,89029
ABalpapaa,98,112,170,9.2,37,102200
ABalpapaa,99,114,171,9.0,37,91545
ABalpapaa,100,125,175,8.3,39,95162
ABalpapaa,101,131,173,8.2,37,102819
ABalpapaa,102,136,177,8.1,39,95530
ABalpapaa,103,129,180,8.0,39,94381
ABalpapaa,104,135,179,7.5,39,100427
ABalpapaa,105,133,180,7.2,39,106999
ABalpapaa,106,142,181,7.0,39,98596
ABalpapaa,107,143,186,6.4,39,108887
ABalpapaa,108,146,193,6.2,38,103834
ABalpapaa,109,149,193,6.1,38,102368
ABalpapaa,110,155,200,5.9,38,97665
ABalpapaa,111,158,195,5.9,38,100448
ABalpapaa,112,162,192,6.0,38,102096
ABalpapaa,113,162,186,5.9,38,101336
ABalpapaa,114,168,193,6.0,38,115019
ABalpapaa,115,174,195,6.0,38,105014
ABalpapaa,116,183,194,5.9,38,106764
ABalpapaa,117,178,193,6.0,38,109320
ABalpapaa,118,178,197,5.9,38,106131
ABalpapaa,119,184,196,6.0,38,110556
ABalpapaa,120,185,191,5.3,41,106459
ABalpapaa,121,185,195,5.2,41,107042
ABalpapaa,122,185,197,5.2,41,106646
ABalpapaa,123,186,196,5.3,38,121270
ABalpapaa,124,185,193,5.3,39,120834
ABalpapaa,125,181,192,5.5,38,125117
ABalpapaa,126,182,193,5.3,38,124533
ABalpapaa,127,176,197,6.1,36,127024
ABalpapaa,128,176,201,7.0,33,97202
ABalpapaaa,129,165,203,5.9,33,89029
ABalpapaaa,130,159,201,5.9,33,98714
ABalpapaaa,131,159,202,5.8,33,92652
ABalpapaaa,132,160,197,5.3,35,96666
ABalpapaaa,133,161,189,5.8,33,90040
ABalpapaaa,134,165,191,5.9,33,94112
ABalpapaaa,135,170,191,5.7,34,83840
ABalpapaaa,136,175,191,5.5,35,82904
ABalpapaaa,137,180,191,5.2,36,90236
ABalpapaaa,138,186,190,5.0,37,88998
ABalpapaaa,139,188,191,5.0,37,81930
ABalpapaaa,140,191,192,5.1,36,95077
ABalpapaaa,141,193,193,5.1,36,101069
ABalpapaaa,142,196,195,5.1,35,97765
ABalpapaaa,143,193,199,5.2,37,96439
ABalpapaaa,144,193,198,5.3,37,89736
ABalpapaaa,145,191,194,5.3,35,95320
ABalpapaap,129,195,199,6.9,33,89357
ABalpapaap,130,199,203,6.0,31,91669
ABalpapaap,131,198,208,5.9,33,87350
ABalpapaap,132,200,203,5.9,33,90168
ABalpapaap,133,199,208,5.2,35,90988
ABalpapaap,134,206,210,4.9,33,98443
ABalpapaap,135,215,209,5.0,33,97879
ABalpapaap,136,207,217,5.0,33,97372
ABalpapaap,137,213,215,4.9,33,95667
ABalpapaap,138,217,217,4.9,33,91153
ABalpapaap,139,226,215,4.8,33,91442
ABalpapaap,140,223,204,4.9,33,95640
ABalpapaap,141,224,214,5.0,33,93918
ABalpapaap,142,225,217,5.0,33,91740
ABalpapaap,143,223,219,4.9,33,96165
ABalpapaap,144,228,213,5.0,33,95334
ABalpapaap,145,221,219,4.8,33,105234
ABalpapap,92,129,193,10.0,41,46679
ABalpapap,93,143,191,8.0,40,54150
ABalpapap,94,145,200,7.8,40,69790
ABalpapap,95,144,203,6.9,40,64607
ABalpapap,96,146,200,6.1,39,76222
ABalpapap,97,150,206,6.0,38,73232
ABalpapap,98,162,215,5.9,37,74837
ABalpapap,99,160,213,5.9,37,82765
ABalpapap,100,165,206,5.9,37,77498
ABalpapap,101,173,208,5.5,39,81908
ABalpapap,102,174,210,6.1,39,86511
ABalpapap,103,168,211,6.1,39,92537
ABalpapap,104,174,205,5.5,39,93538
ABalpapap,105,178,200,6.2,41,93011
ABalpapap,106,185,198,6.2,39,97726
ABalpapap,107,189,194,6.3,39,99073
ABalpapap,108,192,192,5.6,40,95673
ABalpapap,109,193,188,6.0,42,93045
ABalpapap,110,199,187,6.0,40,88539
ABalpapap,111,203,185,5.6,40,100988
ABalpapap,112,210,183,5.5,40,100938
ABalpapap,113,212,177,5.5,42,94964
ABalpapap,114,216,176,5.5,42,99039
ABalpapap,115,227,181,5.4,42,97832
ABalpapap,116,236,182,5.3,40,98987
ABalpapap,117,231,185,5.3,42,95265
ABalpapap,118,236,189,5.3,42,94073
ABalpapap,119,241,185,5.3,42,92838
ABalpapap,120,246,183,5.2,41,96433
ABalpapap,121,258,186,5.1,41,95957
ABalpapap,122,248,187,5.1,41,97386
ABalpapap,123,247,190,5.2,40,111300
ABalpapap,124,242,186,5.3,39,110419
ABalpapap,125,240,188,5.3,38,116687
ABalpapap,126,243,181,5.3,38,124405
ABalpapap,127,242,170,5.3,38,122677
ABalpapap,128,232,171,7.0,33,96926
ABalpapap,129,239,176,7.0,33,112446
ABalpapapa,130,215,177,6.9,33,83380
ABalpapapa,131,220,181,6.2,33,89219
ABalpapapa,132,223,177,6.0,33,89121
ABalpapapa,133,221,178,6.0,33,86140
ABalpapapa,134,230,176,5.3,35,90919
ABalpapapa,135,233,172,5.2,37,83178
ABalpapapa,136,231,172,5.2,37,88350
ABalpapapa,137,236,169,5.2,37,90060
ABalpapapa,138,244,171,5.3,37,91801
ABalpapapa,139,248,170,5.4,37,96226
ABalpapapa,140,250,167,5.3,37,91626
ABalpapapa,141,244,173,5.4,37,87403
ABalpapapa,142,252,174,5.4,37,91629
ABalpapapa,143,248,172,5.3,37,92125
ABalpapapa,144,258,166,5.4,37,98368
ABalpapapa,145,259,167,5.3,37,88827
ABalpapapp,130,265,168,6.2,33,101131
ABalpapapp,131,264,175,6.8,33,82875
ABalpapapp,132,264,174,6.8,33,85773
ABalpapapp,133,270,169,5.9,33,105379
ABalpapapp,134,275,172,5.7,33,97551
ABalpapapp,135,277,160,5.8,33,110251
ABalpapapp,136,274,156,5.8,33,107452
ABalpapapp,137,275,157,5.9,33,116601
ABalpapapp,138,278,159,6.0,33,114569
ABalpapapp,139,278,159,6.0,33,100345
ABalpapapp,140,284,156,5.4,35,113001
ABalpapapp,141,286,159,5.3,35,111870
ABalpapapp,142,289,159,5.2,35,112405
ABalpapapp,143,285,163,5.2,29,128721
ABalpapapp,144,293,159,6.0,35,114896
ABalpapapp,145,293,159,6.0,35,109766
ABalpapp,65,202,160,9.8,52,6804
ABalpapp,66,199,158,9.1,43,11958
ABalpapp,67,209,163,9.0,48,10547
ABalpapp,68,199,158,8.9,49,12601
ABalpapp,69,195,160,9.1,48,15690
ABalpapp,70,207,143,10.0,47,18865
ABalpapp,71,214,136,11.1,47,21016
ABalpapp,72,205,140,11.1,47,25575
ABalpapp,73,207,135,11.9,47,26736
ABalpapp,74,204,131,12.8,47,26593
ABalpapp,75,208,138,10.9,46,27230
ABalpapp,76,209,153,9.4,47,32159
ABalpapp,77,204,160,10.3,47,34982
ABalpapp,78,204,156,10.1,49,37303
ABalpapp,79,197,167,8.5,47,37552
ABalpapp,80,190,172,8.0,49,38931
ABalpapp,81,199,176,7.2,47,41277
ABalpapp,82,198,171,7.1,49,43233
ABalpapp,83,207,179,7.1,49,47919
ABalpapp,84,209,188,6.5,49,47426
ABalpapp,85,203,191,7.1,47,55538
ABalpapp,86,207,196,7.2,47,60920
ABalpapp,87,205,204,7.2,47,63826
ABalpapp,88,200,208,8.1,46,66513
ABalpappa,89,169,207,8.1,34,68128
ABalpappa,90,155,223,8.1,37,62566
ABalpappa,91,157,219,8.0,40,52230
ABalpappa,92,164,214,7.8,41,51591
ABalpappa,93,178,205,7.0,40,54186
ABalpappa,94,180,199,6.8,40,52711
ABalpappa,95,185,198,6.9,40,59733
ABalpappa,96,188,202,6.9,39,67637
ABalpappa,97,190,211,6.8,38,63300
ABalpappa,98,203,214,6.9,37,66811
ABalpappa,99,202,216,6.2,39,80479
ABalpappa,100,204,220,6.2,39,75151
ABalpappa,101,212,225,6.1,39,78176
ABalpappa,102,210,225,6.2,41,83497
ABalpappa,103,210,218,6.2,41,78917
ABalpappa,104,214,220,6.2,37,87471
ABalpappa,105,215,217,6.1,39,85432
ABalpappa,106,220,219,6.1,39,87031
ABalpappa,107,223,219,6.1,41,87900
ABalpappa,108,223,221,6.1,38,91924
ABalpappa,109,230,212,6.0,38,91768
ABalpappa,110,228,215,6.0,38,94533
ABalpappa,111,228,221,6.1,40,94072
ABalpappa,112,226,225,5.5,40,98021
ABalpappa,113,229,220,5.4,42,88321
ABalpappa,114,228,220,5.5,40,95342
ABalpappa,115,225,230,6.2,38,104527
ABalpappa,116,229,233,6.0,40,94218
ABalpappa,117,230,235,5.5,40,110260
ABalpappa,118,229,236,6.1,40,110700
ABalpappa,119,227,226,6.9,38,96395
ABalpappa,120,228,220,7.0,37,103935
ABalpappa,121,224,216,7.1,35,97935
ABalpappaa,122,205,211,7.2,31,105789
ABalpappaa,123,205,209,7.3,34,90879
ABalpappaa,124,200,208,7.8,35,84383
ABalpappaa,125,196,203,8.8,34,87949
ABalpappaa,126,199,203,8.8,34,87399
ABalpappaa,127,199,206,8.4,29,105209
ABalpappaa,128,202,207,10.0,33,86858
ABalpappaa,129,205,204,10.3,35,87747
ABalpappaa,130,201,200,10.3,35,87304
ABalpappaa,131,200,203,10.2,35,93189
ABalpappaa,132,202,194,9.4,35,101194
ABalpappaa,133,203,191,9.9,33,109788
ABalpappaa,134,204,197,9.1,33,112987
ABalpappaa,135,209,193,9.1,33,113470
ABalpappaa,136,203,192,9.8,33,92965
ABalpappaa,137,203,193,9.1,33,110811
ABalpappaa,138,208,194,9.0,33,102488
ABalpappaa,139,209,195,8.9,33,95876
ABalpappaa,140,204,193,8.5,35,99817
ABalpappaa,141,209,191,8.4,35,100402
ABalpappaa,142,206,193,9.2,33,107933
ABalpappaa,143,209,194,9.8,33,100670
ABalpappaa,144,209,195,9.1,35,106089
ABalpappaa,145,211,193,9.1,33,110990
ABalpappap,122,252,231,6.2,31,98950
ABalpappap,123,256,226,6.2,32,100283
ABalpappap,124,255,226,6.9,35,76968
ABalpappap,125,254,228,6.9,34,71765
ABalpappap,126,248,225,6.9,34,82723
ABalpappap,127,247,217,6.1,34,90938
ABalpappap,128,243,221,5.5,37,89326
ABalpappap,129,245,224,6.0,37,81331
ABalpappap,130,243,217,6.2,35,87424
ABalpappap,131,241,220,6.4,37,82144
ABalpappap,132,242,218,6.3,35,88927
ABalpappap,133,242,218,6.3,35,90911
ABalpappap,134,247,214,7.0,37,85707
ABalpappap,135,257,214,6.3,37,88862
ABalpappap,136,250,217,6.3,37,86234
ABalpappap,137,256,215,6.2,37,95142
ABalpappap,138,255,221,6.3,37,90222
ABalpappap,139,258,219,6.2,37,90121
ABalpappap,140,258,220,5.9,37,94176
ABalpappap,141,258,222,5.6,37,89953
ABalpappap,142,258,224,5.3,37,78089
ABalpappap,143,258,226,5.0,37,83299
ABalpappap,144,258,227,5.0,37,57958
ABalpappap,145,259,228,5.0,37,57556
ABalpappp,89,217,199,7.1,34,68979
ABalpappp,90,220,204,7.0,39,54554
ABalpappp,91,223,204,7.0,40,55504
ABalpappp,92,239,191,7.0,41,55428
ABalpappp,93,245,178,6.9,40,53370
ABalpappp,94,251,173,6.0,40,59477
ABalpappp,95,247,173,5.9,40,57317
ABalpappp,96,250,171,6.0,39,67733
ABalpappp,97,254,174,5.4,40,70554
ABalpappp,98,266,175,5.4,39,80421
ABalpappp,99,269,174,5.5,39,79531
ABalpappp,100,272,177,6.0,41,69731
ABalpappp,101,276,181,6.1,41,74072
ABalpappp,102,278,187,6.1,41,76609
ABalpappp,103,268,187,6.3,39,85258
ABalpappp,104,266,186,6.1,41,72320
ABalpappp,105,270,185,6.0,41,78670
ABalpappp,106,273,187,6.3,41,85391
ABalpappp,107,273,187,6.2,41,89952
ABalpappp,108,269,190,6.3,40,86260
ABalpappp,109,275,189,6.9,38,83958
ABalpappp,110,274,198,6.1,40,94318
ABalpappp,111,273,200,6.1,40,98705
ABalpappp,112,274,198,6.2,40,99779
ABalpappp,113,278,193,6.2,42,96563
ABalpappp,114,276,192,6.3,40,96687
ABalpappp,115,275,204,6.2,38,97381
ABalpappp,116,274,203,7.0,38,105176
ABalpappp,117,275,203,6.9,38,92689
ABalpappp,118,271,209,6.9,38,103626
ABalpappp,119,274,208,8.0,38,111691
ABalpappp,120,272,199,9.2,41,114751
ABalpappp,121,269,201,10.0,37,103455
ABalpappp,122,277,196,10.1,35,107422
ABalpapppa,123,251,202,10.2,34,76675
ABalpapppa,124,244,206,9.9,35,78473
ABalpapppa,125,240,216,9.8,34,84802
ABalpapppa,126,239,214,9.1,34,90965
ABalpapppa,127,234,198,9.2,34,90216
ABalpapppa,128,232,198,10.1,33,95029
ABalpapppa,129,233,196,11.0,35,90278
ABalpapppa,130,237,197,10.8,33,93678
ABalpapppa,131,237,201,10.8,33,96968
ABalpapppa,132,237,201,10.1,33,101817
ABalpapppa,133,242,203,9.2,37,100290
ABalpapppa,134,242,203,9.2,35,105571
ABalpapppa,135,249,199,9.9,33,100012
ABalpapppa,136,244,199,9.1,33,109674
ABalpapppa,137,255,197,8.4,35,101251
ABalpapppa,138,257,201,9.0,33,107945
ABalpapppa,139,256,207,9.0,33,111375
ABalpapppa,140,254,209,8.2,35,119189
ABalpapppa,141,257,210,9.1,35,113662
ABalpapppa,142,255,213,9.1,35,111686
ABalpapppa,143,254,218,8.3,37,97106
ABalpapppa,144,257,214,8.2,37,111272
ABalpapppa,145,257,215,8.2,37,109080
ABalpapppp,123,300,189,8.1,32,92083
ABalpapppp,124,302,188,8.0,35,72469
ABalpapppp,125,298,189,7.9,34,82463
ABalpapppp,126,299,184,8.2,36,78542
ABalpapppp,127,296,180,9.0,38,77124
ABalpapppp,128,298,181,9.1,37,84976
ABalpapppp,129,303,182,9.0,37,84962
ABalpapppp,130,300,181,8.4,37,84691
ABalpapppp,131,301,191,8.4,37,84258
ABalpapppp,132,296,193,8.4,37,89267
ABalpapppp,133,299,191,8.2,37,90234
ABalpapppp,134,297,193,8.4,37,80032
ABalpapppp,135,300,193,8.3,37,85278
ABalpapppp,136,295,199,8.1,37,87410
ABalpapppp,137,302,194,8.2,37,83525
ABalpapppp,138,303,198,8.1,37,88961
ABalpapppp,139,301,202,8.3,37,89464
ABalpapppp,140,297,194,8.3,37,83565
ABalpapppp,141,296,198,9.1,37,77011
ABalpapppp,142,298,203,8.3,37,85200
ABalpapppp,143,294,204,8.2,37,87386
ABalpapppp,144,301,207,8.3,37,86559
ABalpapppp,145,303,202,8.2,37,86228
ABalpp,29,165,178,14.1,50,116
ABalpp,30,175,161,15.1,51,15
ABalpp,31,180,141,14.2,53,-221
ABalpp,32,180,127,17.0,56,264
ABalpp,33,183,130,18.2,59,-130
ABalpp,34,185,133,19.1,61,-594
ABalpp,35,190,136,20.1,63,-717
ABalpp,36,204,129,20.0,60,-767
ABalpp,37,217,125,19.8,60,-18
ABalpp,38,218,124,19.0,62,-504
ABalpp,39,212,133,17.3,64,-508
ABalpp,40,217,131,17.9,62,-650
ABalpp,41,214,127,16.9,63,-997
ABalpp,42,217,135,16.7,62,532
ABalpp,43,222,139,14.9,61,-174
ABalpp,44,225,138,14.7,61,-781
ABalpp,45,225,138,15.5,61,113
ABalppa,46,201,121,17.6,58,-759
ABalppa,47,194,116,17.2,54,-213
ABalppa,48,184,117,18.1,52,888
ABalppa,49,182,118,18.9,51,-404
ABalppa,50,196,122,18.9,51,659
ABalppa,51,194,121,19.1,50,-468
ABalppa,52,189,125,19.9,47,758
ABalppa,53,188,128,19.9,49,939
ABalppa,54,185,129,19.3,50,1364
ABalppa,55,181,140,19.4,50,1867
ABalppa,56,180,133,19.3,51,2528
ABalppa,57,182,133,19.4,51,1478
ABalppa,58,176,135,18.3,53,3881
ABalppa,59,185,136,19.0,51,3821
ABalppa,60,183,136,19.1,55,4517
ABalppa,61,187,125,18.8,52,5938
ABalppa,62,179,128,18.0,53,8001
ABalppa,63,182,129,18.1,52,9109
ABalppa,64,178,132,17.2,53,11018
ABalppa,65,180,140,17.9,52,8083
ABalppaa,66,139,139,16.9,51,5737
ABalppaa,67,134,142,16.1,50,10608
ABalppaa,68,125,139,16.1,43,13061
ABalppaa,69,133,138,15.9,48,12935
ABalppaa,70,131,139,16.2,43,19330
ABalppaa,71,131,140,16.2,47,19407
ABalppaa,72,133,140,15.9,47,20998
ABalppaa,73,131,143,15.2,47,25090
ABalppaa,74,129,144,15.9,47,25311
ABalppaa,75,131,146,15.9,46,30386
ABalppaa,76,127,150,15.0,45,32018
ABalppaa,77,123,163,14.9,45,36713
ABalppaa,78,125,171,13.1,45,40302
ABalppaa,79,119,178,13.0,45,43250
ABalppaa,80,119,175,12.0,45,45619
ABalppaa,81,133,171,12.0,45,42658
ABalppaa,82,125,168,12.1,45,49445
ABalppaa,83,135,174,11.0,45,52108
ABalppaa,84,143,170,9.9,45,52557
ABalppaa,85,140,166,10.9,45,58663
ABalppaa,86,145,155,11.9,45,59111
ABalppaa,87,143,151,12.1,45,67618
ABalppaa,88,139,152,13.0,46,69958
ABalppaa,89,134,148,15.0,46,69071
ABalppaa,90,127,158,14.9,45,74126
ABalppaa,91,120,157,14.0,44,77689
ABalppaa,92,115,157,14.1,45,81334
ABalppaa,93,126,153,13.1,44,83567
ABalppaa,94,131,149,13.1,44,89999
ABalppaa,95,141,150,13.0,42,92237
ABalppaa,96,143,150,12.2,41,93588
ABalppaa,97,154,155,13.0,38,85448
ABalppaaa,98,147,168,12.0,35,74646
ABalppaaa,99,148,165,12.0,37,69418
ABalppaaa,100,152,166,12.9,37,78232
ABalppaaa,101,148,173,13.9,37,79274
ABalppaaa,102,148,176,14.0,37,75146
ABalppaaa,103,139,170,14.1,39,83643
ABalppaaa,104,134,161,14.1,37,93090
ABalppaaa,105,140,167,14.9,37,99878
ABalppaaa,106,142,169,14.5,39,89777
ABalppaaa,107,139,169,15.0,37,90811
ABalppaaa,108,142,174,13.9,38,89850
ABalppaaa,109,138,170,12.2,38,95591
ABalppaaa,110,134,174,11.9,38,97455
ABalppaaa,111,135,169,11.8,38,96791
ABalppaaa,112,132,162,10.3,40,110927
ABalppaaa,113,131,157,11.1,38,112047
ABalppaaa,114,133,158,12.0,29,109787
ABalppaaa,115,128,157,12.1,38,108808
ABalppaaa,116,127,158,13.0,38,108611
ABalppaaa,117,129,169,12.2,38,109395
ABalppaaa,118,129,163,12.1,38,109347
ABalppaaa,119,134,163,12.1,38,111640
ABalppaaa,120,125,168,13.0,37,99515
ABalppaaa,121,110,172,13.9,37,117133
ABalppaaa,122,119,168,14.1,39,112480
ABalppaaa,123,120,166,13.0,36,116747
ABalppaaa,124,118,160,12.6,37,125224
ABalppaaa,125,116,165,13.1,38,112661
ABalppaaa,126,118,166,12.3,38,125155
ABalppaaa,127,119,172,13.1,29,115928
ABalppaaa,128,119,166,13.1,37,117395
ABalppaaa,129,115,169,13.0,37,122454
ABalppaaa,130,112,178,13.2,37,124373
ABalppaaa,131,107,176,13.3,37,129124
ABalppaaa,132,105,186,14.0,33,107313
ABalppaaaa,133,92,195,13.9,33,91084
ABalppaaaa,134,88,196,13.0,33,102858
ABalppaaaa,135,86,193,14.0,35,90671
ABalppaaaa,136,75,209,13.9,33,109842
ABalppaaaa,137,78,205,13.9,33,105757
ABalppaaaa,138,85,193,13.7,33,93057
ABalppaaaa,139,86,190,13.0,33,118069
ABalppaaaa,140,79,193,13.0,33,107192
ABalppaaaa,141,86,201,13.8,33,109769
ABalppaaaa,142,81,201,13.9,33,110116
ABalppaaaa,143,83,195,13.9,33,115200
ABalppaaaa,144,80,195,14.9,33,111751
ABalppaaaa,145,86,189,14.8,33,106944
ABalppaaap,133,118,178,14.9,33,90034
ABalppaaap,134,122,175,14.9,33,91776
ABalppaaap,135,117,171,14.0,29,90939
ABalppaaap,136,112,174,14.1,29,99245
ABalppaaap,137,116,166,13.5,35,94378
ABalppaaap,138,129,165,13.1,29,105485
ABalppaaap,139,121,169,13.1,35,98382
ABalppaaap,140,117,174,13.1,35,99436
ABalppaaap,141,120,177,13.1,33,113851
ABalppaaap,142,119,182,13.1,37,91888
ABalppaaap,143,122,179,12.3,37,97756
ABalppaaap,144,117,182,12.4,37,98596
ABalppaaap,145,113,181,13.1,35,88897
ABalppaap,98,176,134,12.1,35,71129
ABalppaap,99,185,129,12.1,29,94476
ABalppaap,100,185,128,12.0,37,72757
ABalppaap,101,189,129,12.9,37,77034
ABalppaap,102,177,121,12.0,37,86784
ABalppaap,103,178,115,12.2,37,90996
ABalppaap,104,176,117,12.9,37,93443
ABalppaap,105,168,127,12.2,37,92953
ABalppaap,106,165,131,12.9,37,92008
ABalppaap,107,158,131,12.1,37,99046
ABalppaap,108,159,133,12.9,38,92097
ABalppaap,109,160,135,12.1,38,103812
ABalppaap,110,154,143,12.8,38,95538
ABalppaap,111,152,144,13.1,38,96977
ABalppaap,112,147,148,12.9,38,104409
ABalppaap,113,152,140,13.0,38,108972
ABalppaap,114,151,135,13.1,40,103018
ABalppaap,115,161,135,11.8,38,105533
ABalppaap,116,163,141,13.0,38,105228
ABalppaap,117,157,148,13.2,38,101913
ABalppaap,118,154,143,13.9,38,105567
ABalppaap,119,155,139,13.2,38,109147
ABalppaap,120,154,146,13.1,37,102041
ABalppaap,121,146,152,12.9,37,104400
ABalppaap,122,142,147,12.3,39,113548
ABalppaap,123,146,145,13.2,36,113319
ABalppaap,124,151,145,13.2,37,120840
ABalppaap,125,143,146,14.2,36,114803
ABalppaap,126,135,142,13.3,38,121250
ABalppaap,127,133,145,13.5,36,121489
ABalppaap,128,139,139,14.1,37,124161
ABalppaap,129,135,145,14.1,37,124643
ABalppaap,130,130,140,14.1,37,128176
ABalppaap,131,133,137,14.2,37,133836
ABalppaap,132,126,146,14.3,37,128585
ABalppaap,133,141,150,15.0,33,104281
ABalppaap,134,151,153,14.0,35,124669
ABalppaapa,135,134,154,14.0,29,86739
ABalppaapa,136,129,160,13.0,33,95683
ABalppaapa,137,136,147,12.2,33,111519
ABalppaapa,138,140,142,12.9,33,98154
ABalppaapa,139,135,142,12.1,33,114023
ABalppaapa,140,130,145,12.9,33,99572
ABalppaapa,141,138,145,13.0,33,97997
ABalppaapa,142,136,149,13.9,33,105810
ABalppaapa,143,137,147,13.3,35,109626
ABalppaapa,144,129,148,14.0,33,111139
ABalppaapa,145,124,153,14.8,33,107812
ABalppaapp,135,173,146,14.8,33,79483
ABalppaapp,136,166,148,14.9,33,81902
ABalppaapp,137,166,148,14.9,33,67973
ABalppaapp,138,172,135,14.3,37,93765
ABalppaapp,139,169,140,14.1,37,96739
ABalppaapp,140,162,140,13.3,37,94206
ABalppaapp,141,164,139,13.2,29,102661
ABalppaapp,142,167,138,13.1,29,100152
ABalppaapp,143,166,141,13.1,29,106462
ABalppaapp,144,166,141,13.1,29,104796
ABalppaapp,145,161,142,13.3,37,99658
ABalppap,66,182,138,17.0,34,17362
ABalppap,67,196,135,18.1,50,7068
ABalppap,68,196,137,19.1,49,10775
ABalppap,69,204,137,18.9,48,11035
ABalppap,70,201,133,18.2,47,16916
ABalppap,71,201,136,19.2,47,17462
ABalppap,72,194,140,19.0,47,17901
ABalppap,73,189,138,18.8,47,20492
ABalppap,74,189,144,18.9,47,22975
ABalppap,75,189,142,18.0,46,24159
ABalppap,76,184,151,16.3,47,27362
ABalppap,77,176,169,17.9,45,25674
ABalppap,78,173,162,16.4,47,30865
ABalppap,79,169,163,16.0,45,33505
ABalppap,80,171,164,14.1,47,36803
ABalppap,81,175,156,14.1,47,39427
ABalppap,82,179,153,13.1,47,43362
ABalppap,83,185,159,12.4,47,45486
ABalppap,84,194,165,12.1,47,43631
ABalppap,85,201,158,12.0,47,45775
ABalppap,86,207,156,11.1,45,58205
ABalppap,87,202,161,10.2,47,59522
ABalppap,88,201,160,11.0,46,62145
ABalppap,89,193,156,11.2,46,65366
ABalppap,90,186,175,11.9,45,64093
ABalppap,91,177,175,10.1,42,80591
ABalppapa,92,170,173,12.0,37,49053
ABalppapa,93,181,168,12.0,40,49317
ABalppapa,94,184,172,12.9,40,55605
ABalppapa,95,183,173,11.0,40,56157
ABalppapa,96,179,173,9.8,39,64424
ABalppapa,97,182,173,9.0,38,68898
ABalppapa,98,184,176,8.1,37,71938
ABalppapa,99,174,165,8.9,37,69950
ABalppapa,100,178,169,9.9,37,68974
ABalppapa,101,183,173,9.9,37,74212
ABalppapa,102,182,170,9.2,37,83931
ABalppapa,103,177,168,9.9,37,80003
ABalppapa,104,180,165,8.4,39,82958
ABalppapa,105,185,157,8.1,37,81232
ABalppapa,106,186,155,8.4,39,82706
ABalppapa,107,182,151,9.1,39,86602
ABalppapa,108,186,160,9.8,38,83581
ABalppapa,109,184,152,8.4,40,94453
ABalppapa,110,187,155,9.0,38,93503
ABalppapa,111,191,152,9.0,38,98196
ABalppapa,112,197,146,8.3,40,91254
ABalppapa,113,198,144,8.9,38,99855
ABalppapa,114,191,144,8.9,38,102007
ABalppapa,115,191,149,8.1,38,93170
ABalppapa,116,190,153,8.8,38,92798
ABalppapa,117,189,148,8.1,38,101439
ABalppapa,118,197,151,7.9,38,96971
ABalppapa,119,197,145,8.1,38,103976
ABalppapa,120,196,146,8.1,37,108863
ABalppapa,121,193,149,8.0,37,104919
ABalppapa,122,190,155,8.1,37,109275
ABalppapa,123,188,149,9.0,36,89039
ABalppapa,124,171,140,9.9,35,62600
ABalppapaa,125,175,128,11.0,34,87795
ABalppapaa,126,169,131,10.1,34,90464
ABalppapaa,127,158,143,10.1,34,89658
ABalppapaa,128,159,141,10.1,33,93227
ABalppapaa,129,160,143,10.0,33,91466
ABalppapaa,130,160,141,10.0,33,91068
ABalppapaa,131,153,146,9.9,33,93833
ABalppapaa,132,152,143,10.1,33,102942
ABalppapaa,133,156,138,10.1,33,109674
ABalppapaa,134,161,138,9.8,33,86057
ABalppapaa,135,157,145,10.1,35,93437
ABalppapaa,136,148,148,10.1,35,101647
ABalppapaa,137,152,149,10.0,35,98566
ABalppapaa,138,159,144,9.3,35,99890
ABalppapaa,139,162,141,9.2,35,102293
ABalppapaa,140,161,144,9.2,35,104324
ABalppapaa,141,169,146,8.4,35,100802
ABalppapaa,142,167,149,8.8,33,100132
ABalppapaa,143,167,150,8.0,33,108218
ABalppapaa,144,172,146,8.0,33,102797
ABalppapaa,145,178,145,8.2,35,104259
ABalppapap,125,205,160,8.1,34,71585
ABalppapap,126,205,157,8.1,34,65033
ABalppapap,127,196,155,7.9,34,74952
ABalppapap,128,191,152,7.8,33,76307
ABalppapap,129,190,156,7.0,33,80486
ABalppapap,130,184,160,6.9,33,81971
ABalppapap,131,183,158,6.9,33,84595
ABalppapap,132,184,159,6.9,33,84678
ABalppapap,133,185,156,6.2,33,91175
ABalppapap,134,190,161,6.1,33,94492
ABalppapap,135,198,159,6.2,35,86559
ABalppapap,136,188,159,7.1,35,88625
ABalppapap,137,197,157,7.0,33,85205
ABalppapap,138,200,159,6.5,35,85756
ABalppapap,139,205,160,6.2,35,91777
ABalppapap,140,206,150,6.2,35,93048
ABalppapap,141,209,150,6.4,35,100048
ABalppapap,142,213,160,5.6,35,96023
ABalppapap,143,206,162,6.1,35,94379
ABalppapap,144,212,164,5.3,35,94539
ABalppapap,145,215,162,5.3,35,89467
ABalppapp,92,206,159,8.1,37,58937
ABalppapp,93,216,145,8.0,40,53183
ABalppapp,94,220,147,8.0,40,56671
ABalppapp,95,228,146,8.9,40,59357
ABalppapp,96,232,146,8.2,39,70061
ABalppapp,97,233,146,8.8,38,63189
ABalppapp,98,238,149,8.2,37,72013
ABalppapp,99,232,154,8.2,39,69874
ABalppapp,100,236,157,8.1,39,61731
ABalppapp,101,229,168,8.2,41,73062
ABalppapp,102,234,168,8.0,39,74595
ABalppapp,103,225,167,8.1,39,79202
ABalppapp,104,230,165,8.4,39,73615
ABalppapp,105,233,164,8.4,39,81049
ABalppapp,106,234,168,8.4,39,79498
ABalppapp,107,230,159,8.2,41,88936
ABalppapp,108,228,153,7.8,38,77226
ABalppapp,109,237,152,8.1,38,89954
ABalppapp,110,236,154,8.2,38,95244
ABalppapp,111,241,155,8.1,40,86812
ABalppapp,112,247,156,8.2,40,90814
ABalppapp,113,249,155,8.1,40,89802
ABalppapp,114,244,151,8.1,38,95611
ABalppapp,115,242,155,8.2,40,98701
ABalppapp,116,241,156,8.2,42,100450
ABalppapp,117,239,152,8.0,42,101971
ABalppapp,118,241,161,8.1,38,96356
ABalppapp,119,242,159,8.1,38,105079
ABalppapp,120,247,154,7.4,39,103856
ABalppapp,121,245,154,8.1,41,103421
ABalppapp,122,244,154,8.1,33,98964
ABalppappa,123,224,153,7.4,32,77051
ABalppappa,124,208,155,8.2,39,66096
ABalppappa,125,231,152,7.2,29,79750
ABalppappa,126,228,146,7.1,34,75391
ABalppappa,127,221,141,8.8,34,72848
ABalppappa,128,215,135,8.3,35,87924
ABalppappa,129,215,132,8.8,33,86978
ABalppappa,130,216,132,8.1,33,93292
ABalppappa,131,215,142,8.0,33,86229
ABalppappa,132,216,139,8.1,33,90418
ABalppappa,133,218,140,7.9,33,85518
ABalppappa,134,218,141,7.5,35,76150
ABalppappa,135,222,137,8.0,35,74046
ABalppappa,136,218,145,8.2,35,89316
ABalppappa,137,223,144,8.3,35,86522
ABalppappa,138,227,142,8.0,33,82303
ABalppappa,139,227,137,7.6,37,86546
ABalppappa,140,229,138,8.0,37,92370
ABalppappa,141,235,137,7.3,37,89635
ABalppappa,142,233,139,7.2,35,98430
ABalppappa,143,228,144,7.4,37,90395
ABalppappa,144,230,142,8.1,37,98782
ABalppappa,145,232,143,8.1,35,99555
ABalppappp,123,265,157,8.3,30,90133
ABalppappp,124,270,155,8.9,35,64293
ABalppappp,125,268,157,8.9,34,72963
ABalppappp,126,267,154,9.1,34,75667
ABalppappp,127,264,149,9.1,34,79307
ABalppappp,128,255,147,9.1,35,78570
ABalppappp,129,256,141,9.1,33,74493
ABalppappp,130,254,142,9.2,37,71120
ABalppappp,131,248,148,9.1,33,84102
ABalppappp,132,249,143,9.3,35,74838
ABalppappp,133,252,143,9.2,37,78650
ABalppappp,134,253,146,9.9,33,71338
ABalppappp,135,254,141,9.9,33,79041
ABalppappp,136,254,143,9.1,29,87799
ABalppappp,137,261,137,8.3,29,83803
ABalppappp,138,267,133,8.3,29,83587
ABalppappp,139,275,137,9.2,29,85552
ABalppappp,140,271,129,9.0,37,67893
ABalppappp,141,276,132,8.3,37,80455
ABalppappp,142,272,137,8.3,37,89003
ABalppappp,143,269,135,8.0,37,87742
ABalppappp,144,267,134,8.3,37,93419
ABalppappp,145,265,132,8.3,37,100770
ABalppp,46,254,127,13.5,58,-345
ABalppp,47,271,110,14.2,54,-160
ABalppp,48,283,106,14.2,52,-252
ABalppp,49,297,104,14.8,51,315
ABalppp,50,301,116,15.2,51,581
ABalppp,51,295,107,16.1,50,465
ABalppp,52,279,119,16.3,51,-87
ABalppp,53,271,134,16.2,51,1070
ABalppp,54,255,141,15.2,50,913
ABalppp,55,257,143,15.4,50,1972
ABalppp,56,256,145,15.1,47,2314
ABalppp,57,253,145,15.2,53,2576
ABalppp,58,256,150,15.1,51,2502
ABalppp,59,254,150,15.2,53,3219
ABalppp,60,254,153,15.3,53,5244
ABalppp,61,260,153,15.1,52,5763
ABalppp,62,259,157,15.0,53,7509
ABalppp,63,259,163,15.9,52,7084
ABalppp,64,253,163,15.1,51,10213
ABalppp,65,259,153,14.2,58,7380
ABalpppa,66,217,164,15.1,51,6156
ABalpppa,67,226,169,15.9,50,7542
ABalpppa,68,214,164,15.0,49,11769
ABalpppa,69,216,176,14.9,48,13363
ABalpppa,70,221,173,16.0,47,12343
ABalpppa,71,223,178,16.1,47,15962
ABalpppa,72,224,180,16.1,47,16086
ABalpppa,73,221,184,16.1,47,17052
ABalpppa,74,228,188,16.0,47,20671
ABalpppa,75,217,197,15.9,46,23372
ABalpppa,76,216,201,15.1,45,26462
ABalpppa,77,215,207,15.9,45,29530
ABalpppa,78,212,203,16.0,45,27359
ABalpppa,79,209,198,15.0,47,32781
ABalpppa,80,213,195,15.0,45,32835
ABalpppa,81,218,202,15.0,45,33128
ABalpppa,82,208,206,14.9,45,43856
ABalpppa,83,209,212,14.9,45,48712
ABalpppa,84,211,204,15.9,45,40485
ABalpppa,85,207,199,16.2,47,48462
ABalpppa,86,216,213,15.5,47,48188
ABalpppa,87,214,202,17.0,45,56847
ABalpppa,88,216,200,17.0,46,55824
ABalpppa,89,210,185,17.1,46,60949
ABalpppa,90,199,186,17.0,45,58497
ABalpppa,91,195,178,17.9,44,61167
ABalpppaa,92,171,190,17.1,41,43874
ABalpppaa,93,174,186,17.0,40,51083
ABalpppaa,94,182,197,16.9,40,49339
ABalpppaa,95,179,195,16.9,40,57792
ABalpppaa,96,173,185,17.0,39,55906
ABalpppaa,97,173,186,16.9,38,51743
ABalpppaa,98,182,179,16.8,37,65670
ABalpppaa,99,185,170,15.9,37,68160
ABalpppaa,100,183,161,15.9,37,73400
ABalpppaa,101,186,170,15.9,37,77527
ABalpppaa,102,186,161,15.9,37,77951
ABalpppaa,103,179,154,15.4,39,76563
ABalpppaa,104,180,156,16.0,37,80502
ABalpppaa,105,176,159,16.0,37,71877
ABalpppaa,106,178,152,16.2,39,90171
ABalpppaa,107,181,151,15.2,39,87064
ABalpppaa,108,174,157,15.3,40,84303
ABalpppaa,109,174,157,15.9,38,90179
ABalpppaa,110,179,152,15.1,38,94458
ABalpppaa,111,178,145,15.4,42,86317
ABalpppaa,112,171,145,16.1,40,98670
ABalpppaa,113,176,143,17.1,38,97975
ABalpppaa,114,178,146,17.1,38,94853
ABalpppaa,115,182,142,16.8,38,91381
ABalpppaa,116,185,138,16.9,38,94155
ABalpppaa,117,184,148,17.0,38,104067
ABalpppaa,118,179,139,16.9,38,100745
ABalpppaa,119,176,143,17.0,38,107814
ABalpppaa,120,171,143,17.0,37,103366
ABalpppaa,121,173,153,17.1,39,97243
ABalpppaa,122,168,144,17.1,37,104123
ABalpppaa,123,172,146,17.0,36,104448
ABalpppaa,124,162,145,17.2,37,113658
ABalpppaa,125,169,155,18.9,34,105490
ABalpppaa,126,177,158,18.0,38,104097
ABalpppaa,127,178,165,18.9,34,94407
ABalpppaa,128,173,162,18.3,35,93309
ABalpppaaa,129,158,168,17.2,33,74603
ABalpppaaa,130,154,163,16.9,33,73348
ABalpppaaa,131,160,168,17.0,33,76726
ABalpppaaa,132,157,163,17.1,33,93976
ABalpppaaa,133,159,153,18.3,37,83427
ABalpppaaa,134,157,153,17.2,37,96113
ABalpppaaa,135,152,158,18.0,33,103087
ABalpppaaa,136,142,163,18.0,33,95001
ABalpppaaa,137,145,152,17.3,35,109276
ABalpppaaa,138,150,149,17.4,37,108688
ABalpppaaa,139,151,143,17.4,35,98366
ABalpppaaa,140,146,139,17.1,33,110244
ABalpppaaa,141,155,145,17.1,35,103303
ABalpppaaa,142,154,145,16.3,35,111771
ABalpppaaa,143,149,138,16.1,35,116784
ABalpppaaa,144,144,137,16.3,37,101336
ABalpppaaa,145,142,140,17.3,37,94424
ABalpppaap,129,183,161,20.0,33,83126
ABalpppaap,130,184,160,20.2,35,87292
ABalpppaap,131,184,162,20.3,35,92335
ABalpppaap,132,180,165,20.8,33,86703
ABalpppaap,133,183,163,21.0,35,82088
ABalpppaap,134,177,164,20.4,37,84387
ABalpppaap,135,169,164,20.4,37,91026
ABalpppaap,136,158,166,20.3,37,84755
ABalpppaap,137,157,153,20.1,37,94360
ABalpppaap,138,158,155,20.2,37,98975
ABalpppaap,139,164,157,20.3,29,103284
ABalpppaap,140,162,152,19.4,37,93374
ABalpppaap,141,167,154,19.2,37,94511
ABalpppaap,142,159,149,18.1,29,97443
ABalpppaap,143,152,142,19.1,37,99438
ABalpppaap,144,159,148,19.2,37,98000
ABalpppaap,145,163,153,19.3,37,86581
ABalpppap,92,223,170,17.2,39,41469
ABalpppap,93,221,166,18.9,40,41636
ABalpppap,94,225,169,19.1,40,48562
ABalpppap,95,227,168,18.3,42,46389
ABalpppap,96,217,161,19.0,39,51852
ABalpppap,97,217,154,18.9,38,60716
ABalpppap,98,219,146,18.1,39,64737
ABalpppap,99,218,145,18.2,37,63275
ABalpppap,100,221,147,18.0,37,58462
ABalpppap,101,219,148,17.2,39,63116
ABalpppap,102,221,137,17.2,39,74129
ABalpppap,103,221,141,16.3,39,77408
ABalpppap,104,220,139,16.2,39,74194
ABalpppap,105,215,138,16.0,39,70523
ABalpppap,106,217,142,16.0,41,71324
ABalpppap,107,219,143,15.3,39,79356
ABalpppap,108,218,139,15.1,40,86436
ABalpppap,109,216,138,15.1,40,84571
ABalpppap,110,214,128,14.3,40,92570
ABalpppap,111,210,116,15.4,40,92599
ABalpppap,112,205,123,15.2,40,92500
ABalpppap,113,212,121,15.1,40,99167
ABalpppap,114,207,117,16.0,40,95184
ABalpppap,115,215,123,15.1,40,109675
ABalpppap,116,220,127,14.3,40,103097
ABalpppap,117,210,126,15.0,42,101090
ABalpppap,118,211,120,14.4,40,97163
ABalpppap,119,206,120,15.3,42,98346
ABalpppap,120,201,118,15.3,41,94371
ABalpppap,121,197,121,15.2,39,105450
ABalpppap,122,198,126,15.2,39,106987
ABalpppap,123,200,120,16.1,38,100262
ABalpppap,124,197,120,17.0,35,86664
ABalpppap,125,201,123,16.9,34,104684
ABalpppapa,126,174,129,15.1,34,77176
ABalpppapa,127,172,128,16.0,34,66215
ABalpppapa,128,170,125,16.1,35,77022
ABalpppapa,129,171,129,15.3,35,73802
ABalpppapa,130,167,126,15.9,33,86697
ABalpppapa,131,168,132,16.1,33,89174
ABalpppapa,132,163,130,16.1,33,88659
ABalpppapa,133,169,126,16.9,33,79342
ABalpppapa,134,168,127,16.2,35,93367
ABalpppapa,135,167,129,17.3,37,88318
ABalpppapa,136,163,137,17.1,37,94151
ABalpppapa,137,168,128,16.1,37,96158
ABalpppapa,138,172,123,17.0,37,97273
ABalpppapa,139,176,122,16.3,35,96892
ABalpppapa,140,172,122,16.0,35,88236
ABalpppapa,141,176,121,15.2,37,97460
ABalpppapa,142,174,123,15.2,37,104920
ABalpppapa,143,181,123,14.4,37,92171
ABalpppapa,144,175,126,14.4,37,98439
ABalpppapa,145,173,124,15.2,37,105534
ABalpppapp,126,218,107,16.9,34,80304
ABalpppapp,127,218,111,16.9,34,72826
ABalpppapp,128,217,113,16.2,37,78645
ABalpppapp,129,213,110,17.0,33,74372
ABalpppapp,130,207,105,16.4,29,97703
ABalpppapp,131,200,104,16.2,37,85012
ABalpppapp,132,196,105,16.4,29,87436
ABalpppapp,133,200,105,17.4,37,80550
ABalpppapp,134,196,109,17.4,37,78646
ABalpppapp,135,199,107,18.2,37,81879
ABalpppapp,136,195,116,18.2,37,81268
ABalpppapp,137,203,110,18.1,37,81709
ABalpppapp,138,203,115,18.3,37,79550
ABalpppapp,139,203,113,18.1,37,87195
ABalpppapp,140,202,112,18.0,37,88670
ABalpppapp,141,200,116,18.0,37,87422
ABalpppapp,142,198,112,17.2,37,100837
ABalpppapp,143,200,113,17.2,37,107139
ABalpppapp,144,200,113,17.1,37,97470
ABalpppapp,145,193,114,17.2,37,102570
ABalpppp,66,289,151,13.9,51,6278
ABalpppp,67,302,154,13.5,48,7605
ABalpppp,68,299,141,13.9,49,11365
ABalpppp,69,302,151,14.8,48,10096
ABalpppp,70,304,152,15.1,47,14119
ABalpppp,71,303,153,16.2,47,12554
ABalpppp,72,296,149,17.1,47,14976
ABalpppp,73,288,153,17.2,47,19185
ABalpppp,74,290,149,17.0,47,17853
ABalpppp,75,291,149,16.1,46,21041
ABalpppp,76,287,147,16.0,45,21025
ABalpppp,77,283,148,16.1,47,23819
ABalpppp,78,275,138,16.1,47,25623
ABalpppp,79,281,138,15.1,47,29214
ABalpppp,80,282,139,15.1,47,31123
ABalpppp,81,287,138,14.4,47,33349
ABalpppp,82,290,146,14.5,47,34168
ABalpppp,83,284,142,14.3,47,40986
ABalpppp,84,284,147,14.4,47,43424
ABalpppp,85,276,148,14.2,49,45438
ABalpppp,86,278,143,15.2,47,50408
ABalpppp,87,276,144,15.2,47,55307
ABalpppp,88,275,136,16.0,46,58897
ABalpppp,89,278,150,17.0,46,47566
ABalppppa,90,247,155,16.1,37,49920
ABalppppa,91,248,142,16.1,38,41595
ABalppppa,92,256,136,16.9,41,38089
ABalppppa,93,255,145,16.9,40,43928
ABalppppa,94,252,149,16.9,40,50180
ABalppppa,95,255,158,17.0,40,50167
ABalppppa,96,256,166,17.9,39,53715
ABalppppa,97,252,175,18.0,38,60327
ABalppppa,98,251,166,18.1,37,61697
ABalppppa,99,254,167,18.0,37,58534
ABalppppa,100,257,162,18.0,37,59606
ABalppppa,101,262,156,18.1,39,62964
ABalppppa,102,263,154,18.1,37,73340
ABalppppa,103,261,143,17.4,39,64694
ABalppppa,104,255,144,18.1,39,61815
ABalppppa,105,254,142,17.3,41,68826
ABalppppa,106,252,142,18.0,39,69190
ABalppppa,107,252,136,18.1,41,69898
ABalppppa,108,248,137,18.0,40,78247
ABalppppa,109,246,133,17.3,42,77634
ABalppppa,110,242,137,17.3,42,72719
ABalppppa,111,243,140,17.2,42,79563
ABalppppa,112,245,135,17.3,40,85222
ABalppppa,113,241,135,18.1,42,85136
ABalppppa,114,234,132,18.4,40,87229
ABalppppa,115,234,128,18.2,42,90771
ABalppppa,116,234,130,18.2,40,95157
ABalppppa,117,231,136,18.2,40,95099
ABalppppa,118,234,140,18.1,40,89359
ABalppppa,119,225,137,19.1,40,93590
ABalppppa,120,216,138,19.3,39,94701
ABalppppa,121,214,136,19.4,39,93169
ABalppppa,122,217,132,20.9,37,71966
ABalppppaa,123,197,127,19.1,29,81784
ABalppppaa,124,193,130,20.0,35,71767
ABalppppaa,125,193,133,21.0,34,79301
ABalppppaa,126,190,131,20.2,36,66301
ABalppppaa,127,189,129,19.9,34,70222
ABalppppaa,128,192,126,20.3,37,59941
ABalppppaa,129,192,129,20.0,33,72279
ABalppppaa,130,192,126,19.3,37,65587
ABalppppaa,131,191,122,19.2,37,75956
ABalppppaa,132,183,123,20.1,35,81802
ABalppppaa,133,188,128,21.2,35,78393
ABalppppaa,134,185,138,21.2,29,92439
ABalppppaa,135,181,136,21.1,35,80536
ABalppppaa,136,179,144,20.3,37,73253
ABalppppaa,137,177,135,19.2,29,83817
ABalppppaa,138,180,137,20.3,37,82797
ABalppppaa,139,182,138,20.2,37,79308
ABalppppaa,140,185,132,20.0,37,72854
ABalppppaa,141,186,134,20.1,29,90781
ABalppppaa,142,184,131,19.2,37,74956
ABalppppaa,143,183,132,19.1,37,81525
ABalppppaa,144,181,141,20.1,29,83783
ABalppppaa,145,184,135,20.0,29,80994
ABalppppap,123,234,126,22.0,36,56332
ABalppppap,124,240,115,20.3,29,67033
ABalppppap,125,236,117,21.2,36,53041
ABalppppap,126,226,115,20.2,29,67950
ABalppppap,127,223,112,20.0,29,74123
ABalppppap,128,226,118,21.0,35,67317
ABalppppap,129,226,122,21.0,37,60922
ABalppppap,130,225,126,20.3,37,58435
ABalppppap,131,224,131,20.3,37,62018
ABalppppap,132,219,129,20.3,37,63815
ABalppppap,133,224,129,20.2,37,63327
ABalppppap,134,220,135,21.2,37,66937
ABalppppap,135,217,137,22.0,37,66391
ABalppppap,136,213,145,21.1,37,70950
ABalppppap,137,212,145,20.4,37,67307
ABalppppap,138,215,142,21.1,37,78009
ABalppppap,139,213,139,21.1,37,72358
ABalppppap,140,210,136,20.2,29,70574
ABalppppap,141,213,134,21.0,29,81303
ABalppppap,142,214,134,20.1,37,77922
ABalppppap,143,213,139,20.2,37,82902
ABalppppap,144,210,141,20.2,37,79518
ABalppppap,145,214,134,20.4,37,76345
ABalppppp,90,305,144,15.2,35,63666
ABalppppp,91,312,140,15.1,38,46208
ABalppppp,92,322,139,15.9,41,49489
ABalppppp,93,327,136,15.9,40,51312
ABalppppp,94,321,130,16.1,40,51394
ABalppppp,95,321,129,17.2,40,47105
ABalppppp,96,312,127,17.9,39,47862
ABalppppp,97,308,127,18.1,40,48197
ABalppppp,98,307,128,18.3,39,50820
ABalppppp,99,305,124,19.0,39,58511
ABalppppp,100,307,112,18.2,39,61758
ABalppppp,101,307,108,18.0,39,62649
ABalppppp,102,314,96,17.3,39,66045
ABalppppp,103,319,94,18.1,41,71034
ABalppppp,104,309,109,17.3,41,64212
ABalppppp,105,303,110,18.0,41,74229
ABalppppp,106,302,109,18.2,41,73373
ABalppppp,107,302,112,18.2,41,74713
ABalppppp,108,297,111,18.1,40,81753
ABalppppp,109,297,112,18.1,42,76645
ABalppppp,110,295,111,18.2,42,81176
ABalppppp,111,294,112,18.1,42,77636
ABalppppp,112,296,106,17.3,42,82709
ABalppppp,113,295,107,18.1,42,81392
ABalppppp,114,292,114,19.0,42,75868
ABalppppp,115,291,124,18.4,42,80252
ABalppppp,116,284,118,18.4,42,83440
ABalppppp,117,278,109,19.0,38,100090
ABalppppp,118,283,105,19.0,38,67795
ABalpppppa,119,260,104,19.0,34,71568
ABalpppppa,120,255,94,19.2,35,74766
ABalpppppa,121,255,98,20.0,37,64001
ABalpppppa,122,260,101,20.0,37,65362
ABalpppppa,123,268,100,21.0,36,63767
ABalpppppa,124,276,91,20.1,35,69844
ABalpppppa,125,273,93,19.2,36,83721
ABalpppppa,126,269,93,20.1,34,80839
ABalpppppa,127,268,91,19.2,34,84403
ABalpppppa,128,262,92,19.1,37,75891
ABalpppppa,129,260,104,19.1,35,82426
ABalpppppa,130,252,105,18.3,37,71964
ABalpppppa,131,254,111,19.0,35,68062
ABalpppppa,132,248,114,19.1,35,70977
ABalpppppa,133,251,116,18.1,37,79678
ABalpppppa,134,248,123,18.4,37,77422
ABalpppppa,135,254,118,18.4,37,75663
ABalpppppa,136,245,127,18.4,37,75482
ABalpppppa,137,245,124,19.1,33,81948
ABalpppppa,138,250,124,19.1,37,68993
ABalpppppa,139,247,127,19.1,37,79491
ABalpppppa,140,249,120,18.3,37,73332
ABalpppppa,141,253,112,19.1,37,92429
ABalpppppa,142,248,118,19.1,37,75241
ABalpppppa,143,245,122,19.1,35,77117
ABalpppppa,144,245,124,18.4,37,77962
ABalpppppa,145,242,121,18.2,37,77798
ABalpppppp,119,300,111,19.0,36,55694
ABalpppppp,120,303,117,19.1,35,63499
ABalpppppp,121,303,118,20.0,37,55820
ABalpppppp,122,295,118,20.1,39,56473
ABalpppppp,123,303,115,19.2,38,53429
ABalpppppp,124,309,116,19.0,39,55859
ABalpppppp,125,306,116,18.9,34,62212
ABalpppppp,126,305,113,18.2,36,64733
ABalpppppp,127,298,122,18.0,36,60882
ABalpppppp,128,295,124,17.2,37,62797
ABalpppppp,129,294,118,17.3,37,66753
ABalpppppp,130,285,129,17.4,37,55026
ABalpppppp,131,282,138,18.0,37,56554
ABalpppppp,132,277,139,18.2,37,55970
ABalpppppp,133,282,127,19.1,37,59590
ABalpppppp,134,279,137,19.2,37,63008
ABalpppppp,135,283,132,20.0,37,60809
ABalpppppp,136,280,131,20.1,37,56953
ABalpppppp,137,283,126,19.3,37,63749
ABalpppppp,138,281,129,20.1,37,67031
ABalpppppp,139,284,128,20.0,37,63629
ABalpppppp,140,281,130,20.0,37,66056
ABalpppppp,141,281,130,20.3,37,64554
ABalpppppp,142,282,119,20.1,37,68047
ABalpppppp,143,282,126,20.2,37,71582
ABalpppppp,144,281,126,20.0,37,60604
ABalpppppp,145,278,117,20.1,37,61854
ABar,9,190,271,12.6,57,-196
ABar,10,216,295,9.2,64,218
ABar,11,235,322,8.2,71,-319
ABar,12,246,352,8.1,73,91
ABar,13,265,371,10.5,73,-331
ABar,14,267,382,12.3,75,-469
ABar,15,273,388,15.2,80,-311
ABar,16,283,388,16.2,79,-986
ABar,17,301,343,15.8,49,-301
ABara,18,296,341,11.5,41,-123
ABara,19,290,346,9.2,40,1112
ABara,20,270,344,11.0,54,65
ABara,21,245,348,9.2,60,357
ABara,22,231,332,8.2,63,130
ABara,23,233,318,8.0,63,-129
ABara,24,234,313,8.1,42,-924
ABara,25,254,302,8.0,62,-469
ABara,26,254,302,8.0,62,-223
ABara,27,272,323,8.0,66,-159
ABara,28,291,316,8.0,34,-721
ABaraa,29,242,318,9.1,36,-607
ABaraa,30,234,323,8.9,51,102
ABaraa,31,222,339,7.1,51,-402
ABaraa,32,220,324,7.1,52,-1143
ABaraa,33,215,316,7.2,55,431
ABaraa,34,216,324,7.1,57,-447
ABaraa,35,216,309,7.3,59,-522
ABaraa,36,206,325,8.1,64,-414
ABaraa,37,198,315,8.2,62,-493
ABaraa,38,200,322,9.0,62,-580
ABaraa,39,198,323,9.9,62,-455
ABaraa,40,204,326,9.7,62,-441
ABaraa,41,202,331,9.0,65,-302
ABaraa,42,203,331,8.9,62,370
ABaraa,43,207,336,9.8,61,-141
ABaraa,44,204,335,10.7,61,2
ABaraa,45,195,333,9.8,61,-526
ABaraaa,46,179,332,9.9,58,-591
ABaraaa,47,170,336,9.8,54,624
ABaraaa,48,171,338,9.8,52,469
ABaraaa,49,164,349,9.9,51,311
ABaraaa,50,160,349,9.0,51,164
ABaraaa,51,162,347,9.1,50,924
ABaraaa,52,157,348,9.2,49,1856
ABaraaa,53,166,341,8.9,49,700
ABaraaa,54,174,352,9.8,46,497
ABaraaa,55,164,353,9.9,48,1991
ABaraaa,56,160,345,9.1,51,2912
ABaraaa,57,160,343,9.3,51,2366
ABaraaa,58,167,344,9.2,51,3043
ABaraaa,59,176,346,9.2,53,5181
ABaraaa,60,176,345,8.9,51,6742
ABaraaa,61,165,343,9.0,52,8001
ABaraaa,62,167,348,9.1,53,8278
ABaraaa,63,163,348,8.9,52,10505
ABaraaa,64,171,348,8.4,53,12711
ABaraaa,65,171,345,8.8,52,18480
ABaraaa,66,173,341,9.1,51,17509
ABaraaa,67,174,329,9.9,50,20689
ABaraaa,68,150,324,9.0,49,24992
ABaraaaa,69,132,308,7.7,48,16497
ABaraaaa,70,122,302,7.1,41,20946
ABaraaaa,71,126,297,6.1,45,25036
ABaraaaa,72,128,304,6.8,47,23254
ABaraaaa,73,126,302,6.1,45,27607
ABaraaaa,74,124,307,6.2,45,30547
ABaraaaa,75,120,308,7.0,46,32396
ABaraaaa,76,127,321,7.1,45,39520
ABaraaaa,77,130,338,8.1,45,41938
ABaraaaa,78,135,347,8.9,45,48253
ABaraaaa,79,136,357,10.1,45,53320
ABaraaaa,80,131,357,10.9,45,56790
ABaraaaa,81,123,356,11.8,45,55074
ABaraaaa,82,110,344,11.1,45,62998
ABaraaaa,83,105,336,10.8,45,60417
ABaraaaa,84,99,330,11.0,45,66193
ABaraaaa,85,95,335,11.9,45,72336
ABaraaaa,86,95,330,11.0,45,77687
ABaraaaa,87,89,321,10.9,45,76238
ABaraaaa,88,86,314,10.2,46,79788
ABaraaaa,89,82,307,10.8,46,76645
ABaraaaa,90,93,312,10.1,45,92952
ABaraaaa,91,92,305,10.0,44,92051
ABaraaaa,92,96,308,8.3,45,93974
ABaraaaa,93,106,302,8.2,44,94019
ABaraaaa,94,108,308,9.2,44,101069
ABaraaaa,95,116,295,10.0,44,110479
ABaraaaa,96,114,297,9.4,41,123799
ABaraaaa,97,106,297,10.0,38,95196
ABaraaaaa,98,79,293,10.6,35,100500
ABaraaaaa,99,78,291,10.9,37,101370
ABaraaaaa,100,84,291,10.1,39,90757
ABaraaaaa,101,82,291,10.0,37,103485
ABaraaaaa,102,88,293,9.0,37,97286
ABaraaaaa,103,91,295,10.0,37,97237
ABaraaaaa,104,96,293,10.0,37,98183
ABaraaaaa,105,100,302,9.1,37,111886
ABaraaaaa,106,107,297,9.5,39,101994
ABaraaaaa,107,112,298,9.4,39,109436
ABaraaaaa,108,120,300,9.0,38,111992
ABaraaaaa,109,117,303,9.1,38,108881
ABaraaaaa,110,121,307,9.8,38,110201
ABaraaaaa,111,115,305,9.0,38,116446
ABaraaaaa,112,114,310,8.1,38,112845
ABaraaaaa,113,119,301,9.0,38,112118
ABaraaaaa,114,119,301,8.8,38,102978
ABaraaaaa,115,114,299,9.9,38,105242
ABaraaaaa,116,121,296,10.1,38,109904
ABaraaaaa,117,122,309,10.0,38,109716
ABaraaaaa,118,116,318,10.1,38,114582
ABaraaaaa,119,113,307,10.2,38,117263
ABaraaaaa,120,116,310,9.9,37,116268
ABaraaaaa,121,108,304,9.8,37,111015
ABaraaaaa,122,102,300,10.1,39,126570
ABaraaaaa,123,99,298,11.0,40,118851
ABaraaaaa,124,83,296,10.1,39,124688
ABaraaaaa,125,87,302,9.4,38,129914
ABaraaaaa,126,87,293,10.0,38,117593
ABaraaaaa,127,83,295,10.2,38,128311
ABaraaaaa,128,85,293,9.4,37,133160
ABaraaaaa,129,95,296,9.3,37,127526
ABaraaaaa,130,99,300,9.1,37,122812
ABaraaaaa,131,102,297,9.0,37,115870
ABaraaaaa,132,113,304,10.0,33,96553
ABaraaaaa,133,110,298,9.1,37,118203
ABaraaaaaa,134,99,286,10.1,33,105101
ABaraaaaaa,135,94,284,10.0,33,101158
ABaraaaaaa,136,88,300,8.9,33,123827
ABaraaaaaa,137,89,297,8.9,33,116950
ABaraaaaaa,138,89,292,9.0,33,112382
ABaraaaaaa,139,95,290,8.9,33,105171
ABaraaaaaa,140,92,280,9.0,33,104968
ABaraaaaaa,141,94,282,9.8,33,86081
ABaraaaaaa,142,96,278,9.0,33,101444
ABaraaaaaa,143,93,278,9.2,33,111655
ABaraaaaaa,144,96,284,9.1,33,116751
ABaraaaaaa,145,98,275,9.2,33,111547
ABaraaaaap,134,124,314,8.9,33,77006
ABaraaaaap,135,126,312,8.8,33,97970
ABaraaaaap,136,129,317,9.0,33,108170
ABaraaaaap,137,131,316,8.8,33,96828
ABaraaaaap,138,127,313,8.1,33,109476
ABaraaaaap,139,127,310,7.9,33,97123
ABaraaaaap,140,119,308,7.9,33,101037
ABaraaaaap,141,123,308,7.9,33,97245
ABaraaaaap,142,125,312,8.0,33,95945
ABaraaaaap,143,122,313,8.4,29,107952
ABaraaaaap,144,129,307,8.1,33,110242
ABaraaaaap,145,126,309,8.3,29,111963
ABaraaaap,98,122,297,8.3,35,87771
ABaraaaap,99,133,303,8.1,35,99591
ABaraaaap,100,140,301,8.2,37,99956
ABaraaaap,101,146,299,8.9,37,95825
ABaraaaap,102,154,306,9.8,37,95445
ABaraaaap,103,158,302,10.2,37,101466
ABaraaaap,104,162,301,10.8,37,95078
ABaraaaap,105,163,300,10.8,37,95245
ABaraaaap,106,162,301,10.1,37,104171
ABaraaaap,107,167,306,10.2,37,114251
ABaraaaap,108,169,309,10.8,38,102599
ABaraaaap,109,169,306,10.9,38,102490
ABaraaaap,110,166,311,11.0,38,114722
ABaraaaap,111,163,303,10.8,38,100494
ABaraaaap,112,165,307,10.1,38,116157
ABaraaaap,113,169,302,10.8,38,105344
ABaraaaap,114,168,301,10.1,38,116127
ABaraaaap,115,161,299,10.2,38,118620
ABaraaaap,116,169,301,10.9,38,110603
ABaraaaap,117,169,306,10.8,38,115700
ABaraaaap,118,167,299,10.1,38,116949
ABaraaaap,119,162,296,10.2,38,118230
ABaraaaap,120,156,293,11.2,39,122644
ABaraaaap,121,153,289,11.2,39,123815
ABaraaaap,122,145,291,10.2,37,118006
ABaraaaap,123,146,297,11.1,36,123391
ABaraaaap,124,136,297,11.2,39,125335
ABaraaaap,125,135,298,11.1,38,122726
ABaraaaap,126,130,296,11.2,38,121296
ABaraaaap,127,127,290,12.0,38,122024
ABaraaaap,128,127,287,12.0,37,124538
ABaraaaap,129,128,288,12.2,37,130086
ABaraaaap,130,129,287,12.0,37,120600
ABaraaaap,131,130,284,12.3,37,126296
ABaraaaap,132,135,283,13.1,37,120095
ABaraaaap,133,138,286,13.0,33,110103
ABaraaaap,134,136,293,12.4,37,115092
ABaraaaapa,135,123,287,11.8,33,99357
ABaraaaapa,136,124,299,11.8,33,102582
ABaraaaapa,137,130,298,11.1,33,113974
ABaraaaapa,138,126,290,11.8,33,105785
ABaraaaapa,139,130,289,11.2,35,103705
ABaraaaapa,140,125,283,11.4,35,103133
ABaraaaapa,141,127,288,11.9,33,104884
ABaraaaapa,142,130,286,12.0,33,97651
ABaraaaapa,143,126,289,12.4,35,98708
ABaraaaapa,144,131,289,12.3,35,103973
ABaraaaapa,145,128,282,13.0,35,97964
ABaraaaapp,135,150,292,14.0,33,98773
ABaraaaapp,136,153,293,14.0,33,104203
ABaraaaapp,137,156,289,13.3,37,90664
ABaraaaapp,138,154,284,14.0,37,90946
ABaraaaapp,139,147,279,14.4,37,81360
ABaraaaapp,140,148,276,14.3,37,79070
ABaraaaapp,141,152,276,15.1,35,95495
ABaraaaapp,142,154,271,15.2,35,101814
ABaraaaapp,143,150,270,15.4,37,93376
ABaraaaapp,144,151,264,15.4,37,92483
ABaraaaapp,145,150,262,15.3,37,92868
ABaraaap,69,175,338,10.9,48,14911
ABaraaap,70,177,334,10.2,43,20574
ABaraaap,71,183,341,11.2,47,20300
ABaraaap,72,190,343,11.9,47,24762
ABaraaap,73,186,340,11.2,47,23436
ABaraaap,74,183,339,11.1,47,29764
ABaraaap,75,180,342,10.2,46,31249
ABaraaap,76,189,348,10.1,45,37084
ABaraaap,77,194,355,10.0,45,36470
ABaraaap,78,208,351,10.2,47,40894
ABaraaap,79,206,361,10.5,47,40977
ABaraaap,80,202,369,11.2,47,50358
ABaraaap,81,188,373,10.4,47,47849
ABaraaap,82,172,366,11.2,47,56049
ABaraaap,83,160,363,11.4,47,54544
ABaraaap,84,151,366,12.2,47,60756
ABaraaap,85,148,364,12.1,49,59638
ABaraaap,86,149,368,11.3,49,64322
ABaraaap,87,140,367,11.2,49,64830
ABaraaap,88,140,360,10.1,46,74416
ABaraaap,89,129,345,9.9,46,75310
ABaraaap,90,135,354,10.1,47,83557
ABaraaap,91,137,349,10.1,40,87601
ABaraaap,92,142,343,10.0,45,65115
ABaraaapa,93,119,346,11.1,38,72197
ABaraaapa,94,127,354,11.0,40,75296
ABaraaapa,95,124,359,11.0,40,79742
ABaraaapa,96,129,365,11.2,41,77590
ABaraaapa,97,123,365,11.8,38,81587
ABaraaapa,98,124,358,10.2,39,88941
ABaraaapa,99,114,347,10.2,41,85211
ABaraaapa,100,114,336,9.1,39,85345
ABaraaapa,101,122,340,9.2,41,90265
ABaraaapa,102,122,337,9.4,41,88540
ABaraaapa,103,129,334,9.3,41,89471
ABaraaapa,104,133,336,9.2,41,88795
ABaraaapa,105,139,338,9.3,41,87544
ABaraaapa,106,139,341,8.4,41,93928
ABaraaapa,107,144,340,9.1,41,97239
ABaraaapa,108,150,346,9.2,42,90880
ABaraaapa,109,155,345,9.1,42,97585
ABaraaapa,110,152,350,9.1,42,98486
ABaraaapa,111,149,346,9.0,40,91442
ABaraaapa,112,154,347,8.2,40,93910
ABaraaapa,113,149,341,8.1,40,92761
ABaraaapa,114,159,345,8.1,40,99506
ABaraaapa,115,150,337,8.1,40,95290
ABaraaapa,116,152,331,7.3,40,93909
ABaraaapa,117,157,340,7.2,40,98995
ABaraaapa,118,154,329,7.3,42,96044
ABaraaapa,119,146,324,8.0,38,92971
ABaraaapa,120,155,321,8.0,37,88460
ABaraaapaa,121,134,315,8.0,29,81533
ABaraaapaa,122,119,318,8.1,29,95521
ABaraaapaa,123,119,312,9.1,29,93952
ABaraaapaa,124,109,309,8.3,29,86007
ABaraaapaa,125,109,312,7.3,36,85926
ABaraaapaa,126,102,309,7.4,36,78396
ABaraaapaa,127,97,311,7.9,34,87261
ABaraaapaa,128,106,306,7.1,33,91724
ABaraaapaa,129,113,306,6.4,35,94797
ABaraaapaa,130,119,297,5.4,37,76655
ABaraaapaa,131,122,294,5.4,35,85301
ABaraaapaa,132,127,294,5.4,35,81247
ABaraaapaa,133,122,279,5.4,37,79751
ABaraaapaa,134,118,274,5.4,37,87891
ABaraaapaa,135,118,272,6.1,37,83304
ABaraaapaa,136,111,279,6.2,37,83042
ABaraaapaa,137,119,279,6.0,35,77044
ABaraaapaa,138,120,281,6.2,37,86279
ABaraaapaa,139,122,274,6.2,37,77150
ABaraaapaa,140,127,271,6.5,37,81548
ABaraaapaa,141,133,277,7.3,37,78579
ABaraaapaa,142,134,281,7.4,37,79137
ABaraaapaa,143,132,285,8.6,37,82516
ABaraaapaa,144,135,281,9.0,35,83258
ABaraaapaa,145,139,285,9.9,33,88779
ABaraaapap,121,161,317,7.1,35,73465
ABaraaapap,122,165,320,6.4,35,80640
ABaraaapap,123,156,319,6.7,36,65296
ABaraaapap,124,149,313,7.0,39,54475
ABaraaapap,125,149,310,7.1,36,67090
ABaraaapap,126,143,306,7.1,38,63975
ABaraaapap,127,136,301,7.2,36,69836
ABaraaapap,128,146,304,8.0,37,63875
ABaraaapap,129,151,304,8.2,37,80808
ABaraaapap,130,156,299,8.3,37,67576
ABaraaapap,131,157,295,8.3,37,69243
ABaraaapap,132,162,299,8.2,37,74241
ABaraaapap,133,157,289,8.0,37,62250
ABaraaapap,134,157,290,7.3,37,72894
ABaraaapap,135,155,277,7.2,37,69260
ABaraaapap,136,150,284,7.0,37,61473
ABaraaapap,137,156,283,7.2,37,63816
ABaraaapap,138,156,281,7.4,37,74012
ABaraaapap,139,160,283,7.4,37,76591
ABaraaapap,140,158,281,8.3,37,78541
ABaraaapap,141,161,286,8.3,37,73735
ABaraaapap,142,163,290,8.3,37,72786
ABaraaapap,143,164,290,9.1,37,72640
ABaraaapap,144,170,287,9.2,37,85708
ABaraaapap,145,171,285,9.3,37,81284
ABaraaapp,93,173,336,9.1,36,74949
ABaraaapp,94,182,337,10.0,40,62288
ABaraaapp,95,177,334,9.8,40,70267
ABaraaapp,96,178,336,9.2,39,83667
ABaraaapp,97,167,345,8.8,38,84279
ABaraaapp,98,167,343,8.1,37,82105
ABaraaapp,99,163,347,7.8,37,87147
ABaraaapp,100,167,351,8.8,37,87923
ABaraaapp,101,166,358,9.1,37,95307
ABaraaapp,102,170,356,9.9,37,102240
ABaraaapp,103,171,357,9.1,37,101432
ABaraaapp,104,170,354,8.5,39,97161
ABaraaapp,105,175,354,8.1,37,96976
ABaraaapp,106,176,355,8.1,37,105699
ABaraaapp,107,183,359,8.1,37,104520
ABaraaapp,108,186,362,8.8,38,101837
ABaraaapp,109,192,361,9.0,38,108355
ABaraaapp,110,189,370,8.9,38,114578
ABaraaapp,111,186,364,9.1,38,114909
ABaraaapp,112,189,369,8.8,38,110003
ABaraaapp,113,184,367,8.1,38,112238
ABaraaapp,114,192,369,8.1,38,120231
ABaraaapp,115,184,367,8.9,38,113785
ABaraaapp,116,183,366,9.0,38,120476
ABaraaapp,117,193,369,9.2,38,123183
ABaraaapp,118,197,360,9.0,38,117194
ABaraaapp,119,189,358,9.1,38,124742
ABaraaapp,120,184,362,8.8,37,117379
ABaraaapp,121,190,358,7.9,37,121426
ABaraaapp,122,186,360,8.1,39,121273
ABaraaapp,123,174,360,8.9,36,114905
ABaraaapp,124,161,355,8.2,39,127628
ABaraaapp,125,170,351,8.9,34,101741
ABaraaapp,126,168,347,9.0,34,130753
ABaraaappa,127,145,330,9.4,32,91445
ABaraaappa,128,145,332,9.9,33,101141
ABaraaappa,129,144,338,9.2,33,95160
ABaraaappa,130,144,336,9.0,33,100529
ABaraaappa,131,137,334,8.2,33,105504
ABaraaappa,132,144,338,7.9,33,106609
ABaraaappa,133,138,328,7.7,33,98958
ABaraaappa,134,142,331,7.2,33,103928
ABaraaappa,135,148,322,7.0,33,97012
ABaraaappa,136,146,322,5.6,37,94651
ABaraaappa,137,153,323,6.0,33,97422
ABaraaappa,138,152,318,5.9,33,89584
ABaraaappa,139,156,311,5.2,33,103777
ABaraaappa,140,153,308,5.8,33,91399
ABaraaappa,141,161,302,5.8,33,88157
ABaraaappa,142,163,302,5.4,37,93820
ABaraaappa,143,153,307,5.5,35,96526
ABaraaappa,144,159,306,5.8,33,93600
ABaraaappa,145,159,299,5.8,33,90667
ABaraaappp,127,184,348,8.8,34,88870
ABaraaappp,128,187,353,9.0,33,94851
ABaraaappp,129,183,357,8.4,35,98602
ABaraaappp,130,186,346,8.2,33,103339
ABaraaappp,131,179,343,8.1,33,104725
ABaraaappp,132,184,344,7.5,35,100109
ABaraaappp,133,179,338,7.8,33,102163
ABaraaappp,134,179,339,8.1,35,97813
ABaraaappp,135,185,329,7.3,37,95857
ABaraaappp,136,181,330,6.3,29,104354
ABaraaappp,137,185,333,5.4,35,94925
ABaraaappp,138,181,330,5.8,33,88948
ABaraaappp,139,186,330,5.4,35,87818
ABaraaappp,140,184,322,6.0,33,89259
ABaraaappp,141,193,319,5.5,35,91816
ABaraaappp,142,191,323,5.4,37,87244
ABaraaappp,143,185,322,5.3,37,81854
ABaraaappp,144,191,320,5.5,35,95504
ABaraaappp,145,187,317,5.8,33,92903
ABaraap,46,215,300,9.0,38,510
ABaraap,47,235,283,8.7,54,-233
ABaraap,48,239,279,8.0,52,343
ABaraap,49,240,260,8.0,51,506
ABaraap,50,244,261,7.0,51,-184
ABaraap,51,241,261,7.1,50,1491
ABaraap,52,240,267,7.1,49,704
ABaraap,53,246,268,7.2,51,1536
ABaraap,54,241,274,7.3,50,1991
ABaraap,55,242,281,7.2,50,2073
ABaraap,56,236,281,7.3,51,2555
ABaraap,57,235,279,7.1,51,2703
ABaraap,58,239,289,7.1,51,5135
ABaraap,59,241,289,7.2,51,5600
ABaraap,60,239,287,7.1,53,5577
ABaraap,61,234,283,7.1,52,6155
ABaraap,62,233,288,7.0,53,8727
ABaraap,63,238,291,7.1,52,9679
ABaraap,64,242,287,7.3,53,13462
ABaraap,65,238,290,7.9,52,12623
ABaraap,66,239,288,7.4,53,16070
ABaraap,67,255,291,8.9,50,18859
ABaraapa,68,209,295,7.7,49,12610
ABaraapa,69,208,295,7.1,38,22144
ABaraapa,70,198,283,6.4,45,18144
ABaraapa,71,196,271,6.1,47,21923
ABaraapa,72,194,279,6.1,47,21697
ABaraapa,73,194,290,6.2,47,22321
ABaraapa,74,197,299,6.2,47,25834
ABaraapa,75,197,302,6.2,46,29592
ABaraapa,76,202,318,6.2,45,30557
ABaraapa,77,209,324,6.2,45,32194
ABaraapa,78,216,318,6.2,45,34236
ABaraapa,79,216,328,6.9,45,35369
ABaraapa,80,202,329,6.2,45,43588
ABaraapa,81,194,332,6.9,45,39783
ABaraapa,82,184,324,6.2,47,43953
ABaraapa,83,175,333,6.3,47,45399
ABaraapa,84,167,337,7.1,47,49632
ABaraapa,85,165,335,6.5,47,56560
ABaraapa,86,169,340,7.0,47,56178
ABaraapa,87,153,329,6.5,49,58392
ABaraapa,88,154,310,6.4,48,62503
ABaraapa,89,146,284,7.0,46,68212
ABaraapa,90,144,290,7.3,47,77646
ABaraapa,91,137,271,8.0,46,79413
ABaraapa,92,143,261,7.3,43,90520
ABaraapa,93,149,258,7.1,36,99777
ABaraapaa,94,116,273,7.1,34,84194
ABaraapaa,95,121,263,7.1,34,84073
ABaraapaa,96,123,258,7.2,39,76113
ABaraapaa,97,119,254,7.2,38,80633
ABaraapaa,98,117,254,7.4,39,81393
ABaraapaa,99,122,260,8.1,37,92442
ABaraapaa,100,123,260,7.4,39,85412
ABaraapaa,101,125,265,7.3,39,89138
ABaraapaa,102,131,268,7.0,37,91420
ABaraapaa,103,130,264,7.8,37,89550
ABaraapaa,104,138,265,8.1,39,91997
ABaraapaa,105,142,269,7.8,37,85532
ABaraapaa,106,151,265,7.2,37,98206
ABaraapaa,107,160,269,8.0,37,95528
ABaraapaa,108,164,275,8.2,38,98945
ABaraapaa,109,169,272,8.1,38,102749
ABaraapaa,110,169,276,8.0,38,102029
ABaraapaa,111,168,271,7.9,38,99997
ABaraapaa,112,170,267,9.1,38,106967
ABaraapaa,113,165,262,8.5,40,102662
ABaraapaa,114,170,261,8.9,38,109470
ABaraapaa,115,171,261,9.0,38,113217
ABaraapaa,116,168,260,10.0,38,107417
ABaraapaa,117,169,267,10.1,38,105473
ABaraapaa,118,171,266,10.5,40,100926
ABaraapaa,119,173,264,11.1,40,101887
ABaraapaa,120,168,258,10.3,41,101195
ABaraapaa,121,165,259,10.2,41,101022
ABaraapaa,122,167,262,10.1,41,107199
ABaraapaa,123,165,262,10.0,38,105532
ABaraapaa,124,155,261,10.2,37,114781
ABaraapaa,125,150,256,11.0,34,100544
ABaraapaa,126,139,253,11.0,34,96706
ABaraapaaa,127,112,252,11.1,34,89511
ABaraapaaa,128,114,250,11.1,33,88187
ABaraapaaa,129,117,254,11.1,37,88312
ABaraapaaa,130,119,253,11.2,35,90818
ABaraapaaa,131,120,246,12.1,35,90674
ABaraapaaa,132,122,250,12.1,35,86527
ABaraapaaa,133,118,247,12.2,37,88367
ABaraapaaa,134,126,249,12.2,35,90558
ABaraapaaa,135,129,249,13.2,35,99417
ABaraapaaa,136,126,253,13.1,35,101273
ABaraapaaa,137,130,252,13.0,33,94955
ABaraapaaa,138,127,251,12.4,37,90093
ABaraapaaa,139,134,247,12.3,35,101832
ABaraapaaa,140,130,246,12.3,37,95223
ABaraapaaa,141,134,249,13.1,37,95058
ABaraapaaa,142,134,249,13.2,35,101838
ABaraapaaa,143,131,249,13.1,35,106702
ABaraapaaa,144,136,248,13.3,37,95852
ABaraapaaa,145,137,246,13.3,35,102012
ABaraapaap,127,155,253,11.9,34,71676
ABaraapaap,128,159,252,12.2,33,82215
ABaraapaap,129,160,253,12.2,37,74190
ABaraapaap,130,164,255,13.2,37,69499
ABaraapaap,131,162,254,13.1,33,92227
ABaraapaap,132,164,256,12.4,35,78955
ABaraapaap,133,165,253,12.3,35,82827
ABaraapaap,134,169,261,11.2,35,86375
ABaraapaap,135,170,262,11.2,35,86158
ABaraapaap,136,165,263,10.9,33,94293
ABaraapaap,137,164,255,10.5,35,86185
ABaraapaap,138,164,254,11.2,35,88498
ABaraapaap,139,166,260,11.2,33,91382
ABaraapaap,140,168,254,12.1,35,87781
ABaraapaap,141,169,258,12.2,35,86437
ABaraapaap,142,168,256,12.3,37,81424
ABaraapaap,143,165,259,12.5,35,91440
ABaraapaap,144,170,253,13.1,37,94513
ABaraapaap,145,171,251,13.2,37,91429
ABaraapap,94,171,250,6.2,34,78328
ABaraapap,95,179,252,6.2,36,77968
ABaraapap,96,178,246,6.1,39,72295
ABaraapap,97,174,251,7.1,38,70517
ABaraapap,98,177,255,7.2,37,75923
ABaraapap,99,178,258,7.2,37,76457
ABaraapap,100,182,266,7.0,37,74994
ABaraapap,101,186,270,7.0,37,80584
ABaraapap,102,186,265,7.2,37,87869
ABaraapap,103,186,261,7.2,39,78249
ABaraapap,104,190,259,7.1,41,77879
ABaraapap,105,198,262,7.1,39,91348
ABaraapap,106,205,259,7.2,39,93024
ABaraapap,107,209,257,7.2,39,88098
ABaraapap,108,212,261,8.0,38,96596
ABaraapap,109,218,253,8.7,38,93705
ABaraapap,110,212,252,8.8,38,90156
ABaraapap,111,213,250,8.8,38,92912
ABaraapap,112,214,245,8.9,38,96130
ABaraapap,113,220,246,8.9,38,93810
ABaraapap,114,215,248,8.4,40,94810
ABaraapap,115,219,247,9.2,40,98980
ABaraapap,116,214,247,9.9,38,95663
ABaraapap,117,217,246,9.4,40,96037
ABaraapap,118,220,249,9.4,40,108877
ABaraapap,119,221,253,10.2,40,99777
ABaraapap,120,221,253,11.1,41,93458
ABaraapap,121,226,251,11.1,41,93000
ABaraapap,122,219,248,10.4,39,91251
ABaraapap,123,225,245,10.1,34,94696
ABaraapapa,124,200,246,10.8,35,64435
ABaraapapa,125,190,245,10.8,34,81216
ABaraapapa,126,184,247,10.9,34,79320
ABaraapapa,127,186,249,11.0,34,76891
ABaraapapa,128,192,256,11.2,35,76946
ABaraapapa,129,194,252,11.3,35,69969
ABaraapapa,130,196,249,11.2,37,71351
ABaraapapa,131,196,242,12.3,37,71507
ABaraapapa,132,196,241,13.1,37,71995
ABaraapapa,133,196,235,13.2,37,78734
ABaraapapa,134,198,243,12.3,35,86112
ABaraapapa,135,200,236,12.3,37,78421
ABaraapapa,136,195,237,12.2,37,80248
ABaraapapa,137,199,232,12.2,37,74597
ABaraapapa,138,199,227,12.2,37,80138
ABaraapapa,139,200,232,12.0,37,78555
ABaraapapa,140,199,227,12.2,37,79640
ABaraapapa,141,199,229,12.2,37,79660
ABaraapapa,142,203,230,12.1,35,85535
ABaraapapa,143,205,237,12.2,37,83494
ABaraapapa,144,206,238,12.1,37,80631
ABaraapapa,145,205,237,11.2,37,76155
ABaraapapp,124,236,247,10.1,33,76924
ABaraapapp,125,241,251,10.1,32,88355
ABaraapapp,126,236,252,11.0,34,82707
ABaraapapp,127,235,249,11.1,34,84015
ABaraapapp,128,245,256,12.3,35,88741
ABaraapapp,129,239,258,13.0,33,88513
ABaraapapp,130,239,262,13.0,33,91826
ABaraapapp,131,236,260,13.0,33,89255
ABaraapapp,132,233,259,13.2,33,94488
ABaraapapp,133,229,255,13.2,33,99165
ABaraapapp,134,231,259,13.0,33,91683
ABaraapapp,135,237,248,13.1,33,100958
ABaraapapp,136,233,249,13.0,33,100587
ABaraapapp,137,236,246,12.9,33,92069
ABaraapapp,138,231,243,13.0,33,95476
ABaraapapp,139,231,247,12.5,35,85657
ABaraapapp,140,230,238,13.2,35,88675
ABaraapapp,141,233,243,13.2,35,93648
ABaraapapp,142,237,240,13.3,35,91571
ABaraapapp,143,238,243,13.5,35,91835
ABaraapapp,144,239,242,13.4,35,92988
ABaraapapp,145,238,240,13.3,35,90300
ABaraapp,68,270,266,7.8,49,11355
ABaraapp,69,277,269,7.2,34,19005
ABaraapp,70,286,263,7.1,43,18583
ABaraapp,71,286,270,7.0,45,20776
ABaraapp,72,288,274,6.1,45,23907
ABaraapp,73,278,273,6.2,47,24947
ABaraapp,74,265,269,6.1,47,24355
ABaraapp,75,262,263,6.2,46,27284
ABaraapp,76,269,269,6.9,45,30490
ABaraapp,77,268,268,6.9,45,36888
ABaraapp,78,262,265,6.2,45,40371
ABaraapp,79,262,270,6.9,45,41885
ABaraapp,80,255,277,6.9,45,43394
ABaraapp,81,251,289,6.1,45,46746
ABaraapp,82,239,288,6.1,45,48861
ABaraapp,83,239,301,6.1,45,51171
ABaraapp,84,237,302,6.2,47,54025
ABaraapp,85,230,295,6.1,45,60389
ABaraapp,86,233,298,6.1,45,62304
ABaraapp,87,235,298,6.1,45,65977
ABaraapp,88,238,291,6.1,46,60622
ABaraapp,89,232,281,6.2,46,68158
ABaraapp,90,230,278,6.3,47,75352
ABaraapp,91,225,275,6.9,44,76744
ABaraapp,92,232,265,8.0,39,75100
ABaraappa,93,207,263,7.3,34,67885
ABaraappa,94,207,265,8.0,36,71524
ABaraappa,95,210,269,7.0,36,81751
ABaraappa,96,204,273,7.2,39,73893
ABaraappa,97,205,275,7.1,38,70492
ABaraappa,98,209,275,7.2,37,81386
ABaraappa,99,214,275,7.2,37,83690
ABaraappa,100,215,282,7.2,37,79126
ABaraappa,101,220,286,6.9,37,80419
ABaraappa,102,221,284,7.1,37,85354
ABaraappa,103,219,278,8.0,37,86500
ABaraappa,104,222,287,8.9,37,93343
ABaraappa,105,222,294,9.0,37,96030
ABaraappa,106,228,290,8.5,39,96500
ABaraappa,107,232,289,8.2,37,102326
ABaraappa,108,232,297,8.8,38,98361
ABaraappa,109,232,295,9.1,40,96265
ABaraappa,110,231,292,9.0,38,108242
ABaraappa,111,228,293,9.0,38,106659
ABaraappa,112,229,292,9.1,38,104524
ABaraappa,113,230,292,9.0,38,106496
ABaraappa,114,229,294,9.1,40,108393
ABaraappa,115,224,292,10.0,40,102731
ABaraappa,116,228,289,10.2,38,112298
ABaraappa,117,226,291,11.1,38,105568
ABaraappa,118,223,294,11.3,42,98226
ABaraappa,119,216,297,11.4,40,105652
ABaraappa,120,213,294,12.3,41,101979
ABaraappa,121,202,289,12.2,39,109094
ABaraappa,122,193,291,11.3,41,107217
ABaraappa,123,188,291,11.1,36,116313
ABaraappa,124,189,298,11.9,35,97800
ABaraappaa,125,176,296,11.8,34,80759
ABaraappaa,126,167,292,11.9,34,84238
ABaraappaa,127,168,291,11.9,34,81968
ABaraappaa,128,171,292,12.1,33,92256
ABaraappaa,129,168,295,12.3,35,80671
ABaraappaa,130,167,298,12.9,33,93931
ABaraappaa,131,159,299,13.0,33,90934
ABaraappaa,132,168,302,13.2,35,90853
ABaraappaa,133,167,297,13.0,33,90401
ABaraappaa,134,170,304,12.9,33,96725
ABaraappaa,135,172,298,12.3,29,111913
ABaraappaa,136,170,301,12.1,33,109717
ABaraappaa,137,173,300,12.1,33,107234
ABaraappaa,138,166,292,12.1,35,108967
ABaraappaa,139,167,295,12.1,33,108498
ABaraappaa,140,161,294,12.4,35,106598
ABaraappaa,141,162,299,13.2,35,107716
ABaraappaa,142,165,297,13.1,35,100787
ABaraappaa,143,167,300,13.8,33,105666
ABaraappaa,144,169,297,13.2,35,99000
ABaraappaa,145,166,295,14.2,33,103933
ABaraappap,125,210,289,11.5,32,78452
ABaraappap,126,205,287,12.0,34,79786
ABaraappap,127,203,287,12.0,34,76115
ABaraappap,128,209,292,12.9,33,87542
ABaraappap,129,208,297,13.0,33,83376
ABaraappap,130,207,297,12.2,35,83673
ABaraappap,131,202,293,11.5,37,88952
ABaraappap,132,206,292,11.4,37,91700
ABaraappap,133,203,290,11.4,35,92452
ABaraappap,134,207,293,11.6,37,86522
ABaraappap,135,209,284,12.1,35,84080
ABaraappap,136,204,282,12.0,33,89036
ABaraappap,137,203,282,11.9,33,95696
ABaraappap,138,203,283,11.8,33,87031
ABaraappap,139,201,284,12.1,35,89217
ABaraappap,140,197,283,12.0,37,79970
ABaraappap,141,199,286,12.1,35,92398
ABaraappap,142,202,284,12.2,35,92837
ABaraappap,143,199,289,12.3,37,82384
ABaraappap,144,206,289,12.3,37,89055
ABaraappap,145,202,287,13.0,37,76514
ABaraappp,93,255,250,7.1,34,75763
ABaraappp,94,263,252,7.0,34,79418
ABaraappp,95,273,262,6.5,38,76347
ABaraappp,96,271,267,6.1,39,73576
ABaraappp,97,261,271,6.1,38,79181
ABaraappp,98,262,267,6.2,39,82347
ABaraappp,99,264,265,6.5,39,81573
ABaraappp,100,261,266,6.3,39,84276
ABaraappp,101,265,266,7.1,37,79475
ABaraappp,102,263,268,7.5,39,81078
ABaraappp,103,261,272,8.5,39,83100
ABaraappp,104,260,272,8.5,39,75208
ABaraappp,105,262,270,8.1,39,87651
ABaraappp,106,270,271,8.1,37,90434
ABaraappp,107,271,273,8.1,39,89191
ABaraappp,108,270,271,8.8,38,86608
ABaraappp,109,269,267,8.1,38,95290
ABaraappp,110,266,270,7.9,38,97678
ABaraappp,111,269,272,8.2,38,96531
ABaraappp,112,266,267,9.0,38,101771
ABaraappp,113,266,263,8.8,38,93612
ABaraappp,114,263,259,9.0,38,103929
ABaraappp,115,266,266,9.5,40,97852
ABaraappp,116,264,265,10.3,40,95970
ABaraappp,117,269,270,10.8,38,90220
ABaraappp,118,269,279,11.1,40,95193
ABaraappp,119,269,282,11.1,38,99904
ABaraappp,120,266,284,12.1,39,105139
ABaraappp,121,269,283,12.1,41,96782
ABaraappp,122,270,287,11.9,37,107467
ABaraappp,123,269,287,12.1,36,102938
ABaraapppa,124,244,291,10.9,35,77555
ABaraapppa,125,249,293,10.9,34,76774
ABaraapppa,126,250,297,10.9,34,90575
ABaraapppa,127,249,290,10.4,36,91474
ABaraapppa,128,254,297,10.3,37,85733
ABaraapppa,129,254,298,11.1,37,86649
ABaraapppa,130,257,299,10.3,37,90482
ABaraapppa,131,248,294,11.1,37,82798
ABaraapppa,132,246,300,11.2,35,90320
ABaraapppa,133,243,296,11.3,37,83434
ABaraapppa,134,246,299,11.5,37,81901
ABaraapppa,135,243,295,11.9,33,91460
ABaraapppa,136,241,292,11.2,35,88009
ABaraapppa,137,240,285,11.1,37,83238
ABaraapppa,138,240,287,11.3,37,84261
ABaraapppa,139,238,287,11.3,37,87580
ABaraapppa,140,239,284,11.3,37,91587
ABaraapppa,141,239,286,11.4,37,88721
ABaraapppa,142,241,286,11.4,37,89034
ABaraapppa,143,241,290,11.3,37,92717
ABaraapppa,144,244,287,12.0,37,80400
ABaraapppa,145,242,287,11.3,37,94551
ABaraapppp,124,288,286,13.1,31,94169
ABaraapppp,125,289,293,13.7,34,79906
ABaraapppp,126,287,296,13.1,34,79739
ABaraapppp,127,293,289,12.8,34,88359
ABaraapppp,128,294,291,12.8,33,95569
ABaraapppp,129,289,295,13.0,33,92787
ABaraapppp,130,294,301,13.1,35,93901
ABaraapppp,131,290,300,13.0,35,93546
ABaraapppp,132,288,303,12.9,33,102558
ABaraapppp,133,283,297,12.4,35,93854
ABaraapppp,134,280,296,13.1,33,104614
ABaraapppp,135,281,297,13.1,33,100184
ABaraapppp,136,280,297,13.2,33,105600
ABaraapppp,137,278,293,13.8,33,93496
ABaraapppp,138,274,292,13.9,33,105127
ABaraapppp,139,272,290,14.0,33,104809
ABaraapppp,140,273,288,14.0,33,101017
ABaraapppp,141,278,294,13.9,33,112153
ABaraapppp,142,275,292,13.9,33,109496
ABaraapppp,143,275,297,13.8,33,112660
ABaraapppp,144,278,291,13.9,33,113881
ABaraapppp,145,273,290,14.1,33,113780
ABarap,29,311,332,8.2,34,-565
ABarap,30,305,351,9.0,51,-107
ABarap,31,304,358,9.2,53,106
ABarap,32,313,373,9.1,56,80
ABarap,33,312,364,9.0,59,158
ABarap,34,307,361,9.0,61,-850
ABarap,35,309,361,8.3,61,-308
ABarap,36,301,369,9.2,64,-305
ABarap,37,297,369,9.0,64,-741
ABarap,38,295,359,9.2,64,-341
ABarap,39,292,353,9.0,64,-547
ABarap,40,293,354,8.9,62,-731
ABarap,41,295,348,7.9,63,-563
ABarap,42,299,357,8.7,62,-865
ABarap,43,298,364,9.1,63,-617
ABarap,44,298,364,9.8,61,-270
ABarap,45,297,357,10.7,61,-283
ABarapa,46,279,377,10.5,58,-680
ABarapa,47,266,375,9.8,54,65
ABarapa,48,255,382,9.8,52,-562
ABarapa,49,241,378,9.8,51,47
ABarapa,50,240,375,9.9,51,451
ABarapa,51,236,373,10.1,50,474
ABarapa,52,237,374,10.0,51,832
ABarapa,53,242,380,10.0,49,313
ABarapa,54,254,381,9.5,50,2305
ABarapa,55,260,376,9.1,50,2011
ABarapa,56,245,364,9.1,51,2213
ABarapa,57,241,366,8.9,49,1828
ABarapa,58,251,368,9.1,51,2866
ABarapa,59,256,369,9.1,53,4844
ABarapa,60,262,373,9.4,53,5215
ABarapa,61,255,370,9.9,52,7327
ABarapa,62,260,374,9.9,51,11775
ABarapa,63,270,379,9.8,52,10244
ABarapa,64,277,374,8.3,53,13218
ABarapa,65,269,371,8.9,52,14682
ABarapa,66,267,356,9.8,51,12343
ABarapaa,67,241,372,9.1,34,26414
ABarapaa,68,223,363,8.1,37,17902
ABarapaa,69,221,366,7.2,44,18685
ABarapaa,70,222,362,6.9,47,17838
ABarapaa,71,216,357,6.9,47,18957
ABarapaa,72,214,358,7.1,47,23400
ABarapaa,73,218,364,7.2,47,22618
ABarapaa,74,221,367,8.0,47,25123
ABarapaa,75,220,367,8.1,46,29714
ABarapaa,76,237,368,8.9,45,34074
ABarapaa,77,249,367,9.0,45,34233
ABarapaa,78,255,359,9.0,45,38198
ABarapaa,79,255,371,8.9,45,36711
ABarapaa,80,249,368,8.9,45,45124
ABarapaa,81,238,368,9.0,45,48779
ABarapaa,82,220,367,10.0,45,46788
ABarapaa,83,211,372,11.1,45,55706
ABarapaa,84,203,372,11.1,45,61433
ABarapaa,85,201,360,10.1,45,64385
ABarapaa,86,202,378,10.4,47,61940
ABarapaa,87,198,371,10.9,45,69327
ABarapaa,88,198,364,8.9,46,73597
ABarapaa,89,184,345,7.0,46,72529
ABarapaa,90,188,342,7.0,45,74446
ABarapaa,91,180,328,7.2,40,91864
ABarapaaa,92,159,323,7.0,41,57191
ABarapaaa,93,152,320,6.1,36,71669
ABarapaaa,94,142,317,6.2,38,72701
ABarapaaa,95,136,312,5.5,38,79080
ABarapaaa,96,137,318,6.0,39,75452
ABarapaaa,97,137,319,5.9,38,74868
ABarapaaa,98,145,312,6.0,37,82294
ABarapaaa,99,148,315,5.4,39,86801
ABarapaaa,100,155,317,6.0,37,84178
ABarapaaa,101,158,324,6.2,37,92133
ABarapaaa,102,162,336,6.9,37,84868
ABarapaaa,103,159,326,6.8,37,82103
ABarapaaa,104,156,320,6.1,37,96860
ABarapaaa,105,160,318,6.0,37,87127
ABarapaaa,106,169,318,6.0,37,86962
ABarapaaa,107,170,323,5.5,39,94092
ABarapaaa,108,174,327,5.9,38,106116
ABarapaaa,109,171,329,6.0,38,99386
ABarapaaa,110,172,330,6.1,38,105013
ABarapaaa,111,175,333,5.9,38,100087
ABarapaaa,112,181,331,6.0,38,94079
ABarapaaa,113,176,322,5.8,38,96542
ABarapaaa,114,183,326,5.8,38,97156
ABarapaaa,115,184,323,5.8,38,88376
ABarapaaa,116,189,326,5.5,40,105784
ABarapaaa,117,196,333,5.8,38,92116
ABarapaaa,118,198,336,5.3,40,103352
ABarapaaa,119,193,335,5.3,40,106010
ABarapaaa,120,200,334,5.3,41,101604
ABarapaaa,121,201,326,5.1,39,100151
ABarapaaa,122,199,324,5.2,39,94923
ABarapaaa,123,197,321,5.3,39,108004
ABarapaaa,124,194,318,5.4,39,121819
ABarapaaa,125,194,303,5.2,30,117356
ABarapaaa,126,189,296,6.0,34,132698
ABarapaaaa,127,167,295,6.1,27,113587
ABarapaaaa,128,175,294,6.8,33,80924
ABarapaaaa,129,182,293,6.2,29,108171
ABarapaaaa,130,185,279,6.0,33,88022
ABarapaaaa,131,181,275,5.2,33,99026
ABarapaaaa,132,186,273,5.7,33,72269
ABarapaaaa,133,183,265,5.1,33,99413
ABarapaaaa,134,184,269,4.7,35,94437
ABarapaaaa,135,185,265,5.0,33,95206
ABarapaaaa,136,184,275,5.2,33,103976
ABarapaaaa,137,191,272,4.6,35,98236
ABarapaaaa,138,188,273,5.1,33,98864
ABarapaaaa,139,194,280,5.2,35,93375
ABarapaaaa,140,193,283,5.0,37,75778
ABarapaaaa,141,195,275,5.1,35,90627
ABarapaaaa,142,194,277,5.1,33,102404
ABarapaaaa,143,193,281,5.2,29,108125
ABarapaaaa,144,192,276,5.1,37,92567
ABarapaaaa,145,192,273,5.0,37,92200
ABarapaaap,127,203,292,5.0,27,108059
ABarapaaap,128,212,292,5.9,33,88899
ABarapaaap,129,217,294,5.9,33,92989
ABarapaaap,130,218,298,5.1,33,91907
ABarapaaap,131,214,297,5.1,33,95346
ABarapaaap,132,214,292,5.1,35,83089
ABarapaaap,133,212,295,5.7,33,77022
ABarapaaap,134,215,303,5.7,33,77485
ABarapaaap,135,213,297,5.7,33,78228
ABarapaaap,136,210,301,5.8,33,79435
ABarapaaap,137,213,299,5.8,33,78289
ABarapaaap,138,212,302,5.3,29,110474
ABarapaaap,139,216,303,5.3,29,103765
ABarapaaap,140,214,301,5.4,29,101370
ABarapaaap,141,222,292,5.8,33,93064
ABarapaaap,142,221,293,5.4,29,109726
ABarapaaap,143,217,294,5.3,37,93086
ABarapaaap,144,217,294,5.2,35,102093
ABarapaaap,145,218,296,5.3,35,98615
ABarapaap,92,212,313,6.2,35,73712
ABarapaap,93,206,310,7.0,36,71304
ABarapaap,94,203,318,6.2,40,64766
ABarapaap,95,203,327,6.0,40,64587
ABarapaap,96,201,332,5.9,39,66803
ABarapaap,97,205,323,5.9,38,69587
ABarapaap,98,207,319,5.8,37,71613
ABarapaap,99,212,316,6.0,39,69186
ABarapaap,100,214,326,6.2,39,77392
ABarapaap,101,212,330,6.3,39,79741
ABarapaap,102,212,323,6.3,39,79802
ABarapaap,103,204,314,6.8,37,72884
ABarapaap,104,205,312,6.3,39,83724
ABarapaap,105,211,318,6.5,39,87822
ABarapaap,106,215,316,7.0,41,81611
ABarapaap,107,220,314,5.5,39,88573
ABarapaap,108,221,321,5.9,38,91735
ABarapaap,109,218,311,6.1,38,94171
ABarapaap,110,215,311,6.9,38,87838
ABarapaap,111,213,313,6.3,40,96295
ABarapaap,112,221,314,6.9,38,82338
ABarapaap,113,220,317,6.1,38,99035
ABarapaap,114,221,312,7.1,40,98936
ABarapaap,115,219,306,8.0,29,79816
ABarapaap,116,221,310,7.3,42,102302
ABarapaap,117,217,309,8.2,42,106781
ABarapaap,118,216,312,8.9,38,100568
ABarapaap,119,215,312,8.9,38,102706
ABarapaap,120,214,311,8.1,37,114093
ABarapaap,121,217,306,8.1,35,103236
ABarapaapa,122,204,314,8.2,33,98140
ABarapaapa,123,197,317,8.0,34,93937
ABarapaapa,124,187,322,8.9,35,87715
ABarapaapa,125,189,321,9.1,34,81772
ABarapaapa,126,186,312,9.9,34,78623
ABarapaapa,127,182,308,9.2,34,82317
ABarapaapa,128,185,312,8.5,35,84928
ABarapaapa,129,186,308,8.4,37,89577
ABarapaapa,130,190,305,8.3,35,91477
ABarapaapa,131,184,303,8.2,35,91596
ABarapaapa,132,190,304,8.3,35,90891
ABarapaapa,133,185,301,8.0,33,92946
ABarapaapa,134,186,304,7.9,33,87862
ABarapaapa,135,192,296,7.9,33,88516
ABarapaapa,136,188,303,8.1,33,95773
ABarapaapa,137,189,301,7.9,33,80866
ABarapaapa,138,191,305,7.4,35,93325
ABarapaapa,139,197,306,8.0,33,101448
ABarapaapa,140,195,300,8.1,33,100691
ABarapaapa,141,198,298,8.1,33,97301
ABarapaapa,142,203,299,8.3,33,101397
ABarapaapa,143,194,302,8.2,35,101695
ABarapaapa,144,196,300,7.9,33,100031
ABarapaapa,145,193,294,7.5,37,99298
ABarapaapp,122,242,299,8.3,35,85057
ABarapaapp,123,238,301,8.1,36,78228
ABarapaapp,124,231,305,8.0,35,74054
ABarapaapp,125,231,300,7.5,36,77124
ABarapaapp,126,226,296,8.1,36,76169
ABarapaapp,127,225,291,7.4,38,77251
ABarapaapp,128,225,293,8.1,37,80915
ABarapaapp,129,227,286,8.2,37,87972
ABarapaapp,130,228,283,8.3,37,82215
ABarapaapp,131,224,279,8.1,37,83324
ABarapaapp,132,228,278,8.3,37,83324
ABarapaapp,133,225,280,8.1,37,85378
ABarapaapp,134,228,281,8.3,37,89469
ABarapaapp,135,226,275,8.1,37,87299
ABarapaapp,136,225,274,8.1,37,84976
ABarapaapp,137,226,272,8.1,37,78864
ABarapaapp,138,226,266,8.0,37,78202
ABarapaapp,139,231,268,7.3,37,87048
ABarapaapp,140,231,266,8.1,37,87459
ABarapaapp,141,228,273,8.3,37,88554
ABarapaapp,142,232,270,8.3,37,90435
ABarapaapp,143,232,275,9.0,37,86753
ABarapaapp,144,233,272,8.3,37,88558
ABarapaapp,145,231,269,8.3,37,90347
ABarapap,67,299,364,9.0,33,19875
ABarapap,68,288,344,8.1,41,16444
ABarapap,69,294,343,8.2,48,15163
ABarapap,70,288,333,8.1,47,18405
ABarapap,71,289,345,7.2,47,19638
ABarapap,72,288,344,7.1,47,20091
ABarapap,73,293,341,7.1,47,24701
ABarapap,74,289,341,7.1,47,25510
ABarapap,75,287,337,6.8,46,24836
ABarapap,76,303,329,6.8,45,28050
ABarapap,77,308,328,6.9,45,32855
ABarapap,78,314,320,7.1,45,40664
ABarapap,79,306,327,7.1,45,38766
ABarapap,80,300,334,7.0,45,40682
ABarapap,81,290,342,7.1,45,47631
ABarapap,82,273,349,7.4,47,48533
ABarapap,83,268,355,7.3,47,50422
ABarapap,84,264,364,8.0,47,53441
ABarapap,85,262,352,8.2,47,59391
ABarapap,86,268,361,8.1,47,64982
ABarapap,87,261,359,8.2,47,66166
ABarapap,88,256,348,8.8,46,50735
ABarapapa,89,231,351,7.2,34,62368
ABarapapa,90,232,350,7.1,37,57975
ABarapapa,91,228,346,7.0,38,70071
ABarapapa,92,224,355,8.0,41,64545
ABarapapa,93,218,354,7.2,40,65331
ABarapapa,94,214,356,7.2,40,70828
ABarapapa,95,213,359,7.9,40,70111
ABarapapa,96,218,361,7.2,39,78443
ABarapapa,97,223,351,7.2,38,75966
ABarapapa,98,229,344,7.1,39,79996
ABarapapa,99,239,340,7.2,37,83252
ABarapapa,100,247,335,6.9,37,80884
ABarapapa,101,249,341,6.2,39,87397
ABarapapa,102,253,332,6.1,37,88758
ABarapapa,103,249,321,6.1,37,85354
ABarapapa,104,249,324,5.9,37,83128
ABarapapa,105,251,327,6.0,37,85575
ABarapapa,106,259,324,6.0,37,89858
ABarapapa,107,259,327,6.1,39,94751
ABarapapa,108,264,324,6.1,38,92236
ABarapapa,109,263,318,5.9,38,90186
ABarapapa,110,259,316,5.8,38,78247
ABarapapa,111,253,320,5.9,38,90732
ABarapapa,112,259,308,5.3,38,92313
ABarapapa,113,258,302,5.2,40,94705
ABarapapa,114,254,299,5.2,38,96384
ABarapapa,115,244,307,5.3,29,82164
ABarapapa,116,243,316,5.2,29,89373
ABarapapa,117,234,313,5.3,40,94426
ABarapapa,118,251,311,5.8,38,90742
ABarapapa,119,250,309,5.9,38,101493
ABarapapa,120,257,303,7.0,29,102515
ABarapapa,121,262,290,6.1,35,115980
ABarapapaa,122,248,288,5.2,31,104710
ABarapapaa,123,237,287,5.1,32,91215
ABarapapaa,124,232,277,5.1,35,86309
ABarapapaa,125,224,271,5.7,34,77504
ABarapapaa,126,222,267,5.0,34,89304
ABarapapaa,127,220,262,5.0,34,86071
ABarapapaa,128,219,260,5.2,33,88483
ABarapapaa,129,218,259,5.3,35,85103
ABarapapaa,130,219,256,5.1,33,97185
ABarapapaa,131,225,266,5.9,33,87191
ABarapapaa,132,221,257,5.1,33,82912
ABarapapaa,133,221,259,5.0,33,91713
ABarapapaa,134,225,265,5.0,35,91238
ABarapapaa,135,229,260,5.1,35,92458
ABarapapaa,136,229,260,5.1,35,85329
ABarapapaa,137,229,256,5.1,35,96203
ABarapapaa,138,229,256,5.1,35,97750
ABarapapaa,139,239,258,5.1,37,95789
ABarapapaa,140,238,256,5.0,35,91207
ABarapapaa,141,239,255,5.1,35,94978
ABarapapaa,142,243,260,5.1,35,90051
ABarapapaa,143,240,267,5.2,35,95626
ABarapapaa,144,241,262,5.1,29,115021
ABarapapaa,145,239,263,5.8,33,96062
ABarapapap,122,289,284,5.3,29,95783
ABarapapap,123,284,290,5.3,32,84282
ABarapapap,124,275,296,6.1,35,90494
ABarapapap,125,271,296,5.9,34,80628
ABarapapap,126,266,290,5.8,34,80592
ABarapapap,127,261,277,5.1,34,86318
ABarapapap,128,262,277,4.9,33,96916
ABarapapap,129,262,277,4.9,33,101528
ABarapapap,130,262,276,4.9,33,97174
ABarapapap,131,262,276,5.0,33,98786
ABarapapap,132,262,275,5.0,33,107578
ABarapapap,133,262,274,5.0,33,99234
ABarapapap,134,267,269,5.0,31,88074
ABarapapap,135,273,263,5.0,29,95511
ABarapapap,136,270,265,5.1,37,92592
ABarapapap,137,271,263,5.1,37,92750
ABarapapap,138,275,266,5.1,37,96677
ABarapapap,139,284,270,4.7,37,90907
ABarapapap,140,279,262,5.1,37,83478
ABarapapap,141,282,259,5.0,37,89344
ABarapapap,142,287,259,5.1,37,85953
ABarapapap,143,282,262,5.1,37,88722
ABarapapap,144,283,257,5.2,37,94702
ABarapapap,145,278,263,5.3,37,88982
ABarapapp,89,280,330,7.1,34,71294
ABarapapp,90,281,312,6.2,35,62821
ABarapapp,91,280,306,6.3,40,60114
ABarapapp,92,280,297,6.8,41,52945
ABarapapp,93,278,295,6.1,40,60084
ABarapapp,94,281,308,6.2,40,63649
ABarapapp,95,278,313,6.1,40,70871
ABarapapp,96,281,313,6.2,39,69574
ABarapapp,97,277,320,6.8,38,64747
ABarapapp,98,284,315,6.3,39,71375
ABarapapp,99,288,309,6.1,41,73644
ABarapapp,100,297,312,6.3,41,74912
ABarapapp,101,296,304,6.2,39,77384
ABarapapp,102,294,295,6.2,39,78278
ABarapapp,103,295,288,6.2,41,81793
ABarapapp,104,289,297,6.3,41,84769
ABarapapp,105,297,302,6.4,41,80187
ABarapapp,106,304,308,7.1,41,85002
ABarapapp,107,304,312,7.1,41,86261
ABarapapp,108,311,313,7.2,40,90096
ABarapapp,109,305,318,7.2,40,95770
ABarapapp,110,304,313,6.3,40,91022
ABarapapp,111,296,313,6.4,40,96671
ABarapapp,112,298,311,7.0,40,93457
ABarapapp,113,298,310,7.3,40,93211
ABarapapp,114,291,305,7.2,42,97012
ABarapapp,115,284,305,7.8,38,95783
ABarapapp,116,280,311,8.0,30,108316
ABarapappa,117,258,307,7.4,34,74406
ABarapappa,118,260,307,8.2,34,83869
ABarapappa,119,259,307,9.0,34,86344
ABarapappa,120,263,309,9.1,37,91909
ABarapappa,121,266,317,9.8,37,69163
ABarapappa,122,275,313,8.8,37,74067
ABarapappa,123,274,317,8.9,36,76621
ABarapappa,124,270,319,9.0,35,82815
ABarapappa,125,274,317,8.9,34,86037
ABarapappa,126,269,307,8.1,34,96263
ABarapappa,127,264,306,8.0,34,94317
ABarapappa,128,262,303,8.0,33,101349
ABarapappa,129,261,293,8.0,33,94931
ABarapappa,130,258,290,7.9,33,106346
ABarapappa,131,260,289,7.2,33,102891
ABarapappa,132,262,287,7.2,33,100460
ABarapappa,133,260,285,7.1,33,100098
ABarapappa,134,265,290,7.2,37,93910
ABarapappa,135,268,282,7.2,29,105151
ABarapappa,136,264,283,6.4,37,96552
ABarapappa,137,264,280,7.1,35,101807
ABarapappa,138,268,282,7.1,37,95186
ABarapappa,139,266,288,7.3,37,91944
ABarapappa,140,263,287,7.4,35,101925
ABarapappa,141,268,283,7.3,35,93729
ABarapappa,142,270,279,7.2,37,90417
ABarapappa,143,266,287,7.3,35,92436
ABarapappa,144,265,285,7.3,35,89542
ABarapappa,145,261,289,7.4,35,95045
ABarapappp,117,306,303,7.4,30,85605
ABarapappp,118,318,303,7.2,30,83912
ABarapappp,119,315,304,7.4,36,75887
ABarapappp,120,313,295,7.9,37,73245
ABarapappp,121,319,301,7.2,37,73497
ABarapappp,122,330,306,7.1,41,66092
ABarapappp,123,322,308,7.0,36,76529
ABarapappp,124,313,311,7.1,35,79830
ABarapappp,125,315,311,6.2,38,67788
ABarapappp,126,307,307,6.2,38,76159
ABarapappp,127,311,310,6.2,38,72826
ABarapappp,128,315,313,6.2,37,80476
ABarapappp,129,309,306,7.1,37,73430
ABarapappp,130,311,307,7.2,37,77958
ABarapappp,131,310,307,7.2,37,78980
ABarapappp,132,316,303,7.1,37,72844
ABarapappp,133,312,304,6.4,37,81287
ABarapappp,134,323,303,7.2,37,77762
ABarapappp,135,323,300,7.1,37,78000
ABarapappp,136,319,302,7.3,37,75124
ABarapappp,137,316,299,6.4,37,73727
ABarapappp,138,311,302,7.3,37,78206
ABarapappp,139,319,306,8.1,37,76423
ABarapappp,140,310,297,7.3,37,80772
ABarapappp,141,314,292,6.4,37,78742
ABarapappp,142,314,293,7.2,37,80987
ABarapappp,143,312,293,7.1,37,78253
ABarapappp,144,311,293,7.2,37,73771
ABarapappp,145,309,289,7.0,37,74504
ABarapp,46,324,327,9.5,58,-220
ABarapp,47,329,326,8.8,54,-141
ABarapp,48,332,324,8.7,52,-56
ABarapp,49,338,314,7.9,51,380
ABarapp,50,343,332,7.8,51,1056
ABarapp,51,339,339,7.9,50,-15
ABarapp,52,339,339,7.4,49,572
ABarapp,53,341,343,7.9,49,249
ABarapp,54,345,336,7.2,50,1490
ABarapp,55,339,333,8.1,48,2163
ABarapp,56,334,344,8.0,51,1923
ABarapp,57,328,339,7.4,53,3060
ABarapp,58,332,342,8.1,51,4045
ABarapp,59,343,340,7.8,51,4314
ABarapp,60,336,352,8.1,53,5340
ABarapp,61,334,345,8.0,52,5821
ABarapp,62,341,345,7.9,51,10173
ABarapp,63,355,344,8.3,52,9924
ABarapp,64,356,338,8.9,51,13769
ABarapp,65,349,333,8.9,52,13612
ABarapp,66,347,328,8.1,53,10675
ABarappa,67,340,351,7.9,50,10439
ABarappa,68,333,337,7.1,41,16230
ABarappa,69,334,340,7.1,42,19748
ABarappa,70,330,341,7.8,47,17211
ABarappa,71,335,356,7.3,45,20899
ABarappa,72,333,356,7.8,47,21634
ABarappa,73,336,362,8.0,47,21899
ABarappa,74,335,360,7.2,47,25493
ABarappa,75,330,355,7.2,46,30616
ABarappa,76,338,358,7.9,45,30484
ABarappa,77,339,359,8.1,45,35777
ABarappa,78,339,357,9.0,45,38207
ABarappa,79,330,369,8.9,45,42002
ABarappa,80,320,367,9.9,45,45144
ABarappa,81,319,377,9.0,45,48552
ABarappa,82,309,373,8.1,45,50868
ABarappa,83,311,372,8.9,45,55543
ABarappa,84,311,374,8.1,45,55877
ABarappa,85,311,371,8.1,45,59421
ABarappa,86,317,377,8.0,45,59946
ABarappa,87,313,380,8.0,45,63392
ABarappa,88,314,383,7.1,46,63914
ABarappa,89,307,379,7.1,46,68583
ABarappa,90,305,369,6.3,47,75732
ABarappa,91,300,365,6.3,46,76590
ABarappa,92,298,364,8.0,41,80463
ABarappaa,93,271,356,9.1,40,61275
ABarappaa,94,262,357,10.0,40,52132
ABarappaa,95,262,362,9.8,40,52705
ABarappaa,96,254,365,10.0,39,67776
ABarappaa,97,257,359,10.1,38,79395
ABarappaa,98,257,369,9.1,37,81374
ABarappaa,99,259,365,9.1,37,83894
ABarappaa,100,264,367,9.9,37,85199
ABarappaa,101,268,355,9.1,37,88383
ABarappaa,102,266,353,9.1,37,96036
ABarappaa,103,262,355,8.9,37,90143
ABarappaa,104,264,360,7.8,37,90348
ABarappaa,105,269,362,7.1,37,96176
ABarappaa,106,270,358,8.0,37,91455
ABarappaa,107,270,354,9.0,37,97096
ABarappaa,108,269,355,8.9,38,89781
ABarappaa,109,258,356,7.3,29,101597
ABarappaa,110,268,352,7.1,29,108720
ABarappaa,111,271,353,7.0,38,83104
ABarappaa,112,278,350,6.1,38,95079
ABarappaa,113,279,348,6.1,38,98088
ABarappaa,114,274,352,5.9,38,97946
ABarappaa,115,274,356,6.0,38,99982
ABarappaa,116,280,359,5.8,38,95154
ABarappaa,117,281,350,5.9,38,99352
ABarappaa,118,281,348,5.8,38,96977
ABarappaa,119,282,345,5.9,38,99329
ABarappaa,120,285,339,5.9,37,93478
ABarappaa,121,285,330,5.4,39,104878
ABarappaa,122,281,327,5.3,39,111063
ABarappaa,123,275,330,5.2,40,101550
ABarappaa,124,262,329,5.2,39,103033
ABarappaa,125,262,332,5.3,38,106324
ABarappaa,126,258,330,5.5,38,115218
ABarappaa,127,254,327,6.1,36,104239
ABarappaa,128,255,326,6.0,37,106899
ABarappaa,129,262,328,6.9,33,84412
ABarappaa,130,264,324,5.9,33,113242
ABarappaaa,131,244,314,5.8,33,77016
ABarappaaa,132,246,309,5.8,33,68247
ABarappaaa,133,248,307,5.8,33,75939
ABarappaaa,134,252,315,5.7,33,88367
ABarappaaa,135,255,308,5.8,33,79860
ABarappaaa,136,254,311,5.8,33,78825
ABarappaaa,137,256,304,5.2,29,108131
ABarappaaa,138,256,307,5.4,29,107852
ABarappaaa,139,259,308,5.4,29,95881
ABarappaaa,140,256,308,6.1,37,88795
ABarappaaa,141,260,305,5.9,33,91541
ABarappaaa,142,260,304,5.9,33,81353
ABarappaaa,143,253,309,5.3,35,91378
ABarappaaa,144,256,311,6.0,33,88317
ABarappaaa,145,257,308,5.4,37,86983
ABarappaap,131,288,327,7.0,33,89107
ABarappaap,132,291,324,6.1,33,92438
ABarappaap,133,288,321,5.7,33,82801
ABarappaap,134,291,324,5.8,33,74581
ABarappaap,135,292,316,5.1,33,97227
ABarappaap,136,289,318,5.1,33,96145
ABarappaap,137,288,315,5.1,33,89410
ABarappaap,138,290,314,5.1,33,95831
ABarappaap,139,294,313,5.1,33,96123
ABarappaap,140,291,307,4.5,35,89492
ABarappaap,141,292,308,5.0,33,94981
ABarappaap,142,293,303,5.2,29,110815
ABarappaap,143,290,306,5.0,33,87896
ABarappaap,144,291,309,5.3,29,104179
ABarappaap,145,292,305,5.2,29,107796
ABarappap,93,294,353,7.0,29,82598
ABarappap,94,307,350,6.2,38,62891
ABarappap,95,307,350,6.9,40,59180
ABarappap,96,312,343,6.2,39,74730
ABarappap,97,319,341,6.8,38,62511
ABarappap,98,319,340,6.0,39,68622
ABarappap,99,320,342,6.0,37,68233
ABarappap,100,320,348,6.2,39,77965
ABarappap,101,324,339,6.8,37,75170
ABarappap,102,321,341,6.0,39,76777
ABarappap,103,309,339,6.2,37,88492
ABarappap,104,313,337,6.3,39,82465
ABarappap,105,322,336,7.0,37,83608
ABarappap,106,329,347,6.3,39,88303
ABarappap,107,319,350,7.1,39,84016
ABarappap,108,317,358,6.3,40,84380
ABarappap,109,319,358,6.2,40,91298
ABarappap,110,318,356,7.0,38,86612
ABarappap,111,321,356,6.9,38,83789
ABarappap,112,323,355,7.0,38,89213
ABarappap,113,317,356,7.1,40,85445
ABarappap,114,316,356,6.2,40,93396
ABarappap,115,319,356,5.5,40,92904
ABarappap,116,327,357,6.1,40,96286
ABarappap,117,332,352,6.1,42,95235
ABarappap,118,332,360,6.0,40,93310
ABarappap,119,333,364,5.5,40,98765
ABarappap,120,331,360,5.4,41,96759
ABarappap,121,340,360,5.3,41,101321
ABarappap,122,342,360,5.2,41,102346
ABarappap,123,332,365,5.5,40,109859
ABarappap,124,322,368,6.3,39,104265
ABarappap,125,324,364,6.8,34,97770
ABarappap,126,314,362,6.3,38,86052
ABarappapa,127,287,359,6.9,27,90324
ABarappapa,128,284,361,6.2,35,84393
ABarappapa,129,283,366,6.3,35,85244
ABarappapa,130,287,368,6.1,29,97692
ABarappapa,131,295,369,5.0,33,92225
ABarappapa,132,295,368,5.0,33,91784
ABarappapa,133,295,366,5.0,33,88151
ABarappapa,134,296,364,5.0,33,94223
ABarappapa,135,299,361,5.1,34,86662
ABarappapa,136,302,358,5.3,35,88002
ABarappapa,137,306,355,5.4,37,88449
ABarappapa,138,301,356,5.4,37,82898
ABarappapa,139,306,356,5.3,35,89187
ABarappapa,140,298,349,5.3,37,81992
ABarappapa,141,304,352,5.3,37,85498
ABarappapa,142,310,344,5.2,37,85012
ABarappapa,143,309,344,5.2,37,78606
ABarappapa,144,309,346,5.3,37,80869
ABarappapa,145,301,345,5.2,37,86951
ABarappapp,127,342,363,6.0,33,85761
ABarappapp,128,340,359,6.5,31,84591
ABarappapp,129,338,355,7.0,29,85664
ABarappapp,130,340,351,6.1,35,87907
ABarappapp,131,347,359,5.9,33,77497
ABarappapp,132,351,365,5.3,35,83762
ABarappapp,133,351,362,5.3,35,87602
ABarappapp,134,345,365,5.8,33,79218
ABarappapp,135,351,365,5.8,33,80443
ABarappapp,136,347,356,5.3,35,94226
ABarappapp,137,350,363,5.4,35,93617
ABarappapp,138,350,360,5.1,37,83874
ABarappapp,139,358,363,5.1,37,87241
ABarappapp,140,351,357,5.2,33,89585
ABarappapp,141,357,349,5.1,37,93856
ABarappapp,142,358,363,5.3,37,91800
ABarappapp,143,353,367,5.4,37,95675
ABarappapp,144,356,363,5.3,37,98113
ABarappapp,145,355,361,5.3,37,99324
ABarappp,67,385,307,8.1,48,11151
ABarappp,68,386,305,7.3,41,15918
ABarappp,69,406,310,8.1,46,15876
ABarappp,70,404,314,7.0,45,16842
ABarappp,71,395,317,7.0,47,21275
ABarappp,72,397,323,7.2,47,23046
ABarappp,73,401,328,7.8,47,21706
ABarappp,74,401,335,7.2,47,24824
ABarappp,75,402,339,7.9,46,28352
ABarappp,76,412,352,8.0,45,32399
ABarappp,77,406,355,8.9,45,34362
ABarappp,78,403,354,9.9,45,36733
ABarappp,79,391,368,9.0,45,39541
ABarappp,80,382,369,9.2,47,44707
ABarappp,81,370,373,10.0,47,39894
ABarappp,82,365,376,9.3,47,46195
ABarappp,83,364,384,9.3,47,49874
ABarappp,84,363,389,10.0,47,52821
ABarappp,85,366,381,9.2,47,54329
ABarappp,86,367,388,10.2,47,63817
ABarappp,87,371,386,10.9,45,60390
ABarappp,88,360,383,10.9,46,68229
ABarappp,89,358,376,10.1,38,79184
ABarapppa,90,325,372,11.1,37,56868
ABarapppa,91,308,362,11.1,40,50480
ABarapppa,92,298,361,12.0,41,51111
ABarapppa,93,288,367,13.0,40,54965
ABarapppa,94,287,375,12.0,40,55249
ABarapppa,95,292,388,10.1,40,69858
ABarapppa,96,289,394,9.8,39,74452
ABarapppa,97,293,396,9.1,38,80398
ABarapppa,98,297,398,9.3,39,81991
ABarapppa,99,298,399,9.4,39,85588
ABarapppa,100,298,403,10.1,39,89180
ABarapppa,101,295,399,9.2,39,91342
ABarapppa,102,292,395,8.5,39,89879
ABarapppa,103,292,390,8.9,37,91949
ABarapppa,104,295,391,8.3,39,82974
ABarapppa,105,297,394,8.2,41,79427
ABarapppa,106,293,393,8.2,41,87371
ABarapppa,107,289,392,9.1,41,89059
ABarapppa,108,280,390,8.6,42,91490
ABarapppa,109,268,383,9.1,40,100790
ABarapppa,110,262,381,8.5,40,100997
ABarapppa,111,252,375,8.9,38,97661
ABarapppa,112,249,366,8.9,38,97857
ABarapppa,113,246,364,8.8,38,89466
ABarapppa,114,248,370,8.2,40,102253
ABarapppa,115,249,378,8.9,38,98199
ABarapppa,116,248,377,8.4,42,105874
ABarapppa,117,250,371,8.2,40,102016
ABarapppa,118,244,367,8.2,38,104241
ABarapppa,119,243,363,8.1,38,105767
ABarapppa,120,242,357,8.1,37,99745
ABarapppa,121,243,352,7.0,37,89536
ABarapppa,122,240,356,7.1,33,110451
ABarapppaa,123,208,359,6.3,30,85931
ABarapppaa,124,199,365,7.1,31,88793
ABarapppaa,125,204,357,6.8,34,67424
ABarapppaa,126,199,347,6.8,34,64717
ABarapppaa,127,198,338,5.9,34,83428
ABarapppaa,128,204,338,6.0,33,87847
ABarapppaa,129,199,333,6.0,33,85557
ABarapppaa,130,204,330,5.5,35,82690
ABarapppaa,131,198,332,5.3,35,88575
ABarapppaa,132,204,331,5.8,33,83790
ABarapppaa,133,202,336,6.1,35,94842
ABarapppaa,134,196,340,5.9,33,105213
ABarapppaa,135,200,334,6.0,29,98006
ABarapppaa,136,200,344,5.9,33,101398
ABarapppaa,137,208,352,7.1,35,86039
ABarapppaa,138,199,359,7.1,33,93895
ABarapppaa,139,203,354,8.0,33,89021
ABarapppaa,140,197,350,8.1,33,97508
ABarapppaa,141,202,347,7.2,33,94328
ABarapppaa,142,202,348,7.2,33,97025
ABarapppaa,143,198,350,6.8,33,92261
ABarapppaa,144,207,353,6.9,33,91097
ABarapppaa,145,199,356,6.8,33,91009
ABarapppap,123,250,358,6.8,27,104436
ABarapppap,124,238,358,7.0,33,72861
ABarapppap,125,239,356,6.2,34,81648
ABarapppap,126,236,352,6.1,34,89033
ABarapppap,127,230,349,5.9,34,75588
ABarapppap,128,230,359,6.0,33,87561
ABarapppap,129,229,348,5.8,33,70957
ABarapppap,130,229,351,6.1,35,80375
ABarapppap,131,230,349,6.3,35,87040
ABarapppap,132,230,352,6.2,35,79998
ABarapppap,133,233,343,5.5,35,81269
ABarapppap,134,231,340,5.9,33,83279
ABarapppap,135,229,332,5.3,29,87368
ABarapppap,136,233,332,5.3,35,75713
ABarapppap,137,235,325,5.2,37,79618
ABarapppap,138,230,325,5.3,35,83048
ABarapppap,139,230,331,5.3,35,80076
ABarapppap,140,232,331,5.4,37,74862
ABarapppap,141,237,336,6.0,33,79821
ABarapppap,142,240,338,6.1,33,95949
ABarapppap,143,235,348,6.1,33,91066
ABarapppap,144,242,343,5.9,33,81728
ABarapppap,145,235,346,5.3,29,101038
ABarapppp,90,372,371,9.1,35,62873
ABarapppp,91,365,373,9.2,38,55681
ABarapppp,92,354,370,9.8,41,55801
ABarapppp,93,337,371,9.0,40,57262
ABarapppp,94,342,382,9.0,40,60655
ABarapppp,95,348,389,9.1,40,68098
ABarapppp,96,343,378,9.0,39,69062
ABarapppp,97,346,376,8.9,38,70985
ABarapppp,98,345,374,8.2,39,77142
ABarapppp,99,343,368,8.4,39,77928
ABarapppp,100,342,376,9.2,39,80957
ABarapppp,101,336,378,9.0,39,75527
ABarapppp,102,334,377,9.0,41,75876
ABarapppp,103,331,374,8.5,41,76932
ABarapppp,104,327,371,9.2,41,78590
ABarapppp,105,328,372,10.1,41,86004
ABarapppp,106,324,371,10.2,41,86546
ABarapppp,107,324,380,10.4,41,84799
ABarapppp,108,323,381,10.4,40,95891
ABarapppp,109,316,385,10.1,42,89618
ABarapppp,110,313,385,10.1,40,91756
ABarapppp,111,304,384,10.1,42,85319
ABarapppp,112,301,385,9.3,42,89353
ABarapppp,113,295,385,9.3,42,88474
ABarapppp,114,296,383,9.3,42,92836
ABarapppp,115,299,386,9.2,40,94254
ABarapppp,116,302,391,9.1,40,103940
ABarapppp,117,299,380,9.3,40,105209
ABarapppp,118,288,377,9.1,40,103727
ABarapppp,119,295,372,8.9,38,106723
ABarapppp,120,293,370,10.0,37,83126
ABarapppp,121,293,365,9.0,35,109506
ABarappppa,122,274,360,7.4,33,72948
ABarappppa,123,275,357,7.3,34,76293
ABarappppa,124,270,358,7.9,35,72842
ABarappppa,125,271,353,7.9,34,74906
ABarappppa,126,269,363,7.2,34,75140
ABarappppa,127,260,363,8.0,34,75334
ABarappppa,128,257,374,8.0,35,82280
ABarappppa,129,250,372,7.9,33,86403
ABarappppa,130,251,371,7.9,33,80549
ABarappppa,131,255,367,7.0,33,86570
ABarappppa,132,256,361,6.9,33,81872
ABarappppa,133,256,356,6.5,35,87959
ABarappppa,134,255,359,7.1,33,87513
ABarappppa,135,257,351,6.2,35,76586
ABarappppa,136,263,354,6.1,33,96198
ABarappppa,137,264,354,6.2,35,90268
ABarappppa,138,260,343,7.0,33,81861
ABarappppa,139,262,346,6.4,35,79045
ABarappppa,140,261,346,7.0,35,83506
ABarappppa,141,267,345,6.9,33,81862
ABarappppa,142,273,338,7.1,33,83665
ABarappppa,143,268,340,7.0,33,85082
ABarappppa,144,269,345,7.2,33,88434
ABarappppa,145,258,346,7.1,33,88657
ABarappppp,122,323,371,9.0,35,73904
ABarappppp,123,317,376,9.8,36,71328
ABarappppp,124,306,375,9.0,35,89431
ABarappppp,125,306,373,9.9,34,77283
ABarappppp,126,297,377,10.1,34,82146
ABarappppp,127,299,380,9.9,34,68331
ABarappppp,128,297,383,9.2,35,78329
ABarappppp,129,294,381,9.3,35,86797
ABarappppp,130,300,379,8.4,37,84882
ABarappppp,131,299,373,8.3,37,83098
ABarappppp,132,296,369,8.3,37,92092
ABarappppp,133,296,369,8.3,37,90892
ABarappppp,134,291,370,8.3,37,86374
ABarappppp,135,290,366,8.2,37,87518
ABarappppp,136,295,371,8.3,37,85895
ABarappppp,137,298,380,8.1,37,79000
ABarappppp,138,294,375,8.0,37,79416
ABarappppp,139,300,374,7.4,37,80096
ABarappppp,140,295,370,7.3,37,83288
ABarappppp,141,305,372,7.4,37,83224
ABarappppp,142,305,369,7.6,37,88234
ABarappppp,143,301,374,7.1,35,88522
ABarappppp,144,302,378,7.1,37,76783
ABarappppp,145,300,371,7.3,37,85554
ABarp,18,298,367,18.6,66,430
ABarp,19,298,362,19.7,59,595
ABarp,20,303,353,20.9,52,-210
ABarp,21,292,345,23.0,54,-242
ABarp,22,289,339,22.1,42,167
ABarp,23,292,342,23.0,65,-426
ABarp,24,295,357,22.1,60,-237
ABarp,25,308,375,21.0,62,-1028
ABarp,26,310,372,21.6,60,-406
ABarp,27,301,366,21.8,62,28
ABarp,28,313,351,20.1,36,873
ABarpa,29,284,357,20.1,34,183
ABarpa,30,288,365,20.0,45,-829
ABarpa,31,276,369,20.1,51,-13
ABarpa,32,259,370,20.2,52,-407
ABarpa,33,250,372,20.1,59,-714
ABarpa,34,244,376,20.0,59,-121
ABarpa,35,250,370,19.2,61,-567
ABarpa,36,241,367,20.2,62,-517
ABarpa,37,246,368,20.2,64,-569
ABarpa,38,247,366,20.3,64,-144
ABarpa,39,247,373,20.9,62,-512
ABarpa,40,232,375,20.0,64,165
ABarpa,41,234,380,19.3,65,-321
ABarpa,42,242,372,19.3,64,-502
ABarpa,43,258,361,20.0,61,-881
ABarpa,44,265,354,20.8,61,143
ABarpa,45,261,358,20.8,61,-548
ABarpa,46,244,365,18.8,58,304
ABarpaa,47,207,366,19.3,54,-93
ABarpaa,48,211,374,19.0,52,-645
ABarpaa,49,201,374,19.1,51,-39
ABarpaa,50,187,377,19.0,51,-942
ABarpaa,51,178,369,19.2,50,-279
ABarpaa,52,188,376,19.0,49,-364
ABarpaa,53,198,375,20.0,49,398
ABarpaa,54,203,381,20.0,50,956
ABarpaa,55,204,380,20.1,50,396
ABarpaa,56,207,374,19.3,51,2087
ABarpaa,57,199,373,19.4,51,1941
ABarpaa,58,202,378,19.1,53,2428
ABarpaa,59,210,379,18.3,53,3499
ABarpaa,60,209,379,18.2,53,6159
ABarpaa,61,205,368,19.3,54,6231
ABarpaa,62,208,373,19.2,53,4617
ABarpaa,63,206,374,18.4,54,9007
ABarpaa,64,211,372,18.2,55,9000
ABarpaa,65,208,367,18.2,54,10141
ABarpaa,66,203,369,18.1,51,11167
ABarpaaa,67,188,372,16.0,50,10608
ABarpaaa,68,176,365,15.0,45,12016
ABarpaaa,69,169,384,14.5,42,15850
ABarpaaa,70,149,373,14.0,45,18065
ABarpaaa,71,135,367,14.1,47,22130
ABarpaaa,72,146,374,14.9,47,22171
ABarpaaa,73,149,371,14.9,47,22949
ABarpaaa,74,150,371,15.0,47,24793
ABarpaaa,75,155,368,15.0,46,30746
ABarpaaa,76,156,373,15.9,45,32043
ABarpaaa,77,153,371,16.0,45,34209
ABarpaaa,78,155,374,16.9,45,41660
ABarpaaa,79,160,371,18.0,45,44528
ABarpaaa,80,160,369,19.9,45,44481
ABarpaaa,81,156,366,20.0,45,45823
ABarpaaa,82,151,359,20.3,47,47619
ABarpaaa,83,154,361,20.4,47,52926
ABarpaaa,84,153,354,22.1,47,49670
ABarpaaa,85,158,358,22.1,47,55403
ABarpaaa,86,161,358,22.1,47,56381
ABarpaaa,87,166,356,22.9,45,56518
ABarpaaa,88,172,355,23.0,46,52058
ABarpaaa,89,176,353,23.1,46,50585
ABarpaaa,90,189,347,24.0,45,47875
ABarpaaa,91,189,325,24.2,46,42445
ABarpaaa,92,192,320,25.0,45,45476
ABarpaaa,93,190,293,24.2,44,44148
ABarpaaa,94,187,282,24.1,44,52131
ABarpaaa,95,190,271,24.1,44,54795
ABarpaaa,96,183,273,23.2,43,61146
ABarpaaa,97,181,268,23.1,42,67170
ABarpaaa,98,174,273,22.9,37,66071
ABarpaaaa,99,161,274,22.1,37,47447
ABarpaaaa,100,144,274,23.9,37,51223
ABarpaaaa,101,151,274,23.1,37,54448
ABarpaaaa,102,151,269,23.1,37,61218
ABarpaaaa,103,140,264,24.0,37,61271
ABarpaaaa,104,141,259,23.2,39,66817
ABarpaaaa,105,139,259,24.1,37,74794
ABarpaaaa,106,132,245,24.1,37,84566
ABarpaaaa,107,135,236,24.1,39,74850
ABarpaaaa,108,130,238,23.2,40,73461
ABarpaaaa,109,135,244,23.9,38,82489
ABarpaaaa,110,129,245,24.0,38,93051
ABarpaaaa,111,131,243,24.0,38,89717
ABarpaaaa,112,132,249,24.0,38,85879
ABarpaaaa,113,131,255,24.1,38,85097
ABarpaaaa,114,137,260,24.1,38,85840
ABarpaaaa,115,136,251,25.0,38,88637
ABarpaaaa,116,140,254,25.0,38,86321
ABarpaaaa,117,139,251,24.8,38,80124
ABarpaaaa,118,141,236,24.0,38,95483
ABarpaaaa,119,143,240,24.0,40,96000
ABarpaaaa,120,137,248,24.2,41,95459
ABarpaaaa,121,135,257,24.2,41,90850
ABarpaaaa,122,134,254,25.0,41,93487
ABarpaaaa,123,131,253,25.1,40,99071
ABarpaaaa,124,137,248,25.1,39,94497
ABarpaaaa,125,140,253,25.1,38,97211
ABarpaaaa,126,149,263,24.2,38,93334
ABarpaaaa,127,168,265,24.1,38,88327
ABarpaaaa,128,164,260,24.0,37,88083
ABarpaaaa,129,163,263,24.1,37,94602
ABarpaaaa,130,164,261,24.1,37,93340
ABarpaaaa,131,163,264,24.1,37,103586
ABarpaaaa,132,156,267,24.1,37,113106
ABarpaaaa,133,154,265,24.2,37,110900
ABarpaaaa,134,156,269,24.2,37,112065
ABarpaaaa,135,151,265,23.1,37,86531
ABarpaaaa,136,146,267,23.2,33,117032
ABarpaaaaa,137,134,281,22.9,33,95649
ABarpaaaaa,138,131,284,22.3,37,89807
ABarpaaaaa,139,133,292,22.1,37,91435
ABarpaaaaa,140,126,280,22.4,37,83642
ABarpaaaaa,141,128,289,23.3,37,87291
ABarpaaaaa,142,124,282,23.9,33,98348
ABarpaaaaa,143,128,278,23.3,37,91558
ABarpaaaaa,144,133,280,23.3,35,90513
ABarpaaaaa,145,126,274,23.2,35,98048
ABarpaaaap,137,158,243,24.1,35,72215
ABarpaaaap,138,165,245,23.8,33,78306
ABarpaaaap,139,165,250,23.9,33,86185
ABarpaaaap,140,164,244,24.2,35,73196
ABarpaaaap,141,167,248,24.1,35,65813
ABarpaaaap,142,170,246,23.2,37,50376
ABarpaaaap,143,167,246,24.0,35,75436
ABarpaaaap,144,166,248,24.1,37,65650
ABarpaaaap,145,164,246,24.2,37,67497
ABarpaaap,99,196,266,23.0,37,47599
ABarpaaap,100,202,257,24.0,37,48613
ABarpaaap,101,203,253,23.8,37,52575
ABarpaaap,102,200,245,23.9,37,58662
ABarpaaap,103,198,238,24.1,37,49346
ABarpaaap,104,196,244,24.1,37,56404
ABarpaaap,105,194,243,23.1,37,61897
ABarpaaap,106,188,240,23.8,37,59307
ABarpaaap,107,187,229,23.1,37,68436
ABarpaaap,108,177,233,23.0,38,69689
ABarpaaap,109,180,232,23.1,38,77148
ABarpaaap,110,174,236,23.9,38,70016
ABarpaaap,111,174,239,23.1,38,77096
ABarpaaap,112,177,241,23.0,38,73915
ABarpaaap,113,176,247,23.0,38,73809
ABarpaaap,114,175,245,23.1,38,75133
ABarpaaap,115,175,238,23.1,38,73286
ABarpaaap,116,175,238,23.9,38,72757
ABarpaaap,117,175,239,24.0,38,81478
ABarpaaap,118,183,235,24.0,38,86664
ABarpaaap,119,184,242,23.9,38,87726
ABarpaaap,120,181,246,23.2,39,92811
ABarpaaap,121,175,255,23.9,37,90067
ABarpaaap,122,180,253,24.0,37,88988
ABarpaaap,123,181,251,23.1,38,82193
ABarpaaap,124,187,249,23.2,37,87698
ABarpaaap,125,196,251,23.2,36,91748
ABarpaaap,126,208,257,22.2,36,83990
ABarpaaap,127,215,255,22.3,38,79615
ABarpaaap,128,209,260,23.3,37,89804
ABarpaaap,129,205,266,23.3,37,90291
ABarpaaap,130,201,267,24.0,37,87508
ABarpaaap,131,200,274,23.3,37,92876
ABarpaaap,132,194,273,23.3,37,96202
ABarpaaap,133,196,271,23.2,35,97649
ABarpaaap,134,197,275,23.2,35,100879
ABarpaaap,135,193,271,23.0,33,85025
ABarpaaapa,136,180,288,22.2,33,78807
ABarpaaapa,137,174,285,22.8,33,81757
ABarpaaapa,138,172,289,22.1,33,88292
ABarpaaapa,139,174,286,22.2,37,78675
ABarpaaapa,140,174,281,22.1,37,77401
ABarpaaapa,141,174,284,23.0,37,72538
ABarpaaapa,142,178,281,23.2,37,78543
ABarpaaapa,143,179,281,23.2,37,77877
ABarpaaapa,144,180,281,23.3,37,68945
ABarpaaapa,145,179,279,23.4,37,70451
ABarpaaapp,136,207,265,24.0,33,72916
ABarpaaapp,137,208,265,24.9,33,63956
ABarpaaapp,138,201,271,24.9,33,67098
ABarpaaapp,139,201,270,24.2,35,62891
ABarpaaapp,140,196,266,24.2,35,63979
ABarpaaapp,141,202,268,24.9,33,77128
ABarpaaapp,142,199,263,25.0,33,81612
ABarpaaapp,143,199,262,24.9,33,84881
ABarpaaapp,144,205,263,25.0,33,84027
ABarpaaapp,145,203,266,24.3,35,68754
ABarpaap,67,222,368,20.1,50,6860
ABarpaap,68,226,367,19.9,49,8346
ABarpaap,69,237,376,20.1,48,9356
ABarpaap,70,241,376,19.2,47,13826
ABarpaap,71,231,377,18.9,47,16010
ABarpaap,72,227,384,19.2,47,17468
ABarpaap,73,227,380,19.2,47,19414
ABarpaap,74,223,378,19.1,47,22210
ABarpaap,75,221,379,19.2,46,22900
ABarpaap,76,228,380,20.0,45,23016
ABarpaap,77,226,371,20.0,45,26192
ABarpaap,78,230,368,20.9,45,26493
ABarpaap,79,226,370,21.9,45,26661
ABarpaap,80,225,349,22.1,49,27881
ABarpaap,81,227,344,23.2,49,24300
ABarpaap,82,228,329,23.2,49,25664
ABarpaap,83,224,340,23.2,49,29352
ABarpaap,84,223,332,23.3,49,31883
ABarpaap,85,223,329,23.2,47,31027
ABarpaap,86,222,328,24.1,49,34480
ABarpaap,87,232,330,24.0,49,31533
ABarpaap,88,239,331,23.2,50,33381
ABarpaap,89,245,323,23.9,46,35406
ABarpaap,90,263,317,23.1,49,35725
ABarpaap,91,265,297,23.2,48,34405
ABarpaap,92,268,288,22.0,41,44904
ABarpaapa,93,239,280,22.2,38,28594
ABarpaapa,94,235,279,23.0,40,31274
ABarpaapa,95,238,270,23.0,40,28423
ABarpaapa,96,229,272,23.0,39,34356
ABarpaapa,97,227,267,22.1,40,32312
ABarpaapa,98,227,267,22.1,39,37492
ABarpaapa,99,231,267,22.0,37,38872
ABarpaapa,100,237,269,22.0,37,34016
ABarpaapa,101,240,271,22.0,37,48047
ABarpaapa,102,239,260,22.1,39,46312
ABarpaapa,103,235,256,23.0,37,41648
ABarpaapa,104,236,252,22.2,39,46129
ABarpaapa,105,237,247,22.2,37,52251
ABarpaapa,106,234,246,22.4,39,55590
ABarpaapa,107,235,239,22.3,39,54412
ABarpaapa,108,236,236,23.1,38,47700
ABarpaapa,109,234,232,23.2,40,45848
ABarpaapa,110,233,239,23.2,40,52573
ABarpaapa,111,235,239,23.9,38,49426
ABarpaapa,112,236,233,23.1,38,55050
ABarpaapa,113,238,247,23.2,40,57410
ABarpaapa,114,243,244,23.2,42,50622
ABarpaapa,115,248,234,23.9,38,52952
ABarpaapa,116,252,239,24.0,40,51913
ABarpaapa,117,255,234,24.0,40,53580
ABarpaapa,118,257,233,24.1,40,51178
ABarpaapa,119,264,233,24.2,42,46901
ABarpaapa,120,259,234,24.2,41,48423
ABarpaapa,121,260,241,24.1,41,47292
ABarpaapa,122,257,243,23.1,41,45141
ABarpaapa,123,257,234,23.1,40,47526
ABarpaapa,124,261,232,24.0,39,56788
ABarpaapa,125,261,248,24.0,38,58196
ABarpaapa,126,265,252,23.0,34,62296
ABarpaapaa,127,261,242,22.0,34,52045
ABarpaapaa,128,253,246,22.9,33,50748
ABarpaapaa,129,251,251,22.4,35,45516
ABarpaapaa,130,246,255,23.9,33,63139
ABarpaapaa,131,239,261,24.0,33,57259
ABarpaapaa,132,235,263,23.3,37,55212
ABarpaapaa,133,239,265,23.4,35,54874
ABarpaapaa,134,240,273,24.0,33,67813
ABarpaapaa,135,238,269,23.9,33,70166
ABarpaapaa,136,239,263,24.1,35,61669
ABarpaapaa,137,239,264,24.0,33,62632
ABarpaapaa,138,235,270,23.3,35,54754
ABarpaapaa,139,238,265,24.0,33,76110
ABarpaapaa,140,236,264,23.2,37,56388
ABarpaapaa,141,239,265,24.0,33,77653
ABarpaapaa,142,240,264,24.2,33,76740
ABarpaapaa,143,241,263,24.1,35,74677
ABarpaapaa,144,244,264,24.1,33,74396
ABarpaapaa,145,243,270,24.1,35,69749
ABarpaapap,127,289,244,23.0,34,39247
ABarpaapap,128,299,245,23.1,33,54201
ABarpaapap,129,293,243,23.0,33,52162
ABarpaapap,130,291,246,23.2,37,43798
ABarpaapap,131,290,251,23.3,37,41905
ABarpaapap,132,289,258,23.1,37,49936
ABarpaapap,133,294,258,23.2,37,49539
ABarpaapap,134,297,262,23.2,37,48708
ABarpaapap,135,288,263,22.3,37,42915
ABarpaapap,136,291,258,24.0,37,43980
ABarpaapap,137,289,263,24.0,37,44375
ABarpaapap,138,286,267,23.2,37,53502
ABarpaapap,139,284,264,24.0,37,51223
ABarpaapap,140,281,262,23.3,37,50765
ABarpaapap,141,287,264,23.3,37,52986
ABarpaapap,142,286,268,24.0,35,61023
ABarpaapap,143,284,268,24.1,37,58551
ABarpaapap,144,287,270,24.1,37,57168
ABarpaapap,145,285,266,24.0,37,61952
ABarpaapp,93,278,277,22.0,34,40380
ABarpaapp,94,296,280,22.1,36,39235
ABarpaapp,95,299,283,22.1,40,31786
ABarpaapp,96,294,282,22.1,39,36202
ABarpaapp,97,295,286,22.2,40,30896
ABarpaapp,98,300,277,22.3,39,30589
ABarpaapp,99,303,273,23.0,37,35113
ABarpaapp,100,299,272,23.2,39,34209
ABarpaapp,101,300,275,23.2,39,42636
ABarpaapp,102,300,274,23.1,41,39871
ABarpaapp,103,306,266,23.3,41,35292
ABarpaapp,104,302,266,23.1,41,37577
ABarpaapp,105,299,266,23.2,41,42734
ABarpaapp,106,296,273,23.1,41,44217
ABarpaapp,107,296,270,23.2,39,44298
ABarpaapp,108,301,262,24.0,38,42201
ABarpaapp,109,292,263,23.2,42,42508
ABarpaapp,110,296,268,23.1,42,37365
ABarpaapp,111,292,264,24.0,42,41857
ABarpaapp,112,294,266,23.2,42,48940
ABarpaapp,113,295,267,23.3,40,47201
ABarpaapp,114,299,270,23.9,38,52932
ABarpaapp,115,294,262,24.0,40,45817
ABarpaapp,116,302,267,23.2,42,52188
ABarpaapp,117,312,267,23.1,42,47195
ABarpaapp,118,316,266,23.2,42,47746
ABarpaapp,119,320,267,23.1,40,48151
ABarpaapp,120,324,268,23.2,41,52497
ABarpaapp,121,326,272,23.1,41,57627
ABarpaapp,122,329,272,24.0,41,56955
ABarpaapp,123,330,265,24.0,38,57211
ABarpaapp,124,331,265,23.2,37,60185
ABarpaapp,125,333,265,23.3,38,64338
ABarpaapp,126,327,273,23.0,34,66625
ABarpaappa,127,316,280,23.0,34,52503
ABarpaappa,128,323,287,23.0,33,60992
ABarpaappa,129,324,288,23.1,33,63154
ABarpaappa,130,323,287,24.1,37,45663
ABarpaappa,131,321,286,23.3,35,47466
ABarpaappa,132,323,290,23.4,37,47165
ABarpaappa,133,324,282,24.0,37,44094
ABarpaappa,134,331,280,24.1,37,48000
ABarpaappa,135,323,280,24.0,37,42836
ABarpaappa,136,328,276,24.2,37,41126
ABarpaappa,137,326,285,23.3,37,41045
ABarpaappa,138,322,284,23.3,37,43196
ABarpaappa,139,321,283,23.2,37,39056
ABarpaappa,140,320,283,24.1,37,50986
ABarpaappa,141,322,289,24.1,37,50173
ABarpaappa,142,326,283,23.3,37,45176
ABarpaappa,143,325,281,23.3,37,46006
ABarpaappa,144,328,279,23.4,37,49031
ABarpaappa,145,326,284,24.1,33,62580
ABarpaappp,127,358,272,23.0,34,49659
ABarpaappp,128,373,273,23.0,33,47674
ABarpaappp,129,372,282,23.1,33,57246
ABarpaappp,130,372,275,23.2,37,46820
ABarpaappp,131,371,267,23.2,35,44168
ABarpaappp,132,371,267,23.2,37,42644
ABarpaappp,133,378,268,23.2,37,42232
ABarpaappp,134,381,269,23.2,37,41060
ABarpaappp,135,378,274,23.3,35,45427
ABarpaappp,136,379,270,23.3,35,41054
ABarpaappp,137,375,280,24.0,37,42057
ABarpaappp,138,369,285,24.1,37,42930
ABarpaappp,139,370,283,23.3,37,39838
ABarpaappp,140,364,275,24.0,35,49490
ABarpaappp,141,368,272,24.1,37,46332
ABarpaappp,142,366,272,24.1,37,48595
ABarpaappp,143,372,275,24.2,37,49662
ABarpaappp,144,377,275,24.1,37,48368
ABarpaappp,145,371,271,24.1,37,53042
ABarpap,47,252,330,15.9,54,-406
ABarpap,48,259,333,15.1,52,-115
ABarpap,49,274,326,14.8,51,54
ABarpap,50,282,331,13.9,51,114
ABarpap,51,278,328,14.0,50,129
ABarpap,52,275,326,14.2,51,721
ABarpap,53,275,327,14.2,51,892
ABarpap,54,277,334,14.4,50,2020
ABarpap,55,273,335,14.4,50,1334
ABarpap,56,272,330,15.3,51,810
ABarpap,57,273,334,15.3,53,2774
ABarpap,58,280,335,14.5,53,2287
ABarpap,59,284,328,15.0,51,4117
ABarpap,60,281,334,15.4,53,4828
ABarpap,61,275,337,14.9,52,6472
ABarpap,62,282,335,14.5,53,7068
ABarpap,63,284,344,15.0,54,10987
ABarpap,64,286,342,15.1,57,9657
ABarpap,65,286,334,15.0,54,11890
ABarpap,66,280,328,15.9,51,12418
ABarpapa,67,270,340,14.2,50,6170
ABarpapa,68,244,331,13.1,49,10008
ABarpapa,69,238,331,12.1,48,9420
ABarpapa,70,241,324,12.8,47,14324
ABarpapa,71,239,332,12.8,47,19051
ABarpapa,72,243,333,13.8,47,22884
ABarpapa,73,242,347,13.2,47,21970
ABarpapa,74,240,350,14.1,47,25215
ABarpapa,75,244,352,14.8,46,25171
ABarpapa,76,251,353,15.1,45,33255
ABarpapa,77,252,352,15.1,45,33799
ABarpapa,78,248,345,15.4,47,32779
ABarpapa,79,248,339,16.1,45,36885
ABarpapa,80,245,332,17.9,45,37746
ABarpapa,81,243,341,18.1,45,37318
ABarpapa,82,239,352,18.4,47,40564
ABarpapa,83,249,359,19.0,45,40838
ABarpapa,84,243,363,19.1,47,48931
ABarpapa,85,244,362,19.1,47,46921
ABarpapa,86,242,374,19.2,47,53360
ABarpapa,87,243,376,19.3,47,52387
ABarpapa,88,239,383,19.9,46,56253
ABarpapa,89,231,381,20.0,46,56074
ABarpapa,90,239,382,20.9,45,56849
ABarpapa,91,228,359,21.0,42,45208
ABarpapaa,92,206,339,21.1,41,41065
ABarpapaa,93,187,323,21.1,40,40837
ABarpapaa,94,182,321,21.9,40,46328
ABarpapaa,95,165,321,22.0,40,52182
ABarpapaa,96,158,320,22.1,39,54374
ABarpapaa,97,164,322,22.9,38,58527
ABarpapaa,98,164,326,22.9,37,52448
ABarpapaa,99,165,328,22.9,37,54675
ABarpapaa,100,162,323,23.3,39,55114
ABarpapaa,101,174,324,24.0,39,51150
ABarpapaa,102,178,311,24.2,39,55516
ABarpapaa,103,173,310,24.9,37,54729
ABarpapaa,104,170,304,24.0,41,46868
ABarpapaa,105,165,302,24.1,39,56497
ABarpapaa,106,171,288,23.1,41,57716
ABarpapaa,107,171,288,23.1,41,43911
ABarpapaa,108,166,278,24.0,40,62053
ABarpapaa,109,167,280,24.9,38,57240
ABarpapaa,110,169,285,24.0,38,71653
ABarpapaa,111,167,286,24.1,29,68640
ABarpapaa,112,166,287,23.1,40,64620
ABarpapaa,113,164,294,24.1,40,64550
ABarpapaa,114,173,295,24.1,42,66244
ABarpapaa,115,183,288,24.0,42,60247
ABarpapaa,116,184,292,24.1,42,69710
ABarpapaa,117,185,289,24.0,42,73798
ABarpapaa,118,191,291,24.2,42,74042
ABarpapaa,119,190,298,24.2,42,70517
ABarpapaa,120,192,297,24.4,41,76512
ABarpapaa,121,185,298,24.2,41,81578
ABarpapaa,122,176,297,24.2,41,77836
ABarpapaa,123,174,295,24.2,40,87394
ABarpapaa,124,177,289,24.1,39,86348
ABarpapaa,125,178,292,24.2,38,84047
ABarpapaa,126,197,300,24.0,34,75594
ABarpapaaa,127,193,301,23.3,29,72116
ABarpapaaa,128,170,300,23.6,33,82169
ABarpapaaa,129,166,307,24.6,35,62892
ABarpapaaa,130,158,309,23.5,29,97226
ABarpapaaa,131,158,311,23.7,37,86061
ABarpapaaa,132,161,313,24.6,37,89747
ABarpapaaa,133,157,307,24.0,37,81024
ABarpapaaa,134,160,317,24.2,35,90857
ABarpapaaa,135,156,314,24.1,35,89573
ABarpapaaa,136,152,319,24.2,37,83739
ABarpapaaa,137,154,311,24.1,35,80003
ABarpapaaa,138,155,316,24.2,35,77303
ABarpapaaa,139,160,322,24.1,33,92471
ABarpapaaa,140,160,313,24.0,37,79359
ABarpapaaa,141,165,323,24.2,37,93714
ABarpapaaa,142,168,322,24.2,37,90611
ABarpapaaa,143,168,323,24.2,37,91120
ABarpapaaa,144,170,322,24.2,37,82225
ABarpapaaa,145,158,317,24.1,37,82162
ABarpapaap,127,220,302,23.1,29,69675
ABarpapaap,128,218,309,24.0,33,53553
ABarpapaap,129,215,323,23.9,33,61502
ABarpapaap,130,204,328,23.2,37,55263
ABarpapaap,131,207,335,23.9,33,66298
ABarpapaap,132,206,340,23.1,37,57682
ABarpapaap,133,212,333,24.2,37,65724
ABarpapaap,134,206,336,24.1,37,68207
ABarpapaap,135,202,332,24.1,37,69132
ABarpapaap,136,206,333,24.1,37,68069
ABarpapaap,137,198,332,24.2,37,69255
ABarpapaap,138,199,338,23.3,37,63885
ABarpapaap,139,196,332,24.0,37,65379
ABarpapaap,140,196,328,23.2,37,75667
ABarpapaap,141,200,332,23.4,37,64879
ABarpapaap,142,204,336,23.2,37,74560
ABarpapaap,143,205,335,24.0,37,58365
ABarpapaap,144,203,337,23.3,37,68737
ABarpapaap,145,192,338,24.0,37,67920
ABarpapap,92,252,355,21.0,35,46264
ABarpapap,93,237,346,21.9,40,31301
ABarpapap,94,233,344,22.0,40,44313
ABarpapap,95,228,340,23.1,40,44629
ABarpapap,96,217,341,23.2,39,49756
ABarpapap,97,216,338,23.9,38,50135
ABarpapap,98,216,326,23.3,39,43321
ABarpapap,99,218,327,23.3,39,47564
ABarpapap,100,216,324,24.1,41,39408
ABarpapap,101,222,326,23.3,41,46539
ABarpapap,102,226,320,23.2,41,47899
ABarpapap,103,218,312,24.1,41,46554
ABarpapap,104,219,315,24.0,39,50689
ABarpapap,105,220,307,24.0,39,47665
ABarpapap,106,221,313,23.2,39,51394
ABarpapap,107,219,301,23.2,39,53834
ABarpapap,108,214,296,24.0,40,56337
ABarpapap,109,217,298,23.1,40,61874
ABarpapap,110,213,304,23.0,29,55801
ABarpapap,111,215,303,23.1,42,49025
ABarpapap,112,210,292,24.1,40,60208
ABarpapap,113,210,303,24.1,40,70256
ABarpapap,114,216,298,24.1,40,62718
ABarpapap,115,225,284,24.0,42,56241
ABarpapap,116,226,286,24.0,40,56732
ABarpapap,117,230,283,24.0,42,56631
ABarpapap,118,239,288,24.0,38,56990
ABarpapap,119,241,286,24.0,38,59770
ABarpapap,120,243,289,23.1,39,56907
ABarpapap,121,238,297,24.1,39,62333
ABarpapap,122,236,295,23.2,39,66668
ABarpapap,123,241,289,23.2,38,74716
ABarpapap,124,243,290,23.1,39,78897
ABarpapap,125,244,299,23.3,38,71926
ABarpapap,126,260,298,23.1,34,93072
ABarpapap,127,270,295,23.0,34,77262
ABarpapapa,128,247,292,23.0,33,55268
ABarpapapa,129,237,297,23.1,33,61968
ABarpapapa,130,229,300,23.9,33,65644
ABarpapapa,131,233,311,24.0,37,55652
ABarpapapa,132,231,310,24.1,33,74354
ABarpapapa,133,234,307,24.1,33,74959
ABarpapapa,134,237,315,24.1,35,76810
ABarpapapa,135,230,313,24.0,33,79397
ABarpapapa,136,227,307,24.1,35,77554
ABarpapapa,137,221,308,24.1,33,80333
ABarpapapa,138,224,310,24.1,33,73107
ABarpapapa,139,222,308,24.0,33,73487
ABarpapapa,140,220,308,24.2,35,67592
ABarpapapa,141,228,308,24.1,33,74464
ABarpapapa,142,230,310,24.1,35,71483
ABarpapapa,143,229,312,24.0,35,75790
ABarpapapa,144,228,308,24.0,33,81303
ABarpapapa,145,226,315,23.4,37,71748
ABarpapapp,128,287,292,23.8,33,52720
ABarpapapp,129,289,296,23.2,33,68301
ABarpapapp,130,287,298,24.0,33,61393
ABarpapapp,131,286,298,23.9,33,66003
ABarpapapp,132,284,308,23.2,37,47655
ABarpapapp,133,289,314,23.2,35,50260
ABarpapapp,134,290,319,23.2,37,52930
ABarpapapp,135,280,318,22.3,29,58180
ABarpapapp,136,276,317,23.1,29,71412
ABarpapapp,137,271,318,23.2,35,63682
ABarpapapp,138,267,321,23.0,33,73033
ABarpapapp,139,270,322,23.0,29,77247
ABarpapapp,140,265,319,23.0,37,61065
ABarpapapp,141,270,326,22.4,35,62336
ABarpapapp,142,271,327,23.0,35,66256
ABarpapapp,143,269,328,23.1,29,79272
ABarpapapp,144,271,328,23.0,35,69266
ABarpapapp,145,268,324,23.0,37,57581
ABarpapp,67,300,325,16.0,35,13313
ABarpapp,68,300,310,15.9,49,8303
ABarpapp,69,304,320,15.0,48,10494
ABarpapp,70,318,325,16.1,47,14609
ABarpapp,71,320,332,16.8,47,12070
ABarpapp,72,324,334,15.9,47,15705
ABarpapp,73,319,339,15.9,47,17931
ABarpapp,74,316,345,16.1,47,22091
ABarpapp,75,323,354,16.0,46,22376
ABarpapp,76,323,352,17.2,45,26058
ABarpapp,77,325,349,17.9,45,31299
ABarpapp,78,324,342,18.0,45,27289
ABarpapp,79,317,341,20.0,45,26441
ABarpapp,80,317,334,20.0,45,28236
ABarpapp,81,318,336,21.1,45,28714
ABarpapp,82,311,342,21.2,47,26783
ABarpapp,83,312,344,21.3,47,31467
ABarpapp,84,311,348,22.0,45,28855
ABarpapp,85,307,351,23.0,45,33758
ABarpapp,86,309,351,21.3,47,36990
ABarpapp,87,318,353,21.3,47,39073
ABarpapp,88,312,357,22.1,46,43083
ABarpapp,89,307,364,22.1,46,53304
ABarpapp,90,311,376,22.2,47,56836
ABarpapp,91,300,360,23.0,44,56398
ABarpapp,92,304,347,22.9,41,53608
ABarpappa,93,266,342,23.9,40,29995
ABarpappa,94,269,338,23.1,40,38449
ABarpappa,95,267,344,24.0,40,37803
ABarpappa,96,253,343,24.0,39,44530
ABarpappa,97,256,344,24.0,38,45808
ABarpappa,98,252,336,23.9,37,43558
ABarpappa,99,255,333,24.0,37,48532
ABarpappa,100,253,337,23.1,37,49909
ABarpappa,101,258,335,23.1,37,54463
ABarpappa,102,259,332,23.0,39,53779
ABarpappa,103,255,328,23.1,41,49376
ABarpappa,104,260,322,23.9,37,49128
ABarpappa,105,260,326,24.0,37,46425
ABarpappa,106,257,333,23.3,39,48832
ABarpappa,107,254,326,23.3,39,53365
ABarpappa,108,251,308,23.1,29,52284
ABarpappa,109,255,309,23.1,40,53870
ABarpappa,110,252,307,23.1,40,54835
ABarpappa,111,253,312,23.9,38,52048
ABarpappa,112,250,314,24.0,38,60910
ABarpappa,113,256,319,23.8,38,62659
ABarpappa,114,261,317,23.0,38,62325
ABarpappa,115,262,317,23.1,38,60793
ABarpappa,116,269,321,23.9,38,57167
ABarpappa,117,275,313,23.9,38,55892
ABarpappa,118,277,322,23.9,38,53245
ABarpappa,119,281,325,24.0,38,51714
ABarpappa,120,279,327,23.3,41,47275
ABarpappa,121,278,330,24.0,41,61070
ABarpappa,122,274,334,24.1,39,62239
ABarpappa,123,278,328,23.4,38,67322
ABarpappa,124,284,326,23.4,39,66216
ABarpappa,125,289,332,24.1,38,70375
ABarpappa,126,292,340,23.4,36,71328
ABarpappa,127,299,341,24.1,36,69976
ABarpappa,128,292,343,24.1,37,75601
ABarpappa,129,286,349,23.3,37,70599
ABarpappa,130,281,353,23.4,37,82628
ABarpappa,131,289,354,23.9,33,77071
ABarpappaa,132,290,351,23.8,33,55479
ABarpappaa,133,289,346,22.3,29,84865
ABarpappaa,134,289,347,22.1,29,89442
ABarpappaa,135,282,349,22.1,33,79442
ABarpappaa,136,278,348,22.2,33,70449
ABarpappaa,137,271,350,23.1,29,83991
ABarpappaa,138,267,352,22.9,27,94833
ABarpappaa,139,262,352,22.8,33,75764
ABarpappaa,140,259,349,23.0,29,83704
ABarpappaa,141,267,357,24.0,33,70133
ABarpappaa,142,268,358,23.8,33,72770
ABarpappaa,143,271,359,24.0,33,66831
ABarpappaa,144,266,357,24.0,33,70239
ABarpappaa,145,261,356,24.0,35,72839
ABarpappap,132,321,351,22.9,33,70280
ABarpappap,133,337,347,23.1,33,60010
ABarpappap,134,338,348,22.9,33,64306
ABarpappap,135,327,353,23.0,37,51387
ABarpappap,136,322,352,23.1,37,53208
ABarpappap,137,313,352,23.1,37,46028
ABarpappap,138,307,358,23.2,37,52279
ABarpappap,139,301,361,23.1,29,62831
ABarpappap,140,301,361,23.1,29,50784
ABarpappap,141,302,366,23.1,37,64344
ABarpappap,142,305,364,22.2,29,69663
ABarpappap,143,300,366,23.1,29,60838
ABarpappap,144,302,361,23.1,37,45199
ABarpappap,145,297,360,23.2,37,68049
ABarpappp,93,322,341,23.0,36,38370
ABarpappp,94,327,344,23.0,40,36904
ABarpappp,95,324,351,23.0,40,39488
ABarpappp,96,318,345,22.1,41,41428
ABarpappp,97,314,346,22.1,40,47005
ABarpappp,98,307,344,22.1,37,52870
ABarpappp,99,309,340,22.3,41,42866
ABarpappp,100,304,346,23.0,39,50562
ABarpappp,101,305,345,22.4,41,50131
ABarpappp,102,308,342,23.2,41,49580
ABarpappp,103,302,339,23.1,41,45629
ABarpappp,104,303,336,23.0,37,51114
ABarpappp,105,304,331,22.4,39,50927
ABarpappp,106,300,333,22.2,39,57710
ABarpappp,107,298,332,22.3,39,51743
ABarpappp,108,295,327,23.0,40,50290
ABarpappp,109,294,329,22.3,40,57131
ABarpappp,110,293,332,22.4,40,59228
ABarpappp,111,294,332,23.9,38,46754
ABarpappp,112,295,336,23.9,38,48097
ABarpappp,113,295,345,22.3,40,56197
ABarpappp,114,294,343,23.0,40,52395
ABarpappp,115,296,347,23.1,42,55433
ABarpappp,116,307,349,23.2,40,55696
ABarpappp,117,309,341,23.1,42,57148
ABarpappp,118,318,344,23.1,40,60467
ABarpappp,119,326,345,23.1,42,61914
ABarpappp,120,326,342,23.0,41,62877
ABarpappp,121,324,346,23.1,41,69230
ABarpappp,122,320,348,23.1,37,76697
ABarpappp,123,326,343,23.3,40,64454
ABarpappp,124,333,348,23.2,39,67000
ABarpappp,125,338,359,23.2,38,66014
ABarpappp,126,342,360,24.0,38,63348
ABarpappp,127,347,357,23.1,38,73663
ABarpappp,128,342,358,22.0,33,73968
ABarpapppa,129,323,362,22.8,33,51474
ABarpapppa,130,316,365,22.0,31,74470
ABarpapppa,131,320,359,21.0,33,69678
ABarpapppa,132,336,354,20.1,33,73106
ABarpapppa,133,345,363,20.1,35,69411
ABarpapppa,134,348,368,20.3,37,61325
ABarpapppa,135,348,374,21.2,35,70701
ABarpapppa,136,343,374,22.1,35,62576
ABarpapppa,137,340,372,23.0,33,57537
ABarpapppa,138,337,374,23.1,33,66761
ABarpapppa,139,335,374,23.1,37,54649
ABarpapppa,140,331,376,23.2,35,71344
ABarpapppa,141,336,381,23.8,33,76593
ABarpapppa,142,336,385,23.3,35,71610
ABarpapppa,143,333,381,23.2,37,63608
ABarpapppa,144,338,373,24.1,35,61404
ABarpapppa,145,332,378,23.2,35,64200
ABarpapppp,129,365,367,21.9,33,54270
ABarpapppp,130,371,362,21.9,33,59443
ABarpapppp,131,376,366,21.8,33,68610
ABarpapppp,132,380,366,21.1,35,58674
ABarpapppp,133,387,381,21.2,37,63452
ABarpapppp,134,386,389,22.0,37,66456
ABarpapppp,135,383,393,23.0,37,60573
ABarpapppp,136,377,384,23.0,33,59677
ABarpapppp,137,372,389,22.2,35,65886
ABarpapppp,138,369,395,22.3,37,66190
ABarpapppp,139,367,393,23.1,37,68092
ABarpapppp,140,367,387,22.4,37,66828
ABarpapppp,141,370,390,23.1,37,65251
ABarpapppp,142,371,387,23.1,37,70607
ABarpapppp,143,372,386,23.1,37,63358
ABarpapppp,144,376,383,23.2,37,61266
ABarpapppp,145,368,376,23.3,37,62155
ABarpp,29,366,341,22.0,38,-795
ABarpp,30,369,325,21.4,36,586
ABarpp,31,384,316,21.9,49,134
ABarpp,32,391,328,23.0,50,-47
ABarpp,33,387,334,22.1,55,381
ABarpp,34,388,337,22.1,57,-758
ABarpp,35,379,344,22.1,59,188
ABarpp,36,376,341,22.1,60,22
ABarpp,37,369,344,22.1,62,214
ABarpp,38,363,342,22.1,64,187
ABarpp,39,373,356,21.0,64,-540
ABarpp,40,374,362,21.0,62,385
ABarpp,41,366,354,21.1,65,-74
ABarpp,42,372,346,22.0,64,-223
ABarpp,43,375,337,21.2,63,-465
ABarpp,44,379,330,21.2,65,-178
ABarpp,45,372,330,21.3,65,-1
ABarpp,46,352,326,20.9,58,-306
ABarppa,47,310,337,22.2,54,71
ABarppa,48,304,358,23.1,52,-498
ABarppa,49,300,358,23.1,51,-123
ABarppa,50,286,369,24.0,51,-325
ABarppa,51,289,364,23.9,50,372
ABarppa,52,287,364,23.1,47,260
ABarppa,53,284,365,23.2,51,293
ABarppa,54,292,366,23.1,48,791
ABarppa,55,295,364,23.0,50,711
ABarppa,56,291,358,22.2,51,1237
ABarppa,57,288,362,22.3,53,2106
ABarppa,58,293,363,22.2,53,1121
ABarppa,59,297,355,22.2,53,2278
ABarppa,60,296,355,22.2,53,2242
ABarppa,61,296,357,21.3,56,3419
ABarppa,62,294,354,22.1,53,4641
ABarppa,63,300,353,22.0,52,4525
ABarppa,64,304,351,21.2,53,6722
ABarppa,65,300,350,22.1,52,6406
ABarppa,66,294,361,22.2,57,3038
ABarppaa,67,290,391,22.0,50,5031
ABarppaa,68,294,396,20.1,49,8153
ABarppaa,69,293,405,19.0,46,12740
ABarppaa,70,290,406,18.2,47,14009
ABarppaa,71,276,404,18.9,47,15227
ABarppaa,72,278,402,19.1,47,14398
ABarppaa,73,282,397,20.0,47,16019
ABarppaa,74,279,395,21.0,47,17250
ABarppaa,75,272,388,21.1,46,17250
ABarppaa,76,276,376,22.9,45,17019
ABarppaa,77,268,364,22.9,45,19338
ABarppaa,78,268,346,23.1,47,21192
ABarppaa,79,267,327,23.0,45,18221
ABarppaa,80,264,307,23.0,45,20560
ABarppaa,81,268,295,23.1,47,20616
ABarppaa,82,273,284,23.0,45,17825
ABarppaa,83,275,287,23.1,45,22021
ABarppaa,84,272,277,23.0,45,20574
ABarppaa,85,277,269,22.1,45,18880
ABarppaa,86,275,272,22.1,45,21133
ABarppaa,87,280,264,22.0,45,22416
ABarppaa,88,292,271,23.0,46,25444
ABarppaa,89,300,277,23.0,46,29203
ABarppaa,90,312,271,23.1,45,27764
ABarppaa,91,317,252,24.0,44,28151
ABarppaa,92,321,234,23.1,45,26089
ABarppaa,93,325,237,23.0,44,31639
ABarppaa,94,329,235,22.2,42,36929
ABarppaa,95,329,235,22.1,42,40668
ABarppaa,96,318,230,22.1,37,38708
ABarppaaa,97,292,231,23.0,38,28016
ABarppaaa,98,280,230,22.9,37,30320
ABarppaaa,99,286,228,23.0,37,36541
ABarppaaa,100,278,225,23.1,41,33908
ABarppaaa,101,288,226,23.2,41,40192
ABarppaaa,102,297,222,24.0,37,36027
ABarppaaa,103,298,210,23.9,37,35091
ABarppaaa,104,298,211,23.2,29,32961
ABarppaaa,105,297,210,24.0,37,38880
ABarppaaa,106,299,215,24.0,37,34114
ABarppaaa,107,303,213,24.0,37,35629
ABarppaaa,108,304,215,23.0,38,41916
ABarppaaa,109,300,211,23.9,38,33187
ABarppaaa,110,296,216,24.0,38,42335
ABarppaaa,111,294,215,24.0,29,38557
ABarppaaa,112,297,211,23.9,38,37797
ABarppaaa,113,298,222,23.9,38,40017
ABarppaaa,114,312,220,23.1,38,34909
ABarppaaa,115,320,217,23.2,40,37646
ABarppaaa,116,318,216,24.0,38,41010
ABarppaaa,117,325,211,23.2,40,34103
ABarppaaa,118,334,211,23.2,40,32685
ABarppaaa,119,333,207,24.0,42,35900
ABarppaaa,120,341,204,24.0,41,41967
ABarppaaa,121,340,207,23.3,39,39517
ABarppaaa,122,346,215,23.2,41,38892
ABarppaaa,123,352,202,24.0,40,47715
ABarppaaa,124,349,195,24.0,39,43483
ABarppaaa,125,350,200,23.2,38,37017
ABarppaaa,126,366,200,23.2,38,41469
ABarppaaa,127,366,216,23.1,36,37478
ABarppaaa,128,366,228,23.2,37,46860
ABarppaaa,129,370,220,23.2,37,44135
ABarppaaa,130,363,207,24.1,37,52832
ABarppaaa,131,358,194,24.1,37,52259
ABarppaaa,132,361,201,24.0,37,57614
ABarppaaa,133,363,198,24.1,37,57666
ABarppaaa,134,371,195,23.3,37,58925
ABarppaaa,135,379,201,23.1,33,60879
ABarppaaa,136,379,191,23.1,35,64809
ABarppaaaa,137,361,212,24.0,31,42449
ABarppaaaa,138,358,222,24.1,29,63083
ABarppaaaa,139,356,220,24.2,31,51685
ABarppaaaa,140,351,221,24.2,33,44531
ABarppaaaa,141,353,222,24.2,31,49532
ABarppaaaa,142,352,217,25.0,29,54904
ABarppaaaa,143,351,217,25.0,29,54143
ABarppaaaa,144,353,219,24.2,31,50402
ABarppaaaa,145,349,215,24.2,33,50821
ABarppaaap,137,399,182,23.0,33,40196
ABarppaaap,138,393,182,22.2,37,41246
ABarppaaap,139,395,176,23.1,35,39674
ABarppaaap,140,395,170,23.1,37,40113
ABarppaaap,141,397,172,23.1,37,40965
ABarppaaap,142,393,169,23.2,37,43305
ABarppaaap,143,392,167,23.1,37,39368
ABarppaaap,144,389,166,23.1,37,41917
ABarppaaap,145,384,162,22.2,37,34925
ABarppaap,97,334,233,22.9,38,25933
ABarppaap,98,342,243,23.0,35,32089
ABarppaap,99,352,238,23.1,37,32766
ABarppaap,100,356,240,23.1,39,30027
ABarppaap,101,366,239,23.2,39,28923
ABarppaap,102,369,230,23.3,39,28699
ABarppaap,103,369,226,24.0,41,24772
ABarppaap,104,366,232,24.1,39,30346
ABarppaap,105,366,226,24.0,37,30369
ABarppaap,106,368,227,24.0,39,31682
ABarppaap,107,369,227,23.2,39,33796
ABarppaap,108,369,228,23.9,38,32025
ABarppaap,109,368,234,23.9,38,30866
ABarppaap,110,365,232,24.0,38,36709
ABarppaap,111,364,233,23.3,40,35850
ABarppaap,112,362,235,24.0,38,36911
ABarppaap,113,366,240,23.9,38,40480
ABarppaap,114,378,232,23.9,38,32619
ABarppaap,115,381,228,23.9,38,33282
ABarppaap,116,388,220,23.9,38,35237
ABarppaap,117,390,224,23.1,42,32050
ABarppaap,118,398,218,23.0,42,33781
ABarppaap,119,406,214,23.2,40,34313
ABarppaap,120,410,217,23.1,41,35128
ABarppaap,121,412,208,24.0,41,34052
ABarppaap,122,419,210,23.2,41,41915
ABarppaap,123,417,211,23.2,38,48996
ABarppaap,124,408,207,23.2,39,43447
ABarppaap,125,406,206,23.2,38,39909
ABarppaap,126,404,213,23.0,38,37201
ABarppaap,127,410,210,23.1,38,36596
ABarppaap,128,412,214,23.2,37,49656
ABarppaap,129,417,225,23.1,37,50487
ABarppaap,130,414,217,23.3,37,48858
ABarppaap,131,408,215,22.9,33,60134
ABarppaapa,132,396,231,23.0,33,37909
ABarppaapa,133,400,228,23.1,33,39323
ABarppaapa,134,405,233,23.2,37,35269
ABarppaapa,135,410,249,24.0,33,35727
ABarppaapa,136,411,246,24.0,33,34315
ABarppaapa,137,401,254,24.0,33,35378
ABarppaapa,138,399,257,24.0,33,40942
ABarppaapa,139,400,252,24.0,33,37680
ABarppaapa,140,399,244,24.0,33,39441
ABarppaapa,141,404,242,23.3,37,33630
ABarppaapa,142,405,238,23.2,37,34023
ABarppaapa,143,405,238,23.2,37,35646
ABarppaapa,144,408,233,23.1,35,24575
ABarppaapa,145,405,234,23.1,33,34969
ABarppaapp,132,423,190,23.0,33,38050
ABarppaapp,133,430,181,22.2,35,37627
ABarppaapp,134,441,189,23.2,35,39381
ABarppaapp,135,445,187,24.0,33,38470
ABarppaapp,136,441,183,24.0,33,41039
ABarppaapp,137,442,178,24.1,33,40052
ABarppaapp,138,438,188,23.3,35,40576
ABarppaapp,139,444,189,24.0,33,39519
ABarppaapp,140,439,180,24.0,33,38847
ABarppaapp,141,444,180,24.1,33,47300
ABarppaapp,142,442,173,24.1,33,48598
ABarppaapp,143,438,169,24.0,33,42638
ABarppaapp,144,443,169,24.1,35,39591
ABarppaapp,145,440,165,23.9,33,52724
ABarppap,67,334,350,23.1,50,3587
ABarppap,68,329,356,24.0,49,7051
ABarppap,69,335,358,24.0,48,5568
ABarppap,70,332,360,24.1,47,7650
ABarppap,71,323,361,23.9,47,6712
ABarppap,72,325,351,24.0,47,7999
ABarppap,73,327,353,24.0,47,9608
ABarppap,74,323,342,23.1,49,10761
ABarppap,75,316,322,23.0,46,13746
ABarppap,76,315,311,23.0,45,13404
ABarppap,77,315,307,22.1,45,15926
ABarppap,78,314,288,21.9,45,15157
ABarppap,79,319,275,21.1,45,18042
ABarppap,80,318,260,21.0,45,17397
ABarppap,81,324,257,20.4,47,16501
ABarppap,82,327,257,20.1,45,20765
ABarppap,83,333,249,21.0,45,17282
ABarppap,84,335,247,21.1,47,23726
ABarppap,85,337,252,21.3,47,24773
ABarppap,86,348,253,21.2,49,25629
ABarppap,87,347,257,22.0,45,23073
ABarppap,88,366,261,22.9,46,20864
ABarppap,89,368,255,22.1,46,27946
ABarppap,90,370,254,22.1,45,28477
ABarppap,91,378,237,22.1,44,28531
ABarppap,92,384,227,21.2,43,36430
ABarppap,93,387,220,20.4,42,40823
ABarppap,94,389,206,21.0,40,48102
ABarppap,95,389,208,21.1,34,46765
ABarppapa,96,365,208,21.1,33,36784
ABarppapa,97,364,209,22.1,34,33367
ABarppapa,98,367,211,22.1,37,28172
ABarppapa,99,369,203,22.0,37,27283
ABarppapa,100,373,196,22.9,37,22138
ABarppapa,101,377,190,22.9,37,25816
ABarppapa,102,382,189,23.0,37,24355
ABarppapa,103,388,192,23.1,37,27469
ABarppapa,104,392,190,23.0,39,25011
ABarppapa,105,389,191,23.1,37,34918
ABarppapa,106,396,196,23.0,37,31217
ABarppapa,107,394,191,23.1,39,30685
ABarppapa,108,394,194,23.1,40,26600
ABarppapa,109,397,195,24.0,40,20355
ABarppapa,110,393,189,23.1,40,29205
ABarppapa,111,389,191,23.1,40,31332
ABarppapa,112,389,189,23.0,40,28910
ABarppapa,113,398,189,23.9,38,33042
ABarppapa,114,403,179,22.2,40,31277
ABarppapa,115,404,178,23.1,40,33548
ABarppapa,116,411,167,22.2,40,35722
ABarppapa,117,412,165,23.0,40,38081
ABarppapa,118,419,160,23.1,40,35909
ABarppapa,119,421,159,23.1,42,34634
ABarppapa,120,422,156,23.1,39,44555
ABarppapa,121,424,154,23.2,41,39921
ABarppapa,122,425,154,23.1,41,46037
ABarppapa,123,422,156,23.2,40,42801
ABarppapa,124,418,154,23.1,39,47162
ABarppapa,125,417,154,23.2,38,42336
ABarppapa,126,422,153,23.2,38,46396
ABarppapa,127,420,157,23.1,38,43671
ABarppapa,128,424,159,23.1,37,47015
ABarppapa,129,426,169,23.1,37,49039
ABarppapa,130,420,164,24.0,37,41175
ABarppapa,131,428,159,23.1,37,48772
ABarppapa,132,429,150,23.2,37,53677
ABarppapa,133,432,140,23.2,37,60779
ABarppapa,134,439,142,24.0,37,50656
ABarppapa,135,433,147,23.1,33,58004
ABarppapaa,136,407,143,22.9,33,38271
ABarppapaa,137,406,140,23.1,33,47204
ABarppapaa,138,405,146,23.9,33,45231
ABarppapaa,139,406,144,23.2,37,40083
ABarppapaa,140,408,137,23.1,37,37649
ABarppapaa,141,410,138,23.2,37,39184
ABarppapaa,142,409,135,24.0,37,36686
ABarppapaa,143,408,138,23.1,35,42908
ABarppapaa,144,410,138,23.2,37,35141
ABarppapaa,145,405,130,24.0,37,35263
ABarppapap,136,449,145,22.8,33,37150
ABarppapap,137,457,152,23.0,33,49519
ABarppapap,138,455,157,22.2,37,40763
ABarppapap,139,454,157,23.1,37,46669
ABarppapap,140,455,145,23.3,37,37020
ABarppapap,141,459,143,24.0,37,39288
ABarppapap,142,459,137,23.3,37,39455
ABarppapap,143,454,138,23.3,37,38728
ABarppapap,144,453,128,23.2,37,42958
ABarppapap,145,452,126,23.2,37,40482
ABarppapp,96,412,209,20.1,35,35595
ABarppapp,97,421,208,20.9,38,30203
ABarppapp,98,427,204,20.1,37,40572
ABarppapp,99,436,199,20.1,37,41385
ABarppapp,100,435,194,20.0,37,41679
ABarppapp,101,444,183,20.0,37,45468
ABarppapp,102,451,177,20.0,37,40924
ABarppapp,103,452,175,20.0,37,41419
ABarppapp,104,450,164,20.0,37,42773
ABarppapp,105,455,163,20.0,37,41394
ABarppapp,106,460,161,21.0,37,40508
ABarppapp,107,457,162,20.3,39,40158
ABarppapp,108,455,158,20.9,38,37947
ABarppapp,109,462,154,21.0,38,41280
ABarppapp,110,454,150,22.0,38,38889
ABarppapp,111,456,157,21.9,38,34903
ABarppapp,112,452,157,21.9,38,42124
ABarppapp,113,461,160,21.9,38,32267
ABarppapp,114,468,155,21.2,42,32620
ABarppapp,115,469,154,22.1,42,36275
ABarppapp,116,476,157,23.0,38,41540
ABarppapp,117,476,152,22.1,40,49769
ABarppapp,118,484,154,22.1,42,49545
ABarppapp,119,490,151,22.3,40,50059
ABarppapp,120,485,149,22.1,41,52214
ABarppapp,121,490,151,22.0,41,52031
ABarppapp,122,496,150,22.2,41,57667
ABarppapp,123,492,163,21.3,40,50245
ABarppapp,124,479,168,23.1,39,51496
ABarppapp,125,486,170,23.1,38,45346
ABarppapp,126,489,175,23.2,38,48365
ABarppapp,127,496,171,23.2,38,54198
ABarppapp,128,501,173,23.1,37,52172
ABarppapp,129,497,174,22.1,37,52244
ABarppapp,130,496,170,23.1,37,51666
ABarppapp,131,503,164,23.1,37,58266
ABarppapp,132,499,157,23.1,37,59322
ABarppapp,133,502,151,22.3,37,53690
ABarppapp,134,499,159,22.9,33,60981
ABarppappa,135,482,169,23.1,33,41433
ABarppappa,136,473,161,23.1,37,35416
ABarppappa,137,475,173,23.0,29,53909
ABarppappa,138,481,170,23.2,37,40599
ABarppappa,139,485,168,23.1,37,37513
ABarppappa,140,484,161,23.1,37,34206
ABarppappa,141,487,159,23.2,37,36306
ABarppappa,142,493,152,23.1,37,33171
ABarppappa,143,491,147,23.1,35,45933
ABarppappa,144,491,144,22.1,35,45850
ABarppappa,145,489,139,23.2,37,45219
ABarppappp,135,522,158,22.0,33,45155
ABarppappp,136,530,157,21.0,33,55559
ABarppappp,137,544,156,21.1,33,61899
ABarppappp,138,544,163,21.0,33,60150
ABarppappp,139,544,158,20.3,35,48018
ABarppappp,140,547,156,20.3,35,51845
ABarppappp,141,554,153,20.2,37,50525
ABarppappp,142,557,152,20.1,37,51404
ABarppappp,143,564,147,20.2,37,56861
ABarppappp,144,560,149,20.1,37,50779
ABarppappp,145,563,145,20.1,37,52545
ABarppp,47,359,326,20.1,54,7
ABarppp,48,362,322,18.1,52,687
ABarppp,49,366,320,17.0,51,-268
ABarppp,50,378,327,15.8,51,318
ABarppp,51,372,331,16.0,50,-563
ABarppp,52,366,342,16.2,51,-463
ABarppp,53,369,354,17.2,49,1263
ABarppp,54,371,349,17.4,50,1304
ABarppp,55,370,345,17.2,50,20
ABarppp,56,368,340,17.4,51,-308
ABarppp,57,373,341,18.3,53,1860
ABarppp,58,366,339,18.3,51,1873
ABarppp,59,368,336,17.2,53,3075
ABarppp,60,375,341,18.0,53,2824
ABarppp,61,380,332,18.0,52,3402
ABarppp,62,377,332,18.1,53,4991
ABarppp,63,380,326,18.9,52,5699
ABarppp,64,376,320,18.3,53,6316
ABarppp,65,378,324,18.2,52,6749
ABarppp,66,377,327,18.9,51,7371
ABarpppa,67,368,332,16.9,50,5722
ABarpppa,68,363,331,16.8,49,6561
ABarpppa,69,371,345,16.9,48,7110
ABarpppa,70,370,346,16.0,47,12041
ABarpppa,71,369,355,16.9,47,10704
ABarpppa,72,365,355,17.9,47,11418
ABarpppa,73,362,348,18.1,47,12565
ABarpppa,74,357,355,19.0,47,14200
ABarpppa,75,357,358,19.9,46,14492
ABarpppa,76,360,356,20.9,45,15980
ABarpppa,77,355,352,21.1,47,18663
ABarpppa,78,359,345,21.2,47,19732
ABarpppa,79,359,342,22.1,45,18861
ABarpppa,80,358,330,21.3,47,18441
ABarpppa,81,364,326,22.1,47,17550
ABarpppa,82,356,323,22.9,45,19050
ABarpppa,83,357,320,23.0,45,16111
ABarpppa,84,356,319,22.1,45,23320
ABarpppa,85,361,318,22.1,45,23921
ABarpppa,86,361,321,23.0,45,25072
ABarpppa,87,363,321,23.0,47,22840
ABarpppa,88,361,327,22.4,48,25254
ABarpppa,89,365,341,23.9,46,29461
ABarpppa,90,371,330,23.0,49,30573
ABarpppa,91,371,321,23.0,44,32546
ABarpppa,92,373,308,22.1,43,33424
ABarpppa,93,369,304,22.0,40,43169
ABarpppa,94,373,299,22.2,44,25282
ABarpppaa,95,355,309,23.2,34,35072
ABarpppaa,96,340,311,24.0,39,26000
ABarpppaa,97,337,316,24.1,38,29377
ABarpppaa,98,328,324,24.1,41,25947
ABarpppaa,99,337,323,24.2,41,31307
ABarpppaa,100,340,327,25.0,37,27532
ABarpppaa,101,340,330,24.2,39,36600
ABarpppaa,102,340,326,24.2,41,38999
ABarpppaa,103,333,320,24.1,41,34174
ABarpppaa,104,335,321,24.1,39,35905
ABarpppaa,105,341,317,24.0,39,41177
ABarpppaa,106,338,322,24.0,37,40564
ABarpppaa,107,338,325,24.1,39,40564
ABarpppaa,108,334,325,24.0,38,44764
ABarpppaa,109,338,322,23.3,40,45031
ABarpppaa,110,335,324,23.3,40,48457
ABarpppaa,111,333,323,23.9,38,51701
ABarpppaa,112,332,321,24.0,40,49747
ABarpppaa,113,331,328,24.0,38,52003
ABarpppaa,114,330,325,24.0,38,57294
ABarpppaa,115,332,324,24.0,38,51502
ABarpppaa,116,341,322,24.0,38,55403
ABarpppaa,117,348,322,23.9,38,52938
ABarpppaa,118,354,325,24.0,38,62384
ABarpppaa,119,362,323,24.1,38,57582
ABarpppaa,120,362,324,24.1,39,55545
ABarpppaa,121,364,328,24.2,39,62528
ABarpppaa,122,364,334,24.2,39,64451
ABarpppaa,123,365,330,24.1,40,54223
ABarpppaa,124,368,324,24.2,39,55870
ABarpppaa,125,371,330,24.1,38,54746
ABarpppaa,126,385,342,23.3,38,56482
ABarpppaa,127,391,341,24.1,38,54804
ABarpppaa,128,393,346,23.3,37,65981
ABarpppaa,129,401,355,24.0,37,68185
ABarpppaa,130,398,347,24.1,37,66620
ABarpppaa,131,391,342,24.1,37,67538
ABarpppaa,132,398,339,24.2,37,65276
ABarpppaa,133,402,339,24.0,33,61982
ABarpppaaa,134,380,337,24.0,33,54989
ABarpppaaa,135,372,341,24.2,33,50433
ABarpppaaa,136,370,337,24.1,33,46598
ABarpppaaa,137,361,344,24.1,33,52568
ABarpppaaa,138,358,345,24.2,33,52878
ABarpppaaa,139,357,343,24.2,33,53669
ABarpppaaa,140,357,336,24.2,33,52868
ABarpppaaa,141,362,341,24.0,33,48761
ABarpppaaa,142,363,339,24.1,33,52287
ABarpppaaa,143,359,336,24.1,33,58062
ABarpppaaa,144,367,333,24.1,33,54069
ABarpppaaa,145,365,336,24.1,33,52423
ABarpppaap,134,425,355,24.0,33,58676
ABarpppaap,135,429,357,24.0,33,55733
ABarpppaap,136,429,360,23.3,37,52967
ABarpppaap,137,431,363,24.0,29,50277
ABarpppaap,138,432,371,23.1,29,64068
ABarpppaap,139,425,373,23.3,37,56988
ABarpppaap,140,426,375,23.2,37,63756
ABarpppaap,141,424,377,23.1,37,52961
ABarpppaap,142,423,373,23.1,37,61247
ABarpppaap,143,424,369,23.2,37,51042
ABarpppaap,144,433,372,23.3,37,50226
ABarpppaap,145,424,369,24.0,37,51069
ABarpppap,95,406,285,22.1,34,31428
ABarpppap,96,399,283,23.0,39,24043
ABarpppap,97,397,280,23.1,38,22080
ABarpppap,98,397,276,23.1,41,18442
ABarpppap,99,403,279,24.0,41,22335
ABarpppap,100,403,281,23.2,41,20627
ABarpppap,101,401,292,23.2,41,29837
ABarpppap,102,408,291,23.3,39,35272
ABarpppap,103,401,294,23.9,37,39334
ABarpppap,104,402,299,23.9,37,34114
ABarpppap,105,401,299,23.8,37,35647
ABarpppap,106,395,306,23.9,37,39355
ABarpppap,107,394,305,23.2,41,40743
ABarpppap,108,392,307,24.0,38,38047
ABarpppap,109,386,305,23.2,40,39587
ABarpppap,110,386,309,23.8,38,41425
ABarpppap,111,382,311,23.2,40,42700
ABarpppap,112,386,307,23.9,38,47131
ABarpppap,113,387,313,23.3,42,38907
ABarpppap,114,386,309,24.0,40,36027
ABarpppap,115,381,307,23.3,40,41047
ABarpppap,116,397,300,24.1,40,40311
ABarpppap,117,398,304,24.0,42,38524
ABarpppap,118,404,300,24.1,42,40761
ABarpppap,119,412,292,24.1,42,39798
ABarpppap,120,421,293,24.1,41,44861
ABarpppap,121,420,287,24.0,41,45997
ABarpppap,122,421,290,24.1,41,47839
ABarpppap,123,417,288,24.0,40,48252
ABarpppap,124,417,277,24.0,39,45811
ABarpppap,125,419,288,23.3,36,46593
ABarpppap,126,420,291,23.2,38,53677
ABarpppap,127,417,293,23.2,36,61886
ABarpppap,128,425,303,23.1,33,63309
ABarpppapa,129,404,298,23.1,33,46159
ABarpppapa,130,404,284,23.9,33,43426
ABarpppapa,131,407,283,24.1,35,41558
ABarpppapa,132,411,281,24.2,35,39477
ABarpppapa,133,418,277,24.1,37,38447
ABarpppapa,134,419,287,24.1,33,33587
ABarpppapa,135,421,296,24.1,33,43228
ABarpppapa,136,425,300,24.1,33,41429
ABarpppapa,137,427,309,24.2,33,43263
ABarpppapa,138,423,314,24.0,33,46249
ABarpppapa,139,422,315,24.1,35,46375
ABarpppapa,140,420,311,24.1,33,48336
ABarpppapa,141,422,309,24.1,33,48414
ABarpppapa,142,421,307,24.1,33,46962
ABarpppapa,143,419,308,24.1,33,45930
ABarpppapa,144,426,311,24.1,33,41384
ABarpppapa,145,423,313,24.1,33,45069
ABarpppapp,129,445,313,23.0,33,40753
ABarpppapp,130,451,317,23.1,33,47959
ABarpppapp,131,455,312,23.0,33,46761
ABarpppapp,132,460,310,23.1,33,51399
ABarpppapp,133,464,317,23.2,37,39022
ABarpppapp,134,473,324,24.1,33,45458
ABarpppapp,135,471,331,24.1,37,38938
ABarpppapp,136,473,329,23.1,37,51113
ABarpppapp,137,469,327,23.0,37,46523
ABarpppapp,138,468,333,23.2,37,48391
ABarpppapp,139,468,330,23.1,35,48237
ABarpppapp,140,470,328,24.1,37,46403
ABarpppapp,141,467,334,24.0,33,47257
ABarpppapp,142,471,333,24.1,33,52260
ABarpppapp,143,468,332,24.1,35,53764
ABarpppapp,144,474,335,24.0,37,38848
ABarpppapp,145,466,333,23.2,35,51854
ABarpppp,67,420,302,19.1,50,5220
ABarpppp,68,421,304,20.0,49,4142
ABarpppp,69,433,306,21.1,48,5431
ABarpppp,70,441,306,21.9,47,5808
ABarpppp,71,444,308,20.9,47,8564
ABarpppp,72,437,310,21.0,47,8089
ABarpppp,73,440,310,21.9,47,8335
ABarpppp,74,437,312,21.9,47,9679
ABarpppp,75,442,310,21.9,46,12509
ABarpppp,76,435,309,21.2,47,12903
ABarpppp,77,430,300,21.2,47,13990
ABarpppp,78,438,310,22.0,45,15375
ABarpppp,79,442,306,21.9,45,18496
ABarpppp,80,439,301,22.0,45,19016
ABarpppp,81,445,306,22.0,45,18772
ABarpppp,82,447,292,21.1,49,18156
ABarpppp,83,445,294,21.2,49,18402
ABarpppp,84,456,294,21.0,47,20189
ABarpppp,85,461,286,20.3,47,22289
ABarpppp,86,467,283,20.0,45,27539
ABarpppp,87,462,281,20.1,45,29120
ABarpppp,88,461,280,20.8,46,27793
ABarpppp,89,461,276,20.1,46,28717
ABarpppp,90,463,282,21.0,47,26835
ABarpppp,91,463,289,21.1,48,27506
ABarpppp,92,454,290,20.3,43,29509
ABarpppp,93,457,286,20.2,42,40119
ABarpppp,94,455,284,20.9,40,42383
ABarpppp,95,463,274,21.1,34,41753
ABarppppa,96,439,285,22.1,35,34206
ABarppppa,97,439,285,22.2,34,26125
ABarppppa,98,438,272,22.9,37,29292
ABarppppa,99,442,271,23.0,39,24224
ABarppppa,100,438,275,22.2,39,30331
ABarppppa,101,435,274,23.0,37,31542
ABarppppa,102,439,272,22.3,39,27259
ABarppppa,103,437,273,23.0,37,35243
ABarppppa,104,441,283,23.0,39,32812
ABarppppa,105,438,284,23.1,39,31196
ABarppppa,106,429,282,23.0,37,36996
ABarppppa,107,432,293,23.1,37,37943
ABarppppa,108,432,292,23.0,38,32571
ABarppppa,109,433,297,23.9,38,31503
ABarppppa,110,431,305,23.1,38,35962
ABarppppa,111,427,305,23.1,40,35135
ABarppppa,112,430,312,23.1,40,28780
ABarppppa,113,434,315,24.0,40,27722
ABarppppa,114,437,320,24.0,38,34338
ABarppppa,115,432,335,25.0,40,34448
ABarppppa,116,438,337,24.1,42,34766
ABarppppa,117,451,338,24.2,42,37785
ABarppppa,118,453,341,24.1,42,40708
ABarppppa,119,462,342,25.0,38,44385
ABarppppa,120,466,341,25.0,41,49278
ABarppppa,121,467,330,24.2,39,51402
ABarppppa,122,468,333,24.1,41,54785
ABarppppa,123,463,337,24.1,40,51961
ABarppppa,124,453,338,24.2,39,51193
ABarppppa,125,463,341,24.3,38,54266
ABarppppa,126,464,350,24.2,38,53555
ABarppppa,127,450,353,24.0,38,60195
ABarppppa,128,455,365,23.2,37,57006
ABarppppa,129,467,362,23.3,37,59141
ABarppppa,130,463,367,23.3,37,65665
ABarppppa,131,465,364,24.1,37,67701
ABarppppa,132,472,361,24.1,37,72325
ABarppppa,133,478,362,23.2,37,76774
ABarppppa,134,477,376,22.2,37,80425
ABarppppa,135,477,361,22.0,33,73059
ABarppppaa,136,461,376,22.0,33,70042
ABarppppaa,137,453,377,21.9,33,73430
ABarppppaa,138,448,380,22.0,33,71890
ABarppppaa,139,453,382,22.2,33,70555
ABarppppaa,140,447,380,22.1,35,73184
ABarppppaa,141,450,387,22.0,33,69475
ABarppppaa,142,455,386,22.9,33,65380
ABarppppaa,143,452,384,22.9,33,71839
ABarppppaa,144,458,389,22.2,35,73476
ABarppppaa,145,454,382,22.9,33,70433
ABarppppap,136,501,361,21.8,33,68747
ABarppppap,137,504,352,21.0,33,70083
ABarppppap,138,501,361,22.1,33,84226
ABarppppap,139,501,362,22.1,35,78228
ABarppppap,140,496,362,22.1,35,66485
ABarppppap,141,498,373,22.1,33,72393
ABarppppap,142,499,380,22.1,35,82426
ABarppppap,143,495,383,22.2,37,73257
ABarppppap,144,503,388,21.2,37,67878
ABarppppap,145,501,383,21.3,37,66475
ABarppppp,96,502,261,23.1,39,21487
ABarppppp,97,513,257,23.1,38,24097
ABarppppp,98,514,248,23.1,39,26886
ABarppppp,99,519,243,23.0,37,28274
ABarppppp,100,520,241,23.1,37,29021
ABarppppp,101,529,253,24.1,37,32087
ABarppppp,102,533,248,23.2,39,30076
ABarppppp,103,524,253,23.9,37,24682
ABarppppp,104,524,261,23.1,41,32839
ABarppppp,105,513,264,23.1,41,33567
ABarppppp,106,512,272,23.2,39,38199
ABarppppp,107,513,276,23.2,41,36044
ABarppppp,108,507,283,24.0,40,39080
ABarppppp,109,506,290,24.1,40,40974
ABarppppp,110,500,294,24.3,40,36168
ABarppppp,111,500,302,24.1,42,36124
ABarppppp,112,500,305,25.1,42,30242
ABarppppp,113,501,311,25.0,42,34935
ABarppppp,114,497,312,24.1,42,34186
ABarppppp,115,495,316,24.1,40,35517
ABarppppp,116,503,321,24.2,40,42545
ABarppppp,117,507,324,25.0,42,43481
ABarppppp,118,514,324,24.3,42,52963
ABarppppp,119,523,320,24.2,42,47550
ABarppppp,120,527,322,24.1,41,57760
ABarppppp,121,529,319,24.1,41,57597
ABarppppp,122,536,321,24.1,41,57906
ABarppppp,123,525,325,24.1,40,53561
ABarppppp,124,514,328,24.1,39,56341
ABarppppp,125,518,333,24.2,38,64914
ABarppppp,126,525,341,23.3,38,70781
ABarppppp,127,525,334,24.0,38,71140
ABarppppp,128,525,343,24.1,37,74351
ABarppppp,129,531,343,23.1,37,84692
ABarppppp,130,536,344,23.1,37,80563
ABarppppp,131,537,336,23.2,37,83772
ABarppppp,132,538,328,23.0,33,89875
ABarppppp,133,537,322,22.1,35,87567
ABarpppppa,134,514,349,23.1,33,63797
ABarpppppa,135,516,349,23.2,33,68941
ABarpppppa,136,535,345,23.1,33,80398
ABarpppppa,137,538,349,23.0,33,78955
ABarpppppa,138,534,347,22.4,35,69973
ABarpppppa,139,535,343,22.2,35,71516
ABarpppppa,140,532,344,22.3,35,64222
ABarpppppa,141,534,349,22.9,33,77551
ABarpppppa,142,536,351,22.9,33,80397
ABarpppppa,143,530,346,22.1,33,79790
ABarpppppa,144,535,350,23.0,35,64582
ABarpppppa,145,533,345,22.0,33,74641
ABarpppppp,134,572,325,21.0,33,73517
ABarpppppp,135,579,323,20.2,33,81254
ABarpppppp,136,583,314,20.2,33,88462
ABarpppppp,137,587,316,19.4,35,81844
ABarpppppp,138,590,317,19.2,37,84180
ABarpppppp,139,597,319,20.0,33,83676
ABarpppppp,140,590,319,20.1,35,88103
ABarpppppp,141,596,317,19.4,35,83677
ABarpppppp,142,597,314,19.1,35,84415
ABarpppppp,143,599,313,18.4,37,76094
ABarpppppp,144,601,312,18.2,35,80416
ABarpppppp,145,602,308,18.2,37,82567
ABp,1,306,317,14.0,64,-536
ABp,2,321,343,15.1,69,-542
ABp,3,322,346,16.1,70,57
ABp,4,347,378,17.4,74,206
ABp,5,380,352,16.3,82,46
ABp,6,378,339,15.2,88,-309
ABp,7,385,340,14.1,76,-167
ABp,8,393,342,13.1,63,19
ABp,9,401,344,12.0,50,-656
ABpl,10,365,335,22.0,60,294
ABpl,11,352,315,23.8,69,436
ABpl,12,345,291,23.0,71,-408
ABpl,13,342,262,23.0,67,101
ABpl,14,331,218,22.8,69,44
ABpl,15,326,178,22.0,72,-41
ABpl,16,310,165,22.0,50,-333
ABpla,17,292,172,22.3,47,-266
ABpla,18,273,179,22.6,44,-519
ABpla,19,254,186,22.9,41,102
ABpla,20,235,193,23.2,38,1018
ABpla,21,197,219,23.0,54,52
ABpla,22,185,235,23.1,59,-458
ABpla,23,199,259,24.0,43,-782
ABpla,24,199,259,24.0,43,-199
ABpla,25,198,282,23.1,56,32
ABpla,26,206,267,24.0,40,1037
ABpla,27,208,252,23.0,41,-309
ABpla,28,214,236,22.1,38,568
ABplaa,29,188,224,23.0,34,57
ABplaa,30,183,223,22.9,34,-1123
ABplaa,31,180,202,23.2,51,246
ABplaa,32,165,204,24.0,54,-185
ABplaa,33,152,218,23.2,59,-510
ABplaa,34,145,227,23.2,61,-792
ABplaa,35,129,223,23.1,63,-229
ABplaa,36,145,214,23.2,64,-389
ABplaa,37,152,204,23.2,64,-631
ABplaa,38,163,192,23.0,66,482
ABplaa,39,166,197,23.2,68,-530
ABplaa,40,163,196,24.0,64,246
ABplaa,41,155,203,23.8,63,-295
ABplaa,42,163,199,22.2,64,-457
ABplaa,43,173,191,21.2,67,7
ABplaa,44,177,192,22.7,61,-365
ABplaaa,45,170,206,25.0,61,-323
ABplaaa,46,145,224,24.0,56,256
ABplaaa,47,131,233,24.1,54,-359
ABplaaa,48,134,247,24.0,52,-419
ABplaaa,49,133,243,24.9,51,-48
ABplaaa,50,139,247,24.1,53,469
ABplaaa,51,140,249,24.9,50,221
ABplaaa,52,148,253,23.3,51,-125
ABplaaa,53,147,259,24.0,53,1451
ABplaaa,54,148,264,23.3,50,1527
ABplaaa,55,154,272,23.2,52,1074
ABplaaa,56,153,265,23.0,51,1212
ABplaaa,57,150,267,23.1,53,1104
ABplaaa,58,156,270,23.1,53,1476
ABplaaa,59,153,265,22.3,55,3140
ABplaaa,60,155,268,23.4,53,4644
ABplaaa,61,148,258,23.1,54,3750
ABplaaa,62,146,261,22.3,57,5500
ABplaaa,63,143,260,22.2,54,6543
ABplaaa,64,145,272,22.1,51,8254
ABplaaaa,65,114,251,21.1,52,6130
ABplaaaa,66,94,251,18.2,51,8687
ABplaaaa,67,101,254,17.2,50,13278
ABplaaaa,68,89,250,18.9,49,15662
ABplaaaa,69,91,246,19.2,48,16150
ABplaaaa,70,94,237,19.2,47,16298
ABplaaaa,71,92,239,20.0,47,19532
ABplaaaa,72,99,241,20.1,47,20706
ABplaaaa,73,100,236,20.0,47,23000
ABplaaaa,74,100,237,20.8,47,23974
ABplaaaa,75,110,243,20.9,46,22250
ABplaaaa,76,104,241,20.1,45,32068
ABplaaaa,77,100,242,20.9,45,27132
ABplaaaa,78,98,246,20.9,45,31551
ABplaaaa,79,103,244,20.2,47,32808
ABplaaaa,80,102,235,21.0,45,36157
ABplaaaa,81,109,227,21.2,47,32192
ABplaaaa,82,115,216,22.9,45,33098
ABplaaaa,83,126,206,23.1,45,40805
ABplaaaa,84,133,201,21.3,47,41331
ABplaaaa,85,139,192,22.9,45,45194
ABplaaaa,86,146,196,21.2,47,44069
ABplaaaa,87,160,196,22.0,45,46724
ABplaaaa,88,164,205,22.9,46,43281
ABplaaaa,89,176,209,22.1,46,51967
ABplaaaa,90,183,218,22.9,45,48022
ABplaaaaa,91,144,200,20.0,36,54966
ABplaaaaa,92,131,198,19.1,41,50269
ABplaaaaa,93,131,192,18.1,40,52928
ABplaaaaa,94,139,196,19.0,40,48679
ABplaaaaa,95,139,194,18.9,40,54782
ABplaaaaa,96,132,190,19.1,39,71346
ABplaaaaa,97,134,187,19.9,38,64029
ABplaaaaa,98,140,190,19.3,39,65342
ABplaaaaa,99,150,183,19.3,41,59957
ABplaaaaa,100,153,184,19.2,41,70053
ABplaaaaa,101,157,188,20.1,39,70356
ABplaaaaa,102,153,185,20.1,41,71360
ABplaaaaa,103,147,182,20.3,39,78362
ABplaaaaa,104,146,186,20.4,39,80226
ABplaaaaa,105,143,189,21.1,39,72394
ABplaaaaa,106,142,181,21.4,39,75555
ABplaaaaa,107,140,170,21.3,39,75580
ABplaaaaa,108,144,175,22.2,38,75838
ABplaaaaa,109,149,173,22.2,40,79315
ABplaaaaa,110,149,173,23.1,38,76273
ABplaaaaa,111,147,182,23.2,42,76223
ABplaaaaa,112,153,184,23.2,42,74016
ABplaaaaa,113,147,190,24.0,42,70835
ABplaaaaa,114,153,196,23.2,40,76261
ABplaaaaa,115,159,186,23.2,42,73467
ABplaaaaa,116,159,184,23.1,42,80851
ABplaaaaa,117,156,186,23.9,38,83609
ABplaaaaa,118,158,184,23.2,42,81251
ABplaaaaa,119,157,189,23.2,42,86646
ABplaaaaa,120,158,186,24.0,41,84300
ABplaaaaa,121,159,195,24.2,41,90383
ABplaaaaa,122,157,197,24.2,41,92456
ABplaaaaa,123,150,203,24.2,40,89614
ABplaaaaa,124,150,206,24.1,39,88069
ABplaaaaa,125,162,206,23.9,34,83712
ABplaaaaa,126,171,217,23.9,34,81457
ABplaaaaaa,127,141,227,24.0,34,69766
ABplaaaaaa,128,140,223,24.0,33,75044
ABplaaaaaa,129,150,224,24.2,35,76409
ABplaaaaaa,130,149,220,24.2,37,69957
ABplaaaaaa,131,151,217,25.0,37,64345
ABplaaaaaa,132,146,219,24.2,37,84753
ABplaaaaaa,133,146,215,25.0,37,71892
ABplaaaaaa,134,149,217,24.3,37,74941
ABplaaaaaa,135,146,217,24.2,37,75451
ABplaaaaaa,136,141,219,24.3,37,80779
ABplaaaaaa,137,140,209,24.1,37,72912
ABplaaaaaa,138,135,216,24.2,37,89900
ABplaaaaaa,139,136,221,24.1,37,87341
ABplaaaaaa,140,136,214,24.2,37,88826
ABplaaaaaa,141,141,222,24.1,33,86182
ABplaaaaaa,142,147,217,24.2,35,87539
ABplaaaaaa,143,144,218,24.1,33,92974
ABplaaaaaa,144,143,218,24.1,35,86779
ABplaaaaaa,145,142,209,24.3,37,75912
ABplaaaaap,127,189,211,24.1,34,64918
ABplaaaaap,128,191,205,24.0,33,64911
ABplaaaaap,129,195,202,23.2,35,60668
ABplaaaaap,130,200,200,23.1,37,58923
ABplaaaaap,131,199,202,23.1,37,74172
ABplaaaaap,132,192,202,24.1,37,55638
ABplaaaaap,133,197,203,24.1,37,62129
ABplaaaaap,134,193,214,24.2,35,61476
ABplaaaaap,135,187,214,24.1,37,50791
ABplaaaaap,136,181,215,24.1,37,63330
ABplaaaaap,137,182,205,24.1,37,60317
ABplaaaaap,138,182,210,24.2,37,57401
ABplaaaaap,139,177,207,24.2,37,60259
ABplaaaaap,140,177,205,24.2,37,57509
ABplaaaaap,141,177,204,24.1,37,55476
ABplaaaaap,142,181,203,24.2,37,60645
ABplaaaaap,143,184,201,24.2,37,65721
ABplaaaaap,144,181,206,24.3,37,62769
ABplaaaaap,145,181,206,24.3,37,66877
ABplaaaap,91,191,205,23.0,36,37846
ABplaaaap,92,183,202,23.0,41,24625
ABplaaaap,93,187,185,23.1,40,31476
ABplaaaap,94,178,174,24.0,40,43441
ABplaaaap,95,183,180,24.1,40,40576
ABplaaaap,96,175,184,24.9,39,45620
ABplaaaap,97,171,184,24.9,38,42842
ABplaaaap,98,169,180,24.1,39,45719
ABplaaaap,99,170,183,24.1,39,52393
ABplaaaap,100,170,181,24.0,37,53269
ABplaaaap,101,180,187,24.1,39,53656
ABplaaaap,102,177,176,23.2,41,57381
ABplaaaap,103,170,180,23.3,41,50563
ABplaaaap,104,171,185,24.1,41,55870
ABplaaaap,105,176,196,24.1,41,57401
ABplaaaap,106,181,197,23.2,41,48991
ABplaaaap,107,175,185,23.1,39,62049
ABplaaaap,108,176,196,24.1,40,51944
ABplaaaap,109,178,186,24.1,42,52855
ABplaaaap,110,186,192,23.2,40,54272
ABplaaaap,111,188,195,23.3,40,61728
ABplaaaap,112,191,199,23.2,40,58109
ABplaaaap,113,192,205,23.2,40,60247
ABplaaaap,114,193,200,23.9,38,59292
ABplaaaap,115,195,196,24.0,38,72596
ABplaaaap,116,202,196,23.3,40,65644
ABplaaaap,117,200,193,23.9,38,62857
ABplaaaap,118,205,191,24.0,38,69080
ABplaaaap,119,208,198,24.0,42,65209
ABplaaaap,120,213,205,24.0,37,68714
ABplaaaap,121,213,212,23.3,41,68625
ABplaaaap,122,216,214,23.4,41,64298
ABplaaaap,123,214,213,23.2,38,70386
ABplaaaap,124,217,205,23.0,35,73178
ABplaaaap,125,226,211,22.3,38,65742
ABplaaaapa,126,211,212,23.1,34,54112
ABplaaaapa,127,216,209,23.0,34,53107
ABplaaaapa,128,217,211,23.2,29,64587
ABplaaaapa,129,221,220,23.9,33,51057
ABplaaaapa,130,225,220,24.0,37,45882
ABplaaaapa,131,224,225,24.1,37,52564
ABplaaaapa,132,220,226,24.0,35,51302
ABplaaaapa,133,223,227,24.1,37,54409
ABplaaaapa,134,224,230,24.1,37,52028
ABplaaaapa,135,216,233,23.3,37,43838
ABplaaaapa,136,213,230,23.3,37,45039
ABplaaaapa,137,214,229,23.9,33,60882
ABplaaaapa,138,212,236,23.1,37,50264
ABplaaaapa,139,208,232,23.2,35,65570
ABplaaaapa,140,208,225,23.2,37,59734
ABplaaaapa,141,211,230,23.2,37,60131
ABplaaaapa,142,216,224,24.0,35,62763
ABplaaaapa,143,214,225,24.0,37,57291
ABplaaaapa,144,216,224,24.0,35,55672
ABplaaaapa,145,215,226,23.9,33,72674
ABplaaaapp,126,259,201,22.2,29,73006
ABplaaaapp,127,260,197,22.0,36,60170
ABplaaaapp,128,256,210,21.9,33,57469
ABplaaaapp,129,254,217,21.3,37,51210
ABplaaaapp,130,251,224,22.0,33,53278
ABplaaaapp,131,245,230,21.3,35,46987
ABplaaaapp,132,248,226,21.4,37,46193
ABplaaaapp,133,250,224,22.1,37,42919
ABplaaaapp,134,252,231,22.3,35,44168
ABplaaaapp,135,247,228,23.1,37,42582
ABplaaaapp,136,245,225,22.2,37,38755
ABplaaaapp,137,247,224,23.0,33,56115
ABplaaaapp,138,244,226,23.1,37,49340
ABplaaaapp,139,240,224,23.2,35,56707
ABplaaaapp,140,242,219,23.2,35,51922
ABplaaaapp,141,249,220,23.3,35,54870
ABplaaaapp,142,251,223,23.2,35,59822
ABplaaaapp,143,253,222,23.9,33,64996
ABplaaaapp,144,254,222,23.4,35,48206
ABplaaaapp,145,252,226,24.1,33,60048
ABplaaap,65,151,270,23.0,34,8453
ABplaaap,66,140,266,23.1,51,4594
ABplaaap,67,148,277,23.9,50,4681
ABplaaap,68,158,278,24.2,49,6914
ABplaaap,69,160,278,24.1,48,8436
ABplaaap,70,154,278,24.9,47,9235
ABplaaap,71,149,282,24.1,47,12392
ABplaaap,72,155,281,24.0,47,12507
ABplaaap,73,154,282,23.9,47,18190
ABplaaap,74,151,282,23.9,47,17894
ABplaaap,75,159,269,23.9,46,18611
ABplaaap,76,160,264,22.9,45,20384
ABplaaap,77,150,264,23.1,45,19974
ABplaaap,78,149,253,23.2,49,21125
ABplaaap,79,157,245,22.3,47,22415
ABplaaap,80,159,240,22.4,47,25236
ABplaaap,81,161,231,23.2,47,28352
ABplaaap,82,172,226,23.0,45,33062
ABplaaap,83,183,225,23.1,47,30648
ABplaaap,84,195,223,23.0,45,33783
ABplaaap,85,198,226,23.0,45,31095
ABplaaap,86,205,231,23.0,47,30329
ABplaaap,87,214,226,23.0,45,29577
ABplaaap,88,224,230,22.9,46,35344
ABplaaap,89,231,232,22.1,46,42039
ABplaaap,90,235,228,22.9,45,43070
ABplaaap,91,237,221,22.0,36,55100
ABplaaapa,92,213,212,24.0,29,29686
ABplaaapa,93,218,206,24.0,40,29923
ABplaaapa,94,216,199,24.9,40,31164
ABplaaapa,95,223,197,24.9,40,38099
ABplaaapa,96,214,201,24.1,39,38494
ABplaaapa,97,208,205,24.0,38,41460
ABplaaapa,98,205,207,23.1,41,27500
ABplaaapa,99,206,206,24.0,39,36491
ABplaaapa,100,208,205,24.1,37,50446
ABplaaapa,101,218,207,24.9,37,44940
ABplaaapa,102,215,199,24.9,37,43738
ABplaaapa,103,217,197,24.0,37,47228
ABplaaapa,104,220,197,23.9,37,61284
ABplaaapa,105,222,195,23.9,37,50425
ABplaaapa,106,226,194,24.0,37,48910
ABplaaapa,107,224,184,24.1,37,41345
ABplaaapa,108,225,185,24.0,38,52383
ABplaaapa,109,226,179,23.9,38,54230
ABplaaapa,110,231,189,23.1,38,59734
ABplaaapa,111,230,184,23.9,38,48821
ABplaaapa,112,237,182,22.9,38,60064
ABplaaapa,113,237,191,23.0,38,58153
ABplaaapa,114,236,194,22.9,38,60534
ABplaaapa,115,237,187,22.8,38,69715
ABplaaapa,116,246,190,23.0,38,62561
ABplaaapa,117,249,186,23.1,38,61222
ABplaaapa,118,252,184,23.0,38,59452
ABplaaapa,119,258,185,23.0,38,60048
ABplaaapa,120,255,185,23.2,37,63837
ABplaaapa,121,251,189,23.8,37,62484
ABplaaapa,122,256,190,23.1,37,72810
ABplaaapa,123,256,189,22.8,36,73304
ABplaaapa,124,257,181,23.0,37,65072
ABplaaapa,125,265,188,23.2,36,69151
ABplaaapa,126,275,181,22.4,36,73828
ABplaaapa,127,268,176,23.3,38,69239
ABplaaapa,128,269,185,23.3,37,70075
ABplaaapa,129,260,189,23.2,37,61408
ABplaaapa,130,266,189,23.1,33,80121
ABplaaapa,131,262,195,23.0,33,69646
ABplaaapaa,132,246,192,23.0,33,51484
ABplaaapaa,133,249,190,23.0,33,50532
ABplaaapaa,134,249,195,23.1,33,46172
ABplaaapaa,135,242,199,24.9,33,39560
ABplaaapaa,136,233,191,24.9,33,36586
ABplaaapaa,137,237,193,24.1,33,46458
ABplaaapaa,138,239,200,24.0,33,52262
ABplaaapaa,139,236,192,24.9,33,56051
ABplaaapaa,140,234,187,24.8,33,57432
ABplaaapaa,141,236,187,24.9,33,56189
ABplaaapaa,142,236,191,25.0,33,55573
ABplaaapaa,143,234,189,24.9,33,52968
ABplaaapaa,144,235,185,25.0,33,61175
ABplaaapaa,145,234,190,24.9,33,59697
ABplaaapap,132,281,199,23.1,33,57206
ABplaaapap,133,286,200,23.1,33,54756
ABplaaapap,134,289,198,23.8,33,55547
ABplaaapap,135,284,200,23.2,35,46970
ABplaaapap,136,273,195,23.1,33,53927
ABplaaapap,137,275,192,23.1,37,43868
ABplaaapap,138,270,196,23.0,33,43977
ABplaaapap,139,273,190,23.1,37,43409
ABplaaapap,140,270,188,23.1,37,49986
ABplaaapap,141,273,184,23.2,37,50294
ABplaaapap,142,274,177,24.0,33,53436
ABplaaapap,143,271,181,23.3,35,49238
ABplaaapap,144,271,177,24.1,37,48402
ABplaaapap,145,271,170,24.1,37,50881
ABplaaapp,92,263,210,21.0,37,44181
ABplaaapp,93,266,211,21.0,40,37023
ABplaaapp,94,272,214,22.0,40,36531
ABplaaapp,95,273,214,21.0,40,39443
ABplaaapp,96,265,220,21.0,39,44589
ABplaaapp,97,258,219,21.1,38,39054
ABplaaapp,98,254,217,21.0,39,43520
ABplaaapp,99,255,223,20.2,39,49085
ABplaaapp,100,255,221,20.3,39,54468
ABplaaapp,101,266,217,21.1,41,47039
ABplaaapp,102,262,210,21.9,37,43679
ABplaaapp,103,267,206,21.3,41,47569
ABplaaapp,104,271,204,22.1,41,50535
ABplaaapp,105,267,200,21.1,41,48405
ABplaaapp,106,270,202,21.4,39,54185
ABplaaapp,107,268,196,22.2,39,51831
ABplaaapp,108,272,190,22.2,40,48659
ABplaaapp,109,276,187,22.1,40,57500
ABplaaapp,110,278,183,22.9,38,54402
ABplaaapp,111,285,182,22.3,40,58021
ABplaaapp,112,286,174,23.1,40,55952
ABplaaapp,113,288,180,23.1,42,53074
ABplaaapp,114,287,179,23.1,40,60567
ABplaaapp,115,294,176,23.1,42,59348
ABplaaapp,116,303,173,22.3,42,50058
ABplaaapp,117,309,173,22.3,40,60983
ABplaaapp,118,311,176,23.0,40,65038
ABplaaapp,119,313,172,23.1,40,63990
ABplaaapp,120,318,172,23.1,41,65601
ABplaaapp,121,309,175,23.1,41,62349
ABplaaapp,122,314,174,23.1,41,67375
ABplaaapp,123,312,177,23.1,40,68555
ABplaaapp,124,308,173,22.4,37,69077
ABplaaapp,125,312,178,23.0,34,74238
ABplaaapp,126,318,180,22.9,34,64210
ABplaaappa,127,299,180,23.0,34,55421
ABplaaappa,128,304,180,23.0,33,57129
ABplaaappa,129,303,180,22.4,37,45955
ABplaaappa,130,306,189,23.0,33,54422
ABplaaappa,131,308,192,22.3,35,47509
ABplaaappa,132,313,190,22.2,35,38011
ABplaaappa,133,317,188,23.2,37,32570
ABplaaappa,134,321,196,23.3,35,34752
ABplaaappa,135,325,201,24.0,35,39081
ABplaaappa,136,313,191,24.1,35,44231
ABplaaappa,137,312,187,24.2,35,43489
ABplaaappa,138,309,192,24.1,33,54090
ABplaaappa,139,308,189,24.0,37,45697
ABplaaappa,140,305,181,24.1,37,42793
ABplaaappa,141,308,184,24.1,35,54795
ABplaaappa,142,306,182,24.1,33,52063
ABplaaappa,143,306,181,24.0,37,46717
ABplaaappa,144,306,173,23.4,37,46959
ABplaaappa,145,302,171,23.3,35,56286
ABplaaappp,127,351,184,22.9,34,44676
ABplaaappp,128,360,181,22.9,33,49708
ABplaaappp,129,354,178,22.3,37,39336
ABplaaappp,130,353,172,22.3,37,50292
ABplaaappp,131,348,170,22.3,37,47193
ABplaaappp,132,345,169,22.3,37,40996
ABplaaappp,133,346,165,23.0,37,44612
ABplaaappp,134,347,167,23.0,37,40473
ABplaaappp,135,345,170,23.0,35,49162
ABplaaappp,136,340,168,23.1,37,47072
ABplaaappp,137,347,170,23.3,37,44659
ABplaaappp,138,343,181,23.4,37,46859
ABplaaappp,139,342,181,23.3,35,46302
ABplaaappp,140,340,177,23.2,37,39139
ABplaaappp,141,344,177,23.2,35,50087
ABplaaappp,142,344,173,23.1,37,46007
ABplaaappp,143,341,175,23.2,35,50538
ABplaaappp,144,343,172,23.2,37,50367
ABplaaappp,145,342,169,23.2,37,51942
ABplaap,45,210,178,21.0,61,47
ABplaap,46,206,180,22.9,58,11
ABplaap,47,209,174,22.9,54,93
ABplaap,48,216,173,21.9,52,496
ABplaap,49,214,170,22.2,53,111
ABplaap,50,217,176,22.3,55,-757
ABplaap,51,202,175,22.3,52,-306
ABplaap,52,198,185,22.1,51,1390
ABplaap,53,204,189,22.2,53,305
ABplaap,54,199,190,22.1,50,849
ABplaap,55,201,202,22.1,52,1545
ABplaap,56,199,193,23.1,51,1760
ABplaap,57,201,191,22.2,53,1988
ABplaap,58,199,188,22.1,53,2942
ABplaap,59,203,192,22.2,57,2059
ABplaap,60,204,191,22.2,55,4661
ABplaap,61,205,193,22.0,56,3635
ABplaap,62,199,193,21.3,55,6638
ABplaap,63,198,198,21.3,56,5176
ABplaap,64,195,191,21.9,51,7497
ABplaapa,65,147,182,22.8,52,3687
ABplaapa,66,129,192,22.1,51,7066
ABplaapa,67,127,200,22.1,50,8486
ABplaapa,68,119,198,23.0,49,9354
ABplaapa,69,129,191,23.0,48,9731
ABplaapa,70,139,192,23.0,47,11935
ABplaapa,71,138,187,23.0,47,14422
ABplaapa,72,135,190,23.1,47,13537
ABplaapa,73,135,192,23.1,47,18154
ABplaapa,74,143,197,24.0,47,14575
ABplaapa,75,151,194,24.0,46,16330
ABplaapa,76,148,190,23.3,49,20135
ABplaapa,77,143,190,22.4,47,22203
ABplaapa,78,146,191,22.3,47,24526
ABplaapa,79,142,181,22.3,49,31897
ABplaapa,80,143,171,21.4,47,33036
ABplaapa,81,161,171,21.3,47,35262
ABplaapa,82,181,157,22.1,47,31071
ABplaapa,83,188,161,22.3,47,34372
ABplaapa,84,195,154,23.2,49,31159
ABplaapa,85,200,157,23.2,47,32853
ABplaapa,86,205,160,24.0,49,36958
ABplaapa,87,215,152,23.1,47,45912
ABplaapa,88,221,158,23.4,48,40896
ABplaapa,89,229,157,24.0,46,44573
ABplaapa,90,225,157,23.1,45,54124
ABplaapa,91,225,151,23.0,44,40977
ABplaapaa,92,184,151,22.9,41,30656
ABplaapaa,93,175,145,21.9,40,39389
ABplaapaa,94,173,134,20.2,40,54471
ABplaapaa,95,182,132,19.9,40,56453
ABplaapaa,96,167,131,20.1,39,66589
ABplaapaa,97,163,133,20.9,38,65639
ABplaapaa,98,171,135,21.1,39,59539
ABplaapaa,99,177,139,21.1,39,62733
ABplaapaa,100,180,135,21.1,37,61595
ABplaapaa,101,190,136,21.4,39,58198
ABplaapaa,102,201,132,21.1,41,67969
ABplaapaa,103,203,129,21.9,37,69892
ABplaapaa,104,204,134,21.2,39,69357
ABplaapaa,105,205,133,21.2,39,59833
ABplaapaa,106,203,132,21.3,39,66445
ABplaapaa,107,203,133,22.1,37,69508
ABplaapaa,108,204,137,22.0,40,65313
ABplaapaa,109,209,133,21.2,42,68283
ABplaapaa,110,209,134,21.3,40,69388
ABplaapaa,111,207,141,22.0,38,75200
ABplaapaa,112,205,136,21.4,40,78528
ABplaapaa,113,204,139,22.0,42,76794
ABplaapaa,114,206,145,22.3,42,68853
ABplaapaa,115,214,139,22.2,40,78887
ABplaapaa,116,219,140,23.1,42,72022
ABplaapaa,117,226,135,23.1,38,77013
ABplaapaa,118,222,133,23.1,42,76750
ABplaapaa,119,221,144,23.1,42,76922
ABplaapaa,120,217,150,23.1,39,82395
ABplaapaa,121,211,154,23.1,41,82345
ABplaapaa,122,206,156,23.3,41,78662
ABplaapaa,123,208,155,23.4,40,69435
ABplaapaa,124,202,138,22.1,39,47409
ABplaapaa,125,216,153,23.2,36,84537
ABplaapaa,126,220,154,22.9,34,64682
ABplaapaa,127,222,157,22.9,34,85574
ABplaapaaa,128,187,156,22.9,33,71958
ABplaapaaa,129,190,160,23.0,33,78646
ABplaapaaa,130,191,158,23.0,33,85163
ABplaapaaa,131,189,158,23.1,35,78638
ABplaapaaa,132,186,160,23.2,37,63917
ABplaapaaa,133,186,164,24.2,37,76638
ABplaapaaa,134,185,168,24.2,37,75992
ABplaapaaa,135,178,168,24.2,37,69593
ABplaapaaa,136,174,171,24.2,37,64925
ABplaapaaa,137,174,166,24.1,37,63797
ABplaapaaa,138,178,168,24.2,37,73235
ABplaapaaa,139,176,162,24.1,37,71759
ABplaapaaa,140,170,151,23.2,37,78227
ABplaapaaa,141,174,153,23.2,37,77418
ABplaapaaa,142,178,157,23.3,37,60198
ABplaapaaa,143,176,155,23.3,37,60449
ABplaapaaa,144,168,163,23.3,37,65404
ABplaapaaa,145,165,159,23.2,37,74497
ABplaapaap,128,237,166,23.0,33,55246
ABplaapaap,129,238,167,23.8,33,48324
ABplaapaap,130,236,161,23.1,33,54950
ABplaapaap,131,236,160,24.0,35,48101
ABplaapaap,132,225,163,24.2,35,47231
ABplaapaap,133,230,159,24.1,33,52957
ABplaapaap,134,229,161,24.2,35,46899
ABplaapaap,135,222,164,24.1,37,50750
ABplaapaap,136,215,159,24.1,35,54575
ABplaapaap,137,215,161,24.2,37,58651
ABplaapaap,138,216,164,24.1,37,57478
ABplaapaap,139,213,164,24.1,37,60793
ABplaapaap,140,210,154,24.1,37,53683
ABplaapaap,141,214,157,24.1,37,60930
ABplaapaap,142,214,159,24.0,35,60491
ABplaapaap,143,212,153,23.2,37,62356
ABplaapaap,144,211,150,23.1,37,58634
ABplaapaap,145,206,153,24.1,37,63583
ABplaapap,92,235,139,23.1,41,33775
ABplaapap,93,229,131,22.9,40,34972
ABplaapap,94,227,137,23.0,29,35469
ABplaapap,95,228,131,23.2,40,38838
ABplaapap,96,227,135,23.2,41,37011
ABplaapap,97,231,146,23.9,38,42568
ABplaapap,98,234,152,23.3,39,40674
ABplaapap,99,238,158,23.2,39,36159
ABplaapap,100,238,156,23.2,41,38202
ABplaapap,101,237,151,24.0,39,47436
ABplaapap,102,241,150,23.2,39,47075
ABplaapap,103,244,142,22.4,39,44014
ABplaapap,104,246,143,23.1,39,49591
ABplaapap,105,242,137,23.1,39,51122
ABplaapap,106,242,132,22.3,39,50556
ABplaapap,107,243,128,22.2,39,62830
ABplaapap,108,244,129,22.3,40,54735
ABplaapap,109,252,127,22.0,40,62758
ABplaapap,110,249,127,22.2,40,66684
ABplaapap,111,250,131,22.2,40,68455
ABplaapap,112,249,128,22.1,40,72512
ABplaapap,113,248,133,22.2,40,71334
ABplaapap,114,250,134,23.1,42,66803
ABplaapap,115,255,127,22.3,40,79890
ABplaapap,116,260,128,22.3,42,65593
ABplaapap,117,268,132,23.0,42,66023
ABplaapap,118,265,133,23.2,42,66717
ABplaapap,119,266,131,23.1,42,64889
ABplaapap,120,256,132,23.2,41,66284
ABplaapap,121,251,135,23.2,41,69940
ABplaapap,122,247,140,24.0,41,71771
ABplaapap,123,254,144,24.0,40,68106
ABplaapap,124,260,132,22.9,35,70190
ABplaapap,125,272,138,23.0,34,80603
ABplaapapa,126,247,123,23.0,34,58910
ABplaapapa,127,249,118,22.2,34,61176
ABplaapapa,128,250,121,23.1,33,77912
ABplaapapa,129,249,121,23.1,33,73183
ABplaapapa,130,247,115,22.3,37,74510
ABplaapapa,131,250,118,23.1,33,71960
ABplaapapa,132,241,121,23.1,37,65068
ABplaapapa,133,244,117,23.1,37,63335
ABplaapapa,134,243,122,23.1,37,66236
ABplaapapa,135,243,124,23.1,37,57575
ABplaapapa,136,236,122,23.0,33,74396
ABplaapapa,137,235,128,23.1,37,68907
ABplaapapa,138,238,131,23.2,37,64847
ABplaapapa,139,239,128,23.2,35,74852
ABplaapapa,140,240,124,22.2,37,74008
ABplaapapa,141,239,124,22.3,37,71435
ABplaapapa,142,240,121,22.2,37,76297
ABplaapapa,143,242,121,22.1,37,82317
ABplaapapa,144,238,122,22.1,35,83035
ABplaapapa,145,235,114,22.3,37,74338
ABplaapapp,126,292,143,23.1,34,55034
ABplaapapp,127,297,144,23.0,34,50204
ABplaapapp,128,296,143,23.0,33,48441
ABplaapapp,129,303,143,23.3,37,38273
ABplaapapp,130,293,147,24.0,37,43538
ABplaapapp,131,291,148,23.2,37,49928
ABplaapapp,132,272,151,23.1,35,54285
ABplaapapp,133,274,146,23.1,37,50485
ABplaapapp,134,273,155,23.1,37,43249
ABplaapapp,135,266,158,23.3,37,50630
ABplaapapp,136,263,152,24.0,37,49354
ABplaapapp,137,265,153,23.3,37,46962
ABplaapapp,138,267,159,23.2,37,50305
ABplaapapp,139,261,159,23.1,37,45360
ABplaapapp,140,254,149,23.2,37,56338
ABplaapapp,141,262,144,23.2,37,58625
ABplaapapp,142,257,146,23.3,37,54191
ABplaapapp,143,261,146,23.3,37,61343
ABplaapapp,144,257,145,23.1,37,61534
ABplaapapp,145,259,138,23.3,37,57573
ABplaapp,65,203,195,22.0,52,2166
ABplaapp,66,199,199,21.8,51,5058
ABplaapp,67,209,208,22.2,50,5457
ABplaapp,68,214,217,21.9,49,6668
ABplaapp,69,220,218,22.9,48,6809
ABplaapp,70,223,219,22.9,47,8047
ABplaapp,71,220,220,22.0,47,8653
ABplaapp,72,221,223,22.9,47,11724
ABplaapp,73,219,213,22.0,47,13403
ABplaapp,74,223,207,22.1,47,12661
ABplaapp,75,228,194,22.0,46,14639
ABplaapp,76,227,195,21.3,47,17394
ABplaapp,77,227,192,22.1,49,17567
ABplaapp,78,227,179,21.2,49,21726
ABplaapp,79,228,176,20.3,47,23765
ABplaapp,80,227,167,20.3,47,25953
ABplaapp,81,242,166,20.2,49,25245
ABplaapp,82,249,162,20.2,47,27430
ABplaapp,83,258,158,20.2,49,30749
ABplaapp,84,270,144,21.1,49,26302
ABplaapp,85,276,137,22.0,49,29221
ABplaapp,86,288,151,22.0,47,34210
ABplaapp,87,293,154,21.2,47,41288
ABplaapp,88,292,163,22.1,46,38473
ABplaapp,89,295,159,22.0,46,40521
ABplaapp,90,296,159,22.1,49,38036
ABplaappa,91,269,168,21.1,44,22966
ABplaappa,92,271,156,21.0,41,33235
ABplaappa,93,266,149,21.1,42,36131
ABplaappa,94,259,142,21.9,40,38102
ABplaappa,95,263,142,22.0,40,40314
ABplaappa,96,263,137,22.9,39,42274
ABplaappa,97,264,133,23.0,38,45870
ABplaappa,98,263,131,23.2,39,48307
ABplaappa,99,264,136,23.1,39,49486
ABplaappa,100,262,128,23.1,37,54441
ABplaappa,101,268,125,23.0,37,49381
ABplaappa,102,269,122,22.2,39,52557
ABplaappa,103,278,120,22.1,39,54465
ABplaappa,104,282,119,22.3,41,53989
ABplaappa,105,284,116,22.2,41,50781
ABplaappa,106,291,117,22.2,41,62357
ABplaappa,107,291,114,22.1,41,68046
ABplaappa,108,288,111,22.0,40,70231
ABplaappa,109,311,104,22.1,40,73974
ABplaappa,110,314,103,22.1,40,73817
ABplaappa,111,314,98,22.0,40,72205
ABplaappa,112,316,100,21.2,40,73971
ABplaappa,113,314,106,21.3,42,74790
ABplaappa,114,315,106,22.0,42,80093
ABplaappa,115,322,104,21.5,40,75087
ABplaappa,116,327,102,21.9,38,72717
ABplaappa,117,333,97,21.0,38,88983
ABplaappa,118,334,95,21.0,38,85635
ABplaappa,119,339,95,20.2,38,87114
ABplaappa,120,334,97,21.1,39,89243
ABplaappa,121,336,96,21.2,39,88066
ABplaappa,122,337,101,21.2,39,82731
ABplaappa,123,334,98,21.2,38,92002
ABplaappa,124,339,97,22.0,39,89146
ABplaappa,125,330,99,22.0,38,92118
ABplaappa,126,325,100,22.1,38,88596
ABplaappa,127,317,103,21.3,36,96925
ABplaappa,128,310,101,21.2,37,96318
ABplaappa,129,305,102,21.2,37,97426
ABplaappa,130,304,108,21.1,33,101678
ABplaappa,131,306,103,21.0,33,91101
ABplaappaa,132,277,106,21.8,33,72365
ABplaappaa,133,275,97,21.0,33,77107
ABplaappaa,134,273,105,21.8,33,68432
ABplaappaa,135,272,105,22.9,33,69654
ABplaappaa,136,262,103,22.1,35,77853
ABplaappaa,137,264,103,22.2,33,82822
ABplaappaa,138,262,105,22.9,33,96403
ABplaappaa,139,266,105,22.3,33,88059
ABplaappaa,140,268,106,22.4,35,73350
ABplaappaa,141,265,100,22.1,33,102939
ABplaappaa,142,270,99,22.1,33,98157
ABplaappaa,143,268,97,21.4,35,88516
ABplaappaa,144,267,98,21.8,33,95041
ABplaappaa,145,265,91,21.1,35,95778
ABplaappap,132,322,111,21.0,33,71606
ABplaappap,133,321,110,21.9,33,61519
ABplaappap,134,317,110,22.1,37,58066
ABplaappap,135,317,113,22.2,37,57915
ABplaappap,136,309,113,22.1,37,61721
ABplaappap,137,315,114,22.2,37,67937
ABplaappap,138,313,116,22.1,35,67433
ABplaappap,139,316,115,22.0,37,66838
ABplaappap,140,316,107,21.2,37,72154
ABplaappap,141,317,105,21.0,37,61863
ABplaappap,142,319,102,21.1,37,72805
ABplaappap,143,314,104,20.4,37,69289
ABplaappap,144,316,107,21.1,37,66496
ABplaappap,145,310,104,21.0,35,77703
ABplaappp,91,315,122,20.2,38,37530
ABplaappp,92,324,119,20.1,41,43129
ABplaappp,93,330,113,20.1,40,42829
ABplaappp,94,336,102,20.3,42,42033
ABplaappp,95,343,99,20.9,40,44259
ABplaappp,96,345,100,20.1,41,45145
ABplaappp,97,346,105,20.2,40,46284
ABplaappp,98,354,115,21.0,41,43984
ABplaappp,99,349,105,21.2,41,43540
ABplaappp,100,347,111,21.2,41,45895
ABplaappp,101,351,113,21.0,41,41774
ABplaappp,102,354,116,20.2,41,45181
ABplaappp,103,355,118,20.0,41,47536
ABplaappp,104,355,114,19.2,41,54884
ABplaappp,105,359,113,19.3,41,51946
ABplaappp,106,359,109,20.1,41,52899
ABplaappp,107,357,105,20.1,41,57603
ABplaappp,108,355,105,20.1,42,69313
ABplaappp,109,369,107,20.1,42,57468
ABplaappp,110,370,108,19.1,42,65100
ABplaappp,111,367,103,19.2,42,63876
ABplaappp,112,372,102,20.1,42,65511
ABplaappp,113,372,103,20.3,42,62564
ABplaappp,114,370,102,20.1,42,68272
ABplaappp,115,371,101,19.2,42,71923
ABplaappp,116,374,97,18.2,42,75831
ABplaappp,117,380,94,19.1,42,75419
ABplaappp,118,375,94,19.0,40,74139
ABplaappp,119,382,89,18.1,42,78943
ABplaappp,120,378,87,18.2,41,88777
ABplaappp,121,377,88,18.2,41,88207
ABplaappp,122,375,90,18.3,39,85565
ABplaappp,123,379,92,19.0,40,89206
ABplaappp,124,385,87,19.1,39,93320
ABplaappp,125,382,92,19.1,38,98582
ABplaappp,126,385,93,19.0,34,84153
ABplaapppa,127,350,87,18.1,34,74727
ABplaapppa,128,344,83,18.0,33,88627
ABplaapppa,129,347,87,19.0,33,80301
ABplaapppa,130,344,86,19.2,35,77002
ABplaapppa,131,343,84,18.3,35,74437
ABplaapppa,132,340,82,18.2,35,81172
ABplaapppa,133,347,78,18.3,35,68953
ABplaapppa,134,348,82,19.0,35,73002
ABplaapppa,135,346,84,19.1,37,69440
ABplaapppa,136,340,85,19.1,35,66421
ABplaapppa,137,348,89,19.1,37,62519
ABplaapppa,138,346,96,20.1,37,61975
ABplaapppa,139,346,95,19.1,37,62563
ABplaapppa,140,347,97,19.2,37,64500
ABplaapppa,141,349,101,19.3,37,68883
ABplaapppa,142,353,94,19.1,37,64794
ABplaapppa,143,349,92,18.1,37,71967
ABplaapppa,144,349,95,18.2,37,74548
ABplaapppa,145,348,89,18.1,37,71941
ABplaapppp,127,402,97,18.9,34,72761
ABplaapppp,128,408,95,19.0,33,72381
ABplaapppp,129,408,94,19.0,33,78180
ABplaapppp,130,402,85,17.2,37,76620
ABplaapppp,131,396,84,16.3,37,73291
ABplaapppp,132,390,80,16.1,35,86766
ABplaapppp,133,397,77,15.4,37,74663
ABplaapppp,134,390,80,15.3,37,82064
ABplaapppp,135,385,76,15.3,35,81146
ABplaapppp,136,379,76,14.5,35,82930
ABplaapppp,137,382,76,15.0,37,79814
ABplaapppp,138,379,78,15.3,37,88726
ABplaapppp,139,381,82,15.2,37,84322
ABplaapppp,140,383,78,15.3,35,90562
ABplaapppp,141,384,79,15.2,37,89162
ABplaapppp,142,387,80,15.2,37,86400
ABplaapppp,143,386,82,15.2,37,90915
ABplaapppp,144,387,80,15.2,35,92849
ABplaapppp,145,387,75,15.2,37,85088
ABplap,29,257,245,23.0,48,-231
ABplap,30,260,234,23.0,34,721
ABplap,31,273,227,23.1,36,-360
ABplap,32,273,227,23.1,36,-286
ABplap,33,291,243,23.1,39,-202
ABplap,34,289,252,23.0,55,-576
ABplap,35,281,254,22.0,40,-409
ABplap,36,284,258,22.9,58,97
ABplap,37,283,253,22.2,62,-663
ABplap,38,280,249,23.0,62,261
ABplap,39,284,261,22.1,64,222
ABplap,40,280,268,22.3,64,411
ABplap,41,277,265,22.2,65,-634
ABplap,42,282,261,22.1,64,265
ABplap,43,283,252,22.0,65,-201
ABplap,44,282,251,21.8,61,-444
ABplapa,45,263,272,23.0,53,347
ABplapa,46,253,271,23.0,58,-643
ABplapa,47,231,274,23.9,54,-1012
ABplapa,48,230,293,23.3,54,-419
ABplapa,49,237,293,23.2,57,-117
ABplapa,50,232,286,23.2,57,308
ABplapa,51,228,284,23.1,54,-512
ABplapa,52,230,287,23.0,51,-179
ABplapa,53,234,287,23.1,53,611
ABplapa,54,237,292,23.0,50,294
ABplapa,55,243,297,23.1,52,532
ABplapa,56,237,297,22.1,51,1275
ABplapa,57,240,296,22.3,53,1833
ABplapa,58,243,295,22.2,51,2047
ABplapa,59,249,294,23.0,53,2755
ABplapa,60,243,300,22.2,53,3210
ABplapa,61,242,294,23.0,52,1867
ABplapa,62,241,292,21.4,55,3956
ABplapa,63,238,298,21.9,52,4307
ABplapa,64,235,305,22.2,57,5097
ABplapaa,65,199,314,24.0,52,3638
ABplapaa,66,191,318,24.2,51,3099
ABplapaa,67,192,323,24.1,50,3747
ABplapaa,68,203,325,24.2,51,4570
ABplapaa,69,208,325,24.2,50,5538
ABplapaa,70,201,313,24.1,47,7474
ABplapaa,71,197,312,24.1,47,7601
ABplapaa,72,200,317,24.1,47,9040
ABplapaa,73,199,305,24.1,47,10521
ABplapaa,74,203,296,24.0,47,12984
ABplapaa,75,201,294,24.0,46,13925
ABplapaa,76,200,287,24.0,47,13716
ABplapaa,77,196,292,24.0,45,13921
ABplapaa,78,201,271,24.0,45,14453
ABplapaa,79,210,244,23.9,45,19355
ABplapaa,80,208,219,24.0,45,17309
ABplapaa,81,220,216,24.0,45,17269
ABplapaa,82,227,209,24.0,45,17742
ABplapaa,83,241,213,23.9,45,17400
ABplapaa,84,246,207,24.0,45,17197
ABplapaa,85,259,207,23.1,45,18722
ABplapaa,86,271,213,23.9,45,17818
ABplapaa,87,277,214,23.9,45,16243
ABplapaa,88,293,225,23.1,46,24494
ABplapaa,89,298,227,23.9,46,23335
ABplapaa,90,311,220,23.9,45,22307
ABplapaa,91,313,192,23.9,44,31111
ABplapaa,92,312,174,23.9,41,34414
ABplapaa,93,313,174,23.1,42,42779
ABplapaa,94,314,169,24.0,40,33798
ABplapaa,95,310,172,22.1,44,26437
ABplapaaa,96,279,182,22.3,37,24410
ABplapaaa,97,278,177,23.9,38,21364
ABplapaaa,98,283,176,23.1,37,32678
ABplapaaa,99,279,181,23.2,39,24211
ABplapaaa,100,280,176,23.8,37,31309
ABplapaaa,101,286,169,23.2,41,29415
ABplapaaa,102,283,166,23.8,37,37212
ABplapaaa,103,284,156,23.2,39,35733
ABplapaaa,104,292,161,23.1,37,40372
ABplapaaa,105,290,155,24.0,37,37518
ABplapaaa,106,299,155,23.3,41,35552
ABplapaaa,107,302,149,23.9,37,38896
ABplapaaa,108,304,147,23.8,38,38335
ABplapaaa,109,309,146,23.1,40,45596
ABplapaaa,110,308,145,22.9,38,45543
ABplapaaa,111,309,142,22.9,38,47079
ABplapaaa,112,316,139,23.0,38,48438
ABplapaaa,113,319,146,23.0,38,47785
ABplapaaa,114,322,147,23.1,38,50976
ABplapaaa,115,329,142,23.0,38,46886
ABplapaaa,116,334,138,22.3,40,50432
ABplapaaa,117,336,136,22.3,40,62111
ABplapaaa,118,338,133,22.4,40,55609
ABplapaaa,119,345,130,23.0,42,50032
ABplapaaa,120,343,126,23.1,29,50570
ABplapaaa,121,350,134,23.0,41,46424
ABplapaaa,122,354,140,23.1,41,47131
ABplapaaa,123,353,137,22.2,40,52318
ABplapaaa,124,352,135,23.2,39,57785
ABplapaaa,125,346,129,23.1,38,56610
ABplapaaa,126,353,137,22.2,38,69893
ABplapaaa,127,341,138,21.1,34,69590
ABplapaaa,128,341,141,21.0,37,56399
ABplapaaaa,129,320,148,20.0,33,49180
ABplapaaaa,130,313,150,20.1,33,42141
ABplapaaaa,131,312,151,20.1,33,55947
ABplapaaaa,132,309,152,21.1,33,43739
ABplapaaaa,133,309,154,21.1,35,44302
ABplapaaaa,134,314,155,22.0,33,51584
ABplapaaaa,135,318,158,22.2,37,44049
ABplapaaaa,136,313,155,22.2,35,47761
ABplapaaaa,137,322,153,22.3,35,52818
ABplapaaaa,138,322,158,23.1,33,56623
ABplapaaaa,139,326,150,23.1,37,47013
ABplapaaaa,140,325,146,23.3,37,40639
ABplapaaaa,141,324,151,23.1,37,43301
ABplapaaaa,142,327,149,22.4,37,38815
ABplapaaaa,143,327,142,24.0,33,40234
ABplapaaaa,144,331,137,23.3,37,41936
ABplapaaaa,145,329,132,23.3,37,39522
ABplapaaap,129,370,132,22.0,33,54362
ABplapaaap,130,366,129,22.0,33,51127
ABplapaaap,131,362,126,22.1,29,64333
ABplapaaap,132,361,127,22.4,31,46937
ABplapaaap,133,360,128,22.8,34,41080
ABplapaaap,134,359,129,23.1,37,40896
ABplapaaap,135,364,133,22.2,37,44503
ABplapaaap,136,354,131,22.1,37,46711
ABplapaaap,137,359,130,22.2,35,49347
ABplapaaap,138,359,131,23.2,37,47835
ABplapaaap,139,359,132,22.2,35,46885
ABplapaaap,140,359,130,23.0,37,40412
ABplapaaap,141,360,131,23.0,37,45000
ABplapaaap,142,359,126,22.3,37,42154
ABplapaaap,143,358,125,22.2,35,48929
ABplapaaap,144,363,127,22.2,37,42222
ABplapaaap,145,361,123,22.3,37,42508
ABplapaap,96,341,165,23.1,35,36039
ABplapaap,97,338,166,22.9,38,30660
ABplapaap,98,348,169,23.0,37,28926
ABplapaap,99,357,155,23.2,39,36755
ABplapaap,100,355,160,23.9,37,30726
ABplapaap,101,357,161,23.1,37,32964
ABplapaap,102,357,155,23.2,41,33249
ABplapaap,103,356,152,23.1,37,33623
ABplapaap,104,357,155,23.1,39,32786
ABplapaap,105,358,151,23.1,39,34463
ABplapaap,106,366,157,23.1,37,40323
ABplapaap,107,363,155,23.1,39,43583
ABplapaap,108,361,152,23.9,38,37038
ABplapaap,109,370,154,23.0,38,37886
ABplapaap,110,361,143,23.2,40,37742
ABplapaap,111,367,142,23.1,40,31086
ABplapaap,112,366,142,23.0,38,43167
ABplapaap,113,365,146,23.0,40,39699
ABplapaap,114,370,141,23.9,38,37085
ABplapaap,115,381,133,23.1,38,40795
ABplapaap,116,386,121,23.1,38,47665
ABplapaap,117,386,124,23.1,38,50023
ABplapaap,118,393,125,22.3,40,47326
ABplapaap,119,391,123,22.2,40,46429
ABplapaap,120,394,118,23.1,39,53874
ABplapaap,121,398,118,23.1,41,50341
ABplapaap,122,399,122,23.0,41,48541
ABplapaap,123,396,121,22.3,40,57613
ABplapaap,124,400,121,22.3,39,57127
ABplapaap,125,404,120,22.3,38,62754
ABplapaap,126,409,117,23.0,38,67637
ABplapaap,127,404,120,22.3,38,68097
ABplapaap,128,397,130,22.1,37,62773
ABplapaap,129,405,137,22.2,37,62375
ABplapaap,130,404,127,22.0,33,65371
ABplapaapa,131,386,127,22.0,33,52509
ABplapaapa,132,382,133,21.2,37,52734
ABplapaapa,133,382,128,22.1,35,58396
ABplapaapa,134,388,132,23.0,33,51703
ABplapaapa,135,389,126,22.2,29,58640
ABplapaapa,136,386,120,22.2,35,46819
ABplapaapa,137,388,110,23.0,35,48215
ABplapaapa,138,385,110,23.2,37,54128
ABplapaapa,139,391,108,22.3,35,58478
ABplapaapa,140,391,105,22.1,33,65829
ABplapaapa,141,391,107,22.2,35,59112
ABplapaapa,142,396,108,22.2,33,58251
ABplapaapa,143,390,102,22.1,35,68113
ABplapaapa,144,391,100,22.3,37,56270
ABplapaapa,145,391,102,22.1,35,55825
ABplapaapp,131,423,119,21.1,33,50896
ABplapaapp,132,429,106,21.0,33,54065
ABplapaapp,133,428,99,20.1,33,57922
ABplapaapp,134,426,100,20.1,35,61705
ABplapaapp,135,428,96,20.2,35,62135
ABplapaapp,136,419,96,19.2,35,61196
ABplapaapp,137,419,98,20.0,35,56501
ABplapaapp,138,419,102,20.1,35,66752
ABplapaapp,139,422,102,20.2,37,61559
ABplapaapp,140,425,103,20.2,37,63763
ABplapaapp,141,429,102,20.1,35,65914
ABplapaapp,142,430,97,20.2,33,74081
ABplapaapp,143,428,101,20.9,33,67926
ABplapaapp,144,425,97,20.2,37,61013
ABplapaapp,145,422,93,20.1,35,67302
ABplapap,65,263,290,22.9,52,2468
ABplapap,66,257,289,23.2,51,3420
ABplapap,67,272,311,23.1,50,3578
ABplapap,68,275,321,22.2,49,5237
ABplapap,69,279,331,23.0,48,7589
ABplapap,70,277,333,23.9,47,7530
ABplapap,71,272,322,24.0,47,7129
ABplapap,72,271,306,23.1,47,8986
ABplapap,73,267,300,23.9,47,7005
ABplapap,74,269,287,22.1,49,10843
ABplapap,75,267,281,23.0,46,11218
ABplapap,76,272,272,23.1,47,10136
ABplapap,77,270,264,23.1,47,8886
ABplapap,78,272,251,23.1,45,13347
ABplapap,79,275,236,23.0,49,9810
ABplapap,80,274,219,23.0,45,10659
ABplapap,81,291,214,22.9,45,13171
ABplapap,82,298,207,22.9,45,12899
ABplapap,83,305,204,23.2,47,16328
ABplapap,84,320,200,23.1,47,18143
ABplapap,85,335,189,22.9,45,22810
ABplapap,86,347,192,23.2,47,17396
ABplapap,87,359,180,23.1,45,23649
ABplapap,88,369,179,23.1,46,28104
ABplapap,89,375,176,23.0,46,29576
ABplapap,90,375,171,23.0,45,31738
ABplapap,91,383,159,21.1,42,30953
ABplapapa,92,362,161,22.1,35,34015
ABplapapa,93,363,153,22.9,40,19933
ABplapapa,94,370,146,22.9,40,28794
ABplapapa,95,373,144,23.0,40,25614
ABplapapa,96,377,143,23.1,39,28071
ABplapapa,97,379,149,23.9,38,23786
ABplapapa,98,384,149,23.1,41,25259
ABplapapa,99,392,142,23.1,39,28588
ABplapapa,100,393,138,23.1,39,27019
ABplapapa,101,394,139,23.0,39,23500
ABplapapa,102,395,139,23.2,39,30578
ABplapapa,103,396,127,23.3,41,30124
ABplapapa,104,397,133,23.3,41,25946
ABplapapa,105,402,132,23.2,41,27069
ABplapapa,106,411,136,23.1,41,31513
ABplapapa,107,409,129,23.1,41,32301
ABplapapa,108,407,133,23.1,40,31029
ABplapapa,109,411,135,23.1,40,34730
ABplapapa,110,407,126,23.1,40,36804
ABplapapa,111,415,128,23.1,40,38642
ABplapapa,112,414,133,23.1,40,41720
ABplapapa,113,419,133,23.0,40,38373
ABplapapa,114,432,129,23.1,42,43840
ABplapapa,115,431,133,23.2,40,43106
ABplapapa,116,443,126,23.1,40,44135
ABplapapa,117,448,121,23.0,38,46049
ABplapapa,118,453,118,23.0,40,48144
ABplapapa,119,457,121,23.1,40,52135
ABplapapa,120,458,115,23.0,41,50896
ABplapapa,121,460,120,22.3,41,57472
ABplapapa,122,465,116,22.2,41,60661
ABplapapa,123,463,120,22.3,38,61028
ABplapapa,124,469,116,23.1,39,61608
ABplapapa,125,467,122,23.0,34,66872
ABplapapa,126,478,124,22.9,34,67697
ABplapapaa,127,465,126,23.1,34,45278
ABplapapaa,128,470,126,23.9,33,36188
ABplapapaa,129,469,126,23.3,37,33836
ABplapapaa,130,469,126,23.9,33,44756
ABplapapaa,131,476,129,23.2,37,43877
ABplapapaa,132,483,114,22.1,37,44324
ABplapapaa,133,486,112,23.1,37,41405
ABplapapaa,134,490,112,22.3,37,43776
ABplapapaa,135,488,119,22.2,37,38519
ABplapapaa,136,489,120,22.1,37,41893
ABplapapaa,137,496,121,23.0,35,45201
ABplapapaa,138,499,127,22.3,37,49616
ABplapapaa,139,505,124,22.1,37,44939
ABplapapaa,140,506,120,22.0,37,50930
ABplapapaa,141,513,120,21.4,37,50066
ABplapapaa,142,522,123,21.2,29,59457
ABplapapaa,143,525,119,21.2,37,64232
ABplapapaa,144,526,116,22.0,37,51988
ABplapapaa,145,524,116,21.1,37,62530
ABplapapap,127,515,126,22.2,34,55626
ABplapapap,128,522,130,22.1,33,54079
ABplapapap,129,531,126,22.3,35,48051
ABplapapap,130,530,120,22.3,37,47205
ABplapapap,131,537,119,22.1,29,58575
ABplapapap,132,536,117,22.0,37,48462
ABplapapap,133,536,113,21.2,35,56459
ABplapapap,134,531,118,21.2,37,54085
ABplapapap,135,537,118,22.0,37,48595
ABplapapap,136,529,111,20.2,37,50346
ABplapapap,137,537,112,20.3,35,55199
ABplapapap,138,535,117,20.3,37,57851
ABplapapap,139,536,117,20.2,37,50243
ABplapapap,140,534,115,20.1,37,57313
ABplapapap,141,549,120,20.2,37,60284
ABplapapap,142,547,116,20.1,37,65743
ABplapapap,143,545,117,19.3,37,67593
ABplapapap,144,551,112,19.1,37,65022
ABplapapap,145,545,110,19.1,37,72798
ABplapapp,92,418,141,21.9,41,26569
ABplapapp,93,425,131,21.0,40,25478
ABplapapp,94,433,138,20.9,40,29624
ABplapapp,95,442,135,20.1,40,40291
ABplapapp,96,443,133,21.0,39,39190
ABplapapp,97,444,129,21.9,38,32633
ABplapapp,98,447,119,21.0,37,35970
ABplapapp,99,447,117,20.2,39,37722
ABplapapp,100,453,118,21.1,39,40396
ABplapapp,101,456,122,20.2,39,44746
ABplapapp,102,462,120,20.2,41,40263
ABplapapp,103,465,118,20.2,39,38918
ABplapapp,104,472,115,20.2,41,47966
ABplapapp,105,474,112,20.2,39,44871
ABplapapp,106,475,108,20.2,41,48539
ABplapapp,107,471,111,20.2,39,55213
ABplapapp,108,479,115,20.2,42,45672
ABplapapp,109,488,112,20.9,38,58614
ABplapapp,110,487,114,20.0,42,51493
ABplapapp,111,488,118,20.0,40,53032
ABplapapp,112,490,120,19.1,40,52313
ABplapapp,113,497,117,20.0,40,57422
ABplapapp,114,498,109,19.1,42,65771
ABplapapp,115,501,115,20.0,42,60970
ABplapapp,116,511,112,20.0,42,66409
ABplapapp,117,510,103,19.2,40,78294
ABplapapp,118,519,107,19.2,40,79063
ABplapapp,119,523,104,19.1,38,78370
ABplapapp,120,521,104,19.0,41,76522
ABplapapp,121,520,104,19.1,39,91104
ABplapapp,122,527,114,18.8,37,74109
ABplapappa,123,514,127,21.0,36,56044
ABplapappa,124,515,123,21.8,35,51137
ABplapappa,125,518,118,22.0,34,59281
ABplapappa,126,529,119,22.0,34,55888
ABplapappa,127,549,137,21.1,34,61036
ABplapappa,128,553,143,21.2,33,55088
ABplapappa,129,555,145,21.1,33,58283
ABplapappa,130,552,144,21.2,35,63231
ABplapappa,131,555,135,20.9,33,55050
ABplapappa,132,557,134,20.1,37,57727
ABplapappa,133,563,125,20.1,33,61040
ABplapappa,134,559,127,20.1,37,59464
ABplapappa,135,559,127,19.1,37,64830
ABplapappa,136,561,119,19.1,37,60146
ABplapappa,137,569,120,19.3,37,65207
ABplapappa,138,569,123,20.1,37,61350
ABplapappa,139,569,114,19.0,35,70462
ABplapappa,140,565,111,18.1,33,79995
ABplapappa,141,567,107,18.1,35,84218
ABplapappa,142,568,109,17.1,37,71536
ABplapappa,143,561,108,16.2,37,85162
ABplapappa,144,566,107,15.2,35,93031
ABplapappa,145,563,108,16.1,37,90701
ABplapappp,123,544,114,17.1,34,68693
ABplapappp,124,544,113,16.1,35,80750
ABplapappp,125,545,120,16.1,34,74872
ABplapappp,126,548,115,17.0,34,75203
ABplapappp,127,561,110,17.0,34,69952
ABplapappp,128,571,117,17.1,37,80517
ABplapappp,129,570,121,18.0,35,76006
ABplapappp,130,559,117,17.2,37,83776
ABplapappp,131,555,114,17.0,35,83236
ABplapappp,132,568,118,16.1,37,86231
ABplapappp,133,573,123,16.1,33,90404
ABplapappp,134,574,122,15.2,37,87345
ABplapappp,135,568,117,15.3,35,91161
ABplapappp,136,565,111,15.1,35,91944
ABplapappp,137,565,109,15.0,37,86595
ABplapappp,138,552,107,15.3,37,83131
ABplapappp,139,549,108,14.3,37,85864
ABplapappp,140,551,109,14.2,37,86831
ABplapappp,141,556,105,13.3,37,78897
ABplapappp,142,551,107,12.4,37,80939
ABplapappp,143,553,108,12.4,37,88181
ABplapappp,144,560,111,12.3,35,94176
ABplapappp,145,560,112,12.3,37,97670
ABplapp,45,307,223,19.1,61,-395
ABplapp,46,308,213,19.9,58,-48
ABplapp,47,305,208,20.9,54,196
ABplapp,48,317,218,20.0,54,-188
ABplapp,49,311,209,20.1,51,205
ABplapp,50,309,214,19.3,55,184
ABplapp,51,299,211,20.3,52,-109
ABplapp,52,304,219,21.1,51,-221
ABplapp,53,301,219,21.2,53,503
ABplapp,54,298,220,21.1,50,194
ABplapp,55,296,225,21.1,52,244
ABplapp,56,294,220,21.2,51,1449
ABplapp,57,291,217,21.1,53,826
ABplapp,58,290,217,20.2,53,2269
ABplapp,59,291,217,20.0,51,1708
ABplapp,60,295,220,20.0,51,3035
ABplapp,61,292,213,20.1,52,3518
ABplapp,62,288,211,20.1,51,3926
ABplapp,63,293,213,22.0,52,4513
ABplappa,64,268,220,22.1,51,3106
ABplappa,65,271,216,23.1,52,1604
ABplappa,66,264,212,22.8,51,2767
ABplappa,67,271,218,24.0,50,1863
ABplappa,68,271,226,23.0,49,3316
ABplappa,69,277,228,22.1,48,3068
ABplappa,70,280,232,23.0,47,4669
ABplappa,71,276,239,21.9,47,8015
ABplappa,72,278,232,20.9,47,7381
ABplappa,73,283,227,21.0,47,9600
ABplappa,74,288,226,20.9,47,12127
ABplappa,75,291,213,21.9,46,10795
ABplappa,76,291,208,21.9,45,10744
ABplappa,77,290,203,21.0,45,11338
ABplappa,78,296,185,22.1,47,15179
ABplappa,79,301,177,21.0,45,20431
ABplappa,80,306,164,22.0,47,17014
ABplappa,81,325,156,22.0,47,20130
ABplappa,82,328,146,23.0,45,16414
ABplappa,83,319,133,22.1,45,25785
ABplappa,84,329,123,22.9,45,24184
ABplappa,85,340,119,22.1,47,30228
ABplappa,86,344,113,21.3,49,32766
ABplappa,87,355,112,20.3,47,39994
ABplappa,88,368,106,21.0,46,45575
ABplappa,89,371,105,21.9,46,38319
ABplappa,90,366,102,21.0,45,41609
ABplappa,91,372,96,19.1,38,53494
ABplappaa,92,370,94,19.1,35,45621
ABplappaa,93,373,91,19.1,36,39558
ABplappaa,94,378,89,19.0,40,41171
ABplappaa,95,369,87,18.1,40,44115
ABplappaa,96,373,86,18.9,39,38664
ABplappaa,97,379,82,20.0,38,45685
ABplappaa,98,381,84,20.0,37,44606
ABplappaa,99,380,83,20.0,37,42847
ABplappaa,100,386,88,20.0,39,39593
ABplappaa,101,389,89,20.2,39,45730
ABplappaa,102,392,90,20.1,37,48999
ABplappaa,103,397,92,20.1,37,54196
ABplappaa,104,400,94,20.3,41,43523
ABplappaa,105,401,93,20.3,41,47180
ABplappaa,106,397,91,21.0,39,40846
ABplappaa,107,400,94,20.2,39,52241
ABplappaa,108,399,92,19.1,38,53973
ABplappaa,109,406,89,18.0,38,62434
ABplappaa,110,404,84,17.1,38,62670
ABplappaa,111,407,86,17.9,38,58554
ABplappaa,112,405,85,17.8,38,69108
ABplappaa,113,408,87,17.0,38,67720
ABplappaa,114,397,89,16.0,40,69756
ABplappaa,115,402,89,15.2,40,69726
ABplappaa,116,411,86,16.1,40,70696
ABplappaa,117,412,87,15.4,40,70171
ABplappaa,118,414,88,17.0,38,71031
ABplappaa,119,422,83,17.0,38,77212
ABplappaa,120,418,81,16.2,41,71677
ABplappaa,121,419,80,17.1,41,73788
ABplappaa,122,424,83,18.1,41,74999
ABplappaa,123,428,82,17.2,36,81403
ABplappaa,124,439,87,16.1,39,84786
ABplappaa,125,444,86,15.4,36,83605
ABplappaa,126,453,91,16.0,34,93537
ABplappaa,127,457,92,15.3,38,72547
ABplappaaa,128,435,89,16.1,33,64663
ABplappaaa,129,436,88,16.9,33,61885
ABplappaaa,130,435,84,17.0,33,70782
ABplappaaa,131,434,83,17.1,33,75487
ABplappaaa,132,430,78,16.0,33,81921
ABplappaaa,133,435,76,15.8,33,76394
ABplappaaa,134,429,81,15.9,33,73325
ABplappaaa,135,429,82,15.9,33,72865
ABplappaaa,136,420,86,15.1,33,78358
ABplappaaa,137,427,84,15.9,33,80453
ABplappaaa,138,426,84,15.9,33,75733
ABplappaaa,139,426,86,15.8,33,73741
ABplappaaa,140,428,85,15.0,35,73307
ABplappaaa,141,432,85,15.1,33,86210
ABplappaaa,142,433,86,15.4,35,69995
ABplappaaa,143,430,83,16.1,33,79672
ABplappaaa,144,430,80,16.0,33,74553
ABplappaaa,145,431,79,16.1,37,72732
ABplappaap,128,493,94,16.0,33,67302
ABplappaap,129,493,94,15.9,33,68449
ABplappaap,130,484,93,14.3,35,66787
ABplappaap,131,477,82,14.2,33,73570
ABplappaap,132,476,82,14.2,29,83460
ABplappaap,133,481,87,14.1,33,66629
ABplappaap,134,471,96,14.9,33,65138
ABplappaap,135,472,95,14.9,33,70429
ABplappaap,136,468,97,14.2,35,68631
ABplappaap,137,475,98,14.9,33,71475
ABplappaap,138,472,98,14.3,37,69043
ABplappaap,139,471,98,14.2,35,73165
ABplappaap,140,470,95,15.0,33,69873
ABplappaap,141,472,93,15.0,33,72380
ABplappaap,142,468,95,14.8,33,67263
ABplappaap,143,468,89,14.2,35,73819
ABplappaap,144,462,90,14.9,33,69468
ABplappaap,145,459,84,14.1,33,80419
ABplappap,92,414,83,18.0,35,37522
ABplappap,93,422,84,16.1,36,44342
ABplappap,94,429,87,15.8,40,39385
ABplappap,95,432,90,15.0,40,46555
ABplappap,96,428,89,16.1,39,45839
ABplappap,97,418,84,15.9,38,45324
ABplappap,98,416,82,16.0,37,49992
ABplappap,99,418,83,16.1,39,53736
ABplappap,100,424,88,17.2,39,49210
ABplappap,101,428,86,18.0,39,50778
ABplappap,102,429,80,17.1,37,53925
ABplappap,103,431,84,17.0,37,55168
ABplappap,104,434,85,16.2,39,55577
ABplappap,105,435,86,17.3,41,52272
ABplappap,106,438,84,17.3,41,57123
ABplappap,107,440,84,18.1,37,61235
ABplappap,108,443,87,19.1,40,58742
ABplappap,109,447,93,19.1,42,64676
ABplappap,110,445,92,19.0,40,56432
ABplappap,111,449,93,19.1,40,59439
ABplappap,112,454,92,19.0,38,63088
ABplappap,113,455,95,19.2,42,60557
ABplappap,114,442,92,19.1,42,62127
ABplappap,115,446,92,18.2,40,71734
ABplappap,116,455,92,18.3,42,65799
ABplappap,117,458,93,18.1,38,74813
ABplappap,118,459,93,18.0,40,69852
ABplappap,119,465,91,18.0,40,76175
ABplappap,120,467,90,17.3,41,73723
ABplappap,121,464,90,17.4,41,76131
ABplappap,122,473,92,17.2,39,84289
ABplappap,123,477,90,17.3,40,81411
ABplappap,124,485,90,17.1,39,88362
ABplappap,125,490,94,17.1,38,88757
ABplappap,126,495,90,18.0,38,87371
ABplappap,127,507,91,18.4,36,84717
ABplappap,128,509,99,19.0,37,79323
ABplappap,129,504,101,19.2,37,87803
ABplappap,130,493,102,18.0,33,72925
ABplappapa,131,473,108,19.0,33,64014
ABplappapa,132,471,104,19.0,33,63863
ABplappapa,133,466,109,20.0,33,54954
ABplappapa,134,464,112,19.1,33,66162
ABplappapa,135,464,110,19.2,33,66319
ABplappapa,136,458,111,19.2,35,54895
ABplappapa,137,458,111,20.1,35,56635
ABplappapa,138,458,112,20.8,33,63580
ABplappapa,139,465,110,20.3,35,53643
ABplappapa,140,465,112,20.2,35,55486
ABplappapa,141,470,110,20.2,35,63982
ABplappapa,142,470,111,20.1,33,64970
ABplappapa,143,470,114,20.1,33,62409
ABplappapa,144,475,110,20.1,35,65259
ABplappapa,145,474,106,20.2,35,67419
ABplappapp,131,511,104,18.1,31,70736
ABplappapp,132,527,107,17.0,33,72899
ABplappapp,133,534,110,16.9,33,71638
ABplappapp,134,536,110,16.3,35,68758
ABplappapp,135,532,112,16.4,37,64566
ABplappapp,136,522,104,16.3,35,66363
ABplappapp,137,523,101,16.3,35,69396
ABplappapp,138,513,100,17.9,33,71156
ABplappapp,139,509,104,17.1,35,69181
ABplappapp,140,508,100,17.1,35,67185
ABplappapp,141,510,100,17.0,35,66719
ABplappapp,142,508,96,16.8,33,81005
ABplappapp,143,506,97,16.1,35,75556
ABplappapp,144,505,97,16.0,33,75330
ABplappapp,145,504,90,15.4,35,75599
ABplappp,64,317,201,21.0,51,2435
ABplappp,65,336,193,20.9,52,5047
ABplappp,66,338,200,21.0,51,3543
ABplappp,67,359,185,20.8,50,4724
ABplappp,68,353,178,21.0,49,5086
ABplappp,69,351,178,20.9,48,7860
ABplappp,70,353,179,21.1,47,6664
ABplappp,71,352,183,22.1,47,7607
ABplappp,72,361,179,22.9,47,7070
ABplappp,73,355,172,23.0,47,9898
ABplappp,74,365,170,22.9,47,11340
ABplappp,75,365,167,23.0,46,11460
ABplappp,76,364,165,22.0,45,14946
ABplappp,77,366,159,22.0,45,15256
ABplappp,78,377,150,22.9,45,15624
ABplappp,79,384,144,22.1,47,18462
ABplappp,80,384,132,22.2,45,22413
ABplappp,81,395,131,21.3,47,25915
ABplappp,82,394,122,21.3,47,24937
ABplappp,83,401,130,21.0,45,29580
ABplappp,84,400,125,20.1,45,34642
ABplappp,85,408,124,21.1,45,33245
ABplappp,86,417,120,21.1,45,29939
ABplappp,87,423,122,20.1,45,34054
ABplappp,88,427,125,20.0,46,37632
ABplappp,89,435,123,20.1,46,33113
ABplappp,90,433,119,20.0,45,39251
ABplappp,91,434,125,17.1,38,46630
ABplapppa,92,431,124,18.0,41,30157
ABplapppa,93,443,122,16.9,40,34507
ABplapppa,94,443,124,16.1,40,40418
ABplapppa,95,446,124,16.0,40,44368
ABplapppa,96,449,119,17.1,39,37314
ABplapppa,97,450,106,17.1,38,51437
ABplapppa,98,454,96,16.3,39,53311
ABplapppa,99,453,96,16.0,37,59623
ABplapppa,100,451,97,15.3,39,60689
ABplapppa,101,454,94,15.3,39,62509
ABplapppa,102,461,98,15.2,39,67529
ABplapppa,103,467,99,15.1,39,70248
ABplapppa,104,470,100,15.1,39,72407
ABplapppa,105,467,98,15.0,39,74816
ABplapppa,106,467,103,15.1,41,67086
ABplapppa,107,466,109,15.1,41,73538
ABplapppa,108,466,98,15.3,40,74077
ABplapppa,109,469,98,15.2,42,74552
ABplapppa,110,471,104,15.2,40,74058
ABplapppa,111,476,105,15.1,40,69246
ABplapppa,112,478,109,14.4,40,73899
ABplapppa,113,484,104,15.2,40,71936
ABplapppa,114,485,103,16.2,40,78911
ABplapppa,115,484,105,16.0,40,84306
ABplapppa,116,481,108,16.1,40,82938
ABplapppa,117,481,105,15.0,40,83721
ABplapppa,118,482,108,14.3,40,82283
ABplapppa,119,491,106,14.2,40,85900
ABplapppa,120,493,100,14.2,41,89714
ABplapppa,121,489,101,14.1,39,92167
ABplapppa,122,492,102,13.5,41,86804
ABplapppa,123,495,104,14.1,40,99557
ABplapppa,124,501,103,14.0,39,92284
ABplapppa,125,496,104,13.3,38,92128
ABplapppa,126,501,103,13.2,36,95664
ABplapppa,127,507,106,12.2,36,101466
ABplapppa,128,516,115,12.2,37,97292
ABplapppa,129,517,117,12.1,35,86439
ABplapppa,130,513,111,13.0,33,93746
ABplapppaa,131,495,109,12.9,33,73283
ABplapppaa,132,493,106,12.9,33,76499
ABplapppaa,133,499,112,12.9,33,77216
ABplapppaa,134,497,116,12.9,33,76690
ABplapppaa,135,499,113,13.0,33,72713
ABplapppaa,136,493,118,12.8,33,68032
ABplapppaa,137,496,109,12.4,35,72266
ABplapppaa,138,494,107,12.5,35,81454
ABplapppaa,139,497,115,12.2,33,86422
ABplapppaa,140,499,111,12.9,33,78613
ABplapppaa,141,502,110,12.9,33,80743
ABplapppaa,142,498,109,11.9,33,87373
ABplapppaa,143,498,109,11.8,33,84217
ABplapppaa,144,496,108,11.9,33,82339
ABplapppaa,145,495,107,11.8,33,86230
ABplapppap,131,528,118,11.8,33,65914
ABplapppap,132,539,115,10.1,33,83112
ABplapppap,133,545,115,10.8,33,73871
ABplapppap,134,542,114,11.1,35,79996
ABplapppap,135,544,113,10.5,35,75094
ABplapppap,136,535,117,10.2,33,83102
ABplapppap,137,537,119,10.1,33,78741
ABplapppap,138,530,120,10.4,35,75955
ABplapppap,139,528,126,9.9,33,76632
ABplapppap,140,530,124,9.5,35,74979
ABplapppap,141,531,129,9.2,35,75339
ABplapppap,142,532,130,9.0,33,72542
ABplapppap,143,533,128,9.0,35,74330
ABplapppap,144,533,129,9.1,35,78903
ABplapppap,145,529,127,9.0,35,72065
ABplapppp,92,487,136,16.0,35,31321
ABplapppp,93,499,140,15.1,34,37395
ABplapppp,94,513,136,15.9,40,34351
ABplapppp,95,511,139,15.0,40,38556
ABplapppp,96,498,134,15.9,39,35758
ABplapppp,97,495,127,15.9,38,33444
ABplapppp,98,498,121,15.2,39,43340
ABplapppp,99,503,113,15.3,39,55118
ABplapppp,100,503,109,15.0,37,54811
ABplapppp,101,505,105,14.3,39,60512
ABplapppp,102,513,112,14.2,39,60539
ABplapppp,103,520,108,14.2,41,60526
ABplapppp,104,520,113,14.1,41,67346
ABplapppp,105,518,103,14.1,37,61636
ABplapppp,106,520,106,14.1,39,65866
ABplapppp,107,515,109,14.2,39,68266
ABplapppp,108,518,110,14.4,40,65948
ABplapppp,109,525,107,14.0,38,72525
ABplapppp,110,523,105,14.1,40,72828
ABplapppp,111,533,105,13.4,40,72906
ABplapppp,112,534,111,13.0,40,71909
ABplapppp,113,530,114,14.0,38,77868
ABplapppp,114,529,111,14.0,38,75067
ABplapppp,115,537,108,14.4,40,76783
ABplapppp,116,535,110,14.3,40,85542
ABplapppp,117,539,104,13.8,38,88751
ABplapppp,118,540,107,14.0,38,91959
ABplapppp,119,545,106,13.9,38,88990
ABplapppp,120,541,103,13.1,39,94463
ABplapppp,121,537,102,12.4,39,92944
ABplapppp,122,543,105,12.4,41,91832
ABplapppp,123,553,106,13.1,40,102293
ABplapppp,124,551,107,11.4,39,100574
ABplapppp,125,559,108,11.4,38,108275
ABplapppp,126,560,107,12.2,38,102129
ABplapppp,127,563,114,12.5,38,95883
ABplappppa,128,567,113,14.9,33,86474
ABplappppa,129,568,109,15.0,33,75472
ABplappppa,130,563,107,15.0,37,74431
ABplappppa,131,564,110,14.1,35,77905
ABplappppa,132,574,110,14.1,35,88631
ABplappppa,133,579,114,13.0,35,85341
ABplappppa,134,579,117,12.6,35,90295
ABplappppa,135,581,118,12.5,35,89607
ABplappppa,136,574,118,11.5,37,83604
ABplappppa,137,571,119,12.1,33,93675
ABplappppa,138,567,119,12.2,35,92747
ABplappppa,139,562,118,11.4,35,95215
ABplappppa,140,565,117,11.3,35,89790
ABplappppa,141,565,122,11.0,35,84650
ABplappppa,142,566,124,10.3,35,83678
ABplappppa,143,566,129,10.3,35,87248
ABplappppa,144,570,132,10.2,35,90069
ABplappppa,145,566,130,9.4,35,91895
ABplappppp,128,571,144,10.2,33,75182
ABplappppp,129,574,140,10.0,33,77339
ABplappppp,130,570,144,10.2,33,83118
ABplappppp,131,575,138,9.1,33,91496
ABplappppp,132,575,144,8.1,35,82631
ABplappppp,133,578,142,7.2,33,86799
ABplappppp,134,575,140,7.1,35,84154
ABplappppp,135,577,138,7.1,35,80330
ABplappppp,136,564,136,7.1,33,89313
ABplappppp,137,570,138,7.9,33,80188
ABplappppp,138,565,135,8.1,33,93359
ABplappppp,139,561,136,7.8,33,81503
ABplappppp,140,562,139,7.8,33,74833
ABplappppp,141,562,148,7.0,33,76988
ABplappppp,142,562,152,6.3,35,85472
ABplappppp,143,561,152,6.1,35,78097
ABplappppp,144,561,157,6.2,37,74219
ABplappppp,145,553,157,6.1,35,74345
ABplp,17,318,159,22.0,50,-321
ABplp,18,327,153,22.0,51,-39
ABplp,19,336,147,22.0,51,-114
ABplp,20,345,140,22.0,52,84
ABplp,21,362,137,22.2,56,-746
ABplp,22,390,137,21.7,57,70
ABplp,23,384,149,22.1,43,-201
ABplp,24,377,146,21.7,58,36
ABplp,25,369,134,21.1,60,-294
ABplp,26,347,130,20.7,60,-328
ABplp,27,345,127,19.8,62,-817
ABplp,28,351,129,19.0,38,256
ABplpa,29,314,121,18.0,34,-361
ABplpa,30,311,110,18.9,51,-144
ABplpa,31,317,105,19.0,53,-418
ABplpa,32,310,101,19.1,56,-736
ABplpa,33,308,111,20.1,59,-237
ABplpa,34,304,124,20.2,61,-100
ABplpa,35,307,128,21.1,61,8
ABplpa,36,322,128,22.0,64,-81
ABplpa,37,330,124,20.2,64,-814
ABplpa,38,332,125,20.1,64,-206
ABplpa,39,325,124,20.1,64,-674
ABplpa,40,334,119,21.0,62,-144
ABplpa,41,331,119,21.8,63,2
ABplpa,42,328,120,20.2,64,-533
ABplpa,43,327,121,19.9,61,-647
ABplpa,44,337,120,18.9,61,-186
ABplpa,45,330,121,19.7,61,-92
ABplpaa,46,309,119,22.8,58,289
ABplpaa,47,301,122,23.0,54,-91
ABplpaa,48,297,128,23.2,54,758
ABplpaa,49,298,123,23.2,53,267
ABplpaa,50,304,127,23.1,51,648
ABplpaa,51,302,132,23.9,50,457
ABplpaa,52,302,134,23.2,51,1313
ABplpaa,53,304,130,22.3,53,864
ABplpaa,54,292,131,23.1,50,1429
ABplpaa,55,290,137,23.2,52,437
ABplpaa,56,295,131,22.3,51,3832
ABplpaa,57,292,132,23.0,51,2540
ABplpaa,58,287,129,22.2,53,2799
ABplpaa,59,284,126,22.9,51,4456
ABplpaa,60,282,126,23.0,51,5427
ABplpaa,61,279,123,22.9,52,5863
ABplpaa,62,276,125,22.9,51,8525
ABplpaa,63,273,129,22.9,52,8397
ABplpaa,64,264,125,22.0,51,9114
ABplpaa,65,271,125,21.2,50,11799
ABplpaaa,66,229,123,21.9,51,5031
ABplpaaa,67,232,136,22.8,50,5907
ABplpaaa,68,227,133,22.2,49,6981
ABplpaaa,69,228,134,22.1,48,9681
ABplpaaa,70,225,128,22.1,47,17849
ABplpaaa,71,227,130,22.9,47,16414
ABplpaaa,72,221,131,22.9,47,20201
ABplpaaa,73,209,132,22.1,35,29413
ABplpaaa,74,218,126,22.0,47,22080
ABplpaaa,75,217,121,20.9,46,26016
ABplpaaa,76,209,115,19.0,45,32178
ABplpaaa,77,203,121,19.0,45,34609
ABplpaaa,78,198,119,18.0,45,37207
ABplpaaa,79,194,119,17.9,45,44363
ABplpaaa,80,190,118,16.1,45,54783
ABplpaaa,81,196,119,16.1,45,59424
ABplpaaa,82,199,115,15.9,45,56512
ABplpaaa,83,194,116,15.0,45,58111
ABplpaaa,84,190,118,14.9,45,63537
ABplpaaa,85,188,116,15.9,45,68262
ABplpaaa,86,184,127,16.3,47,69924
ABplpaaa,87,186,125,16.3,47,75246
ABplpaaa,88,187,124,15.9,46,87445
ABplpaaa,89,189,123,16.0,46,87672
ABplpaaa,90,183,125,15.0,45,86764
ABplpaaa,91,191,122,14.1,38,84223
ABplpaaaa,92,169,127,14.2,37,68477
ABplpaaaa,93,167,124,15.2,38,68260
ABplpaaaa,94,170,122,15.0,40,68933
ABplpaaaa,95,168,121,15.1,40,82729
ABplpaaaa,96,164,121,15.1,39,81981
ABplpaaaa,97,172,113,15.2,38,83749
ABplpaaaa,98,190,105,14.4,39,91042
ABplpaaaa,99,193,104,14.1,41,90402
ABplpaaaa,100,202,102,14.1,39,98811
ABplpaaaa,101,212,101,13.5,39,98808
ABplpaaaa,102,218,104,12.2,37,106731
ABplpaaaa,103,223,107,11.5,39,100825
ABplpaaaa,104,218,107,11.5,39,103996
ABplpaaaa,105,213,109,11.4,39,109749
ABplpaaaa,106,215,112,11.3,39,109147
ABplpaaaa,107,217,114,11.2,41,106259
ABplpaaaa,108,217,115,11.8,38,100833
ABplpaaaa,109,225,110,11.8,38,102976
ABplpaaaa,110,223,115,11.3,40,120934
ABplpaaaa,111,216,113,11.9,38,114963
ABplpaaaa,112,216,119,12.0,38,119119
ABplpaaaa,113,221,120,12.0,42,115623
ABplpaaaa,114,224,119,12.0,40,122372
ABplpaaaa,115,227,122,11.4,40,122315
ABplpaaaa,116,234,130,11.2,40,123943
ABplpaaaa,117,235,133,11.1,40,125840
ABplpaaaa,118,229,132,11.1,40,125529
ABplpaaaa,119,228,128,11.8,38,113993
ABplpaaaa,120,226,128,11.3,39,125843
ABplpaaaa,121,223,129,11.4,41,122374
ABplpaaaa,122,220,134,11.6,39,124512
ABplpaaaa,123,228,141,12.1,36,120325
ABplpaaaa,124,222,138,12.9,35,98027
ABplpaaaa,125,228,137,12.1,34,111041
ABplpaaaa,126,222,140,12.0,34,126042
ABplpaaaaa,127,193,153,12.9,34,88443
ABplpaaaaa,128,189,149,13.9,33,98195
ABplpaaaaa,129,193,154,13.1,33,104850
ABplpaaaaa,130,193,154,12.9,33,102804
ABplpaaaaa,131,190,155,12.8,33,102036
ABplpaaaaa,132,191,149,12.9,33,103627
ABplpaaaaa,133,194,146,13.0,33,100956
ABplpaaaaa,134,196,147,12.9,33,101742
ABplpaaaaa,135,205,144,12.2,33,100454
ABplpaaaaa,136,202,147,12.9,33,93531
ABplpaaaaa,137,207,142,12.2,33,106195
ABplpaaaaa,138,211,143,12.1,33,109981
ABplpaaaaa,139,211,137,12.0,33,106197
ABplpaaaaa,140,207,136,12.1,33,113385
ABplpaaaaa,141,215,135,12.0,35,105745
ABplpaaaaa,142,219,136,11.2,33,117533
ABplpaaaaa,143,212,134,11.2,33,108945
ABplpaaaaa,144,208,131,11.4,37,114898
ABplpaaaaa,145,214,137,11.3,35,113097
ABplpaaaap,127,236,133,11.8,34,92416
ABplpaaaap,128,231,128,12.0,33,86076
ABplpaaaap,129,233,128,13.1,37,86030
ABplpaaaap,130,221,122,12.3,35,106815
ABplpaaaap,131,221,127,11.5,35,102603
ABplpaaaap,132,219,123,12.1,33,110454
ABplpaaaap,133,226,125,12.0,37,93106
ABplpaaaap,134,232,129,12.1,33,98287
ABplpaaaap,135,233,127,12.1,33,98642
ABplpaaaap,136,232,131,11.5,35,94401
ABplpaaaap,137,239,126,11.3,37,92610
ABplpaaaap,138,240,128,11.2,37,92903
ABplpaaaap,139,242,131,11.1,33,100243
ABplpaaaap,140,238,128,11.1,37,98698
ABplpaaaap,141,243,122,11.1,37,105730
ABplpaaaap,142,247,126,10.4,37,106493
ABplpaaaap,143,250,126,10.4,37,105436
ABplpaaaap,144,253,125,10.3,37,103286
ABplpaaaap,145,256,124,10.3,37,117336
ABplpaaap,92,214,109,15.1,35,73783
ABplpaaap,93,226,106,17.1,44,60863
ABplpaaap,94,214,108,15.3,29,90620
ABplpaaap,95,219,105,16.9,40,64695
ABplpaaap,96,217,103,15.1,29,95001
ABplpaaap,97,226,101,15.9,38,88415
ABplpaaap,98,238,99,14.9,37,95868
ABplpaaap,99,241,99,14.9,37,96197
ABplpaaap,100,249,100,13.9,37,96179
ABplpaaap,101,253,105,12.0,37,97752
ABplpaaap,102,259,111,11.8,37,97809
ABplpaaap,103,264,102,11.8,37,107184
ABplpaaap,104,265,101,11.3,39,111978
ABplpaaap,105,258,96,12.1,39,105827
ABplpaaap,106,257,98,12.1,39,123073
ABplpaaap,107,262,99,11.3,39,127804
ABplpaaap,108,261,99,11.1,38,125125
ABplpaaap,109,270,96,11.0,38,127358
ABplpaaap,110,269,95,11.1,29,115116
ABplpaaap,111,269,95,11.1,30,128444
ABplpaaap,112,268,96,11.1,32,125435
ABplpaaap,113,268,97,11.0,34,129597
ABplpaaap,114,267,98,10.5,34,129351
ABplpaaap,115,269,98,10.7,33,130378
ABplpaaap,116,271,98,10.8,31,142496
ABplpaaap,117,274,99,11.0,29,117865
ABplpaaap,118,272,99,11.0,29,117035
ABplpaaap,119,272,99,11.0,29,123602
ABplpaaap,120,262,98,11.2,39,134798
ABplpaaap,121,256,95,12.0,41,131432
ABplpaaap,122,263,102,11.1,41,121062
ABplpaaap,123,269,104,10.4,38,128238
ABplpaaap,124,263,102,11.1,37,129601
ABplpaaap,125,265,104,12.0,34,102016
ABplpaaapa,126,249,107,11.9,34,87877
ABplpaaapa,127,252,103,11.0,34,99817
ABplpaaapa,128,247,103,11.2,29,110441
ABplpaaapa,129,243,103,11.1,35,106081
ABplpaaapa,130,235,102,11.3,29,128568
ABplpaaapa,131,233,101,11.3,29,133328
ABplpaaapa,132,232,98,11.4,29,120489
ABplpaaapa,133,233,95,12.1,35,116338
ABplpaaapa,134,233,100,13.0,33,113881
ABplpaaapa,135,237,98,13.0,33,114999
ABplpaaapa,136,236,101,12.2,35,118617
ABplpaaapa,137,238,99,12.2,35,114086
ABplpaaapa,138,239,102,12.0,33,116303
ABplpaaapa,139,237,104,12.3,35,111292
ABplpaaapa,140,233,104,12.2,35,125121
ABplpaaapa,141,243,101,12.3,29,136978
ABplpaaapa,142,243,101,12.3,29,113857
ABplpaaapa,143,242,114,12.2,37,125227
ABplpaaapa,144,240,113,13.0,37,121021
ABplpaaapa,145,242,111,12.3,37,118249
ABplpaaapp,126,281,101,12.8,34,81074
ABplpaaapp,127,289,102,11.9,34,82812
ABplpaaapp,128,281,105,11.8,33,85509
ABplpaaapp,129,283,100,11.3,35,104838
ABplpaaapp,130,277,102,11.8,33,101940
ABplpaaapp,131,272,102,11.3,35,108934
ABplpaaapp,132,267,102,12.1,35,112904
ABplpaaapp,133,270,102,12.1,37,110263
ABplpaaapp,134,269,101,12.3,35,119225
ABplpaaapp,135,274,95,12.3,29,125921
ABplpaaapp,136,270,105,12.1,35,112886
ABplpaaapp,137,274,102,12.2,35,114393
ABplpaaapp,138,270,104,13.1,37,120738
ABplpaaapp,139,271,105,13.0,29,107229
ABplpaaapp,140,266,96,13.0,29,112668
ABplpaaapp,141,276,99,12.4,35,118151
ABplpaaapp,142,277,99,12.3,29,124559
ABplpaaapp,143,275,100,12.3,37,113298
ABplpaaapp,144,274,98,12.4,37,113919
ABplpaaapp,145,273,93,12.2,37,116255
ABplpaap,66,283,133,22.9,51,6211
ABplpaap,67,293,138,22.9,50,5744
ABplpaap,68,296,131,23.1,49,8349
ABplpaap,69,300,136,23.1,48,8158
ABplpaap,70,301,137,23.1,47,10291
ABplpaap,71,298,139,23.9,47,11681
ABplpaap,72,293,141,24.0,47,9184
ABplpaap,73,283,144,23.9,47,14531
ABplpaap,74,284,145,23.0,47,16610
ABplpaap,75,279,134,22.2,46,19745
ABplpaap,76,267,126,22.1,45,23600
ABplpaap,77,261,124,21.2,47,25676
ABplpaap,78,256,115,21.0,45,31708
ABplpaap,79,257,110,20.8,45,32546
ABplpaap,80,247,103,19.9,45,40745
ABplpaap,81,252,103,19.0,45,43727
ABplpaap,82,246,103,18.0,45,55183
ABplpaap,83,247,101,16.3,47,60329
ABplpaap,84,244,100,15.9,45,61878
ABplpaap,85,248,93,16.0,45,65808
ABplpaap,86,249,97,16.0,45,66528
ABplpaap,87,249,99,15.0,45,73498
ABplpaap,88,244,103,14.1,46,77436
ABplpaap,89,242,99,14.9,46,77161
ABplpaap,90,247,113,15.0,39,82741
ABplpaapa,91,234,99,17.0,36,62024
ABplpaapa,92,244,99,18.9,41,46404
ABplpaapa,93,244,99,18.9,41,58096
ABplpaapa,94,234,97,18.1,40,72592
ABplpaapa,95,243,94,18.1,29,75399
ABplpaapa,96,241,95,18.1,39,77876
ABplpaapa,97,239,97,19.0,38,83909
ABplpaapa,98,241,98,18.0,37,84935
ABplpaapa,99,243,95,18.1,39,94655
ABplpaapa,100,242,95,17.3,39,93128
ABplpaapa,101,243,95,16.3,41,85556
ABplpaapa,102,252,97,15.4,39,99304
ABplpaapa,103,255,98,15.1,39,98268
ABplpaapa,104,257,96,15.1,39,106457
ABplpaapa,105,249,96,16.1,41,99585
ABplpaapa,106,253,96,15.2,39,116611
ABplpaapa,107,259,100,14.1,41,117065
ABplpaapa,108,257,97,14.2,40,111665
ABplpaapa,109,265,94,14.2,40,123327
ABplpaapa,110,266,102,14.0,40,116190
ABplpaapa,111,263,100,14.1,40,122635
ABplpaapa,112,261,100,14.0,42,122473
ABplpaapa,113,265,99,14.0,40,120045
ABplpaapa,114,263,99,14.2,40,116210
ABplpaapa,115,267,101,14.0,40,126398
ABplpaapa,116,272,100,13.0,42,131791
ABplpaapa,117,273,101,13.1,42,128726
ABplpaapa,118,274,102,13.1,42,127712
ABplpaapa,119,268,98,14.1,40,132325
ABplpaapa,120,259,106,14.2,41,127552
ABplpaapa,121,250,106,14.3,39,125506
ABplpaapa,122,249,112,15.1,37,122673
ABplpaapa,123,253,103,16.0,36,100194
ABplpaapaa,124,232,105,15.1,35,75092
ABplpaapaa,125,234,108,15.1,34,76939
ABplpaapaa,126,240,99,14.1,34,104531
ABplpaapaa,127,241,97,14.0,34,101106
ABplpaapaa,128,240,102,14.9,33,108133
ABplpaapaa,129,239,100,15.8,33,99385
ABplpaapaa,130,229,107,15.1,37,107531
ABplpaapaa,131,226,105,14.3,35,98790
ABplpaapaa,132,221,109,15.2,37,96061
ABplpaapaa,133,220,111,15.2,35,107341
ABplpaapaa,134,221,111,16.1,33,114870
ABplpaapaa,135,226,109,16.1,35,102766
ABplpaapaa,136,219,117,15.3,35,104270
ABplpaapaa,137,222,120,15.1,35,103717
ABplpaapaa,138,222,122,15.1,35,109420
ABplpaapaa,139,215,120,14.9,33,125504
ABplpaapaa,140,215,114,14.3,37,113988
ABplpaapaa,141,220,116,15.0,33,110336
ABplpaapaa,142,220,111,14.4,37,106134
ABplpaapaa,143,221,112,14.3,37,118318
ABplpaapaa,144,218,110,14.3,37,119800
ABplpaapaa,145,211,113,14.2,37,111351
ABplpaapap,124,277,95,16.0,35,84214
ABplpaapap,125,279,93,16.0,34,99178
ABplpaapap,126,281,89,16.0,34,94704
ABplpaapap,127,279,85,15.1,34,97698
ABplpaapap,128,279,86,14.4,35,96704
ABplpaapap,129,279,91,15.0,33,101644
ABplpaapap,130,271,91,15.0,33,110580
ABplpaapap,131,268,94,15.0,33,99268
ABplpaapap,132,262,99,15.1,35,108325
ABplpaapap,133,260,105,15.2,37,101962
ABplpaapap,134,261,104,15.2,37,101935
ABplpaapap,135,262,101,15.2,37,104703
ABplpaapap,136,254,105,15.2,37,102801
ABplpaapap,137,256,102,16.0,33,107374
ABplpaapap,138,253,97,16.0,37,108285
ABplpaapap,139,250,104,16.1,35,111859
ABplpaapap,140,251,97,15.3,37,108713
ABplpaapap,141,254,99,15.2,37,119036
ABplpaapap,142,251,96,15.2,37,113065
ABplpaapap,143,251,96,15.3,35,111062
ABplpaapap,144,252,94,16.0,37,107101
ABplpaapap,145,252,89,15.3,37,108838
ABplpaapp,91,281,103,14.0,36,73525
ABplpaapp,92,291,94,14.0,41,59047
ABplpaapp,93,301,89,14.8,40,64230
ABplpaapp,94,305,86,14.1,40,80248
ABplpaapp,95,298,91,14.2,40,80791
ABplpaapp,96,292,89,15.0,39,77951
ABplpaapp,97,290,91,15.1,38,88523
ABplpaapp,98,299,90,15.1,41,90297
ABplpaapp,99,298,94,14.4,41,90845
ABplpaapp,100,299,92,13.2,39,95175
ABplpaapp,101,303,93,12.4,41,89738
ABplpaapp,102,309,97,12.2,39,97038
ABplpaapp,103,316,101,12.3,41,90421
ABplpaapp,104,317,100,12.4,39,104677
ABplpaapp,105,319,94,13.2,41,106048
ABplpaapp,106,320,96,13.3,41,111209
ABplpaapp,107,324,95,13.2,41,103499
ABplpaapp,108,324,91,13.3,42,107316
ABplpaapp,109,328,87,13.1,42,104075
ABplpaapp,110,326,89,13.2,40,115527
ABplpaapp,111,326,91,12.3,42,114883
ABplpaapp,112,325,87,12.3,42,122215
ABplpaapp,113,322,91,13.0,40,113515
ABplpaapp,114,321,87,13.1,40,120195
ABplpaapp,115,321,89,12.5,40,122943
ABplpaapp,116,322,91,12.2,40,128493
ABplpaapp,117,322,89,12.3,40,128236
ABplpaapp,118,318,89,13.2,40,120959
ABplpaapp,119,314,88,13.1,42,122607
ABplpaapp,120,303,89,14.0,37,122092
ABplpaapp,121,301,98,15.0,35,98521
ABplpaappa,122,283,103,15.0,35,86177
ABplpaappa,123,287,95,15.0,34,85897
ABplpaappa,124,296,86,14.1,29,100727
ABplpaappa,125,297,86,14.0,34,100929
ABplpaappa,126,305,82,14.1,34,106208
ABplpaappa,127,311,78,13.9,34,103413
ABplpaappa,128,308,81,13.0,33,112985
ABplpaappa,129,311,80,13.3,35,108518
ABplpaappa,130,302,84,13.3,35,106948
ABplpaappa,131,296,90,13.5,37,93478
ABplpaappa,132,293,94,14.9,33,103323
ABplpaappa,133,295,99,14.4,35,104520
ABplpaappa,134,290,99,15.1,37,103084
ABplpaappa,135,292,103,15.1,35,100413
ABplpaappa,136,288,103,15.3,35,101513
ABplpaappa,137,290,101,15.2,35,107159
ABplpaappa,138,290,101,15.2,37,110408
ABplpaappa,139,287,106,14.3,37,109373
ABplpaappa,140,284,102,15.1,37,100920
ABplpaappa,141,289,104,15.1,37,100991
ABplpaappa,142,285,106,14.3,37,104574
ABplpaappa,143,282,112,15.2,37,96042
ABplpaappa,144,287,107,15.3,37,97143
ABplpaappa,145,287,109,15.2,37,102845
ABplpaappp,122,325,91,15.1,35,94278
ABplpaappp,123,332,84,14.2,34,93240
ABplpaappp,124,344,88,14.9,35,94556
ABplpaappp,125,347,83,14.1,34,105690
ABplpaappp,126,351,81,14.1,34,109776
ABplpaappp,127,355,77,13.9,34,96603
ABplpaappp,128,349,84,12.4,37,101902
ABplpaappp,129,345,91,14.0,35,96622
ABplpaappp,130,337,85,14.1,35,103351
ABplpaappp,131,334,91,14.1,33,113995
ABplpaappp,132,334,88,14.3,37,109085
ABplpaappp,133,333,88,14.0,35,108671
ABplpaappp,134,329,96,14.1,33,111097
ABplpaappp,135,324,96,14.2,35,115988
ABplpaappp,136,319,95,14.2,37,117233
ABplpaappp,137,322,90,14.3,37,113533
ABplpaappp,138,324,90,14.1,37,98298
ABplpaappp,139,319,88,15.1,35,111462
ABplpaappp,140,311,84,16.0,37,103929
ABplpaappp,141,318,84,15.2,37,112455
ABplpaappp,142,312,83,15.2,35,122178
ABplpaappp,143,303,86,15.3,37,109308
ABplpaappp,144,305,86,16.1,37,106646
ABplpaappp,145,306,84,15.3,37,106901
ABplpap,46,363,106,17.7,58,-99
ABplpap,47,374,107,17.8,54,439
ABplpap,48,382,100,17.0,52,566
ABplpap,49,397,98,16.3,51,1055
ABplpap,50,406,100,17.8,51,499
ABplpap,51,412,96,17.9,50,53
ABplpap,52,406,96,17.2,51,1852
ABplpap,53,404,90,17.4,51,1160
ABplpap,54,389,90,17.2,50,2299
ABplpap,55,383,97,17.2,50,2363
ABplpap,56,383,99,18.0,51,2149
ABplpap,57,381,98,17.4,51,5247
ABplpap,58,380,97,18.0,51,4082
ABplpap,59,382,96,18.2,55,5500
ABplpap,60,370,96,18.1,53,7174
ABplpap,61,374,99,18.9,52,8116
ABplpap,62,363,104,18.3,55,8817
ABplpap,63,357,109,18.3,54,10267
ABplpap,64,345,113,17.1,51,11218
ABplpapa,65,331,111,17.8,52,8453
ABplpapa,66,316,108,18.0,51,7225
ABplpapa,67,320,105,18.8,50,11278
ABplpapa,68,314,103,19.0,49,12353
ABplpapa,69,302,100,18.9,48,15703
ABplpapa,70,302,96,19.1,47,17063
ABplpapa,71,301,98,18.8,47,20030
ABplpapa,72,291,94,18.9,47,19961
ABplpapa,73,285,95,18.1,47,28134
ABplpapa,74,293,94,17.9,47,27466
ABplpapa,75,300,92,16.9,46,35062
ABplpapa,76,288,94,15.0,45,40812
ABplpapa,77,285,96,14.0,45,43625
ABplpapa,78,288,99,14.1,45,45868
ABplpapa,79,280,96,13.0,45,56771
ABplpapa,80,276,98,12.1,45,58739
ABplpapa,81,281,106,11.0,45,63736
ABplpapa,82,272,113,10.2,47,60977
ABplpapa,83,278,123,9.1,47,69611
ABplpapa,84,276,129,9.0,45,65357
ABplpapa,85,269,129,8.4,47,73599
ABplpapa,86,273,131,8.9,45,74594
ABplpapa,87,270,135,8.9,45,80112
ABplpapa,88,267,138,8.2,46,87047
ABplpapa,89,272,135,9.0,46,79764
ABplpapa,90,262,147,8.1,41,98179
ABplpapaa,91,228,136,9.1,34,83071
ABplpapaa,92,240,128,10.0,39,74827
ABplpapaa,93,238,120,11.0,40,79640
ABplpapaa,94,235,116,11.0,40,81978
ABplpapaa,95,235,110,11.8,40,79836
ABplpapaa,96,240,113,11.1,39,94673
ABplpapaa,97,241,112,11.1,38,94095
ABplpapaa,98,259,115,10.2,37,96150
ABplpapaa,99,264,122,10.0,37,95691
ABplpapaa,100,267,130,9.1,37,102490
ABplpapaa,101,263,139,8.1,37,105338
ABplpapaa,102,269,143,7.9,37,96771
ABplpapaa,103,263,143,7.2,37,119143
ABplpapaa,104,267,142,7.9,37,104011
ABplpapaa,105,276,142,7.9,37,110360
ABplpapaa,106,281,142,7.9,37,115455
ABplpapaa,107,285,141,8.1,37,112409
ABplpapaa,108,285,147,8.1,38,112109
ABplpapaa,109,288,147,8.2,38,115839
ABplpapaa,110,288,148,8.0,38,117241
ABplpapaa,111,293,146,7.9,38,118632
ABplpapaa,112,296,145,8.0,38,128045
ABplpapaa,113,309,142,8.9,38,124233
ABplpapaa,114,303,142,8.2,38,125538
ABplpapaa,115,302,149,8.8,38,126239
ABplpapaa,116,306,154,8.2,38,132198
ABplpapaa,117,303,154,8.8,38,118182
ABplpapaa,118,299,154,8.2,38,130789
ABplpapaa,119,297,150,8.9,38,118357
ABplpapaa,120,298,140,9.2,39,135320
ABplpapaa,121,292,138,10.0,37,121569
ABplpapaa,122,294,139,10.1,39,123593
ABplpapaa,123,303,137,10.2,36,136327
ABplpapaa,124,303,137,10.2,37,133610
ABplpapaa,125,305,142,10.3,36,139463
ABplpapaa,126,304,142,10.1,34,133084
ABplpapaa,127,311,139,10.0,34,115800
ABplpapaaa,128,283,150,10.1,33,108763
ABplpapaaa,129,286,149,10.0,33,102912
ABplpapaaa,130,289,148,10.2,33,108195
ABplpapaaa,131,286,156,10.8,33,94546
ABplpapaaa,132,277,154,10.1,33,114057
ABplpapaaa,133,278,150,9.3,29,125963
ABplpapaaa,134,278,155,9.2,29,126093
ABplpapaaa,135,281,152,9.0,33,109425
ABplpapaaa,136,280,152,9.0,33,118956
ABplpapaaa,137,284,148,8.9,33,111564
ABplpapaaa,138,285,153,9.0,33,114809
ABplpapaaa,139,288,157,8.0,33,119080
ABplpapaaa,140,287,153,7.1,29,114581
ABplpapaaa,141,291,154,8.1,33,127331
ABplpapaaa,142,294,155,8.3,35,119479
ABplpapaaa,143,289,158,8.1,33,131659
ABplpapaaa,144,294,155,8.0,29,135904
ABplpapaaa,145,292,158,8.2,37,122588
ABplpapaap,128,328,135,10.0,33,93475
ABplpapaap,129,327,142,10.1,33,97914
ABplpapaap,130,324,147,9.9,33,90525
ABplpapaap,131,321,153,9.2,33,107194
ABplpapaap,132,316,153,9.2,33,113699
ABplpapaap,133,318,149,9.2,33,109392
ABplpapaap,134,317,150,9.2,33,115583
ABplpapaap,135,321,147,9.2,33,115734
ABplpapaap,136,319,151,8.9,33,122202
ABplpapaap,137,325,144,8.9,33,132376
ABplpapaap,138,327,148,9.1,33,125810
ABplpapaap,139,326,147,9.0,33,116425
ABplpapaap,140,328,145,8.9,33,122269
ABplpapaap,141,330,152,8.9,33,132251
ABplpapaap,142,333,153,8.2,33,130555
ABplpapaap,143,332,151,8.2,35,133653
ABplpapaap,144,330,145,8.9,33,121323
ABplpapaap,145,330,145,8.4,37,113432
ABplpapap,91,283,136,7.3,34,79124
ABplpapap,92,292,132,8.1,37,77130
ABplpapap,93,295,128,8.0,38,84962
ABplpapap,94,298,122,8.1,40,78699
ABplpapap,95,292,125,8.1,40,81339
ABplpapap,96,292,126,8.1,39,86133
ABplpapap,97,297,123,8.9,38,92637
ABplpapap,98,302,124,8.1,37,102648
ABplpapap,99,305,128,8.1,37,91703
ABplpapap,100,314,130,8.1,37,98118
ABplpapap,101,315,132,8.2,37,99687
ABplpapap,102,319,132,7.6,39,107441
ABplpapap,103,317,136,8.0,37,100300
ABplpapap,104,317,130,8.0,39,100139
ABplpapap,105,320,127,8.0,39,99584
ABplpapap,106,322,126,8.2,39,113506
ABplpapap,107,325,126,7.5,39,113456
ABplpapap,108,322,124,8.1,38,116627
ABplpapap,109,331,130,8.1,38,121341
ABplpapap,110,334,130,8.0,38,126341
ABplpapap,111,338,134,8.0,38,118634
ABplpapap,112,342,135,7.9,38,115490
ABplpapap,113,348,132,7.9,38,104301
ABplpapap,114,348,135,7.0,38,116795
ABplpapap,115,343,137,7.0,38,114883
ABplpapap,116,347,139,7.0,38,121819
ABplpapap,117,343,140,7.1,38,118351
ABplpapap,118,340,140,7.0,38,119967
ABplpapap,119,341,138,7.1,38,119083
ABplpapap,120,333,135,7.1,37,123136
ABplpapap,121,328,129,7.1,37,123073
ABplpapap,122,336,127,7.5,39,125081
ABplpapap,123,344,128,7.3,38,126184
ABplpapap,124,344,129,7.3,39,120858
ABplpapap,125,340,138,7.9,34,101439
ABplpapap,126,354,135,7.1,32,113161
ABplpapapa,127,340,132,6.4,30,112058
ABplpapapa,128,338,138,6.8,33,93431
ABplpapapa,129,340,131,7.1,35,98552
ABplpapapa,130,340,130,7.0,33,102168
ABplpapapa,131,335,132,7.1,33,106034
ABplpapapa,132,330,131,6.9,33,111008
ABplpapapa,133,338,128,6.9,33,114672
ABplpapapa,134,335,128,7.1,33,119169
ABplpapapa,135,335,126,7.1,33,118009
ABplpapapa,136,332,128,7.0,33,114149
ABplpapapa,137,331,135,7.0,33,111415
ABplpapapa,138,334,134,6.4,35,122095
ABplpapapa,139,337,133,6.3,37,115039
ABplpapapa,140,340,132,6.4,35,123580
ABplpapapa,141,338,143,7.0,37,110808
ABplpapapa,142,340,146,7.0,37,101367
ABplpapapa,143,343,149,7.0,37,89845
ABplpapapa,144,346,152,7.0,37,112516
ABplpapapa,145,347,153,6.5,35,112608
ABplpapapp,127,381,149,6.4,32,97562
ABplpapapp,128,384,150,6.1,33,99857
ABplpapapp,129,378,152,6.1,35,102077
ABplpapapp,130,383,150,6.1,33,109911
ABplpapapp,131,382,147,6.1,33,118103
ABplpapapp,132,378,141,6.1,33,108766
ABplpapapp,133,381,140,6.2,33,113868
ABplpapapp,134,384,143,6.1,33,113101
ABplpapapp,135,381,139,6.1,33,120217
ABplpapapp,136,378,144,6.1,35,111037
ABplpapapp,137,380,143,6.0,35,109207
ABplpapapp,138,382,145,6.2,33,120064
ABplpapapp,139,385,151,6.1,35,105999
ABplpapapp,140,387,151,5.5,35,104309
ABplpapapp,141,393,152,5.4,37,104339
ABplpapapp,142,391,158,5.5,35,107082
ABplpapapp,143,386,161,5.3,37,110164
ABplpapapp,144,392,166,6.0,35,97131
ABplpapapp,145,387,160,6.0,33,101538
ABplpapp,65,377,97,16.7,52,6834
ABplpapp,66,382,95,15.4,49,8964
ABplpapp,67,388,97,16.0,50,11806
ABplpapp,68,387,86,17.1,49,15136
ABplpapp,69,378,84,16.2,48,15750
ABplpapp,70,374,83,17.1,47,17921
ABplpapp,71,372,81,17.1,47,22462
ABplpapp,72,365,85,17.1,47,23464
ABplpapp,73,364,81,17.1,47,26903
ABplpapp,74,366,84,17.9,47,27270
ABplpapp,75,365,87,17.0,46,32545
ABplpapp,76,354,86,16.2,47,36488
ABplpapp,77,348,92,16.0,45,36837
ABplpapp,78,351,90,15.2,49,36293
ABplpapp,79,346,87,14.2,47,43758
ABplpapp,80,342,85,13.5,47,46983
ABplpapp,81,347,88,13.2,47,57660
ABplpapp,82,342,91,12.1,45,58565
ABplpapp,83,352,99,10.4,47,64719
ABplpapp,84,351,106,10.1,47,67679
ABplpapp,85,351,106,9.2,47,73577
ABplpapp,86,349,117,9.1,47,76995
ABplpapp,87,348,124,8.3,47,79215
ABplpapp,88,348,133,8.1,46,84806
ABplpapp,89,357,136,8.0,36,91634
ABplpappa,90,327,148,7.2,33,77226
ABplpappa,91,339,154,7.0,36,69376
ABplpappa,92,340,152,6.1,41,65228
ABplpappa,93,343,142,6.8,40,67089
ABplpappa,94,335,143,7.0,40,71771
ABplpappa,95,330,143,7.0,40,73267
ABplpappa,96,328,147,7.1,41,76255
ABplpappa,97,333,149,6.4,42,75577
ABplpappa,98,342,144,6.4,41,81531
ABplpappa,99,346,144,7.0,41,82710
ABplpappa,100,353,150,6.3,41,85655
ABplpappa,101,354,156,6.3,41,88472
ABplpappa,102,359,157,6.2,41,88207
ABplpappa,103,356,162,6.2,41,86386
ABplpappa,104,356,155,6.3,41,87039
ABplpappa,105,358,154,6.2,41,93433
ABplpappa,106,363,151,6.3,41,98403
ABplpappa,107,371,149,6.2,41,95198
ABplpappa,108,371,153,6.2,42,94923
ABplpappa,109,374,157,6.1,42,98151
ABplpappa,110,376,158,6.1,42,95578
ABplpappa,111,375,162,6.1,42,97410
ABplpappa,112,378,161,6.1,42,102351
ABplpappa,113,381,160,6.1,42,103912
ABplpappa,114,385,162,6.2,42,101171
ABplpappa,115,387,165,6.2,42,108499
ABplpappa,116,386,165,6.1,40,114423
ABplpappa,117,378,168,6.1,40,119927
ABplpappa,118,373,169,6.2,40,109841
ABplpappa,119,371,173,6.0,40,100616
ABplpappa,120,367,171,6.1,31,115240
ABplpappaa,121,336,174,7.1,31,105722
ABplpappaa,122,337,178,7.0,35,93136
ABplpappaa,123,348,176,6.1,36,91463
ABplpappaa,124,346,174,6.1,37,81956
ABplpappaa,125,345,184,5.4,36,92456
ABplpappaa,126,338,181,5.4,36,84804
ABplpappaa,127,333,178,6.1,38,70861
ABplpappaa,128,323,176,6.1,37,82042
ABplpappaa,129,315,173,5.4,37,94024
ABplpappaa,130,317,171,5.3,37,85174
ABplpappaa,131,312,173,5.4,37,87729
ABplpappaa,132,316,168,6.0,37,79651
ABplpappaa,133,325,162,6.0,37,74813
ABplpappaa,134,329,169,6.0,37,75741
ABplpappaa,135,330,166,5.4,37,87289
ABplpappaa,136,321,171,5.4,37,82936
ABplpappaa,137,328,173,5.4,37,85613
ABplpappaa,138,331,172,5.3,37,85686
ABplpappaa,139,340,175,5.3,37,83221
ABplpappaa,140,336,174,5.5,37,69536
ABplpappaa,141,336,184,5.4,37,79124
ABplpappaa,142,336,187,5.4,37,74377
ABplpappaa,143,328,191,5.3,37,77342
ABplpappaa,144,328,191,5.3,37,76421
ABplpappaa,145,326,183,5.3,37,73926
ABplpappap,121,381,172,6.1,29,109948
ABplpappap,122,391,173,6.4,31,102856
ABplpappap,123,402,164,6.2,30,112024
ABplpappap,124,406,167,5.7,35,91861
ABplpappap,125,404,166,5.2,32,114149
ABplpappap,126,399,164,5.0,34,94486
ABplpappap,127,400,173,5.0,34,99690
ABplpappap,128,401,176,4.6,35,97526
ABplpappap,129,406,170,4.6,29,115064
ABplpappap,130,405,172,4.6,35,104597
ABplpappap,131,405,175,5.1,33,99997
ABplpappap,132,402,170,4.6,35,106822
ABplpappap,133,400,176,5.1,35,113057
ABplpappap,134,401,182,5.2,31,121308
ABplpappap,135,396,182,5.3,29,108431
ABplpappap,136,393,186,5.5,28,113435
ABplpappap,137,392,188,5.6,32,106821
ABplpappap,138,389,191,5.7,33,101371
ABplpappap,139,387,193,4.5,29,138745
ABplpappap,140,377,192,4.6,31,112124
ABplpappap,141,381,198,4.6,31,119545
ABplpappap,142,378,204,4.6,31,116779
ABplpappap,143,370,209,5.0,29,141584
ABplpappap,144,369,205,5.0,29,131235
ABplpappap,145,360,197,5.0,29,133846
ABplpappp,90,376,132,7.2,35,80911
ABplpappp,91,396,148,6.3,36,72082
ABplpappp,92,408,155,6.8,41,63563
ABplpappp,93,414,152,6.1,40,71745
ABplpappp,94,412,161,6.0,40,75905
ABplpappp,95,407,170,5.9,40,74039
ABplpappp,96,403,173,5.9,39,78685
ABplpappp,97,402,169,5.9,38,83167
ABplpappp,98,405,167,6.0,39,83592
ABplpappp,99,404,168,6.3,39,94247
ABplpappp,100,411,175,6.3,39,93694
ABplpappp,101,411,174,6.8,37,95636
ABplpappp,102,407,176,6.4,39,103305
ABplpappp,103,407,166,6.1,41,93584
ABplpappp,104,403,162,6.0,39,94027
ABplpappp,105,410,161,6.1,39,96801
ABplpappp,106,411,160,6.0,39,101002
ABplpappp,107,415,169,5.4,39,113469
ABplpappp,108,415,164,5.8,38,102423
ABplpappp,109,423,165,5.3,38,109658
ABplpappp,110,421,168,5.8,38,102241
ABplpappp,111,423,174,5.8,38,94594
ABplpappp,112,428,174,5.4,40,112919
ABplpappp,113,438,180,5.3,40,112614
ABplpappp,114,442,179,5.2,40,109064
ABplpappp,115,443,180,5.3,40,110725
ABplpappp,116,445,183,5.7,38,107001
ABplpappp,117,441,184,5.3,40,119426
ABplpappp,118,439,185,5.8,38,102439
ABplpappp,119,438,187,5.3,40,115648
ABplpappp,120,427,180,5.2,39,121616
ABplpappp,121,425,177,5.3,41,120116
ABplpappp,122,431,181,5.9,37,123315
ABplpappp,123,443,182,5.9,36,121699
ABplpappp,124,449,187,5.2,31,110685
ABplpapppa,125,432,186,6.1,30,109704
ABplpapppa,126,426,186,5.9,34,85768
ABplpapppa,127,442,186,5.7,34,87405
ABplpapppa,128,445,187,5.2,35,104512
ABplpapppa,129,444,182,5.3,33,101672
ABplpapppa,130,453,183,5.1,35,107292
ABplpapppa,131,448,184,5.1,33,106444
ABplpapppa,132,440,185,5.1,35,102873
ABplpapppa,133,446,190,5.1,33,111801
ABplpapppa,134,441,193,5.0,35,102016
ABplpapppa,135,438,194,5.0,37,94632
ABplpapppa,136,429,199,5.1,37,101000
ABplpapppa,137,429,198,5.1,37,101017
ABplpapppa,138,429,198,5.1,37,98567
ABplpapppa,139,431,203,4.6,37,107445
ABplpapppa,140,428,203,5.1,37,99201
ABplpapppa,141,431,205,5.0,33,104221
ABplpapppa,142,426,203,5.0,37,97115
ABplpapppa,143,422,207,5.0,37,98437
ABplpapppa,144,419,208,4.6,37,109972
ABplpapppa,145,417,208,4.7,37,108208
ABplpapppp,125,475,197,5.9,27,105306
ABplpapppp,126,478,205,5.7,34,90306
ABplpapppp,127,489,196,5.8,34,82608
ABplpapppp,128,496,195,5.7,33,90349
ABplpapppp,129,492,197,5.2,35,99019
ABplpapppp,130,499,202,5.2,35,101966
ABplpapppp,131,498,196,5.2,35,101630
ABplpapppp,132,493,203,5.2,35,105660
ABplpapppp,133,494,198,5.3,35,106503
ABplpapppp,134,486,203,5.8,33,94991
ABplpapppp,135,484,204,5.0,33,104018
ABplpapppp,136,479,210,5.2,33,114034
ABplpapppp,137,480,210,5.1,35,105092
ABplpapppp,138,480,215,5.1,35,112007
ABplpapppp,139,480,221,5.0,37,99289
ABplpapppp,140,475,217,5.2,37,107966
ABplpapppp,141,472,222,5.8,33,99855
ABplpapppp,142,470,222,5.2,35,115279
ABplpapppp,143,466,221,5.2,37,107056
ABplpapppp,144,471,220,5.2,37,109825
ABplpapppp,145,464,223,5.2,35,113919
ABplpp,29,374,130,20.0,34,-1054
ABplpp,30,380,120,21.1,34,1154
ABplpp,31,388,115,21.0,49,31
ABplpp,32,401,120,20.1,52,-653
ABplpp,33,410,115,21.1,55,-398
ABplpp,34,403,115,22.0,57,-117
ABplpp,35,411,116,21.2,61,-1012
ABplpp,36,413,116,21.2,62,-821
ABplpp,37,411,115,21.0,64,49
ABplpp,38,414,119,20.2,64,-487
ABplpp,39,418,125,21.1,64,-28
ABplpp,40,419,135,22.1,64,-342
ABplpp,41,430,128,22.0,65,-110
ABplpp,42,424,128,22.6,62,-234
ABplpp,43,419,123,22.0,63,115
ABplpp,44,427,121,21.0,63,-392
ABplpp,45,432,122,20.7,61,623
ABplppa,46,427,117,22.1,60,-877
ABplppa,47,411,121,23.0,54,293
ABplppa,48,417,117,23.2,52,474
ABplppa,49,414,121,23.9,51,593
ABplppa,50,416,129,23.1,51,311
ABplppa,51,417,132,23.2,54,487
ABplppa,52,420,131,23.2,51,-215
ABplppa,53,419,131,23.2,53,1201
ABplppa,54,412,134,23.3,50,895
ABplppa,55,411,134,23.3,52,-87
ABplppa,56,406,139,23.2,51,2228
ABplppa,57,396,136,23.1,49,2911
ABplppa,58,392,136,23.0,53,2099
ABplppa,59,391,140,23.2,51,3422
ABplppa,60,387,144,23.1,51,3999
ABplppa,61,383,147,23.3,54,3713
ABplppa,62,379,149,23.3,55,4058
ABplppa,63,375,147,23.2,52,4484
ABplppa,64,365,147,22.3,53,5998
ABplppa,65,365,134,22.1,52,9303
ABplppa,66,363,135,22.9,51,8157
ABplppaa,67,350,127,23.9,50,5144
ABplppaa,68,344,123,24.0,49,8214
ABplppaa,69,353,118,23.9,48,8788
ABplppaa,70,345,117,23.9,47,13036
ABplppaa,71,340,109,23.0,47,13368
ABplppaa,72,333,109,22.9,47,15783
ABplppaa,73,325,114,22.9,47,17552
ABplppaa,74,324,114,22.9,47,19467
ABplppaa,75,325,120,22.1,46,22654
ABplppaa,76,317,117,22.0,45,26577
ABplppaa,77,311,113,21.9,45,26423
ABplppaa,78,308,109,21.1,45,36705
ABplppaa,79,312,107,21.0,45,35058
ABplppaa,80,309,104,20.1,45,45358
ABplppaa,81,313,107,20.0,45,43005
ABplppaa,82,309,100,18.9,45,47203
ABplppaa,83,317,96,17.1,45,58252
ABplppaa,84,316,96,16.0,45,60562
ABplppaa,85,319,96,15.1,45,70122
ABplppaa,86,322,95,15.1,45,71550
ABplppaa,87,318,96,14.0,45,69808
ABplppaa,88,312,100,13.0,46,70385
ABplppaa,89,316,95,13.1,46,76113
ABplppaa,90,312,93,13.0,45,80996
ABplppaa,91,328,95,11.1,44,89497
ABplppaa,92,341,93,11.1,43,99680
ABplppaa,93,345,88,12.0,40,100190
ABplppaa,94,348,87,12.9,40,100828
ABplppaa,95,345,103,12.0,34,92362
ABplppaaa,96,320,104,12.3,35,79520
ABplppaaa,97,317,100,13.0,36,81948
ABplppaaa,98,329,99,12.9,37,73740
ABplppaaa,99,323,106,11.9,37,90585
ABplppaaa,100,334,107,12.1,37,85236
ABplppaaa,101,332,105,11.1,37,89805
ABplppaaa,102,343,105,10.9,37,87932
ABplppaaa,103,341,105,10.8,37,92706
ABplppaaa,104,346,108,10.9,37,97506
ABplppaaa,105,347,102,10.8,37,100682
ABplppaaa,106,343,98,10.6,39,103408
ABplppaaa,107,351,105,11.0,37,100736
ABplppaaa,108,348,106,11.0,38,110101
ABplppaaa,109,347,112,11.2,38,99292
ABplppaaa,110,341,110,10.1,38,113305
ABplppaaa,111,338,112,10.0,38,118888
ABplppaaa,112,336,109,10.1,38,114363
ABplppaaa,113,339,116,11.1,38,108921
ABplppaaa,114,328,117,10.9,38,106944
ABplppaaa,115,335,118,10.9,38,108002
ABplppaaa,116,334,115,10.2,38,120309
ABplppaaa,117,330,116,10.8,38,110910
ABplppaaa,118,327,119,10.8,38,98404
ABplppaaa,119,327,112,10.7,38,108781
ABplppaaa,120,321,101,10.6,41,113182
ABplppaaa,121,314,102,11.2,39,117833
ABplppaaa,122,324,103,11.3,39,121624
ABplppaaa,123,327,98,11.2,36,126700
ABplppaaa,124,329,100,11.2,37,119175
ABplppaaa,125,337,99,11.0,36,128999
ABplppaaa,126,341,103,11.3,36,131343
ABplppaaa,127,345,106,10.8,34,116355
ABplppaaa,128,345,105,10.2,37,129346
ABplppaaa,129,339,108,11.0,37,126285
ABplppaaa,130,326,117,11.0,33,106372
ABplppaaa,131,319,120,11.0,33,106012
ABplppaaaa,132,299,122,10.8,33,79512
ABplppaaaa,133,296,120,10.8,33,79791
ABplppaaaa,134,299,120,11.1,35,74693
ABplppaaaa,135,305,117,11.2,29,89896
ABplppaaaa,136,302,117,11.1,37,88456
ABplppaaaa,137,306,112,11.2,35,96027
ABplppaaaa,138,305,111,11.2,37,95676
ABplppaaaa,139,302,109,11.1,29,96969
ABplppaaaa,140,301,105,11.3,35,92792
ABplppaaaa,141,312,107,11.1,35,95062
ABplppaaaa,142,312,107,10.4,37,89948
ABplppaaaa,143,307,107,10.4,37,92308
ABplppaaaa,144,312,108,11.2,35,89789
ABplppaaaa,145,313,108,11.1,35,91405
ABplppaaap,132,327,106,12.0,27,115085
ABplppaaap,133,331,102,12.0,33,103494
ABplppaaap,134,324,106,11.9,27,125018
ABplppaaap,135,327,103,11.9,29,127240
ABplppaaap,136,330,100,12.0,31,126537
ABplppaaap,137,333,96,12.0,33,117167
ABplppaaap,138,330,94,12.2,29,135539
ABplppaaap,139,329,95,12.9,33,113761
ABplppaaap,140,327,89,13.0,33,105982
ABplppaaap,141,334,88,13.0,27,129259
ABplppaaap,142,330,89,12.8,33,112570
ABplppaaap,143,327,90,12.8,33,111732
ABplppaaap,144,329,90,12.9,33,110381
ABplppaaap,145,334,88,12.8,33,107558
ABplppaap,96,361,103,11.1,35,86603
ABplppaap,97,366,95,11.1,29,98139
ABplppaap,98,378,97,10.9,37,87587
ABplppaap,99,378,90,10.9,37,86037
ABplppaap,100,380,101,10.1,37,86772
ABplppaap,101,379,101,10.9,37,78529
ABplppaap,102,380,105,10.0,37,87285
ABplppaap,103,389,103,10.3,37,94538
ABplppaap,104,391,106,9.1,37,97155
ABplppaap,105,393,106,9.9,37,105529
ABplppaap,106,388,108,10.9,37,100956
ABplppaap,107,389,115,10.3,37,101839
ABplppaap,108,388,117,10.1,38,97445
ABplppaap,109,385,119,9.9,38,93979
ABplppaap,110,382,118,9.9,38,99290
ABplppaap,111,381,113,10.0,38,103647
ABplppaap,112,376,106,9.9,38,101798
ABplppaap,113,379,98,10.1,38,109635
ABplppaap,114,374,100,10.1,38,110422
ABplppaap,115,380,102,9.9,38,101582
ABplppaap,116,382,103,9.2,38,123058
ABplppaap,117,379,110,9.2,38,112746
ABplppaap,118,373,112,9.1,29,104592
ABplppaap,119,375,112,9.1,40,112618
ABplppaap,120,372,106,9.2,39,128950
ABplppaap,121,364,104,9.3,39,123022
ABplppaap,122,373,107,9.2,41,120568
ABplppaap,123,378,104,8.5,40,124454
ABplppaap,124,390,109,8.1,39,129416
ABplppaap,125,394,112,8.1,38,118262
ABplppaap,126,401,113,7.4,38,126723
ABplppaap,127,408,114,8.1,36,119410
ABplppaap,128,404,118,9.0,33,103833
ABplppaap,129,406,115,9.0,33,119515
ABplppaapa,130,377,111,8.8,33,96580
ABplppaapa,131,372,112,8.8,33,89288
ABplppaapa,132,367,110,8.8,35,87130
ABplppaapa,133,376,112,7.9,33,95431
ABplppaapa,134,371,112,7.9,33,97971
ABplppaapa,135,377,111,7.9,33,101779
ABplppaapa,136,379,113,7.3,35,101285
ABplppaapa,137,381,115,7.4,35,98957
ABplppaapa,138,379,117,7.2,37,94400
ABplppaapa,139,382,119,7.0,33,105268
ABplppaapa,140,381,121,7.0,35,94673
ABplppaapa,141,379,125,6.5,35,88272
ABplppaapa,142,377,128,6.8,33,103157
ABplppaapa,143,376,129,6.4,37,93734
ABplppaapa,144,380,126,6.9,33,100990
ABplppaapa,145,376,127,6.9,33,97223
ABplppaapp,130,421,120,7.7,33,88284
ABplppaapp,131,416,123,7.8,33,90252
ABplppaapp,132,410,119,7.9,33,93111
ABplppaapp,133,417,122,7.1,33,102077
ABplppaapp,134,411,127,7.2,33,101472
ABplppaapp,135,413,122,7.1,33,105841
ABplppaapp,136,414,127,7.0,33,94087
ABplppaapp,137,417,125,7.0,33,92086
ABplppaapp,138,416,128,6.9,33,96320
ABplppaapp,139,415,133,6.9,33,92287
ABplppaapp,140,417,132,7.0,33,96436
ABplppaapp,141,417,136,6.8,33,79608
ABplppaapp,142,415,136,6.3,35,96046
ABplppaapp,143,413,138,6.1,33,102198
ABplppaapp,144,413,141,6.1,33,104758
ABplppaapp,145,412,142,5.4,35,97305
ABplppap,67,406,134,22.1,50,5593
ABplppap,68,411,134,22.9,49,5946
ABplppap,69,418,139,22.9,48,7566
ABplppap,70,419,141,23.0,47,6827
ABplppap,71,417,144,23.1,47,9468
ABplppap,72,410,130,23.0,47,11060
ABplppap,73,402,122,23.0,47,13280
ABplppap,74,402,124,23.0,47,12591
ABplppap,75,394,118,21.9,46,16116
ABplppap,76,388,106,21.9,45,25654
ABplppap,77,379,106,20.9,45,25704
ABplppap,78,380,97,20.0,45,30856
ABplppap,79,379,98,19.0,45,36622
ABplppap,80,377,101,18.9,45,39294
ABplppap,81,375,98,18.1,45,48968
ABplppap,82,368,97,18.1,45,46365
ABplppap,83,373,98,17.9,45,49887
ABplppap,84,376,94,16.4,49,53544
ABplppap,85,374,93,16.1,45,64462
ABplppap,86,376,96,16.1,47,62548
ABplppap,87,365,94,15.3,47,66643
ABplppap,88,357,103,14.9,46,72999
ABplppap,89,363,105,15.0,46,74567
ABplppap,90,365,111,14.0,45,73029
ABplppap,91,382,126,12.0,38,76619
ABplppapa,92,381,126,11.1,29,81547
ABplppapa,93,377,114,10.2,32,81293
ABplppapa,94,380,108,9.2,34,76626
ABplppapa,95,380,111,8.4,36,80907
ABplppapa,96,387,109,8.8,39,71918
ABplppapa,97,387,109,8.8,38,83129
ABplppapa,98,401,108,9.0,37,85760
ABplppapa,99,404,115,9.9,37,84884
ABplppapa,100,411,117,11.0,37,74406
ABplppapa,101,415,111,10.2,39,84235
ABplppapa,102,416,118,10.0,37,83181
ABplppapa,103,417,131,10.1,39,77680
ABplppapa,104,423,132,10.1,39,81294
ABplppapa,105,423,133,10.2,39,88694
ABplppapa,106,419,135,10.2,39,85624
ABplppapa,107,421,137,10.2,37,92110
ABplppapa,108,426,126,11.2,38,80444
ABplppapa,109,422,117,10.9,38,91512
ABplppapa,110,419,120,10.8,38,87306
ABplppapa,111,417,123,10.9,38,91939
ABplppapa,112,414,114,11.0,38,99534
ABplppapa,113,412,114,11.1,38,101753
ABplppapa,114,406,107,11.8,38,92021
ABplppapa,115,408,114,11.1,38,101984
ABplppapa,116,409,110,10.9,38,102144
ABplppapa,117,408,110,10.8,38,107500
ABplppapa,118,400,110,10.9,38,110539
ABplppapa,119,402,109,10.9,38,112177
ABplppapa,120,392,101,11.1,39,124242
ABplppapa,121,392,95,10.4,41,121403
ABplppapa,122,393,98,11.2,41,122486
ABplppapa,123,396,96,11.4,38,137373
ABplppapa,124,393,95,11.3,39,135943
ABplppapa,125,395,96,11.3,38,138493
ABplppapa,126,396,98,12.0,34,105116
ABplppapaa,127,383,95,12.2,32,83368
ABplppapaa,128,375,92,11.4,29,95740
ABplppapaa,129,374,89,12.0,33,88712
ABplppapaa,130,372,97,11.2,37,96427
ABplppapaa,131,365,97,11.3,37,93767
ABplppapaa,132,360,97,11.4,35,104321
ABplppapaa,133,362,100,11.1,35,94112
ABplppapaa,134,358,100,11.2,37,92873
ABplppapaa,135,357,103,11.3,37,96561
ABplppapaa,136,353,104,10.4,37,91551
ABplppapaa,137,356,99,11.0,29,105581
ABplppapaa,138,355,100,11.1,29,102440
ABplppapaa,139,353,105,10.3,35,102161
ABplppapaa,140,351,101,10.3,35,104551
ABplppapaa,141,357,104,10.0,35,94835
ABplppapaa,142,352,106,9.4,35,99001
ABplppapaa,143,350,110,10.1,37,93542
ABplppapaa,144,348,105,9.6,37,100669
ABplppapaa,145,353,105,10.1,37,91456
ABplppapap,127,414,99,11.9,34,78759
ABplppapap,128,422,91,11.2,31,109679
ABplppapap,129,417,83,12.0,29,111381
ABplppapap,130,409,91,11.0,33,98141
ABplppapap,131,402,92,10.8,33,94983
ABplppapap,132,396,94,11.0,35,89814
ABplppapap,133,402,94,10.4,35,101695
ABplppapap,134,401,98,10.4,35,100541
ABplppapap,135,399,100,10.5,35,98186
ABplppapap,136,397,102,10.2,37,97935
ABplppapap,137,399,100,10.3,37,102844
ABplppapap,138,396,102,10.3,37,100662
ABplppapap,139,396,107,10.1,35,105728
ABplppapap,140,393,102,10.3,37,99536
ABplppapap,141,400,105,10.0,37,95461
ABplppapap,142,393,100,9.6,37,105266
ABplppapap,143,392,100,10.2,37,105093
ABplppapap,144,393,102,10.1,37,103852
ABplppapap,145,394,101,9.4,35,110655
ABplppapp,92,414,123,11.2,35,63221
ABplppapp,93,433,123,10.2,38,58310
ABplppapp,94,439,122,10.1,36,74949
ABplppapp,95,440,123,10.1,36,73994
ABplppapp,96,435,127,9.9,39,75018
ABplppapp,97,440,134,10.0,38,79376
ABplppapp,98,455,133,10.2,37,78028
ABplppapp,99,454,133,11.0,37,79493
ABplppapp,100,453,131,10.9,37,80568
ABplppapp,101,458,131,10.4,39,78880
ABplppapp,102,460,133,11.0,37,74040
ABplppapp,103,465,133,10.8,37,78665
ABplppapp,104,468,136,10.9,37,84786
ABplppapp,105,470,141,10.4,39,82041
ABplppapp,106,467,138,10.4,39,85041
ABplppapp,107,468,136,10.4,39,89472
ABplppapp,108,466,129,11.1,40,83544
ABplppapp,109,463,125,11.3,40,95740
ABplppapp,110,464,127,10.4,42,88507
ABplppapp,111,466,126,11.0,40,92884
ABplppapp,112,468,126,11.2,40,99692
ABplppapp,113,462,119,11.4,40,100152
ABplppapp,114,463,120,12.3,40,100823
ABplppapp,115,462,115,12.2,42,101282
ABplppapp,116,465,123,12.2,42,104844
ABplppapp,117,462,124,12.0,40,108568
ABplppapp,118,455,117,12.0,29,93978
ABplppapp,119,456,115,12.1,29,104850
ABplppapp,120,444,108,12.1,41,116286
ABplppapp,121,445,108,12.3,39,118417
ABplppapp,122,446,103,12.2,41,121402
ABplppapp,123,447,102,12.3,40,116611
ABplppapp,124,451,104,12.0,39,129948
ABplppapp,125,451,107,11.2,38,131439
ABplppapp,126,451,102,11.9,34,124494
ABplppapp,127,455,108,11.1,34,112535
ABplppappa,128,453,104,11.1,33,91376
ABplppappa,129,444,93,12.0,33,92510
ABplppappa,130,442,96,11.0,33,98955
ABplppappa,131,438,93,11.0,33,106493
ABplppappa,132,435,92,10.8,33,99507
ABplppappa,133,441,96,10.1,33,108105
ABplppappa,134,439,107,9.5,35,103694
ABplppappa,135,441,109,9.3,37,97706
ABplppappa,136,438,119,9.2,29,112186
ABplppappa,137,444,122,9.2,29,113140
ABplppappa,138,444,124,9.1,29,95870
ABplppappa,139,438,126,9.2,29,113083
ABplppappa,140,437,125,9.3,37,97210
ABplppappa,141,437,126,9.2,37,100454
ABplppappa,142,433,123,9.0,35,103064
ABplppappa,143,430,121,8.4,37,103367
ABplppappa,144,432,117,8.4,37,102674
ABplppappa,145,432,118,8.3,35,99701
ABplppappp,128,474,111,10.2,29,104579
ABplppappp,129,480,112,10.1,33,107878
ABplppappp,130,474,114,9.2,37,96099
ABplppappp,131,475,110,9.3,37,100303
ABplppappp,132,477,111,9.3,37,110638
ABplppappp,133,479,111,9.2,37,108327
ABplppappp,134,471,114,9.4,37,101919
ABplppappp,135,471,112,9.9,33,110100
ABplppappp,136,466,121,9.2,29,115527
ABplppappp,137,473,117,10.0,37,106944
ABplppappp,138,470,115,10.0,37,93813
ABplppappp,139,471,121,9.4,37,104084
ABplppappp,140,466,118,10.1,37,103029
ABplppappp,141,469,116,9.5,35,99694
ABplppappp,142,464,114,9.9,33,101674
ABplppappp,143,463,112,9.1,35,109822
ABplppappp,144,466,108,9.1,35,104998
ABplppappp,145,460,108,8.4,37,108575
ABplppp,46,458,110,18.8,58,-8
ABplppp,47,472,115,17.9,54,-284
ABplppp,48,492,108,18.1,52,57
ABplppp,49,499,109,18.0,51,-424
ABplppp,50,495,114,17.0,51,351
ABplppp,51,493,115,18.0,50,284
ABplppp,52,489,118,17.3,49,629
ABplppp,53,479,103,18.0,49,253
ABplppp,54,469,109,18.0,46,1267
ABplppp,55,461,114,17.9,48,2669
ABplppp,56,463,118,19.0,47,1000
ABplppp,57,463,117,19.1,49,2524
ABplppp,58,455,113,19.1,49,1176
ABplppp,59,455,114,19.1,51,2759
ABplppp,60,448,110,19.0,51,4099
ABplppp,61,451,113,19.8,52,4372
ABplppp,62,441,111,20.1,51,6717
ABplppp,63,430,109,20.1,52,8638
ABplppp,64,426,109,20.1,51,7969
ABplppp,65,438,113,19.7,52,8577
ABplpppa,66,414,98,19.9,51,6014
ABplpppa,67,430,88,19.8,50,9085
ABplpppa,68,419,86,20.2,49,10726
ABplpppa,69,409,87,19.9,48,12871
ABplpppa,70,410,84,20.0,47,10638
ABplpppa,71,411,85,19.9,47,15531
ABplpppa,72,414,79,17.9,47,17988
ABplpppa,73,419,80,16.9,47,21745
ABplpppa,74,422,82,17.0,47,25480
ABplpppa,75,419,81,16.0,46,31580
ABplpppa,76,407,80,15.9,45,31984
ABplpppa,77,402,89,14.9,45,36861
ABplpppa,78,402,88,14.0,45,35266
ABplpppa,79,404,91,13.1,45,45375
ABplpppa,80,407,87,13.0,45,49791
ABplpppa,81,408,89,13.0,45,52788
ABplpppa,82,398,84,13.0,45,53648
ABplpppa,83,404,85,13.2,47,59849
ABplpppa,84,410,86,12.9,45,67249
ABplpppa,85,410,81,13.1,45,73270
ABplpppa,86,406,87,13.1,45,73216
ABplpppa,87,402,91,13.1,45,79438
ABplpppa,88,402,89,12.9,46,78972
ABplpppa,89,406,89,12.9,46,81131
ABplpppa,90,416,95,11.2,39,82134
ABplpppaa,91,417,107,9.0,34,83561
ABplpppaa,92,436,120,7.2,39,73439
ABplpppaa,93,446,121,6.4,38,78268
ABplpppaa,94,448,137,6.1,40,69506
ABplpppaa,95,446,140,5.9,40,68621
ABplpppaa,96,443,146,5.9,39,75977
ABplpppaa,97,438,140,6.1,38,83052
ABplpppaa,98,441,134,6.3,39,84124
ABplpppaa,99,440,137,6.7,37,82908
ABplpppaa,100,438,136,6.2,37,91242
ABplpppaa,101,436,129,6.2,37,96126
ABplpppaa,102,442,123,6.5,39,92254
ABplpppaa,103,448,115,7.2,39,100005
ABplpppaa,104,448,117,7.2,39,101453
ABplpppaa,105,444,112,7.5,39,106217
ABplpppaa,106,443,111,7.5,39,107189
ABplpppaa,107,442,103,8.3,39,111292
ABplpppaa,108,445,96,9.0,38,115107
ABplpppaa,109,450,96,8.4,40,108129
ABplpppaa,110,453,97,9.0,38,120484
ABplpppaa,111,453,96,9.1,38,123241
ABplpppaa,112,456,92,9.9,38,113684
ABplpppaa,113,454,94,10.1,40,125105
ABplpppaa,114,453,96,10.3,40,120478
ABplpppaa,115,458,96,10.1,40,131120
ABplpppaa,116,459,97,10.2,40,128963
ABplpppaa,117,454,108,9.9,38,118161
ABplpppaa,118,454,101,9.4,40,126721
ABplpppaa,119,464,100,10.0,42,114760
ABplpppaa,120,455,99,9.2,41,127379
ABplpppaa,121,451,97,9.2,39,127651
ABplpppaa,122,453,97,9.2,39,133017
ABplpppaa,123,460,95,9.2,38,132049
ABplpppaa,124,460,103,8.3,39,136537
ABplpppaa,125,457,114,8.9,34,127360
ABplpppaa,126,460,112,8.0,34,110442
ABplpppaaa,127,448,118,7.8,34,76942
ABplpppaaa,128,447,119,7.0,33,95718
ABplpppaaa,129,450,113,8.1,33,109630
ABplpppaaa,130,457,116,7.3,29,125672
ABplpppaaa,131,452,119,7.3,35,108154
ABplpppaaa,132,449,118,7.5,35,103036
ABplpppaaa,133,456,122,7.9,33,97251
ABplpppaaa,134,451,124,7.4,35,120027
ABplpppaaa,135,456,118,7.2,37,111257
ABplpppaaa,136,453,126,7.1,35,114108
ABplpppaaa,137,461,127,7.2,35,112144
ABplpppaaa,138,461,127,7.2,35,84851
ABplpppaaa,139,457,143,7.3,35,96251
ABplpppaaa,140,458,137,7.4,35,106838
ABplpppaaa,141,459,139,7.2,29,113404
ABplpppaaa,142,454,138,7.4,37,97398
ABplpppaaa,143,450,135,6.5,35,109143
ABplpppaaa,144,452,132,7.1,35,104946
ABplpppaaa,145,456,131,6.8,33,100860
ABplpppaap,127,489,115,7.1,30,112068
ABplpppaap,128,496,114,7.0,33,99934
ABplpppaap,129,487,116,6.9,33,111943
ABplpppaap,130,494,118,6.4,35,100213
ABplpppaap,131,497,115,6.5,35,105454
ABplpppaap,132,492,114,7.0,33,117053
ABplpppaap,133,498,115,6.4,35,114601
ABplpppaap,134,494,119,6.3,35,109406
ABplpppaap,135,496,124,6.9,33,111643
ABplpppaap,136,490,125,6.9,33,111440
ABplpppaap,137,493,120,7.8,33,102035
ABplpppaap,138,491,125,8.1,33,117675
ABplpppaap,139,490,137,7.7,33,97409
ABplpppaap,140,490,132,7.9,33,116749
ABplpppaap,141,493,131,7.8,33,103264
ABplpppaap,142,490,130,7.2,33,111137
ABplpppaap,143,490,131,7.0,35,101704
ABplpppaap,144,489,130,7.1,33,114799
ABplpppaap,145,491,129,7.1,35,112892
ABplpppap,91,445,93,12.0,36,65284
ABplpppap,92,465,101,11.1,29,84454
ABplpppap,93,474,101,11.0,38,69748
ABplpppap,94,476,101,10.0,40,73671
ABplpppap,95,474,100,9.9,40,74536
ABplpppap,96,463,99,10.1,39,84788
ABplpppap,97,461,98,10.1,38,93964
ABplpppap,98,465,93,10.9,37,91618
ABplpppap,99,462,92,10.0,37,93540
ABplpppap,100,467,95,10.0,37,97220
ABplpppap,101,466,95,10.4,39,96528
ABplpppap,102,470,95,11.1,39,95718
ABplpppap,103,474,94,11.2,39,111189
ABplpppap,104,479,99,10.9,37,101773
ABplpppap,105,471,99,11.0,39,110614
ABplpppap,106,472,93,11.1,37,111802
ABplpppap,107,479,90,11.9,37,105396
ABplpppap,108,485,91,11.8,38,101226
ABplpppap,109,496,99,10.8,38,98675
ABplpppap,110,498,100,10.8,38,103834
ABplpppap,111,499,102,10.1,38,113059
ABplpppap,112,504,106,9.8,38,109514
ABplpppap,113,504,109,9.2,38,112845
ABplpppap,114,497,109,9.8,38,105523
ABplpppap,115,504,107,10.2,38,117088
ABplpppap,116,505,110,9.9,38,109841
ABplpppap,117,501,112,9.1,38,119327
ABplpppap,118,499,109,9.0,38,117404
ABplpppap,119,505,112,9.1,38,118020
ABplpppap,120,496,116,9.1,37,122758
ABplpppap,121,489,115,9.1,37,121566
ABplpppap,122,491,121,8.9,37,118494
ABplpppap,123,501,119,8.3,38,128375
ABplpppap,124,506,127,8.0,37,122180
ABplpppap,125,511,129,8.0,34,109469
ABplpppap,126,514,126,7.4,36,121565
ABplpppapa,127,517,113,8.8,34,78830
ABplpppapa,128,528,119,7.8,33,84088
ABplpppapa,129,525,118,7.2,35,99388
ABplpppapa,130,531,125,6.3,35,100139
ABplpppapa,131,531,124,6.3,37,101118
ABplpppapa,132,527,130,6.1,35,104215
ABplpppapa,133,529,133,6.1,35,99065
ABplpppapa,134,528,137,6.1,35,101514
ABplpppapa,135,529,141,6.0,37,90355
ABplpppapa,136,521,145,6.1,35,103114
ABplpppapa,137,524,148,5.4,37,96051
ABplpppapa,138,518,146,6.1,37,101353
ABplpppapa,139,518,159,5.4,37,97482
ABplpppapa,140,521,157,6.2,37,98658
ABplpppapa,141,518,161,6.1,37,85945
ABplpppapa,142,514,161,6.1,29,98416
ABplpppapa,143,512,161,6.1,29,98844
ABplpppapa,144,514,158,6.1,37,94769
ABplpppapa,145,510,163,6.2,37,95154
ABplpppapp,127,552,145,7.7,34,94914
ABplpppapp,128,561,149,6.8,33,112999
ABplpppapp,129,553,148,6.1,33,106923
ABplpppapp,130,567,149,5.8,33,112694
ABplpppapp,131,568,155,6.0,33,110322
ABplpppapp,132,565,165,5.8,33,106490
ABplpppapp,133,567,169,5.6,33,100195
ABplpppapp,134,566,169,4.6,31,121407
ABplpppapp,135,562,169,5.1,31,126136
ABplpppapp,136,556,174,4.8,33,109130
ABplpppapp,137,558,174,4.5,33,110909
ABplpppapp,138,554,172,5.8,33,117569
ABplpppapp,139,555,175,5.9,27,137057
ABplpppapp,140,554,171,5.8,33,96847
ABplpppapp,141,544,175,5.8,33,101844
ABplpppapp,142,538,169,5.9,33,107272
ABplpppapp,143,537,178,6.0,29,120165
ABplpppapp,144,539,184,5.5,29,116757
ABplpppapp,145,528,189,5.7,33,83932
ABplpppp,66,469,118,21.0,51,4228
ABplpppp,67,487,124,21.0,50,6260
ABplpppp,68,488,116,21.1,49,9172
ABplpppp,69,489,114,21.9,48,8499
ABplpppp,70,481,115,21.9,47,10436
ABplpppp,71,481,116,21.1,47,12021
ABplpppp,72,478,115,21.9,47,16248
ABplpppp,73,466,118,21.8,47,12266
ABplpppp,74,469,122,22.2,47,15827
ABplpppp,75,459,116,22.0,46,17550
ABplpppp,76,449,114,21.0,45,20263
ABplpppp,77,446,105,20.1,45,24914
ABplpppp,78,446,101,19.9,45,26663
ABplpppp,79,442,100,18.1,45,29505
ABplpppp,80,444,95,17.9,45,40754
ABplpppp,81,451,98,16.9,45,43953
ABplpppp,82,447,94,17.0,45,42437
ABplpppp,83,463,94,17.1,45,48777
ABplpppp,84,477,92,15.9,45,57527
ABplpppp,85,473,91,16.0,45,59472
ABplpppp,86,468,96,14.9,45,66064
ABplpppp,87,464,95,14.1,45,69762
ABplpppp,88,467,99,14.0,46,74928
ABplpppp,89,462,105,13.1,34,72940
ABplppppa,90,454,99,13.1,30,67333
ABplppppa,91,474,94,12.2,36,57785
ABplppppa,92,497,92,12.1,39,62950
ABplppppa,93,504,87,13.9,40,60259
ABplppppa,94,499,86,13.1,40,78414
ABplppppa,95,490,85,13.9,40,72354
ABplppppa,96,485,86,12.9,39,81515
ABplppppa,97,490,89,12.0,38,89106
ABplppppa,98,500,93,11.0,37,83259
ABplppppa,99,500,102,9.1,37,94584
ABplppppa,100,499,108,8.7,37,85577
ABplppppa,101,502,107,8.8,37,90445
ABplppppa,102,502,113,8.2,37,99511
ABplppppa,103,503,114,8.2,37,106979
ABplppppa,104,503,118,7.5,39,95799
ABplppppa,105,504,112,8.1,39,100279
ABplppppa,106,496,119,7.4,39,99716
ABplppppa,107,495,120,8.1,39,94602
ABplppppa,108,494,126,8.0,38,100733
ABplppppa,109,489,132,7.8,38,90746
ABplppppa,110,485,133,7.1,38,104316
ABplppppa,111,478,134,7.0,38,104287
ABplppppa,112,472,133,7.0,38,100916
ABplppppa,113,462,135,6.5,40,115462
ABplppppa,114,458,134,7.3,40,104167
ABplppppa,115,464,137,7.2,40,110428
ABplppppa,116,470,140,7.9,38,99180
ABplppppa,117,467,147,7.3,40,110567
ABplppppa,118,461,143,7.4,40,113106
ABplppppa,119,454,145,8.0,38,109325
ABplppppa,120,444,145,8.1,39,120180
ABplppppa,121,433,140,8.8,37,114541
ABplppppa,122,434,144,7.4,35,102910
ABplppppa,123,443,142,8.1,32,116647
ABplppppaa,124,425,138,7.1,29,114387
ABplppppaa,125,424,143,7.0,30,102271
ABplppppaa,126,425,143,6.8,34,88727
ABplppppaa,127,434,150,6.2,34,87844
ABplppppaa,128,431,147,6.0,33,99557
ABplppppaa,129,434,140,6.1,33,106237
ABplppppaa,130,438,143,5.8,33,85837
ABplppppaa,131,431,145,5.3,35,92662
ABplppppaa,132,431,143,5.7,33,94967
ABplppppaa,133,434,145,5.3,35,96042
ABplppppaa,134,433,149,5.3,35,105591
ABplppppaa,135,435,149,5.3,35,102549
ABplppppaa,136,431,158,5.8,33,87728
ABplppppaa,137,438,154,5.8,33,92996
ABplppppaa,138,440,161,6.0,33,96142
ABplppppaa,139,439,172,6.0,35,89886
ABplppppaa,140,441,172,6.1,33,109052
ABplppppaa,141,442,170,6.1,37,89730
ABplppppaa,142,441,167,6.1,33,106695
ABplppppaa,143,435,170,5.6,35,103733
ABplppppaa,144,440,169,6.0,33,104594
ABplppppaa,145,435,169,6.1,33,111575
ABplppppap,124,464,149,7.9,27,113325
ABplppppap,125,474,154,6.3,30,90520
ABplppppap,126,475,160,6.9,34,87559
ABplppppap,127,495,158,6.8,34,84656
ABplppppap,128,489,158,6.9,33,101299
ABplppppap,129,484,155,6.3,35,95358
ABplppppap,130,489,159,6.0,35,89768
ABplppppap,131,484,156,5.4,35,100242
ABplppppap,132,480,156,5.3,35,103040
ABplppppap,133,480,160,5.4,35,103254
ABplppppap,134,478,163,5.3,35,101491
ABplppppap,135,477,163,5.4,37,96071
ABplppppap,136,476,166,5.2,35,104665
ABplppppap,137,479,164,5.4,37,98335
ABplppppap,138,473,167,6.3,37,92123
ABplppppap,139,474,173,6.3,37,91305
ABplppppap,140,475,170,6.9,33,94311
ABplppppap,141,476,176,6.3,37,92371
ABplppppap,142,478,173,6.1,37,86913
ABplppppap,143,473,173,5.5,37,92716
ABplppppap,144,475,174,5.4,37,101929
ABplppppap,145,470,178,6.0,33,102623
ABplppppp,90,497,108,13.2,35,67875
ABplppppp,91,525,107,14.0,32,70041
ABplppppp,92,553,112,13.8,41,51682
ABplppppp,93,558,111,13.0,40,61421
ABplppppp,94,558,110,12.9,40,60696
ABplppppp,95,552,104,11.8,40,64641
ABplppppp,96,549,105,11.9,39,76514
ABplppppp,97,549,112,10.9,38,76289
ABplppppp,98,544,111,10.8,37,85602
ABplppppp,99,537,115,10.2,39,83915
ABplppppp,100,541,116,9.9,37,88484
ABplppppp,101,546,119,8.6,39,97255
ABplppppp,102,542,125,8.2,39,100593
ABplppppp,103,548,129,8.0,37,102367
ABplppppp,104,543,136,7.3,39,94340
ABplppppp,105,543,132,7.1,39,104011
ABplppppp,106,537,137,7.0,41,101740
ABplppppp,107,530,138,6.9,37,100248
ABplppppp,108,531,143,6.9,38,96336
ABplppppp,109,525,156,6.0,38,107463
ABplppppp,110,510,167,6.0,40,103883
ABplppppp,111,505,169,6.0,38,101620
ABplppppp,112,505,160,5.9,38,101535
ABplppppp,113,504,151,5.9,38,106248
ABplppppp,114,505,146,6.0,38,108317
ABplppppp,115,504,145,6.0,38,108083
ABplppppp,116,502,164,6.0,38,111423
ABplppppp,117,503,169,5.9,38,108498
ABplppppp,118,501,159,5.4,42,112273
ABplppppp,119,501,158,5.9,38,117990
ABplppppp,120,490,161,6.0,37,114926
ABplppppp,121,479,158,6.1,37,123967
ABplppppp,122,485,167,7.1,33,113642
ABplpppppa,123,481,162,6.4,30,98123
ABplpppppa,124,482,176,8.0,35,82851
ABplpppppa,125,490,183,7.9,34,92124
ABplpppppa,126,494,181,6.1,34,94874
ABplpppppa,127,517,189,6.1,34,98339
ABplpppppa,128,526,186,5.6,37,95381
ABplpppppa,129,526,188,5.5,37,77621
ABplpppppa,130,527,190,5.5,36,83081
ABplpppppa,131,527,192,5.4,36,82615
ABplpppppa,132,528,194,5.3,35,107674
ABplpppppa,133,526,199,5.5,37,97473
ABplpppppa,134,522,199,5.4,35,102254
ABplpppppa,135,521,197,6.1,37,92165
ABplpppppa,136,511,202,6.1,35,105151
ABplpppppa,137,509,202,5.5,37,93314
ABplpppppa,138,509,196,5.5,37,100570
ABplpppppa,139,514,209,6.1,37,93879
ABplpppppa,140,512,204,5.5,35,105440
ABplpppppa,141,513,205,6.2,35,100758
ABplpppppa,142,507,206,6.1,37,93515
ABplpppppa,143,503,203,6.3,35,104237
ABplpppppa,144,508,207,7.0,37,87680
ABplpppppa,145,505,217,6.2,37,99042
ABplpppppp,123,512,157,6.1,28,114720
ABplpppppp,124,533,170,5.3,29,115842
ABplpppppp,125,541,179,6.9,34,92971
ABplpppppp,126,552,178,5.8,34,100226
ABplpppppp,127,563,191,5.9,34,109940
ABplpppppp,128,569,186,6.1,33,115991
ABplpppppp,129,569,187,7.1,33,114780
ABplpppppp,130,569,190,7.1,33,117704
ABplpppppp,131,563,195,7.1,35,110598
ABplpppppp,132,556,204,6.5,35,112799
ABplpppppp,133,560,205,6.3,35,108393
ABplpppppp,134,554,200,6.2,37,99672
ABplpppppp,135,553,200,6.2,35,107874
ABplpppppp,136,542,208,6.0,35,98707
ABplpppppp,137,545,210,5.5,35,107430
ABplpppppp,138,547,208,5.4,35,112479
ABplpppppp,139,548,211,5.4,35,106403
ABplpppppp,140,546,205,5.5,35,110057
ABplpppppp,141,549,209,5.9,33,109860
ABplpppppp,142,543,210,6.3,35,100157
ABplpppppp,143,541,212,5.5,35,107137
ABplpppppp,144,542,217,6.1,35,100559
ABplpppppp,145,538,214,5.4,29,117625
ABpr,10,446,349,12.0,64,-450
ABpr,11,445,358,10.7,69,27
ABpr,12,438,342,9.1,75,-196
ABpr,13,438,313,8.2,73,191
ABpr,14,452,314,8.1,75,-50
ABpr,15,463,339,9.0,80,-565
ABpr,16,477,346,11.1,81,-172
ABpr,17,479,322,13.0,49,-149
ABpr,18,461,350,13.1,40,108
ABpra,19,466,348,10.2,40,486
ABpra,20,436,370,11.2,56,100
ABpra,21,417,391,11.4,60,-131
ABpra,22,390,398,13.2,63,-433
ABpra,23,390,396,13.1,65,-380
ABpra,24,386,386,12.3,64,-696
ABpra,25,408,381,11.4,62,-316
ABpra,26,424,376,12.3,66,-611
ABpra,27,433,372,14.1,68,-18
ABpra,28,436,363,14.1,50,-58
ABpraa,29,417,382,12.0,38,-116
ABpraa,30,421,394,15.0,51,-144
ABpraa,31,420,403,14.3,53,-261
ABpraa,32,403,406,13.2,52,-629
ABpraa,33,389,403,13.1,59,-396
ABpraa,34,389,398,12.3,61,-780
ABpraa,35,386,393,12.1,63,-508
ABpraa,36,387,396,12.2,64,-117
ABpraa,37,385,402,14.0,60,-505
ABpraa,38,374,399,13.8,62,-697
ABpraa,39,376,399,13.8,62,-395
ABpraa,40,373,399,13.7,62,-34
ABpraa,41,378,403,13.8,63,-494
ABpraa,42,386,402,14.7,62,86
ABpraa,43,394,399,14.8,61,-675
ABpraa,44,395,399,14.9,61,-77
ABpraa,45,384,386,14.8,61,-7
ABpraaa,46,354,407,15.9,58,98
ABpraaa,47,327,408,15.9,54,-526
ABpraaa,48,337,418,16.8,52,167
ABpraaa,49,331,413,17.1,51,98
ABpraaa,50,325,412,17.0,51,-66
ABpraaa,51,320,409,16.2,50,-3
ABpraaa,52,317,410,15.9,47,243
ABpraaa,53,322,414,16.0,49,186
ABpraaa,54,333,416,15.1,48,1631
ABpraaa,55,332,414,15.8,48,1371
ABpraaa,56,320,414,15.3,49,1416
ABpraaa,57,322,413,16.1,51,3447
ABpraaa,58,320,410,16.1,51,3050
ABpraaa,59,325,409,16.1,51,4740
ABpraaa,60,326,409,17.0,51,5489
ABpraaa,61,326,412,16.1,52,6852
ABpraaa,62,327,412,17.0,51,7649
ABpraaa,63,338,410,17.2,52,9016
ABpraaa,64,342,405,16.4,53,11087
ABpraaa,65,338,406,16.2,52,13971
ABpraaa,66,337,398,15.2,51,13098
ABpraaaa,67,341,413,12.7,50,10383
ABpraaaa,68,322,410,11.1,45,13936
ABpraaaa,69,313,414,11.1,40,19422
ABpraaaa,70,290,412,11.9,47,21523
ABpraaaa,71,289,411,11.1,43,23778
ABpraaaa,72,287,408,11.1,43,25118
ABpraaaa,73,282,409,11.1,45,26904
ABpraaaa,74,271,403,10.4,45,26456
ABpraaaa,75,276,399,11.0,46,30149
ABpraaaa,76,289,397,11.0,45,30297
ABpraaaa,77,293,388,11.1,45,34636
ABpraaaa,78,288,388,12.1,45,37997
ABpraaaa,79,280,391,14.0,45,33990
ABpraaaa,80,277,387,14.1,45,41529
ABpraaaa,81,277,390,14.1,45,43189
ABpraaaa,82,274,389,14.9,45,43500
ABpraaaa,83,273,395,14.9,45,47087
ABpraaaa,84,271,390,14.9,45,50635
ABpraaaa,85,268,392,14.1,45,57819
ABpraaaa,86,274,399,14.9,45,58736
ABpraaaa,87,268,394,14.1,47,60309
ABpraaaa,88,268,394,13.8,46,59939
ABpraaaa,89,262,388,12.1,46,70448
ABpraaaa,90,258,386,12.0,45,71028
ABpraaaa,91,247,379,12.9,44,71602
ABpraaaa,92,238,377,12.4,43,84255
ABpraaaa,93,231,375,14.1,42,92269
ABpraaaa,94,230,366,14.0,40,67672
ABpraaaaa,95,205,365,13.3,34,68377
ABpraaaaa,96,201,369,12.2,35,72824
ABpraaaaa,97,203,372,12.2,34,81224
ABpraaaaa,98,207,367,12.1,37,72037
ABpraaaaa,99,214,372,12.0,37,72255
ABpraaaaa,100,213,374,12.1,37,75958
ABpraaaaa,101,224,367,11.8,37,83687
ABpraaaaa,102,229,366,12.9,37,80753
ABpraaaaa,103,226,370,12.8,37,76024
ABpraaaaa,104,227,367,12.2,37,90492
ABpraaaaa,105,224,371,12.1,37,86098
ABpraaaaa,106,207,371,13.1,37,88103
ABpraaaaa,107,203,375,13.8,37,98143
ABpraaaaa,108,207,384,14.1,38,90289
ABpraaaaa,109,202,390,15.1,38,94453
ABpraaaaa,110,209,392,14.9,38,92828
ABpraaaaa,111,205,396,14.8,38,86766
ABpraaaaa,112,208,400,14.1,38,99954
ABpraaaaa,113,195,400,14.8,38,94440
ABpraaaaa,114,190,401,15.8,38,95648
ABpraaaaa,115,185,402,15.8,38,91818
ABpraaaaa,116,197,405,14.9,38,104267
ABpraaaaa,117,202,406,14.9,38,104035
ABpraaaaa,118,199,404,14.9,38,100965
ABpraaaaa,119,197,405,15.1,38,104797
ABpraaaaa,120,199,405,14.1,39,113868
ABpraaaaa,121,206,404,13.1,39,132990
ABpraaaaa,122,210,406,13.2,39,132945
ABpraaaaa,123,200,401,14.0,36,125655
ABpraaaaa,124,184,394,16.0,37,104975
ABpraaaaa,125,184,398,14.3,36,117140
ABpraaaaa,126,176,392,14.5,36,122603
ABpraaaaa,127,179,388,14.0,34,114749
ABpraaaaa,128,182,389,14.2,35,111768
ABpraaaaa,129,184,386,14.0,33,104659
ABpraaaaa,130,182,388,13.3,37,96373
ABpraaaaaa,131,166,382,14.0,33,88766
ABpraaaaaa,132,175,382,13.9,33,78516
ABpraaaaaa,133,177,383,13.9,33,93202
ABpraaaaaa,134,184,393,13.8,33,89072
ABpraaaaaa,135,187,400,13.9,33,104620
ABpraaaaaa,136,183,400,14.2,33,103591
ABpraaaaaa,137,182,392,14.8,33,101265
ABpraaaaaa,138,174,388,14.3,35,102603
ABpraaaaaa,139,176,387,14.0,33,95012
ABpraaaaaa,140,178,385,14.4,29,109900
ABpraaaaaa,141,182,384,13.9,33,105097
ABpraaaaaa,142,181,393,14.8,33,106449
ABpraaaaaa,143,179,395,14.2,35,100224
ABpraaaaaa,144,180,394,13.3,37,101472
ABpraaaaaa,145,178,390,13.2,35,106283
ABpraaaaap,131,200,393,13.2,29,111204
ABpraaaaap,132,206,395,13.2,29,104971
ABpraaaaap,133,207,398,12.9,33,105264
ABpraaaaap,134,210,407,12.9,33,106179
ABpraaaaap,135,216,410,12.8,33,107133
ABpraaaaap,136,208,407,12.0,33,102110
ABpraaaaap,137,208,407,12.8,33,96852
ABpraaaaap,138,200,405,12.3,35,109285
ABpraaaaap,139,203,406,12.8,33,99442
ABpraaaaap,140,199,404,12.2,35,104628
ABpraaaaap,141,203,403,12.0,33,105693
ABpraaaaap,142,202,405,12.1,33,110523
ABpraaaaap,143,202,409,12.2,35,109297
ABpraaaaap,144,205,407,13.1,33,113852
ABpraaaaap,145,202,403,11.9,33,108132
ABpraaaap,95,239,378,15.0,34,69462
ABpraaaap,96,241,374,14.3,35,62556
ABpraaaap,97,241,375,15.9,38,60550
ABpraaaap,98,249,370,15.9,37,60393
ABpraaaap,99,253,376,15.2,39,71326
ABpraaaap,100,249,385,14.5,39,69217
ABpraaaap,101,248,400,14.8,37,77684
ABpraaaap,102,253,410,15.1,39,87563
ABpraaaap,103,248,407,15.1,39,88766
ABpraaaap,104,242,405,14.4,39,86701
ABpraaaap,105,241,405,14.1,39,88962
ABpraaaap,106,240,405,14.0,39,83259
ABpraaaap,107,240,410,15.0,37,99679
ABpraaaap,108,243,410,15.1,38,102313
ABpraaaap,109,242,407,16.0,38,95868
ABpraaaap,110,241,409,16.1,38,102126
ABpraaaap,111,238,408,16.1,38,102379
ABpraaaap,112,238,412,16.2,40,105454
ABpraaaap,113,233,408,15.1,38,106813
ABpraaaap,114,235,409,15.1,38,110846
ABpraaaap,115,233,408,15.1,38,113268
ABpraaaap,116,239,409,15.8,38,98089
ABpraaaap,117,241,411,16.1,38,105594
ABpraaaap,118,236,410,15.9,38,100231
ABpraaaap,119,240,409,15.1,38,109239
ABpraaaap,120,236,405,15.3,41,103930
ABpraaaap,121,229,409,15.3,41,108253
ABpraaaap,122,230,407,16.2,41,108724
ABpraaaap,123,232,402,16.1,36,111015
ABpraaaap,124,227,397,16.2,37,112146
ABpraaaap,125,225,404,16.1,34,87665
ABpraaaap,126,220,401,16.1,34,105635
ABpraaaapa,127,210,402,14.9,34,71648
ABpraaaapa,128,213,407,14.9,33,92470
ABpraaaapa,129,218,404,14.9,33,92406
ABpraaaapa,130,219,407,14.3,35,81888
ABpraaaapa,131,221,409,14.1,33,102966
ABpraaaapa,132,227,409,14.3,29,113173
ABpraaaapa,133,221,408,15.2,37,99264
ABpraaaapa,134,224,409,16.1,35,99942
ABpraaaapa,135,222,407,16.0,35,104521
ABpraaaapa,136,218,407,16.1,33,105407
ABpraaaapa,137,220,409,15.4,35,101700
ABpraaaapa,138,216,406,15.2,37,98300
ABpraaaapa,139,218,407,15.3,37,96042
ABpraaaapa,140,218,407,15.1,35,105828
ABpraaaapa,141,220,406,14.4,37,101915
ABpraaaapa,142,224,408,15.2,37,105102
ABpraaaapa,143,224,409,14.4,37,105152
ABpraaaapa,144,226,410,15.1,35,113552
ABpraaaapa,145,222,407,15.0,35,107888
ABpraaaapp,127,252,400,16.9,34,89717
ABpraaaapp,128,255,400,17.1,33,86401
ABpraaaapp,129,250,400,16.2,37,76507
ABpraaaapp,130,245,399,16.9,33,99087
ABpraaaapp,131,244,406,16.2,37,93736
ABpraaaapp,132,251,404,16.1,37,92609
ABpraaaapp,133,252,403,16.2,37,94805
ABpraaaapp,134,251,405,16.2,37,87569
ABpraaaapp,135,250,407,16.1,36,94397
ABpraaaapp,136,249,409,16.1,35,99764
ABpraaaapp,137,251,406,16.2,37,86866
ABpraaaapp,138,248,408,16.1,33,102877
ABpraaaapp,139,251,411,15.2,37,91228
ABpraaaapp,140,250,411,16.0,35,89928
ABpraaaapp,141,248,413,16.0,35,100479
ABpraaaapp,142,251,413,16.0,35,102603
ABpraaaapp,143,252,416,15.3,35,104531
ABpraaaapp,144,256,417,16.3,37,89386
ABpraaaapp,145,251,414,16.9,33,102112
ABpraaap,67,348,383,16.8,50,7087
ABpraaap,68,343,373,16.1,49,8529
ABpraaap,69,351,386,17.1,48,12637
ABpraaap,70,352,390,18.0,47,12240
ABpraaap,71,347,396,18.0,47,14798
ABpraaap,72,340,398,18.0,47,16580
ABpraaap,73,345,404,18.8,47,17102
ABpraaap,74,339,408,17.8,47,23700
ABpraaap,75,339,409,18.1,46,21975
ABpraaap,76,338,407,18.1,45,26871
ABpraaap,77,327,411,18.1,45,32857
ABpraaap,78,325,402,20.0,45,30470
ABpraaap,79,318,397,20.1,45,32156
ABpraaap,80,307,388,21.0,45,27788
ABpraaap,81,304,391,20.4,49,28341
ABpraaap,82,302,387,20.3,47,32110
ABpraaap,83,309,394,21.0,49,36930
ABpraaap,84,296,393,20.2,49,37990
ABpraaap,85,291,391,19.1,47,46886
ABpraaap,86,305,397,19.3,47,48025
ABpraaap,87,294,397,20.0,47,48922
ABpraaap,88,294,399,19.1,46,61037
ABpraaap,89,290,398,18.9,46,60813
ABpraaap,90,289,405,17.0,47,66922
ABpraaap,91,273,404,19.0,44,52435
ABpraaapa,92,238,408,17.1,37,60906
ABpraaapa,93,210,396,18.1,38,52500
ABpraaapa,94,201,391,19.9,40,46597
ABpraaapa,95,184,384,19.9,40,49442
ABpraaapa,96,179,391,17.1,39,65990
ABpraaapa,97,191,390,17.9,38,67130
ABpraaapa,98,192,390,17.4,39,68666
ABpraaapa,99,199,389,17.8,37,72194
ABpraaapa,100,202,387,17.9,37,67811
ABpraaapa,101,202,385,17.0,37,69340
ABpraaapa,102,205,384,17.0,37,76029
ABpraaapa,103,205,378,17.0,37,78424
ABpraaapa,104,212,376,17.9,37,76141
ABpraaapa,105,214,380,18.1,41,75870
ABpraaapa,106,215,382,18.9,37,75518
ABpraaapa,107,213,374,19.1,39,72229
ABpraaapa,108,217,376,20.0,38,75473
ABpraaapa,109,210,368,19.0,38,83753
ABpraaapa,110,216,374,18.0,38,94325
ABpraaapa,111,209,370,18.1,38,92094
ABpraaapa,112,208,374,18.1,38,92958
ABpraaapa,113,209,369,17.8,38,92436
ABpraaapa,114,218,367,18.1,38,91658
ABpraaapa,115,215,369,18.2,38,98365
ABpraaapa,116,214,372,18.1,38,91588
ABpraaapa,117,220,374,18.8,38,89140
ABpraaapa,118,221,376,19.0,38,99002
ABpraaapa,119,222,383,19.0,38,94387
ABpraaapa,120,214,379,18.4,39,94071
ABpraaapa,121,213,371,18.1,37,101618
ABpraaapa,122,210,375,18.0,37,96535
ABpraaapa,123,207,369,18.0,36,76164
ABpraaapaa,124,185,360,18.0,31,72763
ABpraaapaa,125,181,364,18.0,34,60822
ABpraaapaa,126,173,363,18.0,34,71744
ABpraaapaa,127,179,363,16.9,34,82254
ABpraaapaa,128,180,364,17.2,35,77493
ABpraaapaa,129,178,361,17.1,33,75855
ABpraaapaa,130,174,366,17.9,33,74558
ABpraaapaa,131,179,367,17.3,37,68094
ABpraaapaa,132,192,364,17.9,33,75788
ABpraaapaa,133,191,362,17.8,33,67421
ABpraaapaa,134,194,372,17.0,33,77003
ABpraaapaa,135,194,368,17.0,33,86385
ABpraaapaa,136,190,372,17.0,33,87940
ABpraaapaa,137,192,367,16.9,33,95442
ABpraaapaa,138,188,371,17.0,33,98632
ABpraaapaa,139,186,368,16.9,33,92805
ABpraaapaa,140,184,372,16.3,37,94047
ABpraaapaa,141,192,369,16.9,33,100997
ABpraaapaa,142,198,364,16.3,35,92631
ABpraaapaa,143,194,371,16.9,33,97706
ABpraaapaa,144,194,379,16.4,37,86680
ABpraaapaa,145,190,378,16.2,33,98379
ABpraaapap,124,224,363,18.9,35,62997
ABpraaapap,125,225,368,18.9,34,70386
ABpraaapap,126,225,368,18.9,34,69538
ABpraaapap,127,226,365,17.8,34,75298
ABpraaapap,128,224,371,17.9,33,91121
ABpraaapap,129,218,373,18.0,33,76497
ABpraaapap,130,217,378,17.9,33,77044
ABpraaapap,131,221,374,17.3,35,71770
ABpraaapap,132,227,371,17.5,35,65289
ABpraaapap,133,228,371,18.1,33,81603
ABpraaapap,134,228,372,18.3,35,68719
ABpraaapap,135,227,371,18.4,37,76041
ABpraaapap,136,221,373,18.4,37,73243
ABpraaapap,137,222,378,19.0,35,79039
ABpraaapap,138,222,380,18.2,35,87647
ABpraaapap,139,225,379,19.8,37,69543
ABpraaapap,140,222,381,18.1,35,88752
ABpraaapap,141,226,385,18.1,35,103391
ABpraaapap,142,225,382,18.1,37,92481
ABpraaapap,143,222,387,18.2,37,94700
ABpraaapap,144,227,389,18.2,37,95911
ABpraaapap,145,222,391,18.2,37,99214
ABpraaapp,92,283,393,18.4,39,45823
ABpraaapp,93,261,382,19.9,40,36507
ABpraaapp,94,261,384,20.3,42,47177
ABpraaapp,95,257,385,20.9,40,49694
ABpraaapp,96,251,387,21.0,41,50049
ABpraaapp,97,258,394,20.3,40,58588
ABpraaapp,98,263,398,19.3,41,60983
ABpraaapp,99,267,401,19.2,41,67975
ABpraaapp,100,268,401,18.3,41,66695
ABpraaapp,101,273,399,18.2,41,62400
ABpraaapp,102,266,396,18.2,41,74839
ABpraaapp,103,263,394,18.1,41,83832
ABpraaapp,104,267,397,17.2,41,80531
ABpraaapp,105,270,403,17.2,41,84127
ABpraaapp,106,272,397,17.3,39,78114
ABpraaapp,107,271,391,18.1,41,86582
ABpraaapp,108,271,384,18.2,40,82047
ABpraaapp,109,271,384,18.2,40,81601
ABpraaapp,110,277,379,18.2,42,82717
ABpraaapp,111,275,383,18.4,40,80416
ABpraaapp,112,268,383,19.1,42,78430
ABpraaapp,113,266,387,19.0,42,81910
ABpraaapp,114,270,396,19.1,42,89161
ABpraaapp,115,263,394,18.3,42,78424
ABpraaapp,116,273,386,18.3,42,81983
ABpraaapp,117,275,384,18.3,42,78081
ABpraaapp,118,269,383,19.0,38,68928
ABpraaapp,119,270,387,19.0,38,70005
ABpraaappa,120,251,377,18.2,29,87231
ABpraaappa,121,249,374,18.9,37,50175
ABpraaappa,122,251,374,18.1,37,64159
ABpraaappa,123,252,367,18.9,36,59512
ABpraaappa,124,256,358,18.9,35,55903
ABpraaappa,125,258,359,18.1,34,67551
ABpraaappa,126,258,358,18.1,34,64527
ABpraaappa,127,264,354,18.0,34,71715
ABpraaappa,128,261,356,18.1,33,88145
ABpraaappa,129,260,358,18.2,35,76672
ABpraaappa,130,260,358,18.3,37,64468
ABpraaappa,131,263,368,18.2,35,73236
ABpraaappa,132,268,369,18.1,37,69007
ABpraaappa,133,267,371,18.1,35,78803
ABpraaappa,134,267,373,18.3,35,76717
ABpraaappa,135,269,372,18.4,35,79928
ABpraaappa,136,263,377,19.1,37,82745
ABpraaappa,137,264,378,19.0,35,84594
ABpraaappa,138,258,382,19.1,35,92429
ABpraaappa,139,260,386,19.1,35,91265
ABpraaappa,140,259,389,19.0,37,83597
ABpraaappa,141,264,395,18.3,35,96958
ABpraaappa,142,262,398,18.3,35,95308
ABpraaappa,143,264,393,18.3,35,95024
ABpraaappa,144,267,391,18.4,37,94238
ABpraaappa,145,262,387,19.0,37,90062
ABpraaappp,120,294,402,19.9,37,53070
ABpraaappp,121,293,399,19.9,37,53065
ABpraaappp,122,291,406,18.2,39,66649
ABpraaappp,123,289,401,19.0,36,66260
ABpraaappp,124,285,400,19.1,39,61230
ABpraaappp,125,284,407,18.1,36,70191
ABpraaappp,126,280,399,18.2,38,63780
ABpraaappp,127,289,391,18.3,38,61668
ABpraaappp,128,292,393,18.3,37,65319
ABpraaappp,129,295,396,18.1,37,69823
ABpraaappp,130,298,390,17.3,37,70859
ABpraaappp,131,302,395,17.2,37,71047
ABpraaappp,132,306,401,17.2,37,76984
ABpraaappp,133,313,393,17.2,37,73017
ABpraaappp,134,310,396,17.2,37,77343
ABpraaappp,135,301,396,17.3,37,74556
ABpraaappp,136,299,396,17.3,37,69856
ABpraaappp,137,302,397,18.1,37,82004
ABpraaappp,138,295,402,17.3,37,77186
ABpraaappp,139,301,400,18.1,37,76804
ABpraaappp,140,301,398,18.1,37,72239
ABpraaappp,141,305,400,17.3,37,79974
ABpraaappp,142,310,398,18.1,37,77081
ABpraaappp,143,310,398,18.1,37,81979
ABpraaappp,144,311,393,19.1,37,79921
ABpraaappp,145,306,394,18.1,37,75040
ABpraap,46,398,371,12.7,58,-394
ABpraap,47,389,375,11.9,54,-582
ABpraap,48,396,374,10.9,52,-581
ABpraap,49,411,375,10.9,51,186
ABpraap,50,407,387,11.1,51,234
ABpraap,51,404,379,10.3,50,747
ABpraap,52,408,378,11.0,47,453
ABpraap,53,405,384,11.1,49,174
ABpraap,54,411,380,11.1,50,1504
ABpraap,55,409,379,10.3,52,1423
ABpraap,56,407,379,10.4,51,2609
ABpraap,57,401,387,11.3,53,2039
ABpraap,58,399,392,12.2,53,3084
ABpraap,59,395,394,11.5,53,5133
ABpraap,60,396,392,12.2,55,3745
ABpraap,61,398,392,12.1,52,7515
ABpraap,62,405,391,12.4,55,7635
ABpraap,63,411,392,13.2,54,11435
ABpraap,64,415,386,13.3,55,10935
ABpraap,65,407,384,13.0,52,10695
ABpraapa,66,401,397,10.1,43,13940
ABpraapa,67,398,381,8.1,46,14547
ABpraapa,68,377,376,8.1,45,15293
ABpraapa,69,380,383,7.4,46,15885
ABpraapa,70,371,388,8.3,45,20238
ABpraapa,71,369,400,10.0,47,20697
ABpraapa,72,369,397,9.4,45,22523
ABpraapa,73,363,402,10.2,47,23009
ABpraapa,74,355,403,11.0,47,26221
ABpraapa,75,357,404,10.8,46,28709
ABpraapa,76,363,404,11.1,45,36371
ABpraapa,77,359,404,12.0,45,37153
ABpraapa,78,351,405,13.1,45,40397
ABpraapa,79,347,407,14.9,45,38322
ABpraapa,80,341,400,16.9,45,41942
ABpraapa,81,343,407,17.1,49,45537
ABpraapa,82,343,407,17.3,47,49977
ABpraapa,83,346,406,18.1,49,46084
ABpraapa,84,346,407,18.2,47,53263
ABpraapa,85,349,407,19.1,47,53966
ABpraapa,86,363,405,19.1,47,57144
ABpraapa,87,361,410,19.1,47,59777
ABpraapa,88,361,412,19.9,46,62437
ABpraapa,89,364,407,19.3,48,62623
ABpraapa,90,368,404,18.4,47,69392
ABpraapa,91,350,400,19.1,44,73901
ABpraapa,92,342,394,19.0,41,65750
ABpraapaa,93,307,404,18.0,40,53053
ABpraapaa,94,293,391,17.1,40,60743
ABpraapaa,95,294,387,17.0,40,62216
ABpraapaa,96,288,382,17.1,39,75891
ABpraapaa,97,294,380,17.1,38,80833
ABpraapaa,98,295,380,17.1,37,84552
ABpraapaa,99,297,378,17.9,37,85027
ABpraapaa,100,301,376,18.1,37,84241
ABpraapaa,101,304,375,18.3,39,86225
ABpraapaa,102,302,374,19.1,37,86883
ABpraapaa,103,293,368,19.1,39,81626
ABpraapaa,104,287,363,19.3,39,80237
ABpraapaa,105,283,364,20.1,37,84829
ABpraapaa,106,268,373,21.2,39,68248
ABpraapaa,107,262,373,21.2,41,75548
ABpraapaa,108,249,365,22.2,42,77884
ABpraapaa,109,247,366,22.3,42,76614
ABpraapaa,110,247,369,22.2,40,86667
ABpraapaa,111,250,367,22.9,38,88386
ABpraapaa,112,245,367,23.1,40,89336
ABpraapaa,113,243,373,22.3,42,78991
ABpraapaa,114,242,373,22.3,42,87637
ABpraapaa,115,238,372,22.3,42,78900
ABpraapaa,116,244,377,22.3,42,87343
ABpraapaa,117,243,372,23.1,42,89480
ABpraapaa,118,245,379,22.2,42,84544
ABpraapaa,119,245,377,22.3,42,83119
ABpraapaa,120,242,377,22.2,41,92656
ABpraapaa,121,237,380,22.1,41,92739
ABpraapaa,122,231,382,22.1,41,93503
ABpraapaa,123,233,378,22.1,40,92686
ABpraapaa,124,224,380,22.0,39,99416
ABpraapaa,125,224,380,22.0,38,108698
ABpraapaa,126,218,370,21.1,36,98289
ABpraapaa,127,225,373,21.1,34,95574
ABpraapaaa,128,194,371,21.1,33,81929
ABpraapaaa,129,191,377,21.0,33,86576
ABpraapaaa,130,193,383,21.0,33,85201
ABpraapaaa,131,195,384,20.9,33,87333
ABpraapaaa,132,200,390,20.9,33,89657
ABpraapaaa,133,204,385,21.1,35,88816
ABpraapaaa,134,202,385,21.4,37,85964
ABpraapaaa,135,191,386,21.2,35,97130
ABpraapaaa,136,198,386,21.2,35,104858
ABpraapaaa,137,188,383,21.0,33,106878
ABpraapaaa,138,181,380,21.1,33,110512
ABpraapaaa,139,179,381,20.3,37,100838
ABpraapaaa,140,177,379,20.2,37,92375
ABpraapaaa,141,180,382,21.3,35,104021
ABpraapaaa,142,182,381,21.3,37,91060
ABpraapaaa,143,179,380,22.0,35,105624
ABpraapaaa,144,179,381,21.3,37,88581
ABpraapaaa,145,172,375,21.3,37,89141
ABpraapaap,128,241,381,21.0,28,72672
ABpraapaap,129,239,382,21.2,37,58421
ABpraapaap,130,244,387,21.0,37,71538
ABpraapaap,131,242,396,21.0,37,77703
ABpraapaap,132,242,389,21.2,37,72643
ABpraapaap,133,247,378,22.0,37,72176
ABpraapaap,134,249,383,22.1,37,80018
ABpraapaap,135,234,377,21.1,37,77020
ABpraapaap,136,238,380,21.2,37,77967
ABpraapaap,137,230,380,22.1,35,91706
ABpraapaap,138,226,379,22.1,37,79465
ABpraapaap,139,226,379,22.1,37,79615
ABpraapaap,140,225,380,21.9,37,70989
ABpraapaap,141,224,381,21.7,37,92468
ABpraapaap,142,222,382,21.5,37,80234
ABpraapaap,143,221,383,21.3,37,91366
ABpraapaap,144,219,385,21.1,37,91677
ABpraapaap,145,216,388,20.0,37,80688
ABpraapap,93,357,402,19.1,40,49890
ABpraapap,94,347,398,20.0,40,58807
ABpraapap,95,345,393,20.9,40,56413
ABpraapap,96,341,394,21.0,39,59373
ABpraapap,97,341,393,22.1,38,65017
ABpraapap,98,336,388,22.3,39,67787
ABpraapap,99,339,383,23.2,41,67740
ABpraapap,100,335,383,23.1,39,64353
ABpraapap,101,343,386,22.3,41,55138
ABpraapap,102,335,385,23.0,39,63248
ABpraapap,103,329,383,23.1,37,72413
ABpraapap,104,327,390,22.1,37,77883
ABpraapap,105,323,386,22.3,41,71306
ABpraapap,106,322,389,22.1,39,77002
ABpraapap,107,319,389,22.1,41,74543
ABpraapap,108,307,386,22.0,38,83217
ABpraapap,109,303,385,22.3,40,77855
ABpraapap,110,304,386,22.3,42,79414
ABpraapap,111,301,390,22.1,42,81091
ABpraapap,112,303,392,21.9,38,89459
ABpraapap,113,299,395,21.4,42,85899
ABpraapap,114,299,392,21.3,42,87519
ABpraapap,115,294,389,22.1,42,82924
ABpraapap,116,296,388,22.0,42,86409
ABpraapap,117,298,381,22.1,42,86759
ABpraapap,118,305,384,22.3,40,85349
ABpraapap,119,307,382,22.2,40,84370
ABpraapap,120,298,375,23.2,41,82878
ABpraapap,121,286,373,23.0,41,75771
ABpraapap,122,277,377,22.2,41,87712
ABpraapap,123,281,371,22.1,38,97107
ABpraapap,124,278,368,23.0,35,96383
ABpraapap,125,283,377,22.0,34,90650
ABpraapapa,126,257,376,22.9,34,64699
ABpraapapa,127,263,376,22.0,34,75236
ABpraapapa,128,268,380,22.0,37,63981
ABpraapapa,129,264,386,22.2,29,89201
ABpraapapa,130,270,389,22.3,37,69875
ABpraapapa,131,275,387,22.2,37,76313
ABpraapapa,132,280,382,22.3,37,65311
ABpraapapa,133,282,375,22.3,35,77604
ABpraapapa,134,287,378,22.4,37,67818
ABpraapapa,135,273,380,22.3,35,81237
ABpraapapa,136,269,376,22.3,37,78377
ABpraapapa,137,264,375,22.1,33,96683
ABpraapapa,138,261,376,21.8,33,86330
ABpraapapa,139,258,378,21.4,34,58724
ABpraapapa,140,255,380,21.1,35,78470
ABpraapapa,141,258,381,22.2,37,83792
ABpraapapa,142,256,381,22.0,37,81198
ABpraapapa,143,262,381,21.0,37,87326
ABpraapapa,144,260,382,21.1,37,87888
ABpraapapa,145,254,377,21.1,37,83676
ABpraapapp,126,308,385,22.8,34,64549
ABpraapapp,127,315,382,22.1,34,61148
ABpraapapp,128,309,380,22.1,33,68418
ABpraapapp,129,306,388,21.2,37,60892
ABpraapapp,130,308,395,20.2,37,68856
ABpraapapp,131,313,400,20.1,37,79436
ABpraapapp,132,311,398,20.3,37,82173
ABpraapapp,133,309,396,20.5,36,54489
ABpraapapp,134,307,393,20.6,35,75039
ABpraapapp,135,305,391,20.8,34,87689
ABpraapapp,136,302,388,21.0,33,93065
ABpraapapp,137,299,389,21.1,37,85800
ABpraapapp,138,295,391,21.1,37,79912
ABpraapapp,139,294,390,21.2,35,87053
ABpraapapp,140,286,382,22.0,35,83380
ABpraapapp,141,291,388,21.1,37,88735
ABpraapapp,142,292,384,21.2,37,83742
ABpraapapp,143,290,383,21.4,37,81154
ABpraapapp,144,287,381,21.5,36,76157
ABpraapapp,145,284,380,21.7,36,61554
ABpraapp,66,421,369,15.0,51,4799
ABpraapp,67,425,363,15.0,50,6656
ABpraapp,68,420,357,15.9,49,8083
ABpraapp,69,436,365,16.8,48,10874
ABpraapp,70,441,373,17.0,47,13822
ABpraapp,71,438,383,17.0,47,14434
ABpraapp,72,437,387,17.1,47,19169
ABpraapp,73,431,392,17.9,47,19252
ABpraapp,74,432,393,17.9,47,23627
ABpraapp,75,427,391,17.1,46,26080
ABpraapp,76,433,386,17.2,47,26790
ABpraapp,77,426,383,17.1,49,28657
ABpraapp,78,430,385,17.3,47,31726
ABpraapp,79,423,384,17.3,49,34621
ABpraapp,80,426,372,17.3,49,32796
ABpraapp,81,419,370,18.1,47,37454
ABpraapp,82,434,363,18.2,47,35793
ABpraapp,83,439,365,18.2,49,40848
ABpraapp,84,435,369,18.3,47,44307
ABpraapp,85,434,359,18.4,49,39699
ABpraapp,86,439,365,18.4,47,45404
ABpraapp,87,434,369,19.0,45,51038
ABpraapp,88,426,366,18.9,46,52973
ABpraapp,89,425,369,18.9,46,58188
ABpraapp,90,428,362,19.0,45,50487
ABpraappa,91,389,370,18.1,34,47673
ABpraappa,92,387,373,18.1,39,37978
ABpraappa,93,389,376,18.1,40,38113
ABpraappa,94,378,379,18.9,40,37902
ABpraappa,95,380,376,19.1,40,42424
ABpraappa,96,368,371,19.0,39,42179
ABpraappa,97,370,370,19.9,38,41496
ABpraappa,98,365,372,20.0,37,51877
ABpraappa,99,369,377,20.9,37,56637
ABpraappa,100,371,377,20.3,39,54568
ABpraappa,101,371,374,20.0,39,66925
ABpraappa,102,371,380,20.1,39,70406
ABpraappa,103,367,381,20.0,39,71070
ABpraappa,104,365,377,19.2,39,71915
ABpraappa,105,360,381,20.0,39,64596
ABpraappa,106,359,386,20.0,39,71738
ABpraappa,107,361,388,20.2,39,77586
ABpraappa,108,357,392,20.3,40,82879
ABpraappa,109,360,387,20.8,38,78491
ABpraappa,110,366,391,20.9,38,81503
ABpraappa,111,360,393,20.3,40,89803
ABpraappa,112,353,397,20.0,38,99518
ABpraappa,113,354,397,19.2,40,92570
ABpraappa,114,359,397,19.3,40,88899
ABpraappa,115,351,405,20.1,38,99520
ABpraappa,116,351,408,20.1,38,100752
ABpraappa,117,353,404,20.4,40,86229
ABpraappa,118,353,406,21.0,40,92415
ABpraappa,119,354,408,21.0,38,95819
ABpraappa,120,354,403,21.1,41,92608
ABpraappa,121,346,408,21.1,39,104984
ABpraappa,122,343,404,21.1,41,100064
ABpraappa,123,341,402,21.2,38,102343
ABpraappa,124,336,399,21.1,39,87245
ABpraappa,125,330,401,21.2,38,98249
ABpraappa,126,331,409,21.1,38,98421
ABpraappa,127,334,411,20.3,38,105132
ABpraappa,128,342,413,20.0,33,100163
ABpraappaa,129,325,419,19.1,33,88153
ABpraappaa,130,314,422,18.1,33,85343
ABpraappaa,131,316,426,18.1,33,101672
ABpraappaa,132,320,428,18.1,33,103616
ABpraappaa,133,318,423,19.0,33,98180
ABpraappaa,134,317,427,18.9,33,97883
ABpraappaa,135,312,424,19.0,33,98776
ABpraappaa,136,311,425,19.0,33,100683
ABpraappaa,137,313,424,19.1,33,110245
ABpraappaa,138,312,427,18.3,33,105283
ABpraappaa,139,306,427,18.2,29,119127
ABpraappaa,140,305,426,18.0,29,123429
ABpraappaa,141,309,428,18.2,29,127445
ABpraappaa,142,318,428,18.1,29,119777
ABpraappaa,143,313,426,19.0,33,109287
ABpraappaa,144,315,425,20.1,33,118086
ABpraappaa,145,314,423,19.8,33,110134
ABpraappap,129,356,411,19.0,33,74755
ABpraappap,130,359,412,19.0,33,78266
ABpraappap,131,360,416,18.2,35,84318
ABpraappap,132,361,417,18.0,35,88379
ABpraappap,133,359,423,18.0,37,85759
ABpraappap,134,359,424,17.3,37,91089
ABpraappap,135,352,424,17.5,37,89518
ABpraappap,136,354,422,18.2,35,90413
ABpraappap,137,351,421,18.2,35,94769
ABpraappap,138,352,420,18.1,37,98185
ABpraappap,139,347,422,18.2,37,95388
ABpraappap,140,343,418,19.0,35,93501
ABpraappap,141,348,421,18.4,37,97183
ABpraappap,142,356,419,19.1,37,87896
ABpraappap,143,352,417,19.3,37,87248
ABpraappap,144,352,413,20.1,37,90234
ABpraappap,145,352,410,19.2,37,86712
ABpraappp,91,452,364,18.1,38,38910
ABpraappp,92,451,366,18.1,41,48824
ABpraappp,93,450,369,17.1,40,50302
ABpraappp,94,447,373,18.0,40,50028
ABpraappp,95,448,377,17.9,40,56379
ABpraappp,96,435,374,17.1,43,49646
ABpraappp,97,435,373,17.1,40,60030
ABpraappp,98,435,374,18.0,41,53996
ABpraappp,99,439,377,18.2,41,62391
ABpraappp,100,437,382,18.4,41,67953
ABpraappp,101,441,381,18.2,41,69349
ABpraappp,102,442,382,19.1,41,68301
ABpraappp,103,432,388,18.4,41,66421
ABpraappp,104,435,384,19.2,41,65986
ABpraappp,105,428,382,19.1,41,71403
ABpraappp,106,423,390,20.0,41,68789
ABpraappp,107,424,386,19.0,41,73990
ABpraappp,108,417,390,19.1,42,78127
ABpraappp,109,421,393,18.1,42,73751
ABpraappp,110,428,394,17.3,42,75324
ABpraappp,111,422,396,18.1,42,80088
ABpraappp,112,422,400,17.3,42,79448
ABpraappp,113,419,397,17.3,42,80304
ABpraappp,114,422,392,17.2,42,78071
ABpraappp,115,410,401,17.3,42,84463
ABpraappp,116,409,404,17.2,42,96100
ABpraappp,117,410,404,18.1,40,91434
ABpraappp,118,410,404,18.1,42,100400
ABpraappp,119,407,407,18.2,42,102901
ABpraappp,120,403,404,18.3,41,94018
ABpraappp,121,406,402,19.3,41,101594
ABpraappp,122,403,403,19.3,41,96841
ABpraappp,123,398,398,20.0,36,104462
ABpraappp,124,395,400,18.3,39,90139
ABpraapppa,125,370,404,19.0,34,77583
ABpraapppa,126,369,407,18.0,34,74180
ABpraapppa,127,378,407,18.0,34,87507
ABpraapppa,128,379,412,16.3,37,79923
ABpraapppa,129,384,412,15.4,37,81475
ABpraapppa,130,381,418,15.2,37,80761
ABpraapppa,131,389,418,15.1,37,87724
ABpraapppa,132,395,416,15.1,35,90730
ABpraapppa,133,395,414,14.4,37,91594
ABpraapppa,134,393,412,14.3,37,94822
ABpraapppa,135,386,416,14.3,35,98942
ABpraapppa,136,386,418,15.1,37,89996
ABpraapppa,137,389,416,15.3,35,94945
ABpraapppa,138,389,417,15.1,37,99944
ABpraapppa,139,392,418,15.3,35,104998
ABpraapppa,140,387,415,15.2,35,97062
ABpraapppa,141,391,418,15.1,35,99231
ABpraapppa,142,391,419,14.4,35,103330
ABpraapppa,143,392,419,15.2,37,98510
ABpraapppa,144,389,418,15.0,35,98538
ABpraapppa,145,386,419,15.4,35,92525
ABpraapppp,125,437,396,18.9,34,78679
ABpraapppp,126,439,401,16.9,34,77255
ABpraapppp,127,438,405,15.1,34,91973
ABpraapppp,128,440,409,15.1,33,99880
ABpraapppp,129,443,411,14.4,35,101972
ABpraapppp,130,447,412,15.1,37,94041
ABpraapppp,131,456,407,15.1,35,100167
ABpraapppp,132,457,408,15.0,33,102642
ABpraapppp,133,454,408,14.3,35,97041
ABpraapppp,134,449,407,13.4,37,95585
ABpraapppp,135,447,406,13.2,37,91736
ABpraapppp,136,444,407,13.4,35,98338
ABpraapppp,137,440,400,13.3,37,94825
ABpraapppp,138,440,403,13.0,35,92336
ABpraapppp,139,440,406,13.2,37,96921
ABpraapppp,140,438,400,12.6,37,93187
ABpraapppp,141,441,400,12.4,37,96556
ABpraapppp,142,440,406,13.1,37,89750
ABpraapppp,143,436,408,13.1,37,89394
ABpraapppp,144,432,411,13.0,37,91440
ABpraapppp,145,430,408,13.2,37,93877
ABprap,29,469,361,16.0,40,376
ABprap,30,486,358,18.0,38,-712
ABprap,31,496,357,18.1,53,-407
ABprap,32,515,348,18.2,56,-472
ABprap,33,508,353,19.1,59,-736
ABprap,34,506,354,20.0,61,-631
ABprap,35,503,356,20.1,63,-698
ABprap,36,500,361,20.1,64,-310
ABprap,37,494,353,21.1,64,-985
ABprap,38,488,357,20.8,62,-824
ABprap,39,485,358,20.1,64,-447
ABprap,40,488,358,19.3,64,-201
ABprap,41,494,364,19.2,65,-287
ABprap,42,486,352,20.1,64,-97
ABprap,43,479,353,20.1,65,-836
ABprap,44,478,350,20.2,63,-557
ABprap,45,476,345,20.2,57,-444
ABprapa,46,448,356,22.0,58,-972
ABprapa,47,432,354,22.0,54,328
ABprapa,48,426,360,22.0,52,367
ABprapa,49,424,354,21.0,51,-286
ABprapa,50,423,364,21.8,51,290
ABprapa,51,422,375,20.2,50,586
ABprapa,52,434,365,20.2,49,-431
ABprapa,53,444,368,20.4,53,845
ABprapa,54,441,369,21.0,48,1211
ABprapa,55,437,365,20.9,48,1588
ABprapa,56,432,371,20.1,49,2733
ABprapa,57,432,367,20.2,51,2109
ABprapa,58,430,365,20.9,49,955
ABprapa,59,431,363,20.2,53,3449
ABprapa,60,436,363,19.9,51,2911
ABprapa,61,433,360,20.1,52,5481
ABprapa,62,440,364,21.0,53,4846
ABprapa,63,452,357,21.1,52,7775
ABprapa,64,452,352,22.0,51,6725
ABprapaa,65,435,383,21.9,52,5884
ABprapaa,66,413,391,22.9,51,5227
ABprapaa,67,407,394,23.1,50,7330
ABprapaa,68,383,397,22.0,49,8837
ABprapaa,69,389,402,21.2,48,9801
ABprapaa,70,386,399,22.0,47,11974
ABprapaa,71,384,388,23.0,47,11405
ABprapaa,72,383,389,23.0,47,12682
ABprapaa,73,390,386,23.9,47,12547
ABprapaa,74,391,384,24.0,47,13286
ABprapaa,75,392,375,24.0,46,16677
ABprapaa,76,403,377,24.0,45,17091
ABprapaa,77,399,376,23.9,45,16861
ABprapaa,78,405,377,23.9,45,21666
ABprapaa,79,409,372,23.9,45,21453
ABprapaa,80,399,368,24.0,45,23823
ABprapaa,81,402,370,23.0,45,25951
ABprapaa,82,402,366,23.9,45,26357
ABprapaa,83,406,372,23.9,45,31641
ABprapaa,84,407,369,23.9,45,32724
ABprapaa,85,406,365,23.9,45,29993
ABprapaa,86,413,359,23.9,45,30593
ABprapaa,87,418,358,23.1,49,33936
ABprapaa,88,420,350,23.9,46,33916
ABprapaa,89,431,348,23.3,48,35066
ABprapaa,90,429,344,23.9,45,35139
ABprapaa,91,425,350,23.9,44,33627
ABprapaa,92,419,353,23.0,41,36905
ABprapaa,93,426,357,23.0,40,46967
ABprapaaa,94,391,369,22.2,29,44463
ABprapaaa,95,389,362,23.1,40,31922
ABprapaaa,96,376,355,23.2,41,26149
ABprapaaa,97,379,352,24.0,38,38742
ABprapaaa,98,377,359,23.1,39,35041
ABprapaaa,99,382,357,24.1,41,35467
ABprapaaa,100,379,363,23.9,37,42713
ABprapaaa,101,378,364,23.9,37,43171
ABprapaaa,102,376,366,23.9,36,45562
ABprapaaa,103,374,367,24.0,36,54285
ABprapaaa,104,372,369,24.0,35,51059
ABprapaaa,105,370,371,24.0,34,57547
ABprapaaa,106,370,371,24.0,34,52706
ABprapaaa,107,369,371,24.0,34,54344
ABprapaaa,108,368,371,24.0,34,52551
ABprapaaa,109,367,371,24.0,34,66562
ABprapaaa,110,366,371,24.0,34,67681
ABprapaaa,111,363,375,23.5,36,69779
ABprapaaa,112,360,379,22.9,38,72367
ABprapaaa,113,361,380,22.0,29,53896
ABprapaaa,114,366,379,22.9,38,64585
ABprapaaa,115,371,377,23.0,42,62158
ABprapaaa,116,368,375,22.9,38,64339
ABprapaaa,117,367,374,23.0,42,58173
ABprapaaa,118,371,376,23.1,40,68640
ABprapaaa,119,380,374,23.1,42,66206
ABprapaaa,120,385,374,22.2,41,71455
ABprapaaa,121,388,376,23.0,41,72398
ABprapaaa,122,387,380,23.2,41,72391
ABprapaaa,123,388,377,23.2,40,74148
ABprapaaa,124,391,368,23.1,39,71578
ABprapaaa,125,397,366,21.1,34,85692
ABprapaaa,126,399,371,20.3,36,85624
ABprapaaa,127,399,378,20.9,34,85578
ABprapaaaa,128,383,381,19.9,33,69335
ABprapaaaa,129,389,387,19.8,33,63114
ABprapaaaa,130,390,395,19.2,33,76007
ABprapaaaa,131,393,390,19.2,35,64041
ABprapaaaa,132,399,399,19.2,35,64611
ABprapaaaa,133,405,406,19.1,33,90909
ABprapaaaa,134,401,408,18.2,35,79072
ABprapaaaa,135,399,410,18.3,35,81916
ABprapaaaa,136,396,408,19.1,37,74168
ABprapaaaa,137,393,401,19.0,33,84024
ABprapaaaa,138,393,409,18.1,35,78003
ABprapaaaa,139,393,401,18.2,37,80184
ABprapaaaa,140,388,397,19.0,33,85862
ABprapaaaa,141,385,399,19.1,33,84438
ABprapaaaa,142,388,396,19.2,35,85118
ABprapaaaa,143,391,395,20.0,35,77511
ABprapaaaa,144,394,396,20.2,35,82997
ABprapaaaa,145,390,392,20.3,37,72640
ABprapaaap,128,420,375,20.9,33,60044
ABprapaaap,129,438,377,20.9,33,63000
ABprapaaap,130,435,377,20.3,37,72518
ABprapaaap,131,435,377,20.3,37,47713
ABprapaaap,132,444,379,21.2,29,82632
ABprapaaap,133,446,377,21.0,37,75992
ABprapaaap,134,442,390,20.2,37,75426
ABprapaaap,135,441,389,20.1,29,82462
ABprapaaap,136,437,394,20.1,29,88758
ABprapaaap,137,433,391,20.1,33,79326
ABprapaaap,138,428,398,19.3,37,70537
ABprapaaap,139,428,397,20.1,35,79709
ABprapaaap,140,425,398,20.1,37,76114
ABprapaaap,141,424,398,20.1,29,78378
ABprapaaap,142,429,396,20.1,37,70550
ABprapaaap,143,429,395,20.1,37,72791
ABprapaaap,144,427,396,20.2,37,72744
ABprapaaap,145,426,394,20.1,37,71510
ABprapaap,94,445,346,24.0,40,25275
ABprapaap,95,447,339,23.9,40,26724
ABprapaap,96,442,340,24.0,39,30081
ABprapaap,97,447,346,24.1,38,32495
ABprapaap,98,442,337,24.0,39,28713
ABprapaap,99,443,339,24.1,37,38183
ABprapaap,100,439,331,24.0,37,36670
ABprapaap,101,439,333,24.0,37,38636
ABprapaap,102,448,334,24.0,37,34529
ABprapaap,103,434,333,24.0,37,34286
ABprapaap,104,436,335,24.0,37,40986
ABprapaap,105,433,339,24.1,41,36198
ABprapaap,106,435,345,24.1,41,42306
ABprapaap,107,433,351,24.1,41,47901
ABprapaap,108,423,349,24.1,38,49777
ABprapaap,109,419,355,24.0,38,56166
ABprapaap,110,421,362,23.0,38,59461
ABprapaap,111,422,365,23.9,38,54580
ABprapaap,112,417,366,22.9,38,66485
ABprapaap,113,424,371,22.1,38,58662
ABprapaap,114,420,371,22.1,38,62265
ABprapaap,115,419,377,22.1,38,67853
ABprapaap,116,422,375,22.0,38,74630
ABprapaap,117,420,373,22.0,38,70087
ABprapaap,118,424,381,22.2,38,81085
ABprapaap,119,429,380,22.3,40,71165
ABprapaap,120,431,379,23.1,39,73758
ABprapaap,121,439,378,22.2,41,75157
ABprapaap,122,437,380,23.1,41,76153
ABprapaap,123,440,376,22.3,40,73301
ABprapaap,124,442,375,22.2,39,77847
ABprapaap,125,447,380,22.1,38,87999
ABprapaap,126,452,381,21.1,38,94057
ABprapaap,127,455,386,20.2,38,105891
ABprapaap,128,456,385,19.2,37,106946
ABprapaap,129,468,385,19.0,33,92871
ABprapaapa,130,456,383,18.9,33,81563
ABprapaapa,131,454,380,19.1,35,87291
ABprapaapa,132,458,378,19.1,35,84583
ABprapaapa,133,460,379,19.1,35,88589
ABprapaapa,134,458,392,18.2,35,89207
ABprapaapa,135,451,392,18.0,35,83477
ABprapaapa,136,453,396,18.1,35,89186
ABprapaapa,137,456,391,18.0,33,89210
ABprapaapa,138,455,390,17.9,33,90954
ABprapaapa,139,454,393,17.9,33,91049
ABprapaapa,140,452,390,18.0,33,82533
ABprapaapa,141,450,397,18.2,33,100188
ABprapaapa,142,454,398,18.1,33,92923
ABprapaapa,143,452,400,18.1,33,92658
ABprapaapa,144,455,405,18.0,33,93438
ABprapaapa,145,451,400,18.0,33,97347
ABprapaapp,130,490,385,17.0,33,76270
ABprapaapp,131,499,380,18.0,33,83192
ABprapaapp,132,502,375,18.3,35,75152
ABprapaapp,133,496,375,18.0,33,81606
ABprapaapp,134,496,382,17.1,33,90522
ABprapaapp,135,491,390,17.0,33,89647
ABprapaapp,136,491,395,17.1,35,88571
ABprapaapp,137,492,391,17.1,35,87373
ABprapaapp,138,493,385,16.4,37,85914
ABprapaapp,139,493,389,17.2,35,95949
ABprapaapp,140,490,380,16.4,37,88120
ABprapaapp,141,489,387,16.3,37,89514
ABprapaapp,142,489,393,17.1,33,96990
ABprapaapp,143,485,399,16.3,35,94527
ABprapaapp,144,483,403,16.1,35,93825
ABprapaapp,145,481,398,16.3,35,91632
ABprapap,65,450,334,22.9,52,2450
ABprapap,66,452,329,22.9,51,3247
ABprapap,67,463,340,23.0,50,4934
ABprapap,68,453,343,23.2,49,6223
ABprapap,69,478,349,23.2,48,7013
ABprapap,70,481,356,23.0,47,6884
ABprapap,71,482,363,22.9,47,9002
ABprapap,72,483,358,22.9,47,9591
ABprapap,73,490,364,22.9,47,13620
ABprapap,74,481,361,22.1,47,14224
ABprapap,75,482,367,22.1,46,13293
ABprapap,76,491,357,22.9,45,12971
ABprapap,77,486,357,22.1,49,15187
ABprapap,78,490,359,22.0,45,16121
ABprapap,79,485,361,21.2,47,17806
ABprapap,80,481,359,21.3,47,22909
ABprapap,81,479,360,21.3,47,25576
ABprapap,82,487,348,22.0,47,26678
ABprapap,83,481,346,22.3,49,23110
ABprapap,84,485,340,23.0,45,24573
ABprapap,85,483,335,23.2,47,26442
ABprapap,86,493,333,23.0,45,27706
ABprapap,87,495,324,22.9,45,28710
ABprapap,88,496,324,23.0,46,28875
ABprapap,89,500,318,22.9,46,28821
ABprapapa,90,489,347,23.0,45,18431
ABprapapa,91,492,352,23.1,44,22539
ABprapapa,92,490,355,23.1,41,30049
ABprapapa,93,483,359,23.1,40,31266
ABprapapa,94,487,360,24.0,40,33211
ABprapapa,95,490,360,24.0,40,32022
ABprapapa,96,489,353,24.1,41,34452
ABprapapa,97,491,361,24.1,42,35422
ABprapapa,98,484,348,24.2,39,33561
ABprapapa,99,484,350,24.2,41,34431
ABprapapa,100,481,345,24.0,37,39647
ABprapapa,101,485,350,23.3,39,40704
ABprapapa,102,490,352,24.0,41,34155
ABprapapa,103,487,352,23.9,37,41557
ABprapapa,104,488,356,24.0,41,42151
ABprapapa,105,483,361,23.2,39,35517
ABprapapa,106,480,368,23.2,39,39882
ABprapapa,107,485,368,23.2,41,41158
ABprapapa,108,482,364,23.2,40,49899
ABprapapa,109,483,367,23.2,40,46894
ABprapapa,110,492,368,23.2,42,58415
ABprapapa,111,493,371,23.1,42,66205
ABprapapa,112,490,373,23.1,42,61083
ABprapapa,113,496,375,23.0,38,60903
ABprapapa,114,503,372,22.1,42,61670
ABprapapa,115,502,378,22.3,40,76269
ABprapapa,116,511,374,22.3,40,78595
ABprapapa,117,513,373,22.1,42,77737
ABprapapa,118,524,369,22.0,42,87424
ABprapapa,119,528,369,21.1,40,86462
ABprapapa,120,531,370,21.1,41,96851
ABprapapa,121,527,369,22.1,41,94120
ABprapapa,122,530,372,21.1,39,105140
ABprapapa,123,531,372,20.2,38,101407
ABprapapa,124,524,364,21.0,35,92166
ABprapapaa,125,519,363,21.8,34,57289
ABprapapaa,126,509,374,21.0,34,71452
ABprapapaa,127,511,377,21.9,34,72497
ABprapapaa,128,514,379,21.0,33,80986
ABprapapaa,129,523,377,20.1,33,84195
ABprapapaa,130,535,378,20.1,35,83767
ABprapapaa,131,547,368,21.1,35,77522
ABprapapaa,132,544,368,21.2,37,75945
ABprapapaa,133,559,366,21.2,37,78211
ABprapapaa,134,555,373,20.0,35,72690
ABprapapaa,135,563,367,19.2,37,80629
ABprapapaa,136,564,367,19.2,37,81831
ABprapapaa,137,561,371,18.3,37,84443
ABprapapaa,138,561,365,19.0,37,80949
ABprapapaa,139,566,361,19.2,37,83280
ABprapapaa,140,562,362,19.2,37,79248
ABprapapaa,141,569,361,19.1,37,88257
ABprapapaa,142,570,363,19.0,37,82230
ABprapapaa,143,571,365,19.2,37,85997
ABprapapaa,144,573,358,19.1,37,86097
ABprapapaa,145,573,355,18.3,37,80773
ABprapapap,125,545,361,21.0,34,70288
ABprapapap,126,558,357,20.1,34,75375
ABprapapap,127,564,353,20.1,34,80972
ABprapapap,128,564,361,20.0,35,79286
ABprapapap,129,569,363,19.3,35,80805
ABprapapap,130,573,360,20.0,33,81393
ABprapapap,131,582,353,20.0,35,80621
ABprapapap,132,582,350,20.2,35,76660
ABprapapap,133,582,346,18.2,35,91247
ABprapapap,134,583,350,17.3,37,81492
ABprapapap,135,586,353,17.1,35,85126
ABprapapap,136,584,354,16.4,37,85895
ABprapapap,137,585,351,16.3,35,101694
ABprapapap,138,584,351,16.1,35,98333
ABprapapap,139,586,353,16.4,35,93634
ABprapapap,140,588,350,17.2,37,83063
ABprapapap,141,587,352,16.4,35,94772
ABprapapap,142,590,351,16.3,35,87078
ABprapapap,143,588,354,16.2,35,98613
ABprapapap,144,592,349,16.1,35,89188
ABprapapap,145,590,346,16.1,33,99221
ABprapapp,90,529,299,22.9,45,20197
ABprapapp,91,527,286,23.9,44,15777
ABprapapp,92,522,287,23.9,41,19144
ABprapapp,93,518,279,24.0,40,22878
ABprapapp,94,527,281,24.0,40,25834
ABprapapp,95,534,281,23.1,40,29222
ABprapapp,96,539,278,23.1,41,32562
ABprapapp,97,545,287,23.2,42,28244
ABprapapp,98,546,289,23.3,39,34086
ABprapapp,99,541,293,23.2,41,32252
ABprapapp,100,542,297,23.3,39,35085
ABprapapp,101,546,308,23.1,39,35307
ABprapapp,102,548,316,23.9,37,43382
ABprapapp,103,548,325,23.9,37,49278
ABprapapp,104,552,333,23.2,41,48382
ABprapapp,105,547,331,23.2,39,48519
ABprapapp,106,548,334,23.0,41,53380
ABprapapp,107,557,327,23.0,39,55423
ABprapapp,108,565,338,21.3,42,55652
ABprapapp,109,564,343,20.4,40,69441
ABprapapp,110,571,343,20.2,40,77460
ABprapapp,111,561,344,20.2,40,73912
ABprapapp,112,565,337,20.2,40,77429
ABprapapp,113,567,335,20.0,42,80107
ABprapapp,114,573,334,19.0,42,88775
ABprapapp,115,565,344,19.1,42,90863
ABprapapp,116,576,342,18.1,42,102298
ABprapapp,117,577,339,18.3,40,94329
ABprapapp,118,582,328,18.0,38,97956
ABprapapp,119,585,331,17.3,42,96857
ABprapapp,120,584,330,17.2,39,113962
ABprapapp,121,575,333,17.2,39,107962
ABprapappa,122,577,331,18.1,29,81928
ABprapappa,123,578,333,20.1,36,75824
ABprapappa,124,571,327,20.9,35,65179
ABprapappa,125,578,328,20.1,34,77268
ABprapappa,126,586,333,20.0,36,79084
ABprapappa,127,590,330,21.0,36,73696
ABprapappa,128,592,333,19.3,37,80285
ABprapappa,129,588,332,19.1,37,84184
ABprapappa,130,590,330,18.3,37,84966
ABprapappa,131,592,320,18.2,37,87463
ABprapappa,132,595,322,18.0,35,83665
ABprapappa,133,596,315,16.5,35,87220
ABprapappa,134,601,318,16.9,33,102496
ABprapappa,135,606,318,16.2,35,97472
ABprapappa,136,607,315,16.2,37,87512
ABprapappa,137,609,314,16.0,35,87985
ABprapappa,138,613,319,15.8,33,96035
ABprapappa,139,610,322,15.2,35,93107
ABprapappa,140,610,325,15.1,35,97079
ABprapappa,141,614,318,15.1,35,98780
ABprapappa,142,614,319,14.3,35,94075
ABprapappa,143,616,321,14.4,35,96836
ABprapappa,144,613,319,14.1,37,94884
ABprapappa,145,611,315,14.4,37,97675
ABprapappp,122,586,335,16.0,37,79987
ABprapappp,123,595,331,14.2,36,91680
ABprapappp,124,599,337,16.0,35,90283
ABprapappp,125,605,332,15.9,34,99666
ABprapappp,126,607,331,16.0,34,95923
ABprapappp,127,609,330,16.1,34,98335
ABprapappp,128,614,337,15.4,35,107511
ABprapappp,129,617,331,15.2,35,104314
ABprapappp,130,615,326,15.1,35,109300
ABprapappp,131,615,320,15.3,37,98187
ABprapappp,132,622,303,15.2,37,88498
ABprapappp,133,628,294,15.0,35,86817
ABprapappp,134,626,292,13.9,33,96551
ABprapappp,135,624,293,13.1,33,101738
ABprapappp,136,621,289,13.0,33,93758
ABprapappp,137,624,292,12.0,33,91686
ABprapappp,138,628,290,11.2,33,96113
ABprapappp,139,630,293,11.9,33,92950
ABprapappp,140,632,290,11.4,35,95749
ABprapappp,141,636,292,12.0,33,93909
ABprapappp,142,629,295,11.0,33,99907
ABprapappp,143,623,296,11.1,33,105703
ABprapappp,144,624,301,11.0,33,97644
ABprapappp,145,618,297,11.0,33,101088
ABprapp,46,518,347,20.9,58,-544
ABprapp,47,510,351,21.0,54,47
ABprapp,48,521,351,20.0,52,47
ABprapp,49,529,346,19.0,51,-339
ABprapp,50,531,355,19.1,51,348
ABprapp,51,526,355,19.2,50,82
ABprapp,52,535,357,19.1,51,944
ABprapp,53,543,350,19.4,53,1523
ABprapp,54,534,353,19.3,50,728
ABprapp,55,531,353,19.5,52,1123
ABprapp,56,530,346,20.0,51,826
ABprapp,57,531,339,19.3,53,2355
ABprapp,58,523,348,19.3,51,1453
ABprapp,59,519,347,20.1,53,2384
ABprapp,60,527,347,20.1,53,2919
ABprapp,61,525,352,19.0,54,4738
ABprapp,62,524,344,19.1,53,6033
ABprapp,63,533,332,19.3,56,6545
ABprapp,64,537,326,19.4,53,8912
ABprapp,65,530,318,20.1,52,11203
ABprappa,66,511,364,20.0,51,7083
ABprappa,67,514,372,20.0,50,6771
ABprappa,68,513,378,20.1,49,10363
ABprappa,69,523,381,20.1,48,11642
ABprappa,70,529,378,19.9,47,11767
ABprappa,71,532,378,19.1,47,15933
ABprappa,72,532,377,18.9,47,15683
ABprappa,73,542,374,19.1,47,19948
ABprappa,74,538,368,19.9,47,22841
ABprappa,75,534,366,19.1,46,23305
ABprappa,76,540,363,18.3,47,27538
ABprappa,77,535,361,19.1,45,27552
ABprappa,78,546,356,18.9,45,30253
ABprappa,79,540,351,19.1,47,29721
ABprappa,80,536,358,20.0,45,32322
ABprappa,81,536,366,19.0,49,35226
ABprappa,82,540,365,19.1,47,42184
ABprappa,83,535,367,20.1,47,39336
ABprappa,84,527,367,20.1,47,35560
ABprappa,85,518,371,19.1,47,41566
ABprappa,86,519,376,18.3,47,46126
ABprappa,87,516,381,19.1,49,49803
ABprappa,88,513,386,19.3,48,49675
ABprappa,89,523,382,19.9,46,45073
ABprappa,90,529,379,20.0,45,41866
ABprappa,91,529,367,19.1,46,53464
ABprappa,92,522,367,18.2,45,58885
ABprappa,93,517,363,17.2,44,66137
ABprappa,94,511,364,19.0,40,59667
ABprappa,95,519,367,18.0,40,66962
ABprappaa,96,488,392,18.2,35,56300
ABprappaa,97,486,393,19.1,38,57244
ABprappaa,98,489,390,19.9,37,56848
ABprappaa,99,492,392,20.0,37,50706
ABprappaa,100,489,397,19.1,39,61155
ABprappaa,101,493,395,18.9,37,57972
ABprappaa,102,492,398,18.1,37,67196
ABprappaa,103,481,396,18.8,37,64616
ABprappaa,104,480,393,18.0,37,68229
ABprappaa,105,484,393,18.1,37,70380
ABprappaa,106,484,390,18.1,39,70777
ABprappaa,107,484,386,18.3,41,64578
ABprappaa,108,476,386,19.1,40,69064
ABprappaa,109,474,381,19.0,38,65733
ABprappaa,110,479,384,20.1,38,68592
ABprappaa,111,474,382,19.0,40,70219
ABprappaa,112,479,382,18.1,38,75178
ABprappaa,113,485,387,18.0,40,68874
ABprappaa,114,489,388,18.1,38,79442
ABprappaa,115,475,388,17.3,40,76000
ABprappaa,116,479,391,18.0,40,75328
ABprappaa,117,481,389,17.1,42,80984
ABprappaa,118,487,389,17.3,42,80849
ABprappaa,119,484,390,18.0,42,80069
ABprappaa,120,484,392,17.3,41,81838
ABprappaa,121,483,394,17.2,41,93669
ABprappaa,122,484,396,18.2,41,82860
ABprappaa,123,479,396,18.1,40,86917
ABprappaa,124,481,397,17.2,39,86916
ABprappaa,125,490,401,16.1,38,91492
ABprappaa,126,497,403,15.1,38,100377
ABprappaa,127,493,401,15.2,38,105158
ABprappaa,128,493,398,14.3,37,102242
ABprappaa,129,495,400,14.0,37,108726
ABprappaa,130,499,392,13.2,37,116630
ABprappaa,131,503,385,13.9,33,101133
ABprappaaa,132,489,396,14.0,33,82801
ABprappaaa,133,488,394,13.1,33,89994
ABprappaaa,134,491,399,12.9,33,92353
ABprappaaa,135,485,402,12.8,33,83277
ABprappaaa,136,479,409,12.4,35,87428
ABprappaaa,137,478,408,13.1,33,92624
ABprappaaa,138,482,401,12.9,33,91723
ABprappaaa,139,479,403,12.8,33,79289
ABprappaaa,140,476,399,12.8,33,91501
ABprappaaa,141,478,401,13.1,33,91867
ABprappaaa,142,478,404,13.0,33,88702
ABprappaaa,143,477,405,12.3,35,93441
ABprappaaa,144,475,403,11.4,35,93150
ABprappaaa,145,476,402,12.1,35,97456
ABprappaap,132,532,377,11.9,33,90872
ABprappaap,133,539,368,11.9,33,82261
ABprappaap,134,536,368,11.2,35,89538
ABprappaap,135,528,371,10.9,33,94465
ABprappaap,136,531,378,11.8,33,91360
ABprappaap,137,526,379,12.0,33,89148
ABprappaap,138,525,376,11.2,37,90564
ABprappaap,139,523,380,12.2,35,92009
ABprappaap,140,520,372,11.5,37,91904
ABprappaap,141,521,373,12.1,35,91260
ABprappaap,142,525,377,12.1,35,92174
ABprappaap,143,521,377,12.1,35,94658
ABprappaap,144,521,379,12.9,33,95811
ABprappaap,145,517,376,13.0,33,98515
ABprappap,96,534,352,19.1,39,40520
ABprappap,97,532,350,19.0,38,47655
ABprappap,98,538,359,19.9,37,52759
ABprappap,99,543,353,19.3,39,48659
ABprappap,100,538,350,21.0,41,45661
ABprappap,101,549,352,21.1,41,51717
ABprappap,102,547,360,21.2,41,54000
ABprappap,103,542,368,21.1,41,55531
ABprappap,104,538,370,21.1,41,59432
ABprappap,105,534,370,20.3,39,64268
ABprappap,106,533,371,20.2,41,62490
ABprappap,107,539,371,20.3,39,66596
ABprappap,108,536,370,20.1,40,82714
ABprappap,109,535,372,19.2,42,76414
ABprappap,110,534,374,19.0,40,80834
ABprappap,111,532,375,18.1,38,87547
ABprappap,112,535,372,18.9,38,86822
ABprappap,113,539,370,18.3,42,84287
ABprappap,114,541,364,18.0,40,84250
ABprappap,115,531,368,17.1,40,94538
ABprappap,116,533,370,17.2,40,94421
ABprappap,117,535,367,17.4,40,102368
ABprappap,118,537,369,17.9,38,102939
ABprappap,119,535,371,17.9,38,106286
ABprappap,120,540,371,17.0,41,110222
ABprappap,121,536,376,17.2,41,109202
ABprappap,122,529,379,18.0,41,111305
ABprappap,123,528,380,17.2,40,107270
ABprappap,124,531,380,17.1,39,108069
ABprappap,125,532,384,16.2,38,96826
ABprappap,126,534,380,16.2,38,99940
ABprappap,127,537,379,16.2,38,103535
ABprappap,128,533,384,16.2,37,108299
ABprappap,129,537,383,16.0,37,107189
ABprappap,130,541,378,16.2,37,123188
ABprappap,131,541,366,17.1,33,112892
ABprappapa,132,540,369,18.0,33,87963
ABprappapa,133,534,372,17.9,33,74756
ABprappapa,134,536,380,17.2,37,79656
ABprappapa,135,534,383,17.9,33,88497
ABprappapa,136,529,390,18.1,35,85869
ABprappapa,137,529,390,18.1,35,92437
ABprappapa,138,530,389,17.4,35,86454
ABprappapa,139,534,386,18.4,35,86594
ABprappapa,140,527,380,18.9,33,89950
ABprappapa,141,531,382,18.9,33,87075
ABprappapa,142,533,386,18.0,33,89766
ABprappapa,143,531,383,18.2,35,89921
ABprappapa,144,535,383,18.3,35,83142
ABprappapa,145,532,380,18.4,35,85216
ABprappapp,132,561,362,16.1,33,84575
ABprappapp,133,572,357,14.8,33,85558
ABprappapp,134,573,354,14.1,33,99195
ABprappapp,135,566,354,13.9,33,89629
ABprappapp,136,566,360,13.8,33,88014
ABprappapp,137,563,365,13.2,33,98649
ABprappapp,138,563,364,13.3,35,96363
ABprappapp,139,563,367,14.1,35,91930
ABprappapp,140,557,365,14.0,35,82054
ABprappapp,141,559,368,14.1,35,84940
ABprappapp,142,561,365,13.8,33,96994
ABprappapp,143,560,366,13.5,35,83986
ABprappapp,144,560,366,14.0,33,93710
ABprappapp,145,560,367,14.2,33,96889
ABprappp,66,543,305,20.0,51,4398
ABprappp,67,542,308,20.2,50,6059
ABprappp,68,534,302,20.0,49,6248
ABprappp,69,541,298,20.0,48,7915
ABprappp,70,548,301,20.0,47,10444
ABprappp,71,551,305,19.1,47,12714
ABprappp,72,564,304,19.0,47,16737
ABprappp,73,572,300,17.9,47,19791
ABprappp,74,575,305,17.8,47,23544
ABprappp,75,576,310,17.0,46,26589
ABprappp,76,589,306,17.0,45,27706
ABprappp,77,591,315,17.0,45,29228
ABprappp,78,592,306,15.9,45,32901
ABprappp,79,592,303,15.0,45,36416
ABprappp,80,590,313,15.0,45,41526
ABprappp,81,591,328,15.1,45,47482
ABprappp,82,574,329,14.1,45,48431
ABprappp,83,569,326,14.3,47,49456
ABprappp,84,560,312,14.9,45,44254
ABprappp,85,561,312,15.0,45,49253
ABprappp,86,579,312,15.1,45,52893
ABprappp,87,579,316,15.3,47,55556
ABprappp,88,582,320,16.0,46,52762
ABprappp,89,580,313,15.8,46,52748
ABprappp,90,580,309,16.2,47,55508
ABprappp,91,573,313,16.9,44,61926
ABprappp,92,573,319,16.1,43,69126
ABprappp,93,569,315,16.2,42,78217
ABprappp,94,568,319,17.0,40,75105
ABprapppa,95,560,349,16.1,34,71169
ABprapppa,96,569,351,16.9,39,64576
ABprapppa,97,572,360,17.1,38,81474
ABprapppa,98,575,361,18.1,37,76001
ABprapppa,99,580,356,19.0,37,77632
ABprapppa,100,576,351,19.0,37,70545
ABprapppa,101,579,354,19.0,37,80908
ABprapppa,102,582,355,18.2,37,81834
ABprapppa,103,574,358,18.2,37,86558
ABprapppa,104,575,360,18.8,37,82757
ABprapppa,105,572,365,18.1,37,90107
ABprapppa,106,568,366,18.0,37,89122
ABprapppa,107,572,365,18.0,37,90087
ABprapppa,108,561,368,16.9,38,97009
ABprapppa,109,562,367,16.0,38,105518
ABprapppa,110,567,366,16.0,38,96255
ABprapppa,111,561,366,15.9,38,96109
ABprapppa,112,557,364,15.9,38,95816
ABprapppa,113,560,365,15.0,38,112664
ABprapppa,114,558,368,14.2,38,108402
ABprapppa,115,547,369,14.0,38,114209
ABprapppa,116,548,366,14.0,38,111249
ABprapppa,117,550,364,14.0,38,116476
ABprapppa,118,545,360,13.9,38,111257
ABprapppa,119,544,360,14.0,38,112409
ABprapppa,120,544,359,13.2,39,120726
ABprapppa,121,543,366,13.3,39,117142
ABprapppa,122,544,369,14.2,39,118052
ABprapppa,123,555,366,13.5,38,115247
ABprapppa,124,549,363,13.3,39,113151
ABprapppa,125,554,360,13.1,38,117438
ABprapppa,126,557,362,12.4,38,118574
ABprapppa,127,564,362,13.1,38,123164
ABprapppa,128,563,363,12.4,37,121630
ABprapppa,129,564,360,12.1,37,125330
ABprapppa,130,561,351,11.2,37,126787
ABprapppa,131,555,346,11.2,37,128424
ABprapppa,132,566,347,11.1,33,109310
ABprapppaa,133,551,344,10.9,27,90176
ABprapppaa,134,546,346,9.5,29,109466
ABprapppaa,135,541,348,9.2,29,110906
ABprapppaa,136,538,358,9.1,35,88091
ABprapppaa,137,543,357,9.2,29,103082
ABprapppaa,138,545,359,9.8,33,100083
ABprapppaa,139,546,357,10.2,33,104258
ABprapppaa,140,544,352,10.2,35,103757
ABprapppaa,141,548,351,10.8,33,100179
ABprapppaa,142,545,350,10.8,33,88640
ABprapppaa,143,544,353,10.2,33,105312
ABprapppaa,144,535,353,10.2,33,98621
ABprapppaa,145,536,351,10.0,33,111489
ABprapppap,133,577,327,10.8,33,73352
ABprapppap,134,584,323,10.1,31,95738
ABprapppap,135,579,325,10.0,33,86250
ABprapppap,136,581,331,9.4,35,91923
ABprapppap,137,579,325,9.9,33,100905
ABprapppap,138,581,324,9.9,33,91018
ABprapppap,139,580,331,10.0,35,86336
ABprapppap,140,577,323,10.1,33,99803
ABprapppap,141,575,320,10.4,37,86201
ABprapppap,142,570,318,9.4,37,79456
ABprapppap,143,569,322,10.0,33,92927
ABprapppap,144,563,329,9.4,37,83781
ABprapppap,145,562,328,10.0,37,84098
ABprapppp,95,600,298,15.1,34,72408
ABprapppp,96,603,299,14.9,39,59809
ABprapppp,97,609,309,14.8,38,75043
ABprapppp,98,614,309,14.2,37,74707
ABprapppp,99,604,317,14.8,37,66171
ABprapppp,100,600,321,14.2,37,79392
ABprapppp,101,603,325,14.9,37,71811
ABprapppp,102,606,326,14.9,37,76025
ABprapppp,103,598,335,14.9,37,75789
ABprapppp,104,596,338,14.9,37,80112
ABprapppp,105,589,336,14.8,37,84363
ABprapppp,106,593,336,15.0,37,83374
ABprapppp,107,594,334,15.0,37,84317
ABprapppp,108,590,339,13.1,38,101269
ABprapppp,109,597,337,13.2,38,100415
ABprapppp,110,594,335,12.9,38,96481
ABprapppp,111,590,341,12.8,38,96570
ABprapppp,112,592,342,13.1,38,107989
ABprapppp,113,589,332,12.9,38,106616
ABprapppp,114,592,337,12.9,38,104112
ABprapppp,115,582,342,12.2,38,114983
ABprapppp,116,587,344,12.0,38,114333
ABprapppp,117,589,342,13.0,38,118963
ABprapppp,118,586,346,11.5,40,118743
ABprapppp,119,581,350,11.2,38,112769
ABprapppp,120,580,346,11.1,39,117676
ABprapppp,121,583,350,11.2,39,123960
ABprapppp,122,583,351,11.2,39,127743
ABprapppp,123,591,347,11.1,36,130926
ABprapppp,124,597,335,12.0,39,122279
ABprapppp,125,600,337,12.0,38,119104
ABprapppp,126,603,330,12.1,38,120832
ABprapppp,127,605,330,12.0,38,122182
ABprapppp,128,603,343,12.1,37,122785
ABprapppp,129,604,336,12.0,37,127093
ABprapppp,130,611,328,12.0,37,135594
ABprapppp,131,604,326,12.1,37,135592
ABprapppp,132,605,314,12.1,37,114398
ABprappppa,133,607,324,12.0,33,90514
ABprappppa,134,613,324,12.9,33,96480
ABprappppa,135,614,324,12.9,33,104545
ABprappppa,136,616,321,12.1,33,109599
ABprappppa,137,614,319,11.1,33,99689
ABprappppa,138,617,321,10.9,33,108056
ABprappppa,139,615,323,11.0,33,98003
ABprappppa,140,616,317,11.0,33,98256
ABprappppa,141,612,316,11.1,33,98826
ABprappppa,142,604,316,10.0,33,95518
ABprappppa,143,601,319,10.0,33,95780
ABprappppa,144,600,318,9.2,35,89866
ABprappppa,145,601,319,9.3,35,98228
ABprappppp,133,609,289,9.8,33,83412
ABprappppp,134,607,283,9.1,33,98169
ABprappppp,135,603,285,8.9,33,102877
ABprappppp,136,602,290,8.4,35,98283
ABprappppp,137,606,287,8.2,35,95181
ABprappppp,138,606,285,8.1,33,97618
ABprappppp,139,609,289,8.1,33,101365
ABprappppp,140,606,284,8.0,33,100057
ABprappppp,141,609,286,8.1,35,92318
ABprappppp,142,600,280,7.9,33,92035
ABprappppp,143,591,279,8.1,35,92567
ABprappppp,144,591,284,8.1,37,84851
ABprappppp,145,590,287,7.4,35,93726
ABprp,19,488,251,12.0,40,-751
ABprp,20,479,255,11.3,54,-489
ABprp,21,483,264,9.4,58,-163
ABprp,22,503,281,8.4,59,-267
ABprp,23,516,272,8.1,63,887
ABprp,24,514,264,8.1,64,-589
ABprp,25,508,258,8.2,62,-71
ABprp,26,499,262,10.0,66,-44
ABprp,27,501,269,10.4,66,340
ABprp,28,510,261,10.0,48,144
ABprpa,29,480,267,8.2,36,-338
ABprpa,30,475,295,8.6,51,198
ABprpa,31,488,320,7.2,51,224
ABprpa,32,482,318,7.1,50,-362
ABprpa,33,476,324,7.2,55,-416
ABprpa,34,473,319,7.3,57,-464
ABprpa,35,473,327,8.1,61,-74
ABprpa,36,472,324,8.0,62,324
ABprpa,37,473,334,8.8,60,-1125
ABprpa,38,472,335,8.8,62,255
ABprpa,39,482,333,8.8,62,-386
ABprpa,40,486,335,8.1,64,-148
ABprpa,41,476,340,8.9,63,-766
ABprpa,42,486,343,9.9,62,-241
ABprpa,43,491,344,9.9,61,123
ABprpa,44,496,343,9.9,61,-380
ABprpa,45,484,335,10.9,61,-228
ABprpaa,46,476,369,11.5,58,-397
ABprpaa,47,479,380,12.0,54,424
ABprpaa,48,479,390,11.7,52,-574
ABprpaa,49,482,390,12.0,51,69
ABprpaa,50,485,393,12.1,51,-435
ABprpaa,51,477,389,11.9,50,849
ABprpaa,52,473,389,11.9,47,676
ABprpaa,53,479,392,12.0,49,1180
ABprpaa,54,480,390,11.4,48,1474
ABprpaa,55,482,384,11.9,48,1976
ABprpaa,56,474,381,12.2,49,2277
ABprpaa,57,481,382,12.1,51,2587
ABprpaa,58,474,389,12.2,49,4236
ABprpaa,59,473,392,13.0,51,5388
ABprpaa,60,469,383,13.1,51,4405
ABprpaa,61,473,381,12.1,52,7703
ABprpaa,62,480,387,12.3,51,9538
ABprpaa,63,487,382,13.2,52,12261
ABprpaa,64,489,371,13.8,51,11270
ABprpaa,65,491,376,13.9,52,14565
ABprpaa,66,474,376,12.8,51,14069
ABprpaaa,67,452,385,9.8,50,9631
ABprpaaa,68,446,378,9.3,45,15244
ABprpaaa,69,448,381,8.1,44,18036
ABprpaaa,70,437,374,7.8,47,19363
ABprpaaa,71,433,383,7.9,47,19641
ABprpaaa,72,425,387,8.2,47,21625
ABprpaaa,73,427,393,8.9,47,24592
ABprpaaa,74,418,397,9.1,47,27895
ABprpaaa,75,415,395,9.0,46,27446
ABprpaaa,76,417,403,10.8,45,34670
ABprpaaa,77,419,404,10.9,45,36525
ABprpaaa,78,407,408,11.0,45,42534
ABprpaaa,79,388,414,12.1,45,47967
ABprpaaa,80,375,411,13.1,47,45768
ABprpaaa,81,374,415,13.1,45,50038
ABprpaaa,82,371,412,13.4,47,56007
ABprpaaa,83,369,418,14.1,47,57246
ABprpaaa,84,358,418,14.0,47,59351
ABprpaaa,85,347,419,13.4,47,60047
ABprpaaa,86,345,421,14.1,49,62330
ABprpaaa,87,340,421,14.0,47,68438
ABprpaaa,88,341,420,13.2,46,75771
ABprpaaa,89,338,421,13.9,46,72947
ABprpaaa,90,345,422,13.0,45,78619
ABprpaaa,91,332,410,12.1,34,77304
ABprpaaaa,92,292,411,12.1,35,67653
ABprpaaaa,93,277,410,13.0,38,66404
ABprpaaaa,94,268,409,13.1,40,63220
ABprpaaaa,95,268,411,12.9,40,69144
ABprpaaaa,96,269,415,12.9,39,78408
ABprpaaaa,97,267,411,12.1,38,83301
ABprpaaaa,98,273,408,12.4,41,78805
ABprpaaaa,99,279,409,13.1,39,85466
ABprpaaaa,100,282,409,13.2,39,99779
ABprpaaaa,101,285,411,13.0,39,84381
ABprpaaaa,102,290,408,12.4,39,92291
ABprpaaaa,103,286,408,12.4,39,94892
ABprpaaaa,104,278,405,12.2,39,97192
ABprpaaaa,105,278,403,12.1,39,96398
ABprpaaaa,106,279,401,12.0,39,96626
ABprpaaaa,107,268,399,12.2,39,105277
ABprpaaaa,108,271,398,12.2,40,103814
ABprpaaaa,109,271,402,12.3,42,102843
ABprpaaaa,110,277,405,12.3,42,97567
ABprpaaaa,111,263,403,12.1,42,100193
ABprpaaaa,112,257,401,11.3,42,95892
ABprpaaaa,113,257,401,11.4,40,104184
ABprpaaaa,114,255,398,11.4,40,110539
ABprpaaaa,115,254,398,12.1,40,113784
ABprpaaaa,116,262,397,11.4,42,103185
ABprpaaaa,117,263,397,11.5,40,111735
ABprpaaaa,118,265,404,11.4,40,113906
ABprpaaaa,119,265,403,11.3,42,109696
ABprpaaaa,120,259,396,11.4,39,114843
ABprpaaaa,121,256,393,11.3,37,119700
ABprpaaaa,122,262,392,10.9,37,128862
ABprpaaaa,123,262,392,11.0,34,103133
ABprpaaaaa,124,230,388,11.3,33,83956
ABprpaaaaa,125,228,387,11.0,34,90201
ABprpaaaaa,126,223,384,11.1,34,95286
ABprpaaaaa,127,221,386,11.0,34,93895
ABprpaaaaa,128,217,384,11.1,33,105576
ABprpaaaaa,129,216,383,10.8,33,91486
ABprpaaaaa,130,219,383,10.8,33,94541
ABprpaaaaa,131,220,381,9.9,33,105773
ABprpaaaaa,132,225,380,9.8,33,96112
ABprpaaaaa,133,228,381,9.2,35,107992
ABprpaaaaa,134,222,379,9.0,33,117503
ABprpaaaaa,135,222,372,8.5,35,101200
ABprpaaaaa,136,228,376,8.0,33,100802
ABprpaaaaa,137,233,373,7.5,35,98768
ABprpaaaaa,138,234,371,8.1,35,110731
ABprpaaaaa,139,238,376,7.9,33,114508
ABprpaaaaa,140,225,372,8.0,33,110267
ABprpaaaaa,141,229,369,8.2,33,108077
ABprpaaaaa,142,238,370,8.9,33,108227
ABprpaaaaa,143,237,376,8.3,35,108641
ABprpaaaaa,144,242,378,8.9,33,103886
ABprpaaaaa,145,239,382,8.5,35,105554
ABprpaaaap,124,267,394,10.4,33,83185
ABprpaaaap,125,268,396,10.8,34,68825
ABprpaaaap,126,261,393,10.8,34,79545
ABprpaaaap,127,259,397,10.9,34,91036
ABprpaaaap,128,255,398,10.3,35,104372
ABprpaaaap,129,252,403,10.3,35,110021
ABprpaaaap,130,254,401,10.2,37,98222
ABprpaaaap,131,256,397,9.4,35,107123
ABprpaaaap,132,258,397,10.1,35,105087
ABprpaaaap,133,260,392,10.1,35,103526
ABprpaaaap,134,255,396,9.6,35,101926
ABprpaaaap,135,252,387,9.6,37,88601
ABprpaaaap,136,249,392,10.1,33,101111
ABprpaaaap,137,252,390,10.0,37,90689
ABprpaaaap,138,251,388,9.5,37,106348
ABprpaaaap,139,256,392,9.3,37,103081
ABprpaaaap,140,252,386,9.1,33,109209
ABprpaaaap,141,256,390,8.3,29,105205
ABprpaaaap,142,267,387,8.3,37,102536
ABprpaaaap,143,272,392,8.2,29,123429
ABprpaaaap,144,272,392,8.2,29,101388
ABprpaaaap,145,277,391,9.1,37,113344
ABprpaaap,92,340,411,13.0,37,50197
ABprpaaap,93,328,414,13.1,38,59738
ABprpaaap,94,322,418,13.1,40,71887
ABprpaaap,95,328,419,14.0,40,73442
ABprpaaap,96,320,419,14.8,39,79346
ABprpaaap,97,324,421,14.8,38,81800
ABprpaaap,98,327,422,13.9,37,92164
ABprpaaap,99,335,422,13.9,37,102465
ABprpaaap,100,334,419,14.0,37,91005
ABprpaaap,101,338,420,13.1,37,101318
ABprpaaap,102,341,419,12.9,37,98644
ABprpaaap,103,338,421,12.3,39,96355
ABprpaaap,104,337,421,12.1,37,102973
ABprpaaap,105,339,421,13.0,37,96488
ABprpaaap,106,333,419,12.3,39,109406
ABprpaaap,107,332,420,13.0,39,104732
ABprpaaap,108,333,420,13.1,38,102818
ABprpaaap,109,331,418,13.0,38,110338
ABprpaaap,110,333,421,13.0,38,112525
ABprpaaap,111,329,421,12.9,38,104137
ABprpaaap,112,326,420,12.0,38,107913
ABprpaaap,113,323,420,11.3,40,110437
ABprpaaap,114,319,419,12.0,40,116026
ABprpaaap,115,312,416,12.0,40,113321
ABprpaaap,116,317,417,11.4,40,126581
ABprpaaap,117,321,419,11.3,40,117655
ABprpaaap,118,318,417,11.2,38,125200
ABprpaaap,119,318,416,11.1,38,121474
ABprpaaap,120,311,417,11.1,39,127200
ABprpaaap,121,318,412,10.8,37,113856
ABprpaaap,122,310,413,10.9,37,117606
ABprpaaap,123,312,410,11.8,36,109026
ABprpaaap,124,312,410,11.4,37,103787
ABprpaaapa,125,300,410,10.1,30,99818
ABprpaaapa,126,288,412,10.9,34,85775
ABprpaaapa,127,289,413,10.9,34,91017
ABprpaaapa,128,283,414,10.9,33,102583
ABprpaaapa,129,282,414,11.0,35,97618
ABprpaaapa,130,285,411,10.9,33,97742
ABprpaaapa,131,288,408,10.0,33,100149
ABprpaaapa,132,291,408,10.2,35,107785
ABprpaaapa,133,290,407,10.8,33,90857
ABprpaaapa,134,287,407,10.0,33,105451
ABprpaaapa,135,282,403,10.0,33,100559
ABprpaaapa,136,279,403,9.9,33,93317
ABprpaaapa,137,277,398,10.7,33,99281
ABprpaaapa,138,276,399,10.3,35,116668
ABprpaaapa,139,279,402,10.9,33,107628
ABprpaaapa,140,277,392,10.5,37,108126
ABprpaaapa,141,279,397,10.8,33,91585
ABprpaaapa,142,283,400,10.3,35,109574
ABprpaaapa,143,280,394,10.3,37,101098
ABprpaaapa,144,283,399,11.2,35,115557
ABprpaaapa,145,284,397,11.1,35,116975
ABprpaaapp,125,327,414,12.9,34,81341
ABprpaaapp,126,326,411,11.9,34,80385
ABprpaaapp,127,328,405,10.9,34,73868
ABprpaaapp,128,324,405,10.4,35,92933
ABprpaaapp,129,319,405,10.2,35,103922
ABprpaaapp,130,317,407,10.5,35,97066
ABprpaaapp,131,319,408,10.4,35,100249
ABprpaaapp,132,320,404,9.5,37,92765
ABprpaaapp,133,321,405,10.3,35,108011
ABprpaaapp,134,318,407,10.2,35,104901
ABprpaaapp,135,313,400,10.0,33,100825
ABprpaaapp,136,311,406,10.9,33,95243
ABprpaaapp,137,312,407,10.9,33,99349
ABprpaaapp,138,311,401,10.4,35,97415
ABprpaaapp,139,312,402,10.3,35,96318
ABprpaaapp,140,308,400,10.2,35,99749
ABprpaaapp,141,312,406,10.1,35,97974
ABprpaaapp,142,312,409,10.2,35,100346
ABprpaaapp,143,315,408,10.9,33,90633
ABprpaaapp,144,314,415,11.0,35,90585
ABprpaaapp,145,314,410,10.5,35,102045
ABprpaap,67,496,371,12.9,50,9773
ABprpaap,68,495,362,14.0,49,9986
ABprpaap,69,503,358,13.9,48,12282
ABprpaap,70,506,364,14.8,47,17026
ABprpaap,71,506,379,14.1,47,18587
ABprpaap,72,502,386,14.1,47,23175
ABprpaap,73,499,388,14.1,47,25127
ABprpaap,74,490,383,13.1,47,29092
ABprpaap,75,478,383,12.9,46,30105
ABprpaap,76,482,382,13.0,45,30055
ABprpaap,77,478,387,13.1,45,38009
ABprpaap,78,469,388,12.9,45,40881
ABprpaap,79,457,392,12.1,45,43812
ABprpaap,80,450,392,13.1,45,49130
ABprpaap,81,440,399,13.9,45,47854
ABprpaap,82,432,399,14.0,45,50968
ABprpaap,83,427,399,14.9,45,54248
ABprpaap,84,424,399,14.9,45,57405
ABprpaap,85,419,404,15.0,45,59418
ABprpaap,86,426,412,14.0,45,59927
ABprpaap,87,417,414,14.9,45,73426
ABprpaap,88,418,415,14.9,46,70563
ABprpaap,89,412,415,14.9,46,69551
ABprpaap,90,413,410,14.0,37,68317
ABprpaapa,91,380,411,14.1,34,71113
ABprpaapa,92,377,415,13.2,37,67726
ABprpaapa,93,372,411,13.9,40,59169
ABprpaapa,94,365,417,14.1,38,76658
ABprpaapa,95,364,419,15.9,40,64473
ABprpaapa,96,355,421,16.1,39,71072
ABprpaapa,97,347,422,17.2,38,73539
ABprpaapa,98,343,419,17.0,37,82379
ABprpaapa,99,342,420,17.2,39,87824
ABprpaapa,100,343,419,17.1,39,87279
ABprpaapa,101,343,419,16.2,39,94135
ABprpaapa,102,339,420,16.1,39,102208
ABprpaapa,103,328,420,16.2,39,97217
ABprpaapa,104,321,420,16.1,41,93629
ABprpaapa,105,321,420,17.0,39,92414
ABprpaapa,106,321,420,16.0,41,102262
ABprpaapa,107,319,417,16.1,41,104346
ABprpaapa,108,315,418,17.0,40,99926
ABprpaapa,109,323,417,17.0,38,117256
ABprpaapa,110,320,418,16.2,40,106151
ABprpaapa,111,316,419,15.2,42,107693
ABprpaapa,112,308,416,15.0,40,109330
ABprpaapa,113,304,419,15.1,40,114367
ABprpaapa,114,308,417,15.1,40,115887
ABprpaapa,115,304,411,15.0,29,109566
ABprpaapa,116,308,413,14.1,40,113581
ABprpaapa,117,305,417,14.3,42,115261
ABprpaapa,118,303,418,14.2,42,111300
ABprpaapa,119,301,419,14.2,40,121714
ABprpaapa,120,295,412,14.3,41,119607
ABprpaapa,121,291,412,14.2,41,122870
ABprpaapa,122,290,412,14.2,39,129086
ABprpaapa,123,285,409,15.0,36,107345
ABprpaapa,124,274,410,15.9,35,111520
ABprpaapaa,125,255,411,13.0,34,82116
ABprpaapaa,126,254,407,13.1,34,92743
ABprpaapaa,127,261,405,13.0,34,107783
ABprpaapaa,128,259,407,13.1,35,114354
ABprpaapaa,129,257,407,13.1,33,118640
ABprpaapaa,130,256,405,13.1,35,112631
ABprpaapaa,131,256,408,12.3,37,93932
ABprpaapaa,132,261,409,13.1,35,113900
ABprpaapaa,133,256,406,13.2,35,122727
ABprpaapaa,134,255,407,14.0,33,109456
ABprpaapaa,135,256,406,13.9,33,116787
ABprpaapaa,136,253,407,13.9,33,112148
ABprpaapaa,137,253,407,13.2,33,122878
ABprpaapaa,138,247,400,12.4,35,122330
ABprpaapaa,139,244,402,12.4,37,118772
ABprpaapaa,140,241,398,12.2,35,112694
ABprpaapaa,141,245,406,12.1,33,112605
ABprpaapaa,142,248,408,12.2,35,113518
ABprpaapaa,143,248,411,12.0,33,115824
ABprpaapaa,144,248,412,12.2,35,116751
ABprpaapaa,145,242,407,11.6,37,105031
ABprpaapap,125,289,414,15.0,34,90266
ABprpaapap,126,288,413,15.0,34,91006
ABprpaapap,127,294,418,14.9,34,97062
ABprpaapap,128,294,419,14.4,35,94483
ABprpaapap,129,291,420,15.0,33,96264
ABprpaapap,130,288,421,14.9,33,102983
ABprpaapap,131,292,419,13.9,33,102399
ABprpaapap,132,294,419,13.3,35,100928
ABprpaapap,133,293,413,13.9,33,103753
ABprpaapap,134,293,412,13.2,35,102937
ABprpaapap,135,291,407,13.1,33,107169
ABprpaapap,136,290,411,13.9,33,100623
ABprpaapap,137,288,411,13.4,35,103319
ABprpaapap,138,280,409,13.1,35,105419
ABprpaapap,139,283,411,13.1,33,112850
ABprpaapap,140,280,412,13.1,33,109315
ABprpaapap,141,284,417,13.1,35,106052
ABprpaapap,142,288,420,13.3,37,103843
ABprpaapap,143,284,421,13.9,33,109578
ABprpaapap,144,286,420,14.2,37,102449
ABprpaapap,145,283,415,13.4,37,101662
ABprpaapp,91,424,402,14.1,34,64427
ABprpaapp,92,423,404,14.0,37,53789
ABprpaapp,93,419,406,13.9,40,58549
ABprpaapp,94,415,410,14.1,40,70695
ABprpaapp,95,406,412,15.0,40,60165
ABprpaapp,96,393,408,15.0,39,63927
ABprpaapp,97,395,411,16.0,38,70823
ABprpaapp,98,391,414,15.1,37,76704
ABprpaapp,99,385,415,16.0,37,78119
ABprpaapp,100,393,415,16.0,37,83000
ABprpaapp,101,387,415,15.1,39,88990
ABprpaapp,102,383,415,15.1,37,92694
ABprpaapp,103,376,410,15.1,37,92928
ABprpaapp,104,379,408,15.0,41,84054
ABprpaapp,105,379,409,16.0,39,92032
ABprpaapp,106,385,414,15.1,41,94338
ABprpaapp,107,385,413,15.2,41,96143
ABprpaapp,108,384,415,15.3,40,97285
ABprpaapp,109,383,415,15.8,38,95602
ABprpaapp,110,389,413,14.1,38,112434
ABprpaapp,111,382,416,14.4,40,109021
ABprpaapp,112,374,420,15.1,40,103898
ABprpaapp,113,376,420,14.4,40,107302
ABprpaapp,114,376,415,14.3,40,109475
ABprpaapp,115,363,413,15.1,40,118930
ABprpaapp,116,365,415,14.2,42,111864
ABprpaapp,117,359,417,15.0,42,110491
ABprpaapp,118,351,416,14.9,38,108743
ABprpaapp,119,351,415,14.9,38,110804
ABprpaapp,120,355,414,14.3,41,117340
ABprpaapp,121,351,415,14.9,37,107482
ABprpaapp,122,360,416,15.0,35,98630
ABprpaappa,123,335,410,16.0,34,87790
ABprpaappa,124,324,414,15.9,35,84860
ABprpaappa,125,331,417,15.2,36,87455
ABprpaappa,126,330,415,15.0,34,93113
ABprpaappa,127,333,415,14.9,34,88515
ABprpaappa,128,328,416,14.8,33,87063
ABprpaappa,129,326,410,14.0,33,85193
ABprpaappa,130,324,406,14.1,33,95579
ABprpaappa,131,329,410,14.1,37,83284
ABprpaappa,132,333,408,13.9,33,86059
ABprpaappa,133,329,404,13.2,37,98850
ABprpaappa,134,331,403,13.2,37,84786
ABprpaappa,135,328,406,14.0,33,90704
ABprpaappa,136,325,413,14.2,37,94036
ABprpaappa,137,321,408,14.1,37,88384
ABprpaappa,138,324,410,14.2,37,92720
ABprpaappa,139,323,411,14.1,37,90959
ABprpaappa,140,317,409,14.2,35,96036
ABprpaappa,141,322,408,13.4,35,97522
ABprpaappa,142,322,410,14.3,35,94686
ABprpaappa,143,319,407,14.4,37,93329
ABprpaappa,144,313,406,15.3,37,87161
ABprpaappa,145,309,402,15.3,37,93979
ABprpaappp,123,377,421,15.3,34,83914
ABprpaappp,124,368,419,14.9,35,83181
ABprpaappp,125,369,415,14.1,36,93088
ABprpaappp,126,369,418,13.9,34,92375
ABprpaappp,127,370,417,13.0,34,94552
ABprpaappp,128,365,416,12.8,33,96349
ABprpaappp,129,364,414,12.1,33,105343
ABprpaappp,130,356,415,11.9,33,103900
ABprpaappp,131,364,416,11.9,33,91909
ABprpaappp,132,369,413,11.4,35,107722
ABprpaappp,133,369,410,11.3,37,103523
ABprpaappp,134,366,411,11.3,35,104951
ABprpaappp,135,363,409,11.2,33,97215
ABprpaappp,136,358,413,12.0,33,101516
ABprpaappp,137,359,410,12.1,35,103228
ABprpaappp,138,357,413,11.4,35,105831
ABprpaappp,139,358,415,12.0,33,104820
ABprpaappp,140,350,411,12.1,35,108584
ABprpaappp,141,354,412,11.9,33,104259
ABprpaappp,142,350,410,11.5,35,100840
ABprpaappp,143,348,418,12.2,33,113273
ABprpaappp,144,344,422,14.0,35,102356
ABprpaappp,145,340,418,14.0,33,105747
ABprpap,46,508,318,9.6,58,129
ABprpap,47,514,314,9.0,54,535
ABprpap,48,526,310,8.9,52,325
ABprpap,49,531,300,8.1,51,890
ABprpap,50,524,305,8.8,51,1237
ABprpap,51,525,310,8.9,50,-338
ABprpap,52,534,316,8.1,49,1038
ABprpap,53,543,320,7.5,51,637
ABprpap,54,543,327,7.4,50,1848
ABprpap,55,538,329,8.1,50,2401
ABprpap,56,533,327,9.1,49,2930
ABprpap,57,533,326,8.5,53,3107
ABprpap,58,526,330,8.5,51,4933
ABprpap,59,527,333,8.8,51,3898
ABprpap,60,531,329,8.2,51,5842
ABprpap,61,531,329,8.2,52,7603
ABprpap,62,530,323,9.1,53,9592
ABprpap,63,537,328,10.0,52,9783
ABprpap,64,534,322,10.0,53,11817
ABprpap,65,530,320,10.0,52,11801
ABprpapa,66,510,336,8.8,51,8852
ABprpapa,67,510,337,7.7,50,9559
ABprpapa,68,510,339,7.1,45,16902
ABprpapa,69,511,346,7.0,48,16861
ABprpapa,70,499,351,7.1,47,19856
ABprpapa,71,490,356,7.0,47,18922
ABprpapa,72,488,360,7.1,47,20830
ABprpapa,73,484,360,7.0,47,22778
ABprpapa,74,478,361,7.0,47,23938
ABprpapa,75,485,363,7.2,46,29826
ABprpapa,76,491,366,7.2,45,33823
ABprpapa,77,487,368,7.9,45,35484
ABprpapa,78,482,367,7.9,45,36234
ABprpapa,79,462,370,7.2,45,47029
ABprpapa,80,452,374,7.9,45,46936
ABprpapa,81,441,380,8.0,45,49825
ABprpapa,82,434,379,7.9,45,56201
ABprpapa,83,427,380,7.9,45,49340
ABprpapa,84,424,375,7.1,47,58121
ABprpapa,85,419,366,6.9,45,57070
ABprpapa,86,423,365,6.8,45,57899
ABprpapa,87,422,361,6.9,45,68801
ABprpapa,88,414,361,6.8,46,68294
ABprpapa,89,417,357,6.2,46,71639
ABprpapa,90,419,352,7.0,37,76220
ABprpapaa,91,394,358,6.1,34,77838
ABprpapaa,92,373,355,6.0,29,85719
ABprpapaa,93,363,353,6.0,40,61087
ABprpapaa,94,358,343,6.0,38,77859
ABprpapaa,95,360,343,6.8,40,66387
ABprpapaa,96,363,335,5.9,39,69005
ABprpapaa,97,368,329,5.9,38,78625
ABprpapaa,98,367,335,7.0,37,83171
ABprpapaa,99,365,332,6.0,37,88264
ABprpapaa,100,362,334,6.2,37,94127
ABprpapaa,101,367,335,6.2,37,99961
ABprpapaa,102,367,337,6.1,37,99091
ABprpapaa,103,360,341,6.9,37,86395
ABprpapaa,104,366,348,6.2,37,104233
ABprpapaa,105,368,361,7.0,37,99384
ABprpapaa,106,368,358,7.1,37,102302
ABprpapaa,107,363,358,7.1,37,106938
ABprpapaa,108,363,360,7.0,38,101964
ABprpapaa,109,364,355,7.0,38,101876
ABprpapaa,110,363,345,7.1,38,106456
ABprpapaa,111,362,349,8.0,38,112287
ABprpapaa,112,364,348,8.1,38,108501
ABprpapaa,113,360,347,8.0,40,105036
ABprpapaa,114,357,347,8.1,40,110226
ABprpapaa,115,360,349,8.8,38,105997
ABprpapaa,116,359,350,9.0,38,111271
ABprpapaa,117,358,351,9.1,40,116751
ABprpapaa,118,358,351,9.0,40,113014
ABprpapaa,119,359,354,9.1,38,114119
ABprpapaa,120,352,354,9.2,39,118094
ABprpapaa,121,353,353,9.1,39,122794
ABprpapaa,122,360,357,9.9,37,112526
ABprpapaa,123,357,362,9.4,40,118336
ABprpapaa,124,349,359,9.9,35,104588
ABprpapaa,125,360,364,10.0,34,103100
ABprpapaa,126,358,361,9.9,34,115680
ABprpapaaa,127,336,359,9.2,32,103214
ABprpapaaa,128,333,361,8.9,33,102322
ABprpapaaa,129,330,353,9.0,33,107389
ABprpapaaa,130,331,347,9.0,33,107880
ABprpapaaa,131,334,345,8.9,33,108777
ABprpapaaa,132,339,339,8.2,33,104241
ABprpapaaa,133,339,341,8.1,33,101760
ABprpapaaa,134,335,342,8.2,35,104897
ABprpapaaa,135,332,339,8.0,35,87095
ABprpapaaa,136,332,345,8.4,37,95365
ABprpapaaa,137,331,339,8.2,33,108143
ABprpapaaa,138,330,339,8.0,33,95541
ABprpapaaa,139,334,341,7.6,35,99253
ABprpapaaa,140,330,334,7.9,33,98838
ABprpapaaa,141,333,335,8.1,33,108711
ABprpapaaa,142,336,336,8.1,33,109071
ABprpapaaa,143,332,338,8.1,33,111691
ABprpapaaa,144,334,341,8.1,33,119089
ABprpapaaa,145,335,339,8.2,35,112200
ABprpapaap,127,383,364,8.2,32,106504
ABprpapaap,128,384,366,8.1,33,105662
ABprpapaap,129,379,362,8.1,33,113647
ABprpapaap,130,379,365,8.0,33,109414
ABprpapaap,131,380,360,8.2,33,105660
ABprpapaap,132,381,361,8.1,33,104316
ABprpapaap,133,380,357,7.9,33,112664
ABprpapaap,134,376,350,8.0,35,111096
ABprpapaap,135,376,343,8.0,35,112329
ABprpapaap,136,374,345,8.1,37,112548
ABprpapaap,137,377,348,8.2,37,106853
ABprpapaap,138,375,345,7.4,37,110140
ABprpapaap,139,376,347,8.1,33,117385
ABprpapaap,140,371,342,8.1,35,118008
ABprpapaap,141,378,340,8.1,37,111140
ABprpapaap,142,377,346,8.1,37,105926
ABprpapaap,143,372,353,7.6,37,102665
ABprpapaap,144,372,351,8.0,37,100774
ABprpapaap,145,367,354,8.2,37,107896
ABprpapap,91,433,351,7.1,34,80102
ABprpapap,92,424,346,7.0,37,69494
ABprpapap,93,411,344,7.3,38,69941
ABprpapap,94,405,345,7.0,40,60558
ABprpapap,95,401,352,6.4,38,75107
ABprpapap,96,404,354,6.8,39,62743
ABprpapap,97,405,370,7.2,38,80883
ABprpapap,98,399,379,8.1,37,78254
ABprpapap,99,394,380,8.1,37,88412
ABprpapap,100,390,382,7.9,37,85505
ABprpapap,101,388,379,7.2,37,91237
ABprpapap,102,389,378,7.1,37,94324
ABprpapap,103,386,377,7.1,39,90168
ABprpapap,104,389,381,7.8,37,88409
ABprpapap,105,391,385,8.3,39,98488
ABprpapap,106,394,384,8.1,37,103614
ABprpapap,107,394,389,8.1,39,101881
ABprpapap,108,394,385,8.0,38,96351
ABprpapap,109,396,379,7.2,38,99225
ABprpapap,110,394,374,7.2,38,103033
ABprpapap,111,386,380,7.1,40,94140
ABprpapap,112,385,380,7.1,38,104786
ABprpapap,113,381,379,7.1,38,98751
ABprpapap,114,382,377,6.9,38,95734
ABprpapap,115,387,376,6.2,38,104603
ABprpapap,116,391,371,6.1,38,106813
ABprpapap,117,392,373,6.9,38,92843
ABprpapap,118,391,378,6.9,38,94469
ABprpapap,119,386,371,7.0,38,106601
ABprpapap,120,384,366,7.2,37,114468
ABprpapap,121,393,360,6.2,35,103824
ABprpapap,122,399,365,7.1,35,99304
ABprpapapa,123,382,378,7.1,34,87084
ABprpapapa,124,374,376,6.5,33,85446
ABprpapapa,125,381,374,6.2,34,96441
ABprpapapa,126,376,368,5.8,34,91668
ABprpapapa,127,378,363,5.9,34,103505
ABprpapapa,128,384,362,5.9,33,109580
ABprpapapa,129,384,360,5.8,33,93760
ABprpapapa,130,385,357,5.6,34,103563
ABprpapapa,131,386,354,5.5,34,89281
ABprpapapa,132,387,351,5.3,35,99417
ABprpapapa,133,390,350,5.3,35,97844
ABprpapapa,134,390,350,5.5,35,98100
ABprpapapa,135,389,350,5.7,35,96385
ABprpapapa,136,389,350,5.8,35,100605
ABprpapapa,137,388,350,6.0,34,101924
ABprpapapa,138,388,348,5.8,34,112040
ABprpapapa,139,388,345,5.7,34,100367
ABprpapapa,140,389,342,5.5,35,99801
ABprpapapa,141,393,339,5.4,37,92293
ABprpapapa,142,397,341,6.0,37,94267
ABprpapapa,143,395,339,6.1,35,101353
ABprpapapa,144,397,342,6.2,33,103199
ABprpapapa,145,392,338,6.1,33,111667
ABprpapapp,123,421,364,6.5,30,107092
ABprpapapp,124,417,359,7.0,35,80393
ABprpapapp,125,421,359,6.2,34,92589
ABprpapapp,126,427,353,6.1,34,94521
ABprpapapp,127,439,347,5.9,34,87636
ABprpapapp,128,441,343,5.8,33,90397
ABprpapapp,129,432,338,5.9,33,97421
ABprpapapp,130,430,333,5.8,33,91544
ABprpapapp,131,434,337,6.0,33,97469
ABprpapapp,132,436,338,6.0,33,98856
ABprpapapp,133,431,330,6.1,33,106246
ABprpapapp,134,429,331,6.1,35,93937
ABprpapapp,135,432,328,5.5,35,101224
ABprpapapp,136,426,330,6.1,35,97242
ABprpapapp,137,427,330,5.4,35,102571
ABprpapapp,138,428,323,5.9,33,100834
ABprpapapp,139,432,325,5.8,33,97082
ABprpapapp,140,428,318,5.4,35,102316
ABprpapapp,141,431,317,5.3,35,97420
ABprpapapp,142,431,318,5.9,33,92958
ABprpapapp,143,430,313,5.2,33,106444
ABprpapapp,144,428,316,5.2,35,100941
ABprpapapp,145,422,320,5.2,35,98530
ABprpapp,66,545,293,8.1,51,9118
ABprpapp,67,553,293,8.1,50,9183
ABprpapp,68,555,290,8.8,49,14069
ABprpapp,69,569,296,8.0,48,16158
ABprpapp,70,564,296,7.8,47,15136
ABprpapp,71,562,302,7.8,47,17272
ABprpapp,72,558,306,7.8,47,21240
ABprpapp,73,557,310,7.2,47,25877
ABprpapp,74,555,319,7.2,47,24662
ABprpapp,75,552,324,7.2,46,31530
ABprpapp,76,554,325,7.3,47,31289
ABprpapp,77,550,326,7.9,45,34785
ABprpapp,78,540,328,7.2,47,33348
ABprpapp,79,536,338,7.1,45,41089
ABprpapp,80,523,347,7.5,47,44201
ABprpapp,81,514,354,8.1,47,49097
ABprpapp,82,500,350,7.4,47,46628
ABprpapp,83,490,351,7.9,45,49292
ABprpapp,84,484,347,7.9,45,50496
ABprpapp,85,481,352,7.4,47,54015
ABprpapp,86,490,351,7.2,47,59344
ABprpapp,87,486,354,7.9,45,64972
ABprpapp,88,481,355,7.9,46,73439
ABprpapp,89,484,352,8.0,46,77672
ABprpapp,90,485,346,8.0,37,81168
ABprpappa,91,470,352,7.2,31,83159
ABprpappa,92,462,351,7.0,37,55588
ABprpappa,93,456,350,6.8,40,53079
ABprpappa,94,448,352,6.0,40,63329
ABprpappa,95,440,352,6.1,40,70832
ABprpappa,96,440,353,6.2,39,73933
ABprpappa,97,439,355,6.1,38,74011
ABprpappa,98,428,354,6.2,39,73775
ABprpappa,99,418,356,6.1,37,78925
ABprpappa,100,420,359,6.2,39,73608
ABprpappa,101,423,353,6.3,39,79057
ABprpappa,102,423,348,6.2,39,86509
ABprpappa,103,417,341,6.9,37,78388
ABprpappa,104,420,343,6.2,39,87186
ABprpappa,105,413,350,6.3,39,90606
ABprpappa,106,417,346,7.1,39,90184
ABprpappa,107,409,347,6.3,39,91125
ABprpappa,108,412,345,6.2,40,88952
ABprpappa,109,410,338,6.2,38,96824
ABprpappa,110,409,334,7.1,38,94660
ABprpappa,111,408,340,6.9,38,84860
ABprpappa,112,410,343,7.2,40,100261
ABprpappa,113,397,337,6.9,38,85631
ABprpappa,114,398,336,7.1,40,90674
ABprpappa,115,399,334,7.1,40,92370
ABprpappa,116,399,332,7.2,40,98333
ABprpappa,117,391,332,7.0,38,98380
ABprpappa,118,396,336,7.1,38,94266
ABprpappa,119,393,332,7.0,38,106962
ABprpappa,120,381,327,7.3,41,109535
ABprpappa,121,387,322,8.1,39,110667
ABprpappa,122,394,317,7.0,33,96577
ABprpappaa,123,374,326,7.1,32,98675
ABprpappaa,124,355,323,6.9,35,66777
ABprpappaa,125,364,325,6.9,34,71162
ABprpappaa,126,360,322,6.1,34,95138
ABprpappaa,127,362,320,6.8,34,72590
ABprpappaa,128,363,324,6.2,35,94634
ABprpappaa,129,353,321,6.1,35,88718
ABprpappaa,130,353,318,6.2,37,87534
ABprpappaa,131,355,317,6.1,35,95306
ABprpappaa,132,360,319,6.1,37,88242
ABprpappaa,133,358,315,6.0,35,85622
ABprpappaa,134,354,317,5.4,37,86887
ABprpappaa,135,352,315,5.3,37,85383
ABprpappaa,136,353,314,5.3,37,95113
ABprpappaa,137,356,316,5.3,35,93852
ABprpappaa,138,349,311,5.3,37,91954
ABprpappaa,139,356,307,5.1,37,87744
ABprpappaa,140,355,303,5.3,37,88544
ABprpappaa,141,352,304,5.2,33,95002
ABprpappaa,142,354,309,5.2,37,91835
ABprpappaa,143,350,312,5.2,35,92231
ABprpappaa,144,344,311,5.2,37,91600
ABprpappaa,145,346,312,5.2,37,93784
ABprpappap,123,409,318,7.1,30,96378
ABprpappap,124,406,314,6.4,31,95089
ABprpappap,125,406,309,6.8,34,75127
ABprpappap,126,405,311,6.0,34,91786
ABprpappap,127,412,314,5.9,34,83966
ABprpappap,128,412,310,5.9,33,92052
ABprpappap,129,401,305,6.0,33,82018
ABprpappap,130,395,306,5.8,33,79216
ABprpappap,131,394,306,5.4,37,90097
ABprpappap,132,399,304,5.5,37,88388
ABprpappap,133,398,299,6.0,33,86849
ABprpappap,134,400,301,5.2,35,93307
ABprpappap,135,398,300,5.3,35,95927
ABprpappap,136,394,303,5.4,37,92134
ABprpappap,137,398,301,5.5,37,98314
ABprpappap,138,399,301,5.4,37,93230
ABprpappap,139,401,302,6.0,37,85630
ABprpappap,140,397,298,6.2,37,96110
ABprpappap,141,397,292,6.0,37,84050
ABprpappap,142,393,295,6.0,33,93256
ABprpappap,143,384,298,6.0,35,92885
ABprpappap,144,387,299,5.4,37,101040
ABprpappap,145,388,297,5.4,37,97492
ABprpappp,91,515,325,7.2,34,73766
ABprpappp,92,517,327,7.1,35,74383
ABprpappp,93,512,326,7.0,40,60371
ABprpappp,94,511,335,7.1,40,66643
ABprpappp,95,500,331,7.0,40,68685
ABprpappp,96,492,335,7.0,39,68735
ABprpappp,97,488,343,7.2,38,79027
ABprpappp,98,476,342,7.9,37,77887
ABprpappp,99,473,346,7.3,37,84670
ABprpappp,100,468,354,7.9,37,73913
ABprpappp,101,474,358,7.2,39,84836
ABprpappp,102,471,361,7.1,37,84897
ABprpappp,103,462,354,6.3,39,83034
ABprpappp,104,460,350,6.8,37,79166
ABprpappp,105,456,347,6.3,39,91334
ABprpappp,106,459,348,6.2,41,88376
ABprpappp,107,455,341,6.1,39,91748
ABprpappp,108,455,339,6.1,38,98207
ABprpappp,109,457,339,5.9,38,89681
ABprpappp,110,455,336,5.4,40,98636
ABprpappp,111,452,337,5.8,38,91073
ABprpappp,112,455,335,5.3,42,93897
ABprpappp,113,449,343,5.8,38,91240
ABprpappp,114,444,336,5.4,40,100912
ABprpappp,115,446,342,5.9,38,94457
ABprpappp,116,451,334,5.4,42,99823
ABprpappp,117,447,337,5.5,42,101438
ABprpappp,118,445,340,5.9,38,103429
ABprpappp,119,445,335,6.1,38,105839
ABprpappp,120,444,330,6.2,39,115180
ABprpappp,121,449,323,6.2,39,112349
ABprpappp,122,449,325,6.2,35,117660
ABprpappp,123,457,323,6.1,34,117287
ABprpapppa,124,442,321,5.3,31,99816
ABprpapppa,125,450,318,5.4,32,95641
ABprpapppa,126,455,305,5.7,34,81559
ABprpapppa,127,467,302,5.8,34,77471
ABprpapppa,128,468,303,5.8,33,81222
ABprpapppa,129,459,303,5.1,35,97236
ABprpapppa,130,458,303,5.3,35,88467
ABprpapppa,131,458,299,5.3,35,94969
ABprpapppa,132,458,299,5.3,35,95762
ABprpapppa,133,455,294,5.4,35,90537
ABprpapppa,134,456,289,5.2,35,92331
ABprpapppa,135,454,283,5.2,37,87535
ABprpapppa,136,452,282,5.0,35,91330
ABprpapppa,137,457,279,5.2,37,89696
ABprpapppa,138,457,281,5.3,35,94776
ABprpapppa,139,458,282,5.3,35,96422
ABprpapppa,140,448,272,5.3,37,95894
ABprpapppa,141,450,273,5.5,35,99568
ABprpapppa,142,445,274,5.3,35,103493
ABprpapppa,143,440,270,6.1,37,95031
ABprpapppa,144,437,267,5.4,37,101908
ABprpapppa,145,432,272,6.3,35,105118
ABprpapppp,124,490,308,6.0,35,69963
ABprpapppp,125,502,300,5.9,34,88063
ABprpapppp,126,498,294,5.9,34,84233
ABprpapppp,127,510,292,5.2,36,89099
ABprpapppp,128,510,288,5.2,35,93516
ABprpapppp,129,505,289,5.1,35,96580
ABprpapppp,130,503,287,5.2,35,91438
ABprpapppp,131,499,283,5.2,35,86165
ABprpapppp,132,499,274,5.0,33,95182
ABprpapppp,133,493,263,5.2,33,100814
ABprpapppp,134,491,263,5.9,33,92174
ABprpapppp,135,491,260,6.0,33,100705
ABprpapppp,136,488,259,5.4,37,95207
ABprpapppp,137,495,258,5.5,37,95659
ABprpapppp,138,494,264,5.4,35,99693
ABprpapppp,139,494,269,5.4,37,91515
ABprpapppp,140,491,263,5.5,37,93776
ABprpapppp,141,497,264,5.4,37,94204
ABprpapppp,142,493,263,5.4,37,95195
ABprpapppp,143,487,263,6.1,33,104609
ABprpapppp,144,481,265,6.8,33,95748
ABprpapppp,145,475,265,7.0,33,90920
ABprpp,29,536,270,12.1,42,530
ABprpp,30,545,280,12.0,51,-224
ABprpp,31,564,283,13.0,53,-53
ABprpp,32,576,281,13.2,56,-501
ABprpp,33,572,300,13.2,59,-123
ABprpp,34,574,306,14.3,61,-681
ABprpp,35,573,312,15.0,63,-309
ABprpp,36,569,312,14.2,64,-386
ABprpp,37,570,320,14.1,64,190
ABprpp,38,562,324,14.9,62,525
ABprpp,39,563,325,13.9,62,134
ABprpp,40,558,320,14.0,64,-18
ABprpp,41,566,312,12.8,63,-243
ABprpp,42,570,309,12.9,62,-532
ABprpp,43,565,317,14.0,61,39
ABprpp,44,572,321,14.9,61,-92
ABprpp,45,567,323,15.8,61,577
ABprppa,46,570,344,15.7,58,-395
ABprppa,47,566,349,15.1,54,-325
ABprppa,48,558,357,14.9,52,-412
ABprppa,49,554,365,14.2,51,-667
ABprppa,50,560,367,14.1,51,425
ABprppa,51,552,368,14.0,50,-245
ABprppa,52,557,364,14.1,47,778
ABprppa,53,570,363,15.0,49,1345
ABprppa,54,574,360,15.2,48,2687
ABprppa,55,581,355,15.3,50,2387
ABprppa,56,580,355,16.2,51,3500
ABprppa,57,574,358,15.2,51,3351
ABprppa,58,574,360,15.3,53,3206
ABprppa,59,571,358,15.9,51,7148
ABprppa,60,571,360,15.9,51,5924
ABprppa,61,580,355,14.2,52,7081
ABprppa,62,581,354,14.8,51,9368
ABprppa,63,582,355,14.9,52,13478
ABprppa,64,577,352,14.6,53,14268
ABprppa,65,573,353,15.8,52,16988
ABprppa,66,570,351,14.9,51,14122
ABprppaa,67,550,374,13.8,50,11601
ABprppaa,68,547,370,13.2,49,12758
ABprppaa,69,553,376,12.1,44,19482
ABprppaa,70,555,376,12.9,47,18674
ABprppaa,71,553,374,12.2,47,21383
ABprppaa,72,550,374,12.0,47,24632
ABprppaa,73,547,379,12.9,47,25233
ABprppaa,74,534,381,12.9,47,30175
ABprppaa,75,526,386,13.8,46,30442
ABprppaa,76,528,381,13.1,45,35186
ABprppaa,77,524,384,13.1,45,40143
ABprppaa,78,518,383,13.9,45,38889
ABprppaa,79,511,388,14.1,45,46426
ABprppaa,80,500,387,14.0,45,44008
ABprppaa,81,492,386,14.0,45,49131
ABprppaa,82,483,393,14.1,45,58448
ABprppaa,83,481,396,14.1,45,57678
ABprppaa,84,473,397,14.1,45,63502
ABprppaa,85,467,394,14.1,45,65179
ABprppaa,86,470,400,13.9,45,65995
ABprppaa,87,468,401,13.0,45,65644
ABprppaa,88,462,396,12.2,46,71945
ABprppaa,89,459,394,12.0,46,69288
ABprppaa,90,471,397,11.9,45,73842
ABprppaa,91,470,400,12.0,44,82268
ABprppaa,92,464,397,10.3,43,94849
ABprppaa,93,454,399,10.2,42,99706
ABprppaa,94,444,402,11.1,42,103368
ABprppaa,95,441,396,12.0,34,95278
ABprppaaa,96,413,393,11.1,31,87224
ABprppaaa,97,398,402,11.3,32,85553
ABprppaaa,98,398,408,11.9,37,98537
ABprppaaa,99,399,414,12.1,37,87881
ABprppaaa,100,397,415,12.0,37,91935
ABprppaaa,101,397,404,11.8,37,96134
ABprppaaa,102,402,402,11.9,37,86769
ABprppaaa,103,398,396,11.8,37,89415
ABprppaaa,104,397,398,11.9,37,98022
ABprppaaa,105,406,402,13.0,37,93487
ABprppaaa,106,401,404,12.9,37,93606
ABprppaaa,107,402,404,12.1,37,107843
ABprppaaa,108,398,403,12.1,38,112678
ABprppaaa,109,390,403,11.8,38,103583
ABprppaaa,110,388,402,11.1,38,112584
ABprppaaa,111,383,401,11.8,38,106378
ABprppaaa,112,382,399,11.1,38,108131
ABprppaaa,113,378,399,11.1,38,110703
ABprppaaa,114,371,400,11.9,38,109946
ABprppaaa,115,369,403,12.1,38,124176
ABprppaaa,116,366,404,12.0,38,120646
ABprppaaa,117,364,400,12.9,38,104319
ABprppaaa,118,362,396,12.0,38,112714
ABprppaaa,119,366,396,12.1,38,113521
ABprppaaa,120,365,397,12.1,41,119295
ABprppaaa,121,371,393,12.0,39,106117
ABprppaaa,122,371,396,12.1,41,111819
ABprppaaa,123,364,402,12.3,40,117075
ABprppaaa,124,358,403,12.2,39,117044
ABprppaaa,125,363,404,12.1,36,126596
ABprppaaa,126,360,406,11.3,38,122399
ABprppaaa,127,364,396,10.5,36,128153
ABprppaaa,128,360,395,10.4,35,120551
ABprppaaa,129,353,386,10.6,37,118253
ABprppaaa,130,351,382,11.1,37,89788
ABprppaaa,131,356,381,11.0,33,110282
ABprppaaaa,132,341,370,10.8,33,90197
ABprppaaaa,133,340,373,10.0,33,96076
ABprppaaaa,134,337,372,10.0,33,101069
ABprppaaaa,135,335,374,10.2,33,101983
ABprppaaaa,136,333,381,10.3,35,95383
ABprppaaaa,137,334,379,10.3,35,92903
ABprppaaaa,138,334,381,10.1,37,85379
ABprppaaaa,139,338,385,10.0,35,91134
ABprppaaaa,140,329,379,9.3,37,90879
ABprppaaaa,141,332,380,9.3,37,88194
ABprppaaaa,142,337,381,9.5,37,97418
ABprppaaaa,143,336,388,9.3,37,91573
ABprppaaaa,144,339,388,9.5,37,92086
ABprppaaaa,145,343,387,10.0,37,88599
ABprppaaap,132,378,396,10.0,33,91394
ABprppaaap,133,376,397,9.2,29,121205
ABprppaaap,134,372,396,9.2,29,122029
ABprppaaap,135,371,391,8.5,29,118755
ABprppaaap,136,371,394,8.9,33,105083
ABprppaaap,137,367,398,9.8,33,91881
ABprppaaap,138,364,401,9.9,33,85715
ABprppaaap,139,369,401,9.1,29,126210
ABprppaaap,140,360,399,9.8,33,85670
ABprppaaap,141,368,395,8.5,29,129072
ABprppaaap,142,373,400,9.1,33,123113
ABprppaaap,143,369,406,9.7,33,98380
ABprppaaap,144,363,412,10.8,33,105791
ABprppaaap,145,370,412,11.5,31,104541
ABprppaap,96,444,387,11.1,29,92244
ABprppaap,97,447,390,11.1,34,87810
ABprppaap,98,445,391,11.9,37,73117
ABprppaap,99,444,387,10.3,39,88449
ABprppaap,100,440,385,10.7,37,82479
ABprppaap,101,447,389,10.3,39,89057
ABprppaap,102,445,388,10.9,37,89176
ABprppaap,103,441,388,10.1,37,93174
ABprppaap,104,444,387,10.2,37,101142
ABprppaap,105,449,392,10.2,39,94361
ABprppaap,106,443,394,10.1,37,101068
ABprppaap,107,436,391,10.9,37,93747
ABprppaap,108,434,386,10.9,38,98550
ABprppaap,109,430,383,10.8,38,94214
ABprppaap,110,428,393,11.0,38,98547
ABprppaap,111,424,400,11.1,38,104415
ABprppaap,112,422,400,11.1,38,108594
ABprppaap,113,418,404,10.9,38,105089
ABprppaap,114,411,409,10.8,38,104870
ABprppaap,115,408,414,10.9,38,105290
ABprppaap,116,412,410,10.1,29,110025
ABprppaap,117,408,408,10.3,29,106474
ABprppaap,118,408,405,10.1,38,111005
ABprppaap,119,411,407,10.2,40,121240
ABprppaap,120,410,407,9.2,29,109103
ABprppaap,121,409,405,9.1,41,113487
ABprppaap,122,411,408,9.2,29,113151
ABprppaap,123,411,404,9.3,40,123380
ABprppaap,124,413,400,8.3,39,124945
ABprppaap,125,422,396,8.1,38,120136
ABprppaap,126,425,390,7.6,38,123170
ABprppaap,127,431,385,7.6,38,121574
ABprppaap,128,433,385,8.0,37,118246
ABprppaap,129,427,379,7.3,37,136652
ABprppaap,130,427,372,8.0,33,104656
ABprppaapa,131,412,367,7.9,33,92085
ABprppaapa,132,415,368,7.9,33,88174
ABprppaapa,133,412,368,7.9,33,99656
ABprppaapa,134,410,370,7.0,33,96556
ABprppaapa,135,411,366,6.9,33,89746
ABprppaapa,136,411,368,6.9,33,96169
ABprppaapa,137,416,364,6.4,35,96922
ABprppaapa,138,413,365,6.8,33,81560
ABprppaapa,139,418,361,6.9,33,90262
ABprppaapa,140,411,356,6.8,33,88127
ABprppaapa,141,422,358,7.0,33,81098
ABprppaapa,142,421,361,6.4,35,108179
ABprppaapa,143,418,360,6.4,35,104109
ABprppaapa,144,419,363,6.3,37,94290
ABprppaapa,145,417,364,6.2,29,120707
ABprppaapp,131,451,376,7.3,29,101182
ABprppaapp,132,463,370,7.0,33,93024
ABprppaapp,133,465,363,6.8,33,85265
ABprppaapp,134,461,360,6.1,33,87092
ABprppaapp,135,461,355,6.0,33,85051
ABprppaapp,136,455,356,6.1,33,92825
ABprppaapp,137,459,354,6.1,33,100322
ABprppaapp,138,455,348,6.0,33,84614
ABprppaapp,139,459,353,7.0,33,83246
ABprppaapp,140,452,350,6.3,29,98707
ABprppaapp,141,458,350,7.2,35,87690
ABprppaapp,142,458,353,6.2,35,96477
ABprppaapp,143,452,348,6.9,33,87800
ABprppaapp,144,452,351,7.0,33,83979
ABprppaapp,145,451,352,6.9,33,77994
ABprppap,67,586,341,14.9,50,9353
ABprppap,68,580,324,15.2,49,12503
ABprppap,69,588,315,14.9,48,14518
ABprppap,70,595,307,15.0,47,16354
ABprppap,71,595,310,14.9,47,19613
ABprppap,72,596,310,14.0,47,24740
ABprppap,73,592,313,13.0,47,24454
ABprppap,74,582,324,12.8,47,25963
ABprppap,75,575,327,12.8,46,33124
ABprppap,76,569,327,12.1,45,33586
ABprppap,77,565,336,12.9,45,32609
ABprppap,78,555,334,12.9,45,38122
ABprppap,79,548,338,13.0,45,39758
ABprppap,80,544,343,12.4,49,41358
ABprppap,81,535,359,13.1,47,49892
ABprppap,82,527,363,13.0,47,47443
ABprppap,83,526,366,12.9,45,49907
ABprppap,84,520,373,12.9,45,57294
ABprppap,85,517,368,12.3,47,60348
ABprppap,86,516,364,13.0,49,57248
ABprppap,87,508,360,14.1,47,65115
ABprppap,88,503,363,14.1,46,72047
ABprppap,89,497,358,14.0,46,65146
ABprppap,90,503,350,14.1,45,72499
ABprppap,91,512,354,14.0,36,82476
ABprppapa,92,482,357,13.1,35,70259
ABprppapa,93,474,360,13.0,36,64118
ABprppapa,94,474,365,13.1,40,64148
ABprppapa,95,470,365,12.1,40,68721
ABprppapa,96,474,373,12.2,39,70733
ABprppapa,97,477,377,12.9,38,65136
ABprppapa,98,473,375,13.0,37,76671
ABprppapa,99,470,376,12.5,39,83543
ABprppapa,100,470,369,13.1,39,78732
ABprppapa,101,473,366,12.9,37,81467
ABprppapa,102,468,360,12.3,39,80282
ABprppapa,103,462,359,12.2,37,83452
ABprppapa,104,463,355,12.1,37,91251
ABprppapa,105,463,356,12.0,37,88027
ABprppapa,106,464,359,11.3,39,93233
ABprppapa,107,465,362,12.1,39,88441
ABprppapa,108,461,356,12.0,40,86296
ABprppapa,109,462,357,11.2,40,87918
ABprppapa,110,457,360,11.1,40,94058
ABprppapa,111,456,370,10.9,38,96592
ABprppapa,112,450,368,11.2,38,88543
ABprppapa,113,447,377,11.0,38,100523
ABprppapa,114,439,383,11.0,38,100339
ABprppapa,115,427,387,11.9,38,96176
ABprppapa,116,428,390,11.3,40,104052
ABprppapa,117,427,395,12.1,42,104962
ABprppapa,118,426,391,12.2,40,114840
ABprppapa,119,426,396,12.0,38,118007
ABprppapa,120,424,399,12.1,41,115097
ABprppapa,121,422,398,12.2,39,120014
ABprppapa,122,417,401,13.1,41,113000
ABprppapa,123,417,398,13.1,36,118221
ABprppapa,124,413,399,13.0,35,97444
ABprppapaa,125,403,401,12.1,32,105560
ABprppapaa,126,403,410,12.1,34,91091
ABprppapaa,127,406,414,11.1,34,99726
ABprppapaa,128,401,411,10.9,33,100047
ABprppapaa,129,395,408,10.1,33,108248
ABprppapaa,130,396,404,10.3,37,96556
ABprppapaa,131,393,401,10.0,33,97195
ABprppapaa,132,405,397,10.0,29,101485
ABprppapaa,133,406,396,9.4,37,98805
ABprppapaa,134,403,395,9.1,35,102181
ABprppapaa,135,400,387,8.5,29,109475
ABprppapaa,136,400,385,9.1,37,97802
ABprppapaa,137,400,383,9.2,37,93594
ABprppapaa,138,397,385,8.6,37,95422
ABprppapaa,139,397,383,8.5,35,100935
ABprppapaa,140,395,380,8.5,35,101892
ABprppapaa,141,395,378,8.9,33,91695
ABprppapaa,142,400,381,9.1,37,93406
ABprppapaa,143,400,381,9.0,35,91296
ABprppapaa,144,393,383,8.3,37,98058
ABprppapaa,145,391,387,8.4,35,109394
ABprppapap,125,442,394,11.9,34,87081
ABprppapap,126,448,398,11.0,34,85669
ABprppapap,127,450,399,10.9,34,90756
ABprppapap,128,453,406,10.4,35,95068
ABprppapap,129,448,403,10.7,33,95954
ABprppapap,130,448,409,10.8,33,98133
ABprppapap,131,448,408,10.1,33,111292
ABprppapap,132,455,400,10.1,33,113077
ABprppapap,133,459,389,9.8,33,101760
ABprppapap,134,451,388,8.9,33,105060
ABprppapap,135,447,381,8.8,33,95702
ABprppapap,136,445,382,9.0,37,87644
ABprppapap,137,449,376,9.1,33,109546
ABprppapap,138,445,375,8.9,33,98919
ABprppapap,139,445,380,9.8,33,97917
ABprppapap,140,439,371,9.0,33,103180
ABprppapap,141,441,373,8.8,33,104672
ABprppapap,142,441,376,8.4,35,110738
ABprppapap,143,438,375,8.4,35,109321
ABprppapap,144,433,384,8.3,37,100640
ABprppapap,145,429,383,8.3,37,101225
ABprppapp,92,530,351,13.0,37,54843
ABprppapp,93,526,355,12.9,40,50486
ABprppapp,94,523,352,12.0,40,64530
ABprppapp,95,523,355,11.1,40,71334
ABprppapp,96,520,355,11.9,39,73029
ABprppapp,97,519,349,12.9,38,70169
ABprppapp,98,514,347,13.2,37,84452
ABprppapp,99,517,349,14.2,39,81529
ABprppapp,100,516,354,15.0,37,74338
ABprppapp,101,518,354,15.1,37,80819
ABprppapp,102,512,355,14.9,37,83223
ABprppapp,103,506,360,14.2,37,80563
ABprppapp,104,511,358,14.1,39,80068
ABprppapp,105,510,357,14.0,39,77928
ABprppapp,106,509,367,13.3,39,87502
ABprppapp,107,508,368,14.1,41,90533
ABprppapp,108,500,374,14.1,40,93254
ABprppapp,109,498,370,14.0,38,102938
ABprppapp,110,492,374,14.0,40,100960
ABprppapp,111,486,374,14.0,38,95439
ABprppapp,112,492,370,13.4,42,96448
ABprppapp,113,493,363,13.1,40,98663
ABprppapp,114,490,361,13.1,40,100352
ABprppapp,115,483,364,13.0,40,98728
ABprppapp,116,482,367,13.1,40,102383
ABprppapp,117,482,372,13.1,42,107306
ABprppapp,118,477,368,13.8,38,101970
ABprppapp,119,472,371,13.3,40,98484
ABprppapp,120,468,374,13.1,39,101275
ABprppapp,121,465,378,13.3,39,99136
ABprppapp,122,467,378,14.1,41,103901
ABprppapp,123,461,376,13.4,38,105989
ABprppapp,124,463,374,13.1,39,111007
ABprppapp,125,478,377,12.2,38,121843
ABprppapp,126,481,374,11.9,34,93966
ABprppappa,127,471,380,11.1,29,99944
ABprppappa,128,473,388,10.1,29,104597
ABprppappa,129,471,386,10.0,33,82899
ABprppappa,130,478,392,9.5,35,91873
ABprppappa,131,480,390,9.2,33,96651
ABprppappa,132,486,388,9.5,35,105433
ABprppappa,133,491,376,9.2,35,103734
ABprppappa,134,486,380,9.2,35,100671
ABprppappa,135,479,377,8.2,33,102288
ABprppappa,136,477,375,8.9,33,97588
ABprppappa,137,480,370,8.3,35,98787
ABprppappa,138,477,366,8.1,33,99661
ABprppappa,139,479,372,8.9,33,96510
ABprppappa,140,473,367,8.3,35,98190
ABprppappa,141,478,370,9.2,35,98190
ABprppappa,142,482,369,8.6,37,99542
ABprppappa,143,477,371,8.3,35,102021
ABprppappa,144,471,374,8.3,37,95291
ABprppappa,145,471,376,8.8,33,100312
ABprppappp,127,504,367,11.8,34,83092
ABprppappp,128,514,362,11.0,33,103857
ABprppappp,129,516,360,10.2,33,106757
ABprppappp,130,514,354,9.9,33,101177
ABprppappp,131,515,355,9.1,35,106861
ABprppappp,132,524,354,9.1,33,108065
ABprppappp,133,522,342,8.9,33,98088
ABprppappp,134,517,351,7.9,33,100233
ABprppappp,135,515,351,8.0,33,103228
ABprppappp,136,509,357,8.1,33,106741
ABprppappp,137,516,355,8.2,33,105587
ABprppappp,138,517,355,8.1,33,96835
ABprppappp,139,516,361,8.1,33,104892
ABprppappp,140,510,360,8.0,33,98403
ABprppappp,141,511,359,8.1,33,106399
ABprppappp,142,510,363,8.1,33,104438
ABprppappp,143,508,369,8.0,33,101986
ABprppappp,144,498,365,8.1,33,107868
ABprppappp,145,498,367,7.2,33,105169
ABprppp,46,583,310,13.4,58,-66
ABprppp,47,599,296,11.0,54,-63
ABprppp,48,596,288,10.1,52,-351
ABprppp,49,599,274,8.3,51,486
ABprppp,50,600,280,7.9,51,28
ABprppp,51,604,289,9.8,50,144
ABprppp,52,610,287,9.0,47,92
ABprppp,53,612,278,9.2,51,1091
ABprppp,54,619,277,9.4,50,1923
ABprppp,55,619,281,10.3,50,1470
ABprppp,56,611,293,10.2,51,2464
ABprppp,57,606,289,9.4,51,4730
ABprppp,58,606,289,9.4,53,3940
ABprppp,59,605,296,10.3,53,5012
ABprppp,60,602,296,10.1,51,7532
ABprppp,61,608,281,10.8,52,8143
ABprppp,62,609,279,10.9,51,10686
ABprppp,63,609,276,11.3,52,11873
ABprppp,64,607,274,11.3,53,14345
ABprppp,65,601,279,12.0,52,12549
ABprpppa,66,590,302,11.0,51,7940
ABprpppa,67,606,312,11.3,50,9789
ABprpppa,68,609,308,10.9,49,14809
ABprpppa,69,627,310,12.2,48,17709
ABprpppa,70,626,292,11.9,47,19965
ABprpppa,71,622,302,10.9,47,23165
ABprpppa,72,621,294,10.8,47,22754
ABprpppa,73,620,294,9.9,47,25738
ABprpppa,74,610,293,10.8,47,28246
ABprpppa,75,612,299,11.0,46,34836
ABprpppa,76,609,297,11.1,45,34857
ABprpppa,77,604,304,10.2,45,42183
ABprpppa,78,594,302,9.1,45,44272
ABprpppa,79,582,302,8.9,45,44108
ABprpppa,80,577,309,8.1,45,48618
ABprpppa,81,569,321,9.0,45,48177
ABprpppa,82,569,333,9.2,47,56520
ABprpppa,83,559,342,8.9,45,59006
ABprpppa,84,553,347,8.9,45,63810
ABprpppa,85,550,350,9.0,45,64362
ABprpppa,86,557,347,9.9,45,68928
ABprpppa,87,558,347,10.0,45,73810
ABprpppa,88,554,354,11.0,46,73399
ABprpppa,89,555,343,11.0,46,64576
ABprpppaa,90,550,363,11.0,37,65286
ABprpppaa,91,566,351,10.2,40,71710
ABprpppaa,92,577,354,10.9,41,68954
ABprpppaa,93,571,361,10.9,40,69923
ABprpppaa,94,562,370,11.1,40,78641
ABprpppaa,95,554,369,10.1,40,82225
ABprpppaa,96,554,371,11.1,39,87796
ABprpppaa,97,541,377,11.0,38,82780
ABprpppaa,98,527,388,12.9,37,87493
ABprpppaa,99,527,389,14.0,37,87770
ABprpppaa,100,525,391,13.8,37,90584
ABprpppaa,101,528,388,13.2,37,98361
ABprpppaa,102,529,383,12.3,39,97679
ABprpppaa,103,516,387,11.4,39,95775
ABprpppaa,104,514,390,12.2,39,98825
ABprpppaa,105,517,386,11.3,39,106668
ABprpppaa,106,512,385,11.1,39,116898
ABprpppaa,107,508,388,11.2,41,114726
ABprpppaa,108,502,387,11.1,40,108188
ABprpppaa,109,502,384,10.4,40,108617
ABprpppaa,110,508,385,11.0,40,110644
ABprpppaa,111,515,380,10.5,40,108573
ABprpppaa,112,518,378,11.0,40,114569
ABprpppaa,113,521,379,11.1,42,111625
ABprpppaa,114,512,384,11.0,42,119645
ABprpppaa,115,508,386,10.5,40,122261
ABprpppaa,116,509,383,10.4,40,125178
ABprpppaa,117,513,379,10.2,38,119491
ABprpppaa,118,508,374,10.9,38,110049
ABprpppaa,119,506,384,11.0,38,116031
ABprpppaa,120,505,380,11.1,39,120982
ABprpppaa,121,503,381,11.1,39,123637
ABprpppaa,122,497,387,11.3,39,129270
ABprpppaa,123,497,386,11.0,36,100896
ABprpppaaa,124,490,394,10.1,35,91935
ABprpppaaa,125,489,388,9.8,34,89125
ABprpppaaa,126,497,383,8.2,36,92511
ABprpppaaa,127,503,381,8.8,34,91024
ABprpppaaa,128,512,373,8.0,35,108070
ABprpppaaa,129,502,371,7.2,35,110259
ABprpppaaa,130,500,367,7.3,37,106792
ABprpppaaa,131,506,361,7.1,29,107768
ABprpppaaa,132,507,358,6.4,35,109790
ABprpppaaa,133,507,344,6.2,37,100968
ABprpppaaa,134,506,346,6.1,29,99819
ABprpppaaa,135,502,340,6.0,37,93038
ABprpppaaa,136,500,344,5.5,35,105307
ABprpppaaa,137,502,342,6.1,37,99463
ABprpppaaa,138,498,341,5.4,35,97296
ABprpppaaa,139,501,344,6.2,37,94149
ABprpppaaa,140,494,338,6.1,35,100074
ABprpppaaa,141,499,343,5.4,35,104556
ABprpppaaa,142,494,342,5.4,37,97925
ABprpppaaa,143,492,346,6.1,35,94810
ABprpppaaa,144,491,346,6.1,37,96339
ABprpppaaa,145,494,342,6.1,29,116100
ABprpppaap,124,515,373,11.0,35,80170
ABprpppaap,125,532,365,10.1,34,95744
ABprpppaap,126,539,358,9.1,34,99499
ABprpppaap,127,548,358,9.2,34,104605
ABprpppaap,128,556,352,8.4,35,104872
ABprpppaap,129,552,350,7.6,35,106166
ABprpppaap,130,551,350,7.0,37,87027
ABprpppaap,131,555,347,6.6,37,96682
ABprpppaap,132,555,339,6.3,37,90881
ABprpppaap,133,551,323,6.2,35,100629
ABprpppaap,134,546,318,7.0,33,98786
ABprpppaap,135,543,320,6.4,35,99987
ABprpppaap,136,539,326,7.0,35,91678
ABprpppaap,137,545,329,6.9,33,105250
ABprpppaap,138,545,332,6.4,37,94668
ABprpppaap,139,544,340,7.1,35,111300
ABprpppaap,140,543,337,7.0,33,112768
ABprpppaap,141,549,337,7.1,33,107860
ABprpppaap,142,546,333,6.9,33,97769
ABprpppaap,143,541,335,6.9,33,102850
ABprpppaap,144,538,336,7.1,35,108893
ABprpppaap,145,538,335,6.9,33,109107
ABprpppap,90,582,323,11.1,37,74202
ABprpppap,91,596,315,10.3,38,66630
ABprpppap,92,610,313,11.1,41,71421
ABprpppap,93,609,317,11.1,40,72643
ABprpppap,94,609,328,11.0,40,77265
ABprpppap,95,602,332,10.8,40,76494
ABprpppap,96,586,335,11.0,39,80471
ABprpppap,97,583,342,11.2,38,86883
ABprpppap,98,571,351,12.1,39,95127
ABprpppap,99,572,355,12.1,39,97561
ABprpppap,100,565,355,11.6,39,104761
ABprpppap,101,566,352,12.8,37,98570
ABprpppap,102,564,352,12.0,37,100535
ABprpppap,103,554,361,12.8,37,96175
ABprpppap,104,553,359,12.1,39,101231
ABprpppap,105,557,362,12.0,37,101329
ABprpppap,106,562,364,12.1,39,106387
ABprpppap,107,556,362,12.3,41,102811
ABprpppap,108,549,360,12.1,38,108874
ABprpppap,109,555,358,12.0,38,114943
ABprpppap,110,554,352,11.0,38,115826
ABprpppap,111,552,347,11.0,38,111469
ABprpppap,112,559,351,11.0,38,113598
ABprpppap,113,561,350,10.0,38,112693
ABprpppap,114,559,354,9.9,38,113989
ABprpppap,115,551,354,9.3,40,117399
ABprpppap,116,553,357,9.0,38,122823
ABprpppap,117,558,357,9.1,38,123018
ABprpppap,118,558,357,8.5,40,120033
ABprpppap,119,549,358,8.4,40,128205
ABprpppap,120,542,354,8.2,41,121019
ABprpppap,121,545,353,8.4,39,131861
ABprpppap,122,538,359,9.0,37,104826
ABprpppap,123,550,349,9.0,36,119237
ABprpppapa,124,550,357,8.3,33,99517
ABprpppapa,125,569,347,8.0,34,102596
ABprpppapa,126,575,334,7.5,36,98784
ABprpppapa,127,579,331,8.0,34,99160
ABprpppapa,128,582,327,7.1,37,88945
ABprpppapa,129,580,324,7.0,35,96996
ABprpppapa,130,581,322,7.3,35,102339
ABprpppapa,131,575,321,7.1,35,105059
ABprpppapa,132,577,312,6.4,35,102677
ABprpppapa,133,572,297,6.2,37,99555
ABprpppapa,134,565,293,6.3,37,92455
ABprpppapa,135,556,288,6.4,37,91054
ABprpppapa,136,553,292,6.2,35,98079
ABprpppapa,137,558,290,6.3,37,96574
ABprpppapa,138,558,294,5.3,37,91185
ABprpppapa,139,559,304,5.4,35,95363
ABprpppapa,140,556,301,6.0,37,88234
ABprpppapa,141,555,301,6.0,29,101042
ABprpppapa,142,553,297,6.0,29,96823
ABprpppapa,143,548,300,5.3,29,95664
ABprpppapa,144,541,302,5.3,29,93684
ABprpppapa,145,535,295,5.3,29,99911
ABprpppapp,124,578,328,8.8,35,87216
ABprpppapp,125,590,312,8.1,34,99324
ABprpppapp,126,595,301,8.2,34,106526
ABprpppapp,127,604,302,9.1,34,105367
ABprpppapp,128,603,299,9.2,33,115950
ABprpppapp,129,607,299,9.1,33,115224
ABprpppapp,130,608,291,8.9,33,111348
ABprpppapp,131,602,295,8.2,33,118743
ABprpppapp,132,595,282,8.1,33,117289
ABprpppapp,133,595,275,7.2,33,108642
ABprpppapp,134,589,270,6.4,29,112083
ABprpppapp,135,587,273,6.1,35,109708
ABprpppapp,136,580,276,6.3,35,106054
ABprpppapp,137,575,272,7.0,29,107204
ABprpppapp,138,578,270,6.0,33,115852
ABprpppapp,139,577,280,6.2,33,110798
ABprpppapp,140,575,280,6.2,33,115254
ABprpppapp,141,578,284,6.2,33,115883
ABprpppapp,142,569,280,5.9,33,113456
ABprpppapp,143,570,282,5.9,33,107282
ABprpppapp,144,567,292,5.9,33,116190
ABprpppapp,145,563,292,6.0,33,112849
ABprpppp,66,621,251,11.2,51,9063
ABprpppp,67,624,243,10.8,50,10149
ABprpppp,68,609,234,9.1,47,15064
ABprpppp,69,617,232,8.3,48,16875
ABprpppp,70,604,234,7.8,47,17898
ABprpppp,71,597,237,8.0,47,20365
ABprpppp,72,591,233,7.2,47,22651
ABprpppp,73,593,236,7.8,47,22248
ABprpppp,74,595,240,7.9,47,29612
ABprpppp,75,607,245,8.0,46,31184
ABprpppp,76,602,248,8.1,45,34782
ABprpppp,77,606,246,8.1,45,40103
ABprpppp,78,614,245,8.2,47,38622
ABprpppp,79,615,250,9.1,47,43191
ABprpppp,80,612,263,8.2,47,48495
ABprpppp,81,610,275,8.5,47,50827
ABprpppp,82,606,284,8.5,47,54077
ABprpppp,83,600,291,8.4,47,55704
ABprpppp,84,595,293,8.0,49,54560
ABprpppp,85,588,300,8.1,47,66759
ABprpppp,86,600,303,8.5,47,71552
ABprpppp,87,605,304,9.1,45,80426
ABprpppp,88,598,291,9.0,46,63138
ABprppppa,89,577,310,7.0,34,75744
ABprppppa,90,566,310,6.1,39,62270
ABprppppa,91,569,312,6.2,38,68632
ABprppppa,92,564,320,6.9,41,61233
ABprppppa,93,564,322,7.1,40,68680
ABprppppa,94,558,330,7.2,40,72512
ABprppppa,95,543,323,7.1,40,71385
ABprppppa,96,536,331,7.8,39,72234
ABprppppa,97,534,339,7.2,38,80759
ABprppppa,98,523,350,8.1,41,82603
ABprppppa,99,515,359,8.7,37,87876
ABprppppa,100,511,357,9.0,39,82330
ABprppppa,101,519,354,9.2,39,85118
ABprppppa,102,517,350,9.0,39,89901
ABprppppa,103,508,348,9.2,39,91300
ABprppppa,104,507,349,9.2,39,90247
ABprppppa,105,502,349,9.0,41,90108
ABprppppa,106,506,344,9.1,39,92132
ABprppppa,107,499,355,8.2,41,95460
ABprppppa,108,496,347,9.1,38,97977
ABprppppa,109,502,346,8.4,40,100237
ABprppppa,110,504,351,8.1,38,107965
ABprppppa,111,500,353,7.5,40,108027
ABprppppa,112,506,349,8.1,40,111447
ABprppppa,113,498,360,8.2,40,113815
ABprppppa,114,487,361,8.2,42,114088
ABprppppa,115,479,362,8.3,40,115685
ABprppppa,116,471,363,8.9,38,111715
ABprppppa,117,467,375,8.9,38,113044
ABprppppa,118,470,368,8.9,38,112560
ABprppppa,119,473,364,8.9,38,120875
ABprppppa,120,462,362,8.3,39,120743
ABprppppa,121,464,359,8.9,37,93817
ABprppppa,122,460,365,8.9,37,99064
ABprppppaa,123,452,380,8.5,34,80031
ABprppppaa,124,454,370,8.9,35,81918
ABprppppaa,125,465,362,7.7,34,86167
ABprppppaa,126,467,358,6.7,34,91631
ABprppppaa,127,476,354,6.2,34,99413
ABprppppaa,128,478,352,6.1,33,107552
ABprppppaa,129,467,349,6.0,33,106540
ABprppppaa,130,469,349,5.9,33,102237
ABprppppaa,131,474,342,6.0,33,94137
ABprppppaa,132,477,337,5.9,33,95868
ABprppppaa,133,475,329,5.9,33,98700
ABprppppaa,134,476,321,6.0,33,91290
ABprppppaa,135,474,317,6.0,33,100129
ABprppppaa,136,473,320,6.0,35,87780
ABprppppaa,137,477,318,5.9,33,99726
ABprppppaa,138,472,314,6.8,33,90600
ABprppppaa,139,479,314,6.1,35,100499
ABprppppaa,140,471,308,6.2,33,107331
ABprppppaa,141,475,311,6.0,33,106371
ABprppppaa,142,471,310,7.0,33,101841
ABprppppaa,143,468,310,6.1,33,107994
ABprppppaa,144,466,307,6.0,37,91359
ABprppppaa,145,462,308,6.1,33,109025
ABprppppap,123,492,359,7.4,32,85121
ABprppppap,124,497,349,7.8,35,86939
ABprppppap,125,511,347,6.2,34,103095
ABprppppap,126,513,336,6.8,34,86212
ABprppppap,127,525,343,7.0,34,96133
ABprppppap,128,528,335,6.8,33,97209
ABprppppap,129,524,335,6.1,37,97443
ABprppppap,130,525,332,5.5,37,93878
ABprppppap,131,523,329,5.6,37,97074
ABprppppap,132,523,321,6.1,37,88850
ABprppppap,133,518,304,5.4,37,96160
ABprppppap,134,519,300,6.0,37,85560
ABprppppap,135,518,298,6.1,37,88888
ABprppppap,136,514,299,6.3,37,92144
ABprppppap,137,519,298,6.1,35,98001
ABprppppap,138,517,306,6.1,35,91942
ABprppppap,139,520,309,6.2,35,102360
ABprppppap,140,514,308,6.0,35,98178
ABprppppap,141,518,307,6.0,37,84361
ABprppppap,142,514,308,6.0,35,85338
ABprppppap,143,506,310,6.0,37,86950
ABprppppap,144,501,310,6.1,37,91989
ABprppppap,145,495,308,6.1,35,93034
ABprppppp,89,610,273,8.0,36,68724
ABprppppp,90,611,268,6.3,39,58528
ABprppppp,91,614,268,6.2,40,61642
ABprppppp,92,617,269,6.2,41,64893
ABprppppp,93,614,271,6.1,40,65694
ABprppppp,94,601,278,5.9,40,60998
ABprppppp,95,595,290,5.9,40,70454
ABprppppp,96,589,309,6.9,39,67997
ABprppppp,97,578,322,7.0,38,78314
ABprppppp,98,564,333,7.0,39,69467
ABprppppp,99,554,335,6.4,39,89826
ABprppppp,100,544,336,6.3,41,85406
ABprppppp,101,549,333,6.3,39,84830
ABprppppp,102,536,330,6.1,39,90273
ABprppppp,103,541,335,7.0,39,83459
ABprppppp,104,541,341,7.1,39,87248
ABprppppp,105,546,341,7.2,39,97994
ABprppppp,106,549,343,7.3,41,96918
ABprppppp,107,544,345,7.2,41,100665
ABprppppp,108,543,347,7.2,40,99386
ABprppppp,109,554,339,7.1,40,104245
ABprppppp,110,560,329,7.1,40,100280
ABprppppp,111,556,329,6.9,38,101587
ABprppppp,112,556,327,6.3,40,107644
ABprppppp,113,545,324,6.1,40,100851
ABprppppp,114,539,325,5.4,42,101105
ABprppppp,115,529,329,5.9,38,101068
ABprppppp,116,520,325,5.8,38,99394
ABprppppp,117,512,329,5.8,38,106293
ABprppppp,118,515,330,6.0,38,112428
ABprppppp,119,511,331,6.0,40,114411
ABprppppp,120,510,324,6.4,39,125090
ABprppppp,121,511,316,6.2,35,110376
ABprppppp,122,507,313,6.2,35,119503
ABprpppppa,123,504,326,6.2,32,101935
ABprpppppa,124,525,318,6.1,33,95413
ABprpppppa,125,536,298,5.7,34,83619
ABprpppppa,126,541,289,5.0,34,92931
ABprpppppa,127,552,279,5.0,36,92151
ABprpppppa,128,551,267,4.6,35,100052
ABprpppppa,129,547,258,5.1,35,94332
ABprpppppa,130,543,254,5.1,37,97738
ABprpppppa,131,540,262,5.2,33,98395
ABprpppppa,132,538,252,5.1,33,112497
ABprpppppa,133,532,241,6.0,33,98929
ABprpppppa,134,527,239,5.4,35,105945
ABprpppppa,135,526,239,6.1,35,105263
ABprpppppa,136,508,241,7.1,35,101609
ABprpppppa,137,509,238,7.5,37,93789
ABprpppppa,138,514,236,7.5,37,88405
ABprpppppa,139,523,247,7.0,35,97106
ABprpppppa,140,526,248,6.2,35,109564
ABprpppppa,141,531,248,7.1,35,106030
ABprpppppa,142,526,249,7.1,37,98498
ABprpppppa,143,517,252,7.2,37,104128
ABprpppppa,144,515,254,7.0,35,97656
ABprpppppa,145,509,259,6.4,35,105182
ABprpppppp,123,547,304,6.0,30,106919
ABprpppppp,124,565,295,5.8,35,78814
ABprpppppp,125,573,275,5.9,34,87592
ABprpppppp,126,580,269,6.8,34,85973
ABprpppppp,127,595,273,7.2,34,111056
ABprpppppp,128,593,269,8.0,33,105109
ABprpppppp,129,590,275,8.2,35,101224
ABprpppppp,130,590,271,8.1,33,111918
ABprpppppp,131,584,265,8.1,33,114637
ABprpppppp,132,578,257,7.5,35,107523
ABprpppppp,133,580,249,7.3,35,109556
ABprpppppp,134,580,245,7.3,37,94860
ABprpppppp,135,582,243,7.1,35,102264
ABprpppppp,136,570,245,7.1,37,89656
ABprpppppp,137,571,247,7.2,35,102366
ABprpppppp,138,575,245,7.1,35,101851
ABprpppppp,139,577,244,6.2,35,105706
ABprpppppp,140,575,242,6.3,35,105625
ABprpppppp,141,577,246,6.4,37,101334
ABprpppppp,142,575,241,6.2,37,102371
ABprpppppp,143,569,244,6.3,37,108246
ABprpppppp,144,560,251,6.2,37,107313
ABprpppppp,145,559,251,6.2,35,114794
EMS,2,446,196,15.1,59,-149
EMS,3,439,187,16.3,68,6
EMS,4,429,163,18.0,74,322
EMS,5,417,152,16.6,78,-85
EMS,6,424,128,16.2,84,-174
EMS,7,404,124,16.4,87,-340
EMS,8,414,126,15.1,90,-317
EMS,9,414,126,15.1,90,-261
EMS,10,416,140,14.0,38,789
EMS,11,388,139,13.0,34,99
MS,12,368,128,13.1,59,-78
MS,13,335,113,11.8,67,-290
MS,14,323,137,9.8,69,-220
MS,15,317,168,8.2,74,250
MS,16,314,196,8.0,73,235
MS,17,303,199,9.1,53,-397
MS,18,296,195,7.2,63,-51
MS,19,328,175,10.0,61,-349
MS,20,337,190,10.2,58,-675
MS,21,329,191,11.0,34,-938
MS,22,316,172,11.1,35,-443
MSa,23,308,164,11.0,49,-446
MSa,24,281,171,12.7,58,-190
MSa,25,263,157,12.3,62,-187
MSa,26,276,148,12.6,60,-592
MSa,27,284,154,10.5,66,-318
MSa,28,283,161,9.3,68,184
MSa,29,266,167,10.2,64,-148
MSa,30,254,194,9.2,57,-511
MSa,31,254,198,10.0,53,-218
MSa,32,263,191,10.0,56,-333
MSa,33,274,182,10.1,59,-379
MSa,34,269,180,9.3,57,405
MSa,35,258,176,12.5,57,110
MSaa,36,236,191,9.9,58,-191
MSaa,37,233,187,9.6,60,-205
MSaa,38,216,179,7.7,62,572
MSaa,39,220,192,8.6,62,-600
MSaa,40,226,199,9.0,62,118
MSaa,41,227,200,8.6,63,5
MSaa,42,228,198,8.7,62,1
MSaa,43,225,214,8.0,61,-53
MSaa,44,229,216,7.9,61,90
MSaa,45,227,223,8.6,61,268
MSaa,46,237,212,8.9,58,-156
MSaa,47,252,189,9.1,58,767
MSaa,48,260,180,9.2,58,1546
MSaa,49,260,171,9.3,57,2230
MSaa,50,260,176,9.4,57,2324
MSaa,51,264,173,9.3,52,3010
MSaa,52,259,178,9.1,35,4280
MSaaa,53,216,182,10.0,49,1857
MSaaa,54,213,190,10.0,46,1916
MSaaa,55,203,188,9.2,48,3927
MSaaa,56,200,174,9.0,47,5484
MSaaa,57,205,173,8.9,49,6085
MSaaa,58,211,189,9.0,49,5681
MSaaa,59,213,183,8.2,51,6867
MSaaa,60,218,186,8.1,51,8386
MSaaa,61,218,191,7.8,52,7203
MSaaa,62,216,205,7.8,51,8647
MSaaa,63,222,215,8.0,52,10257
MSaaa,64,225,213,8.0,51,12565
MSaaa,65,227,219,8.0,52,13029
MSaaa,66,228,213,8.2,51,14274
MSaaa,67,239,210,8.9,50,15277
MSaaa,68,229,209,8.3,51,21164
MSaaa,69,228,207,8.0,50,19420
MSaaa,70,237,197,8.0,51,21692
MSaaa,71,241,196,8.1,51,23948
MSaaa,72,238,201,8.1,49,30027
MSaaa,73,234,200,8.1,47,32554
MSaaa,74,232,199,8.1,33,49629
MSaaaa,75,182,203,8.8,46,17911
MSaaaa,76,181,221,7.3,39,24911
MSaaaa,77,174,224,7.8,45,20365
MSaaaa,78,175,229,7.1,45,27923
MSaaaa,79,170,240,6.9,45,26400
MSaaaa,80,166,242,7.2,45,29615
MSaaaa,81,161,238,7.1,45,28485
MSaaaa,82,157,244,7.9,45,32474
MSaaaa,83,166,253,7.9,45,30204
MSaaaa,84,167,255,7.2,45,35590
MSaaaa,85,158,253,7.9,45,34525
MSaaaa,86,166,254,8.1,45,40001
MSaaaa,87,170,262,9.9,45,34653
MSaaaa,88,170,265,11.0,46,34604
MSaaaa,89,167,262,12.0,46,33621
MSaaaa,90,165,270,12.1,47,36168
MSaaaa,91,158,255,13.2,46,34388
MSaaaa,92,157,257,13.0,45,39933
MSaaaa,93,161,260,14.0,44,43203
MSaaaa,94,164,263,13.3,44,41846
MSaaaa,95,163,263,13.2,38,49682
MSaaaa,96,162,262,13.1,43,31227
MSaaaaa,97,129,267,13.1,34,45788
MSaaaaa,98,131,270,13.9,37,33049
MSaaaaa,99,130,274,14.0,39,37530
MSaaaaa,100,125,275,14.2,41,32724
MSaaaaa,101,121,275,14.2,41,34415
MSaaaaa,102,124,279,14.2,39,38081
MSaaaaa,103,121,279,14.1,39,42388
MSaaaaa,104,123,275,14.2,41,35367
MSaaaaa,105,126,277,13.4,39,38232
MSaaaaa,106,131,271,14.0,41,40914
MSaaaaa,107,132,275,13.2,41,41526
MSaaaaa,108,134,277,13.4,40,45565
MSaaaaa,109,127,272,13.4,40,40916
MSaaaaa,110,127,271,13.3,42,42908
MSaaaaa,111,126,265,13.4,40,38701
MSaaaaa,112,123,266,13.2,42,44824
MSaaaaa,113,130,265,14.1,40,44126
MSaaaaa,114,131,266,14.0,42,44632
MSaaaaa,115,130,264,14.0,40,43906
MSaaaaa,116,132,260,14.3,42,40308
MSaaaaa,117,133,264,14.3,42,37433
MSaaaaa,118,136,259,15.2,42,36234
MSaaaaa,119,131,261,15.3,40,41795
MSaaaaa,120,134,263,16.0,41,40290
MSaaaaa,121,130,262,16.1,41,44198
MSaaaaa,122,128,262,16.1,41,49865
MSaaaaa,123,131,256,16.1,36,47881
MSaaaaaa,124,108,272,15.9,35,43306
MSaaaaaa,125,107,283,14.9,34,34944
MSaaaaaa,126,106,275,14.8,34,29871
MSaaaaaa,127,107,278,14.9,34,41223
MSaaaaaa,128,106,278,14.3,37,45524
MSaaaaaa,129,102,279,14.3,37,41495
MSaaaaaa,130,100,283,14.1,37,38701
MSaaaaaa,131,97,269,14.4,37,43091
MSaaaaaa,132,104,276,14.5,35,32226
MSaaaaaa,133,101,266,14.9,33,39887
MSaaaaaa,134,102,273,14.4,37,25573
MSaaaaaa,135,103,273,15.0,35,35360
MSaaaaaa,136,100,276,14.4,35,35144
MSaaaaaa,137,106,275,14.1,33,48459
MSaaaaaa,138,104,268,14.3,35,44818
MSaaaaaa,139,104,266,14.4,35,45327
MSaaaaaa,140,101,267,14.4,35,43385
MSaaaaaa,141,109,272,15.1,35,49178
MSaaaaaa,142,113,270,15.1,33,52012
MSaaaaaa,143,112,272,15.4,37,48562
MSaaaaaa,144,113,268,15.3,37,51097
MSaaaaaa,145,115,269,15.3,37,47207
MSaaaaap,124,145,244,16.9,35,37441
MSaaaaap,125,147,243,16.9,34,33416
MSaaaaap,126,151,245,17.0,34,32760
MSaaaaap,127,150,237,17.2,38,27680
MSaaaaap,128,147,242,17.0,37,23512
MSaaaaap,129,138,242,17.1,37,24722
MSaaaaap,130,137,241,16.3,37,28294
MSaaaaap,131,131,244,17.4,37,28017
MSaaaaap,132,131,249,18.0,37,26833
MSaaaaap,133,138,247,17.3,37,31118
MSaaaaap,134,138,254,17.2,37,30792
MSaaaaap,135,139,255,16.1,37,35234
MSaaaaap,136,136,257,16.2,37,36080
MSaaaaap,137,141,253,16.2,37,39517
MSaaaaap,138,140,251,17.1,37,30032
MSaaaaap,139,140,246,17.2,37,30380
MSaaaaap,140,138,248,18.0,37,30723
MSaaaaap,141,144,252,17.3,37,32836
MSaaaaap,142,144,248,18.0,37,31231
MSaaaaap,143,146,249,18.1,37,29164
MSaaaaap,144,146,248,18.2,37,36568
MSaaaaap,145,145,252,18.0,37,45536
MSaaaap,97,190,272,13.2,34,40659
MSaaaap,98,186,278,14.0,37,34328
MSaaaap,99,187,284,13.9,37,42099
MSaaaap,100,183,279,14.1,39,40730
MSaaaap,101,182,278,14.9,37,45695
MSaaaap,102,183,272,14.2,39,33002
MSaaaap,103,182,266,14.3,39,36433
MSaaaap,104,182,261,15.0,37,36342
MSaaaap,105,184,258,15.0,37,39069
MSaaaap,106,185,258,15.1,37,46982
MSaaaap,107,189,255,15.2,39,41074
MSaaaap,108,187,253,15.9,38,42964
MSaaaap,109,189,256,15.9,38,40072
MSaaaap,110,182,257,16.1,38,46326
MSaaaap,111,181,257,16.1,38,38729
MSaaaap,112,176,256,16.2,40,43083
MSaaaap,113,181,253,16.1,38,41563
MSaaaap,114,180,248,16.2,40,43434
MSaaaap,115,183,240,17.2,38,42800
MSaaaap,116,182,243,17.1,38,46236
MSaaaap,117,180,246,17.1,40,44146
MSaaaap,118,186,242,17.9,38,46892
MSaaaap,119,185,245,17.9,38,46242
MSaaaap,120,185,245,18.1,39,43733
MSaaaap,121,178,246,18.1,39,49776
MSaaaap,122,179,251,17.3,39,50247
MSaaaap,123,178,250,17.3,40,45867
MSaaaap,124,185,240,18.2,39,44761
MSaaaap,125,187,246,18.2,38,48184
MSaaaap,126,196,244,17.4,38,47351
MSaaaap,127,196,246,18.9,34,42754
MSaaaapa,128,176,247,17.9,33,32953
MSaaaapa,129,167,252,18.1,33,38710
MSaaaapa,130,171,256,18.2,35,33607
MSaaaapa,131,166,253,18.4,35,37025
MSaaaapa,132,170,255,19.2,37,34216
MSaaaapa,133,170,248,19.2,37,33014
MSaaaapa,134,177,250,19.1,37,29768
MSaaaapa,135,173,245,18.3,37,26887
MSaaaapa,136,173,252,19.1,37,24048
MSaaaapa,137,175,246,19.1,37,31502
MSaaaapa,138,172,247,19.3,37,32072
MSaaaapa,139,171,249,19.3,37,33035
MSaaaapa,140,171,241,19.4,37,35712
MSaaaapa,141,177,245,20.0,37,30501
MSaaaapa,142,176,244,20.2,37,28399
MSaaaapa,143,175,246,20.2,37,32432
MSaaaapa,144,180,248,20.3,37,32526
MSaaaapa,145,179,247,20.3,37,27660
MSaaaapp,128,214,240,19.1,33,27676
MSaaaapp,129,217,245,19.9,33,25211
MSaaaapp,130,210,249,19.2,35,24173
MSaaaapp,131,205,259,19.2,37,29733
MSaaaapp,132,210,258,19.4,37,26210
MSaaaapp,133,213,252,19.4,37,21013
MSaaaapp,134,219,250,20.1,37,24258
MSaaaapp,135,218,247,20.1,37,20071
MSaaaapp,136,217,245,20.1,37,21049
MSaaaapp,137,216,241,20.1,37,28167
MSaaaapp,138,214,242,20.2,37,29146
MSaaaapp,139,216,241,20.2,37,28587
MSaaaapp,140,215,235,20.2,37,33269
MSaaaapp,141,217,239,21.0,37,32549
MSaaaapp,142,218,240,21.1,37,31286
MSaaaapp,143,218,241,20.2,37,25150
MSaaaapp,144,219,241,21.1,37,26884
MSaaaapp,145,221,239,21.1,37,32756
MSaaap,75,255,190,9.1,34,32325
MSaaap,76,252,204,8.2,39,27721
MSaaap,77,252,206,8.8,45,24703
MSaaap,78,261,208,9.9,45,23463
MSaaap,79,249,211,10.0,45,24953
MSaaap,80,244,210,9.8,45,23721
MSaaap,81,240,219,8.8,45,30831
MSaaap,82,243,226,9.9,45,28550
MSaaap,83,241,229,9.9,45,29682
MSaaap,84,237,233,9.9,45,32646
MSaaap,85,239,231,10.0,45,34088
MSaaap,86,236,243,10.0,45,32825
MSaaap,87,239,245,10.1,45,39003
MSaaap,88,245,247,10.8,46,34139
MSaaap,89,251,245,11.9,46,38842
MSaaap,90,245,245,12.1,45,40697
MSaaap,91,245,241,12.1,44,42736
MSaaap,92,235,234,12.3,45,39567
MSaaap,93,244,229,13.1,44,39764
MSaaap,94,246,228,13.1,42,46304
MSaaap,95,241,238,12.4,42,46464
MSaaap,96,234,235,12.3,43,47488
MSaaap,97,233,241,12.1,38,62521
MSaaap,98,245,235,12.2,33,56058
MSaaapa,99,222,239,12.2,31,48846
MSaaapa,100,222,236,12.1,37,33835
MSaaapa,101,229,244,12.1,37,35750
MSaaapa,102,227,238,12.3,41,31561
MSaaapa,103,216,235,13.0,41,30660
MSaaapa,104,214,234,13.1,41,32948
MSaaapa,105,215,242,12.3,41,32944
MSaaapa,106,219,241,13.1,41,36378
MSaaapa,107,215,238,13.1,41,37028
MSaaapa,108,216,240,13.2,42,39538
MSaaapa,109,216,239,13.2,40,36475
MSaaapa,110,209,242,14.0,40,36825
MSaaapa,111,210,235,14.1,42,39857
MSaaapa,112,211,238,14.9,38,33182
MSaaapa,113,211,239,13.2,42,32044
MSaaapa,114,214,233,13.2,40,37767
MSaaapa,115,208,224,14.1,42,40354
MSaaapa,116,216,225,15.0,40,37255
MSaaapa,117,216,226,14.2,42,38920
MSaaapa,118,211,222,14.3,40,41352
MSaaapa,119,218,219,15.1,42,39373
MSaaapa,120,215,219,15.2,41,38511
MSaaapa,121,215,219,15.2,39,41682
MSaaapa,122,215,224,15.2,41,44200
MSaaapa,123,212,226,15.9,36,45985
MSaaapa,124,220,225,14.1,35,37931
MSaaapaa,125,201,225,14.0,34,35002
MSaaapaa,126,191,223,13.2,34,35697
MSaaapaa,127,194,225,13.3,36,29977
MSaaapaa,128,196,218,13.2,35,32277
MSaaapaa,129,196,224,14.2,37,21650
MSaaapaa,130,198,219,15.1,37,23919
MSaaapaa,131,195,221,15.3,37,33936
MSaaapaa,132,192,217,16.0,37,31419
MSaaapaa,133,195,218,16.0,37,30978
MSaaapaa,134,198,221,16.1,37,34645
MSaaapaa,135,192,216,16.2,37,34252
MSaaapaa,136,195,227,15.0,37,29641
MSaaapaa,137,200,220,15.2,37,35369
MSaaapaa,138,196,221,16.1,37,33278
MSaaapaa,139,196,220,15.2,37,31639
MSaaapaa,140,187,213,16.3,37,34685
MSaaapaa,141,192,218,16.0,37,34165
MSaaapaa,142,200,214,16.1,37,27986
MSaaapaa,143,192,218,16.2,37,34037
MSaaapaa,144,197,218,16.1,37,28356
MSaaapaa,145,197,218,16.2,37,29795
MSaaapap,125,241,229,16.0,34,27824
MSaaapap,126,250,230,15.9,34,30836
MSaaapap,127,253,226,15.1,34,29074
MSaaapap,128,256,228,15.2,29,34965
MSaaapap,129,251,231,16.1,35,30075
MSaaapap,130,246,235,16.1,37,31432
MSaaapap,131,243,243,16.0,37,27998
MSaaapap,132,244,247,16.1,37,29005
MSaaapap,133,244,246,16.0,37,32562
MSaaapap,134,245,249,16.2,37,34471
MSaaapap,135,244,246,16.2,37,41117
MSaaapap,136,243,243,16.1,37,34903
MSaaapap,137,241,239,16.1,37,33804
MSaaapap,138,235,239,16.1,37,37774
MSaaapap,139,232,237,17.0,37,28895
MSaaapap,140,232,237,17.0,37,32022
MSaaapap,141,227,235,17.0,37,33266
MSaaapap,142,233,228,17.0,35,27680
MSaaapap,143,230,233,17.1,37,32857
MSaaapap,144,233,231,17.1,37,30883
MSaaapap,145,233,235,18.0,37,35976
MSaaapp,99,269,234,13.2,31,52954
MSaaapp,100,273,234,12.2,35,47251
MSaaapp,101,276,235,13.1,37,42780
MSaaapp,102,276,236,13.9,37,42769
MSaaapp,103,280,228,14.0,37,47571
MSaaapp,104,280,233,13.9,37,43346
MSaaapp,105,281,236,13.1,37,45759
MSaaapp,106,280,235,13.9,37,45112
MSaaapp,107,274,236,14.0,37,49990
MSaaapp,108,272,235,13.3,36,50240
MSaaapp,109,271,239,14.1,38,46146
MSaaapp,110,270,241,14.1,38,51747
MSaaapp,111,263,237,14.1,36,48699
MSaaapp,112,261,235,14.3,36,48152
MSaaapp,113,261,240,14.9,38,48119
MSaaapp,114,263,237,15.1,36,54973
MSaaapp,115,260,236,15.1,36,55359
MSaaapp,116,266,236,15.1,38,50867
MSaaapp,117,266,240,15.8,38,49499
MSaaapp,118,261,240,16.1,38,53209
MSaaapp,119,268,228,16.1,38,49809
MSaaapp,120,261,231,16.9,37,48937
MSaaapp,121,265,229,16.1,37,51333
MSaaapp,122,263,242,17.8,37,48342
MSaaapp,123,260,234,17.1,36,51196
MSaaapp,124,261,235,17.9,35,49265
MSaaapp,125,268,243,17.9,34,47263
MSaaapp,126,274,240,18.0,34,45208
MSaaapp,127,277,239,17.1,36,45344
MSaaapp,128,275,243,17.2,35,47798
MSaaapp,129,270,254,17.1,33,60529
MSaaapp,130,269,263,17.1,35,61745
MSaaapp,131,260,271,17.1,37,59764
MSaaapp,132,263,274,17.2,37,58014
MSaaapp,133,269,269,17.3,35,57403
MSaaapp,134,271,271,17.3,35,66113
MSaaapp,135,270,264,17.5,35,58248
MSaaapp,136,266,269,17.3,35,63177
MSaaapp,137,262,265,17.2,37,66447
MSaaapp,138,260,266,17.4,37,59204
MSaaapp,139,261,257,17.4,37,51260
MSaaapp,140,259,246,17.2,35,59253
MSaaapp,141,261,245,18.0,33,58682
MSaaapp,142,263,243,17.9,33,62916
MSaaapp,143,266,243,17.1,35,68891
MSaaapp,144,272,241,17.0,33,72767
MSaaappa,145,266,237,16.1,31,34322
MSaaappp,145,278,258,17.9,33,53696
MSaap,53,288,175,8.8,49,3773
MSaap,54,292,188,9.0,46,4311
MSaap,55,307,189,8.2,48,3680
MSaap,56,317,185,7.1,47,4780
MSaap,57,317,188,7.2,49,6308
MSaap,58,316,189,8.0,49,6058
MSaap,59,311,179,8.0,51,7614
MSaap,60,314,182,7.9,51,8521
MSaap,61,312,186,8.1,52,7503
MSaap,62,313,192,7.8,51,9221
MSaap,63,314,198,7.3,52,9774
MSaap,64,313,191,7.8,51,11819
MSaap,65,313,184,7.2,52,12549
MSaap,66,313,181,7.1,51,13383
MSaap,67,323,189,7.2,50,19110
MSaap,68,323,177,7.2,51,18602
MSaap,69,328,182,7.3,50,19317
MSaap,70,323,177,7.9,47,26293
MSaap,71,318,183,8.0,51,25852
MSaap,72,315,188,8.3,51,29462
MSaap,73,322,199,8.1,37,36608
MSaapa,74,294,198,8.2,33,37997
MSaapa,75,299,197,9.0,34,32047
MSaapa,76,303,203,8.2,45,23108
MSaapa,77,298,210,8.1,45,25999
MSaapa,78,298,210,7.1,45,27228
MSaapa,79,290,216,7.1,45,27669
MSaapa,80,285,218,7.2,45,28516
MSaapa,81,286,217,7.1,45,30536
MSaapa,82,278,217,7.0,45,30267
MSaapa,83,277,216,6.9,45,28906
MSaapa,84,278,219,7.0,45,32899
MSaapa,85,276,224,7.0,45,30999
MSaapa,86,281,224,7.0,45,31331
MSaapa,87,279,224,7.0,47,33998
MSaapa,88,290,218,7.1,46,39165
MSaapa,89,286,212,7.1,46,35488
MSaapa,90,293,211,7.0,45,41624
MSaapa,91,290,212,7.1,44,42688
MSaapa,92,291,207,7.3,45,49064
MSaapa,93,293,199,7.3,44,51339
MSaapa,94,292,200,7.5,42,51116
MSaapa,95,294,202,8.1,32,64342
MSaapaa,96,267,221,7.5,31,57949
MSaapaa,97,271,218,8.1,34,41232
MSaapaa,98,277,219,8.8,37,40783
MSaapaa,99,269,218,9.0,37,39544
MSaapaa,100,269,224,8.5,39,44225
MSaapaa,101,272,229,9.0,39,42645
MSaapaa,102,273,235,9.2,39,46715
MSaapaa,103,269,232,9.4,39,38626
MSaapaa,104,265,227,9.3,39,41223
MSaapaa,105,266,228,9.2,39,46072
MSaapaa,106,272,230,9.4,39,41182
MSaapaa,107,271,228,10.1,41,45207
MSaapaa,108,274,222,10.3,40,41825
MSaapaa,109,271,219,11.0,38,43003
MSaapaa,110,270,229,10.9,38,45577
MSaapaa,111,270,224,10.2,40,45241
MSaapaa,112,272,220,10.4,40,48535
MSaapaa,113,273,222,11.1,40,41283
MSaapaa,114,269,218,11.1,42,42470
MSaapaa,115,275,220,11.1,40,49116
MSaapaa,116,280,220,11.2,40,47379
MSaapaa,117,278,222,11.2,42,42786
MSaapaa,118,274,226,11.3,40,46326
MSaapaa,119,271,225,12.0,40,47575
MSaapaa,120,271,223,12.1,41,49868
MSaapaa,121,276,223,13.0,41,47483
MSaapaa,122,282,229,14.0,41,40438
MSaapaa,123,278,229,12.2,40,42242
MSaapaa,124,279,231,11.2,39,46420
MSaapaa,125,277,226,12.0,34,55147
MSaapaaa,126,258,224,10.4,29,45211
MSaapaaa,127,252,217,9.2,29,61321
MSaapaaa,128,247,222,10.0,29,47473
MSaapaaa,129,247,226,10.2,35,33589
MSaapaaa,130,250,227,10.9,33,34995
MSaapaaa,131,247,227,11.2,29,44091
MSaapaaa,132,245,227,11.1,29,36249
MSaapaaa,133,246,221,11.1,37,47121
MSaapaaa,134,246,224,11.2,29,44411
MSaapaaa,135,252,220,11.2,37,45567
MSaapaaa,136,245,221,11.2,37,42128
MSaapaaa,137,248,213,11.2,37,49213
MSaapaaa,138,250,218,11.2,37,47193
MSaapaaa,139,255,216,11.0,37,52992
MSaapaaa,140,255,217,11.3,36,47140
MSaapaaa,141,256,219,11.7,35,56739
MSaapaaa,142,257,221,12.0,33,51221
MSaapaaa,143,258,222,11.8,32,56732
MSaapaaa,144,260,223,11.5,31,51728
MSaapaaa,145,261,224,11.3,30,56253
MSaapaap,126,291,232,13.9,34,28053
MSaapaap,127,300,237,13.0,34,36587
MSaapaap,128,291,233,13.0,33,33288
MSaapaap,129,285,233,13.0,33,32223
MSaapaap,130,288,239,12.2,35,31403
MSaapaap,131,286,249,12.2,37,33663
MSaapaap,132,283,246,12.4,37,33370
MSaapaap,133,278,245,13.1,37,36330
MSaapaap,134,279,245,13.1,37,35772
MSaapaap,135,287,244,13.2,35,38027
MSaapaap,136,280,249,13.2,37,35101
MSaapaap,137,282,241,13.2,37,40407
MSaapaap,138,281,242,13.1,37,34420
MSaapaap,139,285,241,12.4,35,39863
MSaapaap,140,281,238,13.2,37,35396
MSaapaap,141,282,241,13.3,35,37489
MSaapaap,142,285,240,13.2,35,38052
MSaapaap,143,286,239,13.3,37,37747
MSaapaap,144,292,236,13.3,37,32522
MSaapaap,145,292,239,13.2,35,41389
MSaapap,96,317,202,7.3,33,52755
MSaapap,97,324,201,7.3,34,45656
MSaapap,98,330,204,8.0,37,39808
MSaapap,99,332,204,7.8,37,45809
MSaapap,100,328,204,7.1,37,44092
MSaapap,101,329,201,7.1,37,45282
MSaapap,102,329,206,7.0,37,45822
MSaapap,103,331,205,6.9,37,48414
MSaapap,104,328,204,6.9,37,50994
MSaapap,105,327,202,6.1,37,48388
MSaapap,106,326,203,6.0,37,48314
MSaapap,107,325,205,6.2,39,49022
MSaapap,108,319,206,6.1,38,45841
MSaapap,109,325,211,6.2,38,52387
MSaapap,110,326,211,6.2,38,56567
MSaapap,111,328,216,6.2,38,54485
MSaapap,112,328,215,6.8,38,47955
MSaapap,113,331,213,6.9,38,53131
MSaapap,114,335,212,7.1,38,53686
MSaapap,115,334,216,6.9,38,54105
MSaapap,116,331,219,7.0,38,56188
MSaapap,117,329,220,6.9,38,53393
MSaapap,118,326,218,6.9,38,53643
MSaapap,119,325,219,6.9,38,49459
MSaapap,120,318,219,6.9,37,55607
MSaapap,121,322,222,7.9,37,57187
MSaapap,122,321,221,7.8,37,54382
MSaapap,123,322,223,7.0,38,56311
MSaapap,124,312,228,6.3,39,57685
MSaapap,125,305,229,6.4,38,63509
MSaapap,126,301,227,7.8,34,57503
MSaapap,127,309,222,7.9,34,59504
MSaapapa,128,288,225,7.8,33,34622
MSaapapa,129,282,223,7.4,31,45681
MSaapapa,130,282,227,6.4,31,49958
MSaapapa,131,281,231,7.1,33,51112
MSaapapa,132,279,233,7.8,33,48538
MSaapapa,133,283,231,7.8,33,45438
MSaapapa,134,284,234,7.8,33,40214
MSaapapa,135,292,231,8.1,33,48021
MSaapapa,136,289,232,8.8,33,45913
MSaapapa,137,293,235,8.2,33,45287
MSaapapa,138,291,236,8.2,33,49026
MSaapapa,139,293,239,8.8,33,45903
MSaapapa,140,293,234,8.7,33,46631
MSaapapa,141,297,234,8.8,33,46045
MSaapapa,142,301,237,8.9,33,47056
MSaapapa,143,299,240,8.8,33,45823
MSaapapa,144,303,243,8.2,33,57068
MSaapapa,145,304,240,8.2,33,48690
MSaapapp,128,316,224,8.9,33,48214
MSaapapp,129,326,217,9.1,33,48749
MSaapapp,130,330,218,8.9,33,48704
MSaapapp,131,328,226,8.9,33,46952
MSaapapp,132,325,224,8.3,37,40866
MSaapapp,133,326,221,8.9,33,48626
MSaapapp,134,326,219,9.1,35,42475
MSaapapp,135,331,217,9.2,35,45092
MSaapapp,136,327,223,9.1,29,51287
MSaapapp,137,332,221,9.0,33,42836
MSaapapp,138,332,222,8.5,35,39659
MSaapapp,139,336,224,9.2,35,42949
MSaapapp,140,331,218,9.4,37,43899
MSaapapp,141,335,220,10.1,37,41925
MSaapapp,142,334,220,10.4,37,41939
MSaapapp,143,334,219,10.3,37,38977
MSaapapp,144,337,222,10.4,37,36916
MSaapapp,145,340,221,10.1,37,39190
MSaapp,74,352,197,7.3,35,28316
MSaapp,75,370,192,7.1,34,32121
MSaapp,76,380,192,8.0,43,27440
MSaapp,77,386,191,7.2,43,26648
MSaapp,78,388,186,6.9,45,25307
MSaapp,79,385,199,6.2,45,29796
MSaapp,80,379,194,6.8,45,27437
MSaapp,81,379,198,6.8,45,27437
MSaapp,82,375,199,6.2,45,31498
MSaapp,83,363,210,6.1,45,34175
MSaapp,84,364,209,6.2,45,34966
MSaapp,85,357,213,6.1,45,37784
MSaapp,86,359,220,6.1,45,40119
MSaapp,87,353,213,6.1,45,37610
MSaapp,88,356,210,6.0,46,38119
MSaapp,89,352,205,6.1,46,42128
MSaapp,90,357,204,6.1,45,50030
MSaapp,91,359,204,6.1,44,48214
MSaapp,92,356,207,6.1,45,52330
MSaapp,93,358,209,6.1,42,52847
MSaapp,94,362,214,6.1,44,50488
MSaapp,95,364,216,6.1,42,56971
MSaapp,96,377,220,6.1,43,53107
MSaapp,97,378,221,6.1,42,52056
MSaapp,98,374,215,6.3,41,62645
MSaapp,99,372,218,6.2,41,67228
MSaapp,100,370,220,7.0,39,65366
MSaapp,101,372,221,7.0,35,61499
MSaappa,102,353,234,6.3,31,53651
MSaappa,103,347,238,6.1,33,56121
MSaappa,104,349,230,5.9,37,41578
MSaappa,105,351,230,5.1,35,60844
MSaappa,106,352,234,5.2,37,51735
MSaappa,107,348,234,5.2,37,51184
MSaappa,108,349,231,5.1,36,53150
MSaappa,109,352,232,5.3,34,61086
MSaappa,110,351,234,5.2,36,54201
MSaappa,111,356,238,5.1,36,56780
MSaappa,112,356,235,5.1,34,62097
MSaappa,113,354,232,5.1,38,58151
MSaappa,114,361,232,5.2,34,64579
MSaappa,115,363,225,5.2,36,62457
MSaappa,116,358,231,5.2,29,73311
MSaappa,117,358,229,5.3,29,71652
MSaappa,118,359,225,5.4,36,71370
MSaappa,119,358,223,5.8,38,53212
MSaappa,120,354,222,6.0,37,61226
MSaappa,121,353,221,5.8,37,54899
MSaappa,122,355,220,5.3,37,64829
MSaappa,123,361,219,5.8,36,56976
MSaappa,124,358,221,5.4,37,70029
MSaappa,125,355,223,5.5,36,67519
MSaappa,126,350,221,6.2,36,65931
MSaappa,127,354,218,6.0,34,70952
MSaappa,128,347,218,5.5,37,70135
MSaappa,129,351,213,5.4,37,72853
MSaappa,130,352,213,6.0,37,62894
MSaappa,131,349,213,6.1,37,73728
MSaappa,132,348,210,6.2,37,73901
MSaappa,133,352,209,6.4,37,76040
MSaappa,134,349,213,7.0,33,79977
MSaappa,135,355,213,7.2,37,76094
MSaappa,136,351,217,7.3,37,67863
MSaappa,137,358,215,7.1,35,80847
MSaappa,138,361,216,7.3,35,80380
MSaappa,139,362,218,7.8,33,78987
MSaappa,140,361,214,7.9,33,78782
MSaappa,141,366,214,8.0,33,79393
MSaappa,142,367,215,8.0,35,81539
MSaappa,143,367,214,7.1,37,95926
MSaappa,144,370,221,7.9,33,76905
MSaappa,145,370,223,7.2,35,79954
MSaappp,102,388,218,7.1,29,65727
MSaappp,103,393,212,7.2,33,50854
MSaappp,104,391,208,7.9,37,46043
MSaappp,105,400,208,7.9,37,47852
MSaappp,106,401,214,7.5,39,49503
MSaappp,107,407,223,6.4,39,51482
MSaappp,108,407,216,6.2,38,54192
MSaappp,109,408,217,6.0,38,49668
MSaappp,110,403,219,6.1,38,50835
MSaappp,111,402,217,6.8,38,49578
MSaappp,112,401,213,6.8,38,48145
MSaappp,113,399,213,6.2,38,53353
MSaappp,114,405,216,6.2,38,50346
MSaappp,115,407,218,6.9,38,49365
MSaappp,116,405,220,6.8,38,45499
MSaappp,117,405,218,6.2,40,46539
MSaappp,118,403,221,6.1,38,52077
MSaappp,119,403,220,6.9,38,47941
MSaappp,120,400,216,6.3,41,47436
MSaappp,121,397,213,7.0,41,41478
MSaappp,122,394,208,7.3,41,47420
MSaappp,123,400,203,7.2,40,48365
MSaappp,124,401,205,7.1,39,49814
MSaappp,125,399,206,7.1,38,51217
MSaappp,126,394,204,6.3,38,49820
MSaappp,127,400,199,6.2,38,53977
MSaappp,128,396,193,7.7,37,34787
MSaappp,129,398,186,7.2,37,53587
MSaappp,130,401,189,6.7,37,59703
MSaappp,131,398,188,7.1,36,52173
MSaappp,132,396,186,7.2,37,53030
MSaappp,133,397,187,7.2,37,64270
MSaappp,134,388,188,7.9,35,61130
MSaappp,135,390,188,8.0,35,63107
MSaappp,136,393,188,8.0,36,61293
MSaappp,137,395,188,8.1,36,69120
MSaappp,138,398,189,8.1,37,67365
MSaappp,139,397,193,8.1,37,49240
MSaappp,140,398,185,8.1,37,53644
MSaappp,141,397,182,8.3,37,54366
MSaappp,142,400,177,9.1,37,56094
MSaappp,143,395,170,9.2,37,57402
MSaappp,144,395,176,8.2,37,65233
MSaappp,145,394,171,9.1,37,51332
MSap,36,296,147,13.8,58,-20
MSap,37,303,139,12.7,60,836
MSap,38,310,124,11.9,62,138
MSap,39,317,120,12.0,62,-694
MSap,40,326,117,11.9,62,-682
MSap,41,327,109,12.7,63,-700
MSap,42,330,114,11.7,62,-457
MSap,43,335,116,10.8,61,12
MSap,44,334,125,10.7,61,65
MSap,45,337,129,9.8,61,421
MSap,46,344,137,9.4,60,-123
MSap,47,354,130,11.2,58,1093
MSap,48,364,124,10.4,58,1625
MSap,49,364,123,10.3,57,2359
MSap,50,365,131,10.4,57,2385
MSap,51,365,132,11.2,56,2550
MSap,52,351,132,11.1,51,3874
MSap,53,355,135,11.1,49,4199
MSapa,54,315,114,13.8,46,3513
MSapa,55,308,114,14.1,48,3718
MSapa,56,312,110,14.9,47,4589
MSapa,57,301,107,13.2,49,5737
MSapa,58,300,101,13.2,49,6057
MSapa,59,300,104,13.0,51,8238
MSapa,60,297,107,12.1,51,9385
MSapa,61,308,111,12.0,52,10088
MSapa,62,302,116,11.2,51,10616
MSapa,63,308,117,10.2,52,12961
MSapa,64,306,111,11.0,51,11070
MSapa,65,317,106,11.1,52,14035
MSapa,66,322,108,10.9,51,14545
MSapa,67,334,116,10.8,50,15192
MSapa,68,337,108,10.9,49,20211
MSapa,69,329,116,10.8,48,20313
MSapa,70,325,115,10.3,51,21714
MSapa,71,322,120,10.3,51,23300
MSapa,72,326,120,10.5,51,29398
MSapa,73,325,124,11.1,51,29756
MSapa,74,334,130,11.1,49,36018
MSapa,75,338,138,10.9,46,36440
MSapa,76,341,148,10.1,49,25852
MSapaa,77,294,145,9.1,35,40324
MSapaa,78,301,148,9.2,41,32389
MSapaa,79,300,155,9.0,43,30102
MSapaa,80,295,154,8.3,43,29923
MSapaa,81,295,163,9.1,43,32444
MSapaa,82,291,170,9.9,45,31644
MSapaa,83,287,182,10.0,45,35865
MSapaa,84,282,181,10.0,45,31905
MSapaa,85,267,180,10.1,45,34632
MSapaa,86,266,190,10.9,45,33361
MSapaa,87,263,196,11.0,45,37655
MSapaa,88,261,198,12.1,46,35895
MSapaa,89,250,194,12.2,46,33078
MSapaa,90,242,200,13.0,45,33954
MSapaa,91,239,191,12.9,44,35458
MSapaa,92,233,182,12.2,43,44810
MSapaa,93,236,180,12.3,42,43626
MSapaa,94,239,179,13.0,42,45327
MSapaa,95,238,181,12.1,42,48903
MSapaa,96,235,181,12.4,41,45203
MSapaa,97,234,180,12.2,40,51793
MSapaa,98,234,181,13.1,41,59751
MSapaa,99,235,185,13.1,41,57394
MSapaa,100,237,183,13.1,39,64582
MSapaa,101,234,188,12.1,35,65724
MSapaaa,102,214,178,13.0,35,44424
MSapaaa,103,202,179,13.1,35,41610
MSapaaa,104,200,181,13.2,37,45602
MSapaaa,105,194,191,13.0,29,50105
MSapaaa,106,204,185,13.1,41,40096
MSapaaa,107,209,187,13.8,37,43825
MSapaaa,108,208,188,13.2,40,44901
MSapaaa,109,208,188,13.9,38,39933
MSapaaa,110,200,188,14.1,38,46093
MSapaaa,111,199,187,14.0,33,49379
MSapaaa,112,196,185,14.0,33,52468
MSapaaa,113,192,183,14.0,33,58522
MSapaaa,114,189,181,14.0,33,51215
MSapaaa,115,185,179,14.0,33,51419
MSapaaa,116,182,181,14.0,34,50100
MSapaaa,117,179,184,14.1,35,42006
MSapaaa,118,176,187,14.1,36,57744
MSapaaa,119,172,190,14.1,38,55971
MSapaaa,120,173,190,14.1,39,51570
MSapaaa,121,165,196,14.2,39,54993
MSapaaa,122,162,198,14.2,39,57798
MSapaaa,123,160,197,14.2,38,56028
MSapaaa,124,161,196,14.2,39,56545
MSapaaa,125,160,200,14.1,38,57702
MSapaaa,126,155,200,14.1,36,57437
MSapaaa,127,154,203,15.0,38,46471
MSapaaa,128,157,202,15.0,37,53817
MSapaaa,129,156,208,15.1,37,50566
MSapaaa,130,156,204,15.0,37,51708
MSapaaa,131,148,208,15.2,37,62159
MSapaaa,132,145,211,15.1,37,60486
MSapaaa,133,152,206,15.1,37,60409
MSapaaa,134,152,214,15.0,33,60661
MSapaaaa,135,140,205,15.0,33,38894
MSapaaaa,136,124,215,14.9,33,44406
MSapaaaa,137,127,214,14.1,33,50028
MSapaaaa,138,135,209,14.0,33,48899
MSapaaaa,139,137,212,13.4,37,37133
MSapaaaa,140,128,210,14.0,35,34260
MSapaaaa,141,135,209,14.2,35,41474
MSapaaaa,142,137,205,14.2,35,42674
MSapaaaa,143,138,204,14.1,35,43820
MSapaaaa,144,137,201,13.4,37,45737
MSapaaaa,145,139,200,14.0,33,43593
MSapaaap,135,169,205,15.0,33,42201
MSapaaap,136,177,206,14.9,33,49114
MSapaaap,137,180,202,14.2,29,55504
MSapaaap,138,181,195,14.2,37,40443
MSapaaap,139,177,192,13.9,33,54326
MSapaaap,140,170,188,13.4,35,44307
MSapaaap,141,175,187,14.0,37,34293
MSapaaap,142,180,187,13.1,35,43997
MSapaaap,143,180,185,13.1,37,40191
MSapaaap,144,180,182,13.0,37,38819
MSapaaap,145,183,179,14.0,33,44636
MSapaap,102,263,188,12.5,35,43274
MSapaap,103,259,190,12.8,37,44868
MSapaap,104,256,197,13.1,37,42027
MSapaap,105,259,199,13.9,37,43077
MSapaap,106,263,199,14.2,37,45517
MSapaap,107,259,190,14.0,37,44378
MSapaap,108,256,192,14.2,38,43643
MSapaap,109,257,190,15.0,38,43046
MSapaap,110,253,192,14.2,38,44832
MSapaap,111,254,187,13.8,38,48153
MSapaap,112,251,185,14.2,38,47883
MSapaap,113,250,184,14.1,38,48301
MSapaap,114,245,181,14.1,38,50149
MSapaap,115,244,183,14.1,38,54153
MSapaap,116,246,182,14.1,38,45716
MSapaap,117,245,183,14.1,38,47750
MSapaap,118,242,183,13.8,38,45172
MSapaap,119,243,179,14.0,38,48771
MSapaap,120,238,178,13.5,41,38923
MSapaap,121,232,178,13.4,39,45245
MSapaap,122,232,182,13.1,37,51035
MSapaap,123,226,181,13.2,38,48727
MSapaap,124,215,180,12.3,39,43155
MSapaap,125,217,184,12.3,38,49861
MSapaap,126,231,185,13.2,38,45284
MSapaap,127,230,185,14.0,38,54236
MSapaap,128,227,186,14.1,37,57965
MSapaap,129,227,186,14.1,37,58577
MSapaap,130,219,186,13.2,37,54764
MSapaap,131,217,191,13.1,37,64934
MSapaap,132,218,194,12.0,37,59279
MSapaap,133,222,193,12.2,37,60206
MSapaap,134,216,195,12.2,37,61256
MSapaap,135,216,195,12.2,37,61251
MSapaap,136,218,188,12.2,37,62734
MSapaap,137,222,179,13.2,37,58394
MSapaap,138,230,179,13.2,37,59868
MSapaap,139,226,181,13.0,37,57972
MSapaap,140,225,179,12.3,37,56703
MSapaap,141,234,174,12.3,37,52736
MSapaap,142,237,176,12.3,35,61943
MSapaap,143,237,178,13.0,37,62940
MSapaap,144,239,173,13.2,37,65788
MSapaap,145,245,175,12.9,33,70535
MSapap,77,362,132,9.0,35,37755
MSapap,78,371,133,8.3,39,32362
MSapap,79,378,143,8.8,45,26517
MSapap,80,376,142,9.9,45,29367
MSapap,81,369,156,11.0,45,30440
MSapap,82,363,158,11.0,45,33192
MSapap,83,358,165,10.9,45,36571
MSapap,84,351,168,11.1,45,32346
MSapap,85,347,171,11.0,45,33933
MSapap,86,344,173,11.1,45,33098
MSapap,87,340,185,11.0,45,35360
MSapap,88,338,192,11.1,46,36065
MSapap,89,333,189,11.9,46,37769
MSapap,90,328,193,11.9,45,40521
MSapap,91,312,192,11.1,46,37290
MSapap,92,311,184,11.2,43,42839
MSapap,93,317,174,11.3,44,39048
MSapap,94,313,165,12.1,44,49490
MSapap,95,309,170,13.0,42,45031
MSapap,96,303,166,12.2,43,43529
MSapap,97,304,163,14.0,42,45572
MSapap,98,306,162,14.1,41,47829
MSapap,99,303,163,13.2,41,53530
MSapap,100,306,160,14.0,41,57753
MSapap,101,306,161,14.1,41,56078
MSapap,102,309,158,13.1,33,67820
MSapapa,103,282,160,13.3,31,49309
MSapapa,104,280,158,13.0,35,43120
MSapapa,105,280,158,12.9,37,44268
MSapapa,106,286,161,12.9,37,40314
MSapapa,107,287,160,13.1,37,45690
MSapapa,108,286,157,12.9,38,40377
MSapapa,109,285,156,13.9,38,41142
MSapapa,110,283,160,13.9,38,43675
MSapapa,111,281,158,13.8,38,36653
MSapapa,112,280,158,13.8,38,41204
MSapapa,113,283,158,14.1,38,42979
MSapapa,114,276,159,14.1,38,41131
MSapapa,115,278,164,14.1,38,45515
MSapapa,116,280,162,14.1,38,47331
MSapapa,117,277,161,15.1,38,39519
MSapapa,118,274,164,15.1,38,39554
MSapapa,119,276,160,15.9,38,45776
MSapapa,120,267,163,16.1,41,45095
MSapapa,121,259,162,17.0,39,46333
MSapapa,122,259,165,16.2,41,38292
MSapapa,123,257,164,16.0,40,41607
MSapapa,124,255,159,16.1,37,48558
MSapapa,125,243,161,16.1,38,42399
MSapapa,126,241,156,16.3,38,39167
MSapapa,127,242,155,16.1,38,48211
MSapapa,128,238,163,17.0,37,43605
MSapapa,129,236,169,17.0,37,37955
MSapapa,130,231,171,16.2,37,51154
MSapapa,131,223,165,16.3,37,44579
MSapapa,132,223,171,16.3,37,42055
MSapapa,133,229,171,16.2,37,50781
MSapapa,134,218,169,17.0,33,52412
MSapapa,135,223,166,16.9,33,64763
MSapapaa,136,195,174,16.9,33,36480
MSapapaa,137,198,168,16.9,33,30816
MSapapaa,138,204,171,16.9,33,37041
MSapapaa,139,201,170,16.1,35,30481
MSapapaa,140,198,165,16.0,37,24584
MSapapaa,141,203,164,16.0,33,35962
MSapapaa,142,203,164,15.4,37,29464
MSapapaa,143,201,167,15.3,35,37164
MSapapaa,144,202,170,15.4,37,32410
MSapapaa,145,203,169,16.1,37,34294
MSapapap,136,251,172,15.9,33,39165
MSapapap,137,253,168,16.9,33,33153
MSapapap,138,250,170,16.3,35,40360
MSapapap,139,238,173,16.0,35,36147
MSapapap,140,242,168,15.2,37,41118
MSapapap,141,248,164,15.2,37,37840
MSapapap,142,252,169,15.2,37,39273
MSapapap,143,256,170,15.2,37,36580
MSapapap,144,252,172,16.1,35,46361
MSapapap,145,253,172,15.2,37,42917
MSapapp,103,338,162,13.5,31,48820
MSapapp,104,344,158,14.3,33,41111
MSapapp,105,344,157,15.1,37,42450
MSapapp,106,345,154,15.0,37,39903
MSapapp,107,345,152,15.9,37,43949
MSapapp,108,343,150,15.9,38,38182
MSapapp,109,342,151,16.1,38,38873
MSapapp,110,335,151,16.9,38,41471
MSapapp,111,332,149,17.0,38,37524
MSapapp,112,327,149,17.0,38,44372
MSapapp,113,327,152,18.0,38,41342
MSapapp,114,322,154,17.2,38,42945
MSapapp,115,322,159,17.0,38,39598
MSapapp,116,321,157,16.9,38,41866
MSapapp,117,323,152,17.0,40,39684
MSapapp,118,319,149,17.1,38,44845
MSapapp,119,321,149,17.1,38,43950
MSapapp,120,321,153,17.0,39,41498
MSapapp,121,309,159,16.3,41,40147
MSapapp,122,306,156,17.1,37,45648
MSapapp,123,308,157,17.1,40,46161
MSapapp,124,304,153,17.0,39,45440
MSapapp,125,294,158,17.0,38,44335
MSapapp,126,285,161,17.2,38,44935
MSapapp,127,281,169,18.1,38,41832
MSapapp,128,281,172,18.1,37,40120
MSapapp,129,277,168,18.0,37,37589
MSapapp,130,272,173,18.1,37,38313
MSapapp,131,259,183,18.1,37,41885
MSapapp,132,258,186,18.3,37,33742
MSapapp,133,262,184,19.1,37,41200
MSapapp,134,262,188,18.2,37,43979
MSapapp,135,266,183,19.0,37,36897
MSapapp,136,266,188,19.1,37,39984
MSapapp,137,267,186,19.2,37,42727
MSapapp,138,265,189,19.1,37,41765
MSapapp,139,262,187,19.2,37,44466
MSapapp,140,258,187,19.1,37,42253
MSapapp,141,259,187,20.0,37,44456
MSapapp,142,255,189,19.2,37,40708
MSapapp,143,249,189,19.1,37,47102
MSapapp,144,252,193,19.2,37,50460
MSapapp,145,255,185,19.9,33,54648
MSapp,54,375,139,9.2,40,6077
MSapp,55,381,132,9.2,48,6066
MSapp,56,399,125,8.9,47,3964
MSapp,57,412,121,8.8,49,5799
MSapp,58,396,114,9.2,49,6910
MSapp,59,400,110,9.9,51,6646
MSapp,60,410,112,10.1,51,10584
MSapp,61,411,116,10.0,52,10004
MSapp,62,411,119,9.8,51,10888
MSapp,63,411,118,9.2,52,11435
MSapp,64,415,117,9.2,51,11633
MSapp,65,432,115,9.2,52,12285
MSapp,66,437,116,9.1,51,15513
MSapp,67,447,116,9.9,50,15109
MSapp,68,443,107,10.2,49,19870
MSapp,69,439,115,10.9,48,20284
MSapp,70,430,119,10.0,47,24631
MSapp,71,427,119,10.2,49,25910
MSapp,72,413,124,10.8,47,26488
MSapp,73,413,139,10.9,47,29479
MSapp,74,415,140,11.2,51,28764
MSapp,75,430,146,12.0,46,31197
MSapp,76,429,140,11.3,49,20597
MSappa,77,401,148,9.2,35,39968
MSappa,78,409,146,8.2,39,32689
MSappa,79,412,156,6.3,41,32954
MSappa,80,402,164,6.1,45,28526
MSappa,81,401,160,7.1,43,37877
MSappa,82,396,163,7.0,45,28479
MSappa,83,387,175,7.0,45,32081
MSappa,84,387,174,8.0,43,37454
MSappa,85,380,178,7.9,45,35723
MSappa,86,381,190,8.0,45,37166
MSappa,87,380,194,8.9,45,37781
MSappa,88,380,203,9.1,46,40342
MSappa,89,377,206,8.9,46,43276
MSappa,90,371,204,9.0,45,48361
MSappa,91,368,206,9.0,44,49351
MSappa,92,367,200,9.1,41,57820
MSappa,93,371,200,9.2,42,52285
MSappa,94,364,201,9.1,42,54456
MSappa,95,359,209,9.9,40,54751
MSappa,96,361,208,10.1,43,53799
MSappa,97,360,200,10.2,42,53201
MSappa,98,362,186,10.4,41,55250
MSappa,99,361,190,10.3,41,57123
MSappa,100,354,195,10.3,41,56104
MSappa,101,347,194,10.4,41,61383
MSappa,102,342,202,10.3,41,56229
MSappa,103,339,204,10.2,41,56768
MSappa,104,340,201,10.1,41,60337
MSappa,105,339,193,10.2,41,67317
MSappa,106,345,194,10.2,41,65600
MSappa,107,348,194,10.0,37,76452
MSappa,108,345,187,10.1,34,75364
MSappaa,109,317,183,10.4,34,57048
MSappaa,110,313,186,10.2,34,55655
MSappaa,111,318,190,10.3,36,50291
MSappaa,112,320,186,10.8,38,45892
MSappaa,113,316,181,11.3,36,52639
MSappaa,114,309,177,12.1,38,42847
MSappaa,115,314,181,11.9,38,44875
MSappaa,116,313,178,12.0,38,50525
MSappaa,117,306,177,12.0,38,55402
MSappaa,118,306,178,12.0,38,51525
MSappaa,119,306,173,12.2,40,48035
MSappaa,120,306,172,12.5,39,48333
MSappaa,121,300,171,13.3,39,46491
MSappaa,122,300,172,14.2,39,49361
MSappaa,123,297,170,13.4,38,46227
MSappaa,124,288,173,13.1,39,46011
MSappaa,125,290,176,13.3,38,55104
MSappaa,126,289,177,13.4,38,48143
MSappaa,127,287,182,13.3,38,52161
MSappaa,128,292,182,13.1,37,51383
MSappaa,129,296,180,13.0,37,49382
MSappaa,130,294,182,12.1,37,47919
MSappaa,131,288,187,13.0,37,44416
MSappaa,132,288,189,13.0,37,49576
MSappaa,133,287,187,13.1,37,52365
MSappaa,134,283,185,13.3,37,46499
MSappaa,135,286,180,14.0,37,49032
MSappaa,136,290,183,13.2,37,51128
MSappaa,137,291,183,13.3,37,54033
MSappaa,138,295,186,13.3,37,55388
MSappaa,139,294,184,13.3,37,60271
MSappaa,140,291,180,13.3,37,57827
MSappaa,141,298,181,13.3,37,55739
MSappaa,142,302,181,13.3,37,56482
MSappaa,143,301,186,13.2,37,59421
MSappaa,144,303,181,13.2,37,55348
MSappaa,145,301,186,13.1,37,55584
MSappap,109,374,189,9.3,34,58460
MSappap,110,379,187,9.3,36,49391
MSappap,111,380,185,9.4,36,51565
MSappap,112,384,182,10.0,38,51090
MSappap,113,380,184,9.5,36,58472
MSappap,114,381,182,10.1,36,63057
MSappap,115,381,183,10.1,38,63291
MSappap,116,378,187,10.1,38,54897
MSappap,117,379,190,10.2,38,58009
MSappap,118,372,185,10.2,38,57505
MSappap,119,369,184,10.2,38,62948
MSappap,120,367,179,11.0,37,57347
MSappap,121,363,178,11.1,37,57982
MSappap,122,360,169,11.8,37,51244
MSappap,123,364,165,11.2,36,59846
MSappap,124,357,166,11.0,39,48778
MSappap,125,358,166,11.1,36,56070
MSappap,126,356,162,11.1,38,51198
MSappap,127,355,156,11.1,34,58522
MSappap,128,355,160,11.2,37,56390
MSappap,129,353,165,11.4,37,56556
MSappap,130,357,163,11.5,35,63380
MSappap,131,353,166,12.1,37,60416
MSappap,132,345,164,12.2,37,66015
MSappap,133,343,161,12.0,37,59450
MSappap,134,337,162,12.3,37,56828
MSappap,135,337,163,12.4,37,60532
MSappap,136,333,165,12.2,37,64171
MSappap,137,335,166,12.3,37,59759
MSappap,138,332,164,12.2,37,69039
MSappap,139,334,164,12.1,37,63479
MSappap,140,330,163,12.0,37,60754
MSappap,141,336,158,11.0,37,64788
MSappap,142,339,162,12.2,37,59718
MSappap,143,337,159,12.0,37,60988
MSappap,144,340,161,11.3,37,56857
MSappap,145,337,158,12.1,37,61638
MSappp,77,457,118,12.0,37,27521
MSappp,78,461,121,11.0,41,28255
MSappp,79,463,121,10.8,45,27471
MSappp,80,465,127,9.9,45,25696
MSappp,81,468,133,10.0,45,29251
MSappp,82,466,136,9.0,45,32738
MSappp,83,455,143,8.9,45,34748
MSappp,84,453,152,8.1,45,35325
MSappp,85,441,152,9.0,45,35436
MSappp,86,439,156,9.8,45,33748
MSappp,87,432,160,9.1,45,39727
MSappp,88,433,164,9.9,46,33135
MSappp,89,428,165,10.8,46,30199
MSappp,90,431,166,11.0,45,30203
MSappp,91,429,171,12.0,44,35073
MSappp,92,422,179,11.3,43,35821
MSappp,93,419,170,11.3,42,34180
MSappp,94,408,161,11.2,44,42486
MSappp,95,404,159,12.0,44,41836
MSappp,96,404,156,12.2,43,39328
MSappp,97,405,163,12.1,42,41884
MSappp,98,415,164,12.2,41,43072
MSappp,99,416,167,12.3,41,40790
MSappp,100,414,170,13.0,41,41667
MSappp,101,404,161,13.1,41,42589
MSappp,102,399,164,13.1,41,46106
MSappp,103,398,159,13.1,41,50187
MSappp,104,401,156,13.1,41,47314
MSappp,105,400,154,13.1,41,52280
MSappp,106,401,155,13.3,41,47027
MSappp,107,404,157,14.1,41,46217
MSappp,108,405,157,14.1,42,47618
MSappp,109,394,156,14.1,42,61193
MSappp,110,382,157,14.1,42,59661
MSappp,111,372,154,14.2,42,61871
MSappp,112,381,153,15.1,38,52986
MSappp,113,376,154,15.0,34,56973
MSapppa,114,353,138,14.9,38,31655
MSapppa,115,354,143,14.9,38,33359
MSapppa,116,357,140,14.9,38,39445
MSapppa,117,357,141,14.9,38,38277
MSapppa,118,353,141,14.0,38,41647
MSapppa,119,355,135,14.0,38,41268
MSapppa,120,350,136,13.9,37,35126
MSapppa,121,349,136,14.0,37,45091
MSapppa,122,342,138,14.1,37,42407
MSapppa,123,344,137,14.3,36,46448
MSapppa,124,339,140,14.0,35,42155
MSapppa,125,342,142,14.2,36,44282
MSapppa,126,333,145,14.4,38,38500
MSapppa,127,331,147,14.3,38,37086
MSapppa,128,324,150,14.3,37,47224
MSapppa,129,321,149,15.0,37,35579
MSapppa,130,312,146,15.1,37,34975
MSapppa,131,304,153,15.0,37,35130
MSapppa,132,297,154,15.1,37,37578
MSapppa,133,291,152,15.1,37,38632
MSapppa,134,288,154,15.2,37,35287
MSapppa,135,288,156,15.1,37,36588
MSapppa,136,290,157,15.3,37,38327
MSapppa,137,296,153,15.3,37,41153
MSapppa,138,296,152,16.1,37,31456
MSapppa,139,289,151,15.2,37,38522
MSapppa,140,287,146,15.1,37,38819
MSapppa,141,292,150,16.0,37,35483
MSapppa,142,293,151,15.3,37,36960
MSapppa,143,297,156,16.1,37,42108
MSapppa,144,296,154,15.2,37,44273
MSapppa,145,294,153,16.1,37,37594
MSapppp,114,406,154,15.1,34,44248
MSapppp,115,411,159,16.0,38,33284
MSapppp,116,413,153,15.9,38,37294
MSapppp,117,413,153,16.1,38,42614
MSapppp,118,409,154,16.1,38,38534
MSapppp,119,412,147,17.0,38,42748
MSapppp,120,405,144,17.9,37,35365
MSapppp,121,396,144,17.0,37,38545
MSapppp,122,400,146,17.1,37,39417
MSapppp,123,397,150,16.9,36,43820
MSapppp,124,395,148,16.1,37,47011
MSapppp,125,393,148,16.1,34,48047
MSapppp,126,395,143,16.9,34,42532
MSapppp,127,393,140,16.3,36,45006
MSapppp,128,386,137,16.2,37,47777
MSapppp,129,381,138,17.3,37,55766
MSapppp,130,380,144,17.2,37,48200
MSapppp,131,376,146,17.3,37,48411
MSapppp,132,375,147,17.3,37,50718
MSapppp,133,373,143,18.2,37,48966
MSapppp,134,372,146,18.2,37,46482
MSapppp,135,369,148,18.2,37,47393
MSapppp,136,363,148,18.2,37,47153
MSapppp,137,368,150,18.2,37,39371
MSapppp,138,370,151,18.3,37,41846
MSapppp,139,369,155,18.3,37,36561
MSapppp,140,365,154,19.1,37,37126
MSapppp,141,366,157,19.1,37,41600
MSapppp,142,373,159,19.1,37,33793
MSapppp,143,365,160,19.1,37,37378
MSapppp,144,363,164,19.1,37,30352
MSapppp,145,364,164,19.1,37,34409
MSp,23,374,226,10.1,39,-601
MSp,24,385,212,9.9,58,-98
MSp,25,397,209,9.7,58,-165
MSp,26,400,211,10.0,60,-279
MSp,27,401,213,10.6,62,-278
MSp,28,401,208,10.7,64,-124
MSp,29,392,214,9.5,64,-117
MSp,30,375,236,10.2,57,-542
MSp,31,373,249,9.0,53,-409
MSp,32,364,255,10.1,56,-158
MSp,33,369,258,9.1,59,-182
MSp,34,369,262,9.1,61,-521
MSp,35,363,253,10.2,49,465
MSpa,36,322,260,10.0,38,1421
MSpa,37,311,264,9.8,60,-281
MSpa,38,293,263,9.6,62,-722
MSpa,39,290,258,8.9,62,117
MSpa,40,295,254,8.9,62,17
MSpa,41,303,242,9.7,63,-554
MSpa,42,303,248,9.8,62,-26
MSpa,43,309,249,8.8,61,-682
MSpa,44,317,249,9.8,61,39
MSpa,45,320,253,9.8,61,-234
MSpa,46,318,246,9.0,60,525
MSpa,47,332,233,8.2,58,-36
MSpa,48,335,227,8.1,58,625
MSpa,49,339,236,8.1,57,1066
MSpa,50,344,245,8.1,57,881
MSpa,51,338,250,8.1,56,2075
MSpa,52,332,249,8.1,49,1448
MSpa,53,342,260,10.0,38,4175
MSpaa,54,306,266,10.8,46,1627
MSpaa,55,303,272,10.2,48,2590
MSpaa,56,301,271,10.9,47,2394
MSpaa,57,303,276,10.9,49,3557
MSpaa,58,313,279,11.0,49,4262
MSpaa,59,316,278,10.9,51,3610
MSpaa,60,318,281,11.0,51,5106
MSpaa,61,313,283,10.2,52,6368
MSpaa,62,307,285,10.1,51,4621
MSpaa,63,309,285,9.2,52,7773
MSpaa,64,311,278,9.9,51,7075
MSpaa,65,304,269,10.0,52,9009
MSpaa,66,303,259,10.2,51,8678
MSpaa,67,316,270,11.0,50,9970
MSpaa,68,316,260,10.9,49,13325
MSpaa,69,318,270,10.3,50,10995
MSpaa,70,320,269,11.1,51,14720
MSpaa,71,323,274,11.0,49,16979
MSpaa,72,321,275,11.0,47,17864
MSpaa,73,325,274,10.9,47,21080
MSpaa,74,319,273,11.0,47,13871
MSpaaa,75,279,285,11.9,46,12396
MSpaaa,76,275,279,12.2,41,14271
MSpaaa,77,278,281,12.1,45,15579
MSpaaa,78,275,274,12.9,45,13673
MSpaaa,79,276,277,12.9,45,14210
MSpaaa,80,275,280,12.9,45,12944
MSpaaa,81,272,291,12.0,45,20396
MSpaaa,82,258,293,12.0,45,17196
MSpaaa,83,254,298,12.0,45,18926
MSpaaa,84,250,300,12.0,45,19296
MSpaaa,85,248,303,12.0,45,22974
MSpaaa,86,246,315,12.0,45,20173
MSpaaa,87,243,308,12.0,45,22327
MSpaaa,88,242,314,12.0,46,24992
MSpaaa,89,234,313,11.9,46,22330
MSpaaa,90,238,308,11.2,47,26648
MSpaaa,91,234,306,11.4,46,24106
MSpaaa,92,230,306,12.1,45,28950
MSpaaa,93,232,300,12.2,44,26629
MSpaaa,94,236,299,12.3,42,33210
MSpaaa,95,237,308,12.0,34,37186
MSpaaaa,96,207,310,12.0,31,33332
MSpaaaa,97,193,317,11.3,34,24079
MSpaaaa,98,194,321,11.9,37,24862
MSpaaaa,99,190,318,11.1,37,25170
MSpaaaa,100,188,323,11.5,39,25813
MSpaaaa,101,181,323,12.9,37,23470
MSpaaaa,102,183,317,13.1,39,24675
MSpaaaa,103,173,312,13.2,41,29205
MSpaaaa,104,176,314,13.1,41,32142
MSpaaaa,105,176,313,13.1,41,34972
MSpaaaa,106,177,315,13.1,39,36871
MSpaaaa,107,175,310,13.1,39,44617
MSpaaaa,108,175,310,13.1,39,54527
MSpaaaa,109,175,314,13.9,38,40017
MSpaaaa,110,171,317,14.1,40,40919
MSpaaaa,111,167,308,14.2,38,41886
MSpaaaa,112,166,309,14.0,40,39601
MSpaaaa,113,167,310,14.2,40,39210
MSpaaaa,114,169,308,14.1,40,38206
MSpaaaa,115,167,311,13.2,40,41596
MSpaaaa,116,172,306,14.1,40,46130
MSpaaaa,117,170,310,14.2,40,45428
MSpaaaa,118,161,306,15.0,40,36632
MSpaaaa,119,165,304,15.1,42,29916
MSpaaaa,120,167,304,15.2,39,37064
MSpaaaa,121,166,307,16.1,41,32707
MSpaaaa,122,163,311,16.0,37,34397
MSpaaaaa,123,154,314,16.0,34,25114
MSpaaaaa,124,140,305,15.1,33,33063
MSpaaaaa,125,138,307,14.1,29,43855
MSpaaaaa,126,124,306,15.1,34,33143
MSpaaaaa,127,129,304,15.9,34,22718
MSpaaaaa,128,130,303,15.2,33,41152
MSpaaaaa,129,128,303,15.1,35,43184
MSpaaaaa,130,129,306,15.2,35,31431
MSpaaaaa,131,125,301,16.0,37,24296
MSpaaaaa,132,128,309,16.0,35,31425
MSpaaaaa,133,130,302,16.1,37,36714
MSpaaaaa,134,130,307,16.1,37,31816
MSpaaaaa,135,131,309,15.2,37,25896
MSpaaaaa,136,135,308,15.3,37,35282
MSpaaaaa,137,137,304,15.0,29,42616
MSpaaaaa,138,132,302,14.3,37,37642
MSpaaaaa,139,133,304,14.1,33,26091
MSpaaaaa,140,130,301,14.9,33,32838
MSpaaaaa,141,136,306,15.1,35,28886
MSpaaaaa,142,138,305,15.1,37,19987
MSpaaaaa,143,132,308,15.2,35,23301
MSpaaaaa,144,139,301,15.1,35,35883
MSpaaaaa,145,136,304,15.3,37,25385
MSpaaaap,123,188,306,16.3,34,20845
MSpaaaap,124,193,297,17.0,35,25292
MSpaaaap,125,190,303,17.0,34,16893
MSpaaaap,126,180,301,15.3,38,18262
MSpaaaap,127,185,296,15.2,38,20313
MSpaaaap,128,180,303,17.0,37,17099
MSpaaaap,129,183,302,17.0,37,21071
MSpaaaap,130,186,305,17.1,37,21977
MSpaaaap,131,173,305,17.1,37,16297
MSpaaaap,132,175,308,17.1,37,20356
MSpaaaap,133,181,310,17.3,37,15557
MSpaaaap,134,180,307,17.1,37,23228
MSpaaaap,135,179,306,17.2,37,18732
MSpaaaap,136,180,309,17.1,37,18999
MSpaaaap,137,179,304,17.0,37,19912
MSpaaaap,138,173,304,17.0,37,21255
MSpaaaap,139,172,302,17.0,37,14963
MSpaaaap,140,170,300,17.1,37,16841
MSpaaaap,141,174,299,18.0,37,18036
MSpaaaap,142,174,297,18.1,37,17265
MSpaaaap,143,175,299,17.1,37,29229
MSpaaaap,144,178,298,18.0,37,14732
MSpaaaap,145,176,299,17.2,37,32342
MSpaaap,96,250,308,13.0,33,31214
MSpaaap,97,261,305,13.4,36,20093
MSpaaap,98,257,306,14.2,37,21459
MSpaaap,99,254,302,15.1,37,26920
MSpaaap,100,250,300,15.2,39,20762
MSpaaap,101,245,306,16.2,39,21400
MSpaaap,102,239,304,16.2,39,18820
MSpaaap,103,234,299,17.1,41,15655
MSpaaap,104,232,299,17.1,41,18231
MSpaaap,105,236,300,17.1,39,23717
MSpaaap,106,228,297,17.1,41,23972
MSpaaap,107,229,295,16.3,41,20752
MSpaaap,108,228,303,17.1,40,29293
MSpaaap,109,228,303,17.1,40,28689
MSpaaap,110,220,301,17.1,40,28704
MSpaaap,111,217,296,17.1,42,26530
MSpaaap,112,216,300,17.2,42,28044
MSpaaap,113,219,285,18.0,42,19454
MSpaaap,114,224,284,17.2,42,24660
MSpaaap,115,216,290,17.2,42,26522
MSpaaap,116,219,286,18.1,42,26408
MSpaaap,117,221,284,18.2,42,21488
MSpaaap,118,224,281,18.2,42,19418
MSpaaap,119,228,280,19.1,42,18100
MSpaaap,120,229,279,19.2,41,22346
MSpaaap,121,228,277,19.1,41,22814
MSpaaap,122,229,279,19.1,41,26704
MSpaaap,123,229,276,19.1,40,29669
MSpaaap,124,230,274,19.0,37,27212
MSpaaap,125,232,285,19.9,34,24064
MSpaaapa,126,204,283,18.0,34,17215
MSpaaapa,127,205,285,17.2,29,28294
MSpaaapa,128,201,288,18.1,33,25258
MSpaaapa,129,196,288,18.1,29,26785
MSpaaapa,130,200,284,18.2,35,21825
MSpaaapa,131,195,287,18.3,37,21204
MSpaaapa,132,192,286,19.0,37,23955
MSpaaapa,133,197,282,19.1,35,27370
MSpaaapa,134,200,278,18.3,35,25894
MSpaaapa,135,196,274,18.2,37,17664
MSpaaapa,136,198,275,18.9,33,24272
MSpaaapa,137,198,275,19.0,33,22838
MSpaaapa,138,196,278,18.2,35,25032
MSpaaapa,139,191,279,19.2,35,28607
MSpaaapa,140,192,276,19.3,35,26968
MSpaaapa,141,198,280,19.2,35,19333
MSpaaapa,142,201,275,19.2,35,20156
MSpaaapa,143,200,279,19.1,35,23845
MSpaaapa,144,204,278,19.2,35,19015
MSpaaapa,145,199,281,19.3,37,17356
MSpaaapp,126,262,281,19.1,34,12678
MSpaaapp,127,273,283,18.9,34,14532
MSpaaapp,128,275,285,19.0,35,8236
MSpaaapp,129,273,286,19.2,35,14598
MSpaaapp,130,261,286,20.1,35,16187
MSpaaapp,131,251,290,20.1,37,18961
MSpaaapp,132,252,289,20.1,35,18599
MSpaaapp,133,255,293,20.1,37,19921
MSpaaapp,134,255,295,20.1,37,17320
MSpaaapp,135,248,291,20.2,37,16959
MSpaaapp,136,246,286,21.0,29,6829
MSpaaapp,137,245,282,20.1,37,18769
MSpaaapp,138,237,286,20.3,37,20707
MSpaaapp,139,241,284,20.2,37,16428
MSpaaapp,140,241,278,20.2,37,19370
MSpaaapp,141,243,281,20.1,37,18109
MSpaaapp,142,247,280,20.1,37,22557
MSpaaapp,143,245,280,20.1,37,19927
MSpaaapp,144,246,279,20.1,37,24481
MSpaaapp,145,243,284,19.1,37,17022
MSpaap,75,335,268,10.0,46,11521
MSpaap,76,343,270,9.9,45,11434
MSpaap,77,343,257,9.0,45,15396
MSpaap,78,345,249,9.1,45,17346
MSpaap,79,338,254,9.2,45,16667
MSpaap,80,332,263,9.1,34,23147
MSpaap,81,325,269,9.0,45,18552
MSpaap,82,314,275,9.0,45,19744
MSpaap,83,310,279,9.9,45,21238
MSpaap,84,309,283,10.0,45,24885
MSpaap,85,310,280,9.9,45,24144
MSpaap,86,309,281,10.1,45,25873
MSpaap,87,310,280,10.1,45,26525
MSpaap,88,308,279,10.2,46,26896
MSpaap,89,306,275,10.2,46,27022
MSpaap,90,310,272,10.8,45,30108
MSpaap,91,303,268,10.8,44,29262
MSpaap,92,297,270,10.2,43,36492
MSpaap,93,296,268,11.0,42,32206
MSpaap,94,303,266,11.1,44,33190
MSpaap,95,301,267,11.3,42,34288
MSpaap,96,297,268,12.1,43,36929
MSpaap,97,296,276,13.1,42,37124
MSpaap,98,296,283,12.3,39,41001
MSpaap,99,295,285,12.8,37,47072
MSpaap,100,298,284,12.0,33,51676
MSpaapa,101,275,289,13.2,33,38138
MSpaapa,102,277,287,14.8,37,22499
MSpaapa,103,271,284,15.1,37,26132
MSpaapa,104,264,285,15.9,37,20624
MSpaapa,105,264,282,14.2,39,28704
MSpaapa,106,259,279,14.1,39,26538
MSpaapa,107,257,283,13.8,37,28620
MSpaapa,108,254,282,13.1,38,31607
MSpaapa,109,257,285,13.1,38,27884
MSpaapa,110,253,286,13.1,40,32168
MSpaapa,111,254,287,14.1,38,31679
MSpaapa,112,244,287,13.2,40,29618
MSpaapa,113,247,292,14.0,40,27596
MSpaapa,114,248,289,14.0,40,28111
MSpaapa,115,246,288,14.2,40,28407
MSpaapa,116,251,289,14.2,42,30509
MSpaapa,117,252,297,14.3,40,25196
MSpaapa,118,249,295,15.0,42,31468
MSpaapa,119,250,295,15.0,42,27894
MSpaapa,120,250,297,15.2,41,33703
MSpaapa,121,249,295,15.1,41,28593
MSpaapa,122,243,307,15.0,41,27210
MSpaapa,123,239,308,15.0,40,28113
MSpaapa,124,243,309,14.2,39,32162
MSpaapa,125,246,309,14.2,38,29760
MSpaapa,126,242,306,14.2,38,32480
MSpaapa,127,243,303,14.1,38,37937
MSpaapa,128,247,308,15.1,37,35544
MSpaapa,129,250,308,15.9,33,37043
MSpaapa,130,247,311,15.9,33,41296
MSpaapaa,131,209,305,14.3,29,30064
MSpaapaa,132,209,305,14.3,29,39293
MSpaapaa,133,207,303,14.1,35,34302
MSpaapaa,134,210,317,14.4,35,26894
MSpaapaa,135,207,316,14.3,35,19711
MSpaapaa,136,214,317,14.3,35,19776
MSpaapaa,137,216,315,15.2,37,19344
MSpaapaa,138,212,316,15.1,35,30240
MSpaapaa,139,212,318,15.2,35,30880
MSpaapaa,140,210,308,15.1,33,29689
MSpaapaa,141,213,308,15.1,33,26829
MSpaapaa,142,213,307,16.0,33,27289
MSpaapaa,143,211,315,15.1,33,31989
MSpaapaa,144,211,313,15.2,35,28686
MSpaapaa,145,207,323,15.2,35,27953
MSpaapap,131,262,320,15.9,33,17797
MSpaapap,132,265,324,15.9,33,17114
MSpaapap,133,265,315,15.2,37,15164
MSpaapap,134,268,324,16.2,37,13442
MSpaapap,135,264,315,16.0,37,16993
MSpaapap,136,264,310,15.2,37,25235
MSpaapap,137,258,313,15.3,37,20661
MSpaapap,138,254,312,15.2,37,22066
MSpaapap,139,251,311,16.1,37,24321
MSpaapap,140,248,303,15.2,37,21114
MSpaapap,141,250,307,15.3,37,23882
MSpaapap,142,246,308,15.4,37,23277
MSpaapap,143,247,307,15.2,37,22102
MSpaapap,144,251,305,16.0,37,19832
MSpaapap,145,244,309,16.0,37,15849
MSpaapp,101,319,283,11.3,35,35931
MSpaapp,102,322,284,11.2,35,35925
MSpaapp,103,318,281,12.2,35,44559
MSpaapp,104,322,285,12.4,35,42486
MSpaapp,105,326,283,12.1,37,36579
MSpaapp,106,324,290,12.1,35,42642
MSpaapp,107,323,289,12.8,37,41324
MSpaapp,108,320,295,12.2,34,46124
MSpaapp,109,312,294,12.4,36,43058
MSpaapp,110,308,292,12.5,36,45611
MSpaapp,111,300,287,13.0,34,45628
MSpaapp,112,295,283,13.3,34,51189
MSpaapp,113,295,284,13.4,36,45849
MSpaapp,114,293,282,13.5,36,45239
MSpaapp,115,297,289,14.7,38,35415
MSpaapp,116,297,289,14.3,34,47741
MSpaapp,117,299,288,14.5,36,40266
MSpaapp,118,298,289,15.1,36,45657
MSpaapp,119,293,297,16.8,38,35241
MSpaapp,120,294,300,16.9,37,42231
MSpaapp,121,295,305,16.8,37,39789
MSpaapp,122,295,311,16.8,37,37039
MSpaapp,123,291,303,17.8,36,34202
MSpaapp,124,289,305,17.2,35,40113
MSpaapp,125,289,319,17.2,36,36852
MSpaapp,126,291,329,17.0,34,37434
MSpaapp,127,300,322,15.3,38,38584
MSpaapp,128,304,317,15.3,35,38182
MSpaapp,129,305,316,15.2,37,32780
MSpaapp,130,305,313,15.4,35,52419
MSpaapp,131,304,310,15.7,33,52444
MSpaapp,132,303,307,15.9,31,43980
MSpaapp,133,302,303,16.1,29,59907
MSpaapp,134,313,297,16.1,29,66110
MSpaapp,135,312,293,16.2,35,50675
MSpaapp,136,312,293,16.2,35,43141
MSpaapp,137,312,292,16.0,33,59295
MSpaapp,138,309,303,17.0,29,60816
MSpaapp,139,308,296,17.0,29,59842
MSpaapp,140,306,297,17.0,29,51432
MSpaapp,141,306,298,17.0,29,55005
MSpaapp,142,307,299,17.0,29,35540
MSpaapp,143,307,300,17.1,29,24576
MSpaapp,144,308,301,17.1,29,58269
MSpaapp,145,309,302,17.1,29,66388
MSpap,54,377,226,7.3,34,2664
MSpap,55,378,225,7.1,48,1778
MSpap,56,389,223,6.8,47,3063
MSpap,57,403,222,6.8,49,2782
MSpap,58,401,218,6.2,49,3318
MSpap,59,399,218,6.8,51,3376
MSpap,60,397,225,6.8,51,4443
MSpap,61,387,224,6.9,52,5164
MSpap,62,388,222,6.8,51,6382
MSpap,63,391,238,6.9,52,5821
MSpap,64,392,228,7.0,51,5839
MSpap,65,391,236,6.9,52,7453
MSpap,66,392,232,7.1,53,7592
MSpap,67,404,237,7.1,50,10225
MSpap,68,399,224,7.1,51,12168
MSpap,69,407,230,7.2,52,11157
MSpap,70,403,227,7.2,51,14647
MSpap,71,404,224,7.2,51,16751
MSpap,72,401,228,8.0,47,20140
MSpap,73,409,232,8.9,47,16681
MSpapa,74,375,261,7.7,47,13316
MSpapa,75,381,263,7.1,44,17297
MSpapa,76,380,273,7.1,45,15156
MSpapa,77,377,274,7.9,45,18113
MSpapa,78,372,278,7.0,45,18549
MSpapa,79,361,279,6.9,45,18033
MSpapa,80,353,276,6.8,45,18406
MSpapa,81,353,290,6.1,45,19816
MSpapa,82,347,291,6.1,45,20198
MSpapa,83,334,304,6.1,45,21089
MSpapa,84,325,303,6.1,45,21656
MSpapa,85,320,297,6.2,45,21888
MSpapa,86,323,297,6.2,47,21739
MSpapa,87,325,294,6.2,47,25152
MSpapa,88,329,288,6.8,46,23935
MSpapa,89,335,279,6.2,46,24853
MSpapa,90,345,273,6.9,45,25014
MSpapa,91,351,275,6.3,46,25290
MSpapa,92,346,275,6.2,45,28923
MSpapa,93,341,278,7.0,44,30862
MSpapa,94,336,278,6.3,44,37274
MSpapa,95,337,281,7.0,40,39199
MSpapaa,96,315,282,7.1,31,41593
MSpapaa,97,306,275,7.0,34,29168
MSpapaa,98,314,265,6.8,37,26047
MSpapaa,99,320,270,7.0,37,28769
MSpapaa,100,318,270,6.4,39,23809
MSpapaa,101,320,270,7.4,39,27779
MSpapaa,102,325,273,8.1,39,29741
MSpapaa,103,319,271,8.3,41,32594
MSpapaa,104,320,266,8.2,39,29280
MSpapaa,105,319,265,8.1,39,29450
MSpapaa,106,320,265,8.2,39,24715
MSpapaa,107,317,263,7.5,39,32392
MSpapaa,108,314,262,7.9,38,25797
MSpapaa,109,317,266,7.8,38,29004
MSpapaa,110,318,264,8.1,40,30794
MSpapaa,111,317,268,7.4,40,30385
MSpapaa,112,314,262,7.8,38,27586
MSpapaa,113,316,262,7.2,40,29069
MSpapaa,114,316,253,7.3,40,29187
MSpapaa,115,313,258,7.1,38,32117
MSpapaa,116,313,262,7.3,40,30725
MSpapaa,117,316,258,8.0,40,28605
MSpapaa,118,313,258,8.2,42,26471
MSpapaa,119,312,257,9.1,40,27098
MSpapaa,120,312,257,10.0,41,31504
MSpapaa,121,315,261,9.2,41,32220
MSpapaa,122,315,257,9.1,39,32573
MSpapaa,123,313,261,8.2,38,34174
MSpapaa,124,314,269,9.0,39,33881
MSpapaa,125,319,277,9.0,36,43472
MSpapaa,126,315,277,9.2,34,45488
MSpapaaa,127,290,279,7.8,34,20099
MSpapaaa,128,291,283,7.1,35,23659
MSpapaaa,129,293,265,7.2,33,27499
MSpapaaa,130,296,274,7.9,33,27571
MSpapaaa,131,295,286,9.1,37,22584
MSpapaaa,132,287,286,9.2,37,21015
MSpapaaa,133,286,283,8.5,35,23874
MSpapaaa,134,285,284,9.2,37,23703
MSpapaaa,135,285,281,9.3,37,30591
MSpapaaa,136,285,283,9.3,37,26707
MSpapaaa,137,286,280,9.3,37,21641
MSpapaaa,138,286,281,9.3,37,26234
MSpapaaa,139,283,286,9.4,37,30104
MSpapaaa,140,278,282,10.1,37,32123
MSpapaaa,141,282,279,10.0,37,26209
MSpapaaa,142,282,278,10.2,37,27432
MSpapaaa,143,282,285,10.3,37,32762
MSpapaaa,144,285,286,10.3,37,32179
MSpapaaa,145,285,282,10.4,37,28928
MSpapaap,127,341,267,10.8,34,28017
MSpapaap,128,341,268,10.8,33,25209
MSpapaap,129,330,265,11.1,33,29039
MSpapaap,130,332,265,11.9,33,31709
MSpapaap,131,333,268,12.0,33,25439
MSpapaap,132,323,268,11.2,33,21873
MSpapaap,133,317,264,11.1,35,27788
MSpapaap,134,316,265,10.5,37,21712
MSpapaap,135,323,268,11.0,37,25214
MSpapaap,136,321,271,11.1,37,21232
MSpapaap,137,324,269,10.4,37,24272
MSpapaap,138,325,272,10.5,37,25500
MSpapaap,139,324,275,11.2,37,28889
MSpapaap,140,321,270,11.2,37,23719
MSpapaap,141,325,265,11.2,37,26624
MSpapaap,142,323,273,11.4,37,23077
MSpapaap,143,323,278,11.4,37,28107
MSpapaap,144,323,277,12.0,37,25979
MSpapaap,145,322,281,11.3,37,26534
MSpapap,96,355,275,8.0,33,33330
MSpapap,97,370,263,8.2,32,32386
MSpapap,98,376,263,9.0,37,27776
MSpapap,99,389,271,8.2,37,31486
MSpapap,100,392,280,7.1,37,29409
MSpapap,101,397,280,6.2,37,29310
MSpapap,102,397,281,6.1,37,27624
MSpapap,103,390,277,5.9,37,25813
MSpapap,104,381,272,5.9,37,27666
MSpapap,105,375,264,6.0,37,31018
MSpapap,106,374,272,5.9,37,34013
MSpapap,107,367,275,6.0,37,31547
MSpapap,108,370,264,6.1,38,34586
MSpapap,109,369,266,7.0,38,33578
MSpapap,110,367,273,6.2,38,37303
MSpapap,111,367,278,6.0,38,33605
MSpapap,112,365,277,6.1,38,38279
MSpapap,113,366,275,6.8,38,36767
MSpapap,114,364,276,7.0,38,35888
MSpapap,115,365,273,6.8,38,36269
MSpapap,116,361,280,6.9,38,35497
MSpapap,117,366,276,6.0,38,36632
MSpapap,118,364,272,6.1,38,39586
MSpapap,119,363,270,6.2,38,35627
MSpapap,120,358,269,6.2,39,42810
MSpapap,121,360,266,6.2,39,38266
MSpapap,122,362,264,6.1,41,35611
MSpapap,123,364,267,6.0,40,38331
MSpapap,124,361,269,6.0,39,39794
MSpapap,125,362,266,5.4,38,42531
MSpapap,126,356,262,5.4,38,45853
MSpapap,127,350,261,5.4,38,41181
MSpapap,128,341,261,6.1,37,44177
MSpapap,129,339,260,7.0,37,43534
MSpapap,130,342,259,7.0,33,46245
MSpapapa,131,320,272,7.2,29,41657
MSpapapa,132,313,269,6.3,31,35508
MSpapapa,133,313,265,6.7,33,28740
MSpapapa,134,313,266,6.1,33,32876
MSpapapa,135,313,261,6.1,33,30994
MSpapapa,136,312,261,6.8,33,30152
MSpapapa,137,316,259,6.9,33,27603
MSpapapa,138,319,258,7.0,33,30452
MSpapapa,139,324,263,7.8,33,29961
MSpapapa,140,320,260,7.9,33,31439
MSpapapa,141,324,257,7.9,33,29783
MSpapapa,142,325,258,8.0,33,33281
MSpapapa,143,328,261,8.0,33,27979
MSpapapa,144,329,263,8.0,33,28889
MSpapapa,145,330,265,7.9,33,28610
MSpapapp,131,352,248,6.9,33,31097
MSpapapp,132,360,247,6.9,33,34473
MSpapapp,133,358,245,7.0,33,29227
MSpapapp,134,359,253,7.2,33,31125
MSpapapp,135,361,253,7.2,33,29291
MSpapapp,136,357,261,7.2,33,28481
MSpapapp,137,361,263,7.1,33,27991
MSpapapp,138,364,262,7.9,33,29926
MSpapapp,139,364,268,8.1,33,35093
MSpapapp,140,362,266,8.3,35,29218
MSpapapp,141,364,271,8.8,33,29576
MSpapapp,142,368,274,8.5,35,34479
MSpapapp,143,368,272,8.6,37,27907
MSpapapp,144,365,274,8.9,33,32299
MSpapapp,145,367,274,8.9,33,28659
MSpapp,74,432,227,7.3,35,17815
MSpapp,75,441,224,7.1,36,20145
MSpapp,76,446,227,7.3,43,17320
MSpapp,77,448,227,6.4,43,17982
MSpapp,78,442,227,7.2,45,15606
MSpapp,79,445,238,7.0,45,17314
MSpapp,80,436,240,6.9,45,15892
MSpapp,81,431,243,6.1,45,21116
MSpapp,82,427,250,6.1,45,23367
MSpapp,83,420,254,6.1,45,22516
MSpapp,84,415,254,6.2,45,23061
MSpapp,85,414,259,6.0,45,23286
MSpapp,86,421,263,6.0,45,25021
MSpapp,87,421,256,6.0,45,22899
MSpapp,88,423,252,6.1,46,24512
MSpapp,89,426,250,6.1,46,23291
MSpapp,90,427,249,6.0,45,26124
MSpapp,91,428,252,5.9,44,28457
MSpapp,92,423,253,6.0,43,28288
MSpapp,93,411,247,6.2,44,29105
MSpapp,94,411,254,6.2,42,32083
MSpapp,95,412,261,6.1,44,38128
MSpapp,96,413,270,6.2,43,35248
MSpapp,97,421,268,6.1,42,37118
MSpapp,98,425,268,6.1,41,35146
MSpapp,99,428,271,6.1,41,43855
MSpapp,100,437,275,6.1,41,35580
MSpapp,101,439,275,6.2,41,38525
MSpapp,102,440,267,6.1,41,41507
MSpapp,103,437,270,6.2,41,47109
MSpapp,104,428,269,6.2,41,44942
MSpapp,105,429,277,6.1,37,47143
MSpapp,106,427,274,7.0,35,41397
MSpappa,107,401,290,5.5,35,36478
MSpappa,108,393,286,6.0,27,44557
MSpappa,109,396,283,5.5,36,36349
MSpappa,110,396,284,5.3,29,49916
MSpappa,111,398,290,5.2,36,34123
MSpappa,112,401,288,5.8,38,34715
MSpappa,113,398,292,5.8,38,30242
MSpappa,114,399,287,5.9,38,34756
MSpappa,115,394,286,6.0,38,33388
MSpappa,116,397,284,5.9,38,35403
MSpappa,117,401,286,5.9,38,34153
MSpappa,118,396,288,5.8,38,33660
MSpappa,119,394,286,5.3,29,47345
MSpappa,120,391,279,5.8,37,34605
MSpappa,121,395,271,5.8,37,32537
MSpappa,122,399,266,5.8,37,32084
MSpappa,123,399,272,5.9,36,39186
MSpappa,124,397,269,5.4,37,41523
MSpappa,125,403,266,5.3,34,42135
MSpappa,126,396,268,5.4,36,42214
MSpappa,127,397,271,5.2,36,42189
MSpappa,128,394,269,5.2,37,43181
MSpappa,129,391,261,5.2,37,41549
MSpappa,130,389,256,5.2,37,45713
MSpappa,131,389,254,5.3,37,44055
MSpappa,132,396,255,5.4,37,43721
MSpappa,133,392,256,6.2,35,42168
MSpappa,134,392,256,6.1,35,43366
MSpappa,135,393,252,6.1,37,42914
MSpappa,136,391,253,6.2,37,48722
MSpappa,137,394,251,6.3,37,48815
MSpappa,138,395,250,6.8,33,41568
MSpappa,139,398,249,6.4,37,45135
MSpappa,140,395,241,6.6,37,44891
MSpappa,141,400,238,7.3,37,44363
MSpappa,142,406,239,7.4,37,46847
MSpappa,143,407,237,7.3,37,47583
MSpappa,144,414,236,7.1,37,47884
MSpappa,145,413,235,7.3,37,50461
MSpappp,107,454,260,7.3,35,38810
MSpappp,108,457,253,7.1,36,38328
MSpappp,109,462,249,6.9,38,31480
MSpappp,110,460,249,6.9,38,33024
MSpappp,111,458,246,6.9,38,33605
MSpappp,112,455,246,6.9,38,31108
MSpappp,113,450,244,7.0,38,34763
MSpappp,114,455,242,7.1,40,33680
MSpappp,115,453,239,7.1,40,30931
MSpappp,116,448,246,6.9,38,31608
MSpappp,117,447,246,7.0,38,32774
MSpappp,118,443,249,6.4,40,37263
MSpappp,119,440,255,7.0,40,30736
MSpappp,120,437,250,6.4,41,32844
MSpappp,121,440,243,6.3,41,35545
MSpappp,122,439,244,6.3,41,32217
MSpappp,123,438,244,6.2,40,35173
MSpappp,124,439,253,6.2,39,37112
MSpappp,125,447,258,6.3,38,34962
MSpappp,126,444,253,6.1,38,34867
MSpappp,127,447,252,6.0,38,35226
MSpappp,128,443,254,5.4,37,36372
MSpappp,129,441,253,5.4,37,36539
MSpappp,130,439,255,6.0,37,31258
MSpappp,131,433,256,5.4,37,35261
MSpappp,132,434,257,6.2,37,38494
MSpappp,133,434,251,6.0,37,35180
MSpappp,134,428,257,7.0,37,28998
MSpappp,135,428,256,7.1,37,31693
MSpappp,136,423,262,7.2,37,40259
MSpappp,137,427,258,7.2,37,34938
MSpappp,138,427,259,7.2,37,35802
MSpappp,139,428,266,8.0,37,34080
MSpappp,140,424,266,8.3,37,40316
MSpappp,141,425,273,8.4,37,39847
MSpappp,142,423,280,8.3,37,39045
MSpappp,143,420,283,9.0,37,32837
MSpappp,144,416,289,9.1,37,36046
MSpappp,145,413,288,9.1,37,37725
MSpp,36,394,255,9.0,50,775
MSpp,37,398,271,9.6,60,-123
MSpp,38,411,270,8.6,62,-466
MSpp,39,425,274,8.5,62,-114
MSpp,40,420,278,7.7,62,126
MSpp,41,425,272,7.9,63,-45
MSpp,42,418,281,7.8,62,99
MSpp,43,420,287,7.7,61,413
MSpp,44,421,283,7.8,61,-103
MSpp,45,422,288,7.8,61,610
MSpp,46,433,286,7.9,58,378
MSpp,47,441,293,7.5,58,252
MSpp,48,448,290,7.2,58,910
MSpp,49,448,287,7.2,57,1370
MSpp,50,451,283,7.4,56,387
MSpp,51,455,279,7.5,55,1958
MSpp,52,459,275,7.7,54,1432
MSpp,53,463,271,7.9,53,2533
MSpp,54,463,267,8.0,52,3129
MSpp,55,471,263,8.2,50,4913
MSppa,56,441,305,7.8,47,2324
MSppa,57,439,317,7.8,49,2771
MSppa,58,433,322,7.9,49,4393
MSppa,59,434,339,7.3,51,4996
MSppa,60,436,329,8.0,51,5519
MSppa,61,431,324,7.8,52,5482
MSppa,62,432,327,8.0,51,6951
MSppa,63,439,326,8.8,52,7227
MSppa,64,438,317,9.0,51,9010
MSppa,65,436,321,8.9,52,9176
MSppa,66,434,319,9.0,51,11640
MSppa,67,449,309,10.1,50,11992
MSppa,68,452,309,9.9,49,11914
MSppa,69,466,305,9.1,48,14038
MSppa,70,474,301,9.3,51,17475
MSppa,71,481,298,8.4,49,18446
MSppa,72,480,297,8.3,49,17416
MSppa,73,475,299,8.4,51,18644
MSppa,74,463,301,8.1,49,23622
MSppa,75,460,297,8.2,48,24874
MSppa,76,459,299,8.9,45,26280
MSppa,77,457,303,9.1,45,28859
MSppaa,78,435,316,7.2,35,27414
MSppaa,79,411,330,7.8,30,34748
MSppaa,80,406,338,7.2,32,30939
MSppaa,81,403,344,7.3,43,22192
MSppaa,82,384,345,8.0,45,20062
MSppaa,83,382,343,8.2,41,27753
MSppaa,84,367,338,9.0,45,23291
MSppaa,85,356,332,9.1,45,23640
MSppaa,86,356,331,9.2,45,27342
MSppaa,87,353,327,10.0,45,23516
MSppaa,88,352,324,9.9,46,26024
MSppaa,89,347,318,9.1,46,27788
MSppaa,90,345,321,9.1,45,27301
MSppaa,91,334,320,9.1,44,28202
MSppaa,92,327,323,10.0,41,33887
MSppaa,93,313,329,11.1,40,32523
MSppaa,94,306,334,11.0,40,37766
MSppaa,95,299,341,10.3,42,34465
MSppaa,96,297,343,11.0,41,34653
MSppaa,97,300,347,11.2,40,38361
MSppaa,98,299,349,11.2,41,41263
MSppaa,99,299,347,11.2,41,41235
MSppaa,100,297,347,11.3,41,40797
MSppaa,101,296,346,12.1,41,46008
MSppaa,102,289,345,12.2,41,50821
MSppaa,103,274,346,12.1,41,51577
MSppaa,104,278,341,12.1,37,52348
MSppaa,105,267,341,12.3,41,35599
MSppaaa,106,239,348,12.5,35,30456
MSppaaa,107,232,344,13.0,37,32694
MSppaaa,108,234,340,13.0,38,34878
MSppaaa,109,231,343,13.0,38,36798
MSppaaa,110,231,347,12.0,38,35350
MSppaaa,111,220,348,12.9,38,35283
MSppaaa,112,216,348,12.8,38,35419
MSppaaa,113,209,347,12.0,38,36216
MSppaaa,114,219,348,12.8,38,33514
MSppaaa,115,213,350,12.3,40,33525
MSppaaa,116,211,346,13.2,38,38020
MSppaaa,117,212,352,14.0,38,37685
MSppaaa,118,204,352,13.9,38,37434
MSppaaa,119,210,353,13.9,38,37425
MSppaaa,120,204,351,13.1,37,39523
MSppaaa,121,198,347,13.1,37,40982
MSppaaa,122,200,347,13.1,39,34112
MSppaaa,123,202,348,13.0,38,37927
MSppaaa,124,192,341,12.2,39,32980
MSppaaa,125,190,338,12.2,38,41484
MSppaaa,126,190,338,12.2,38,26324
MSppaaa,127,189,327,13.0,38,32413
MSppaaa,128,190,332,13.2,37,33223
MSppaaa,129,186,335,13.1,37,32138
MSppaaa,130,187,338,13.0,37,33392
MSppaaa,131,185,337,12.3,37,36870
MSppaaa,132,186,335,12.1,37,39976
MSppaaa,133,187,334,12.1,37,41858
MSppaaa,134,189,339,12.1,37,37369
MSppaaa,135,191,335,12.3,37,34488
MSppaaa,136,189,338,12.2,37,42642
MSppaaa,137,192,336,12.3,37,44107
MSppaaa,138,183,333,13.0,33,39710
MSppaaaa,139,166,332,11.1,33,33061
MSppaaaa,140,153,330,10.9,33,31574
MSppaaaa,141,156,333,10.1,33,38787
MSppaaaa,142,163,335,10.9,33,41620
MSppaaaa,143,159,338,11.0,33,30872
MSppaaaa,144,166,331,11.0,33,33541
MSppaaaa,145,160,327,11.1,35,29105
MSppaaap,139,205,335,14.0,33,19982
MSppaaap,140,207,326,13.0,27,43725
MSppaaap,141,215,326,12.3,37,20305
MSppaaap,142,216,335,12.1,33,23896
MSppaaap,143,213,334,11.9,33,24166
MSppaaap,144,218,335,10.4,37,28363
MSppaaap,145,217,334,10.9,33,31792
MSppaap,106,290,333,13.0,35,39886
MSppaap,107,289,336,14.0,35,33274
MSppaap,108,285,342,13.9,38,32980
MSppaap,109,282,349,13.9,38,33638
MSppaap,110,284,348,13.0,38,39615
MSppaap,111,278,350,13.0,38,37937
MSppaap,112,268,350,13.1,38,38448
MSppaap,113,263,347,13.0,38,42023
MSppaap,114,269,345,12.9,38,33958
MSppaap,115,261,345,12.1,38,37629
MSppaap,116,258,343,12.1,38,40631
MSppaap,117,261,343,12.1,38,37286
MSppaap,118,258,341,12.2,40,36691
MSppaap,119,257,338,12.2,38,38486
MSppaap,120,252,340,12.3,39,39667
MSppaap,121,248,336,12.3,39,40012
MSppaap,122,242,342,11.9,37,36852
MSppaap,123,236,339,11.2,36,38179
MSppaap,124,236,342,11.3,39,39813
MSppaap,125,236,343,11.1,38,40269
MSppaap,126,229,342,11.2,38,39980
MSppaap,127,233,339,11.1,38,41166
MSppaap,128,231,340,11.1,37,44337
MSppaap,129,230,340,11.1,37,47080
MSppaap,130,229,342,11.1,37,48267
MSppaap,131,233,341,11.1,37,47517
MSppaap,132,236,343,10.4,37,46866
MSppaap,133,236,340,10.3,37,49714
MSppaap,134,239,340,10.3,37,49153
MSppaap,135,245,335,11.0,37,39391
MSppaap,136,243,332,10.3,37,43202
MSppaap,137,245,332,10.3,37,46287
MSppaap,138,239,335,11.1,37,52067
MSppaap,139,248,340,11.1,37,54085
MSppaap,140,246,338,11.2,37,53621
MSppaap,141,258,339,11.1,37,47296
MSppaap,142,256,339,11.2,37,52044
MSppaap,143,257,341,11.1,37,45092
MSppaap,144,258,340,11.3,37,41796
MSppaap,145,254,341,11.1,37,48537
MSppap,78,466,291,8.1,39,24580
MSppap,79,476,299,8.1,35,25895
MSppap,80,472,305,8.1,43,22743
MSppap,81,471,310,8.3,43,25029
MSppap,82,457,312,9.0,45,20271
MSppap,83,445,314,9.9,45,22485
MSppap,84,430,317,10.9,45,21479
MSppap,85,424,324,11.0,45,23914
MSppap,86,425,325,10.9,45,23612
MSppap,87,421,324,11.1,45,25660
MSppap,88,418,324,11.0,46,25274
MSppap,89,415,332,11.8,46,24305
MSppap,90,414,331,11.0,45,25239
MSppap,91,403,338,11.9,44,25861
MSppap,92,392,340,11.3,43,26946
MSppap,93,373,349,13.0,44,25679
MSppap,94,372,353,13.2,44,32347
MSppap,95,367,354,13.2,42,33979
MSppap,96,366,355,13.1,43,34511
MSppap,97,367,354,13.0,42,39107
MSppap,98,367,353,13.1,41,37590
MSppap,99,375,357,13.2,41,41517
MSppap,100,366,362,14.0,41,39975
MSppap,101,358,360,13.3,41,45282
MSppap,102,350,357,14.1,41,45978
MSppap,103,336,355,13.4,35,44775
MSppapa,104,315,369,14.1,33,39713
MSppapa,105,311,368,15.1,37,33359
MSppapa,106,309,367,15.0,37,34272
MSppapa,107,306,364,15.1,37,35841
MSppapa,108,307,365,15.9,38,26260
MSppapa,109,305,368,16.0,38,30788
MSppapa,110,305,366,15.9,38,29897
MSppapa,111,302,362,15.2,40,31795
MSppapa,112,295,354,16.0,38,31360
MSppapa,113,287,352,14.9,38,34040
MSppapa,114,286,352,14.3,29,34068
MSppapa,115,277,351,15.9,38,35403
MSppapa,116,279,346,15.8,38,31842
MSppapa,117,287,349,15.0,38,31843
MSppapa,118,277,346,15.0,40,31821
MSppapa,119,279,345,15.1,38,32309
MSppapa,120,279,350,15.0,39,31350
MSppapa,121,270,353,15.1,39,35834
MSppapa,122,269,355,14.3,39,37279
MSppapa,123,267,349,13.2,38,33648
MSppapa,124,265,351,13.2,39,36225
MSppapa,125,262,354,13.3,38,36886
MSppapa,126,255,352,14.0,36,36712
MSppapa,127,256,353,13.0,38,35075
MSppapa,128,253,354,13.1,37,32652
MSppapa,129,250,357,13.3,37,42229
MSppapa,130,244,360,13.3,37,36683
MSppapa,131,238,361,13.2,37,38896
MSppapa,132,239,362,13.1,37,39549
MSppapa,133,237,364,13.3,37,41718
MSppapa,134,238,362,13.3,37,38916
MSppapa,135,236,359,14.1,37,46885
MSppapa,136,236,355,14.0,33,41598
MSppapa,137,238,357,14.0,33,39475
MSppapaa,138,207,363,14.1,27,35990
MSppapaa,139,212,365,13.2,29,29096
MSppapaa,140,209,365,13.2,35,17717
MSppapaa,141,216,366,13.1,35,24430
MSppapaa,142,220,367,13.2,29,31628
MSppapaa,143,213,364,13.4,35,24963
MSppapaa,144,219,364,13.2,35,30195
MSppapaa,145,215,360,13.1,35,29136
MSppapap,138,259,360,14.9,27,41669
MSppapap,139,256,352,13.2,35,21972
MSppapap,140,253,358,14.0,33,27972
MSppapap,141,259,364,13.1,35,23744
MSppapap,142,265,369,12.4,37,19817
MSppapap,143,262,373,12.3,37,27875
MSppapap,144,268,375,13.1,37,20346
MSppapap,145,263,374,13.1,37,22159
MSppapp,104,372,343,14.3,35,32498
MSppapp,105,371,347,14.8,37,28824
MSppapp,106,369,352,15.2,37,28669
MSppapp,107,369,353,14.9,37,35784
MSppapp,108,363,355,15.1,38,28100
MSppapp,109,356,354,15.1,38,35885
MSppapp,110,353,355,15.2,38,31429
MSppapp,111,353,359,15.8,38,27746
MSppapp,112,350,360,15.0,38,34072
MSppapp,113,343,366,15.0,38,31942
MSppapp,114,336,363,15.9,38,30635
MSppapp,115,332,362,16.2,40,31996
MSppapp,116,340,361,17.0,38,33563
MSppapp,117,339,360,16.9,38,32153
MSppapp,118,334,361,16.9,38,32127
MSppapp,119,327,362,17.0,38,32180
MSppapp,120,321,362,17.0,37,34752
MSppapp,121,315,360,17.0,37,34380
MSppapp,122,314,367,16.1,39,32202
MSppapp,123,309,360,16.9,36,36699
MSppapp,124,304,355,16.3,39,33540
MSppapp,125,307,359,15.4,38,31077
MSppapp,126,303,361,15.2,38,29860
MSppapp,127,304,361,14.3,38,39895
MSppapp,128,298,358,13.4,37,35849
MSppapp,129,294,351,14.3,37,34233
MSppapp,130,293,347,13.3,37,34819
MSppapp,131,287,352,13.1,37,35961
MSppapp,132,292,353,13.1,37,35220
MSppapp,133,287,349,14.1,37,37383
MSppapp,134,290,354,14.2,37,34513
MSppapp,135,285,345,15.0,37,38208
MSppapp,136,281,349,15.0,35,33851
MSppapp,137,279,346,15.0,37,37802
MSppapp,138,275,354,16.2,37,39361
MSppapp,139,274,350,17.2,37,37898
MSppapp,140,267,342,17.0,37,39922
MSppapp,141,274,344,16.3,37,43044
MSppapp,142,269,347,17.0,33,53688
MSppappa,143,248,365,16.0,33,35797
MSppappa,144,243,365,16.0,35,26946
MSppappa,145,238,363,15.3,37,20032
MSppappp,143,281,328,17.9,33,22502
MSppappp,144,283,330,18.0,35,22400
MSppappp,145,276,333,17.2,35,20714
MSppp,56,486,235,8.7,47,3849
MSppp,57,486,232,7.8,49,3604
MSppp,58,489,224,7.2,49,4527
MSppp,59,501,213,6.9,51,5163
MSppp,60,496,210,6.2,51,5150
MSppp,61,485,206,6.3,52,5456
MSppp,62,490,215,6.3,51,7217
MSppp,63,490,217,6.3,52,6082
MSppp,64,492,209,6.7,51,7650
MSppp,65,495,218,6.4,52,9202
MSppp,66,501,219,6.8,51,9328
MSppp,67,515,229,6.9,50,10343
MSppp,68,513,234,6.9,49,13402
MSppp,69,510,234,7.1,48,13386
MSppp,70,509,236,7.2,49,13408
MSppp,71,504,230,7.1,47,17644
MSppp,72,500,230,7.2,51,19831
MSppp,73,500,236,7.1,49,17735
MSppp,74,511,243,7.9,47,25172
MSppp,75,520,251,8.1,48,29179
MSppp,76,520,251,8.1,47,30068
MSppp,77,513,246,8.9,45,31559
MSpppa,78,496,260,7.3,35,30614
MSpppa,79,497,268,7.0,30,24551
MSpppa,80,495,272,6.3,39,26572
MSpppa,81,485,278,6.8,45,20820
MSpppa,82,475,285,6.3,34,26723
MSpppa,83,465,289,7.2,43,24545
MSpppa,84,453,292,7.9,45,21822
MSpppa,85,451,290,8.8,45,23336
MSpppa,86,457,295,8.3,43,26332
MSpppa,87,448,291,9.1,45,26463
MSpppa,88,444,291,9.2,46,27619
MSpppa,89,440,291,9.0,46,28458
MSpppa,90,438,289,9.1,45,30793
MSpppa,91,434,298,9.1,44,26938
MSpppa,92,420,298,9.1,43,30155
MSpppa,93,406,297,9.1,42,35284
MSpppa,94,406,304,9.9,40,38230
MSpppa,95,392,312,10.3,44,32520
MSpppa,96,394,307,10.1,43,35914
MSpppa,97,400,308,10.1,42,38507
MSpppa,98,400,304,10.0,41,42033
MSpppa,99,400,307,10.1,41,38174
MSpppa,100,402,311,10.0,41,38737
MSpppa,101,403,315,10.0,41,41098
MSpppa,102,404,311,9.2,41,46248
MSpppa,103,397,311,10.0,41,40951
MSpppa,104,388,305,10.1,41,50429
MSpppa,105,384,306,10.1,41,49543
MSpppa,106,386,315,10.3,41,49530
MSpppa,107,381,313,10.9,37,52396
MSpppa,108,378,315,10.1,34,68112
MSpppaa,109,341,322,10.2,30,54972
MSpppaa,110,341,326,10.1,38,31389
MSpppaa,111,339,322,11.0,38,36404
MSpppaa,112,334,324,11.0,38,33562
MSpppaa,113,333,324,11.1,38,31153
MSpppaa,114,330,327,11.1,38,34611
MSpppaa,115,325,331,11.0,38,35799
MSpppaa,116,329,331,11.3,40,34043
MSpppaa,117,333,331,12.0,40,33206
MSpppaa,118,334,332,11.3,42,35293
MSpppaa,119,333,329,12.1,40,32999
MSpppaa,120,330,334,12.0,41,35074
MSpppaa,121,324,336,11.9,37,39937
MSpppaa,122,322,334,11.5,39,34803
MSpppaa,123,318,331,12.1,38,37459
MSpppaa,124,311,328,12.1,39,36971
MSpppaa,125,320,332,12.0,38,38736
MSpppaa,126,318,332,12.0,38,36744
MSpppaa,127,320,321,11.1,38,31807
MSpppaa,128,324,326,11.1,37,36912
MSpppaa,129,324,321,11.3,37,37631
MSpppaa,130,334,319,11.4,37,38708
MSpppaa,131,335,325,12.2,37,48760
MSpppaa,132,332,327,12.1,37,42926
MSpppaa,133,324,330,11.3,37,41481
MSpppaa,134,322,332,11.2,37,43250
MSpppaa,135,320,328,12.0,37,42280
MSpppaa,136,315,333,12.0,37,42617
MSpppaa,137,316,330,12.0,37,43813
MSpppaa,138,315,332,12.1,37,46987
MSpppaa,139,317,334,12.0,37,42086
MSpppaa,140,316,331,12.2,37,42443
MSpppaa,141,313,329,12.2,37,47336
MSpppaa,142,314,330,13.1,37,41850
MSpppaa,143,308,335,12.3,37,39760
MSpppaa,144,311,337,13.1,37,44663
MSpppaa,145,305,337,12.3,37,46662
MSpppap,109,401,302,10.1,32,51321
MSpppap,110,402,307,10.1,34,42683
MSpppap,111,399,311,10.1,38,34757
MSpppap,112,397,299,9.1,36,36791
MSpppap,113,394,301,9.9,38,36878
MSpppap,114,391,309,10.0,38,38300
MSpppap,115,384,303,10.0,38,42094
MSpppap,116,385,306,10.2,38,44350
MSpppap,117,389,307,10.1,38,41629
MSpppap,118,384,307,10.2,38,42103
MSpppap,119,380,303,10.2,38,40950
MSpppap,120,380,308,10.3,29,58169
MSpppap,121,380,308,10.3,29,65513
MSpppap,122,382,305,11.1,41,38166
MSpppap,123,378,309,10.9,36,40316
MSpppap,124,378,308,10.1,37,39752
MSpppap,125,378,316,10.1,38,40462
MSpppap,126,377,315,9.2,38,46677
MSpppap,127,377,312,9.0,29,42499
MSpppap,128,374,313,9.0,31,45382
MSpppap,129,371,314,9.1,34,44080
MSpppap,130,367,315,9.1,37,54607
MSpppap,131,369,314,9.2,37,50366
MSpppap,132,375,321,10.2,37,48826
MSpppap,133,376,322,10.2,37,48279
MSpppap,134,375,318,10.2,37,46958
MSpppap,135,375,320,10.4,37,53775
MSpppap,136,374,322,10.5,36,49344
MSpppap,137,374,325,10.7,35,51494
MSpppap,138,373,327,10.8,34,36270
MSpppap,139,372,330,11.0,33,53780
MSpppap,140,372,332,11.0,33,52736
MSpppap,141,372,334,11.0,33,62864
MSpppap,142,371,336,11.0,33,60224
MSpppap,143,371,338,11.0,33,42933
MSpppap,144,370,340,11.0,33,46779
MSpppap,145,370,342,11.0,33,64611
MSpppp,78,530,226,8.0,37,25302
MSpppp,79,541,223,7.2,39,25501
MSpppp,80,535,236,7.1,43,21349
MSpppp,81,539,247,7.1,43,23494
MSpppp,82,528,254,8.0,45,24060
MSpppp,83,520,265,9.0,45,25505
MSpppp,84,519,262,9.9,45,22458
MSpppp,85,509,260,9.1,43,29735
MSpppp,86,506,270,9.1,45,26487
MSpppp,87,509,283,8.8,45,27540
MSpppp,88,503,285,8.8,46,27772
MSpppp,89,501,280,8.9,46,32454
MSpppp,90,500,274,9.2,45,28433
MSpppp,91,491,274,10.1,44,26100
MSpppp,92,486,277,9.2,43,33094
MSpppp,93,478,288,8.4,42,31447
MSpppp,94,474,299,9.1,40,34141
MSpppp,95,467,300,10.1,42,33146
MSpppp,96,470,313,11.1,43,37954
MSpppp,97,473,316,12.1,42,36669
MSpppp,98,457,321,13.1,41,35617
MSpppp,99,453,321,13.1,41,37846
MSpppp,100,443,327,13.3,41,35638
MSpppp,101,446,322,13.2,41,34279
MSpppp,102,436,326,13.2,41,37123
MSpppp,103,431,331,14.0,41,39994
MSpppp,104,429,333,13.3,41,41360
MSpppp,105,430,332,13.3,41,36470
MSpppp,106,432,332,14.0,41,36004
MSpppp,107,425,331,14.0,41,39707
MSpppp,108,418,337,13.1,40,39461
MSpppp,109,410,343,13.2,40,44582
MSpppp,110,408,344,13.3,40,46012
MSpppp,111,404,347,14.0,40,51417
MSpppp,112,404,344,14.0,38,41670
MSppppa,113,381,358,13.2,36,30794
MSppppa,114,368,358,13.4,36,24245
MSppppa,115,367,361,14.0,36,30219
MSppppa,116,370,360,14.0,38,28658
MSppppa,117,373,360,15.0,38,29045
MSppppa,118,369,357,15.0,38,31894
MSppppa,119,366,363,15.9,38,30524
MSppppa,120,362,364,15.9,37,31727
MSppppa,121,355,364,15.1,37,36477
MSppppa,122,353,366,15.1,37,29255
MSppppa,123,349,358,15.0,36,31783
MSppppa,124,344,363,15.1,37,28453
MSppppa,125,349,365,15.2,36,32411
MSppppa,126,349,367,14.4,36,29637
MSppppa,127,353,371,14.4,36,28495
MSppppa,128,345,372,15.1,37,32545
MSppppa,129,339,367,15.2,37,36868
MSppppa,130,339,363,15.2,37,32001
MSppppa,131,341,361,15.1,37,39918
MSppppa,132,342,361,15.1,37,39162
MSppppa,133,342,362,15.0,37,37221
MSppppa,134,339,364,15.1,37,36347
MSppppa,135,330,366,15.2,37,40234
MSppppa,136,325,363,15.2,37,36517
MSppppa,137,319,363,15.1,37,36173
MSppppa,138,318,367,14.3,37,35969
MSppppa,139,320,367,15.0,37,38886
MSppppa,140,310,362,15.0,37,34987
MSppppa,141,311,366,14.3,37,33775
MSppppa,142,314,367,14.3,37,29997
MSppppa,143,308,365,15.1,37,39685
MSppppa,144,311,364,15.2,37,36577
MSppppa,145,304,359,15.2,37,42053
MSppppp,113,423,339,14.3,34,30360
MSppppp,114,424,335,15.9,38,24179
MSppppp,115,424,336,16.0,38,25260
MSppppp,116,429,345,17.0,38,24698
MSppppp,117,431,344,16.1,38,27716
MSppppp,118,431,347,17.1,38,26475
MSppppp,119,427,351,17.2,40,28313
MSppppp,120,425,351,17.4,39,30858
MSppppp,121,416,350,17.1,39,33827
MSppppp,122,415,351,16.9,39,27945
MSppppp,123,413,353,16.7,39,19017
MSppppp,124,412,354,16.6,39,15992
MSppppp,125,410,356,16.4,39,31025
MSppppp,126,408,358,16.2,38,34304
MSppppp,127,405,361,15.2,36,41904
MSppppp,128,403,361,15.0,37,47848
MSppppp,129,403,363,15.2,37,42059
MSppppp,130,399,363,15.2,37,46084
MSppppp,131,399,364,16.1,37,43345
MSppppp,132,401,364,16.0,37,37898
MSppppp,133,402,364,16.1,37,40466
MSppppp,134,402,368,17.1,37,35061
MSppppp,135,392,376,16.2,37,38040
MSppppp,136,384,373,16.1,37,37662
MSppppp,137,385,369,16.1,37,44069
MSppppp,138,379,372,17.1,37,37321
MSppppp,139,372,368,16.1,37,46035
MSppppp,140,365,365,17.0,37,37216
MSppppp,141,368,368,16.1,37,40667
MSppppp,142,368,362,17.0,37,38382
MSppppp,143,367,365,17.1,37,41234
MSppppp,144,369,363,18.1,37,37494
MSppppp,145,367,359,18.1,37,34549
E,12,473,149,16.0,53,-194
E,13,500,147,17.0,65,-205
E,14,512,157,16.0,69,-63
E,15,523,156,13.9,72,-207
E,16,517,155,14.0,73,-81
E,17,514,151,13.1,74,-68
E,18,504,135,14.3,67,-401
E,19,511,127,16.1,61,-9
E,20,520,141,14.1,58,601
E,21,519,155,13.2,54,-164
E,22,515,160,13.1,35,-175
Ea,23,488,143,14.1,37,219
Ea,24,489,129,16.1,42,339
Ea,25,463,121,16.0,56,257
Ea,26,454,121,15.8,60,-340
Ea,27,458,129,16.0,62,-102
Ea,28,456,130,15.8,64,0
Ea,29,448,127,14.2,64,20
Ea,30,434,137,12.3,57,124
Ea,31,429,142,12.0,53,-401
Ea,32,423,148,12.1,56,584
Ea,33,425,157,13.1,59,-344
Ea,34,424,151,13.1,61,58
Ea,35,426,150,13.1,63,-129
Ea,36,417,158,12.1,64,-561
Ea,37,419,173,12.1,66,-179
Ea,38,415,170,11.1,68,25
Ea,39,416,173,11.2,68,-316
Ea,40,423,173,12.2,68,-734
Ea,41,421,194,13.2,69,-239
Ea,42,420,195,13.0,68,-148
Ea,43,420,197,12.2,67,-188
Ea,44,423,204,12.1,67,-142
Ea,45,420,212,13.1,67,111
Ea,46,412,212,14.2,64,267
Ea,47,415,216,15.0,60,-190
Ea,48,411,222,14.2,58,145
Ea,49,403,216,15.1,57,180
Ea,50,401,223,15.2,57,-122
Ea,51,403,232,15.3,54,804
Eal,52,395,210,16.6,52,717
Eal,53,387,187,17.9,49,-770
Eal,54,370,174,18.0,46,-300
Eal,55,367,161,17.0,48,1793
Eal,56,366,164,16.1,51,-796
Eal,57,372,167,15.3,53,157
Eal,58,376,165,14.4,51,349
Eal,59,377,165,15.1,57,-214
Eal,60,378,166,15.1,53,-324
Eal,61,377,165,15.0,56,61
Eal,62,370,172,14.2,57,-478
Eal,63,371,172,13.3,58,25
Eal,64,372,171,13.3,55,388
Eal,65,384,173,13.3,56,113
Eal,66,386,165,13.0,57,196
Eal,67,398,160,12.3,56,63
Eal,68,390,157,13.1,53,258
Eal,69,386,166,13.1,52,-433
Eal,70,379,169,14.1,51,-538
Eal,71,377,181,15.1,51,307
Eal,72,366,192,15.2,51,846
Eal,73,366,196,16.0,51,60
Eal,74,363,206,15.2,51,9
Eal,75,365,210,15.2,50,-15
Eal,76,358,210,16.1,49,334
Eal,77,365,195,16.0,49,-482
Eal,78,372,201,17.0,45,719
Eal,79,380,195,15.1,41,47
Eala,80,339,210,13.0,37,-28
Eala,81,343,221,13.1,45,-55
Eala,82,343,231,12.1,45,-480
Eala,83,331,238,12.9,45,-383
Eala,84,322,240,13.9,45,437
Eala,85,314,232,13.3,47,-1288
Eala,86,314,241,14.2,49,-943
Eala,87,310,236,14.2,49,-1804
Eala,88,316,240,14.3,48,-600
Eala,89,309,242,14.4,48,-1093
Eala,90,303,235,15.3,49,-2045
Eala,91,303,223,15.2,48,19
Eala,92,311,230,14.2,45,-1211
Eala,93,317,219,15.1,44,-2071
Eala,94,315,218,15.1,44,-2463
Eala,95,308,222,15.1,44,-2594
Eala,96,307,219,15.1,43,-3186
Eala,97,301,217,16.0,42,-499
Eala,98,298,217,16.1,41,-1972
Eala,99,306,222,16.0,41,-1990
Eala,100,294,219,16.0,41,-1355
Eala,101,301,219,16.1,41,-2301
Eala,102,310,219,17.0,41,-1572
Eala,103,301,213,17.0,41,840
Eala,104,307,209,17.0,41,-2167
Eala,105,308,200,16.1,41,-1770
Eala,106,311,205,17.1,41,-856
Eala,107,309,202,17.0,41,-3516
Eala,108,308,203,17.0,42,-1344
Eala,109,307,208,16.3,42,-997
Eala,110,310,208,16.1,42,-145
Eala,111,302,213,17.0,42,-4190
Eala,112,303,213,17.1,42,-1370
Eala,113,308,218,17.0,42,-2832
Eala,114,314,214,16.1,42,23
Eala,115,309,212,16.1,42,-2227
Eala,116,314,205,17.1,42,-2054
Eala,117,311,208,17.1,42,-2986
Eala,118,315,207,17.1,42,187
Eala,119,325,204,18.1,42,-2363
Eala,120,325,212,18.1,41,-2337
Eala,121,324,216,18.0,41,-868
Eala,122,324,223,19.0,41,735
Eala,123,318,217,18.0,40,-2612
Eala,124,316,214,17.1,39,-909
Eala,125,324,207,17.1,38,-412
Eala,126,334,219,17.0,38,-2405
Eala,127,335,218,17.0,38,-1109
Eala,128,337,224,17.0,33,-720
Ealaa,129,298,226,17.0,33,-383
Ealaa,130,292,229,16.0,33,-432
Ealaa,131,292,229,16.3,33,-2477
Ealaa,132,292,229,16.7,34,-960
Ealaa,133,291,229,17.0,34,-2805
Ealaa,134,291,229,17.3,35,-1524
Ealaa,135,291,229,17.7,35,-2519
Ealaa,136,290,230,18.0,36,-863
Ealaa,137,291,230,18.0,36,-2677
Ealaa,138,293,229,18.0,36,-4115
Ealaa,139,295,228,18.0,36,-29
Ealaa,140,297,228,18.0,36,-2701
Ealaa,141,299,227,18.0,36,-3407
Ealaa,142,301,226,18.0,36,-1638
Ealaa,143,303,226,18.0,36,-4212
Ealaa,144,305,227,18.0,36,-1786
Ealaa,145,308,228,18.0,36,-2848
Ealap,129,367,227,19.0,33,1013
Ealap,130,373,224,19.1,35,-686
Ealap,131,374,226,19.1,37,-3566
Ealap,132,371,231,17.2,37,-280
Ealap,133,369,235,17.1,37,-604
Ealap,134,366,243,17.1,37,11
Ealap,135,374,242,17.2,35,107
Ealap,136,372,242,17.5,35,-740
Ealap,137,369,242,17.8,34,671
Ealap,138,366,243,18.1,33,-1101
Ealap,139,371,256,18.1,29,-909
Ealap,140,370,255,18.1,35,-1040
Ealap,141,370,253,18.1,29,2920
Ealap,142,374,246,19.0,35,-363
Ealap,143,375,248,18.2,35,484
Ealap,144,370,245,18.1,37,-58
Ealap,145,367,242,18.1,35,1822
Ealp,80,401,179,15.2,43,-11
Ealp,81,413,174,15.9,45,518
Ealp,82,418,161,15.9,45,101
Ealp,83,424,167,15.1,45,72
Ealp,84,422,160,14.3,47,-1104
Ealp,85,420,167,14.3,47,149
Ealp,86,423,178,14.2,47,1071
Ealp,87,419,185,14.1,47,349
Ealp,88,422,191,15.1,50,-395
Ealp,89,414,203,14.3,48,-425
Ealp,90,412,203,14.2,49,-105
Ealp,91,414,209,14.3,48,-1256
Ealp,92,413,204,15.0,45,713
Ealp,93,408,193,14.1,44,2254
Ealp,94,407,198,14.2,44,110
Ealp,95,407,201,14.1,44,-1614
Ealp,96,403,204,14.1,43,-1144
Ealp,97,394,200,14.0,42,-1153
Ealp,98,390,203,14.1,41,-1817
Ealp,99,379,197,14.0,41,839
Ealp,100,379,201,14.1,41,1069
Ealp,101,386,203,14.2,41,-3768
Ealp,102,385,204,15.1,41,-2657
Ealp,103,394,196,15.2,41,-548
Ealp,104,393,190,15.1,29,-1921
Ealp,105,391,194,16.0,41,-3776
Ealp,106,384,201,15.1,41,-1055
Ealp,107,385,206,14.2,41,-1632
Ealp,108,386,206,15.1,42,368
Ealp,109,386,203,15.1,42,-2411
Ealp,110,384,210,15.1,42,-1334
Ealp,111,385,207,15.1,42,-2979
Ealp,112,375,205,15.1,42,-935
Ealp,113,379,209,15.0,42,-2459
Ealp,114,380,205,14.2,42,517
Ealp,115,384,207,15.0,42,-1045
Ealp,116,383,204,15.1,42,-234
Ealp,117,384,204,15.2,42,-3070
Ealp,118,387,212,16.0,42,-2048
Ealp,119,395,212,16.0,42,151
Ealp,120,392,209,16.0,41,-1065
Ealp,121,390,208,17.0,41,-1135
Ealp,122,388,208,17.0,41,-1211
Ealp,123,381,211,15.1,40,-1812
Ealp,124,378,206,15.1,39,248
Ealp,125,382,212,15.1,38,-1170
Ealp,126,389,213,15.1,38,-1146
Ealp,127,393,209,15.1,38,-1758
Ealp,128,387,206,14.9,33,676
Ealpa,129,367,201,14.9,33,-2312
Ealpa,130,351,200,15.9,33,-1223
Ealpa,131,340,197,16.0,37,-1514
Ealpa,132,332,197,16.0,37,-4392
Ealpa,133,329,194,15.2,37,-3233
Ealpa,134,332,201,16.1,37,-1711
Ealpa,135,339,205,16.1,37,-3401
Ealpa,136,337,210,16.1,37,-552
Ealpa,137,335,207,16.1,37,-1341
Ealpa,138,336,216,15.2,37,-89
Ealpa,139,340,216,15.2,35,-2091
Ealpa,140,335,216,15.1,37,-3049
Ealpa,141,341,218,15.1,37,-185
Ealpa,142,346,222,15.2,37,-824
Ealpa,143,350,224,15.1,37,-2181
Ealpa,144,350,224,15.1,37,-1378
Ealpa,145,351,223,15.0,37,-1486
Ealpp,129,413,193,14.9,33,-1326
Ealpp,130,424,187,14.1,33,1038
Ealpp,131,424,196,14.3,37,-1358
Ealpp,132,421,199,14.3,37,-1275
Ealpp,133,416,199,15.0,37,-984
Ealpp,134,407,201,16.1,37,-1362
Ealpp,135,404,208,16.0,35,-1383
Ealpp,136,394,210,16.0,37,-1321
Ealpp,137,399,205,15.0,37,-2294
Ealpp,138,404,212,16.0,37,-1653
Ealpp,139,402,211,15.1,35,-899
Ealpp,140,399,211,15.1,35,-1149
Ealpp,141,409,217,15.1,35,-731
Ealpp,142,409,222,15.1,37,580
Ealpp,143,408,219,16.1,37,-1744
Ealpp,144,409,226,15.1,37,1622
Ealpp,145,405,216,15.2,37,-2404
Ear,52,394,257,17.1,47,239
Ear,53,406,272,16.9,47,236
Ear,54,402,267,16.7,48,-78
Ear,55,407,273,16.4,48,-258
Ear,56,411,278,16.2,49,-425
Ear,57,416,284,16.0,50,-590
Ear,58,419,270,14.7,51,-36
Ear,59,422,256,13.4,53,-540
Ear,60,424,249,13.2,55,79
Ear,61,419,248,13.5,56,77
Ear,62,419,253,14.0,57,-114
Ear,63,416,253,13.3,56,89
Ear,64,411,246,13.1,55,1065
Ear,65,410,247,12.3,54,4
Ear,66,406,245,12.3,55,-47
Ear,67,406,243,13.1,56,106
Ear,68,397,247,13.2,53,-497
Ear,69,403,262,13.3,52,-770
Ear,70,411,275,13.1,51,134
Ear,71,415,294,12.1,51,370
Ear,72,423,305,13.2,51,157
Ear,73,423,312,14.1,51,-647
Ear,74,412,311,14.1,51,151
Ear,75,407,308,14.2,50,230
Ear,76,410,304,14.3,49,333
Ear,77,407,298,15.2,49,-15
Ear,78,408,299,15.2,49,221
Ear,79,409,300,14.1,49,429
Ear,80,404,295,14.9,45,-357
Eara,81,371,305,13.1,35,-642
Eara,82,359,312,14.9,45,-390
Eara,83,349,311,14.1,45,-231
Eara,84,336,319,15.1,45,679
Eara,85,324,323,15.1,45,-264
Eara,86,323,324,15.2,47,-507
Eara,87,319,324,15.1,47,20
Eara,88,317,322,15.1,48,-427
Eara,89,318,321,15.1,48,-864
Eara,90,327,324,15.1,49,-2329
Eara,91,328,313,15.0,48,-1332
Eara,92,328,313,14.2,43,439
Eara,93,330,318,16.1,44,-302
Eara,94,327,314,16.0,44,-1757
Eara,95,325,309,16.1,44,-3632
Eara,96,324,311,15.2,43,-2412
Eara,97,329,306,17.1,42,-131
Eara,98,323,307,18.1,41,234
Eara,99,325,309,18.0,41,-1537
Eara,100,321,304,18.1,41,-2705
Eara,101,325,295,17.1,41,-767
Eara,102,325,298,16.0,41,-214
Eara,103,320,297,16.1,41,568
Eara,104,320,297,16.1,41,3437
Eara,105,318,294,17.0,41,-439
Eara,106,312,302,17.0,41,10
Eara,107,312,302,17.0,41,-1778
Eara,108,312,301,17.0,42,423
Eara,109,312,300,17.0,42,-887
Eara,110,312,300,17.0,43,-426
Eara,111,312,299,17.0,43,909
Eara,112,311,298,17.0,44,-1463
Eara,113,311,296,17.2,44,-118
Eara,114,311,294,17.3,44,-1032
Eara,115,312,292,17.5,44,1309
Eara,116,312,290,17.7,44,2992
Eara,117,312,288,17.8,44,2422
Eara,118,313,285,18.0,44,5653
Eara,119,320,284,18.1,29,1151
Eara,120,316,286,18.1,41,3377
Eara,121,316,286,18.1,41,1808
Eara,122,318,291,18.1,41,-1828
Eara,123,318,279,17.1,29,-2536
Eara,124,318,283,17.2,39,-2415
Eara,125,303,296,16.0,38,15945
Eara,126,309,296,17.0,38,-4048
Eara,127,326,295,17.0,38,488
Eara,128,331,295,16.1,37,-1971
Eara,129,326,301,17.0,33,1378
Earaa,130,297,313,18.1,29,21633
Earaa,131,287,313,18.1,29,14299
Earaa,132,287,313,19.1,37,5876
Earaa,133,293,309,18.0,37,10480
Earaa,134,300,302,18.0,37,6785
Earaa,135,290,302,18.1,37,-8588
Earaa,136,292,299,18.1,37,-1594
Earaa,137,290,294,17.1,37,2281
Earaa,138,285,297,17.1,37,3985
Earaa,139,285,296,17.3,37,4591
Earaa,140,286,294,17.4,37,5859
Earaa,141,287,293,17.6,37,4202
Earaa,142,288,291,17.7,37,-2719
Earaa,143,289,290,17.9,37,-4475
Earaa,144,290,288,18.0,36,-1408
Earaa,145,292,286,18.2,36,-3618
Earap,130,354,295,18.1,33,418
Earap,131,364,293,19.0,33,-172
Earap,132,366,293,18.2,37,-1644
Earap,133,366,298,17.1,37,-770
Earap,134,372,304,18.1,37,1398
Earap,135,364,301,19.0,33,1406
Earap,136,356,299,18.1,35,-2151
Earap,137,351,299,18.1,37,-558
Earap,138,350,298,18.1,37,-2330
Earap,139,353,304,18.2,37,-2481
Earap,140,347,298,17.1,37,-1305
Earap,141,350,300,18.1,37,-2192
Earap,142,350,300,18.1,37,-4964
Earap,143,351,298,18.1,37,-4660
Earap,144,353,295,18.1,37,-1857
Earap,145,355,292,18.1,37,-1546
Earp,81,431,271,14.2,43,94
Earp,82,427,260,15.9,45,74
Earp,83,433,265,15.9,45,-714
Earp,84,430,256,16.0,45,-54
Earp,85,425,252,15.9,45,-173
Earp,86,426,259,15.1,45,-1183
Earp,87,428,256,15.1,47,-2203
Earp,88,432,259,15.0,48,-311
Earp,89,431,263,15.0,48,-345
Earp,90,429,264,15.1,47,-257
Earp,91,424,268,15.2,48,-822
Earp,92,423,273,14.2,45,-624
Earp,93,417,275,14.2,44,-870
Earp,94,413,272,14.1,44,-652
Earp,95,409,277,15.0,44,-235
Earp,96,407,278,15.1,43,-187
Earp,97,411,276,15.0,42,35
Earp,98,409,281,14.2,41,216
Earp,99,410,277,16.0,41,-1133
Earp,100,405,275,15.1,41,194
Earp,101,405,278,15.1,41,-433
Earp,102,402,279,15.1,41,-484
Earp,103,402,281,15.2,41,-862
Earp,104,402,274,15.2,41,454
Earp,105,401,277,17.0,41,-565
Earp,106,392,281,16.1,41,-2107
Earp,107,389,279,17.0,41,-619
Earp,108,388,272,16.0,42,-1441
Earp,109,387,280,16.0,42,-1384
Earp,110,389,279,17.0,42,1245
Earp,111,387,282,16.1,42,-1883
Earp,112,385,273,16.1,42,967
Earp,113,380,277,17.0,42,433
Earp,114,384,277,16.1,42,1595
Earp,115,377,278,16.1,42,1119
Earp,116,387,270,15.2,42,-258
Earp,117,388,269,16.0,42,-959
Earp,118,385,272,16.0,42,614
Earp,119,386,269,16.1,42,46
Earp,120,385,273,16.1,41,-815
Earp,121,384,277,16.1,41,-352
Earp,122,386,277,16.1,41,-1007
Earp,123,385,267,16.1,40,-705
Earp,124,378,266,15.1,39,686
Earp,125,383,266,15.1,38,648
Earp,126,391,273,14.2,38,520
Earp,127,401,275,14.0,38,-347
Earp,128,399,274,14.2,37,34
Earp,129,396,268,15.0,37,-311
Earp,130,394,256,14.0,37,-1039
Earp,131,392,273,13.0,33,1221
Earpa,132,351,277,12.9,33,-3471
Earpa,133,342,278,13.0,33,-623
Earpa,134,342,278,13.0,33,-2290
Earpa,135,341,281,13.2,37,343
Earpa,136,337,281,13.1,37,1093
Earpa,137,338,285,14.0,29,-1867
Earpa,138,339,284,13.2,29,-1929
Earpa,139,339,284,13.2,29,-1210
Earpa,140,333,280,14.0,29,-3013
Earpa,141,339,289,14.1,37,-3388
Earpa,142,343,289,14.5,37,-2323
Earpa,143,347,289,14.8,37,-4412
Earpa,144,351,289,15.2,37,-2657
Earpa,145,355,289,15.5,37,-2048
Earpp,132,420,269,13.9,33,-1536
Earpp,133,425,262,13.9,33,141
Earpp,134,421,271,14.0,37,-983
Earpp,135,424,278,15.2,37,-508
Earpp,136,422,285,16.2,37,-500
Earpp,137,425,274,16.1,37,-2242
Earpp,138,423,277,16.0,37,-1128
Earpp,139,423,270,15.1,37,-90
Earpp,140,413,269,15.1,37,267
Earpp,141,417,270,15.1,37,481
Earpp,142,419,272,16.0,37,501
Earpp,143,421,273,15.1,37,-355
Earpp,144,419,274,15.1,37,-268
Earpp,145,413,268,14.2,37,-1076
Ep,23,558,163,14.0,37,1164
Ep,24,576,175,16.3,42,-312
Ep,25,594,174,16.8,56,103
Ep,26,602,170,15.4,62,208
Ep,27,594,158,15.2,64,-33
Ep,28,589,156,14.9,64,-609
Ep,29,569,147,12.6,64,-504
Ep,30,538,165,9.6,57,-591
Ep,31,541,168,10.1,53,-427
Ep,32,537,181,11.0,56,-173
Ep,33,535,185,10.2,59,-303
Ep,34,538,188,10.1,61,-667
Ep,35,533,192,10.2,63,31
Ep,36,541,196,10.1,64,3
Ep,37,532,187,11.1,66,-579
Ep,38,527,195,10.1,68,-181
Ep,39,523,191,11.1,68,96
Ep,40,524,198,11.1,68,98
Ep,41,523,201,12.2,65,-278
Ep,42,529,199,13.1,68,-10
Ep,43,529,202,13.2,67,239
Ep,44,535,196,13.2,67,296
Ep,45,538,205,14.1,67,231
Ep,46,537,210,14.2,64,309
Ep,47,533,218,16.1,60,-39
Ep,48,522,224,17.1,58,30
Ep,49,516,229,17.1,57,22
Ep,50,515,235,17.1,57,-298
Ep,51,513,235,16.2,56,588
Epl,52,506,214,16.2,53,-578
Epl,53,498,192,16.1,49,511
Epl,54,491,183,16.9,46,714
Epl,55,489,165,16.9,48,474
Epl,56,492,174,16.3,51,-427
Epl,57,489,175,16.1,51,-10
Epl,58,495,182,16.1,53,141
Epl,59,504,177,15.3,55,189
Epl,60,508,181,15.1,57,747
Epl,61,512,185,14.2,54,560
Epl,62,506,191,14.1,55,-313
Epl,63,503,191,13.0,58,393
Epl,64,509,176,14.2,57,41
Epl,65,513,174,14.2,56,1017
Epl,66,521,179,15.1,57,677
Epl,67,528,180,14.2,56,91
Epl,68,522,180,14.2,53,964
Epl,69,520,182,14.1,52,1032
Epl,70,511,181,14.1,51,586
Epl,71,506,184,13.2,51,1401
Epl,72,506,183,13.2,51,612
Epl,73,506,186,14.1,51,537
Epl,74,501,187,14.2,51,365
Epl,75,502,192,15.2,50,874
Epl,76,495,192,15.1,49,-74
Epl,77,490,196,15.1,49,540
Epl,78,493,194,14.3,49,434
Epl,79,492,199,14.3,49,925
Epl,80,492,196,15.0,49,237
Epl,81,494,197,15.1,49,-236
Epl,82,491,191,14.1,45,-271
Epla,83,472,212,12.3,35,-143
Epla,84,466,216,13.0,45,905
Epla,85,463,216,13.1,45,638
Epla,86,468,222,14.0,45,106
Epla,87,467,223,14.0,47,189
Epla,88,466,220,14.1,50,135
Epla,89,465,214,14.9,46,378
Epla,90,467,216,15.1,47,-1086
Epla,91,465,223,15.3,48,-526
Epla,92,464,228,15.1,45,312
Epla,93,459,232,14.2,44,655
Epla,94,460,236,14.2,42,231
Epla,95,458,237,14.2,44,481
Epla,96,458,240,15.1,43,167
Epla,97,457,242,15.1,42,-63
Epla,98,453,232,15.0,41,-609
Epla,99,453,236,15.1,41,1789
Epla,100,452,241,15.1,41,-163
Epla,101,453,238,16.0,41,136
Epla,102,447,239,16.0,41,157
Epla,103,450,236,15.2,39,-500
Epla,104,458,223,16.1,41,-526
Epla,105,453,227,17.1,41,-248
Epla,106,447,230,17.1,41,-627
Epla,107,447,231,16.3,39,-37
Epla,108,446,231,19.0,42,319
Epla,109,439,233,18.1,42,144
Epla,110,445,226,19.1,42,173
Epla,111,440,230,19.0,38,257
Epla,112,440,229,20.0,38,-1286
Epla,113,435,232,18.0,42,1630
Epla,114,443,230,18.0,40,-816
Epla,115,443,230,18.0,40,-17
Epla,116,450,242,19.0,29,287
Epla,117,447,236,19.0,27,164
Epla,118,444,228,18.0,42,342
Epla,119,448,239,18.0,42,-968
Epla,120,451,241,18.0,41,234
Epla,121,453,240,17.1,41,-6
Epla,122,453,242,17.1,41,-244
Epla,123,462,238,16.2,40,160
Epla,124,450,233,17.1,39,-645
Epla,125,449,233,18.1,38,-924
Epla,126,459,228,18.0,38,-1273
Epla,127,451,233,17.1,38,312
Epla,128,456,235,17.1,37,2026
Epla,129,453,239,17.1,37,683
Epla,130,447,240,18.0,37,-696
Epla,131,456,238,18.1,37,741
Epla,132,450,235,18.1,37,880
Epla,133,450,232,18.0,37,700
Epla,134,450,236,18.1,37,-635
Epla,135,457,231,18.0,37,1450
Epla,136,453,218,20.0,33,874
Eplaa,137,430,232,22.0,36,-1361
Eplaa,138,428,232,21.7,35,595
Eplaa,139,426,232,21.3,33,-603
Eplaa,140,424,233,21.0,32,-2247
Eplaa,141,422,233,20.7,30,-396
Eplaa,142,420,233,20.3,29,2585
Eplaa,143,417,234,20.0,27,-1313
Eplaa,144,415,236,20.0,33,3890
Eplaa,145,413,237,20.0,33,2197
Eplap,137,476,204,17.0,33,-90
Eplap,138,478,209,16.9,33,-933
Eplap,139,480,216,17.0,33,-1569
Eplap,140,480,216,17.0,33,-834
Eplap,141,477,218,17.5,30,68
Eplap,142,473,221,18.0,27,1024
Eplap,143,473,221,18.0,27,912
Eplap,144,475,219,18.0,33,200
Eplap,145,474,217,17.0,35,-945
Eplp,83,528,178,15.1,39,613
Eplp,84,533,172,15.0,45,-540
Eplp,85,531,163,15.1,45,1015
Eplp,86,553,160,14.2,47,-278
Eplp,87,556,165,13.2,49,-1722
Eplp,88,558,165,14.1,48,-298
Eplp,89,554,168,15.0,46,-676
Eplp,90,551,178,14.1,47,-849
Eplp,91,552,188,13.1,48,-1225
Eplp,92,553,201,12.1,45,-444
Eplp,93,552,204,12.2,44,-69
Eplp,94,544,209,13.0,44,-1145
Eplp,95,541,218,13.1,44,-964
Eplp,96,541,223,13.1,43,-1182
Eplp,97,535,228,14.2,42,1020
Eplp,98,533,228,15.0,41,1337
Eplp,99,526,225,15.0,41,886
Eplp,100,529,225,15.1,41,447
Eplp,101,525,223,17.0,41,-141
Eplp,102,518,224,17.1,41,838
Eplp,103,520,238,17.0,41,2259
Eplp,104,522,235,17.1,41,1568
Eplp,105,524,231,17.1,41,1836
Eplp,106,521,231,18.0,41,-450
Eplp,107,525,222,18.1,41,-725
Eplp,108,527,230,18.0,42,738
Eplp,109,521,233,19.1,40,1147
Eplp,110,525,230,20.0,38,-991
Eplp,111,528,222,20.0,38,-2057
Eplp,112,519,220,19.1,40,-803
Eplp,113,519,224,19.1,38,-1687
Eplp,114,517,228,19.1,42,1126
Eplp,115,517,228,19.1,42,-493
Eplp,116,517,237,18.9,27,186
Eplp,117,511,233,18.1,42,1262
Eplp,118,515,230,18.9,38,-197
Eplp,119,513,235,18.0,42,-933
Eplp,120,513,236,17.1,41,-659
Eplp,121,512,228,17.1,41,-1611
Eplp,122,517,234,16.2,41,-902
Eplp,123,517,238,15.1,40,236
Eplp,124,500,239,16.0,39,5
Eplp,125,506,234,16.0,38,-944
Eplp,126,499,235,16.1,29,-458
Eplp,127,503,233,17.0,38,207
Eplp,128,504,227,16.0,37,821
Eplp,129,504,227,16.0,37,-1132
Eplp,130,505,231,15.1,37,-455
Eplp,131,507,233,16.0,37,172
Eplp,132,503,225,14.2,37,-1084
Eplp,133,512,220,15.0,37,-712
Eplp,134,525,223,15.0,33,-1240
Eplpa,135,509,230,17.9,33,1036
Eplpa,136,501,221,18.1,33,-629
Eplpa,137,516,210,18.0,33,403
Eplpa,138,513,217,16.2,35,-1617
Eplpa,139,519,214,15.2,35,72
Eplpa,140,515,218,16.1,35,2449
Eplpa,141,518,224,18.0,33,-75
Eplpa,142,518,223,18.1,33,645
Eplpa,143,519,229,18.0,35,1173
Eplpa,144,515,223,18.0,27,208
Eplpa,145,513,220,18.0,33,613
Eplpp,135,548,209,13.3,35,-2040
Eplpp,136,552,216,12.1,37,-1991
Eplpp,137,554,207,12.0,37,-4754
Eplpp,138,560,207,12.1,37,-1766
Eplpp,139,564,208,12.2,37,-279
Eplpp,140,564,211,12.0,37,3803
Eplpp,141,564,211,12.0,29,-2042
Eplpp,142,555,213,13.0,37,922
Eplpp,143,556,217,12.0,37,3444
Eplpp,144,555,218,12.1,37,2776
Eplpp,145,555,215,13.0,37,684
Epr,52,512,252,14.1,51,-628
Epr,53,522,272,14.0,49,-409
Epr,54,532,283,14.8,46,334
Epr,55,535,300,13.4,50,102
Epr,56,535,291,14.2,49,131
Epr,57,520,290,13.4,53,867
Epr,58,518,291,13.3,53,-34
Epr,59,512,291,13.3,55,168
Epr,60,516,285,13.0,53,560
Epr,61,519,279,13.3,54,128
Epr,62,518,277,13.3,55,185
Epr,63,519,276,14.2,56,29
Epr,64,520,266,14.2,57,363
Epr,65,531,263,15.1,58,-271
Epr,66,536,262,14.3,57,-100
Epr,67,548,259,15.1,54,338
Epr,68,542,246,16.1,53,537
Epr,69,543,241,18.1,52,244
Epr,70,542,235,18.1,51,219
Epr,71,532,236,18.1,51,1072
Epr,72,522,245,17.1,51,1011
Epr,73,519,248,17.0,51,729
Epr,74,514,251,16.2,51,1052
Epr,75,517,257,17.0,50,476
Epr,76,523,257,16.0,49,17
Epr,77,518,265,17.1,49,1119
Epr,78,513,268,17.0,49,2130
Epr,79,512,274,16.1,49,-162
Epr,80,511,275,16.2,49,-81
Epra,81,514,294,14.9,45,-336
Epra,82,497,298,13.9,45,-214
Epra,83,495,308,14.0,45,-712
Epra,84,485,311,14.0,45,-867
Epra,85,475,314,14.0,45,-914
Epra,86,477,312,13.4,47,-562
Epra,87,475,305,14.1,49,-1221
Epra,88,482,298,14.1,46,550
Epra,89,478,295,14.0,46,-666
Epra,90,476,292,14.2,47,660
Epra,91,468,295,14.2,48,2864
Epra,92,468,296,14.1,45,111
Epra,93,460,304,14.1,44,722
Epra,94,452,313,14.1,44,-302
Epra,95,451,314,15.0,44,-749
Epra,96,455,314,15.0,43,1630
Epra,97,455,305,17.0,29,1142
Epra,98,455,307,17.0,33,3499
Epra,99,454,309,17.1,37,4514
Epra,100,453,312,17.1,41,4042
Epra,101,453,312,17.1,41,5244
Epra,102,446,315,17.1,41,5164
Epra,103,446,315,17.1,41,3694
Epra,104,445,314,17.0,29,2207
Epra,105,444,319,16.0,41,10518
Epra,106,447,310,16.1,29,913
Epra,107,435,308,17.0,41,3991
Epra,108,439,306,17.0,42,-1094
Epra,109,437,310,17.1,42,1270
Epra,110,432,310,18.0,42,286
Epra,111,426,310,19.0,42,386
Epra,112,426,315,18.1,42,-839
Epra,113,432,312,18.1,42,3110
Epra,114,429,311,19.0,42,1756
Epra,115,427,312,19.0,42,2135
Epra,116,435,312,18.0,42,204
Epra,117,440,315,18.1,42,397
Epra,118,440,315,18.1,42,-1580
Epra,119,442,319,20.1,42,-1874
Epra,120,436,309,18.1,41,273
Epra,121,443,307,18.1,41,-1345
Epra,122,442,304,18.1,41,-770
Epra,123,435,296,18.0,40,-1199
Epra,124,435,290,18.1,39,1849
Epra,125,427,292,18.1,38,-2273
Epra,126,432,299,18.0,38,229
Epra,127,439,297,17.2,38,-771
Epra,128,442,299,16.1,37,388
Epra,129,440,305,17.0,37,-975
Epra,130,439,318,17.2,37,-664
Epra,131,440,317,18.1,37,337
Epra,132,443,315,16.1,37,409
Epra,133,443,314,17.2,37,-874
Epraa,134,428,326,19.0,33,-3898
Epraa,135,403,341,19.0,33,-3191
Epraa,136,398,338,19.1,33,-956
Epraa,137,394,338,19.1,34,-2529
Epraa,138,389,337,19.0,35,1674
Epraa,139,386,335,19.9,33,-2584
Epraa,140,384,339,19.1,33,-2810
Epraa,141,385,336,18.9,33,-7076
Epraa,142,388,332,18.2,35,-3071
Epraa,143,390,331,18.1,35,-1836
Epraa,144,398,323,18.0,35,-354
Epraa,145,398,314,19.0,33,-1209
Eprap,134,448,308,18.0,33,-2173
Eprap,135,468,306,18.1,33,84
Eprap,136,468,303,18.0,33,-2489
Eprap,137,465,292,18.0,37,-73
Eprap,138,455,305,18.0,37,-3552
Eprap,139,457,302,17.0,35,-3331
Eprap,140,447,297,17.1,37,-453
Eprap,141,446,294,18.0,37,-1714
Eprap,142,447,294,19.0,33,34
Eprap,143,447,291,19.0,33,-1817
Eprap,144,446,288,19.0,33,321
Eprap,145,445,285,19.0,33,-2119
Eprp,81,530,274,17.8,45,-27
Eprp,82,539,255,19.0,45,-763
Eprp,83,545,253,20.0,45,-648
Eprp,84,538,239,18.1,47,-930
Eprp,85,543,233,18.2,47,-639
Eprp,86,555,235,20.0,47,2113
Eprp,87,554,231,19.1,49,538
Eprp,88,558,233,18.9,46,908
Eprp,89,551,235,18.9,46,-135
Eprp,90,555,224,20.1,34,692
Eprp,91,548,228,18.2,46,248
Eprp,92,548,244,18.1,45,-1870
Eprp,93,539,248,18.0,44,-56
Eprp,94,536,256,18.0,44,-416
Eprp,95,546,271,17.1,44,-247
Eprp,96,555,277,17.0,43,869
Eprp,97,557,285,16.1,42,429
Eprp,98,556,285,16.1,41,-1039
Eprp,99,553,273,17.1,41,-315
Eprp,100,549,280,17.1,41,-435
Eprp,101,540,281,17.1,41,-298
Eprp,102,547,284,18.1,41,-1367
Eprp,103,540,292,18.1,41,-1427
Eprp,104,540,296,17.2,41,-236
Eprp,105,535,286,17.1,41,986
Eprp,106,527,285,17.1,41,-446
Eprp,107,515,284,17.2,41,1472
Eprp,108,525,289,19.2,42,433
Eprp,109,520,295,20.0,42,1330
Eprp,110,535,290,19.1,42,-1004
Eprp,111,524,283,19.0,42,-1189
Eprp,112,517,283,20.9,38,-304
Eprp,113,517,283,20.9,38,-660
Eprp,114,519,282,20.1,38,-456
Eprp,115,508,292,20.1,29,-141
Eprp,116,519,292,21.0,38,-1173
Eprp,117,516,284,20.1,38,-267
Eprp,118,511,293,20.0,42,1321
Eprp,119,512,288,19.0,42,-1222
Eprp,120,516,286,17.2,41,601
Eprp,121,507,286,18.0,41,630
Eprp,122,508,285,17.1,41,-1662
Eprp,123,511,289,18.0,40,-990
Eprp,124,497,286,18.0,39,1276
Eprp,125,493,284,17.1,38,47
Eprp,126,497,285,18.0,38,1232
Eprp,127,496,278,17.1,38,-768
Eprp,128,493,280,18.0,37,1206
Eprp,129,490,283,17.1,37,1234
Eprp,130,488,277,17.1,37,1184
Eprp,131,486,285,17.1,37,-1217
Eprp,132,483,276,17.1,37,-1071
Eprp,133,492,271,18.0,37,-664
Eprp,134,505,287,17.1,37,97
Eprp,135,516,290,17.0,37,-3076
Eprp,136,514,291,16.1,37,1138
Eprp,137,520,271,16.2,37,-1681
Eprpa,138,492,285,19.5,36,387
Eprpa,139,486,281,19.0,33,-893
Eprpa,140,480,276,18.5,30,-1636
Eprpa,141,474,271,18.0,27,567
Eprpa,142,476,268,17.0,29,-870
Eprpa,143,475,265,17.9,33,1446
Eprpa,144,473,267,17.1,29,-1018
Eprpa,145,471,261,17.0,33,-514
Eprpp,138,548,269,14.9,33,-1519
Eprpp,139,546,272,14.1,37,-3232
Eprpp,140,542,271,14.1,37,-2586
Eprpp,141,538,270,14.1,37,277
Eprpp,142,534,269,14.0,37,1247
Eprpp,143,530,268,14.0,37,-1941
Eprpp,144,526,266,14.0,36,1113
Eprpp,145,526,266,14.6,36,1872
P2,2,571,232,14.0,61,-434
P2,3,610,244,14.7,64,-460
P2,4,622,235,15.6,74,-431
P2,5,616,232,16.1,78,-206
P2,6,589,261,15.9,80,-250
P2,7,572,290,16.6,85,-47
P2,8,566,286,17.7,86,-10
P2,9,572,242,16.9,88,-389
P2,10,572,205,18.1,88,-196
P2,11,595,218,17.3,75,-98
P2,12,591,213,17.0,50,471
C,13,580,226,18.7,50,171
C,14,568,239,20.3,50,-419
C,15,556,252,22.0,50,268
C,16,543,248,24.0,48,-104
C,17,549,243,23.1,51,724
C,18,545,263,22.2,42,-940
C,19,555,293,22.2,57,-843
C,20,543,307,21.3,54,-306
C,21,505,301,21.1,58,338
C,22,496,309,21.1,59,203
Ca,23,476,300,21.1,56,-302
Ca,24,456,290,21.0,53,390
Ca,25,436,280,21.0,50,841
Ca,26,436,274,21.3,50,603
Ca,27,436,267,21.6,50,163
Ca,28,436,261,21.9,50,521
Ca,29,436,254,22.1,50,163
Ca,30,436,248,22.4,50,-512
Ca,31,436,241,22.7,50,-36
Ca,32,437,234,23.0,50,-549
Ca,33,425,237,20.1,39,101
Ca,34,427,237,23.0,40,-246
Ca,35,429,240,21.0,42,-67
Ca,36,428,245,22.0,58,-455
Ca,37,427,243,21.0,60,-85
Ca,38,416,244,21.2,56,135
Caa,39,404,245,21.5,51,355
Caa,40,393,246,21.7,47,-601
Caa,41,381,248,21.9,42,343
Caa,42,371,245,22.0,43,-186
Caa,43,378,244,21.9,40,-609
Caa,44,379,229,23.0,61,-519
Caa,45,382,225,23.0,61,-283
Caa,46,378,230,23.0,58,327
Caa,47,379,240,22.1,56,-165
Caa,48,372,242,22.2,58,-50
Caa,49,367,256,22.2,57,131
Caa,50,370,282,23.0,57,-288
Caa,51,373,294,22.2,56,384
Caa,52,376,295,23.0,51,575
Caa,53,373,280,23.1,53,622
Caa,54,372,278,23.1,50,766
Caa,55,374,264,23.0,52,2231
Caa,56,376,265,22.0,51,1770
Caa,57,370,260,22.0,53,1808
Caa,58,375,256,21.1,53,2400
Caa,59,373,253,21.1,53,2376
Caaa,60,353,279,22.0,34,5455
Caaa,61,336,282,22.0,52,1407
Caaa,62,334,279,22.9,51,1845
Caaa,63,334,285,23.0,52,2494
Caaa,64,328,282,23.0,51,3528
Caaa,65,339,277,21.9,52,2561
Caaa,66,330,274,22.0,51,4194
Caaa,67,340,276,21.0,50,4142
Caaa,68,336,271,20.9,49,5275
Caaa,69,338,278,20.2,48,8553
Caaa,70,338,278,20.9,47,9421
Caaa,71,344,287,21.0,51,7168
Caaa,72,349,283,21.2,51,6632
Caaa,73,351,280,22.0,47,7186
Caaa,74,357,276,22.1,51,9446
Caaa,75,355,272,22.3,48,8852
Caaa,76,367,269,23.0,49,11246
Caaa,77,361,266,23.0,49,10175
Caaa,78,373,262,22.3,49,13298
Caaa,79,376,254,23.0,49,13242
Caaa,80,383,245,21.3,49,14240
Caaa,81,393,248,21.2,49,17483
Caaa,82,390,244,21.2,47,15987
Caaa,83,395,236,22.0,49,15494
Caaa,84,408,226,22.0,45,21145
Caaa,85,410,232,22.0,45,21556
Caaa,86,417,217,21.1,39,24274
Caaaa,87,393,234,22.0,45,11097
Caaaa,88,408,238,22.9,46,9695
Caaaa,89,414,244,23.0,46,10292
Caaaa,90,416,238,23.0,45,9429
Caaaa,91,421,239,23.9,44,8881
Caaaa,92,429,222,23.0,41,13113
Caaaa,93,436,214,23.1,42,12450
Caaaa,94,440,213,23.1,40,11546
Caaaa,95,451,214,23.1,40,13164
Caaaa,96,453,213,23.1,43,14905
Caaaa,97,460,216,23.1,42,13512
Caaaa,98,460,202,23.1,39,15451
Caaaa,99,465,197,22.2,41,15964
Caaaa,100,463,196,23.0,41,17828
Caaaa,101,470,198,23.2,41,16193
Caaaa,102,470,190,23.2,41,19598
Caaaa,103,474,190,24.0,41,17277
Caaaa,104,475,200,24.1,41,17229
Caaaa,105,476,206,24.0,41,16370
Caaaa,106,489,204,24.1,41,17753
Caaaa,107,485,200,24.1,41,17818
Caaaa,108,488,205,24.1,42,16866
Caaaa,109,490,199,25.0,38,11270
Caaaa,110,492,201,25.0,38,10077
Caaaa,111,491,203,24.2,42,18589
Caaaa,112,497,200,25.0,40,15093
Caaaa,113,505,202,24.1,42,19620
Caaaa,114,504,202,24.2,42,19143
Caaaa,115,505,202,24.1,42,18500
Caaaa,116,513,206,24.1,42,21256
Caaaa,117,512,201,24.1,42,23369
Caaaa,118,511,204,24.1,42,23491
Caaaa,119,514,200,23.2,42,27598
Caaaa,120,499,204,23.1,41,31889
Caaaa,121,497,206,23.1,41,30469
Caaaa,122,491,211,23.0,37,36015
Caaaa,123,487,220,23.0,36,38685
Caaaaa,124,453,222,22.1,35,27128
Caaaaa,125,451,224,22.9,34,26911
Caaaaa,126,446,228,22.9,34,25348
Caaaaa,127,448,233,23.0,36,25703
Caaaaa,128,452,234,23.1,37,22050
Caaaaa,129,455,245,23.2,37,22149
Caaaaa,130,452,249,24.0,35,20107
Caaaaa,131,451,245,23.2,37,20863
Caaaaa,132,448,237,24.1,37,20816
Caaaaa,133,452,231,23.2,37,22263
Caaaaa,134,458,241,24.0,37,23816
Caaaaa,135,457,250,24.0,35,23030
Caaaaa,136,456,250,24.2,35,25736
Caaaaa,137,466,254,24.1,33,28683
Caaaaa,138,464,253,24.1,33,24410
Caaaaa,139,467,252,24.0,33,24201
Caaaaa,140,465,244,24.1,33,23836
Caaaaa,141,468,244,24.2,33,18055
Caaaaa,142,470,250,24.1,35,24221
Caaaaa,143,470,235,24.2,35,20856
Caaaaa,144,471,234,23.3,35,20565
Caaaaa,145,469,233,24.0,35,24618
Caaaap,124,507,210,23.1,35,25152
Caaaap,125,511,207,23.0,34,21803
Caaaap,126,510,215,23.1,36,18994
Caaaap,127,512,224,23.2,38,25571
Caaaap,128,515,232,23.2,37,21227
Caaaap,129,517,233,24.0,35,20561
Caaaap,130,515,226,24.1,37,19927
Caaaap,131,518,220,24.1,37,21582
Caaaap,132,518,207,24.1,37,22638
Caaaap,133,519,206,23.3,37,22348
Caaaap,134,525,220,23.0,37,24693
Caaaap,135,529,223,23.2,37,26608
Caaaap,136,525,216,23.2,37,25438
Caaaap,137,523,219,24.0,33,22946
Caaaap,138,518,221,24.0,35,19892
Caaaap,139,523,219,23.1,33,26157
Caaaap,140,521,216,23.1,37,26654
Caaaap,141,524,219,23.1,35,21692
Caaaap,142,524,217,24.0,33,22578
Caaaap,143,523,213,23.1,35,23228
Caaaap,144,521,211,23.2,33,24395
Caaaap,145,517,201,23.1,37,23581
Caaap,87,448,217,21.2,43,8063
Caaap,88,470,213,22.9,46,5946
Caaap,89,483,211,23.1,46,7015
Caaap,90,491,203,23.1,45,8997
Caaap,91,493,201,23.0,44,9927
Caaap,92,495,208,22.1,43,9930
Caaap,93,492,205,23.0,42,13000
Caaap,94,495,205,23.0,40,12395
Caaap,95,504,206,22.2,42,12343
Caaap,96,508,200,22.1,43,17794
Caaap,97,511,191,22.0,40,17540
Caaap,98,509,182,22.0,41,17160
Caaap,99,513,177,22.1,39,23601
Caaap,100,513,169,22.0,41,20178
Caaap,101,517,176,22.2,41,22887
Caaap,102,522,179,22.1,41,19818
Caaap,103,527,182,23.0,41,16067
Caaap,104,531,179,23.1,41,19989
Caaap,105,539,186,22.1,41,21687
Caaap,106,548,186,22.1,41,20090
Caaap,107,547,187,22.0,41,22523
Caaap,108,549,191,22.0,42,20440
Caaap,109,555,193,21.3,40,23044
Caaap,110,561,196,23.0,42,19331
Caaap,111,559,196,23.1,42,19492
Caaap,112,562,196,22.2,42,22576
Caaap,113,564,194,22.2,42,24112
Caaap,114,562,195,22.1,42,28332
Caaap,115,561,201,22.1,42,26039
Caaap,116,575,198,22.1,42,31153
Caaap,117,572,195,21.1,40,36527
Caaap,118,571,195,21.0,38,33796
Caaap,119,571,195,20.9,38,41094
Caaapa,120,546,204,22.8,37,24695
Caaapa,121,549,201,23.0,37,19916
Caaapa,122,554,198,23.0,37,18243
Caaapa,123,546,203,24.0,36,25161
Caaapa,124,551,198,23.3,37,19808
Caaapa,125,559,197,24.0,36,21185
Caaapa,126,550,211,25.0,34,18857
Caaapa,127,560,206,24.1,36,21873
Caaapa,128,566,212,25.0,33,21697
Caaapa,129,567,215,24.0,37,22372
Caaapa,130,567,214,24.0,37,24367
Caaapa,131,569,206,23.2,37,25137
Caaapa,132,567,199,23.0,37,24593
Caaapa,133,566,199,22.3,37,20968
Caaapa,134,567,205,22.2,37,24429
Caaapa,135,568,206,22.1,37,23012
Caaapa,136,570,206,23.0,37,19921
Caaapa,137,574,214,22.2,37,27152
Caaapa,138,569,214,22.2,37,25696
Caaapa,139,573,215,22.2,37,29841
Caaapa,140,571,214,22.2,37,24408
Caaapa,141,571,208,23.0,37,22286
Caaapa,142,570,207,22.1,37,20045
Caaapa,143,572,204,23.1,37,20791
Caaapa,144,566,206,23.1,37,19236
Caaapa,145,567,201,23.1,37,19143
Caaapp,120,590,182,18.8,37,31756
Caaapp,121,591,182,17.9,37,30275
Caaapp,122,596,195,17.9,37,34353
Caaapp,123,598,197,17.1,36,31592
Caaapp,124,594,191,18.2,37,24742
Caaapp,125,597,192,18.3,36,26150
Caaapp,126,596,190,19.3,38,22840
Caaapp,127,601,192,19.2,36,29205
Caaapp,128,605,200,19.2,35,29983
Caaapp,129,603,207,18.4,37,28443
Caaapp,130,596,207,19.3,37,28866
Caaapp,131,599,206,19.3,37,35742
Caaapp,132,595,201,18.3,37,31073
Caaapp,133,596,199,18.3,37,33800
Caaapp,134,593,198,18.1,37,31276
Caaapp,135,595,192,17.3,37,31744
Caaapp,136,596,182,18.1,37,38430
Caaapp,137,604,190,18.1,37,33065
Caaapp,138,600,193,17.3,37,29687
Caaapp,139,604,188,18.1,37,36297
Caaapp,140,604,181,18.1,37,38610
Caaapp,141,608,187,18.1,37,40874
Caaapp,142,601,185,18.1,37,32052
Caaapp,143,602,188,18.2,37,41513
Caaapp,144,603,188,18.2,37,37259
Caaapp,145,603,186,18.2,37,33369
Caap,60,398,246,20.1,51,1348
Caap,61,412,238,20.9,52,2138
Caap,62,415,232,21.9,51,2230
Caap,63,419,221,22.8,52,2390
Caap,64,415,217,22.1,51,3486
Caap,65,411,217,22.1,52,2512
Caap,66,418,210,22.1,51,4110
Caap,67,428,213,22.0,50,4767
Caap,68,433,211,22.1,49,4612
Caap,69,431,212,22.9,48,4453
Caap,70,425,216,22.3,49,5435
Caap,71,426,218,23.1,51,5386
Caap,72,433,214,23.1,51,5561
Caap,73,437,213,23.2,51,6782
Caap,74,443,214,23.2,51,7793
Caap,75,445,209,23.2,50,7796
Caap,76,445,201,23.2,49,10004
Caap,77,443,202,23.2,47,13410
Caap,78,446,194,23.2,49,12350
Caap,79,444,191,23.1,47,14615
Caap,80,448,183,23.1,49,14001
Caap,81,458,189,23.0,45,14246
Caap,82,454,173,23.2,49,16583
Caap,83,458,177,23.0,45,19162
Caap,84,463,173,22.1,47,17764
Caap,85,468,174,22.1,49,16187
Caap,86,473,168,22.0,47,16253
Caap,87,479,164,21.0,45,18166
Caapa,88,478,171,21.1,46,8467
Caapa,89,468,171,21.0,46,9700
Caapa,90,461,168,21.0,45,10744
Caapa,91,449,155,21.0,44,14853
Caapa,92,455,157,20.0,41,19405
Caapa,93,456,154,19.1,40,20866
Caapa,94,468,155,18.8,40,23351
Caapa,95,470,159,18.9,40,21970
Caapa,96,471,160,18.1,41,22160
Caapa,97,470,150,18.2,42,23617
Caapa,98,475,145,18.2,39,22243
Caapa,99,484,141,18.2,41,27736
Caapa,100,483,144,18.1,41,23444
Caapa,101,492,141,18.1,41,27873
Caapa,102,500,135,18.9,37,35627
Caapa,103,506,139,19.1,37,38456
Caapa,104,513,132,18.9,37,40406
Caapa,105,514,127,19.1,37,41549
Caapa,106,513,131,20.0,37,37295
Caapa,107,513,130,19.9,37,44766
Caapa,108,517,135,20.9,38,34673
Caapa,109,524,140,20.8,38,32046
Caapa,110,523,140,20.1,38,38417
Caapa,111,530,146,20.0,38,48618
Caapa,112,530,148,19.9,38,39312
Caapa,113,528,152,19.1,40,39747
Caapa,114,531,146,19.9,38,39817
Caapa,115,540,143,20.0,38,48809
Caapa,116,547,140,19.1,40,45884
Caapa,117,552,136,18.4,40,52596
Caapa,118,556,142,18.2,40,54892
Caapa,119,564,140,17.4,40,55042
Caapa,120,563,140,17.1,39,59818
Caapa,121,559,139,17.0,39,57448
Caapa,122,566,140,16.1,39,52411
Caapa,123,571,144,15.1,38,69349
Caapa,124,578,149,14.2,39,77498
Caapa,125,588,148,14.1,38,77481
Caapa,126,588,151,14.3,38,76040
Caapa,127,600,155,13.2,36,78050
Caapa,128,607,162,13.1,37,76531
Caapa,129,602,168,11.4,37,80471
Caapa,130,604,165,12.0,37,71189
Caapa,131,601,165,11.3,37,80964
Caapa,132,603,172,11.0,37,82486
Caapa,133,611,169,10.3,37,89061
Caapa,134,609,162,9.2,37,88380
Caapa,135,613,163,8.4,37,90614
Caapa,136,601,167,8.0,37,80675
Caapa,137,602,172,8.1,37,86604
Caapa,138,605,168,8.3,37,92005
Caapa,139,602,173,8.0,37,77796
Caapa,140,599,173,8.1,37,84625
Caapa,141,598,178,7.2,37,89179
Caapa,142,599,180,8.0,37,75244
Caapa,143,592,183,7.2,37,79639
Caapa,144,593,194,7.2,37,85306
Caapa,145,587,189,7.4,37,82959
Caapp,88,502,142,20.1,46,10648
Caapp,89,512,119,20.9,46,13294
Caapp,90,512,109,21.1,45,22463
Caapp,91,518,111,22.0,44,20951
Caapp,92,536,110,21.1,41,22478
Caapp,93,535,108,22.0,40,21070
Caapp,94,532,109,21.0,42,22273
Caapp,95,534,110,21.1,42,27754
Caapp,96,543,110,20.2,41,30208
Caapp,97,546,113,20.2,42,27269
Caapp,98,552,116,20.3,41,30674
Caapp,99,554,119,20.2,41,29014
Caapp,100,556,121,20.2,41,33220
Caapp,101,557,121,20.3,41,36605
Caapp,102,559,124,19.2,41,37219
Caapp,103,564,125,20.1,41,34638
Caapp,104,567,126,20.0,41,38553
Caapp,105,567,121,20.1,41,37675
Caapp,106,568,125,20.1,41,35473
Caapp,107,565,123,19.2,41,38416
Caapp,108,565,124,20.2,42,35271
Caapp,109,572,122,19.2,42,44175
Caapp,110,576,127,19.1,42,43500
Caapp,111,581,130,19.1,42,42184
Caapp,112,578,134,19.1,42,49839
Caapp,113,576,136,18.2,42,47718
Caapp,114,582,137,18.2,42,44010
Caapp,115,592,142,19.0,42,41051
Caapp,116,597,143,17.2,42,44608
Caapp,117,599,141,17.1,40,49431
Caapp,118,605,149,15.2,40,55377
Caapp,119,618,150,14.3,42,57335
Caapp,120,610,142,14.1,41,57428
Caapp,121,600,142,14.0,37,63743
Caapp,122,602,159,13.6,37,45424
Caappd,123,630,158,16.1,36,41818
Caappd,124,631,163,17.2,37,42269
Caappd,125,634,164,16.2,38,39787
Caappd,126,632,163,17.4,36,33804
Caappd,127,640,164,17.2,38,41309
Caappd,128,639,165,18.1,37,43275
Caappd,129,634,163,17.0,37,45396
Caappd,130,625,159,17.2,37,42366
Caappd,131,619,152,16.1,37,39667
Caappd,132,619,154,16.1,37,43915
Caappd,133,626,156,16.1,37,38500
Caappd,134,622,160,15.0,37,40031
Caappd,135,624,158,15.1,37,39361
Caappd,136,617,158,14.0,37,37135
Caappd,137,618,160,14.1,37,40476
Caappd,138,614,155,14.1,37,37052
Caappd,139,610,146,13.2,37,45415
Caappd,140,609,146,13.2,37,40852
Caappd,141,609,146,13.1,37,44362
Caappd,142,615,150,13.2,37,45546
Caappd,143,610,152,12.4,37,37149
Caappd,144,614,157,13.1,37,38766
Caappd,145,615,151,12.1,37,43202
Caappv,123,605,170,11.1,34,46536
Caappv,124,610,166,10.2,35,53491
Caappv,125,615,170,9.9,34,53433
Caappv,126,612,172,9.9,34,54673
Caappv,127,627,185,9.2,34,66647
Caappv,128,633,192,10.2,33,67593
Caappv,129,626,199,9.2,35,63705
Caappv,130,633,194,10.1,35,63242
Caappv,131,632,195,10.0,33,65094
Caappv,132,637,197,10.1,35,61532
Caappv,133,646,188,9.1,35,63210
Caappv,134,642,187,8.3,35,70056
Caappv,135,640,186,8.0,33,59795
Caappv,136,632,190,7.0,33,58620
Caappv,137,635,189,7.1,33,64603
Caappv,138,628,185,6.3,37,58550
Caappv,139,631,186,6.9,33,57824
Caappv,140,629,186,7.0,33,55280
Caappv,141,633,194,7.1,37,61102
Caappv,142,628,193,6.4,37,57939
Caappv,143,629,195,7.0,37,55599
Caappv,144,629,204,6.4,35,61079
Caappv,145,624,202,6.3,35,64844
Cap,39,431,241,20.9,53,138
Cap,40,446,238,20.5,50,159
Cap,41,462,235,20.1,46,-634
Cap,42,487,228,20.1,45,41
Cap,43,499,218,23.0,61,10
Cap,44,509,205,22.9,61,-274
Cap,45,509,205,22.9,61,420
Cap,46,523,208,21.1,42,20
Cap,47,508,235,22.1,58,-168
Cap,48,498,247,23.1,58,-61
Cap,49,495,253,23.1,57,246
Cap,50,496,259,24.1,57,209
Cap,51,485,280,23.1,56,261
Cap,52,493,264,23.1,51,436
Cap,53,499,242,22.1,53,487
Cap,54,495,245,23.1,50,586
Cap,55,496,248,22.3,52,798
Cap,56,498,256,22.3,51,675
Cap,57,493,251,22.3,53,1848
Cap,58,487,242,23.1,53,2635
Cap,59,483,234,23.1,57,1690
Cap,60,484,228,22.2,55,3011
Cap,61,491,227,22.2,58,3927
Cap,62,492,221,22.0,57,4166
Cap,63,495,217,22.0,37,5061
Capa,64,475,223,22.2,38,2633
Capa,65,478,243,23.9,52,2503
Capa,66,485,259,23.3,51,2505
Capa,67,490,272,24.0,50,3869
Capa,68,481,282,23.2,49,4773
Capa,69,486,285,23.9,48,4105
Capa,70,493,284,24.0,47,3444
Capa,71,495,291,24.1,49,4433
Capa,72,497,291,23.3,51,6463
Capa,73,502,286,23.3,51,6703
Capa,74,503,288,24.0,47,6625
Capa,75,502,291,23.3,50,6879
Capa,76,505,290,23.1,49,8757
Capa,77,507,287,24.0,49,7937
Capa,78,507,273,23.1,47,8775
Capa,79,507,254,23.1,49,8728
Capa,80,500,255,23.2,49,9866
Capa,81,504,257,23.1,49,12348
Capa,82,503,244,24.2,49,11122
Capa,83,506,236,24.1,49,10569
Capa,84,518,221,24.0,49,10864
Capa,85,529,215,24.0,49,10789
Capa,86,541,212,23.3,49,13794
Capa,87,545,205,23.2,49,17115
Capa,88,554,201,23.2,50,19095
Capa,89,556,196,23.2,50,19377
Capa,90,561,193,23.3,49,21018
Capa,91,553,194,23.2,48,19306
Capa,92,558,193,23.1,45,21577
Capa,93,557,192,23.0,44,26540
Capa,94,567,192,22.2,44,26454
Capa,95,572,194,21.1,44,29180
Capa,96,577,190,20.0,41,44938
Capaa,97,572,194,21.1,38,31315
Capaa,98,564,206,22.1,37,26065
Capaa,99,564,207,22.0,41,22926
Capaa,100,569,202,22.0,39,22513
Capaa,101,572,202,21.2,41,20150
Capaa,102,582,192,21.1,41,25757
Capaa,103,587,195,20.1,39,27879
Capaa,104,590,192,19.1,39,27013
Capaa,105,590,190,18.2,41,29908
Capaa,106,586,198,17.9,37,28536
Capaa,107,589,192,16.1,39,36367
Capaa,108,583,190,16.1,38,35422
Capaa,109,580,190,16.1,40,36022
Capaa,110,578,192,14.8,38,43578
Capaa,111,568,199,13.4,40,37456
Capaa,112,569,208,13.9,38,40563
Capaa,113,566,212,13.0,38,44551
Capaa,114,564,209,12.2,40,45702
Capaa,115,559,213,11.2,42,51018
Capaa,116,554,217,11.3,40,49351
Capaa,117,552,217,11.2,42,45706
Capaa,118,543,213,11.1,42,54824
Capaa,119,533,218,10.0,40,57426
Capaa,120,523,219,10.0,41,48764
Capaa,121,507,222,9.1,41,51275
Capaa,122,502,227,9.1,39,53162
Capaa,123,499,226,8.3,38,51746
Capaa,124,504,231,9.1,39,52903
Capaa,125,510,231,9.3,38,49465
Capaa,126,507,224,9.3,38,49123
Capaa,127,508,226,9.2,38,45987
Capaa,128,507,223,10.1,37,42760
Capaa,129,500,218,10.1,37,45077
Capaa,130,499,221,10.1,37,45024
Capaa,131,489,211,9.3,37,53379
Capaa,132,472,198,9.1,37,53044
Capaa,133,464,185,10.0,37,53790
Capaa,134,461,185,10.1,37,60064
Capaa,135,456,184,10.2,37,66213
Capaa,136,455,192,10.0,33,67080
Capaaa,137,447,179,11.0,33,50443
Capaaa,138,429,175,12.1,33,53675
Capaaa,139,428,175,12.2,33,44989
Capaaa,140,431,167,12.1,33,47610
Capaaa,141,435,165,12.4,37,43425
Capaaa,142,432,164,12.2,37,41584
Capaaa,143,432,163,12.1,35,43610
Capaaa,144,438,158,12.2,37,45167
Capaaa,145,439,154,12.2,37,42887
Capaap,137,464,196,9.8,33,42514
Capaap,138,477,208,9.0,33,52536
Capaap,139,479,214,9.1,33,47936
Capaap,140,480,213,9.2,33,49487
Capaap,141,480,214,10.0,33,38846
Capaap,142,471,213,9.1,33,50266
Capaap,143,467,213,9.1,35,49810
Capaap,144,468,210,9.1,35,47009
Capaap,145,466,208,9.2,33,45004
Capap,97,592,169,17.9,38,34686
Capap,98,595,163,16.8,37,37658
Capap,99,602,162,16.0,37,43074
Capap,100,607,159,15.2,39,39132
Capap,101,607,158,14.3,39,44155
Capap,102,617,157,14.2,41,42536
Capap,103,619,156,14.1,39,42407
Capap,104,616,157,13.3,39,41156
Capap,105,615,147,14.1,39,45280
Capap,106,614,144,13.3,41,44569
Capap,107,606,152,12.1,41,50197
Capap,108,604,156,12.0,42,50614
Capap,109,595,159,11.3,42,49139
Capap,110,578,171,9.4,40,46939
Capap,111,569,176,9.4,40,53652
Capap,112,570,179,9.2,38,51125
Capap,113,561,190,8.2,38,52455
Capap,114,558,184,8.3,40,53109
Capap,115,553,188,8.1,40,50223
Capap,116,553,190,9.2,40,49776
Capap,117,560,191,9.1,40,50980
Capap,118,555,192,8.2,40,53452
Capap,119,554,200,8.0,40,47640
Capap,120,547,198,7.1,37,50065
Capap,121,538,198,7.1,37,50817
Capap,122,535,199,8.0,37,46917
Capap,123,535,198,8.9,36,49629
Capap,124,535,201,9.3,39,50351
Capap,125,534,198,10.3,38,53479
Capap,126,530,192,10.3,38,46476
Capap,127,534,200,10.3,38,46747
Capap,128,532,198,10.1,37,48619
Capap,129,524,189,10.0,37,45826
Capap,130,526,190,9.1,37,51714
Capap,131,520,193,9.0,37,53811
Capap,132,510,194,9.0,37,57400
Capap,133,510,191,9.3,37,61157
Capap,134,504,191,10.1,37,55826
Capap,135,502,190,10.1,37,59698
Capap,136,497,185,11.0,37,56062
Capapa,137,488,168,12.9,33,45344
Capapa,138,478,163,13.9,33,45223
Capapa,139,472,167,13.3,35,37090
Capapa,140,477,168,13.3,35,37835
Capapa,141,481,166,13.2,37,36781
Capapa,142,477,160,12.4,37,39136
Capapa,143,478,157,12.4,37,49391
Capapa,144,477,153,12.3,37,46647
Capapa,145,477,147,12.3,37,38450
Capapp,137,520,184,9.3,35,47370
Capapp,138,518,186,9.2,33,55421
Capapp,139,516,191,9.3,37,35477
Capapp,140,520,188,10.0,37,33954
Capapp,141,518,190,10.2,37,40481
Capapp,142,511,193,10.0,37,33127
Capapp,143,508,194,10.0,35,40394
Capapp,144,510,190,10.2,37,44796
Capapp,145,508,192,10.3,37,36779
Capp,64,510,195,22.0,51,2034
Capp,65,527,181,21.1,56,1962
Capp,66,525,191,22.9,51,4433
Capp,67,540,187,23.0,50,4735
Capp,68,541,177,23.2,51,3079
Capp,69,540,169,24.1,48,5582
Capp,70,540,167,24.0,49,5193
Capp,71,539,172,23.2,51,6044
Capp,72,525,169,23.2,51,5645
Capp,73,520,168,24.1,51,5867
Capp,74,522,176,23.0,51,6783
Capp,75,522,177,23.1,50,7693
Capp,76,531,171,23.3,49,10235
Capp,77,528,172,23.1,49,11200
Capp,78,526,171,23.1,49,10762
Capp,79,521,163,23.0,49,10283
Capp,80,524,166,22.3,49,11983
Capp,81,533,175,22.9,45,15937
Capp,82,527,161,22.2,47,18912
Capp,83,529,153,21.3,49,17982
Capp,84,518,145,21.1,49,19359
Capp,85,526,142,20.3,49,19176
Capp,86,527,134,20.2,49,26203
Capp,87,539,134,19.1,49,29437
Capp,88,558,128,18.2,48,33597
Capp,89,567,135,18.3,50,31482
Capp,90,568,140,19.1,49,29416
Capp,91,569,145,18.2,48,34157
Capp,92,573,158,18.1,45,34202
Capp,93,571,161,17.2,44,40798
Capp,94,567,157,17.0,40,48405
Capp,95,568,145,16.2,40,52060
Cappa,96,538,147,15.3,37,33570
Cappa,97,533,142,15.1,38,35890
Cappa,98,536,139,15.0,39,30932
Cappa,99,540,141,15.1,37,31894
Cappa,100,542,143,15.1,41,30062
Cappa,101,551,142,15.1,39,35687
Cappa,102,559,138,14.3,41,41252
Cappa,103,562,140,14.2,41,42968
Cappa,104,566,141,14.1,39,44179
Cappa,105,564,139,13.2,41,37038
Cappa,106,558,140,14.0,41,36831
Cappa,107,558,141,13.2,41,43154
Cappa,108,560,144,14.1,40,39475
Cappa,109,572,139,14.9,38,47756
Cappa,110,560,140,14.1,40,43612
Cappa,111,564,143,14.0,42,45183
Cappa,112,571,149,14.2,40,43440
Cappa,113,574,152,14.0,42,52139
Cappa,114,573,158,14.1,42,45719
Cappa,115,569,174,14.3,40,42198
Cappa,116,571,170,14.1,42,38938
Cappa,117,575,163,13.3,42,44567
Cappa,118,567,167,13.1,42,45010
Cappa,119,567,166,12.9,38,41178
Cappa,120,561,165,11.3,39,49982
Cappa,121,547,164,11.4,39,49087
Cappa,122,543,167,12.2,39,46798
Cappa,123,540,165,13.1,40,46842
Cappa,124,534,161,14.1,39,52650
Cappa,125,533,164,14.3,38,52402
Cappa,126,526,160,14.4,38,47255
Cappa,127,526,164,14.3,38,47967
Cappa,128,524,170,14.2,37,54748
Cappa,129,520,171,15.1,37,49516
Cappa,130,514,168,15.2,37,55465
Cappa,131,508,169,15.1,33,60803
Cappaa,132,487,157,16.0,33,49465
Cappaa,133,485,153,17.0,33,33363
Cappaa,134,484,162,16.1,33,39726
Cappaa,135,482,162,16.1,35,33372
Cappaa,136,481,159,16.2,35,35808
Cappaa,137,482,150,16.9,33,45611
Cappaa,138,475,154,16.2,37,39921
Cappaa,139,473,151,17.1,35,39914
Cappaa,140,475,149,17.2,35,37888
Cappaa,141,480,149,17.1,37,42814
Cappaa,142,479,153,15.1,37,40586
Cappaa,143,480,152,15.1,37,43789
Cappaa,144,478,146,15.1,37,44732
Cappaa,145,475,136,15.1,37,46910
Cappap,132,531,164,14.0,33,47416
Cappap,133,540,165,13.3,37,39211
Cappap,134,534,166,13.4,37,40134
Cappap,135,530,166,14.3,37,37988
Cappap,136,532,164,15.1,37,39876
Cappap,137,531,162,16.1,37,41983
Cappap,138,521,168,16.2,29,32907
Cappap,139,516,166,15.3,37,33171
Cappap,140,517,161,15.3,37,37769
Cappap,141,518,159,15.0,37,38384
Cappap,142,515,153,14.8,33,41126
Cappap,143,516,153,14.2,35,40053
Cappap,144,515,151,14.2,35,42429
Cappap,145,511,148,14.4,35,43331
Cappp,96,602,139,14.1,35,34697
Cappp,97,604,138,13.0,36,36503
Cappp,98,607,138,11.8,37,45384
Cappp,99,608,141,11.2,37,47385
Cappp,100,603,150,10.1,39,50179
Cappp,101,599,156,10.1,41,49866
Cappp,102,598,163,8.5,41,47842
Cappp,103,599,170,9.1,41,48201
Cappp,104,597,168,9.1,39,51852
Cappp,105,592,164,8.2,41,52886
Cappp,106,591,158,8.3,41,55433
Cappp,107,581,156,8.0,39,49985
Cappp,108,571,146,8.3,42,51473
Cappp,109,572,146,8.1,42,52648
Cappp,110,553,142,7.1,40,52672
Cappp,111,551,141,7.4,40,51675
Cappp,112,552,143,7.4,42,52109
Cappp,113,554,148,7.1,42,50775
Cappp,114,553,146,7.1,42,51068
Cappp,115,555,145,8.0,42,52802
Cappp,116,548,145,9.0,42,51076
Cappp,117,553,142,8.3,42,51303
Cappp,118,549,140,9.0,40,51719
Cappp,119,560,146,8.1,42,56619
Cappp,120,551,144,7.2,41,54990
Cappp,121,549,143,8.2,41,58240
Cappp,122,547,150,9.1,41,57705
Cappp,123,558,154,10.0,40,58084
Cappp,124,562,163,10.2,39,54659
Cappp,125,565,162,11.1,38,58215
Cappp,126,560,162,12.2,38,53814
Cappp,127,567,173,13.2,38,58393
Cappp,128,572,173,14.1,37,45089
Cappp,129,568,165,14.1,37,53712
Cappp,130,565,162,14.1,37,58935
Cappp,131,558,164,13.1,37,63764
Cappp,132,556,173,11.3,37,59795
Cappp,133,564,171,10.4,37,66248
Cappp,134,560,165,11.1,37,64943
Cappp,135,557,170,11.1,37,73019
Capppa,136,547,160,13.4,37,45982
Capppa,137,546,158,14.1,37,47534
Capppa,138,538,160,14.2,37,41577
Capppa,139,542,160,14.2,35,48707
Capppa,140,543,157,14.1,37,37074
Capppa,141,546,155,14.3,37,41833
Capppa,142,548,155,14.3,37,39305
Capppa,143,547,159,14.3,35,46127
Capppa,144,547,158,14.4,37,34468
Capppa,145,545,157,15.0,37,39683
Capppp,136,557,181,8.2,33,60000
Capppp,137,559,184,7.9,33,56661
Capppp,138,558,180,8.1,37,69927
Capppp,139,555,181,8.1,33,69696
Capppp,140,553,180,8.2,35,59854
Capppp,141,555,187,8.3,35,51370
Capppp,142,549,184,9.1,33,52791
Capppp,143,546,183,9.1,37,52007
Capppp,144,549,184,9.2,37,48775
Capppp,145,543,185,9.2,37,44224
Cp,23,507,296,21.4,57,-312
Cp,24,519,283,21.7,55,-382
Cp,25,531,270,22.1,53,-372
Cp,26,542,257,22.4,51,221
Cp,27,554,244,22.7,49,-878
Cp,28,566,231,23.0,46,-522
Cp,29,563,222,22.1,42,-589
Cp,30,562,185,22.1,38,234
Cp,31,554,183,21.9,49,-548
Cp,32,564,187,22.0,52,309
Cp,33,565,215,21.0,53,-869
Cp,34,563,209,20.1,57,-352
Cp,35,560,214,22.0,57,-133
Cp,36,552,227,22.0,58,-769
Cp,37,558,235,21.1,62,-171
Cp,38,552,239,21.8,62,16
Cp,39,552,211,18.1,43,-1322
Cp,40,594,225,19.9,41,7
Cpa,41,568,264,23.9,42,165
Cpa,42,583,281,25.1,41,1020
Cpa,43,581,273,23.2,59,142
Cpa,44,584,267,23.9,61,-478
Cpa,45,592,261,24.8,61,229
Cpa,46,595,263,25.0,58,305
Cpa,47,596,271,24.1,60,264
Cpa,48,593,289,24.1,58,182
Cpa,49,600,283,23.2,57,832
Cpa,50,604,279,23.2,57,167
Cpa,51,607,288,23.1,52,665
Cpa,52,602,272,23.0,51,976
Cpa,53,597,252,23.1,53,710
Cpa,54,595,245,22.0,50,1518
Cpa,55,593,247,22.2,52,2235
Cpa,56,589,253,22.2,51,1668
Cpa,57,583,249,21.1,53,3208
Cpa,58,575,257,20.3,53,5151
Cpa,59,566,257,20.1,57,4949
Cpa,60,569,264,22.0,51,6650
Cpaa,61,561,304,22.2,54,1690
Cpaa,62,577,299,23.1,53,4444
Cpaa,63,581,280,24.1,56,3244
Cpaa,64,589,280,23.3,53,2850
Cpaa,65,586,278,24.0,52,3401
Cpaa,66,597,297,22.3,53,5870
Cpaa,67,603,308,23.0,50,7457
Cpaa,68,600,308,22.9,49,10087
Cpaa,69,605,306,23.0,48,9247
Cpaa,70,607,300,22.1,49,10966
Cpaa,71,606,294,22.3,51,10328
Cpaa,72,615,290,22.1,47,15601
Cpaa,73,613,285,22.0,51,13856
Cpaa,74,618,286,21.9,47,18766
Cpaa,75,617,292,21.1,46,17832
Cpaa,76,621,284,21.3,47,20429
Cpaa,77,621,287,21.1,45,23114
Cpaa,78,622,287,20.4,49,18672
Cpaa,79,619,288,20.2,49,24584
Cpaa,80,615,291,20.3,49,28574
Cpaa,81,615,294,21.2,49,27716
Cpaa,82,612,295,20.1,47,31629
Cpaa,83,614,301,20.1,45,37174
Cpaa,84,600,305,20.1,47,26453
Cpaaa,85,580,319,21.0,45,13146
Cpaaa,86,575,335,21.9,45,16784
Cpaaa,87,570,332,21.9,45,17628
Cpaaa,88,563,341,22.2,46,20479
Cpaaa,89,569,333,23.1,46,18510
Cpaaa,90,570,331,23.1,45,18741
Cpaaa,91,570,329,23.1,44,18787
Cpaaa,92,557,330,23.2,43,18372
Cpaaa,93,555,333,23.2,42,20436
Cpaaa,94,555,334,23.2,42,24185
Cpaaa,95,564,330,22.2,42,24604
Cpaaa,96,569,317,23.1,41,27151
Cpaaa,97,579,316,23.1,42,31523
Cpaaa,98,589,303,23.0,41,28028
Cpaaa,99,594,288,23.1,41,33427
Cpaaa,100,591,287,23.1,41,29737
Cpaaa,101,593,285,23.1,41,30984
Cpaaa,102,597,278,23.1,41,31696
Cpaaa,103,586,276,23.1,41,28081
Cpaaa,104,585,272,23.1,41,25572
Cpaaa,105,573,272,23.1,41,23724
Cpaaa,106,573,266,23.1,41,28606
Cpaaa,107,581,255,23.1,41,28322
Cpaaa,108,590,267,23.1,42,29577
Cpaaa,109,586,267,23.1,42,27005
Cpaaa,110,579,264,23.2,42,26377
Cpaaa,111,580,266,23.2,42,26282
Cpaaa,112,580,268,23.1,40,20853
Cpaaa,113,580,267,23.2,42,27748
Cpaaa,114,580,270,24.1,42,24843
Cpaaa,115,576,276,24.1,42,26796
Cpaaa,116,579,277,24.0,42,28555
Cpaaa,117,580,265,24.1,42,28741
Cpaaa,118,578,269,24.0,42,30509
Cpaaa,119,571,264,24.1,42,24533
Cpaaa,120,564,258,24.1,41,28290
Cpaaa,121,567,253,24.1,41,27294
Cpaaa,122,568,265,24.1,41,28773
Cpaaa,123,558,269,24.0,40,29350
Cpaaa,124,542,263,23.2,37,32325
Cpaaa,125,540,275,22.3,32,41058
Cpaaaa,126,502,286,23.2,34,26449
Cpaaaa,127,494,294,24.0,34,32836
Cpaaaa,128,496,303,23.3,37,25049
Cpaaaa,129,494,309,24.2,37,26148
Cpaaaa,130,497,314,24.2,37,24451
Cpaaaa,131,496,306,24.2,37,24590
Cpaaaa,132,497,294,24.1,35,23610
Cpaaaa,133,493,295,23.4,37,21672
Cpaaaa,134,498,303,23.1,37,26751
Cpaaaa,135,499,309,23.2,37,27610
Cpaaaa,136,501,308,23.2,37,28428
Cpaaaa,137,501,302,23.2,37,27983
Cpaaaa,138,499,305,24.1,35,29574
Cpaaaa,139,501,305,23.2,37,26636
Cpaaaa,140,500,307,23.2,37,24669
Cpaaaa,141,503,313,23.2,37,30901
Cpaaaa,142,504,311,23.3,37,27994
Cpaaaa,143,500,309,23.2,37,24797
Cpaaaa,144,502,314,24.0,37,27846
Cpaaaa,145,499,310,24.0,37,24294
Cpaaap,126,561,272,23.9,34,21076
Cpaaap,127,565,274,24.1,34,25374
Cpaaap,128,565,283,24.1,37,24656
Cpaaap,129,572,281,24.1,37,25316
Cpaaap,130,574,278,24.2,37,27267
Cpaaap,131,578,268,24.1,37,27873
Cpaaap,132,573,260,24.1,37,30971
Cpaaap,133,572,263,24.0,29,24952
Cpaaap,134,572,274,24.1,37,31350
Cpaaap,135,567,269,24.1,37,26621
Cpaaap,136,568,267,24.1,37,23272
Cpaaap,137,567,270,24.0,37,22365
Cpaaap,138,559,277,23.2,37,29608
Cpaaap,139,553,276,23.1,35,29634
Cpaaap,140,551,274,23.1,37,27080
Cpaaap,141,554,278,23.1,37,28583
Cpaaap,142,551,277,23.2,37,29054
Cpaaap,143,547,282,24.0,37,25690
Cpaaap,144,544,282,23.2,37,27369
Cpaaap,145,543,280,23.1,35,28238
Cpaap,85,596,274,21.9,45,15646
Cpaap,86,611,268,21.9,45,15047
Cpaap,87,611,270,21.1,45,18881
Cpaap,88,616,276,21.0,46,19480
Cpaap,89,615,275,21.0,46,18166
Cpaap,90,616,275,21.0,45,20309
Cpaap,91,612,273,21.1,44,23743
Cpaap,92,607,280,22.0,41,22681
Cpaap,93,598,278,23.1,42,21459
Cpaap,94,596,273,23.3,42,22633
Cpaap,95,599,274,23.0,44,24080
Cpaap,96,605,269,21.3,41,31737
Cpaap,97,613,269,21.1,40,34452
Cpaap,98,620,272,20.2,41,31858
Cpaap,99,623,269,20.0,41,38319
Cpaap,100,625,271,20.1,41,40452
Cpaap,101,626,267,20.1,41,41544
Cpaap,102,629,273,19.3,41,39030
Cpaap,103,628,273,20.1,41,39379
Cpaap,104,624,274,20.1,41,37351
Cpaap,105,623,274,20.2,41,39550
Cpaap,106,621,277,20.2,41,43330
Cpaap,107,624,277,19.2,41,44108
Cpaap,108,615,280,19.3,42,43368
Cpaap,109,614,269,20.0,42,36352
Cpaap,110,614,258,20.1,42,36480
Cpaap,111,613,256,19.1,42,35553
Cpaap,112,611,258,20.0,42,34916
Cpaap,113,613,255,19.2,42,41056
Cpaap,114,608,252,19.3,40,43526
Cpaap,115,603,257,20.1,42,42727
Cpaap,116,605,258,19.9,38,45101
Cpaap,117,602,250,19.1,38,52312
Cpaap,118,603,259,19.0,42,37934
Cpaapa,119,601,280,20.9,38,20046
Cpaapa,120,599,280,20.8,37,20724
Cpaapa,121,599,284,20.0,37,23532
Cpaapa,122,605,290,19.1,37,28862
Cpaapa,123,605,289,19.9,36,27444
Cpaapa,124,600,287,20.2,37,26209
Cpaapa,125,601,286,21.1,36,25562
Cpaapa,126,600,288,21.2,38,22450
Cpaapa,127,602,287,21.2,38,23141
Cpaapa,128,598,291,21.2,37,27795
Cpaapa,129,600,288,21.0,37,27633
Cpaapa,130,596,291,21.2,37,34452
Cpaapa,131,598,281,21.3,37,41688
Cpaapa,132,593,274,22.1,37,41466
Cpaapa,133,589,275,22.0,37,34752
Cpaapa,134,593,283,21.2,37,36757
Cpaapa,135,597,277,22.0,37,30268
Cpaapa,136,598,268,21.2,37,29069
Cpaapa,137,593,269,21.0,37,29976
Cpaapa,138,582,275,21.1,37,24998
Cpaapa,139,587,271,21.1,37,34449
Cpaapa,140,584,270,21.2,37,31275
Cpaapa,141,582,271,21.1,37,32442
Cpaapa,142,583,277,21.3,37,27988
Cpaapa,143,581,279,22.0,37,22552
Cpaapa,144,577,278,22.0,37,30536
Cpaapa,145,577,275,22.1,37,23353
Cpaapp,119,609,241,16.9,38,35443
Cpaapp,120,612,244,16.0,37,40883
Cpaapp,121,612,247,15.8,37,47956
Cpaapp,122,618,251,15.9,37,48633
Cpaapp,123,619,253,15.9,36,48059
Cpaapp,124,618,251,17.2,37,39480
Cpaapp,125,617,248,17.3,38,32259
Cpaapp,126,615,248,18.1,38,23942
Cpaapp,127,617,251,19.0,38,24746
Cpaapp,128,616,257,19.1,35,31406
Cpaapp,129,613,255,18.2,37,33890
Cpaapp,130,605,259,18.1,37,33146
Cpaapp,131,608,259,18.2,35,41663
Cpaapp,132,604,256,19.1,37,40771
Cpaapp,133,601,258,19.0,37,40411
Cpaapp,134,600,252,19.1,37,40111
Cpaapp,135,604,249,19.0,37,40207
Cpaapp,136,600,243,18.2,35,42122
Cpaapp,137,604,249,18.2,35,43323
Cpaapp,138,602,248,18.2,37,49665
Cpaapp,139,605,251,17.5,35,39649
Cpaapp,140,604,251,18.2,33,53174
Cpaapp,141,604,248,18.1,37,43691
Cpaapp,142,605,255,18.1,37,42862
Cpaapp,143,603,251,18.4,37,37102
Cpaapp,144,602,250,19.1,37,40633
Cpaapp,145,601,250,18.3,37,39088
Cpap,61,586,227,23.1,54,2397
Cpap,62,594,220,23.2,51,3088
Cpap,63,601,192,23.0,52,4000
Cpap,64,611,178,23.0,51,3392
Cpap,65,615,179,22.2,52,5088
Cpap,66,614,189,23.9,51,5784
Cpap,67,631,204,23.0,50,7788
Cpap,68,629,201,22.2,49,8757
Cpap,69,629,199,22.1,48,10206
Cpap,70,629,194,21.2,51,10510
Cpap,71,631,201,20.9,47,13987
Cpap,72,630,196,20.9,47,14627
Cpap,73,625,192,20.9,47,17556
Cpap,74,624,196,21.0,47,16428
Cpap,75,621,194,21.0,46,17506
Cpap,76,620,191,20.1,47,17754
Cpap,77,619,198,20.0,45,19745
Cpap,78,617,193,21.0,45,20356
Cpap,79,612,195,20.3,47,20035
Cpap,80,615,203,20.3,47,24616
Cpap,81,619,206,20.3,49,24533
Cpap,82,615,212,20.2,49,25087
Cpap,83,624,214,20.2,47,31522
Cpap,84,616,222,21.0,45,23304
Cpapa,85,617,236,22.0,45,12467
Cpapa,86,637,239,20.1,43,23795
Cpapa,87,645,232,20.0,45,28151
Cpapa,88,652,243,18.3,44,26644
Cpapa,89,655,245,20.0,46,24630
Cpapa,90,655,250,19.0,45,30432
Cpapa,91,651,248,20.1,44,30377
Cpapa,92,646,252,21.0,41,30949
Cpapa,93,639,256,21.1,40,33141
Cpapa,94,641,253,21.8,40,26389
Cpapa,95,640,245,21.1,40,32669
Cpapa,96,641,241,21.1,39,31443
Cpapa,97,642,237,20.2,40,38282
Cpapa,98,639,229,20.2,41,39945
Cpapa,99,637,228,19.1,41,36986
Cpapa,100,642,227,19.1,41,39566
Cpapa,101,639,224,18.3,41,39605
Cpapa,102,641,230,18.1,41,45472
Cpapa,103,651,237,17.2,41,46686
Cpapa,104,653,237,17.0,41,49849
Cpapa,105,649,245,16.2,41,51651
Cpapa,106,646,246,16.2,41,52204
Cpapa,107,642,246,15.3,41,57803
Cpapa,108,646,242,15.0,42,58584
Cpapa,109,643,237,16.3,40,58862
Cpapa,110,646,230,15.3,40,57648
Cpapa,111,644,229,15.1,40,59060
Cpapa,112,643,236,15.1,40,66494
Cpapa,113,645,229,15.1,40,69737
Cpapa,114,643,223,14.3,40,73541
Cpapa,115,641,230,14.3,40,70728
Cpapa,116,647,228,13.4,40,71072
Cpapa,117,647,233,13.2,40,75193
Cpapa,118,647,228,13.0,40,73616
Cpapa,119,645,233,12.1,40,74289
Cpapa,120,644,230,12.0,41,74190
Cpapa,121,640,227,11.4,41,78663
Cpapa,122,642,234,11.2,41,78401
Cpapa,123,646,243,11.2,40,79645
Cpapa,124,649,239,13.2,39,81554
Cpapa,125,654,237,14.1,38,83434
Cpapa,126,655,235,16.1,38,81481
Cpapa,127,654,234,17.1,38,69767
Cpapa,128,651,230,17.0,37,67787
Cpapa,129,644,229,15.2,37,70979
Cpapa,130,638,222,16.0,37,76858
Cpapa,131,631,217,15.4,37,76656
Cpapaa,132,630,211,14.9,33,65733
Cpapaa,133,645,207,12.8,33,66496
Cpapaa,134,641,202,11.4,35,68385
Cpapaa,135,643,207,11.2,33,69602
Cpapaa,136,640,209,10.0,35,57684
Cpapaa,137,649,206,10.1,33,74114
Cpapaa,138,648,205,10.1,33,62939
Cpapaa,139,647,209,10.0,33,65244
Cpapaa,140,649,205,10.2,35,63675
Cpapaa,141,652,207,10.2,35,60513
Cpapaa,142,651,206,10.1,33,69406
Cpapaa,143,647,207,10.2,37,66229
Cpapaa,144,649,214,9.4,35,65708
Cpapaa,145,643,215,9.2,35,68786
Cpapap,132,628,223,17.2,35,58978
Cpapap,133,636,224,19.0,35,50007
Cpapap,134,633,222,18.3,37,49153
Cpapap,135,641,221,18.1,37,55074
Cpapap,136,634,217,17.1,35,57409
Cpapap,137,639,221,17.2,35,61140
Cpapap,138,638,216,16.4,37,53424
Cpapap,139,638,213,16.2,35,57483
Cpapap,140,634,211,16.0,35,54782
Cpapap,141,632,205,15.3,37,50354
Cpapap,142,630,211,16.1,37,52968
Cpapap,143,630,212,16.0,37,54972
Cpapap,144,631,216,15.2,37,53231
Cpapap,145,629,219,15.1,37,51116
Cpapp,85,603,184,20.1,45,20150
Cpapp,86,611,174,18.1,34,30882
Cpapp,87,611,170,19.0,45,28789
Cpapp,88,623,171,19.0,46,32341
Cpapp,89,624,175,19.1,46,27604
Cpapp,90,631,172,19.0,45,28073
Cpapp,91,632,172,18.9,44,26354
Cpapp,92,638,177,19.0,41,29055
Cpapp,93,642,179,18.1,40,32010
Cpapp,94,642,183,18.1,40,36975
Cpapp,95,642,187,17.2,40,36777
Cpapp,96,649,192,16.1,39,43384
Cpapp,97,652,195,15.0,38,44725
Cpapp,98,656,195,14.2,39,51099
Cpapp,99,654,195,13.2,41,49649
Cpapp,100,653,200,12.5,39,55024
Cpapp,101,650,197,11.5,39,57520
Cpapp,102,652,202,12.1,41,58752
Cpapp,103,650,212,11.2,39,66885
Cpapp,104,646,219,10.2,41,64076
Cpapp,105,646,218,10.2,41,65619
Cpapp,106,645,217,10.2,41,65155
Cpapp,107,637,222,8.4,41,65709
Cpapp,108,635,224,8.1,40,69526
Cpapp,109,641,225,9.1,42,77555
Cpapp,110,644,223,9.0,40,73234
Cpapp,111,638,217,9.2,42,69815
Cpapp,112,642,223,9.0,42,72858
Cpapp,113,637,223,8.3,40,74356
Cpapp,114,629,221,7.3,42,69056
Cpapp,115,630,223,7.3,42,67676
Cpapp,116,627,221,7.2,40,72848
Cpapp,117,631,225,7.3,42,67219
Cpapp,118,624,218,8.0,40,68453
Cpapp,119,620,220,7.1,40,66071
Cpapp,120,621,210,7.3,41,71343
Cpapp,121,619,208,7.2,41,73095
Cpapp,122,617,211,7.2,41,72565
Cpapp,123,620,219,7.4,38,88712
Cpapp,124,625,221,9.1,37,79123
Cpappd,125,640,236,10.8,34,50743
Cpappd,126,644,240,11.9,34,62073
Cpappd,127,649,247,13.1,36,61284
Cpappd,128,647,258,12.6,37,54943
Cpappd,129,640,258,11.4,37,58240
Cpappd,130,638,262,11.9,33,64962
Cpappd,131,633,262,11.3,35,62838
Cpappd,132,631,260,11.4,35,64856
Cpappd,133,638,258,11.1,35,64455
Cpappd,134,636,250,11.4,37,61060
Cpappd,135,632,250,11.1,33,63547
Cpappd,136,626,251,10.2,37,58636
Cpappd,137,629,247,11.1,37,58896
Cpappd,138,628,245,10.2,35,63462
Cpappd,139,630,247,10.4,37,59357
Cpappd,140,628,244,10.3,37,59874
Cpappd,141,628,244,10.2,35,66439
Cpappd,142,628,247,10.3,37,54537
Cpappd,143,621,247,10.4,37,53818
Cpappd,144,623,252,10.4,37,58279
Cpappd,145,618,248,10.3,37,55814
Cpappv,125,606,210,7.2,34,67776
Cpappv,126,604,211,8.0,34,65980
Cpappv,127,613,222,9.0,34,63247
Cpappv,128,613,222,9.0,35,55763
Cpappv,129,606,222,8.8,33,55849
Cpappv,130,612,217,8.3,35,67481
Cpappv,131,609,219,8.4,35,67214
Cpappv,132,611,219,8.4,37,63608
Cpappv,133,618,214,7.6,37,58533
Cpappv,134,617,214,6.4,35,65237
Cpappv,135,619,214,6.2,37,59620
Cpappv,136,613,221,6.0,37,49000
Cpappv,137,613,221,6.1,35,57263
Cpappv,138,616,220,6.1,35,56254
Cpappv,139,613,218,6.1,37,48677
Cpappv,140,613,219,6.1,35,64606
Cpappv,141,616,223,6.1,33,62219
Cpappv,142,613,222,6.1,37,56211
Cpappv,143,611,223,5.6,37,52408
Cpappv,144,607,234,6.1,35,62700
Cpappv,145,596,231,6.1,37,49887
Cpp,41,620,221,20.1,46,-722
Cpp,42,625,212,21.9,62,-28
Cpp,43,637,195,21.0,61,374
Cpp,44,646,189,20.0,61,269
Cpp,45,649,196,19.6,61,-243
Cpp,46,645,190,19.8,58,-87
Cpp,47,646,190,19.9,54,-985
Cpp,48,650,204,19.3,54,-437
Cpp,49,651,210,19.2,55,97
Cpp,50,649,215,18.1,55,290
Cpp,51,637,218,17.2,54,927
Cpp,52,631,209,16.1,51,385
Cpp,53,626,200,16.3,53,1363
Cpp,54,636,184,16.3,50,1522
Cpp,55,635,184,17.0,52,2710
Cpp,56,635,182,17.2,51,4590
Cpp,57,635,186,17.3,53,6292
Cpp,58,623,189,18.1,53,5407
Cpp,59,626,191,18.0,53,6265
Cpp,60,627,190,17.3,53,7076
Cpp,61,631,194,17.0,52,8407
Cpp,62,629,191,16.7,51,8932
Cppa,63,654,222,16.0,52,5704
Cppa,64,649,224,16.9,51,6796
Cppa,65,659,239,16.2,52,8118
Cppa,66,666,242,16.0,51,10547
Cppa,67,672,246,15.2,50,13079
Cppa,68,663,238,15.0,49,15292
Cppa,69,661,234,14.9,48,14576
Cppa,70,655,231,14.1,47,15431
Cppa,71,650,243,13.9,47,18975
Cppa,72,639,228,13.8,47,19090
Cppa,73,640,229,13.1,47,23924
Cppa,74,640,223,13.9,47,21998
Cppa,75,648,220,13.2,46,26998
Cppa,76,644,218,13.2,47,27764
Cppa,77,643,221,13.2,47,29555
Cppa,78,645,216,14.1,47,31590
Cppa,79,651,208,14.1,47,34016
Cppa,80,647,215,14.1,45,34058
Cppa,81,640,225,14.1,45,36140
Cppa,82,639,229,14.1,47,35811
Cppa,83,634,240,13.1,49,38160
Cppa,84,626,245,13.3,47,37242
Cppa,85,624,241,13.1,49,37589
Cppa,86,632,241,12.2,47,41038
Cppa,87,636,232,11.3,47,46237
Cppa,88,633,237,10.2,50,45846
Cppa,89,640,227,10.3,48,49287
Cppa,90,644,240,10.4,49,51623
Cppa,91,643,243,10.2,48,52817
Cppa,92,644,248,10.2,45,59253
Cppa,93,634,253,9.3,44,65119
Cppa,94,623,261,10.1,44,72742
Cppa,95,616,258,9.1,44,70945
Cppa,96,605,260,9.0,39,63616
Cppa,97,600,271,8.8,38,80472
Cppaa,98,575,302,9.9,37,52296
Cppaa,99,569,311,9.9,37,53505
Cppaa,100,559,312,9.1,39,56440
Cppaa,101,560,314,9.4,39,50558
Cppaa,102,555,310,9.1,41,56280
Cppaa,103,554,312,9.0,41,52699
Cppaa,104,547,305,7.5,41,49992
Cppaa,105,543,304,8.1,41,54659
Cppaa,106,542,303,7.5,39,57184
Cppaa,107,537,309,8.2,41,55117
Cppaa,108,531,304,7.3,40,58671
Cppaa,109,530,301,7.1,40,57567
Cppaa,110,519,297,6.3,42,58503
Cppaa,111,511,296,6.2,38,60379
Cppaa,112,515,295,6.9,38,55162
Cppaa,113,502,296,6.1,42,56951
Cppaa,114,498,300,6.4,40,64048
Cppaa,115,488,300,7.9,38,59894
Cppaa,116,490,299,8.2,40,64003
Cppaa,117,486,300,7.4,42,57037
Cppaa,118,481,298,7.3,42,60313
Cppaa,119,478,298,8.3,42,60419
Cppaa,120,480,287,8.2,41,60449
Cppaa,121,480,283,8.2,41,59263
Cppaa,122,486,286,9.1,41,54931
Cppaa,123,488,284,8.1,40,58773
Cppaa,124,491,289,9.1,39,60132
Cppaa,125,493,294,9.2,38,63059
Cppaa,126,486,304,9.1,38,68488
Cppaa,127,487,298,8.4,38,70407
Cppaa,128,488,294,9.1,37,63570
Cppaa,129,489,289,8.2,37,74298
Cppaa,130,489,284,8.2,37,73062
Cppaa,131,479,285,8.4,37,70889
Cppaa,132,473,297,9.1,37,72790
Cppaa,133,469,301,9.3,37,68195
Cppaa,134,473,299,10.1,37,73971
Cppaa,135,477,298,9.5,35,69236
Cppaa,136,473,300,10.0,37,69584
Cppaaa,137,466,304,10.9,33,58334
Cppaaa,138,454,325,11.2,33,58966
Cppaaa,139,455,327,11.5,35,42963
Cppaaa,140,455,319,11.9,33,42879
Cppaaa,141,458,324,12.0,33,44223
Cppaaa,142,462,329,11.4,35,50702
Cppaaa,143,458,333,11.5,35,49624
Cppaaa,144,459,337,11.9,33,55189
Cppaaa,145,459,336,11.5,35,53076
Cppaap,137,481,286,9.5,29,60034
Cppaap,138,492,273,9.8,33,51627
Cppaap,139,492,274,10.0,33,53573
Cppaap,140,486,275,9.4,37,53510
Cppaap,141,490,280,9.3,37,48580
Cppaap,142,482,283,10.1,35,49149
Cppaap,143,482,286,9.5,37,43925
Cppaap,144,481,290,10.4,35,50899
Cppaap,145,481,295,10.6,35,47112
Cppap,98,616,248,7.7,37,49297
Cppap,99,615,256,7.8,37,48431
Cppap,100,615,263,8.0,39,55492
Cppap,101,614,263,7.3,39,60425
Cppap,102,606,257,7.1,37,55762
Cppap,103,603,256,6.4,41,56808
Cppap,104,598,254,7.0,39,51186
Cppap,105,587,250,6.4,41,56025
Cppap,106,585,249,7.2,39,56283
Cppap,107,578,257,7.3,39,61128
Cppap,108,570,254,8.0,38,61076
Cppap,109,568,250,9.1,40,61579
Cppap,110,561,247,9.2,38,63194
Cppap,111,557,259,9.2,38,62417
Cppap,112,558,266,9.1,40,63873
Cppap,113,552,268,9.8,38,62272
Cppap,114,551,275,9.0,40,61816
Cppap,115,550,274,8.1,38,66180
Cppap,116,549,272,8.0,38,67265
Cppap,117,549,269,8.1,40,63954
Cppap,118,546,265,8.1,40,65710
Cppap,119,541,265,8.1,38,62527
Cppap,120,539,258,8.0,41,54344
Cppap,121,540,255,8.1,39,62692
Cppap,122,542,251,7.4,39,65817
Cppap,123,540,254,7.2,40,61446
Cppap,124,548,259,8.2,39,62827
Cppap,125,549,271,9.2,38,64836
Cppap,126,548,277,9.1,38,65187
Cppap,127,549,289,9.1,38,61907
Cppap,128,551,287,9.2,37,67601
Cppap,129,549,289,9.2,37,71695
Cppap,130,544,286,9.1,37,66331
Cppap,131,536,284,9.2,37,74421
Cppap,132,533,284,9.2,37,79711
Cppap,133,536,279,10.2,37,69190
Cppapa,134,527,302,11.9,33,57382
Cppapa,135,525,306,12.1,35,49982
Cppapa,136,525,317,12.2,35,50488
Cppapa,137,523,323,12.1,35,52602
Cppapa,138,525,320,12.1,35,55874
Cppapa,139,522,325,12.0,35,43664
Cppapa,140,521,319,12.1,37,49204
Cppapa,141,523,320,12.3,37,48457
Cppapa,142,525,322,13.0,37,47492
Cppapa,143,518,326,12.2,37,48875
Cppapa,144,519,327,12.4,35,51365
Cppapa,145,518,329,13.1,37,55412
Cppapp,134,545,252,9.0,33,51790
Cppapp,135,543,248,9.0,37,36313
Cppapp,136,535,262,9.1,37,41576
Cppapp,137,526,262,9.4,37,37062
Cppapp,138,534,264,8.5,37,38188
Cppapp,139,541,266,9.3,37,40571
Cppapp,140,540,266,9.1,37,44961
Cppapp,141,537,266,10.0,37,47101
Cppapp,142,533,269,10.0,37,44570
Cppapp,143,528,273,10.0,37,40169
Cppapp,144,527,274,10.1,37,45881
Cppapp,145,523,273,10.1,37,46045
Cppp,63,616,162,16.9,52,4083
Cppp,64,620,153,17.1,51,6072
Cppp,65,628,151,15.9,52,8692
Cppp,66,610,137,17.1,51,8655
Cppp,67,609,142,19.0,50,9423
Cppp,68,606,139,19.2,49,10673
Cppp,69,602,138,18.1,48,12934
Cppp,70,604,139,18.1,47,11902
Cppp,71,609,146,17.9,47,15442
Cppp,72,604,140,18.0,47,17523
Cppp,73,598,135,17.9,47,17399
Cppp,74,603,141,18.0,47,18956
Cppp,75,602,145,18.1,46,21079
Cppp,76,597,140,18.0,47,20963
Cppp,77,595,146,17.4,47,20838
Cppp,78,590,144,18.0,45,23495
Cppp,79,592,148,18.0,45,25697
Cppp,80,591,151,17.9,45,26190
Cppp,81,589,154,17.9,45,24068
Cppp,82,590,157,17.0,45,28857
Cppp,83,608,160,17.0,47,30513
Cppp,84,615,163,15.1,47,42131
Cppp,85,613,162,14.4,47,39627
Cppp,86,616,164,14.2,47,40060
Cppp,87,619,171,14.1,49,43817
Cppp,88,617,176,14.1,46,45262
Cppp,89,612,194,15.0,46,47206
Cppp,90,612,201,15.2,49,44853
Cppp,91,612,210,15.3,46,51139
Cppp,92,614,228,15.2,45,46316
Cpppa,93,609,246,16.0,40,31930
Cpppa,94,613,266,16.0,40,34971
Cpppa,95,620,263,16.1,40,36864
Cpppa,96,618,260,16.8,39,39802
Cpppa,97,625,265,15.2,42,45464
Cpppa,98,625,269,14.2,41,44700
Cpppa,99,621,275,13.4,41,43914
Cpppa,100,612,281,14.1,41,48505
Cpppa,101,615,282,14.0,39,52605
Cpppa,102,609,286,14.0,41,49289
Cpppa,103,599,295,14.3,41,52100
Cpppa,104,597,297,13.4,41,55660
Cpppa,105,600,296,13.1,41,59673
Cpppa,106,602,298,12.2,41,60673
Cpppa,107,597,295,13.1,41,60308
Cpppa,108,589,290,14.0,40,60352
Cpppa,109,592,281,14.2,40,58748
Cpppa,110,590,278,13.3,40,59587
Cpppa,111,589,285,13.2,42,57885
Cpppa,112,580,282,13.3,42,49107
Cpppa,113,582,276,13.0,42,52027
Cpppa,114,581,274,13.1,42,47068
Cpppa,115,585,280,13.0,40,52157
Cpppa,116,580,287,11.9,38,63587
Cpppa,117,579,288,11.9,38,61486
Cpppa,118,569,287,12.1,38,60488
Cpppa,119,568,294,11.9,38,64187
Cpppa,120,563,295,11.0,37,68809
Cpppa,121,562,295,11.1,37,70145
Cpppa,122,560,302,11.1,37,69834
Cpppa,123,554,308,11.1,36,68012
Cpppa,124,563,312,12.1,39,63991
Cpppa,125,572,308,12.3,38,63707
Cpppa,126,572,306,13.2,38,64417
Cpppa,127,567,310,14.1,38,69413
Cpppa,128,571,311,14.2,37,74490
Cpppa,129,558,313,14.1,37,73455
Cpppa,130,554,307,13.3,37,80757
Cpppa,131,545,301,13.1,35,75705
Cpppa,132,552,299,14.2,37,87970
Cpppaa,133,537,317,15.9,33,56729
Cpppaa,134,535,327,15.9,33,53186
Cpppaa,135,532,335,15.1,33,57167
Cpppaa,136,528,338,15.9,33,58437
Cpppaa,137,529,338,16.0,33,59521
Cpppaa,138,526,333,16.0,33,59662
Cpppaa,139,528,334,16.1,37,46388
Cpppaa,140,531,329,15.3,37,53091
Cpppaa,141,532,333,15.4,35,58905
Cpppaa,142,530,334,15.3,37,55211
Cpppaa,143,523,340,16.0,37,52720
Cpppaa,144,523,338,15.2,37,51096
Cpppaa,145,519,333,15.1,37,56622
Cpppap,133,576,275,13.0,33,59905
Cpppap,134,571,283,12.1,33,57631
Cpppap,135,570,288,12.9,33,58031
Cpppap,136,566,295,12.9,33,59690
Cpppap,137,564,299,12.3,35,55624
Cpppap,138,570,301,12.0,37,53852
Cpppap,139,574,307,12.9,33,57745
Cpppap,140,571,304,13.0,33,58054
Cpppap,141,568,301,13.1,37,55668
Cpppap,142,565,300,13.1,33,59951
Cpppap,143,563,300,12.2,35,61545
Cpppap,144,559,299,12.2,35,56875
Cpppap,145,556,300,12.3,35,57039
Cpppp,93,617,216,15.0,29,52204
Cpppp,94,618,203,13.8,40,36654
Cpppp,95,622,192,12.9,40,44960
Cpppp,96,620,193,11.0,39,50036
Cpppp,97,618,195,10.9,38,44343
Cpppp,98,619,202,10.9,37,51500
Cpppp,99,615,205,10.2,37,55365
Cpppp,100,612,212,10.4,39,53059
Cpppp,101,613,218,10.1,37,54488
Cpppp,102,610,223,10.4,39,54832
Cpppp,103,610,226,11.2,37,58659
Cpppp,104,605,229,11.2,39,59680
Cpppp,105,606,230,11.4,39,55336
Cpppp,106,606,226,11.5,39,58364
Cpppp,107,600,227,10.4,41,58940
Cpppp,108,603,227,10.3,42,60885
Cpppp,109,610,228,11.2,42,58560
Cpppp,110,612,227,11.2,42,57294
Cpppp,111,606,234,10.4,40,65347
Cpppp,112,614,236,10.4,42,68813
Cpppp,113,613,238,11.0,42,67155
Cpppp,114,611,235,10.3,42,67950
Cpppp,115,606,231,10.4,42,70381
Cpppp,116,606,232,10.3,40,74983
Cpppp,117,602,232,10.2,42,67923
Cpppp,118,603,228,11.2,40,75578
Cpppp,119,596,232,10.8,38,71683
Cpppp,120,594,226,10.3,41,72398
Cpppp,121,587,224,9.4,41,75854
Cpppp,122,583,225,9.2,41,71928
Cpppp,123,582,232,9.2,36,71870
Cpppp,124,580,229,10.2,39,75036
Cpppp,125,587,232,11.4,38,70613
Cpppp,126,589,226,12.2,38,65036
Cpppp,127,593,230,12.2,38,58472
Cpppp,128,592,238,12.3,37,67703
Cpppp,129,581,243,12.3,37,69704
Cpppp,130,583,244,12.1,37,73343
Cpppp,131,581,246,12.0,37,67273
Cpppp,132,575,245,11.3,37,71244
Cpppp,133,584,236,11.5,35,92556
Cppppa,134,586,261,13.1,29,72967
Cppppa,135,584,266,13.3,37,47885
Cppppa,136,577,268,13.4,35,50035
Cppppa,137,577,273,13.4,35,51370
Cppppa,138,587,276,13.0,33,62544
Cppppa,139,591,276,13.2,35,54278
Cppppa,140,592,273,13.1,33,58740
Cppppa,141,591,273,13.0,35,48352
Cppppa,142,589,275,13.9,33,53458
Cppppa,143,587,277,14.0,33,54251
Cppppa,144,583,278,13.2,37,50063
Cppppa,145,583,277,13.1,37,44514
Cppppp,134,592,213,10.2,33,63650
Cppppp,135,594,216,9.5,37,51182
Cppppp,136,592,221,9.9,33,63474
Cppppp,137,596,221,10.0,33,63095
Cppppp,138,593,217,9.9,33,61204
Cppppp,139,590,214,9.9,33,59141
Cppppp,140,583,217,9.9,33,60117
Cppppp,141,579,221,9.4,35,55213
Cppppp,142,576,223,9.4,37,51478
Cppppp,143,567,228,9.2,37,58484
Cppppp,144,560,235,9.1,37,60168
Cppppp,145,557,235,9.1,37,60311
P3,13,598,197,15.4,52,-309
P3,14,606,180,13.7,55,442
P3,15,614,163,12.1,58,-809
P3,16,620,171,9.2,63,-443
P3,17,620,176,10.1,68,-779
P3,18,615,171,12.5,63,-127
P3,19,628,183,14.1,61,-689
P3,20,636,200,15.0,58,-339
P3,21,637,217,16.1,60,-219
P3,22,632,236,18.2,63,-897
P3,23,631,253,19.0,63,-281
P3,24,627,267,18.9,58,-431
P3,25,627,252,16.2,62,-554
P3,26,629,245,14.4,62,-242
P3,27,629,233,14.2,68,-310
P3,28,632,225,13.0,50,44
D,29,637,229,14.4,50,-436
D,30,642,233,15.7,50,-411
D,31,648,237,17.1,49,-900
D,32,659,232,17.1,50,-718
D,33,653,247,17.0,53,-107
D,34,650,240,17.0,57,-920
D,35,646,227,17.0,61,-1182
D,36,649,231,18.8,58,-506
D,37,651,231,16.7,60,-648
D,38,648,226,16.0,62,-40
D,39,647,234,14.9,62,160
D,40,642,238,12.1,64,-186
D,41,636,229,11.0,65,-1085
D,42,628,218,11.8,62,-361
D,43,632,223,10.1,63,-856
D,44,631,222,10.1,63,-429
D,45,623,226,10.2,63,-100
D,46,615,210,10.0,64,-753
D,47,607,191,10.1,60,-146
D,48,596,183,10.1,58,75
D,49,603,185,11.1,53,-310
Da,50,604,161,11.2,36,-824
Da,51,590,137,13.0,50,-227
Da,52,586,133,13.5,47,-796
Da,53,581,129,14.0,44,-140
Da,54,577,127,14.2,44,-491
Da,55,572,125,14.4,44,1320
Da,56,567,123,14.6,44,93
Da,57,562,121,14.8,44,897
Da,58,557,118,15.0,44,-501
Da,59,549,118,15.4,44,26
Da,60,541,117,15.8,44,563
Da,61,533,116,16.2,44,642
Da,62,525,115,16.6,44,898
Da,63,516,114,17.0,44,-149
Da,64,516,112,16.7,44,569
Da,65,516,109,16.3,44,2319
Da,66,515,107,16.0,44,1181
Da,67,515,104,15.7,44,1088
Da,68,515,102,15.3,44,2806
Da,69,514,99,15.0,44,5609
Da,70,514,100,15.6,44,5008
Da,71,514,101,16.2,44,5182
Da,72,513,103,16.8,44,3702
Da,73,513,104,17.4,44,3683
Da,74,512,106,18.0,44,6650
Da,75,512,108,17.4,47,5608
Da,76,512,111,16.8,43,11557
Da,77,513,114,16.3,40,13656
Da,78,513,117,15.7,36,12667
Da,79,514,120,15.1,32,8658
Da,80,510,114,15.0,30,11284
Da,81,520,117,14.9,30,26864
Daa,82,489,116,13.1,30,17441
Daa,83,488,115,12.0,30,23224
Daa,84,486,116,10.1,34,21173
Daa,85,481,119,10.0,37,19592
Daa,86,475,122,10.0,41,22787
Daa,87,469,126,9.9,45,14927
Daa,88,472,130,8.9,46,21324
Daa,89,462,136,9.0,46,17292
Daa,90,470,135,8.9,45,20172
Daa,91,476,135,9.0,44,23202
Daa,92,493,142,10.0,43,22624
Daa,93,493,146,10.0,39,23858
Daa,94,493,150,10.1,34,22361
Daa,95,493,155,10.1,29,21902
Daa,96,486,156,10.0,39,29839
Daa,97,481,159,9.9,38,31472
Daa,98,487,165,9.9,37,33953
Daa,99,486,165,9.0,37,35476
Daa,100,490,167,8.9,37,34927
Daa,101,492,167,7.6,41,40639
Daa,102,492,167,7.6,41,30818
Daa,103,491,178,8.0,29,33363
Daa,104,492,186,8.0,41,44424
Daa,105,488,186,7.2,29,34690
Daa,106,485,184,7.1,29,34454
Daa,107,478,184,8.1,41,49333
Daa,108,467,181,9.1,29,34562
Daa,109,456,180,10.0,42,41644
Daa,110,441,183,11.0,42,46500
Daa,111,438,182,12.0,42,45106
Daa,112,440,177,11.1,42,48500
Daa,113,437,176,11.1,42,51468
Daa,114,436,176,10.1,42,47890
Daa,115,439,173,12.0,38,54327
Daa,116,436,178,12.0,42,27310
Daaa,117,416,167,12.0,38,35633
Daaa,118,415,165,12.2,38,31926
Daaa,119,413,163,12.3,38,29896
Daaa,120,411,160,12.5,38,29488
Daaa,121,409,158,12.7,38,31404
Daaa,122,407,156,12.8,38,31717
Daaa,123,405,153,13.0,38,45207
Daaa,124,404,153,12.8,38,42284
Daaa,125,403,153,12.5,37,44919
Daaa,126,402,154,12.3,36,43876
Daaa,127,407,150,12.3,38,46272
Daaa,128,405,141,12.3,37,47949
Daaa,129,395,131,13.1,37,44591
Daaa,130,389,132,13.3,37,33001
Daaa,131,383,134,13.5,37,26590
Daaa,132,377,135,13.6,37,33802
Daaa,133,371,137,13.8,37,36140
Daaa,134,364,139,14.0,38,36939
Daaa,135,362,138,15.3,37,40816
Daaa,136,362,138,15.3,37,35971
Daaa,137,354,140,14.4,37,43216
Daaa,138,352,139,15.1,37,40569
Daaa,139,352,142,15.1,37,44219
Daaa,140,348,141,15.3,37,47265
Daaa,141,349,145,16.0,37,40419
Daaa,142,348,140,15.2,37,48088
Daaa,143,345,142,15.2,37,37710
Daaa,144,349,143,15.2,37,39847
Daaa,145,346,141,16.1,37,43559
Daap,117,468,190,10.1,29,47938
Daap,118,471,186,10.0,38,32774
Daap,119,474,187,9.9,38,36225
Daap,120,471,182,10.0,37,40062
Daap,121,464,181,10.3,39,38687
Daap,122,457,183,11.1,41,30887
Daap,123,454,184,10.2,38,37173
Daap,124,450,183,10.1,37,39597
Daap,125,445,185,11.1,38,37734
Daap,126,447,182,10.4,38,39743
Daap,127,449,180,10.4,38,38920
Daap,128,445,179,11.0,37,45399
Daap,129,441,171,10.4,37,41704
Daap,130,431,169,10.1,37,43649
Daap,131,422,161,10.3,37,43544
Daap,132,411,152,11.1,37,46641
Daap,133,405,150,11.2,37,47799
Daap,134,402,153,11.2,37,50497
Daap,135,401,151,12.0,37,45428
Daap,136,391,156,11.3,37,49394
Daap,137,393,155,11.3,37,46720
Daap,138,390,156,12.4,37,46131
Daap,139,387,159,12.2,37,44516
Daap,140,385,154,12.3,37,47566
Daap,141,386,153,13.1,37,46003
Daap,142,384,151,13.1,37,41615
Daap,143,382,150,13.2,37,48057
Daap,144,385,151,14.0,37,42588
Daap,145,385,149,13.2,37,43534
Dap,82,539,119,14.5,30,15025
Dap,83,559,122,14.1,30,21117
Dap,84,566,118,13.0,30,21382
Dap,85,573,117,13.1,32,21076
Dap,86,572,118,12.1,34,20538
Dap,87,573,120,12.0,34,22227
Dap,88,570,124,12.1,34,20531
Dap,89,573,128,11.1,34,25254
Dap,90,580,133,11.0,45,21336
Dap,91,581,139,11.0,44,25540
Dap,92,592,147,10.1,43,26792
Dap,93,593,147,10.2,42,27846
Dap,94,587,151,10.1,42,29635
Dap,95,581,152,8.1,29,22657
Dap,96,566,154,9.1,39,29604
Dap,97,563,164,9.0,38,35696
Dap,98,570,175,8.0,39,36229
Dap,99,567,177,8.1,39,37593
Dap,100,566,182,9.0,37,32288
Dap,101,566,184,8.2,39,36254
Dap,102,557,185,9.1,39,40965
Dap,103,558,185,10.0,41,40403
Dap,104,557,187,11.0,41,40394
Dap,105,550,192,11.1,41,41563
Dap,106,547,197,11.0,41,41727
Dap,107,537,195,11.0,41,44691
Dap,108,525,193,12.1,42,38102
Dap,109,516,194,14.0,38,37673
Dap,110,516,194,14.0,38,32924
Dap,111,496,182,13.0,38,40636
Dapa,112,470,179,14.0,27,31958
Dapa,113,458,175,14.0,38,23426
Dapa,114,464,170,15.0,38,25724
Dapa,115,460,167,15.3,29,29709
Dapa,116,461,168,16.0,29,34849
Dapa,117,458,161,16.0,38,22450
Dapa,118,446,165,15.1,29,24076
Dapa,119,451,158,15.9,38,22186
Dapa,120,447,148,16.0,39,24541
Dapa,121,438,156,15.9,37,28473
Dapa,122,438,150,16.1,41,28778
Dapa,123,435,150,16.0,40,29817
Dapa,124,434,146,15.2,29,35324
Dapa,125,433,150,16.1,38,32360
Dapa,126,437,149,16.1,38,38653
Dapa,127,443,142,16.1,38,40321
Dapa,128,436,143,16.1,37,38319
Dapa,129,437,139,15.3,37,32177
Dapa,130,427,132,15.1,37,41131
Dapa,131,420,133,14.4,37,40154
Dapa,132,420,130,15.1,37,40987
Dapa,133,415,128,15.2,37,38675
Dapa,134,407,134,16.0,37,40084
Dapa,135,409,131,16.0,37,41222
Dapa,136,401,134,15.1,37,43981
Dapa,137,404,129,15.2,37,42866
Dapa,138,401,133,15.2,37,46623
Dapa,139,404,133,15.1,37,44280
Dapa,140,399,132,15.2,37,48622
Dapa,141,405,132,15.2,37,52297
Dapa,142,403,134,15.2,37,45482
Dapa,143,400,134,16.0,37,52224
Dapa,144,404,139,16.1,37,51018
Dapa,145,403,135,16.2,37,49175
Dapp,112,524,179,11.9,38,28241
Dapp,113,520,176,11.1,38,31694
Dapp,114,523,174,11.4,42,28345
Dapp,115,525,170,12.0,29,30501
Dapp,116,529,179,13.1,29,21960
Dapp,117,521,171,14.0,38,33698
Dapp,118,515,175,13.2,40,25615
Dapp,119,520,185,13.1,40,28037
Dapp,120,516,181,13.2,39,33629
Dapp,121,511,185,13.1,41,29792
Dapp,122,502,191,14.1,41,31504
Dapp,123,498,187,13.2,40,32401
Dapp,124,491,189,13.3,39,30860
Dapp,125,488,188,14.1,38,31291
Dapp,126,482,181,14.2,38,30226
Dapp,127,484,180,14.2,38,30943
Dapp,128,478,176,14.1,37,36747
Dapp,129,474,172,14.2,37,31652
Dapp,130,466,169,14.0,37,34713
Dapp,131,464,167,14.0,37,31155
Dapp,132,457,163,14.0,37,31783
Dapp,133,449,157,14.0,37,33579
Dapp,134,449,162,13.2,37,35344
Dapp,135,441,166,14.1,37,39300
Dapp,136,434,165,14.1,37,41715
Dapp,137,431,160,15.1,37,34179
Dapp,138,428,161,17.1,37,37942
Dapp,139,427,158,17.0,37,32129
Dapp,140,423,154,17.1,37,34190
Dapp,141,425,153,16.2,37,21542
Dapp,142,431,152,18.1,37,25677
Dapp,143,431,156,18.1,37,27170
Dapp,144,437,158,18.2,37,26064
Dapp,145,438,157,19.2,37,29234
Dp,50,597,207,9.0,38,394
Dp,51,600,207,8.8,38,-640
Dp,52,603,208,8.5,38,-429
Dp,53,606,208,8.3,38,-87
Dp,54,609,209,8.0,38,-86
Dp,55,609,209,8.0,38,-914
Dp,56,609,209,8.0,38,331
Dp,57,609,209,8.0,38,-203
Dp,58,609,208,8.0,38,185
Dp,59,606,207,8.0,38,422
Dp,60,602,205,8.0,38,259
Dp,61,599,203,8.0,38,475
Dp,62,595,202,8.0,38,531
Dp,63,592,200,8.0,38,1556
Dp,64,588,198,8.0,38,3778
Dp,65,588,196,8.2,38,1270
Dp,66,588,194,8.3,38,4042
Dp,67,587,192,8.5,38,723
Dp,68,587,190,8.7,38,2588
Dp,69,587,188,8.8,38,5125
Dp,70,586,185,9.0,38,6080
Dp,71,584,184,8.8,38,7157
Dp,72,581,183,8.7,38,7514
Dp,73,578,182,8.5,37,5797
Dp,74,575,181,8.3,37,9573
Dp,75,572,180,8.2,37,12756
Dp,76,569,178,8.0,36,13829
Dp,77,571,184,8.2,36,13828
Dp,78,574,190,8.4,36,14926
Dp,79,577,196,8.6,36,8932
Dp,80,580,202,8.8,36,15474
Dp,81,583,208,9.0,36,20610
Dp,82,576,215,9.0,38,24382
Dpa,83,564,230,7.5,38,3132
Dpa,84,551,246,6.0,38,18906
Dpa,85,550,248,6.0,38,13699
Dpa,86,549,250,6.0,38,14845
Dpa,87,548,253,6.0,38,17415
Dpa,88,547,255,6.0,38,23883
Dpa,89,546,257,6.0,38,28881
Dpa,90,544,260,6.0,38,29533
Dpa,91,539,265,6.0,38,29575
Dpa,92,534,271,6.0,38,29225
Dpa,93,529,276,6.0,38,33404
Dpa,94,524,282,6.0,38,31902
Dpa,95,520,284,6.4,38,19354
Dpa,96,515,286,6.8,38,22345
Dpa,97,510,288,7.2,38,29624
Dpa,98,505,290,7.6,38,36142
Dpa,99,500,293,8.0,38,40441
Dpa,100,496,297,10.0,27,29300
Dpa,101,492,288,9.0,27,35227
Dpa,102,489,288,9.0,27,25681
Dpa,103,485,288,9.0,27,28251
Dpa,104,482,288,9.0,27,30122
Dpa,105,478,289,9.0,27,40266
Dpa,106,478,289,9.0,27,26016
Dpa,107,476,305,10.1,37,46549
Dpa,108,470,303,10.9,38,40196
Dpa,109,470,303,10.9,38,30855
Dpa,110,461,302,10.0,42,49203
Dpa,111,450,308,10.0,42,43976
Dpa,112,443,311,9.2,42,48802
Dpa,113,438,320,9.2,42,39632
Dpa,114,438,320,9.2,42,52967
Dpa,115,427,321,10.1,42,54219
Dpa,116,433,315,10.2,40,48102
Dpa,117,436,323,11.1,42,49572
Dpa,118,431,321,13.0,38,43979
Dpaa,119,414,338,14.1,29,44001
Dpaa,120,401,352,13.1,37,23741
Dpaa,121,402,352,13.3,37,29273
Dpaa,122,403,352,13.5,37,29030
Dpaa,123,404,352,13.6,37,42446
Dpaa,124,399,352,12.8,37,33313
Dpaa,125,407,353,14.0,38,34270
Dpaa,126,409,354,13.0,38,43304
Dpaa,127,407,355,13.0,38,37908
Dpaa,128,404,357,13.0,38,39742
Dpaa,129,401,358,13.0,38,41164
Dpaa,130,398,360,13.0,38,43038
Dpaa,131,395,361,13.0,38,41024
Dpaa,132,392,363,13.0,37,38965
Dpaa,133,390,366,12.3,37,47086
Dpaa,134,387,366,12.2,37,43851
Dpaa,135,384,366,12.5,37,42105
Dpaa,136,381,366,12.9,37,43752
Dpaa,137,377,367,13.2,37,57732
Dpaa,138,371,369,13.3,37,47798
Dpaa,139,371,369,13.3,37,47068
Dpaa,140,365,372,13.3,37,46318
Dpaa,141,370,377,14.1,37,55814
Dpaa,142,369,374,14.1,37,51950
Dpaa,143,364,377,14.1,37,45796
Dpaa,144,366,377,14.3,37,43057
Dpaa,145,363,375,14.3,37,41961
Dpap,119,434,309,11.2,29,46557
Dpap,120,438,306,11.0,37,28758
Dpap,121,435,296,10.2,39,34428
Dpap,122,435,290,10.8,37,32507
Dpap,123,434,290,10.2,38,37045
Dpap,124,429,296,10.2,39,36268
Dpap,125,435,298,10.1,38,39053
Dpap,126,431,299,9.3,38,37576
Dpap,127,440,296,9.3,38,39389
Dpap,128,440,299,9.2,37,44125
Dpap,129,433,297,9.2,37,42101
Dpap,130,433,297,9.3,37,40034
Dpap,131,429,300,10.1,37,40747
Dpap,132,431,305,10.3,37,39065
Dpap,133,426,310,10.4,37,39570
Dpap,134,424,315,11.1,37,45295
Dpap,135,425,317,11.2,37,41534
Dpap,136,430,315,12.1,37,47474
Dpap,137,430,310,12.1,37,44009
Dpap,138,420,324,12.1,37,47427
Dpap,139,421,331,12.1,37,44232
Dpap,140,419,329,12.2,37,45049
Dpap,141,419,337,12.1,37,42689
Dpap,142,420,340,12.2,37,47034
Dpap,143,412,348,12.3,37,41993
Dpap,144,414,349,12.2,37,46134
Dpap,145,410,354,13.0,37,44545
Dpp,83,585,204,9.0,38,11035
Dpp,84,594,192,9.0,38,20545
Dpp,85,596,190,8.8,38,15718
Dpp,86,598,187,8.7,38,8360
Dpp,87,601,184,8.5,38,11330
Dpp,88,603,182,8.3,38,10893
Dpp,89,605,179,8.2,38,18903
Dpp,90,608,176,8.0,38,19700
Dpp,91,605,182,7.8,38,19098
Dpp,92,601,189,7.5,38,18114
Dpp,93,598,195,7.3,38,27042
Dpp,94,594,202,7.0,38,29177
Dpp,95,584,208,7.0,38,32126
Dpp,96,574,215,7.0,38,27611
Dpp,97,564,221,7.0,38,24172
Dpp,98,553,228,7.0,38,26398
Dpp,99,553,233,7.8,38,26086
Dpp,100,554,238,8.5,38,29343
Dpp,101,555,243,9.3,38,37219
Dpp,102,556,248,10.0,38,36169
Dpp,103,556,252,10.0,33,35051
Dpp,104,557,257,10.0,27,23933
Dpp,105,556,257,11.0,27,29646
Dpp,106,556,257,11.0,27,22085
Dpp,107,546,261,10.1,41,33796
Dpp,108,535,262,11.0,29,31478
Dpp,109,524,274,11.0,32,38817
Dpp,110,513,287,11.1,36,40134
Dpp,111,501,300,11.1,40,34202
Dpp,112,495,300,13.1,38,44900
Dpp,113,494,298,11.9,38,41555
Dppa,114,467,302,12.1,38,30593
Dppa,115,470,310,12.0,38,31501
Dppa,116,470,317,13.0,38,29677
Dppa,117,471,327,12.9,38,33064
Dppa,118,471,323,13.2,29,34979
Dppa,119,470,331,14.0,29,32278
Dppa,120,461,327,14.0,39,33110
Dppa,121,461,329,13.1,41,30805
Dppa,122,458,327,14.0,39,38519
Dppa,123,457,328,13.2,40,36011
Dppa,124,459,329,12.3,39,27843
Dppa,125,462,325,12.2,38,33374
Dppa,126,458,326,12.2,38,32850
Dppa,127,459,329,12.2,38,36568
Dppa,128,464,341,11.4,37,37821
Dppa,129,457,343,12.1,37,45497
Dppa,130,449,348,12.1,37,45696
Dppa,131,446,354,11.3,37,35895
Dppa,132,447,353,12.2,37,41817
Dppa,133,442,351,12.3,37,44465
Dppa,134,438,353,12.1,37,42663
Dppa,135,437,353,12.3,37,42071
Dppa,136,436,356,13.1,37,42036
Dppa,137,430,350,13.2,37,50350
Dppa,138,431,358,13.3,37,49858
Dppa,139,435,362,14.1,37,48838
Dppa,140,432,356,14.1,37,44807
Dppa,141,439,359,15.0,37,44378
Dppa,142,444,362,15.1,37,42014
Dppa,143,441,361,15.0,37,45032
Dppa,144,443,362,14.3,35,41430
Dppa,145,443,357,15.0,37,48119
Dppp,114,527,289,13.0,38,36786
Dppp,115,530,290,12.6,38,36106
Dppp,116,533,292,12.1,38,40693
Dppp,117,532,293,11.9,38,40331
Dppp,118,529,288,12.1,29,35197
Dppp,119,526,290,11.2,29,33052
Dppp,120,526,290,11.2,29,25105
Dppp,121,524,298,12.1,29,41034
Dppp,122,526,306,12.1,29,38843
Dppp,123,526,306,12.1,29,30330
Dppp,124,527,313,14.0,29,22276
Dppp,125,526,317,13.1,38,33067
Dppp,126,519,314,12.3,38,27389
Dppp,127,515,308,12.3,38,25661
Dppp,128,518,312,13.1,37,36424
Dppp,129,504,321,12.2,37,37090
Dppp,130,496,315,12.2,37,35629
Dppp,131,490,321,13.1,37,39136
Dppp,132,495,317,13.1,37,36734
Dppp,133,495,318,14.0,37,38550
Dppp,134,490,325,14.1,37,44107
Dppp,135,488,332,14.1,37,38001
Dppp,136,479,341,14.2,37,37605
Dppp,137,483,334,14.3,37,37046
Dppp,138,492,321,15.0,37,37978
Dppp,139,492,317,15.0,37,34429
Dppp,140,487,312,16.0,37,37205
Dppp,141,488,321,16.1,37,43193
Dppp,142,494,325,17.1,37,38550
Dppp,143,488,328,17.1,37,40644
Dppp,144,486,332,17.1,37,35006
Dppp,145,483,326,17.1,37,34513
P4,29,627,210,11.7,50,-1361
P4,30,621,194,10.4,50,-504
P4,31,615,178,9.1,49,-669
P4,32,609,168,8.0,50,-303
P4,33,604,161,8.1,51,-388
P4,34,604,160,8.3,55,-655
P4,35,600,164,8.1,53,-991
P4,36,607,170,7.1,40,-166
P4,37,607,170,7.1,40,66
P4,38,599,172,7.1,43,-1067
P4,39,599,172,7.1,43,803
P4,40,587,165,7.5,54,245
P4,41,572,152,8.1,55,-620
P4,42,565,152,7.9,52,206
P4,43,558,152,7.7,49,-828
P4,44,550,151,7.6,46,-505
P4,45,543,151,7.4,43,-43
P4,46,535,150,7.2,40,-519
P4,47,522,144,8.1,54,44
P4,48,521,144,8.9,52,54
P4,49,519,141,8.1,53,-495
P4,50,517,158,8.3,53,-452
P4,51,528,168,8.1,52,855
